region_name,date,value
Alachua County,2020-01-01,0.0
Baker County,2020-01-01,0.0
Bay County,2020-01-01,0.0
Bradford County,2020-01-01,0.0
Brevard County,2020-01-01,0.0
Broward County,2020-01-01,0.0
Calhoun County,2020-01-01,0.0
Charlotte County,2020-01-01,0.0
Citrus County,2020-01-01,0.0
Clay County,2020-01-01,0.0
Collier County,2020-01-01,0.0
Columbia County,2020-01-01,0.0
DeSoto County,2020-01-01,0.0
Dixie County,2020-01-01,0.0
Duval County,2020-01-01,0.0
Escambia County,2020-01-01,0.0
Flagler County,2020-01-01,0.0
Franklin County,2020-01-01,0.0
Gadsden County,2020-01-01,0.0
Gilchrist County,2020-01-01,0.0
Glades County,2020-01-01,0.0
Gulf County,2020-01-01,0.0
Hamilton County,2020-01-01,0.0
Hardee County,2020-01-01,0.0
Hendry County,2020-01-01,0.0
Hernando County,2020-01-01,0.0
Highlands County,2020-01-01,0.0
Hillsborough County,2020-01-01,0.01
Holmes County,2020-01-01,0.0
Indian River County,2020-01-01,0.0
Jackson County,2020-01-01,0.0
Jefferson County,2020-01-01,0.0
Lafayette County,2020-01-01,0.0
Lake County,2020-01-01,0.0
Lee County,2020-01-01,0.0
Leon County,2020-01-01,0.0
Levy County,2020-01-01,0.0
Liberty County,2020-01-01,0.0
Madison County,2020-01-01,0.0
Manatee County,2020-01-01,0.0
Marion County,2020-01-01,0.0
Martin County,2020-01-01,0.0
Miami-Dade County,2020-01-01,0.0
Monroe County,2020-01-01,0.0
Nassau County,2020-01-01,0.0
Okaloosa County,2020-01-01,0.0
Okeechobee County,2020-01-01,0.0
Orange County,2020-01-01,0.0
Osceola County,2020-01-01,0.0
Palm Beach County,2020-01-01,0.0
Pasco County,2020-01-01,0.01
Pinellas County,2020-01-01,0.0
Polk County,2020-01-01,0.0
Putnam County,2020-01-01,0.0
St. Johns County,2020-01-01,0.0
St. Lucie County,2020-01-01,0.0
Santa Rosa County,2020-01-01,0.0
Sarasota County,2020-01-01,0.0
Seminole County,2020-01-01,0.0
Sumter County,2020-01-01,0.0
Suwannee County,2020-01-01,0.0
Taylor County,2020-01-01,0.0
Union County,2020-01-01,0.0
Volusia County,2020-01-01,0.0
Wakulla County,2020-01-01,0.0
Walton County,2020-01-01,0.0
Washington County,2020-01-01,0.0
Alachua County,2020-01-02,0.0
Baker County,2020-01-02,0.0
Bay County,2020-01-02,0.0
Bradford County,2020-01-02,0.0
Brevard County,2020-01-02,0.0
Broward County,2020-01-02,0.0
Calhoun County,2020-01-02,0.0
Charlotte County,2020-01-02,0.0
Citrus County,2020-01-02,0.0
Clay County,2020-01-02,0.0
Collier County,2020-01-02,0.0
Columbia County,2020-01-02,0.0
DeSoto County,2020-01-02,0.0
Dixie County,2020-01-02,0.0
Duval County,2020-01-02,0.0
Escambia County,2020-01-02,0.24
Flagler County,2020-01-02,0.0
Franklin County,2020-01-02,0.0
Gadsden County,2020-01-02,0.0
Gilchrist County,2020-01-02,0.0
Glades County,2020-01-02,0.0
Gulf County,2020-01-02,0.0
Hamilton County,2020-01-02,0.0
Hardee County,2020-01-02,0.0
Hendry County,2020-01-02,0.0
Hernando County,2020-01-02,0.0
Highlands County,2020-01-02,0.0
Hillsborough County,2020-01-02,0.0
Holmes County,2020-01-02,0.0
Indian River County,2020-01-02,0.0
Jackson County,2020-01-02,0.0
Jefferson County,2020-01-02,0.0
Lafayette County,2020-01-02,0.0
Lake County,2020-01-02,0.0
Lee County,2020-01-02,0.0
Leon County,2020-01-02,0.0
Levy County,2020-01-02,0.0
Liberty County,2020-01-02,0.0
Madison County,2020-01-02,0.0
Manatee County,2020-01-02,0.0
Marion County,2020-01-02,0.0
Martin County,2020-01-02,0.0
Miami-Dade County,2020-01-02,0.0
Monroe County,2020-01-02,0.0
Nassau County,2020-01-02,0.0
Okaloosa County,2020-01-02,0.0
Okeechobee County,2020-01-02,0.0
Orange County,2020-01-02,0.0
Osceola County,2020-01-02,0.0
Palm Beach County,2020-01-02,0.0
Pasco County,2020-01-02,0.0
Pinellas County,2020-01-02,0.0
Polk County,2020-01-02,0.0
Putnam County,2020-01-02,0.0
St. Johns County,2020-01-02,0.0
St. Lucie County,2020-01-02,0.0
Santa Rosa County,2020-01-02,0.0
Sarasota County,2020-01-02,0.0
Seminole County,2020-01-02,0.0
Sumter County,2020-01-02,0.0
Suwannee County,2020-01-02,0.0
Taylor County,2020-01-02,0.0
Union County,2020-01-02,0.0
Volusia County,2020-01-02,0.0
Wakulla County,2020-01-02,0.0
Walton County,2020-01-02,0.0
Washington County,2020-01-02,0.0
Alachua County,2020-01-03,0.0
Baker County,2020-01-03,0.0
Bay County,2020-01-03,1.4
Bradford County,2020-01-03,0.0
Brevard County,2020-01-03,0.0
Broward County,2020-01-03,0.0
Calhoun County,2020-01-03,0.95
Charlotte County,2020-01-03,0.0
Citrus County,2020-01-03,0.0
Clay County,2020-01-03,0.0
Collier County,2020-01-03,0.0
Columbia County,2020-01-03,0.0
DeSoto County,2020-01-03,0.0
Dixie County,2020-01-03,0.0
Duval County,2020-01-03,0.0
Escambia County,2020-01-03,18.23
Flagler County,2020-01-03,0.0
Franklin County,2020-01-03,0.6
Gadsden County,2020-01-03,1.18
Gilchrist County,2020-01-03,0.0
Glades County,2020-01-03,0.01
Gulf County,2020-01-03,0.87
Hamilton County,2020-01-03,0.0
Hardee County,2020-01-03,0.0
Hendry County,2020-01-03,0.02
Hernando County,2020-01-03,0.0
Highlands County,2020-01-03,0.0
Hillsborough County,2020-01-03,0.0
Holmes County,2020-01-03,1.77
Indian River County,2020-01-03,0.0
Jackson County,2020-01-03,1.21
Jefferson County,2020-01-03,0.0
Lafayette County,2020-01-03,0.0
Lake County,2020-01-03,0.0
Lee County,2020-01-03,0.0
Leon County,2020-01-03,0.06
Levy County,2020-01-03,0.0
Liberty County,2020-01-03,0.79
Madison County,2020-01-03,0.0
Manatee County,2020-01-03,0.0
Marion County,2020-01-03,0.0
Martin County,2020-01-03,0.0
Miami-Dade County,2020-01-03,0.0
Monroe County,2020-01-03,0.0
Nassau County,2020-01-03,0.0
Okaloosa County,2020-01-03,7.66
Okeechobee County,2020-01-03,0.0
Orange County,2020-01-03,0.0
Osceola County,2020-01-03,0.0
Palm Beach County,2020-01-03,0.0
Pasco County,2020-01-03,0.0
Pinellas County,2020-01-03,0.0
Polk County,2020-01-03,0.0
Putnam County,2020-01-03,0.0
St. Johns County,2020-01-03,0.0
St. Lucie County,2020-01-03,0.0
Santa Rosa County,2020-01-03,13.39
Sarasota County,2020-01-03,0.0
Seminole County,2020-01-03,0.0
Sumter County,2020-01-03,0.0
Suwannee County,2020-01-03,0.0
Taylor County,2020-01-03,0.0
Union County,2020-01-03,0.0
Volusia County,2020-01-03,0.0
Wakulla County,2020-01-03,0.14
Walton County,2020-01-03,3.59
Washington County,2020-01-03,1.46
Alachua County,2020-01-04,2.48
Baker County,2020-01-04,5.2
Bay County,2020-01-04,21.39
Bradford County,2020-01-04,1.93
Brevard County,2020-01-04,0.0
Broward County,2020-01-04,0.0
Calhoun County,2020-01-04,19.02
Charlotte County,2020-01-04,0.0
Citrus County,2020-01-04,0.1
Clay County,2020-01-04,0.11
Collier County,2020-01-04,0.0
Columbia County,2020-01-04,9.72
DeSoto County,2020-01-04,0.0
Dixie County,2020-01-04,15.02
Duval County,2020-01-04,0.52
Escambia County,2020-01-04,21.54
Flagler County,2020-01-04,0.0
Franklin County,2020-01-04,14.17
Gadsden County,2020-01-04,13.37
Gilchrist County,2020-01-04,10.97
Glades County,2020-01-04,0.0
Gulf County,2020-01-04,15.48
Hamilton County,2020-01-04,16.38
Hardee County,2020-01-04,0.0
Hendry County,2020-01-04,0.01
Hernando County,2020-01-04,0.0
Highlands County,2020-01-04,0.0
Hillsborough County,2020-01-04,0.0
Holmes County,2020-01-04,24.76
Indian River County,2020-01-04,0.0
Jackson County,2020-01-04,22.93
Jefferson County,2020-01-04,19.68
Lafayette County,2020-01-04,19.18
Lake County,2020-01-04,0.0
Lee County,2020-01-04,0.0
Leon County,2020-01-04,13.65
Levy County,2020-01-04,5.41
Liberty County,2020-01-04,14.89
Madison County,2020-01-04,21.7
Manatee County,2020-01-04,0.0
Marion County,2020-01-04,0.0
Martin County,2020-01-04,0.0
Miami-Dade County,2020-01-04,0.0
Monroe County,2020-01-04,0.0
Nassau County,2020-01-04,2.51
Okaloosa County,2020-01-04,26.42
Okeechobee County,2020-01-04,0.05
Orange County,2020-01-04,0.0
Osceola County,2020-01-04,0.01
Palm Beach County,2020-01-04,0.0
Pasco County,2020-01-04,0.0
Pinellas County,2020-01-04,0.0
Polk County,2020-01-04,0.0
Putnam County,2020-01-04,0.0
St. Johns County,2020-01-04,0.0
St. Lucie County,2020-01-04,0.0
Santa Rosa County,2020-01-04,24.79
Sarasota County,2020-01-04,0.82
Seminole County,2020-01-04,0.0
Sumter County,2020-01-04,0.0
Suwannee County,2020-01-04,16.63
Taylor County,2020-01-04,20.7
Union County,2020-01-04,4.74
Volusia County,2020-01-04,0.0
Wakulla County,2020-01-04,12.78
Walton County,2020-01-04,26.69
Washington County,2020-01-04,23.6
Alachua County,2020-01-05,11.87
Baker County,2020-01-05,4.83
Bay County,2020-01-05,0.0
Bradford County,2020-01-05,11.04
Brevard County,2020-01-05,10.96
Broward County,2020-01-05,4.67
Calhoun County,2020-01-05,0.0
Charlotte County,2020-01-05,8.36
Citrus County,2020-01-05,10.71
Clay County,2020-01-05,9.14
Collier County,2020-01-05,5.94
Columbia County,2020-01-05,4.38
DeSoto County,2020-01-05,11.33
Dixie County,2020-01-05,2.35
Duval County,2020-01-05,4.58
Escambia County,2020-01-05,0.0
Flagler County,2020-01-05,8.45
Franklin County,2020-01-05,0.0
Gadsden County,2020-01-05,0.0
Gilchrist County,2020-01-05,5.04
Glades County,2020-01-05,4.76
Gulf County,2020-01-05,0.0
Hamilton County,2020-01-05,1.36
Hardee County,2020-01-05,17.1
Hendry County,2020-01-05,7.43
Hernando County,2020-01-05,19.27
Highlands County,2020-01-05,8.07
Hillsborough County,2020-01-05,22.0
Holmes County,2020-01-05,0.0
Indian River County,2020-01-05,5.45
Jackson County,2020-01-05,0.0
Jefferson County,2020-01-05,0.0
Lafayette County,2020-01-05,1.42
Lake County,2020-01-05,13.02
Lee County,2020-01-05,6.53
Leon County,2020-01-05,0.0
Levy County,2020-01-05,6.02
Liberty County,2020-01-05,0.0
Madison County,2020-01-05,0.11
Manatee County,2020-01-05,18.8
Marion County,2020-01-05,8.65
Martin County,2020-01-05,2.1
Miami-Dade County,2020-01-05,1.99
Monroe County,2020-01-05,2.24
Nassau County,2020-01-05,3.21
Okaloosa County,2020-01-05,0.0
Okeechobee County,2020-01-05,5.11
Orange County,2020-01-05,15.33
Osceola County,2020-01-05,11.99
Palm Beach County,2020-01-05,4.23
Pasco County,2020-01-05,23.14
Pinellas County,2020-01-05,23.42
Polk County,2020-01-05,15.43
Putnam County,2020-01-05,10.71
St. Johns County,2020-01-05,7.36
St. Lucie County,2020-01-05,2.58
Santa Rosa County,2020-01-05,0.0
Sarasota County,2020-01-05,12.88
Seminole County,2020-01-05,13.59
Sumter County,2020-01-05,12.91
Suwannee County,2020-01-05,1.89
Taylor County,2020-01-05,0.38
Union County,2020-01-05,8.04
Volusia County,2020-01-05,9.3
Wakulla County,2020-01-05,0.0
Walton County,2020-01-05,0.0
Washington County,2020-01-05,0.0
Alachua County,2020-01-06,0.0
Baker County,2020-01-06,0.0
Bay County,2020-01-06,0.0
Bradford County,2020-01-06,0.0
Brevard County,2020-01-06,0.0
Broward County,2020-01-06,0.0
Calhoun County,2020-01-06,0.0
Charlotte County,2020-01-06,0.0
Citrus County,2020-01-06,0.0
Clay County,2020-01-06,0.0
Collier County,2020-01-06,0.0
Columbia County,2020-01-06,0.0
DeSoto County,2020-01-06,0.0
Dixie County,2020-01-06,0.0
Duval County,2020-01-06,0.0
Escambia County,2020-01-06,0.0
Flagler County,2020-01-06,0.0
Franklin County,2020-01-06,0.0
Gadsden County,2020-01-06,0.22
Gilchrist County,2020-01-06,0.0
Glades County,2020-01-06,0.0
Gulf County,2020-01-06,0.0
Hamilton County,2020-01-06,0.0
Hardee County,2020-01-06,0.0
Hendry County,2020-01-06,0.0
Hernando County,2020-01-06,0.0
Highlands County,2020-01-06,0.0
Hillsborough County,2020-01-06,0.0
Holmes County,2020-01-06,0.0
Indian River County,2020-01-06,0.0
Jackson County,2020-01-06,0.0
Jefferson County,2020-01-06,0.0
Lafayette County,2020-01-06,0.0
Lake County,2020-01-06,0.0
Lee County,2020-01-06,0.0
Leon County,2020-01-06,0.0
Levy County,2020-01-06,0.0
Liberty County,2020-01-06,0.0
Madison County,2020-01-06,0.0
Manatee County,2020-01-06,0.0
Marion County,2020-01-06,0.0
Martin County,2020-01-06,0.0
Miami-Dade County,2020-01-06,0.0
Monroe County,2020-01-06,0.0
Nassau County,2020-01-06,0.0
Okaloosa County,2020-01-06,0.0
Okeechobee County,2020-01-06,0.0
Orange County,2020-01-06,0.0
Osceola County,2020-01-06,0.0
Palm Beach County,2020-01-06,0.0
Pasco County,2020-01-06,0.01
Pinellas County,2020-01-06,0.0
Polk County,2020-01-06,0.0
Putnam County,2020-01-06,0.0
St. Johns County,2020-01-06,0.0
St. Lucie County,2020-01-06,0.0
Santa Rosa County,2020-01-06,0.0
Sarasota County,2020-01-06,0.0
Seminole County,2020-01-06,0.0
Sumter County,2020-01-06,0.0
Suwannee County,2020-01-06,0.0
Taylor County,2020-01-06,0.0
Union County,2020-01-06,0.0
Volusia County,2020-01-06,0.0
Wakulla County,2020-01-06,0.0
Walton County,2020-01-06,0.0
Washington County,2020-01-06,0.0
Alachua County,2020-01-07,0.0
Baker County,2020-01-07,0.0
Bay County,2020-01-07,0.0
Bradford County,2020-01-07,0.0
Brevard County,2020-01-07,0.0
Broward County,2020-01-07,0.0
Calhoun County,2020-01-07,0.0
Charlotte County,2020-01-07,0.0
Citrus County,2020-01-07,0.0
Clay County,2020-01-07,0.0
Collier County,2020-01-07,0.0
Columbia County,2020-01-07,0.0
DeSoto County,2020-01-07,0.0
Dixie County,2020-01-07,0.0
Duval County,2020-01-07,0.0
Escambia County,2020-01-07,0.0
Flagler County,2020-01-07,0.0
Franklin County,2020-01-07,0.0
Gadsden County,2020-01-07,0.0
Gilchrist County,2020-01-07,0.0
Glades County,2020-01-07,0.0
Gulf County,2020-01-07,0.0
Hamilton County,2020-01-07,0.0
Hardee County,2020-01-07,0.0
Hendry County,2020-01-07,0.0
Hernando County,2020-01-07,0.0
Highlands County,2020-01-07,0.01
Hillsborough County,2020-01-07,0.0
Holmes County,2020-01-07,0.0
Indian River County,2020-01-07,0.0
Jackson County,2020-01-07,0.0
Jefferson County,2020-01-07,0.0
Lafayette County,2020-01-07,0.0
Lake County,2020-01-07,0.0
Lee County,2020-01-07,0.0
Leon County,2020-01-07,0.0
Levy County,2020-01-07,0.0
Liberty County,2020-01-07,0.0
Madison County,2020-01-07,0.0
Manatee County,2020-01-07,0.0
Marion County,2020-01-07,0.0
Martin County,2020-01-07,0.0
Miami-Dade County,2020-01-07,0.0
Monroe County,2020-01-07,0.0
Nassau County,2020-01-07,0.0
Okaloosa County,2020-01-07,0.0
Okeechobee County,2020-01-07,0.0
Orange County,2020-01-07,0.0
Osceola County,2020-01-07,0.0
Palm Beach County,2020-01-07,0.0
Pasco County,2020-01-07,0.0
Pinellas County,2020-01-07,0.0
Polk County,2020-01-07,0.0
Putnam County,2020-01-07,0.0
St. Johns County,2020-01-07,0.0
St. Lucie County,2020-01-07,0.0
Santa Rosa County,2020-01-07,0.0
Sarasota County,2020-01-07,0.0
Seminole County,2020-01-07,0.0
Sumter County,2020-01-07,0.0
Suwannee County,2020-01-07,0.0
Taylor County,2020-01-07,0.0
Union County,2020-01-07,0.0
Volusia County,2020-01-07,0.0
Wakulla County,2020-01-07,0.0
Walton County,2020-01-07,0.0
Washington County,2020-01-07,0.0
Alachua County,2020-01-08,0.0
Baker County,2020-01-08,0.0
Bay County,2020-01-08,0.0
Bradford County,2020-01-08,0.0
Brevard County,2020-01-08,0.0
Broward County,2020-01-08,0.0
Calhoun County,2020-01-08,0.0
Charlotte County,2020-01-08,0.0
Citrus County,2020-01-08,0.0
Clay County,2020-01-08,0.0
Collier County,2020-01-08,0.0
Columbia County,2020-01-08,0.0
DeSoto County,2020-01-08,0.0
Dixie County,2020-01-08,0.0
Duval County,2020-01-08,0.0
Escambia County,2020-01-08,0.0
Flagler County,2020-01-08,0.0
Franklin County,2020-01-08,0.0
Gadsden County,2020-01-08,0.0
Gilchrist County,2020-01-08,0.0
Glades County,2020-01-08,0.0
Gulf County,2020-01-08,0.0
Hamilton County,2020-01-08,0.0
Hardee County,2020-01-08,0.0
Hendry County,2020-01-08,0.0
Hernando County,2020-01-08,0.0
Highlands County,2020-01-08,0.0
Hillsborough County,2020-01-08,0.0
Holmes County,2020-01-08,0.0
Indian River County,2020-01-08,0.0
Jackson County,2020-01-08,0.0
Jefferson County,2020-01-08,0.0
Lafayette County,2020-01-08,0.0
Lake County,2020-01-08,0.0
Lee County,2020-01-08,0.0
Leon County,2020-01-08,0.0
Levy County,2020-01-08,0.0
Liberty County,2020-01-08,0.0
Madison County,2020-01-08,0.0
Manatee County,2020-01-08,0.0
Marion County,2020-01-08,0.0
Martin County,2020-01-08,0.0
Miami-Dade County,2020-01-08,0.0
Monroe County,2020-01-08,0.0
Nassau County,2020-01-08,0.0
Okaloosa County,2020-01-08,0.0
Okeechobee County,2020-01-08,0.0
Orange County,2020-01-08,0.0
Osceola County,2020-01-08,0.0
Palm Beach County,2020-01-08,0.0
Pasco County,2020-01-08,0.0
Pinellas County,2020-01-08,0.0
Polk County,2020-01-08,0.0
Putnam County,2020-01-08,0.0
St. Johns County,2020-01-08,0.0
St. Lucie County,2020-01-08,0.0
Santa Rosa County,2020-01-08,0.0
Sarasota County,2020-01-08,0.0
Seminole County,2020-01-08,0.0
Sumter County,2020-01-08,0.0
Suwannee County,2020-01-08,0.0
Taylor County,2020-01-08,0.0
Union County,2020-01-08,0.0
Volusia County,2020-01-08,0.0
Wakulla County,2020-01-08,0.0
Walton County,2020-01-08,0.0
Washington County,2020-01-08,0.0
Alachua County,2020-01-09,0.0
Baker County,2020-01-09,0.0
Bay County,2020-01-09,0.0
Bradford County,2020-01-09,0.0
Brevard County,2020-01-09,0.0
Broward County,2020-01-09,0.0
Calhoun County,2020-01-09,0.0
Charlotte County,2020-01-09,0.0
Citrus County,2020-01-09,0.0
Clay County,2020-01-09,0.0
Collier County,2020-01-09,0.0
Columbia County,2020-01-09,0.0
DeSoto County,2020-01-09,0.0
Dixie County,2020-01-09,0.0
Duval County,2020-01-09,0.0
Escambia County,2020-01-09,0.0
Flagler County,2020-01-09,0.0
Franklin County,2020-01-09,0.0
Gadsden County,2020-01-09,0.0
Gilchrist County,2020-01-09,0.0
Glades County,2020-01-09,0.0
Gulf County,2020-01-09,0.0
Hamilton County,2020-01-09,0.0
Hardee County,2020-01-09,0.0
Hendry County,2020-01-09,0.0
Hernando County,2020-01-09,0.0
Highlands County,2020-01-09,0.0
Hillsborough County,2020-01-09,0.0
Holmes County,2020-01-09,0.0
Indian River County,2020-01-09,0.0
Jackson County,2020-01-09,0.0
Jefferson County,2020-01-09,0.0
Lafayette County,2020-01-09,0.0
Lake County,2020-01-09,0.0
Lee County,2020-01-09,0.0
Leon County,2020-01-09,0.0
Levy County,2020-01-09,0.0
Liberty County,2020-01-09,0.0
Madison County,2020-01-09,0.0
Manatee County,2020-01-09,0.0
Marion County,2020-01-09,0.0
Martin County,2020-01-09,0.0
Miami-Dade County,2020-01-09,0.0
Monroe County,2020-01-09,0.0
Nassau County,2020-01-09,0.0
Okaloosa County,2020-01-09,0.0
Okeechobee County,2020-01-09,0.0
Orange County,2020-01-09,0.0
Osceola County,2020-01-09,0.0
Palm Beach County,2020-01-09,0.0
Pasco County,2020-01-09,0.0
Pinellas County,2020-01-09,0.0
Polk County,2020-01-09,0.0
Putnam County,2020-01-09,0.0
St. Johns County,2020-01-09,0.0
St. Lucie County,2020-01-09,0.0
Santa Rosa County,2020-01-09,0.0
Sarasota County,2020-01-09,0.0
Seminole County,2020-01-09,0.0
Sumter County,2020-01-09,0.0
Suwannee County,2020-01-09,0.0
Taylor County,2020-01-09,0.0
Union County,2020-01-09,0.0
Volusia County,2020-01-09,0.0
Wakulla County,2020-01-09,0.0
Walton County,2020-01-09,0.0
Washington County,2020-01-09,0.0
Alachua County,2020-01-10,0.0
Baker County,2020-01-10,0.0
Bay County,2020-01-10,0.0
Bradford County,2020-01-10,0.0
Brevard County,2020-01-10,0.0
Broward County,2020-01-10,0.0
Calhoun County,2020-01-10,0.0
Charlotte County,2020-01-10,0.0
Citrus County,2020-01-10,0.0
Clay County,2020-01-10,0.0
Collier County,2020-01-10,0.0
Columbia County,2020-01-10,0.0
DeSoto County,2020-01-10,0.0
Dixie County,2020-01-10,0.0
Duval County,2020-01-10,0.0
Escambia County,2020-01-10,0.0
Flagler County,2020-01-10,0.0
Franklin County,2020-01-10,0.0
Gadsden County,2020-01-10,0.0
Gilchrist County,2020-01-10,0.0
Glades County,2020-01-10,0.0
Gulf County,2020-01-10,0.0
Hamilton County,2020-01-10,0.0
Hardee County,2020-01-10,0.0
Hendry County,2020-01-10,0.0
Hernando County,2020-01-10,0.0
Highlands County,2020-01-10,0.0
Hillsborough County,2020-01-10,0.0
Holmes County,2020-01-10,0.0
Indian River County,2020-01-10,0.0
Jackson County,2020-01-10,0.0
Jefferson County,2020-01-10,0.0
Lafayette County,2020-01-10,0.0
Lake County,2020-01-10,0.0
Lee County,2020-01-10,0.0
Leon County,2020-01-10,0.0
Levy County,2020-01-10,0.0
Liberty County,2020-01-10,0.0
Madison County,2020-01-10,0.0
Manatee County,2020-01-10,0.0
Marion County,2020-01-10,0.0
Martin County,2020-01-10,0.0
Miami-Dade County,2020-01-10,0.0
Monroe County,2020-01-10,0.0
Nassau County,2020-01-10,0.0
Okaloosa County,2020-01-10,0.0
Okeechobee County,2020-01-10,0.0
Orange County,2020-01-10,0.0
Osceola County,2020-01-10,0.0
Palm Beach County,2020-01-10,0.02
Pasco County,2020-01-10,0.0
Pinellas County,2020-01-10,0.0
Polk County,2020-01-10,0.0
Putnam County,2020-01-10,0.0
St. Johns County,2020-01-10,0.0
St. Lucie County,2020-01-10,0.0
Santa Rosa County,2020-01-10,0.0
Sarasota County,2020-01-10,0.0
Seminole County,2020-01-10,0.0
Sumter County,2020-01-10,0.0
Suwannee County,2020-01-10,0.0
Taylor County,2020-01-10,0.0
Union County,2020-01-10,0.0
Volusia County,2020-01-10,0.0
Wakulla County,2020-01-10,0.0
Walton County,2020-01-10,0.0
Washington County,2020-01-10,0.0
Alachua County,2020-01-11,0.0
Baker County,2020-01-11,0.0
Bay County,2020-01-11,0.0
Bradford County,2020-01-11,0.0
Brevard County,2020-01-11,0.0
Broward County,2020-01-11,3.42
Calhoun County,2020-01-11,0.0
Charlotte County,2020-01-11,0.72
Citrus County,2020-01-11,0.0
Clay County,2020-01-11,0.0
Collier County,2020-01-11,2.56
Columbia County,2020-01-11,0.0
DeSoto County,2020-01-11,0.6
Dixie County,2020-01-11,0.0
Duval County,2020-01-11,0.0
Escambia County,2020-01-11,4.83
Flagler County,2020-01-11,0.04
Franklin County,2020-01-11,0.0
Gadsden County,2020-01-11,0.0
Gilchrist County,2020-01-11,0.0
Glades County,2020-01-11,1.68
Gulf County,2020-01-11,0.0
Hamilton County,2020-01-11,0.18
Hardee County,2020-01-11,0.0
Hendry County,2020-01-11,3.41
Hernando County,2020-01-11,0.0
Highlands County,2020-01-11,0.63
Hillsborough County,2020-01-11,0.0
Holmes County,2020-01-11,0.0
Indian River County,2020-01-11,0.55
Jackson County,2020-01-11,0.0
Jefferson County,2020-01-11,0.14
Lafayette County,2020-01-11,0.0
Lake County,2020-01-11,0.0
Lee County,2020-01-11,1.07
Leon County,2020-01-11,0.0
Levy County,2020-01-11,0.0
Liberty County,2020-01-11,0.0
Madison County,2020-01-11,0.0
Manatee County,2020-01-11,0.0
Marion County,2020-01-11,0.0
Martin County,2020-01-11,2.43
Miami-Dade County,2020-01-11,2.67
Monroe County,2020-01-11,4.15
Nassau County,2020-01-11,0.0
Okaloosa County,2020-01-11,0.8
Okeechobee County,2020-01-11,1.22
Orange County,2020-01-11,0.0
Osceola County,2020-01-11,0.0
Palm Beach County,2020-01-11,3.54
Pasco County,2020-01-11,0.0
Pinellas County,2020-01-11,0.0
Polk County,2020-01-11,0.0
Putnam County,2020-01-11,0.0
St. Johns County,2020-01-11,0.0
St. Lucie County,2020-01-11,1.99
Santa Rosa County,2020-01-11,3.15
Sarasota County,2020-01-11,0.0
Seminole County,2020-01-11,0.0
Sumter County,2020-01-11,0.0
Suwannee County,2020-01-11,0.0
Taylor County,2020-01-11,0.0
Union County,2020-01-11,0.0
Volusia County,2020-01-11,0.04
Wakulla County,2020-01-11,0.0
Walton County,2020-01-11,0.0
Washington County,2020-01-11,0.0
Alachua County,2020-01-12,0.0
Baker County,2020-01-12,0.0
Bay County,2020-01-12,21.15
Bradford County,2020-01-12,0.0
Brevard County,2020-01-12,0.0
Broward County,2020-01-12,0.21
Calhoun County,2020-01-12,20.2
Charlotte County,2020-01-12,0.0
Citrus County,2020-01-12,0.0
Clay County,2020-01-12,0.0
Collier County,2020-01-12,0.16
Columbia County,2020-01-12,0.0
DeSoto County,2020-01-12,0.0
Dixie County,2020-01-12,0.47
Duval County,2020-01-12,0.0
Escambia County,2020-01-12,27.56
Flagler County,2020-01-12,0.0
Franklin County,2020-01-12,14.09
Gadsden County,2020-01-12,18.16
Gilchrist County,2020-01-12,0.0
Glades County,2020-01-12,0.0
Gulf County,2020-01-12,15.13
Hamilton County,2020-01-12,1.79
Hardee County,2020-01-12,0.0
Hendry County,2020-01-12,0.14
Hernando County,2020-01-12,0.0
Highlands County,2020-01-12,0.0
Hillsborough County,2020-01-12,0.03
Holmes County,2020-01-12,26.1
Indian River County,2020-01-12,0.33
Jackson County,2020-01-12,24.71
Jefferson County,2020-01-12,17.01
Lafayette County,2020-01-12,1.15
Lake County,2020-01-12,0.0
Lee County,2020-01-12,0.0
Leon County,2020-01-12,17.91
Levy County,2020-01-12,0.0
Liberty County,2020-01-12,16.47
Madison County,2020-01-12,9.99
Manatee County,2020-01-12,0.0
Marion County,2020-01-12,0.0
Martin County,2020-01-12,1.49
Miami-Dade County,2020-01-12,0.01
Monroe County,2020-01-12,0.0
Nassau County,2020-01-12,0.0
Okaloosa County,2020-01-12,27.59
Okeechobee County,2020-01-12,0.11
Orange County,2020-01-12,0.0
Osceola County,2020-01-12,0.0
Palm Beach County,2020-01-12,1.29
Pasco County,2020-01-12,0.05
Pinellas County,2020-01-12,0.0
Polk County,2020-01-12,0.0
Putnam County,2020-01-12,0.0
St. Johns County,2020-01-12,0.0
St. Lucie County,2020-01-12,1.29
Santa Rosa County,2020-01-12,29.41
Sarasota County,2020-01-12,0.0
Seminole County,2020-01-12,0.0
Sumter County,2020-01-12,0.0
Suwannee County,2020-01-12,0.19
Taylor County,2020-01-12,9.24
Union County,2020-01-12,0.0
Volusia County,2020-01-12,0.02
Wakulla County,2020-01-12,14.32
Walton County,2020-01-12,27.5
Washington County,2020-01-12,23.85
Alachua County,2020-01-13,0.0
Baker County,2020-01-13,0.0
Bay County,2020-01-13,0.37
Bradford County,2020-01-13,0.0
Brevard County,2020-01-13,0.08
Broward County,2020-01-13,3.0
Calhoun County,2020-01-13,0.43
Charlotte County,2020-01-13,0.0
Citrus County,2020-01-13,0.0
Clay County,2020-01-13,0.0
Collier County,2020-01-13,0.0
Columbia County,2020-01-13,0.0
DeSoto County,2020-01-13,0.0
Dixie County,2020-01-13,0.0
Duval County,2020-01-13,0.0
Escambia County,2020-01-13,2.63
Flagler County,2020-01-13,0.0
Franklin County,2020-01-13,0.0
Gadsden County,2020-01-13,1.07
Gilchrist County,2020-01-13,0.0
Glades County,2020-01-13,0.0
Gulf County,2020-01-13,0.0
Hamilton County,2020-01-13,0.0
Hardee County,2020-01-13,0.0
Hendry County,2020-01-13,0.0
Hernando County,2020-01-13,0.0
Highlands County,2020-01-13,0.0
Hillsborough County,2020-01-13,0.0
Holmes County,2020-01-13,2.31
Indian River County,2020-01-13,0.6
Jackson County,2020-01-13,1.91
Jefferson County,2020-01-13,0.0
Lafayette County,2020-01-13,0.0
Lake County,2020-01-13,0.0
Lee County,2020-01-13,0.0
Leon County,2020-01-13,0.28
Levy County,2020-01-13,0.0
Liberty County,2020-01-13,0.14
Madison County,2020-01-13,0.0
Manatee County,2020-01-13,0.0
Marion County,2020-01-13,0.0
Martin County,2020-01-13,2.31
Miami-Dade County,2020-01-13,1.02
Monroe County,2020-01-13,0.09
Nassau County,2020-01-13,0.0
Okaloosa County,2020-01-13,2.11
Okeechobee County,2020-01-13,0.27
Orange County,2020-01-13,0.0
Osceola County,2020-01-13,0.0
Palm Beach County,2020-01-13,4.7
Pasco County,2020-01-13,0.0
Pinellas County,2020-01-13,0.0
Polk County,2020-01-13,0.0
Putnam County,2020-01-13,0.0
St. Johns County,2020-01-13,0.0
St. Lucie County,2020-01-13,1.19
Santa Rosa County,2020-01-13,2.95
Sarasota County,2020-01-13,0.0
Seminole County,2020-01-13,0.0
Sumter County,2020-01-13,0.0
Suwannee County,2020-01-13,0.0
Taylor County,2020-01-13,0.0
Union County,2020-01-13,0.0
Volusia County,2020-01-13,0.01
Wakulla County,2020-01-13,0.0
Walton County,2020-01-13,1.76
Washington County,2020-01-13,1.38
Alachua County,2020-01-14,0.0
Baker County,2020-01-14,0.0
Bay County,2020-01-14,0.0
Bradford County,2020-01-14,0.0
Brevard County,2020-01-14,0.0
Broward County,2020-01-14,1.03
Calhoun County,2020-01-14,0.0
Charlotte County,2020-01-14,0.0
Citrus County,2020-01-14,0.0
Clay County,2020-01-14,0.0
Collier County,2020-01-14,0.0
Columbia County,2020-01-14,0.0
DeSoto County,2020-01-14,0.0
Dixie County,2020-01-14,0.0
Duval County,2020-01-14,0.0
Escambia County,2020-01-14,11.78
Flagler County,2020-01-14,0.0
Franklin County,2020-01-14,0.0
Gadsden County,2020-01-14,0.05
Gilchrist County,2020-01-14,0.0
Glades County,2020-01-14,0.0
Gulf County,2020-01-14,0.0
Hamilton County,2020-01-14,0.0
Hardee County,2020-01-14,0.0
Hendry County,2020-01-14,0.0
Hernando County,2020-01-14,0.0
Highlands County,2020-01-14,0.0
Hillsborough County,2020-01-14,0.0
Holmes County,2020-01-14,0.0
Indian River County,2020-01-14,0.08
Jackson County,2020-01-14,0.0
Jefferson County,2020-01-14,1.25
Lafayette County,2020-01-14,0.0
Lake County,2020-01-14,0.0
Lee County,2020-01-14,0.0
Leon County,2020-01-14,0.7
Levy County,2020-01-14,0.0
Liberty County,2020-01-14,0.0
Madison County,2020-01-14,0.0
Manatee County,2020-01-14,0.0
Marion County,2020-01-14,0.0
Martin County,2020-01-14,1.2
Miami-Dade County,2020-01-14,1.17
Monroe County,2020-01-14,0.12
Nassau County,2020-01-14,0.0
Okaloosa County,2020-01-14,5.08
Okeechobee County,2020-01-14,0.2
Orange County,2020-01-14,0.0
Osceola County,2020-01-14,0.0
Palm Beach County,2020-01-14,1.32
Pasco County,2020-01-14,0.0
Pinellas County,2020-01-14,0.0
Polk County,2020-01-14,0.0
Putnam County,2020-01-14,0.0
St. Johns County,2020-01-14,0.0
St. Lucie County,2020-01-14,0.76
Santa Rosa County,2020-01-14,13.61
Sarasota County,2020-01-14,0.0
Seminole County,2020-01-14,0.0
Sumter County,2020-01-14,0.0
Suwannee County,2020-01-14,0.0
Taylor County,2020-01-14,0.0
Union County,2020-01-14,0.0
Volusia County,2020-01-14,0.0
Wakulla County,2020-01-14,0.07
Walton County,2020-01-14,0.48
Washington County,2020-01-14,0.0
Alachua County,2020-01-15,0.0
Baker County,2020-01-15,0.0
Bay County,2020-01-15,0.39
Bradford County,2020-01-15,0.0
Brevard County,2020-01-15,1.25
Broward County,2020-01-15,0.0
Calhoun County,2020-01-15,0.0
Charlotte County,2020-01-15,0.0
Citrus County,2020-01-15,0.0
Clay County,2020-01-15,0.0
Collier County,2020-01-15,0.0
Columbia County,2020-01-15,0.0
DeSoto County,2020-01-15,0.0
Dixie County,2020-01-15,0.0
Duval County,2020-01-15,0.0
Escambia County,2020-01-15,26.81
Flagler County,2020-01-15,0.02
Franklin County,2020-01-15,0.0
Gadsden County,2020-01-15,0.0
Gilchrist County,2020-01-15,0.0
Glades County,2020-01-15,0.0
Gulf County,2020-01-15,0.0
Hamilton County,2020-01-15,0.0
Hardee County,2020-01-15,0.0
Hendry County,2020-01-15,0.0
Hernando County,2020-01-15,0.0
Highlands County,2020-01-15,0.0
Hillsborough County,2020-01-15,0.01
Holmes County,2020-01-15,5.52
Indian River County,2020-01-15,1.94
Jackson County,2020-01-15,0.52
Jefferson County,2020-01-15,0.0
Lafayette County,2020-01-15,0.0
Lake County,2020-01-15,0.0
Lee County,2020-01-15,0.0
Leon County,2020-01-15,0.0
Levy County,2020-01-15,0.0
Liberty County,2020-01-15,0.0
Madison County,2020-01-15,0.0
Manatee County,2020-01-15,0.0
Marion County,2020-01-15,0.0
Martin County,2020-01-15,0.45
Miami-Dade County,2020-01-15,0.0
Monroe County,2020-01-15,0.0
Nassau County,2020-01-15,0.0
Okaloosa County,2020-01-15,21.06
Okeechobee County,2020-01-15,0.1
Orange County,2020-01-15,0.01
Osceola County,2020-01-15,0.26
Palm Beach County,2020-01-15,0.0
Pasco County,2020-01-15,0.02
Pinellas County,2020-01-15,0.0
Polk County,2020-01-15,0.0
Putnam County,2020-01-15,0.01
St. Johns County,2020-01-15,0.0
St. Lucie County,2020-01-15,1.46
Santa Rosa County,2020-01-15,33.99
Sarasota County,2020-01-15,0.0
Seminole County,2020-01-15,0.0
Sumter County,2020-01-15,0.0
Suwannee County,2020-01-15,0.0
Taylor County,2020-01-15,0.0
Union County,2020-01-15,0.0
Volusia County,2020-01-15,0.0
Wakulla County,2020-01-15,0.0
Walton County,2020-01-15,10.13
Washington County,2020-01-15,1.43
Alachua County,2020-01-16,0.0
Baker County,2020-01-16,0.0
Bay County,2020-01-16,0.0
Bradford County,2020-01-16,0.0
Brevard County,2020-01-16,0.0
Broward County,2020-01-16,0.0
Calhoun County,2020-01-16,0.3
Charlotte County,2020-01-16,0.0
Citrus County,2020-01-16,0.04
Clay County,2020-01-16,0.0
Collier County,2020-01-16,0.0
Columbia County,2020-01-16,0.0
DeSoto County,2020-01-16,0.0
Dixie County,2020-01-16,0.0
Duval County,2020-01-16,0.0
Escambia County,2020-01-16,0.0
Flagler County,2020-01-16,0.01
Franklin County,2020-01-16,0.0
Gadsden County,2020-01-16,1.37
Gilchrist County,2020-01-16,0.0
Glades County,2020-01-16,0.0
Gulf County,2020-01-16,0.0
Hamilton County,2020-01-16,0.0
Hardee County,2020-01-16,0.0
Hendry County,2020-01-16,0.0
Hernando County,2020-01-16,0.0
Highlands County,2020-01-16,0.01
Hillsborough County,2020-01-16,0.0
Holmes County,2020-01-16,0.06
Indian River County,2020-01-16,0.0
Jackson County,2020-01-16,0.84
Jefferson County,2020-01-16,0.0
Lafayette County,2020-01-16,0.0
Lake County,2020-01-16,0.01
Lee County,2020-01-16,0.0
Leon County,2020-01-16,0.61
Levy County,2020-01-16,0.0
Liberty County,2020-01-16,0.33
Madison County,2020-01-16,0.0
Manatee County,2020-01-16,0.0
Marion County,2020-01-16,0.0
Martin County,2020-01-16,0.0
Miami-Dade County,2020-01-16,0.0
Monroe County,2020-01-16,0.0
Nassau County,2020-01-16,0.0
Okaloosa County,2020-01-16,0.0
Okeechobee County,2020-01-16,0.0
Orange County,2020-01-16,0.0
Osceola County,2020-01-16,0.0
Palm Beach County,2020-01-16,0.0
Pasco County,2020-01-16,0.0
Pinellas County,2020-01-16,0.0
Polk County,2020-01-16,0.0
Putnam County,2020-01-16,0.0
St. Johns County,2020-01-16,0.0
St. Lucie County,2020-01-16,0.0
Santa Rosa County,2020-01-16,0.0
Sarasota County,2020-01-16,0.0
Seminole County,2020-01-16,0.0
Sumter County,2020-01-16,0.0
Suwannee County,2020-01-16,0.0
Taylor County,2020-01-16,0.0
Union County,2020-01-16,0.0
Volusia County,2020-01-16,0.0
Wakulla County,2020-01-16,0.06
Walton County,2020-01-16,0.0
Washington County,2020-01-16,0.02
Alachua County,2020-01-17,0.0
Baker County,2020-01-17,0.0
Bay County,2020-01-17,0.0
Bradford County,2020-01-17,0.0
Brevard County,2020-01-17,0.0
Broward County,2020-01-17,0.0
Calhoun County,2020-01-17,0.0
Charlotte County,2020-01-17,0.0
Citrus County,2020-01-17,0.0
Clay County,2020-01-17,0.0
Collier County,2020-01-17,0.0
Columbia County,2020-01-17,0.0
DeSoto County,2020-01-17,0.0
Dixie County,2020-01-17,0.0
Duval County,2020-01-17,0.0
Escambia County,2020-01-17,0.0
Flagler County,2020-01-17,0.0
Franklin County,2020-01-17,0.0
Gadsden County,2020-01-17,0.0
Gilchrist County,2020-01-17,0.0
Glades County,2020-01-17,0.0
Gulf County,2020-01-17,0.0
Hamilton County,2020-01-17,0.0
Hardee County,2020-01-17,0.0
Hendry County,2020-01-17,0.0
Hernando County,2020-01-17,0.0
Highlands County,2020-01-17,0.01
Hillsborough County,2020-01-17,0.0
Holmes County,2020-01-17,0.01
Indian River County,2020-01-17,0.02
Jackson County,2020-01-17,0.0
Jefferson County,2020-01-17,0.29
Lafayette County,2020-01-17,0.0
Lake County,2020-01-17,0.0
Lee County,2020-01-17,0.0
Leon County,2020-01-17,0.0
Levy County,2020-01-17,0.0
Liberty County,2020-01-17,0.0
Madison County,2020-01-17,0.0
Manatee County,2020-01-17,0.0
Marion County,2020-01-17,0.0
Martin County,2020-01-17,0.0
Miami-Dade County,2020-01-17,0.0
Monroe County,2020-01-17,0.0
Nassau County,2020-01-17,0.0
Okaloosa County,2020-01-17,0.0
Okeechobee County,2020-01-17,0.0
Orange County,2020-01-17,0.0
Osceola County,2020-01-17,0.0
Palm Beach County,2020-01-17,0.01
Pasco County,2020-01-17,0.0
Pinellas County,2020-01-17,0.0
Polk County,2020-01-17,0.0
Putnam County,2020-01-17,0.0
St. Johns County,2020-01-17,0.0
St. Lucie County,2020-01-17,0.0
Santa Rosa County,2020-01-17,0.0
Sarasota County,2020-01-17,0.0
Seminole County,2020-01-17,0.0
Sumter County,2020-01-17,0.0
Suwannee County,2020-01-17,0.0
Taylor County,2020-01-17,0.0
Union County,2020-01-17,0.0
Volusia County,2020-01-17,0.0
Wakulla County,2020-01-17,0.0
Walton County,2020-01-17,0.0
Washington County,2020-01-17,0.0
Alachua County,2020-01-18,0.0
Baker County,2020-01-18,0.0
Bay County,2020-01-18,0.0
Bradford County,2020-01-18,0.0
Brevard County,2020-01-18,0.0
Broward County,2020-01-18,0.29
Calhoun County,2020-01-18,0.0
Charlotte County,2020-01-18,0.0
Citrus County,2020-01-18,0.0
Clay County,2020-01-18,0.0
Collier County,2020-01-18,0.02
Columbia County,2020-01-18,0.0
DeSoto County,2020-01-18,0.0
Dixie County,2020-01-18,0.0
Duval County,2020-01-18,0.0
Escambia County,2020-01-18,0.0
Flagler County,2020-01-18,0.0
Franklin County,2020-01-18,0.0
Gadsden County,2020-01-18,0.0
Gilchrist County,2020-01-18,0.0
Glades County,2020-01-18,0.0
Gulf County,2020-01-18,0.0
Hamilton County,2020-01-18,0.0
Hardee County,2020-01-18,0.0
Hendry County,2020-01-18,0.0
Hernando County,2020-01-18,0.0
Highlands County,2020-01-18,0.0
Hillsborough County,2020-01-18,0.0
Holmes County,2020-01-18,0.0
Indian River County,2020-01-18,0.0
Jackson County,2020-01-18,0.0
Jefferson County,2020-01-18,0.0
Lafayette County,2020-01-18,0.0
Lake County,2020-01-18,0.0
Lee County,2020-01-18,0.0
Leon County,2020-01-18,0.0
Levy County,2020-01-18,0.0
Liberty County,2020-01-18,0.0
Madison County,2020-01-18,0.0
Manatee County,2020-01-18,0.0
Marion County,2020-01-18,0.0
Martin County,2020-01-18,0.0
Miami-Dade County,2020-01-18,4.7
Monroe County,2020-01-18,8.15
Nassau County,2020-01-18,0.05
Okaloosa County,2020-01-18,0.0
Okeechobee County,2020-01-18,0.0
Orange County,2020-01-18,0.0
Osceola County,2020-01-18,0.0
Palm Beach County,2020-01-18,0.02
Pasco County,2020-01-18,0.0
Pinellas County,2020-01-18,0.0
Polk County,2020-01-18,0.0
Putnam County,2020-01-18,0.0
St. Johns County,2020-01-18,0.0
St. Lucie County,2020-01-18,0.0
Santa Rosa County,2020-01-18,0.0
Sarasota County,2020-01-18,0.0
Seminole County,2020-01-18,0.0
Sumter County,2020-01-18,0.0
Suwannee County,2020-01-18,0.0
Taylor County,2020-01-18,0.0
Union County,2020-01-18,0.0
Volusia County,2020-01-18,0.0
Wakulla County,2020-01-18,0.0
Walton County,2020-01-18,0.0
Washington County,2020-01-18,0.0
Alachua County,2020-01-19,0.0
Baker County,2020-01-19,0.0
Bay County,2020-01-19,11.0
Bradford County,2020-01-19,0.0
Brevard County,2020-01-19,0.0
Broward County,2020-01-19,0.0
Calhoun County,2020-01-19,7.49
Charlotte County,2020-01-19,0.0
Citrus County,2020-01-19,0.0
Clay County,2020-01-19,0.0
Collier County,2020-01-19,0.0
Columbia County,2020-01-19,0.0
DeSoto County,2020-01-19,0.0
Dixie County,2020-01-19,1.45
Duval County,2020-01-19,0.0
Escambia County,2020-01-19,17.21
Flagler County,2020-01-19,0.0
Franklin County,2020-01-19,5.46
Gadsden County,2020-01-19,3.65
Gilchrist County,2020-01-19,0.0
Glades County,2020-01-19,0.0
Gulf County,2020-01-19,7.33
Hamilton County,2020-01-19,0.88
Hardee County,2020-01-19,0.0
Hendry County,2020-01-19,0.0
Hernando County,2020-01-19,0.0
Highlands County,2020-01-19,0.0
Hillsborough County,2020-01-19,0.0
Holmes County,2020-01-19,11.21
Indian River County,2020-01-19,0.0
Jackson County,2020-01-19,7.5
Jefferson County,2020-01-19,2.87
Lafayette County,2020-01-19,1.62
Lake County,2020-01-19,0.0
Lee County,2020-01-19,0.0
Leon County,2020-01-19,3.07
Levy County,2020-01-19,0.0
Liberty County,2020-01-19,5.45
Madison County,2020-01-19,1.95
Manatee County,2020-01-19,0.0
Marion County,2020-01-19,0.0
Martin County,2020-01-19,0.0
Miami-Dade County,2020-01-19,0.0
Monroe County,2020-01-19,0.0
Nassau County,2020-01-19,0.0
Okaloosa County,2020-01-19,18.38
Okeechobee County,2020-01-19,0.0
Orange County,2020-01-19,0.0
Osceola County,2020-01-19,0.0
Palm Beach County,2020-01-19,0.0
Pasco County,2020-01-19,0.0
Pinellas County,2020-01-19,0.0
Polk County,2020-01-19,0.0
Putnam County,2020-01-19,0.0
St. Johns County,2020-01-19,0.0
St. Lucie County,2020-01-19,0.0
Santa Rosa County,2020-01-19,18.89
Sarasota County,2020-01-19,0.0
Seminole County,2020-01-19,0.0
Sumter County,2020-01-19,0.0
Suwannee County,2020-01-19,1.03
Taylor County,2020-01-19,2.57
Union County,2020-01-19,0.0
Volusia County,2020-01-19,0.0
Wakulla County,2020-01-19,3.39
Walton County,2020-01-19,15.71
Washington County,2020-01-19,10.98
Alachua County,2020-01-20,1.97
Baker County,2020-01-20,1.32
Bay County,2020-01-20,0.0
Bradford County,2020-01-20,1.94
Brevard County,2020-01-20,0.11
Broward County,2020-01-20,0.0
Calhoun County,2020-01-20,0.0
Charlotte County,2020-01-20,0.0
Citrus County,2020-01-20,0.34
Clay County,2020-01-20,1.28
Collier County,2020-01-20,0.0
Columbia County,2020-01-20,1.31
DeSoto County,2020-01-20,0.0
Dixie County,2020-01-20,1.25
Duval County,2020-01-20,0.74
Escambia County,2020-01-20,0.31
Flagler County,2020-01-20,0.29
Franklin County,2020-01-20,0.0
Gadsden County,2020-01-20,0.0
Gilchrist County,2020-01-20,1.97
Glades County,2020-01-20,0.0
Gulf County,2020-01-20,0.0
Hamilton County,2020-01-20,0.73
Hardee County,2020-01-20,0.0
Hendry County,2020-01-20,0.0
Hernando County,2020-01-20,0.0
Highlands County,2020-01-20,0.0
Hillsborough County,2020-01-20,0.0
Holmes County,2020-01-20,0.0
Indian River County,2020-01-20,0.0
Jackson County,2020-01-20,0.0
Jefferson County,2020-01-20,0.0
Lafayette County,2020-01-20,0.52
Lake County,2020-01-20,0.0
Lee County,2020-01-20,0.0
Leon County,2020-01-20,0.0
Levy County,2020-01-20,1.78
Liberty County,2020-01-20,0.0
Madison County,2020-01-20,0.0
Manatee County,2020-01-20,0.0
Marion County,2020-01-20,0.43
Martin County,2020-01-20,0.0
Miami-Dade County,2020-01-20,0.0
Monroe County,2020-01-20,0.47
Nassau County,2020-01-20,0.61
Okaloosa County,2020-01-20,1.01
Okeechobee County,2020-01-20,0.0
Orange County,2020-01-20,0.01
Osceola County,2020-01-20,0.0
Palm Beach County,2020-01-20,0.0
Pasco County,2020-01-20,0.07
Pinellas County,2020-01-20,0.27
Polk County,2020-01-20,0.0
Putnam County,2020-01-20,0.74
St. Johns County,2020-01-20,0.61
St. Lucie County,2020-01-20,0.0
Santa Rosa County,2020-01-20,0.6
Sarasota County,2020-01-20,0.0
Seminole County,2020-01-20,0.0
Sumter County,2020-01-20,0.0
Suwannee County,2020-01-20,0.79
Taylor County,2020-01-20,0.0
Union County,2020-01-20,1.81
Volusia County,2020-01-20,0.17
Wakulla County,2020-01-20,0.0
Walton County,2020-01-20,0.0
Washington County,2020-01-20,0.0
Alachua County,2020-01-21,0.0
Baker County,2020-01-21,0.0
Bay County,2020-01-21,0.0
Bradford County,2020-01-21,0.0
Brevard County,2020-01-21,0.0
Broward County,2020-01-21,0.0
Calhoun County,2020-01-21,0.0
Charlotte County,2020-01-21,0.0
Citrus County,2020-01-21,0.0
Clay County,2020-01-21,0.0
Collier County,2020-01-21,0.0
Columbia County,2020-01-21,0.0
DeSoto County,2020-01-21,0.0
Dixie County,2020-01-21,0.0
Duval County,2020-01-21,0.0
Escambia County,2020-01-21,0.0
Flagler County,2020-01-21,0.0
Franklin County,2020-01-21,0.0
Gadsden County,2020-01-21,0.15
Gilchrist County,2020-01-21,0.0
Glades County,2020-01-21,0.0
Gulf County,2020-01-21,0.0
Hamilton County,2020-01-21,0.0
Hardee County,2020-01-21,0.0
Hendry County,2020-01-21,0.0
Hernando County,2020-01-21,0.0
Highlands County,2020-01-21,0.0
Hillsborough County,2020-01-21,0.0
Holmes County,2020-01-21,0.0
Indian River County,2020-01-21,0.0
Jackson County,2020-01-21,0.0
Jefferson County,2020-01-21,0.0
Lafayette County,2020-01-21,0.07
Lake County,2020-01-21,0.0
Lee County,2020-01-21,0.0
Leon County,2020-01-21,0.0
Levy County,2020-01-21,0.0
Liberty County,2020-01-21,0.0
Madison County,2020-01-21,0.0
Manatee County,2020-01-21,0.0
Marion County,2020-01-21,0.0
Martin County,2020-01-21,0.0
Miami-Dade County,2020-01-21,0.0
Monroe County,2020-01-21,0.0
Nassau County,2020-01-21,0.0
Okaloosa County,2020-01-21,0.0
Okeechobee County,2020-01-21,0.0
Orange County,2020-01-21,0.0
Osceola County,2020-01-21,0.0
Palm Beach County,2020-01-21,0.0
Pasco County,2020-01-21,0.0
Pinellas County,2020-01-21,0.0
Polk County,2020-01-21,0.0
Putnam County,2020-01-21,0.0
St. Johns County,2020-01-21,0.0
St. Lucie County,2020-01-21,0.0
Santa Rosa County,2020-01-21,0.0
Sarasota County,2020-01-21,0.0
Seminole County,2020-01-21,0.0
Sumter County,2020-01-21,0.0
Suwannee County,2020-01-21,0.04
Taylor County,2020-01-21,0.0
Union County,2020-01-21,0.0
Volusia County,2020-01-21,0.0
Wakulla County,2020-01-21,0.0
Walton County,2020-01-21,0.0
Washington County,2020-01-21,0.0
Alachua County,2020-01-22,0.0
Baker County,2020-01-22,0.0
Bay County,2020-01-22,0.0
Bradford County,2020-01-22,0.0
Brevard County,2020-01-22,0.0
Broward County,2020-01-22,0.0
Calhoun County,2020-01-22,0.0
Charlotte County,2020-01-22,0.0
Citrus County,2020-01-22,0.0
Clay County,2020-01-22,0.0
Collier County,2020-01-22,0.0
Columbia County,2020-01-22,0.0
DeSoto County,2020-01-22,0.0
Dixie County,2020-01-22,0.0
Duval County,2020-01-22,0.0
Escambia County,2020-01-22,0.0
Flagler County,2020-01-22,0.0
Franklin County,2020-01-22,0.0
Gadsden County,2020-01-22,0.0
Gilchrist County,2020-01-22,0.0
Glades County,2020-01-22,0.0
Gulf County,2020-01-22,0.0
Hamilton County,2020-01-22,0.0
Hardee County,2020-01-22,0.0
Hendry County,2020-01-22,0.0
Hernando County,2020-01-22,0.0
Highlands County,2020-01-22,0.01
Hillsborough County,2020-01-22,0.0
Holmes County,2020-01-22,0.0
Indian River County,2020-01-22,0.0
Jackson County,2020-01-22,0.0
Jefferson County,2020-01-22,0.0
Lafayette County,2020-01-22,0.0
Lake County,2020-01-22,0.0
Lee County,2020-01-22,0.0
Leon County,2020-01-22,0.0
Levy County,2020-01-22,0.0
Liberty County,2020-01-22,0.0
Madison County,2020-01-22,0.0
Manatee County,2020-01-22,0.0
Marion County,2020-01-22,0.0
Martin County,2020-01-22,0.0
Miami-Dade County,2020-01-22,0.0
Monroe County,2020-01-22,0.0
Nassau County,2020-01-22,0.0
Okaloosa County,2020-01-22,0.0
Okeechobee County,2020-01-22,0.0
Orange County,2020-01-22,0.0
Osceola County,2020-01-22,0.0
Palm Beach County,2020-01-22,0.0
Pasco County,2020-01-22,0.0
Pinellas County,2020-01-22,0.0
Polk County,2020-01-22,0.0
Putnam County,2020-01-22,0.0
St. Johns County,2020-01-22,0.0
St. Lucie County,2020-01-22,0.0
Santa Rosa County,2020-01-22,0.0
Sarasota County,2020-01-22,0.0
Seminole County,2020-01-22,0.0
Sumter County,2020-01-22,0.0
Suwannee County,2020-01-22,0.0
Taylor County,2020-01-22,0.0
Union County,2020-01-22,0.0
Volusia County,2020-01-22,0.0
Wakulla County,2020-01-22,0.0
Walton County,2020-01-22,0.0
Washington County,2020-01-22,0.0
Alachua County,2020-01-23,0.0
Baker County,2020-01-23,0.0
Bay County,2020-01-23,0.0
Bradford County,2020-01-23,0.0
Brevard County,2020-01-23,5.93
Broward County,2020-01-23,2.47
Calhoun County,2020-01-23,0.0
Charlotte County,2020-01-23,0.0
Citrus County,2020-01-23,0.0
Clay County,2020-01-23,0.0
Collier County,2020-01-23,0.0
Columbia County,2020-01-23,0.0
DeSoto County,2020-01-23,0.0
Dixie County,2020-01-23,0.0
Duval County,2020-01-23,0.0
Escambia County,2020-01-23,0.0
Flagler County,2020-01-23,0.59
Franklin County,2020-01-23,0.0
Gadsden County,2020-01-23,0.0
Gilchrist County,2020-01-23,0.0
Glades County,2020-01-23,0.41
Gulf County,2020-01-23,0.0
Hamilton County,2020-01-23,0.0
Hardee County,2020-01-23,0.0
Hendry County,2020-01-23,0.17
Hernando County,2020-01-23,0.0
Highlands County,2020-01-23,0.34
Hillsborough County,2020-01-23,0.0
Holmes County,2020-01-23,0.66
Indian River County,2020-01-23,6.29
Jackson County,2020-01-23,1.14
Jefferson County,2020-01-23,0.0
Lafayette County,2020-01-23,0.0
Lake County,2020-01-23,0.0
Lee County,2020-01-23,0.0
Leon County,2020-01-23,0.0
Levy County,2020-01-23,0.0
Liberty County,2020-01-23,0.0
Madison County,2020-01-23,0.0
Manatee County,2020-01-23,0.0
Marion County,2020-01-23,0.0
Martin County,2020-01-23,6.5
Miami-Dade County,2020-01-23,0.45
Monroe County,2020-01-23,0.0
Nassau County,2020-01-23,0.0
Okaloosa County,2020-01-23,0.0
Okeechobee County,2020-01-23,3.54
Orange County,2020-01-23,0.91
Osceola County,2020-01-23,2.2
Palm Beach County,2020-01-23,5.07
Pasco County,2020-01-23,0.0
Pinellas County,2020-01-23,0.0
Polk County,2020-01-23,0.12
Putnam County,2020-01-23,0.0
St. Johns County,2020-01-23,0.25
St. Lucie County,2020-01-23,6.34
Santa Rosa County,2020-01-23,0.0
Sarasota County,2020-01-23,0.0
Seminole County,2020-01-23,0.77
Sumter County,2020-01-23,0.0
Suwannee County,2020-01-23,0.0
Taylor County,2020-01-23,0.0
Union County,2020-01-23,0.0
Volusia County,2020-01-23,0.81
Wakulla County,2020-01-23,0.0
Walton County,2020-01-23,0.01
Washington County,2020-01-23,0.22
Alachua County,2020-01-24,0.0
Baker County,2020-01-24,0.0
Bay County,2020-01-24,8.97
Bradford County,2020-01-24,0.0
Brevard County,2020-01-24,10.18
Broward County,2020-01-24,17.15
Calhoun County,2020-01-24,7.74
Charlotte County,2020-01-24,0.0
Citrus County,2020-01-24,0.0
Clay County,2020-01-24,0.0
Collier County,2020-01-24,1.38
Columbia County,2020-01-24,0.0
DeSoto County,2020-01-24,0.0
Dixie County,2020-01-24,1.59
Duval County,2020-01-24,0.0
Escambia County,2020-01-24,18.33
Flagler County,2020-01-24,0.35
Franklin County,2020-01-24,6.24
Gadsden County,2020-01-24,5.6
Gilchrist County,2020-01-24,0.12
Glades County,2020-01-24,1.51
Gulf County,2020-01-24,7.33
Hamilton County,2020-01-24,0.71
Hardee County,2020-01-24,0.0
Hendry County,2020-01-24,2.38
Hernando County,2020-01-24,0.0
Highlands County,2020-01-24,1.39
Hillsborough County,2020-01-24,0.0
Holmes County,2020-01-24,8.85
Indian River County,2020-01-24,11.85
Jackson County,2020-01-24,7.21
Jefferson County,2020-01-24,2.45
Lafayette County,2020-01-24,1.75
Lake County,2020-01-24,0.61
Lee County,2020-01-24,0.0
Leon County,2020-01-24,4.09
Levy County,2020-01-24,0.0
Liberty County,2020-01-24,6.74
Madison County,2020-01-24,1.61
Manatee County,2020-01-24,0.0
Marion County,2020-01-24,0.03
Martin County,2020-01-24,13.37
Miami-Dade County,2020-01-24,9.97
Monroe County,2020-01-24,5.57
Nassau County,2020-01-24,0.07
Okaloosa County,2020-01-24,14.49
Okeechobee County,2020-01-24,6.57
Orange County,2020-01-24,2.83
Osceola County,2020-01-24,5.1
Palm Beach County,2020-01-24,18.86
Pasco County,2020-01-24,0.0
Pinellas County,2020-01-24,0.0
Polk County,2020-01-24,0.81
Putnam County,2020-01-24,0.01
St. Johns County,2020-01-24,0.0
St. Lucie County,2020-01-24,11.12
Santa Rosa County,2020-01-24,18.79
Sarasota County,2020-01-24,0.12
Seminole County,2020-01-24,2.44
Sumter County,2020-01-24,0.0
Suwannee County,2020-01-24,1.03
Taylor County,2020-01-24,2.5
Union County,2020-01-24,0.0
Volusia County,2020-01-24,1.5
Wakulla County,2020-01-24,4.61
Walton County,2020-01-24,11.67
Washington County,2020-01-24,8.56
Alachua County,2020-01-25,0.16
Baker County,2020-01-25,0.75
Bay County,2020-01-25,0.03
Bradford County,2020-01-25,0.35
Brevard County,2020-01-25,0.09
Broward County,2020-01-25,0.46
Calhoun County,2020-01-25,0.16
Charlotte County,2020-01-25,0.0
Citrus County,2020-01-25,0.0
Clay County,2020-01-25,0.22
Collier County,2020-01-25,0.29
Columbia County,2020-01-25,1.11
DeSoto County,2020-01-25,0.0
Dixie County,2020-01-25,1.43
Duval County,2020-01-25,0.59
Escambia County,2020-01-25,0.0
Flagler County,2020-01-25,0.0
Franklin County,2020-01-25,0.47
Gadsden County,2020-01-25,0.65
Gilchrist County,2020-01-25,1.17
Glades County,2020-01-25,0.14
Gulf County,2020-01-25,0.03
Hamilton County,2020-01-25,1.61
Hardee County,2020-01-25,0.0
Hendry County,2020-01-25,0.3
Hernando County,2020-01-25,0.0
Highlands County,2020-01-25,0.02
Hillsborough County,2020-01-25,0.0
Holmes County,2020-01-25,0.0
Indian River County,2020-01-25,0.94
Jackson County,2020-01-25,0.11
Jefferson County,2020-01-25,1.73
Lafayette County,2020-01-25,2.05
Lake County,2020-01-25,0.0
Lee County,2020-01-25,0.0
Leon County,2020-01-25,1.07
Levy County,2020-01-25,0.06
Liberty County,2020-01-25,0.48
Madison County,2020-01-25,2.03
Manatee County,2020-01-25,0.0
Marion County,2020-01-25,0.0
Martin County,2020-01-25,1.8
Miami-Dade County,2020-01-25,0.01
Monroe County,2020-01-25,0.11
Nassau County,2020-01-25,0.86
Okaloosa County,2020-01-25,0.0
Okeechobee County,2020-01-25,1.01
Orange County,2020-01-25,0.0
Osceola County,2020-01-25,0.09
Palm Beach County,2020-01-25,1.8
Pasco County,2020-01-25,0.0
Pinellas County,2020-01-25,0.0
Polk County,2020-01-25,0.0
Putnam County,2020-01-25,0.0
St. Johns County,2020-01-25,0.04
St. Lucie County,2020-01-25,1.44
Santa Rosa County,2020-01-25,0.0
Sarasota County,2020-01-25,0.0
Seminole County,2020-01-25,0.0
Sumter County,2020-01-25,0.0
Suwannee County,2020-01-25,1.78
Taylor County,2020-01-25,1.89
Union County,2020-01-25,0.71
Volusia County,2020-01-25,0.0
Wakulla County,2020-01-25,0.83
Walton County,2020-01-25,0.0
Washington County,2020-01-25,0.0
Alachua County,2020-01-26,0.0
Baker County,2020-01-26,0.0
Bay County,2020-01-26,0.0
Bradford County,2020-01-26,0.0
Brevard County,2020-01-26,0.0
Broward County,2020-01-26,0.0
Calhoun County,2020-01-26,0.0
Charlotte County,2020-01-26,0.0
Citrus County,2020-01-26,0.0
Clay County,2020-01-26,0.0
Collier County,2020-01-26,0.0
Columbia County,2020-01-26,0.0
DeSoto County,2020-01-26,0.0
Dixie County,2020-01-26,0.0
Duval County,2020-01-26,0.0
Escambia County,2020-01-26,0.11
Flagler County,2020-01-26,0.0
Franklin County,2020-01-26,0.0
Gadsden County,2020-01-26,0.0
Gilchrist County,2020-01-26,0.0
Glades County,2020-01-26,0.0
Gulf County,2020-01-26,0.0
Hamilton County,2020-01-26,0.0
Hardee County,2020-01-26,0.0
Hendry County,2020-01-26,0.0
Hernando County,2020-01-26,0.0
Highlands County,2020-01-26,0.0
Hillsborough County,2020-01-26,0.0
Holmes County,2020-01-26,0.0
Indian River County,2020-01-26,0.0
Jackson County,2020-01-26,0.0
Jefferson County,2020-01-26,0.0
Lafayette County,2020-01-26,0.0
Lake County,2020-01-26,0.0
Lee County,2020-01-26,0.0
Leon County,2020-01-26,0.0
Levy County,2020-01-26,0.0
Liberty County,2020-01-26,0.0
Madison County,2020-01-26,0.0
Manatee County,2020-01-26,0.0
Marion County,2020-01-26,0.0
Martin County,2020-01-26,0.0
Miami-Dade County,2020-01-26,0.0
Monroe County,2020-01-26,0.0
Nassau County,2020-01-26,0.0
Okaloosa County,2020-01-26,0.0
Okeechobee County,2020-01-26,0.0
Orange County,2020-01-26,0.0
Osceola County,2020-01-26,0.0
Palm Beach County,2020-01-26,0.0
Pasco County,2020-01-26,0.0
Pinellas County,2020-01-26,0.0
Polk County,2020-01-26,0.0
Putnam County,2020-01-26,0.0
St. Johns County,2020-01-26,0.0
St. Lucie County,2020-01-26,0.0
Santa Rosa County,2020-01-26,0.0
Sarasota County,2020-01-26,0.09
Seminole County,2020-01-26,0.0
Sumter County,2020-01-26,0.0
Suwannee County,2020-01-26,0.0
Taylor County,2020-01-26,0.0
Union County,2020-01-26,0.0
Volusia County,2020-01-26,0.0
Wakulla County,2020-01-26,0.0
Walton County,2020-01-26,0.0
Washington County,2020-01-26,0.0
Alachua County,2020-01-27,0.0
Baker County,2020-01-27,0.04
Bay County,2020-01-27,1.95
Bradford County,2020-01-27,0.0
Brevard County,2020-01-27,0.03
Broward County,2020-01-27,0.0
Calhoun County,2020-01-27,1.91
Charlotte County,2020-01-27,0.19
Citrus County,2020-01-27,0.0
Clay County,2020-01-27,0.0
Collier County,2020-01-27,0.0
Columbia County,2020-01-27,0.0
DeSoto County,2020-01-27,0.08
Dixie County,2020-01-27,0.0
Duval County,2020-01-27,0.29
Escambia County,2020-01-27,4.17
Flagler County,2020-01-27,0.0
Franklin County,2020-01-27,1.13
Gadsden County,2020-01-27,2.16
Gilchrist County,2020-01-27,0.0
Glades County,2020-01-27,0.85
Gulf County,2020-01-27,1.11
Hamilton County,2020-01-27,0.04
Hardee County,2020-01-27,0.0
Hendry County,2020-01-27,0.36
Hernando County,2020-01-27,0.0
Highlands County,2020-01-27,0.55
Hillsborough County,2020-01-27,0.01
Holmes County,2020-01-27,2.88
Indian River County,2020-01-27,0.67
Jackson County,2020-01-27,2.86
Jefferson County,2020-01-27,1.19
Lafayette County,2020-01-27,0.0
Lake County,2020-01-27,0.0
Lee County,2020-01-27,0.06
Leon County,2020-01-27,1.63
Levy County,2020-01-27,0.0
Liberty County,2020-01-27,1.54
Madison County,2020-01-27,0.55
Manatee County,2020-01-27,0.0
Marion County,2020-01-27,0.0
Martin County,2020-01-27,0.59
Miami-Dade County,2020-01-27,0.0
Monroe County,2020-01-27,0.0
Nassau County,2020-01-27,0.78
Okaloosa County,2020-01-27,2.57
Okeechobee County,2020-01-27,0.96
Orange County,2020-01-27,0.0
Osceola County,2020-01-27,0.19
Palm Beach County,2020-01-27,0.04
Pasco County,2020-01-27,0.01
Pinellas County,2020-01-27,0.0
Polk County,2020-01-27,0.04
Putnam County,2020-01-27,0.0
St. Johns County,2020-01-27,0.02
St. Lucie County,2020-01-27,0.64
Santa Rosa County,2020-01-27,3.21
Sarasota County,2020-01-27,0.0
Seminole County,2020-01-27,0.0
Sumter County,2020-01-27,0.0
Suwannee County,2020-01-27,0.0
Taylor County,2020-01-27,0.38
Union County,2020-01-27,0.0
Volusia County,2020-01-27,0.0
Wakulla County,2020-01-27,1.26
Walton County,2020-01-27,2.61
Washington County,2020-01-27,2.54
Alachua County,2020-01-28,0.0
Baker County,2020-01-28,0.0
Bay County,2020-01-28,0.0
Bradford County,2020-01-28,0.0
Brevard County,2020-01-28,0.0
Broward County,2020-01-28,0.0
Calhoun County,2020-01-28,0.0
Charlotte County,2020-01-28,0.0
Citrus County,2020-01-28,0.0
Clay County,2020-01-28,0.0
Collier County,2020-01-28,0.06
Columbia County,2020-01-28,0.0
DeSoto County,2020-01-28,0.0
Dixie County,2020-01-28,0.0
Duval County,2020-01-28,0.0
Escambia County,2020-01-28,0.0
Flagler County,2020-01-28,0.0
Franklin County,2020-01-28,0.0
Gadsden County,2020-01-28,0.0
Gilchrist County,2020-01-28,0.0
Glades County,2020-01-28,0.0
Gulf County,2020-01-28,0.0
Hamilton County,2020-01-28,0.0
Hardee County,2020-01-28,0.0
Hendry County,2020-01-28,0.12
Hernando County,2020-01-28,0.0
Highlands County,2020-01-28,0.01
Hillsborough County,2020-01-28,0.01
Holmes County,2020-01-28,0.04
Indian River County,2020-01-28,0.0
Jackson County,2020-01-28,0.01
Jefferson County,2020-01-28,0.0
Lafayette County,2020-01-28,0.0
Lake County,2020-01-28,0.0
Lee County,2020-01-28,0.0
Leon County,2020-01-28,0.0
Levy County,2020-01-28,0.0
Liberty County,2020-01-28,0.0
Madison County,2020-01-28,0.0
Manatee County,2020-01-28,0.0
Marion County,2020-01-28,0.0
Martin County,2020-01-28,0.0
Miami-Dade County,2020-01-28,0.0
Monroe County,2020-01-28,0.0
Nassau County,2020-01-28,0.0
Okaloosa County,2020-01-28,0.0
Okeechobee County,2020-01-28,0.0
Orange County,2020-01-28,0.0
Osceola County,2020-01-28,0.0
Palm Beach County,2020-01-28,0.0
Pasco County,2020-01-28,0.0
Pinellas County,2020-01-28,0.0
Polk County,2020-01-28,0.0
Putnam County,2020-01-28,0.0
St. Johns County,2020-01-28,0.0
St. Lucie County,2020-01-28,0.0
Santa Rosa County,2020-01-28,0.0
Sarasota County,2020-01-28,0.0
Seminole County,2020-01-28,0.0
Sumter County,2020-01-28,0.0
Suwannee County,2020-01-28,0.0
Taylor County,2020-01-28,0.0
Union County,2020-01-28,0.0
Volusia County,2020-01-28,0.0
Wakulla County,2020-01-28,0.0
Walton County,2020-01-28,0.0
Washington County,2020-01-28,0.0
Alachua County,2020-01-29,0.0
Baker County,2020-01-29,0.0
Bay County,2020-01-29,0.0
Bradford County,2020-01-29,0.0
Brevard County,2020-01-29,0.0
Broward County,2020-01-29,0.0
Calhoun County,2020-01-29,0.0
Charlotte County,2020-01-29,0.0
Citrus County,2020-01-29,0.0
Clay County,2020-01-29,0.0
Collier County,2020-01-29,0.0
Columbia County,2020-01-29,0.0
DeSoto County,2020-01-29,0.0
Dixie County,2020-01-29,0.0
Duval County,2020-01-29,0.0
Escambia County,2020-01-29,0.0
Flagler County,2020-01-29,0.0
Franklin County,2020-01-29,0.0
Gadsden County,2020-01-29,0.0
Gilchrist County,2020-01-29,0.0
Glades County,2020-01-29,0.0
Gulf County,2020-01-29,0.0
Hamilton County,2020-01-29,0.0
Hardee County,2020-01-29,0.0
Hendry County,2020-01-29,0.02
Hernando County,2020-01-29,0.0
Highlands County,2020-01-29,0.0
Hillsborough County,2020-01-29,0.0
Holmes County,2020-01-29,0.0
Indian River County,2020-01-29,0.0
Jackson County,2020-01-29,0.0
Jefferson County,2020-01-29,0.0
Lafayette County,2020-01-29,0.0
Lake County,2020-01-29,0.0
Lee County,2020-01-29,0.0
Leon County,2020-01-29,0.0
Levy County,2020-01-29,0.0
Liberty County,2020-01-29,0.0
Madison County,2020-01-29,0.0
Manatee County,2020-01-29,0.0
Marion County,2020-01-29,0.0
Martin County,2020-01-29,0.0
Miami-Dade County,2020-01-29,0.0
Monroe County,2020-01-29,0.0
Nassau County,2020-01-29,0.0
Okaloosa County,2020-01-29,0.0
Okeechobee County,2020-01-29,0.0
Orange County,2020-01-29,0.0
Osceola County,2020-01-29,0.0
Palm Beach County,2020-01-29,0.01
Pasco County,2020-01-29,0.0
Pinellas County,2020-01-29,0.0
Polk County,2020-01-29,0.0
Putnam County,2020-01-29,0.01
St. Johns County,2020-01-29,0.0
St. Lucie County,2020-01-29,0.0
Santa Rosa County,2020-01-29,0.0
Sarasota County,2020-01-29,0.0
Seminole County,2020-01-29,0.0
Sumter County,2020-01-29,0.0
Suwannee County,2020-01-29,0.0
Taylor County,2020-01-29,0.0
Union County,2020-01-29,0.0
Volusia County,2020-01-29,0.0
Wakulla County,2020-01-29,0.0
Walton County,2020-01-29,0.0
Washington County,2020-01-29,0.0
Alachua County,2020-01-30,2.06
Baker County,2020-01-30,3.0
Bay County,2020-01-30,10.48
Bradford County,2020-01-30,2.11
Brevard County,2020-01-30,0.89
Broward County,2020-01-30,9.22
Calhoun County,2020-01-30,8.47
Charlotte County,2020-01-30,18.94
Citrus County,2020-01-30,1.13
Clay County,2020-01-30,2.34
Collier County,2020-01-30,19.58
Columbia County,2020-01-30,3.0
DeSoto County,2020-01-30,13.47
Dixie County,2020-01-30,4.7
Duval County,2020-01-30,3.53
Escambia County,2020-01-30,11.04
Flagler County,2020-01-30,0.93
Franklin County,2020-01-30,5.38
Gadsden County,2020-01-30,4.73
Gilchrist County,2020-01-30,4.69
Glades County,2020-01-30,24.51
Gulf County,2020-01-30,7.29
Hamilton County,2020-01-30,2.79
Hardee County,2020-01-30,6.11
Hendry County,2020-01-30,30.16
Hernando County,2020-01-30,0.67
Highlands County,2020-01-30,10.29
Hillsborough County,2020-01-30,0.94
Holmes County,2020-01-30,12.24
Indian River County,2020-01-30,3.86
Jackson County,2020-01-30,9.92
Jefferson County,2020-01-30,1.99
Lafayette County,2020-01-30,2.56
Lake County,2020-01-30,0.37
Lee County,2020-01-30,23.64
Leon County,2020-01-30,2.87
Levy County,2020-01-30,4.65
Liberty County,2020-01-30,5.95
Madison County,2020-01-30,2.12
Manatee County,2020-01-30,5.71
Marion County,2020-01-30,0.77
Martin County,2020-01-30,13.06
Miami-Dade County,2020-01-30,5.6
Monroe County,2020-01-30,9.59
Nassau County,2020-01-30,5.52
Okaloosa County,2020-01-30,16.71
Okeechobee County,2020-01-30,9.74
Orange County,2020-01-30,0.34
Osceola County,2020-01-30,1.11
Palm Beach County,2020-01-30,14.06
Pasco County,2020-01-30,0.13
Pinellas County,2020-01-30,0.85
Polk County,2020-01-30,1.02
Putnam County,2020-01-30,1.19
St. Johns County,2020-01-30,2.16
St. Lucie County,2020-01-30,8.64
Santa Rosa County,2020-01-30,16.01
Sarasota County,2020-01-30,9.56
Seminole County,2020-01-30,0.44
Sumter County,2020-01-30,0.45
Suwannee County,2020-01-30,2.39
Taylor County,2020-01-30,2.35
Union County,2020-01-30,2.39
Volusia County,2020-01-30,0.59
Wakulla County,2020-01-30,3.2
Walton County,2020-01-30,15.12
Washington County,2020-01-30,11.23
Alachua County,2020-01-31,0.0
Baker County,2020-01-31,0.11
Bay County,2020-01-31,0.0
Bradford County,2020-01-31,0.0
Brevard County,2020-01-31,0.54
Broward County,2020-01-31,0.0
Calhoun County,2020-01-31,0.0
Charlotte County,2020-01-31,1.13
Citrus County,2020-01-31,0.0
Clay County,2020-01-31,1.08
Collier County,2020-01-31,0.08
Columbia County,2020-01-31,0.0
DeSoto County,2020-01-31,1.74
Dixie County,2020-01-31,0.03
Duval County,2020-01-31,1.74
Escambia County,2020-01-31,0.33
Flagler County,2020-01-31,1.17
Franklin County,2020-01-31,0.01
Gadsden County,2020-01-31,0.2
Gilchrist County,2020-01-31,0.0
Glades County,2020-01-31,0.1
Gulf County,2020-01-31,0.0
Hamilton County,2020-01-31,0.03
Hardee County,2020-01-31,1.88
Hendry County,2020-01-31,0.04
Hernando County,2020-01-31,0.0
Highlands County,2020-01-31,1.33
Hillsborough County,2020-01-31,0.45
Holmes County,2020-01-31,0.0
Indian River County,2020-01-31,0.74
Jackson County,2020-01-31,0.0
Jefferson County,2020-01-31,1.01
Lafayette County,2020-01-31,0.0
Lake County,2020-01-31,0.0
Lee County,2020-01-31,0.56
Leon County,2020-01-31,0.55
Levy County,2020-01-31,0.0
Liberty County,2020-01-31,0.0
Madison County,2020-01-31,0.71
Manatee County,2020-01-31,1.34
Marion County,2020-01-31,0.0
Martin County,2020-01-31,0.4
Miami-Dade County,2020-01-31,0.0
Monroe County,2020-01-31,1.36
Nassau County,2020-01-31,1.99
Okaloosa County,2020-01-31,0.0
Okeechobee County,2020-01-31,0.88
Orange County,2020-01-31,0.0
Osceola County,2020-01-31,0.33
Palm Beach County,2020-01-31,0.0
Pasco County,2020-01-31,0.03
Pinellas County,2020-01-31,0.53
Polk County,2020-01-31,0.28
Putnam County,2020-01-31,0.73
St. Johns County,2020-01-31,1.86
St. Lucie County,2020-01-31,0.61
Santa Rosa County,2020-01-31,0.0
Sarasota County,2020-01-31,1.37
Seminole County,2020-01-31,0.0
Sumter County,2020-01-31,0.0
Suwannee County,2020-01-31,0.0
Taylor County,2020-01-31,0.37
Union County,2020-01-31,0.0
Volusia County,2020-01-31,0.34
Wakulla County,2020-01-31,0.22
Walton County,2020-01-31,0.0
Washington County,2020-01-31,0.0
Alachua County,2020-02-01,0.5
Baker County,2020-02-01,0.8
Bay County,2020-02-01,5.12
Bradford County,2020-02-01,0.39
Brevard County,2020-02-01,3.74
Broward County,2020-02-01,39.04
Calhoun County,2020-02-01,4.36
Charlotte County,2020-02-01,11.57
Citrus County,2020-02-01,2.61
Clay County,2020-02-01,0.45
Collier County,2020-02-01,31.19
Columbia County,2020-02-01,1.26
DeSoto County,2020-02-01,11.69
Dixie County,2020-02-01,2.71
Duval County,2020-02-01,0.73
Escambia County,2020-02-01,3.05
Flagler County,2020-02-01,0.51
Franklin County,2020-02-01,3.94
Gadsden County,2020-02-01,4.22
Gilchrist County,2020-02-01,1.35
Glades County,2020-02-01,17.54
Gulf County,2020-02-01,4.99
Hamilton County,2020-02-01,3.17
Hardee County,2020-02-01,8.84
Hendry County,2020-02-01,19.21
Hernando County,2020-02-01,3.49
Highlands County,2020-02-01,13.84
Hillsborough County,2020-02-01,5.29
Holmes County,2020-02-01,3.94
Indian River County,2020-02-01,5.83
Jackson County,2020-02-01,2.65
Jefferson County,2020-02-01,6.28
Lafayette County,2020-02-01,3.06
Lake County,2020-02-01,3.54
Lee County,2020-02-01,15.58
Leon County,2020-02-01,5.18
Levy County,2020-02-01,1.48
Liberty County,2020-02-01,4.53
Madison County,2020-02-01,5.62
Manatee County,2020-02-01,7.98
Marion County,2020-02-01,1.16
Martin County,2020-02-01,9.38
Miami-Dade County,2020-02-01,34.59
Monroe County,2020-02-01,36.64
Nassau County,2020-02-01,0.91
Okaloosa County,2020-02-01,4.9
Okeechobee County,2020-02-01,10.75
Orange County,2020-02-01,3.84
Osceola County,2020-02-01,5.81
Palm Beach County,2020-02-01,28.0
Pasco County,2020-02-01,4.33
Pinellas County,2020-02-01,5.13
Polk County,2020-02-01,6.4
Putnam County,2020-02-01,0.38
St. Johns County,2020-02-01,0.42
St. Lucie County,2020-02-01,5.81
Santa Rosa County,2020-02-01,3.72
Sarasota County,2020-02-01,8.78
Seminole County,2020-02-01,2.9
Sumter County,2020-02-01,3.44
Suwannee County,2020-02-01,2.54
Taylor County,2020-02-01,5.4
Union County,2020-02-01,0.58
Volusia County,2020-02-01,1.54
Wakulla County,2020-02-01,5.06
Walton County,2020-02-01,5.07
Washington County,2020-02-01,4.08
Alachua County,2020-02-02,0.0
Baker County,2020-02-02,0.0
Bay County,2020-02-02,0.0
Bradford County,2020-02-02,0.0
Brevard County,2020-02-02,4.49
Broward County,2020-02-02,4.3
Calhoun County,2020-02-02,0.0
Charlotte County,2020-02-02,5.65
Citrus County,2020-02-02,3.71
Clay County,2020-02-02,0.0
Collier County,2020-02-02,5.46
Columbia County,2020-02-02,0.0
DeSoto County,2020-02-02,5.89
Dixie County,2020-02-02,0.0
Duval County,2020-02-02,0.0
Escambia County,2020-02-02,0.0
Flagler County,2020-02-02,0.79
Franklin County,2020-02-02,0.0
Gadsden County,2020-02-02,0.0
Gilchrist County,2020-02-02,0.0
Glades County,2020-02-02,12.91
Gulf County,2020-02-02,0.38
Hamilton County,2020-02-02,0.0
Hardee County,2020-02-02,4.1
Hendry County,2020-02-02,7.09
Hernando County,2020-02-02,5.33
Highlands County,2020-02-02,7.95
Hillsborough County,2020-02-02,5.15
Holmes County,2020-02-02,0.0
Indian River County,2020-02-02,5.27
Jackson County,2020-02-02,0.0
Jefferson County,2020-02-02,0.0
Lafayette County,2020-02-02,0.0
Lake County,2020-02-02,4.92
Lee County,2020-02-02,5.45
Leon County,2020-02-02,0.0
Levy County,2020-02-02,0.22
Liberty County,2020-02-02,0.1
Madison County,2020-02-02,0.0
Manatee County,2020-02-02,5.14
Marion County,2020-02-02,1.87
Martin County,2020-02-02,5.41
Miami-Dade County,2020-02-02,4.61
Monroe County,2020-02-02,5.01
Nassau County,2020-02-02,0.0
Okaloosa County,2020-02-02,0.0
Okeechobee County,2020-02-02,7.82
Orange County,2020-02-02,3.31
Osceola County,2020-02-02,3.28
Palm Beach County,2020-02-02,5.54
Pasco County,2020-02-02,6.29
Pinellas County,2020-02-02,8.26
Polk County,2020-02-02,3.06
Putnam County,2020-02-02,0.2
St. Johns County,2020-02-02,0.0
St. Lucie County,2020-02-02,5.06
Santa Rosa County,2020-02-02,0.0
Sarasota County,2020-02-02,4.49
Seminole County,2020-02-02,3.93
Sumter County,2020-02-02,4.94
Suwannee County,2020-02-02,0.0
Taylor County,2020-02-02,0.0
Union County,2020-02-02,0.0
Volusia County,2020-02-02,3.03
Wakulla County,2020-02-02,0.0
Walton County,2020-02-02,0.0
Washington County,2020-02-02,0.0
Alachua County,2020-02-03,0.0
Baker County,2020-02-03,0.0
Bay County,2020-02-03,0.0
Bradford County,2020-02-03,0.0
Brevard County,2020-02-03,0.0
Broward County,2020-02-03,0.0
Calhoun County,2020-02-03,0.0
Charlotte County,2020-02-03,0.0
Citrus County,2020-02-03,0.0
Clay County,2020-02-03,0.0
Collier County,2020-02-03,0.01
Columbia County,2020-02-03,0.0
DeSoto County,2020-02-03,0.0
Dixie County,2020-02-03,0.0
Duval County,2020-02-03,0.0
Escambia County,2020-02-03,0.0
Flagler County,2020-02-03,0.0
Franklin County,2020-02-03,0.0
Gadsden County,2020-02-03,0.16
Gilchrist County,2020-02-03,0.0
Glades County,2020-02-03,0.0
Gulf County,2020-02-03,0.0
Hamilton County,2020-02-03,0.0
Hardee County,2020-02-03,0.0
Hendry County,2020-02-03,0.0
Hernando County,2020-02-03,0.0
Highlands County,2020-02-03,0.0
Hillsborough County,2020-02-03,0.0
Holmes County,2020-02-03,0.0
Indian River County,2020-02-03,0.0
Jackson County,2020-02-03,0.0
Jefferson County,2020-02-03,0.0
Lafayette County,2020-02-03,0.0
Lake County,2020-02-03,0.0
Lee County,2020-02-03,0.0
Leon County,2020-02-03,0.0
Levy County,2020-02-03,0.0
Liberty County,2020-02-03,0.0
Madison County,2020-02-03,0.0
Manatee County,2020-02-03,0.0
Marion County,2020-02-03,0.0
Martin County,2020-02-03,0.0
Miami-Dade County,2020-02-03,0.0
Monroe County,2020-02-03,0.0
Nassau County,2020-02-03,0.0
Okaloosa County,2020-02-03,0.0
Okeechobee County,2020-02-03,0.0
Orange County,2020-02-03,0.0
Osceola County,2020-02-03,0.0
Palm Beach County,2020-02-03,0.0
Pasco County,2020-02-03,0.0
Pinellas County,2020-02-03,0.0
Polk County,2020-02-03,0.0
Putnam County,2020-02-03,0.0
St. Johns County,2020-02-03,0.0
St. Lucie County,2020-02-03,0.0
Santa Rosa County,2020-02-03,0.0
Sarasota County,2020-02-03,0.0
Seminole County,2020-02-03,0.0
Sumter County,2020-02-03,0.0
Suwannee County,2020-02-03,0.0
Taylor County,2020-02-03,0.0
Union County,2020-02-03,0.0
Volusia County,2020-02-03,0.0
Wakulla County,2020-02-03,0.0
Walton County,2020-02-03,0.0
Washington County,2020-02-03,0.0
Alachua County,2020-02-04,0.0
Baker County,2020-02-04,0.0
Bay County,2020-02-04,0.0
Bradford County,2020-02-04,0.0
Brevard County,2020-02-04,0.0
Broward County,2020-02-04,0.0
Calhoun County,2020-02-04,0.0
Charlotte County,2020-02-04,0.0
Citrus County,2020-02-04,0.0
Clay County,2020-02-04,0.0
Collier County,2020-02-04,0.0
Columbia County,2020-02-04,0.0
DeSoto County,2020-02-04,0.0
Dixie County,2020-02-04,0.0
Duval County,2020-02-04,0.0
Escambia County,2020-02-04,0.0
Flagler County,2020-02-04,0.0
Franklin County,2020-02-04,0.0
Gadsden County,2020-02-04,0.0
Gilchrist County,2020-02-04,0.0
Glades County,2020-02-04,0.0
Gulf County,2020-02-04,0.0
Hamilton County,2020-02-04,0.0
Hardee County,2020-02-04,0.0
Hendry County,2020-02-04,0.0
Hernando County,2020-02-04,0.0
Highlands County,2020-02-04,0.01
Hillsborough County,2020-02-04,0.0
Holmes County,2020-02-04,0.0
Indian River County,2020-02-04,0.0
Jackson County,2020-02-04,0.0
Jefferson County,2020-02-04,0.0
Lafayette County,2020-02-04,0.0
Lake County,2020-02-04,0.0
Lee County,2020-02-04,0.0
Leon County,2020-02-04,0.0
Levy County,2020-02-04,0.0
Liberty County,2020-02-04,0.0
Madison County,2020-02-04,0.0
Manatee County,2020-02-04,0.0
Marion County,2020-02-04,0.0
Martin County,2020-02-04,0.0
Miami-Dade County,2020-02-04,0.0
Monroe County,2020-02-04,0.0
Nassau County,2020-02-04,0.0
Okaloosa County,2020-02-04,0.0
Okeechobee County,2020-02-04,0.0
Orange County,2020-02-04,0.0
Osceola County,2020-02-04,0.0
Palm Beach County,2020-02-04,0.0
Pasco County,2020-02-04,0.0
Pinellas County,2020-02-04,0.0
Polk County,2020-02-04,0.0
Putnam County,2020-02-04,0.0
St. Johns County,2020-02-04,0.0
St. Lucie County,2020-02-04,0.0
Santa Rosa County,2020-02-04,0.0
Sarasota County,2020-02-04,0.08
Seminole County,2020-02-04,0.0
Sumter County,2020-02-04,0.0
Suwannee County,2020-02-04,0.0
Taylor County,2020-02-04,0.0
Union County,2020-02-04,0.0
Volusia County,2020-02-04,0.0
Wakulla County,2020-02-04,0.0
Walton County,2020-02-04,0.0
Washington County,2020-02-04,0.0
Alachua County,2020-02-05,0.0
Baker County,2020-02-05,0.0
Bay County,2020-02-05,0.0
Bradford County,2020-02-05,0.0
Brevard County,2020-02-05,0.0
Broward County,2020-02-05,0.0
Calhoun County,2020-02-05,0.0
Charlotte County,2020-02-05,0.0
Citrus County,2020-02-05,0.0
Clay County,2020-02-05,0.0
Collier County,2020-02-05,0.0
Columbia County,2020-02-05,0.0
DeSoto County,2020-02-05,0.0
Dixie County,2020-02-05,0.0
Duval County,2020-02-05,0.0
Escambia County,2020-02-05,0.83
Flagler County,2020-02-05,0.01
Franklin County,2020-02-05,0.0
Gadsden County,2020-02-05,0.0
Gilchrist County,2020-02-05,0.0
Glades County,2020-02-05,0.0
Gulf County,2020-02-05,0.0
Hamilton County,2020-02-05,0.0
Hardee County,2020-02-05,0.0
Hendry County,2020-02-05,0.0
Hernando County,2020-02-05,0.0
Highlands County,2020-02-05,0.01
Hillsborough County,2020-02-05,0.0
Holmes County,2020-02-05,0.0
Indian River County,2020-02-05,0.0
Jackson County,2020-02-05,0.02
Jefferson County,2020-02-05,0.0
Lafayette County,2020-02-05,0.0
Lake County,2020-02-05,0.0
Lee County,2020-02-05,0.0
Leon County,2020-02-05,0.0
Levy County,2020-02-05,0.0
Liberty County,2020-02-05,0.0
Madison County,2020-02-05,0.0
Manatee County,2020-02-05,0.0
Marion County,2020-02-05,0.0
Martin County,2020-02-05,0.0
Miami-Dade County,2020-02-05,0.0
Monroe County,2020-02-05,0.0
Nassau County,2020-02-05,0.0
Okaloosa County,2020-02-05,0.13
Okeechobee County,2020-02-05,0.0
Orange County,2020-02-05,0.0
Osceola County,2020-02-05,0.0
Palm Beach County,2020-02-05,0.0
Pasco County,2020-02-05,0.0
Pinellas County,2020-02-05,0.0
Polk County,2020-02-05,0.0
Putnam County,2020-02-05,0.0
St. Johns County,2020-02-05,0.0
St. Lucie County,2020-02-05,0.0
Santa Rosa County,2020-02-05,0.79
Sarasota County,2020-02-05,0.0
Seminole County,2020-02-05,0.0
Sumter County,2020-02-05,0.04
Suwannee County,2020-02-05,0.0
Taylor County,2020-02-05,0.0
Union County,2020-02-05,0.0
Volusia County,2020-02-05,0.0
Wakulla County,2020-02-05,0.0
Walton County,2020-02-05,0.0
Washington County,2020-02-05,0.0
Alachua County,2020-02-06,0.0
Baker County,2020-02-06,0.0
Bay County,2020-02-06,8.68
Bradford County,2020-02-06,0.0
Brevard County,2020-02-06,0.0
Broward County,2020-02-06,0.0
Calhoun County,2020-02-06,7.39
Charlotte County,2020-02-06,0.0
Citrus County,2020-02-06,0.0
Clay County,2020-02-06,0.0
Collier County,2020-02-06,0.0
Columbia County,2020-02-06,0.0
DeSoto County,2020-02-06,0.0
Dixie County,2020-02-06,0.05
Duval County,2020-02-06,0.0
Escambia County,2020-02-06,32.14
Flagler County,2020-02-06,0.0
Franklin County,2020-02-06,0.53
Gadsden County,2020-02-06,7.49
Gilchrist County,2020-02-06,0.0
Glades County,2020-02-06,0.0
Gulf County,2020-02-06,0.31
Hamilton County,2020-02-06,0.78
Hardee County,2020-02-06,0.0
Hendry County,2020-02-06,0.01
Hernando County,2020-02-06,0.0
Highlands County,2020-02-06,0.0
Hillsborough County,2020-02-06,0.0
Holmes County,2020-02-06,41.73
Indian River County,2020-02-06,0.0
Jackson County,2020-02-06,21.02
Jefferson County,2020-02-06,3.85
Lafayette County,2020-02-06,0.02
Lake County,2020-02-06,0.0
Lee County,2020-02-06,0.0
Leon County,2020-02-06,4.07
Levy County,2020-02-06,0.0
Liberty County,2020-02-06,2.92
Madison County,2020-02-06,3.12
Manatee County,2020-02-06,0.0
Marion County,2020-02-06,0.0
Martin County,2020-02-06,0.0
Miami-Dade County,2020-02-06,0.0
Monroe County,2020-02-06,0.0
Nassau County,2020-02-06,0.0
Okaloosa County,2020-02-06,28.94
Okeechobee County,2020-02-06,0.0
Orange County,2020-02-06,0.0
Osceola County,2020-02-06,0.0
Palm Beach County,2020-02-06,0.0
Pasco County,2020-02-06,0.0
Pinellas County,2020-02-06,0.0
Polk County,2020-02-06,0.0
Putnam County,2020-02-06,0.0
St. Johns County,2020-02-06,0.0
St. Lucie County,2020-02-06,0.0
Santa Rosa County,2020-02-06,28.92
Sarasota County,2020-02-06,0.0
Seminole County,2020-02-06,0.0
Sumter County,2020-02-06,0.0
Suwannee County,2020-02-06,0.0
Taylor County,2020-02-06,1.04
Union County,2020-02-06,0.0
Volusia County,2020-02-06,0.0
Wakulla County,2020-02-06,1.65
Walton County,2020-02-06,29.13
Washington County,2020-02-06,20.93
Alachua County,2020-02-07,24.18
Baker County,2020-02-07,36.6
Bay County,2020-02-07,40.61
Bradford County,2020-02-07,26.85
Brevard County,2020-02-07,21.0
Broward County,2020-02-07,8.41
Calhoun County,2020-02-07,42.08
Charlotte County,2020-02-07,19.54
Citrus County,2020-02-07,21.18
Clay County,2020-02-07,23.83
Collier County,2020-02-07,11.43
Columbia County,2020-02-07,37.59
DeSoto County,2020-02-07,26.46
Dixie County,2020-02-07,31.77
Duval County,2020-02-07,26.96
Escambia County,2020-02-07,25.52
Flagler County,2020-02-07,15.65
Franklin County,2020-02-07,21.61
Gadsden County,2020-02-07,40.36
Gilchrist County,2020-02-07,30.21
Glades County,2020-02-07,26.66
Gulf County,2020-02-07,28.49
Hamilton County,2020-02-07,36.64
Hardee County,2020-02-07,23.49
Hendry County,2020-02-07,13.13
Hernando County,2020-02-07,19.41
Highlands County,2020-02-07,30.77
Hillsborough County,2020-02-07,20.91
Holmes County,2020-02-07,56.93
Indian River County,2020-02-07,20.71
Jackson County,2020-02-07,47.53
Jefferson County,2020-02-07,33.25
Lafayette County,2020-02-07,35.37
Lake County,2020-02-07,19.32
Lee County,2020-02-07,14.64
Leon County,2020-02-07,32.16
Levy County,2020-02-07,23.3
Liberty County,2020-02-07,34.05
Madison County,2020-02-07,36.5
Manatee County,2020-02-07,24.0
Marion County,2020-02-07,17.73
Martin County,2020-02-07,13.21
Miami-Dade County,2020-02-07,5.37
Monroe County,2020-02-07,7.86
Nassau County,2020-02-07,30.59
Okaloosa County,2020-02-07,45.53
Okeechobee County,2020-02-07,25.66
Orange County,2020-02-07,17.98
Osceola County,2020-02-07,20.16
Palm Beach County,2020-02-07,14.06
Pasco County,2020-02-07,21.37
Pinellas County,2020-02-07,23.99
Polk County,2020-02-07,18.95
Putnam County,2020-02-07,15.22
St. Johns County,2020-02-07,18.62
St. Lucie County,2020-02-07,14.67
Santa Rosa County,2020-02-07,34.06
Sarasota County,2020-02-07,20.28
Seminole County,2020-02-07,20.18
Sumter County,2020-02-07,17.17
Suwannee County,2020-02-07,36.34
Taylor County,2020-02-07,38.14
Union County,2020-02-07,32.22
Volusia County,2020-02-07,20.4
Wakulla County,2020-02-07,30.06
Walton County,2020-02-07,50.16
Washington County,2020-02-07,48.43
Alachua County,2020-02-08,0.0
Baker County,2020-02-08,0.0
Bay County,2020-02-08,0.0
Bradford County,2020-02-08,0.0
Brevard County,2020-02-08,0.0
Broward County,2020-02-08,6.1
Calhoun County,2020-02-08,0.0
Charlotte County,2020-02-08,0.0
Citrus County,2020-02-08,0.0
Clay County,2020-02-08,0.0
Collier County,2020-02-08,0.5
Columbia County,2020-02-08,0.0
DeSoto County,2020-02-08,0.0
Dixie County,2020-02-08,0.0
Duval County,2020-02-08,0.02
Escambia County,2020-02-08,0.0
Flagler County,2020-02-08,0.0
Franklin County,2020-02-08,0.0
Gadsden County,2020-02-08,0.0
Gilchrist County,2020-02-08,0.0
Glades County,2020-02-08,0.0
Gulf County,2020-02-08,0.0
Hamilton County,2020-02-08,0.0
Hardee County,2020-02-08,0.0
Hendry County,2020-02-08,0.16
Hernando County,2020-02-08,0.0
Highlands County,2020-02-08,0.0
Hillsborough County,2020-02-08,0.03
Holmes County,2020-02-08,0.0
Indian River County,2020-02-08,0.0
Jackson County,2020-02-08,0.0
Jefferson County,2020-02-08,0.0
Lafayette County,2020-02-08,0.0
Lake County,2020-02-08,0.0
Lee County,2020-02-08,0.0
Leon County,2020-02-08,0.0
Levy County,2020-02-08,0.0
Liberty County,2020-02-08,0.0
Madison County,2020-02-08,0.0
Manatee County,2020-02-08,0.04
Marion County,2020-02-08,0.0
Martin County,2020-02-08,0.47
Miami-Dade County,2020-02-08,5.36
Monroe County,2020-02-08,2.11
Nassau County,2020-02-08,0.0
Okaloosa County,2020-02-08,0.0
Okeechobee County,2020-02-08,0.05
Orange County,2020-02-08,0.0
Osceola County,2020-02-08,0.01
Palm Beach County,2020-02-08,4.08
Pasco County,2020-02-08,0.0
Pinellas County,2020-02-08,0.0
Polk County,2020-02-08,0.0
Putnam County,2020-02-08,0.0
St. Johns County,2020-02-08,0.0
St. Lucie County,2020-02-08,0.01
Santa Rosa County,2020-02-08,0.0
Sarasota County,2020-02-08,0.41
Seminole County,2020-02-08,0.0
Sumter County,2020-02-08,0.0
Suwannee County,2020-02-08,0.0
Taylor County,2020-02-08,0.0
Union County,2020-02-08,0.0
Volusia County,2020-02-08,0.0
Wakulla County,2020-02-08,0.0
Walton County,2020-02-08,0.0
Washington County,2020-02-08,0.0
Alachua County,2020-02-09,0.0
Baker County,2020-02-09,0.0
Bay County,2020-02-09,0.0
Bradford County,2020-02-09,0.0
Brevard County,2020-02-09,0.0
Broward County,2020-02-09,0.0
Calhoun County,2020-02-09,0.0
Charlotte County,2020-02-09,0.0
Citrus County,2020-02-09,0.0
Clay County,2020-02-09,0.0
Collier County,2020-02-09,0.0
Columbia County,2020-02-09,0.0
DeSoto County,2020-02-09,0.0
Dixie County,2020-02-09,0.0
Duval County,2020-02-09,0.0
Escambia County,2020-02-09,0.1
Flagler County,2020-02-09,0.0
Franklin County,2020-02-09,0.0
Gadsden County,2020-02-09,0.0
Gilchrist County,2020-02-09,0.0
Glades County,2020-02-09,0.0
Gulf County,2020-02-09,0.0
Hamilton County,2020-02-09,0.0
Hardee County,2020-02-09,0.0
Hendry County,2020-02-09,0.0
Hernando County,2020-02-09,0.0
Highlands County,2020-02-09,0.0
Hillsborough County,2020-02-09,0.0
Holmes County,2020-02-09,0.0
Indian River County,2020-02-09,0.0
Jackson County,2020-02-09,0.0
Jefferson County,2020-02-09,0.0
Lafayette County,2020-02-09,0.0
Lake County,2020-02-09,0.0
Lee County,2020-02-09,0.0
Leon County,2020-02-09,0.0
Levy County,2020-02-09,0.0
Liberty County,2020-02-09,0.0
Madison County,2020-02-09,0.0
Manatee County,2020-02-09,0.0
Marion County,2020-02-09,0.0
Martin County,2020-02-09,0.0
Miami-Dade County,2020-02-09,0.0
Monroe County,2020-02-09,0.0
Nassau County,2020-02-09,0.0
Okaloosa County,2020-02-09,0.0
Okeechobee County,2020-02-09,0.0
Orange County,2020-02-09,0.0
Osceola County,2020-02-09,0.0
Palm Beach County,2020-02-09,0.0
Pasco County,2020-02-09,0.0
Pinellas County,2020-02-09,0.0
Polk County,2020-02-09,0.0
Putnam County,2020-02-09,0.0
St. Johns County,2020-02-09,0.0
St. Lucie County,2020-02-09,0.0
Santa Rosa County,2020-02-09,0.0
Sarasota County,2020-02-09,0.0
Seminole County,2020-02-09,0.0
Sumter County,2020-02-09,0.0
Suwannee County,2020-02-09,0.0
Taylor County,2020-02-09,0.0
Union County,2020-02-09,0.0
Volusia County,2020-02-09,0.0
Wakulla County,2020-02-09,0.0
Walton County,2020-02-09,0.0
Washington County,2020-02-09,0.0
Alachua County,2020-02-10,0.0
Baker County,2020-02-10,0.0
Bay County,2020-02-10,0.0
Bradford County,2020-02-10,0.0
Brevard County,2020-02-10,0.0
Broward County,2020-02-10,0.0
Calhoun County,2020-02-10,0.0
Charlotte County,2020-02-10,0.0
Citrus County,2020-02-10,0.0
Clay County,2020-02-10,0.0
Collier County,2020-02-10,0.0
Columbia County,2020-02-10,0.0
DeSoto County,2020-02-10,0.0
Dixie County,2020-02-10,0.0
Duval County,2020-02-10,0.0
Escambia County,2020-02-10,0.0
Flagler County,2020-02-10,0.01
Franklin County,2020-02-10,0.0
Gadsden County,2020-02-10,0.0
Gilchrist County,2020-02-10,0.0
Glades County,2020-02-10,0.0
Gulf County,2020-02-10,0.0
Hamilton County,2020-02-10,0.0
Hardee County,2020-02-10,0.0
Hendry County,2020-02-10,0.0
Hernando County,2020-02-10,0.0
Highlands County,2020-02-10,0.0
Hillsborough County,2020-02-10,0.01
Holmes County,2020-02-10,0.0
Indian River County,2020-02-10,0.0
Jackson County,2020-02-10,0.0
Jefferson County,2020-02-10,0.0
Lafayette County,2020-02-10,0.0
Lake County,2020-02-10,0.0
Lee County,2020-02-10,0.0
Leon County,2020-02-10,0.0
Levy County,2020-02-10,0.0
Liberty County,2020-02-10,0.0
Madison County,2020-02-10,0.0
Manatee County,2020-02-10,0.0
Marion County,2020-02-10,0.0
Martin County,2020-02-10,0.0
Miami-Dade County,2020-02-10,0.0
Monroe County,2020-02-10,0.0
Nassau County,2020-02-10,0.0
Okaloosa County,2020-02-10,0.0
Okeechobee County,2020-02-10,0.0
Orange County,2020-02-10,0.0
Osceola County,2020-02-10,0.0
Palm Beach County,2020-02-10,0.0
Pasco County,2020-02-10,0.02
Pinellas County,2020-02-10,0.0
Polk County,2020-02-10,0.0
Putnam County,2020-02-10,0.0
St. Johns County,2020-02-10,0.0
St. Lucie County,2020-02-10,0.0
Santa Rosa County,2020-02-10,0.0
Sarasota County,2020-02-10,0.0
Seminole County,2020-02-10,0.0
Sumter County,2020-02-10,0.0
Suwannee County,2020-02-10,0.0
Taylor County,2020-02-10,0.0
Union County,2020-02-10,0.0
Volusia County,2020-02-10,0.0
Wakulla County,2020-02-10,0.0
Walton County,2020-02-10,0.0
Washington County,2020-02-10,0.0
Alachua County,2020-02-11,0.0
Baker County,2020-02-11,0.0
Bay County,2020-02-11,0.0
Bradford County,2020-02-11,0.0
Brevard County,2020-02-11,0.0
Broward County,2020-02-11,0.0
Calhoun County,2020-02-11,0.0
Charlotte County,2020-02-11,0.0
Citrus County,2020-02-11,0.0
Clay County,2020-02-11,0.0
Collier County,2020-02-11,0.0
Columbia County,2020-02-11,0.0
DeSoto County,2020-02-11,0.0
Dixie County,2020-02-11,0.0
Duval County,2020-02-11,0.0
Escambia County,2020-02-11,0.0
Flagler County,2020-02-11,0.01
Franklin County,2020-02-11,0.0
Gadsden County,2020-02-11,0.0
Gilchrist County,2020-02-11,0.0
Glades County,2020-02-11,0.0
Gulf County,2020-02-11,0.0
Hamilton County,2020-02-11,0.0
Hardee County,2020-02-11,0.0
Hendry County,2020-02-11,0.0
Hernando County,2020-02-11,0.0
Highlands County,2020-02-11,0.01
Hillsborough County,2020-02-11,0.0
Holmes County,2020-02-11,0.28
Indian River County,2020-02-11,0.0
Jackson County,2020-02-11,0.05
Jefferson County,2020-02-11,0.0
Lafayette County,2020-02-11,0.0
Lake County,2020-02-11,0.0
Lee County,2020-02-11,0.0
Leon County,2020-02-11,0.0
Levy County,2020-02-11,0.0
Liberty County,2020-02-11,0.0
Madison County,2020-02-11,0.0
Manatee County,2020-02-11,0.0
Marion County,2020-02-11,0.0
Martin County,2020-02-11,0.0
Miami-Dade County,2020-02-11,0.18
Monroe County,2020-02-11,0.05
Nassau County,2020-02-11,0.0
Okaloosa County,2020-02-11,0.0
Okeechobee County,2020-02-11,0.0
Orange County,2020-02-11,0.0
Osceola County,2020-02-11,0.0
Palm Beach County,2020-02-11,0.04
Pasco County,2020-02-11,0.0
Pinellas County,2020-02-11,0.0
Polk County,2020-02-11,0.0
Putnam County,2020-02-11,0.0
St. Johns County,2020-02-11,0.0
St. Lucie County,2020-02-11,0.0
Santa Rosa County,2020-02-11,0.0
Sarasota County,2020-02-11,0.06
Seminole County,2020-02-11,0.0
Sumter County,2020-02-11,0.0
Suwannee County,2020-02-11,0.0
Taylor County,2020-02-11,0.0
Union County,2020-02-11,0.0
Volusia County,2020-02-11,0.0
Wakulla County,2020-02-11,0.0
Walton County,2020-02-11,0.06
Washington County,2020-02-11,0.0
Alachua County,2020-02-12,0.0
Baker County,2020-02-12,0.0
Bay County,2020-02-12,0.06
Bradford County,2020-02-12,0.0
Brevard County,2020-02-12,0.0
Broward County,2020-02-12,0.0
Calhoun County,2020-02-12,0.03
Charlotte County,2020-02-12,0.0
Citrus County,2020-02-12,0.07
Clay County,2020-02-12,0.0
Collier County,2020-02-12,0.0
Columbia County,2020-02-12,0.0
DeSoto County,2020-02-12,0.0
Dixie County,2020-02-12,0.0
Duval County,2020-02-12,0.0
Escambia County,2020-02-12,0.91
Flagler County,2020-02-12,0.01
Franklin County,2020-02-12,0.0
Gadsden County,2020-02-12,0.0
Gilchrist County,2020-02-12,0.0
Glades County,2020-02-12,0.0
Gulf County,2020-02-12,0.0
Hamilton County,2020-02-12,0.0
Hardee County,2020-02-12,0.0
Hendry County,2020-02-12,0.0
Hernando County,2020-02-12,0.0
Highlands County,2020-02-12,0.01
Hillsborough County,2020-02-12,0.0
Holmes County,2020-02-12,0.63
Indian River County,2020-02-12,0.02
Jackson County,2020-02-12,0.44
Jefferson County,2020-02-12,0.0
Lafayette County,2020-02-12,0.0
Lake County,2020-02-12,0.0
Lee County,2020-02-12,0.0
Leon County,2020-02-12,0.0
Levy County,2020-02-12,0.0
Liberty County,2020-02-12,0.0
Madison County,2020-02-12,0.0
Manatee County,2020-02-12,0.0
Marion County,2020-02-12,0.0
Martin County,2020-02-12,0.0
Miami-Dade County,2020-02-12,0.0
Monroe County,2020-02-12,0.0
Nassau County,2020-02-12,0.0
Okaloosa County,2020-02-12,0.47
Okeechobee County,2020-02-12,0.0
Orange County,2020-02-12,0.0
Osceola County,2020-02-12,0.0
Palm Beach County,2020-02-12,0.0
Pasco County,2020-02-12,0.0
Pinellas County,2020-02-12,0.0
Polk County,2020-02-12,0.0
Putnam County,2020-02-12,0.0
St. Johns County,2020-02-12,0.0
St. Lucie County,2020-02-12,0.0
Santa Rosa County,2020-02-12,0.68
Sarasota County,2020-02-12,0.0
Seminole County,2020-02-12,0.0
Sumter County,2020-02-12,0.0
Suwannee County,2020-02-12,0.0
Taylor County,2020-02-12,0.0
Union County,2020-02-12,0.0
Volusia County,2020-02-12,0.0
Wakulla County,2020-02-12,0.0
Walton County,2020-02-12,0.43
Washington County,2020-02-12,0.45
Alachua County,2020-02-13,0.0
Baker County,2020-02-13,0.0
Bay County,2020-02-13,0.0
Bradford County,2020-02-13,0.0
Brevard County,2020-02-13,0.0
Broward County,2020-02-13,0.0
Calhoun County,2020-02-13,0.0
Charlotte County,2020-02-13,0.0
Citrus County,2020-02-13,0.0
Clay County,2020-02-13,0.0
Collier County,2020-02-13,0.04
Columbia County,2020-02-13,0.0
DeSoto County,2020-02-13,0.0
Dixie County,2020-02-13,0.04
Duval County,2020-02-13,0.0
Escambia County,2020-02-13,6.65
Flagler County,2020-02-13,0.01
Franklin County,2020-02-13,0.0
Gadsden County,2020-02-13,0.0
Gilchrist County,2020-02-13,0.0
Glades County,2020-02-13,0.0
Gulf County,2020-02-13,0.0
Hamilton County,2020-02-13,0.0
Hardee County,2020-02-13,0.0
Hendry County,2020-02-13,0.05
Hernando County,2020-02-13,0.0
Highlands County,2020-02-13,0.0
Hillsborough County,2020-02-13,0.03
Holmes County,2020-02-13,1.69
Indian River County,2020-02-13,0.02
Jackson County,2020-02-13,0.13
Jefferson County,2020-02-13,0.0
Lafayette County,2020-02-13,0.0
Lake County,2020-02-13,0.0
Lee County,2020-02-13,0.0
Leon County,2020-02-13,0.0
Levy County,2020-02-13,0.0
Liberty County,2020-02-13,0.0
Madison County,2020-02-13,0.0
Manatee County,2020-02-13,0.06
Marion County,2020-02-13,0.0
Martin County,2020-02-13,0.0
Miami-Dade County,2020-02-13,0.0
Monroe County,2020-02-13,0.03
Nassau County,2020-02-13,0.0
Okaloosa County,2020-02-13,4.08
Okeechobee County,2020-02-13,0.0
Orange County,2020-02-13,0.0
Osceola County,2020-02-13,0.0
Palm Beach County,2020-02-13,0.0
Pasco County,2020-02-13,0.0
Pinellas County,2020-02-13,0.0
Polk County,2020-02-13,0.0
Putnam County,2020-02-13,0.0
St. Johns County,2020-02-13,0.0
St. Lucie County,2020-02-13,0.0
Santa Rosa County,2020-02-13,5.71
Sarasota County,2020-02-13,0.21
Seminole County,2020-02-13,0.0
Sumter County,2020-02-13,0.0
Suwannee County,2020-02-13,0.0
Taylor County,2020-02-13,0.0
Union County,2020-02-13,0.0
Volusia County,2020-02-13,0.0
Wakulla County,2020-02-13,0.0
Walton County,2020-02-13,1.98
Washington County,2020-02-13,0.39
Alachua County,2020-02-14,2.55
Baker County,2020-02-14,8.99
Bay County,2020-02-14,14.38
Bradford County,2020-02-14,4.04
Brevard County,2020-02-14,0.0
Broward County,2020-02-14,0.0
Calhoun County,2020-02-14,14.75
Charlotte County,2020-02-14,0.03
Citrus County,2020-02-14,0.36
Clay County,2020-02-14,3.62
Collier County,2020-02-14,0.0
Columbia County,2020-02-14,9.68
DeSoto County,2020-02-14,0.03
Dixie County,2020-02-14,5.62
Duval County,2020-02-14,6.43
Escambia County,2020-02-14,1.12
Flagler County,2020-02-14,0.6
Franklin County,2020-02-14,8.2
Gadsden County,2020-02-14,15.86
Gilchrist County,2020-02-14,4.67
Glades County,2020-02-14,0.0
Gulf County,2020-02-14,10.54
Hamilton County,2020-02-14,12.67
Hardee County,2020-02-14,0.0
Hendry County,2020-02-14,0.0
Hernando County,2020-02-14,0.0
Highlands County,2020-02-14,0.0
Hillsborough County,2020-02-14,0.0
Holmes County,2020-02-14,16.46
Indian River County,2020-02-14,0.0
Jackson County,2020-02-14,13.57
Jefferson County,2020-02-14,16.67
Lafayette County,2020-02-14,9.33
Lake County,2020-02-14,0.04
Lee County,2020-02-14,0.0
Leon County,2020-02-14,15.15
Levy County,2020-02-14,1.8
Liberty County,2020-02-14,12.95
Madison County,2020-02-14,15.58
Manatee County,2020-02-14,0.01
Marion County,2020-02-14,0.66
Martin County,2020-02-14,2.66
Miami-Dade County,2020-02-14,0.0
Monroe County,2020-02-14,0.0
Nassau County,2020-02-14,8.74
Okaloosa County,2020-02-14,9.02
Okeechobee County,2020-02-14,0.02
Orange County,2020-02-14,0.0
Osceola County,2020-02-14,0.0
Palm Beach County,2020-02-14,1.49
Pasco County,2020-02-14,0.0
Pinellas County,2020-02-14,0.0
Polk County,2020-02-14,0.0
Putnam County,2020-02-14,1.09
St. Johns County,2020-02-14,2.25
St. Lucie County,2020-02-14,1.27
Santa Rosa County,2020-02-14,3.22
Sarasota County,2020-02-14,0.16
Seminole County,2020-02-14,0.0
Sumter County,2020-02-14,0.0
Suwannee County,2020-02-14,10.46
Taylor County,2020-02-14,13.55
Union County,2020-02-14,6.09
Volusia County,2020-02-14,0.22
Wakulla County,2020-02-14,12.92
Walton County,2020-02-14,14.01
Washington County,2020-02-14,16.35
Alachua County,2020-02-15,1.21
Baker County,2020-02-15,1.46
Bay County,2020-02-15,0.0
Bradford County,2020-02-15,1.68
Brevard County,2020-02-15,0.72
Broward County,2020-02-15,2.57
Calhoun County,2020-02-15,0.0
Charlotte County,2020-02-15,4.08
Citrus County,2020-02-15,1.12
Clay County,2020-02-15,2.54
Collier County,2020-02-15,0.4
Columbia County,2020-02-15,1.27
DeSoto County,2020-02-15,6.05
Dixie County,2020-02-15,0.81
Duval County,2020-02-15,3.19
Escambia County,2020-02-15,0.0
Flagler County,2020-02-15,2.63
Franklin County,2020-02-15,0.13
Gadsden County,2020-02-15,0.22
Gilchrist County,2020-02-15,1.0
Glades County,2020-02-15,3.37
Gulf County,2020-02-15,0.0
Hamilton County,2020-02-15,0.78
Hardee County,2020-02-15,4.58
Hendry County,2020-02-15,2.03
Hernando County,2020-02-15,0.9
Highlands County,2020-02-15,3.62
Hillsborough County,2020-02-15,1.74
Holmes County,2020-02-15,0.0
Indian River County,2020-02-15,0.68
Jackson County,2020-02-15,0.0
Jefferson County,2020-02-15,0.76
Lafayette County,2020-02-15,1.02
Lake County,2020-02-15,3.13
Lee County,2020-02-15,0.78
Leon County,2020-02-15,0.67
Levy County,2020-02-15,0.73
Liberty County,2020-02-15,0.07
Madison County,2020-02-15,0.8
Manatee County,2020-02-15,5.36
Marion County,2020-02-15,1.84
Martin County,2020-02-15,3.42
Miami-Dade County,2020-02-15,0.75
Monroe County,2020-02-15,0.97
Nassau County,2020-02-15,1.47
Okaloosa County,2020-02-15,0.0
Okeechobee County,2020-02-15,1.07
Orange County,2020-02-15,2.14
Osceola County,2020-02-15,1.1
Palm Beach County,2020-02-15,5.78
Pasco County,2020-02-15,0.78
Pinellas County,2020-02-15,0.21
Polk County,2020-02-15,2.14
Putnam County,2020-02-15,1.95
St. Johns County,2020-02-15,3.21
St. Lucie County,2020-02-15,1.75
Santa Rosa County,2020-02-15,0.0
Sarasota County,2020-02-15,6.34
Seminole County,2020-02-15,2.42
Sumter County,2020-02-15,2.17
Suwannee County,2020-02-15,1.06
Taylor County,2020-02-15,1.0
Union County,2020-02-15,1.55
Volusia County,2020-02-15,2.69
Wakulla County,2020-02-15,0.65
Walton County,2020-02-15,0.0
Washington County,2020-02-15,0.0
Alachua County,2020-02-16,0.0
Baker County,2020-02-16,0.0
Bay County,2020-02-16,0.0
Bradford County,2020-02-16,0.0
Brevard County,2020-02-16,0.0
Broward County,2020-02-16,14.98
Calhoun County,2020-02-16,0.0
Charlotte County,2020-02-16,0.0
Citrus County,2020-02-16,0.0
Clay County,2020-02-16,0.0
Collier County,2020-02-16,1.61
Columbia County,2020-02-16,0.0
DeSoto County,2020-02-16,0.0
Dixie County,2020-02-16,0.0
Duval County,2020-02-16,0.0
Escambia County,2020-02-16,3.4
Flagler County,2020-02-16,0.0
Franklin County,2020-02-16,0.0
Gadsden County,2020-02-16,0.0
Gilchrist County,2020-02-16,0.0
Glades County,2020-02-16,0.06
Gulf County,2020-02-16,0.0
Hamilton County,2020-02-16,0.0
Hardee County,2020-02-16,0.0
Hendry County,2020-02-16,1.07
Hernando County,2020-02-16,0.0
Highlands County,2020-02-16,0.0
Hillsborough County,2020-02-16,0.0
Holmes County,2020-02-16,2.63
Indian River County,2020-02-16,0.22
Jackson County,2020-02-16,0.94
Jefferson County,2020-02-16,0.0
Lafayette County,2020-02-16,0.0
Lake County,2020-02-16,0.0
Lee County,2020-02-16,0.0
Leon County,2020-02-16,0.0
Levy County,2020-02-16,0.0
Liberty County,2020-02-16,0.0
Madison County,2020-02-16,0.0
Manatee County,2020-02-16,0.0
Marion County,2020-02-16,0.0
Martin County,2020-02-16,2.32
Miami-Dade County,2020-02-16,17.25
Monroe County,2020-02-16,5.73
Nassau County,2020-02-16,0.0
Okaloosa County,2020-02-16,0.21
Okeechobee County,2020-02-16,0.19
Orange County,2020-02-16,0.0
Osceola County,2020-02-16,0.0
Palm Beach County,2020-02-16,8.65
Pasco County,2020-02-16,0.0
Pinellas County,2020-02-16,0.0
Polk County,2020-02-16,0.0
Putnam County,2020-02-16,0.0
St. Johns County,2020-02-16,0.0
St. Lucie County,2020-02-16,0.82
Santa Rosa County,2020-02-16,0.55
Sarasota County,2020-02-16,0.0
Seminole County,2020-02-16,0.0
Sumter County,2020-02-16,0.01
Suwannee County,2020-02-16,0.0
Taylor County,2020-02-16,0.0
Union County,2020-02-16,0.0
Volusia County,2020-02-16,0.0
Wakulla County,2020-02-16,0.0
Walton County,2020-02-16,0.68
Washington County,2020-02-16,0.98
Alachua County,2020-02-17,5.99
Baker County,2020-02-17,17.27
Bay County,2020-02-17,8.37
Bradford County,2020-02-17,9.07
Brevard County,2020-02-17,10.75
Broward County,2020-02-17,4.9
Calhoun County,2020-02-17,8.97
Charlotte County,2020-02-17,2.74
Citrus County,2020-02-17,3.06
Clay County,2020-02-17,10.48
Collier County,2020-02-17,1.61
Columbia County,2020-02-17,17.95
DeSoto County,2020-02-17,4.12
Dixie County,2020-02-17,11.21
Duval County,2020-02-17,16.23
Escambia County,2020-02-17,10.67
Flagler County,2020-02-17,7.24
Franklin County,2020-02-17,4.43
Gadsden County,2020-02-17,11.99
Gilchrist County,2020-02-17,10.38
Glades County,2020-02-17,10.77
Gulf County,2020-02-17,4.86
Hamilton County,2020-02-17,22.44
Hardee County,2020-02-17,3.39
Hendry County,2020-02-17,5.82
Hernando County,2020-02-17,2.1
Highlands County,2020-02-17,8.96
Hillsborough County,2020-02-17,1.0
Holmes County,2020-02-17,15.7
Indian River County,2020-02-17,6.32
Jackson County,2020-02-17,12.43
Jefferson County,2020-02-17,16.39
Lafayette County,2020-02-17,19.41
Lake County,2020-02-17,7.12
Lee County,2020-02-17,1.74
Leon County,2020-02-17,11.49
Levy County,2020-02-17,4.7
Liberty County,2020-02-17,7.42
Madison County,2020-02-17,22.41
Manatee County,2020-02-17,0.21
Marion County,2020-02-17,4.39
Martin County,2020-02-17,4.74
Miami-Dade County,2020-02-17,0.88
Monroe County,2020-02-17,0.0
Nassau County,2020-02-17,16.84
Okaloosa County,2020-02-17,13.64
Okeechobee County,2020-02-17,7.17
Orange County,2020-02-17,9.63
Osceola County,2020-02-17,7.95
Palm Beach County,2020-02-17,7.56
Pasco County,2020-02-17,1.58
Pinellas County,2020-02-17,0.01
Polk County,2020-02-17,4.45
Putnam County,2020-02-17,5.43
St. Johns County,2020-02-17,9.77
St. Lucie County,2020-02-17,4.46
Santa Rosa County,2020-02-17,12.06
Sarasota County,2020-02-17,0.0
Seminole County,2020-02-17,12.02
Sumter County,2020-02-17,4.11
Suwannee County,2020-02-17,21.21
Taylor County,2020-02-17,18.95
Union County,2020-02-17,11.97
Volusia County,2020-02-17,11.42
Wakulla County,2020-02-17,8.95
Walton County,2020-02-17,13.59
Washington County,2020-02-17,11.42
Alachua County,2020-02-18,0.61
Baker County,2020-02-18,0.8
Bay County,2020-02-18,0.0
Bradford County,2020-02-18,0.6
Brevard County,2020-02-18,0.0
Broward County,2020-02-18,0.0
Calhoun County,2020-02-18,0.01
Charlotte County,2020-02-18,0.0
Citrus County,2020-02-18,0.01
Clay County,2020-02-18,0.51
Collier County,2020-02-18,0.03
Columbia County,2020-02-18,1.01
DeSoto County,2020-02-18,0.0
Dixie County,2020-02-18,1.06
Duval County,2020-02-18,0.59
Escambia County,2020-02-18,0.0
Flagler County,2020-02-18,0.31
Franklin County,2020-02-18,0.03
Gadsden County,2020-02-18,0.42
Gilchrist County,2020-02-18,1.11
Glades County,2020-02-18,0.0
Gulf County,2020-02-18,0.0
Hamilton County,2020-02-18,0.87
Hardee County,2020-02-18,0.0
Hendry County,2020-02-18,0.03
Hernando County,2020-02-18,0.0
Highlands County,2020-02-18,0.0
Hillsborough County,2020-02-18,0.01
Holmes County,2020-02-18,0.0
Indian River County,2020-02-18,0.01
Jackson County,2020-02-18,0.13
Jefferson County,2020-02-18,0.49
Lafayette County,2020-02-18,1.0
Lake County,2020-02-18,0.0
Lee County,2020-02-18,0.0
Leon County,2020-02-18,0.39
Levy County,2020-02-18,0.9
Liberty County,2020-02-18,0.12
Madison County,2020-02-18,0.72
Manatee County,2020-02-18,0.0
Marion County,2020-02-18,0.04
Martin County,2020-02-18,0.0
Miami-Dade County,2020-02-18,0.01
Monroe County,2020-02-18,0.03
Nassau County,2020-02-18,0.64
Okaloosa County,2020-02-18,0.0
Okeechobee County,2020-02-18,0.0
Orange County,2020-02-18,0.0
Osceola County,2020-02-18,0.0
Palm Beach County,2020-02-18,0.0
Pasco County,2020-02-18,0.0
Pinellas County,2020-02-18,0.0
Polk County,2020-02-18,0.0
Putnam County,2020-02-18,0.27
St. Johns County,2020-02-18,0.41
St. Lucie County,2020-02-18,0.0
Santa Rosa County,2020-02-18,0.0
Sarasota County,2020-02-18,0.0
Seminole County,2020-02-18,0.03
Sumter County,2020-02-18,0.0
Suwannee County,2020-02-18,1.0
Taylor County,2020-02-18,0.77
Union County,2020-02-18,0.83
Volusia County,2020-02-18,0.06
Wakulla County,2020-02-18,0.31
Walton County,2020-02-18,0.0
Washington County,2020-02-18,0.0
Alachua County,2020-02-19,0.0
Baker County,2020-02-19,0.0
Bay County,2020-02-19,0.51
Bradford County,2020-02-19,0.0
Brevard County,2020-02-19,0.0
Broward County,2020-02-19,0.0
Calhoun County,2020-02-19,0.52
Charlotte County,2020-02-19,0.01
Citrus County,2020-02-19,0.0
Clay County,2020-02-19,0.0
Collier County,2020-02-19,0.0
Columbia County,2020-02-19,0.0
DeSoto County,2020-02-19,0.0
Dixie County,2020-02-19,0.03
Duval County,2020-02-19,0.0
Escambia County,2020-02-19,1.6
Flagler County,2020-02-19,0.0
Franklin County,2020-02-19,0.0
Gadsden County,2020-02-19,0.69
Gilchrist County,2020-02-19,0.0
Glades County,2020-02-19,0.08
Gulf County,2020-02-19,0.06
Hamilton County,2020-02-19,0.04
Hardee County,2020-02-19,0.0
Hendry County,2020-02-19,0.01
Hernando County,2020-02-19,0.0
Highlands County,2020-02-19,0.0
Hillsborough County,2020-02-19,0.0
Holmes County,2020-02-19,2.34
Indian River County,2020-02-19,0.0
Jackson County,2020-02-19,1.18
Jefferson County,2020-02-19,0.26
Lafayette County,2020-02-19,0.0
Lake County,2020-02-19,0.0
Lee County,2020-02-19,0.0
Leon County,2020-02-19,0.46
Levy County,2020-02-19,0.0
Liberty County,2020-02-19,0.28
Madison County,2020-02-19,0.07
Manatee County,2020-02-19,0.0
Marion County,2020-02-19,0.0
Martin County,2020-02-19,0.0
Miami-Dade County,2020-02-19,0.0
Monroe County,2020-02-19,0.0
Nassau County,2020-02-19,0.0
Okaloosa County,2020-02-19,2.08
Okeechobee County,2020-02-19,0.0
Orange County,2020-02-19,0.0
Osceola County,2020-02-19,0.0
Palm Beach County,2020-02-19,0.04
Pasco County,2020-02-19,0.0
Pinellas County,2020-02-19,0.0
Polk County,2020-02-19,0.01
Putnam County,2020-02-19,0.0
St. Johns County,2020-02-19,0.0
St. Lucie County,2020-02-19,0.0
Santa Rosa County,2020-02-19,1.79
Sarasota County,2020-02-19,0.0
Seminole County,2020-02-19,0.03
Sumter County,2020-02-19,0.0
Suwannee County,2020-02-19,0.0
Taylor County,2020-02-19,0.0
Union County,2020-02-19,0.0
Volusia County,2020-02-19,0.0
Wakulla County,2020-02-19,0.13
Walton County,2020-02-19,1.8
Washington County,2020-02-19,1.1
Alachua County,2020-02-20,0.0
Baker County,2020-02-20,0.0
Bay County,2020-02-20,0.0
Bradford County,2020-02-20,0.0
Brevard County,2020-02-20,0.35
Broward County,2020-02-20,0.0
Calhoun County,2020-02-20,0.0
Charlotte County,2020-02-20,0.0
Citrus County,2020-02-20,0.04
Clay County,2020-02-20,0.0
Collier County,2020-02-20,0.0
Columbia County,2020-02-20,0.02
DeSoto County,2020-02-20,0.0
Dixie County,2020-02-20,0.0
Duval County,2020-02-20,0.18
Escambia County,2020-02-20,1.29
Flagler County,2020-02-20,0.0
Franklin County,2020-02-20,0.0
Gadsden County,2020-02-20,0.0
Gilchrist County,2020-02-20,0.0
Glades County,2020-02-20,0.03
Gulf County,2020-02-20,0.0
Hamilton County,2020-02-20,0.0
Hardee County,2020-02-20,0.0
Hendry County,2020-02-20,0.01
Hernando County,2020-02-20,0.0
Highlands County,2020-02-20,0.01
Hillsborough County,2020-02-20,0.0
Holmes County,2020-02-20,0.0
Indian River County,2020-02-20,0.17
Jackson County,2020-02-20,0.0
Jefferson County,2020-02-20,0.0
Lafayette County,2020-02-20,0.0
Lake County,2020-02-20,0.0
Lee County,2020-02-20,0.0
Leon County,2020-02-20,0.0
Levy County,2020-02-20,0.0
Liberty County,2020-02-20,0.0
Madison County,2020-02-20,0.0
Manatee County,2020-02-20,0.0
Marion County,2020-02-20,0.0
Martin County,2020-02-20,0.0
Miami-Dade County,2020-02-20,0.02
Monroe County,2020-02-20,0.3
Nassau County,2020-02-20,0.0
Okaloosa County,2020-02-20,0.01
Okeechobee County,2020-02-20,0.14
Orange County,2020-02-20,0.0
Osceola County,2020-02-20,0.15
Palm Beach County,2020-02-20,0.0
Pasco County,2020-02-20,0.0
Pinellas County,2020-02-20,0.0
Polk County,2020-02-20,0.0
Putnam County,2020-02-20,0.0
St. Johns County,2020-02-20,0.0
St. Lucie County,2020-02-20,0.0
Santa Rosa County,2020-02-20,0.58
Sarasota County,2020-02-20,0.0
Seminole County,2020-02-20,0.0
Sumter County,2020-02-20,0.0
Suwannee County,2020-02-20,0.0
Taylor County,2020-02-20,0.0
Union County,2020-02-20,0.0
Volusia County,2020-02-20,0.0
Wakulla County,2020-02-20,0.0
Walton County,2020-02-20,0.0
Washington County,2020-02-20,0.0
Alachua County,2020-02-21,4.4
Baker County,2020-02-21,8.92
Bay County,2020-02-21,16.82
Bradford County,2020-02-21,5.58
Brevard County,2020-02-21,2.22
Broward County,2020-02-21,0.91
Calhoun County,2020-02-21,15.92
Charlotte County,2020-02-21,1.48
Citrus County,2020-02-21,3.69
Clay County,2020-02-21,5.8
Collier County,2020-02-21,0.8
Columbia County,2020-02-21,8.39
DeSoto County,2020-02-21,2.13
Dixie County,2020-02-21,6.48
Duval County,2020-02-21,8.64
Escambia County,2020-02-21,19.41
Flagler County,2020-02-21,3.31
Franklin County,2020-02-21,7.71
Gadsden County,2020-02-21,15.45
Gilchrist County,2020-02-21,5.73
Glades County,2020-02-21,1.88
Gulf County,2020-02-21,10.77
Hamilton County,2020-02-21,10.21
Hardee County,2020-02-21,2.12
Hendry County,2020-02-21,0.92
Hernando County,2020-02-21,3.04
Highlands County,2020-02-21,2.55
Hillsborough County,2020-02-21,2.23
Holmes County,2020-02-21,26.24
Indian River County,2020-02-21,1.77
Jackson County,2020-02-21,18.52
Jefferson County,2020-02-21,13.15
Lafayette County,2020-02-21,8.01
Lake County,2020-02-21,3.21
Lee County,2020-02-21,1.04
Leon County,2020-02-21,12.72
Levy County,2020-02-21,4.13
Liberty County,2020-02-21,12.54
Madison County,2020-02-21,12.09
Manatee County,2020-02-21,2.15
Marion County,2020-02-21,3.25
Martin County,2020-02-21,0.96
Miami-Dade County,2020-02-21,0.26
Monroe County,2020-02-21,0.16
Nassau County,2020-02-21,10.23
Okaloosa County,2020-02-21,26.54
Okeechobee County,2020-02-21,2.01
Orange County,2020-02-21,2.28
Osceola County,2020-02-21,1.96
Palm Beach County,2020-02-21,0.88
Pasco County,2020-02-21,2.74
Pinellas County,2020-02-21,2.39
Polk County,2020-02-21,2.06
Putnam County,2020-02-21,3.16
St. Johns County,2020-02-21,5.14
St. Lucie County,2020-02-21,1.17
Santa Rosa County,2020-02-21,22.6
Sarasota County,2020-02-21,1.7
Seminole County,2020-02-21,2.8
Sumter County,2020-02-21,3.28
Suwannee County,2020-02-21,8.49
Taylor County,2020-02-21,11.16
Union County,2020-02-21,6.57
Volusia County,2020-02-21,3.41
Wakulla County,2020-02-21,11.02
Walton County,2020-02-21,25.13
Washington County,2020-02-21,20.61
Alachua County,2020-02-22,0.13
Baker County,2020-02-22,0.0
Bay County,2020-02-22,0.0
Bradford County,2020-02-22,0.04
Brevard County,2020-02-22,0.16
Broward County,2020-02-22,2.27
Calhoun County,2020-02-22,0.0
Charlotte County,2020-02-22,0.0
Citrus County,2020-02-22,0.0
Clay County,2020-02-22,0.0
Collier County,2020-02-22,0.47
Columbia County,2020-02-22,0.0
DeSoto County,2020-02-22,0.0
Dixie County,2020-02-22,0.0
Duval County,2020-02-22,0.0
Escambia County,2020-02-22,0.0
Flagler County,2020-02-22,0.04
Franklin County,2020-02-22,0.0
Gadsden County,2020-02-22,0.0
Gilchrist County,2020-02-22,0.0
Glades County,2020-02-22,0.03
Gulf County,2020-02-22,0.0
Hamilton County,2020-02-22,0.0
Hardee County,2020-02-22,0.0
Hendry County,2020-02-22,0.01
Hernando County,2020-02-22,0.0
Highlands County,2020-02-22,0.0
Hillsborough County,2020-02-22,0.01
Holmes County,2020-02-22,0.0
Indian River County,2020-02-22,0.58
Jackson County,2020-02-22,0.0
Jefferson County,2020-02-22,0.0
Lafayette County,2020-02-22,0.0
Lake County,2020-02-22,0.0
Lee County,2020-02-22,0.02
Leon County,2020-02-22,0.0
Levy County,2020-02-22,0.0
Liberty County,2020-02-22,0.0
Madison County,2020-02-22,0.0
Manatee County,2020-02-22,0.0
Marion County,2020-02-22,0.0
Martin County,2020-02-22,3.1
Miami-Dade County,2020-02-22,0.45
Monroe County,2020-02-22,0.08
Nassau County,2020-02-22,0.0
Okaloosa County,2020-02-22,0.0
Okeechobee County,2020-02-22,0.48
Orange County,2020-02-22,0.01
Osceola County,2020-02-22,0.01
Palm Beach County,2020-02-22,3.63
Pasco County,2020-02-22,0.0
Pinellas County,2020-02-22,0.0
Polk County,2020-02-22,0.0
Putnam County,2020-02-22,0.0
St. Johns County,2020-02-22,0.0
St. Lucie County,2020-02-22,1.86
Santa Rosa County,2020-02-22,0.0
Sarasota County,2020-02-22,0.0
Seminole County,2020-02-22,0.05
Sumter County,2020-02-22,0.0
Suwannee County,2020-02-22,0.0
Taylor County,2020-02-22,0.0
Union County,2020-02-22,0.0
Volusia County,2020-02-22,0.2
Wakulla County,2020-02-22,0.0
Walton County,2020-02-22,0.0
Washington County,2020-02-22,0.0
Alachua County,2020-02-23,0.0
Baker County,2020-02-23,0.0
Bay County,2020-02-23,0.0
Bradford County,2020-02-23,0.0
Brevard County,2020-02-23,0.31
Broward County,2020-02-23,1.61
Calhoun County,2020-02-23,0.0
Charlotte County,2020-02-23,0.0
Citrus County,2020-02-23,0.0
Clay County,2020-02-23,0.0
Collier County,2020-02-23,0.0
Columbia County,2020-02-23,0.0
DeSoto County,2020-02-23,0.0
Dixie County,2020-02-23,0.0
Duval County,2020-02-23,0.0
Escambia County,2020-02-23,0.0
Flagler County,2020-02-23,0.0
Franklin County,2020-02-23,0.0
Gadsden County,2020-02-23,0.0
Gilchrist County,2020-02-23,0.0
Glades County,2020-02-23,0.0
Gulf County,2020-02-23,0.0
Hamilton County,2020-02-23,0.0
Hardee County,2020-02-23,0.0
Hendry County,2020-02-23,0.0
Hernando County,2020-02-23,0.0
Highlands County,2020-02-23,0.0
Hillsborough County,2020-02-23,0.0
Holmes County,2020-02-23,0.0
Indian River County,2020-02-23,1.3
Jackson County,2020-02-23,0.0
Jefferson County,2020-02-23,0.0
Lafayette County,2020-02-23,0.0
Lake County,2020-02-23,0.0
Lee County,2020-02-23,0.0
Leon County,2020-02-23,0.0
Levy County,2020-02-23,0.0
Liberty County,2020-02-23,0.0
Madison County,2020-02-23,0.0
Manatee County,2020-02-23,0.0
Marion County,2020-02-23,0.0
Martin County,2020-02-23,2.96
Miami-Dade County,2020-02-23,0.73
Monroe County,2020-02-23,0.0
Nassau County,2020-02-23,0.0
Okaloosa County,2020-02-23,0.0
Okeechobee County,2020-02-23,0.21
Orange County,2020-02-23,0.0
Osceola County,2020-02-23,0.0
Palm Beach County,2020-02-23,2.34
Pasco County,2020-02-23,0.0
Pinellas County,2020-02-23,0.0
Polk County,2020-02-23,0.0
Putnam County,2020-02-23,0.0
St. Johns County,2020-02-23,0.0
St. Lucie County,2020-02-23,2.39
Santa Rosa County,2020-02-23,0.0
Sarasota County,2020-02-23,0.0
Seminole County,2020-02-23,0.0
Sumter County,2020-02-23,0.0
Suwannee County,2020-02-23,0.0
Taylor County,2020-02-23,0.0
Union County,2020-02-23,0.0
Volusia County,2020-02-23,0.0
Wakulla County,2020-02-23,0.0
Walton County,2020-02-23,0.0
Washington County,2020-02-23,0.0
Alachua County,2020-02-24,0.0
Baker County,2020-02-24,0.0
Bay County,2020-02-24,0.0
Bradford County,2020-02-24,0.0
Brevard County,2020-02-24,0.0
Broward County,2020-02-24,0.0
Calhoun County,2020-02-24,0.0
Charlotte County,2020-02-24,0.0
Citrus County,2020-02-24,0.0
Clay County,2020-02-24,0.0
Collier County,2020-02-24,0.0
Columbia County,2020-02-24,0.0
DeSoto County,2020-02-24,0.0
Dixie County,2020-02-24,0.0
Duval County,2020-02-24,0.0
Escambia County,2020-02-24,0.0
Flagler County,2020-02-24,0.0
Franklin County,2020-02-24,0.0
Gadsden County,2020-02-24,0.0
Gilchrist County,2020-02-24,0.0
Glades County,2020-02-24,0.0
Gulf County,2020-02-24,0.0
Hamilton County,2020-02-24,0.0
Hardee County,2020-02-24,0.0
Hendry County,2020-02-24,0.0
Hernando County,2020-02-24,0.0
Highlands County,2020-02-24,0.0
Hillsborough County,2020-02-24,0.0
Holmes County,2020-02-24,0.0
Indian River County,2020-02-24,0.0
Jackson County,2020-02-24,0.0
Jefferson County,2020-02-24,0.0
Lafayette County,2020-02-24,0.0
Lake County,2020-02-24,0.0
Lee County,2020-02-24,0.0
Leon County,2020-02-24,0.0
Levy County,2020-02-24,0.0
Liberty County,2020-02-24,0.0
Madison County,2020-02-24,0.0
Manatee County,2020-02-24,0.0
Marion County,2020-02-24,0.0
Martin County,2020-02-24,0.0
Miami-Dade County,2020-02-24,0.0
Monroe County,2020-02-24,0.0
Nassau County,2020-02-24,0.0
Okaloosa County,2020-02-24,0.0
Okeechobee County,2020-02-24,0.0
Orange County,2020-02-24,0.0
Osceola County,2020-02-24,0.0
Palm Beach County,2020-02-24,0.0
Pasco County,2020-02-24,0.0
Pinellas County,2020-02-24,0.0
Polk County,2020-02-24,0.02
Putnam County,2020-02-24,0.0
St. Johns County,2020-02-24,0.0
St. Lucie County,2020-02-24,0.0
Santa Rosa County,2020-02-24,0.0
Sarasota County,2020-02-24,0.0
Seminole County,2020-02-24,0.0
Sumter County,2020-02-24,0.0
Suwannee County,2020-02-24,0.0
Taylor County,2020-02-24,0.0
Union County,2020-02-24,0.0
Volusia County,2020-02-24,0.0
Wakulla County,2020-02-24,0.0
Walton County,2020-02-24,0.0
Washington County,2020-02-24,0.0
Alachua County,2020-02-25,0.78
Baker County,2020-02-25,3.91
Bay County,2020-02-25,34.8
Bradford County,2020-02-25,1.08
Brevard County,2020-02-25,0.0
Broward County,2020-02-25,0.0
Calhoun County,2020-02-25,38.2
Charlotte County,2020-02-25,0.0
Citrus County,2020-02-25,0.0
Clay County,2020-02-25,0.2
Collier County,2020-02-25,0.0
Columbia County,2020-02-25,6.61
DeSoto County,2020-02-25,0.0
Dixie County,2020-02-25,9.42
Duval County,2020-02-25,0.79
Escambia County,2020-02-25,8.29
Flagler County,2020-02-25,0.0
Franklin County,2020-02-25,21.52
Gadsden County,2020-02-25,44.75
Gilchrist County,2020-02-25,4.81
Glades County,2020-02-25,0.0
Gulf County,2020-02-25,26.52
Hamilton County,2020-02-25,14.0
Hardee County,2020-02-25,0.0
Hendry County,2020-02-25,0.01
Hernando County,2020-02-25,0.0
Highlands County,2020-02-25,0.0
Hillsborough County,2020-02-25,0.0
Holmes County,2020-02-25,40.51
Indian River County,2020-02-25,0.0
Jackson County,2020-02-25,37.43
Jefferson County,2020-02-25,40.11
Lafayette County,2020-02-25,15.3
Lake County,2020-02-25,0.0
Lee County,2020-02-25,0.0
Leon County,2020-02-25,40.77
Levy County,2020-02-25,1.02
Liberty County,2020-02-25,34.95
Madison County,2020-02-25,28.81
Manatee County,2020-02-25,0.0
Marion County,2020-02-25,0.0
Martin County,2020-02-25,0.0
Miami-Dade County,2020-02-25,0.0
Monroe County,2020-02-25,0.0
Nassau County,2020-02-25,2.7
Okaloosa County,2020-02-25,30.66
Okeechobee County,2020-02-25,0.0
Orange County,2020-02-25,0.0
Osceola County,2020-02-25,0.0
Palm Beach County,2020-02-25,0.0
Pasco County,2020-02-25,0.0
Pinellas County,2020-02-25,0.0
Polk County,2020-02-25,0.0
Putnam County,2020-02-25,0.0
St. Johns County,2020-02-25,0.0
St. Lucie County,2020-02-25,0.0
Santa Rosa County,2020-02-25,15.51
Sarasota County,2020-02-25,0.0
Seminole County,2020-02-25,0.0
Sumter County,2020-02-25,0.0
Suwannee County,2020-02-25,12.96
Taylor County,2020-02-25,29.61
Union County,2020-02-25,2.83
Volusia County,2020-02-25,0.0
Wakulla County,2020-02-25,35.0
Walton County,2020-02-25,37.88
Washington County,2020-02-25,37.96
Alachua County,2020-02-26,15.24
Baker County,2020-02-26,21.14
Bay County,2020-02-26,2.9
Bradford County,2020-02-26,16.24
Brevard County,2020-02-26,0.02
Broward County,2020-02-26,0.24
Calhoun County,2020-02-26,4.07
Charlotte County,2020-02-26,0.87
Citrus County,2020-02-26,9.17
Clay County,2020-02-26,13.18
Collier County,2020-02-26,0.99
Columbia County,2020-02-26,23.75
DeSoto County,2020-02-26,0.92
Dixie County,2020-02-26,22.18
Duval County,2020-02-26,17.21
Escambia County,2020-02-26,0.03
Flagler County,2020-02-26,2.93
Franklin County,2020-02-26,5.15
Gadsden County,2020-02-26,6.9
Gilchrist County,2020-02-26,22.45
Glades County,2020-02-26,0.68
Gulf County,2020-02-26,4.45
Hamilton County,2020-02-26,20.74
Hardee County,2020-02-26,0.89
Hendry County,2020-02-26,0.65
Hernando County,2020-02-26,5.77
Highlands County,2020-02-26,0.74
Hillsborough County,2020-02-26,2.59
Holmes County,2020-02-26,1.1
Indian River County,2020-02-26,0.0
Jackson County,2020-02-26,2.28
Jefferson County,2020-02-26,13.41
Lafayette County,2020-02-26,23.88
Lake County,2020-02-26,1.84
Lee County,2020-02-26,0.76
Leon County,2020-02-26,8.8
Levy County,2020-02-26,16.11
Liberty County,2020-02-26,5.75
Madison County,2020-02-26,19.3
Manatee County,2020-02-26,1.89
Marion County,2020-02-26,6.65
Martin County,2020-02-26,0.01
Miami-Dade County,2020-02-26,1.26
Monroe County,2020-02-26,1.81
Nassau County,2020-02-26,17.69
Okaloosa County,2020-02-26,0.0
Okeechobee County,2020-02-26,0.23
Orange County,2020-02-26,0.12
Osceola County,2020-02-26,0.09
Palm Beach County,2020-02-26,0.01
Pasco County,2020-02-26,4.38
Pinellas County,2020-02-26,4.41
Polk County,2020-02-26,0.59
Putnam County,2020-02-26,5.83
St. Johns County,2020-02-26,8.34
St. Lucie County,2020-02-26,0.0
Santa Rosa County,2020-02-26,0.0
Sarasota County,2020-02-26,1.42
Seminole County,2020-02-26,0.02
Sumter County,2020-02-26,4.16
Suwannee County,2020-02-26,23.87
Taylor County,2020-02-26,21.31
Union County,2020-02-26,20.99
Volusia County,2020-02-26,1.43
Wakulla County,2020-02-26,8.8
Walton County,2020-02-26,0.66
Washington County,2020-02-26,1.85
Alachua County,2020-02-27,17.58
Baker County,2020-02-27,14.71
Bay County,2020-02-27,0.45
Bradford County,2020-02-27,16.17
Brevard County,2020-02-27,8.68
Broward County,2020-02-27,4.52
Calhoun County,2020-02-27,1.17
Charlotte County,2020-02-27,4.33
Citrus County,2020-02-27,22.86
Clay County,2020-02-27,15.55
Collier County,2020-02-27,2.52
Columbia County,2020-02-27,15.67
DeSoto County,2020-02-27,6.2
Dixie County,2020-02-27,20.43
Duval County,2020-02-27,14.15
Escambia County,2020-02-27,0.0
Flagler County,2020-02-27,15.98
Franklin County,2020-02-27,2.98
Gadsden County,2020-02-27,3.92
Gilchrist County,2020-02-27,19.93
Glades County,2020-02-27,7.06
Gulf County,2020-02-27,1.56
Hamilton County,2020-02-27,12.89
Hardee County,2020-02-27,7.04
Hendry County,2020-02-27,3.04
Hernando County,2020-02-27,19.62
Highlands County,2020-02-27,9.1
Hillsborough County,2020-02-27,12.34
Holmes County,2020-02-27,0.0
Indian River County,2020-02-27,6.66
Jackson County,2020-02-27,0.31
Jefferson County,2020-02-27,12.25
Lafayette County,2020-02-27,17.71
Lake County,2020-02-27,18.18
Lee County,2020-02-27,2.92
Leon County,2020-02-27,7.03
Levy County,2020-02-27,20.74
Liberty County,2020-02-27,2.61
Madison County,2020-02-27,14.33
Manatee County,2020-02-27,8.89
Marion County,2020-02-27,18.02
Martin County,2020-02-27,5.64
Miami-Dade County,2020-02-27,5.13
Monroe County,2020-02-27,3.7
Nassau County,2020-02-27,10.62
Okaloosa County,2020-02-27,0.0
Okeechobee County,2020-02-27,8.01
Orange County,2020-02-27,11.32
Osceola County,2020-02-27,7.36
Palm Beach County,2020-02-27,5.81
Pasco County,2020-02-27,17.79
Pinellas County,2020-02-27,15.2
Polk County,2020-02-27,8.41
Putnam County,2020-02-27,13.3
St. Johns County,2020-02-27,15.19
St. Lucie County,2020-02-27,5.7
Santa Rosa County,2020-02-27,0.0
Sarasota County,2020-02-27,5.99
Seminole County,2020-02-27,15.45
Sumter County,2020-02-27,19.36
Suwannee County,2020-02-27,15.84
Taylor County,2020-02-27,17.82
Union County,2020-02-27,16.81
Volusia County,2020-02-27,19.09
Wakulla County,2020-02-27,6.68
Walton County,2020-02-27,0.0
Washington County,2020-02-27,0.0
Alachua County,2020-02-28,0.0
Baker County,2020-02-28,0.0
Bay County,2020-02-28,0.0
Bradford County,2020-02-28,0.0
Brevard County,2020-02-28,0.0
Broward County,2020-02-28,0.0
Calhoun County,2020-02-28,0.0
Charlotte County,2020-02-28,0.0
Citrus County,2020-02-28,0.0
Clay County,2020-02-28,0.0
Collier County,2020-02-28,0.0
Columbia County,2020-02-28,0.0
DeSoto County,2020-02-28,0.0
Dixie County,2020-02-28,0.0
Duval County,2020-02-28,0.0
Escambia County,2020-02-28,0.0
Flagler County,2020-02-28,0.0
Franklin County,2020-02-28,0.0
Gadsden County,2020-02-28,0.0
Gilchrist County,2020-02-28,0.0
Glades County,2020-02-28,0.0
Gulf County,2020-02-28,0.0
Hamilton County,2020-02-28,0.0
Hardee County,2020-02-28,0.0
Hendry County,2020-02-28,0.0
Hernando County,2020-02-28,0.0
Highlands County,2020-02-28,0.0
Hillsborough County,2020-02-28,0.0
Holmes County,2020-02-28,0.0
Indian River County,2020-02-28,0.0
Jackson County,2020-02-28,0.0
Jefferson County,2020-02-28,0.0
Lafayette County,2020-02-28,0.0
Lake County,2020-02-28,0.0
Lee County,2020-02-28,0.0
Leon County,2020-02-28,0.0
Levy County,2020-02-28,0.0
Liberty County,2020-02-28,0.0
Madison County,2020-02-28,0.0
Manatee County,2020-02-28,0.0
Marion County,2020-02-28,0.0
Martin County,2020-02-28,0.0
Miami-Dade County,2020-02-28,0.0
Monroe County,2020-02-28,0.0
Nassau County,2020-02-28,0.0
Okaloosa County,2020-02-28,0.0
Okeechobee County,2020-02-28,0.0
Orange County,2020-02-28,0.0
Osceola County,2020-02-28,0.0
Palm Beach County,2020-02-28,0.0
Pasco County,2020-02-28,0.0
Pinellas County,2020-02-28,0.0
Polk County,2020-02-28,0.0
Putnam County,2020-02-28,0.0
St. Johns County,2020-02-28,0.0
St. Lucie County,2020-02-28,0.0
Santa Rosa County,2020-02-28,0.0
Sarasota County,2020-02-28,0.0
Seminole County,2020-02-28,0.0
Sumter County,2020-02-28,0.0
Suwannee County,2020-02-28,0.0
Taylor County,2020-02-28,0.0
Union County,2020-02-28,0.0
Volusia County,2020-02-28,0.0
Wakulla County,2020-02-28,0.0
Walton County,2020-02-28,0.0
Washington County,2020-02-28,0.0
Alachua County,2020-02-29,0.0
Baker County,2020-02-29,0.0
Bay County,2020-02-29,0.0
Bradford County,2020-02-29,0.0
Brevard County,2020-02-29,0.0
Broward County,2020-02-29,0.0
Calhoun County,2020-02-29,0.0
Charlotte County,2020-02-29,0.0
Citrus County,2020-02-29,0.03
Clay County,2020-02-29,0.0
Collier County,2020-02-29,0.01
Columbia County,2020-02-29,0.0
DeSoto County,2020-02-29,0.0
Dixie County,2020-02-29,0.0
Duval County,2020-02-29,0.0
Escambia County,2020-02-29,0.0
Flagler County,2020-02-29,0.0
Franklin County,2020-02-29,0.0
Gadsden County,2020-02-29,0.0
Gilchrist County,2020-02-29,0.0
Glades County,2020-02-29,0.0
Gulf County,2020-02-29,0.0
Hamilton County,2020-02-29,0.0
Hardee County,2020-02-29,0.0
Hendry County,2020-02-29,0.0
Hernando County,2020-02-29,0.0
Highlands County,2020-02-29,0.01
Hillsborough County,2020-02-29,0.0
Holmes County,2020-02-29,0.0
Indian River County,2020-02-29,0.0
Jackson County,2020-02-29,0.0
Jefferson County,2020-02-29,0.0
Lafayette County,2020-02-29,0.0
Lake County,2020-02-29,0.0
Lee County,2020-02-29,0.0
Leon County,2020-02-29,0.0
Levy County,2020-02-29,0.0
Liberty County,2020-02-29,0.0
Madison County,2020-02-29,0.0
Manatee County,2020-02-29,0.0
Marion County,2020-02-29,0.0
Martin County,2020-02-29,0.0
Miami-Dade County,2020-02-29,0.0
Monroe County,2020-02-29,0.0
Nassau County,2020-02-29,0.0
Okaloosa County,2020-02-29,0.0
Okeechobee County,2020-02-29,0.0
Orange County,2020-02-29,0.01
Osceola County,2020-02-29,0.0
Palm Beach County,2020-02-29,0.0
Pasco County,2020-02-29,0.0
Pinellas County,2020-02-29,0.0
Polk County,2020-02-29,0.0
Putnam County,2020-02-29,0.0
St. Johns County,2020-02-29,0.0
St. Lucie County,2020-02-29,0.0
Santa Rosa County,2020-02-29,0.0
Sarasota County,2020-02-29,0.0
Seminole County,2020-02-29,0.0
Sumter County,2020-02-29,0.0
Suwannee County,2020-02-29,0.0
Taylor County,2020-02-29,0.0
Union County,2020-02-29,0.0
Volusia County,2020-02-29,0.0
Wakulla County,2020-02-29,0.0
Walton County,2020-02-29,0.0
Washington County,2020-02-29,0.0
Alachua County,2020-03-01,0.0
Baker County,2020-03-01,0.0
Bay County,2020-03-01,0.0
Bradford County,2020-03-01,0.0
Brevard County,2020-03-01,0.0
Broward County,2020-03-01,0.0
Calhoun County,2020-03-01,0.0
Charlotte County,2020-03-01,0.0
Citrus County,2020-03-01,0.0
Clay County,2020-03-01,0.0
Collier County,2020-03-01,0.0
Columbia County,2020-03-01,0.0
DeSoto County,2020-03-01,0.0
Dixie County,2020-03-01,0.0
Duval County,2020-03-01,0.0
Escambia County,2020-03-01,0.0
Flagler County,2020-03-01,0.0
Franklin County,2020-03-01,0.0
Gadsden County,2020-03-01,0.0
Gilchrist County,2020-03-01,0.0
Glades County,2020-03-01,0.0
Gulf County,2020-03-01,0.0
Hamilton County,2020-03-01,0.0
Hardee County,2020-03-01,0.0
Hendry County,2020-03-01,0.0
Hernando County,2020-03-01,0.0
Highlands County,2020-03-01,0.0
Hillsborough County,2020-03-01,0.0
Holmes County,2020-03-01,0.0
Indian River County,2020-03-01,0.0
Jackson County,2020-03-01,0.0
Jefferson County,2020-03-01,0.0
Lafayette County,2020-03-01,0.0
Lake County,2020-03-01,0.0
Lee County,2020-03-01,0.0
Leon County,2020-03-01,0.0
Levy County,2020-03-01,0.0
Liberty County,2020-03-01,0.0
Madison County,2020-03-01,0.0
Manatee County,2020-03-01,0.0
Marion County,2020-03-01,0.0
Martin County,2020-03-01,0.0
Miami-Dade County,2020-03-01,0.0
Monroe County,2020-03-01,0.0
Nassau County,2020-03-01,0.0
Okaloosa County,2020-03-01,0.0
Okeechobee County,2020-03-01,0.0
Orange County,2020-03-01,0.0
Osceola County,2020-03-01,0.0
Palm Beach County,2020-03-01,0.0
Pasco County,2020-03-01,0.0
Pinellas County,2020-03-01,0.0
Polk County,2020-03-01,0.0
Putnam County,2020-03-01,0.0
St. Johns County,2020-03-01,0.0
St. Lucie County,2020-03-01,0.0
Santa Rosa County,2020-03-01,0.0
Sarasota County,2020-03-01,0.0
Seminole County,2020-03-01,0.0
Sumter County,2020-03-01,0.0
Suwannee County,2020-03-01,0.0
Taylor County,2020-03-01,0.0
Union County,2020-03-01,0.0
Volusia County,2020-03-01,0.0
Wakulla County,2020-03-01,0.0
Walton County,2020-03-01,0.0
Washington County,2020-03-01,0.0
Alachua County,2020-03-02,0.0
Baker County,2020-03-02,0.0
Bay County,2020-03-02,0.0
Bradford County,2020-03-02,0.0
Brevard County,2020-03-02,0.0
Broward County,2020-03-02,0.0
Calhoun County,2020-03-02,0.0
Charlotte County,2020-03-02,0.0
Citrus County,2020-03-02,0.0
Clay County,2020-03-02,0.0
Collier County,2020-03-02,0.0
Columbia County,2020-03-02,0.0
DeSoto County,2020-03-02,0.0
Dixie County,2020-03-02,0.0
Duval County,2020-03-02,0.0
Escambia County,2020-03-02,0.0
Flagler County,2020-03-02,0.0
Franklin County,2020-03-02,0.0
Gadsden County,2020-03-02,0.0
Gilchrist County,2020-03-02,0.0
Glades County,2020-03-02,0.0
Gulf County,2020-03-02,0.0
Hamilton County,2020-03-02,0.0
Hardee County,2020-03-02,0.0
Hendry County,2020-03-02,0.0
Hernando County,2020-03-02,0.0
Highlands County,2020-03-02,0.0
Hillsborough County,2020-03-02,0.0
Holmes County,2020-03-02,0.0
Indian River County,2020-03-02,0.0
Jackson County,2020-03-02,0.0
Jefferson County,2020-03-02,0.0
Lafayette County,2020-03-02,0.0
Lake County,2020-03-02,0.0
Lee County,2020-03-02,0.0
Leon County,2020-03-02,0.0
Levy County,2020-03-02,0.0
Liberty County,2020-03-02,0.0
Madison County,2020-03-02,0.0
Manatee County,2020-03-02,0.0
Marion County,2020-03-02,0.0
Martin County,2020-03-02,0.0
Miami-Dade County,2020-03-02,0.0
Monroe County,2020-03-02,0.0
Nassau County,2020-03-02,0.0
Okaloosa County,2020-03-02,0.0
Okeechobee County,2020-03-02,0.0
Orange County,2020-03-02,0.0
Osceola County,2020-03-02,0.0
Palm Beach County,2020-03-02,0.0
Pasco County,2020-03-02,0.0
Pinellas County,2020-03-02,0.0
Polk County,2020-03-02,0.0
Putnam County,2020-03-02,0.0
St. Johns County,2020-03-02,0.0
St. Lucie County,2020-03-02,0.0
Santa Rosa County,2020-03-02,0.0
Sarasota County,2020-03-02,0.0
Seminole County,2020-03-02,0.0
Sumter County,2020-03-02,0.0
Suwannee County,2020-03-02,0.0
Taylor County,2020-03-02,0.0
Union County,2020-03-02,0.0
Volusia County,2020-03-02,0.0
Wakulla County,2020-03-02,0.0
Walton County,2020-03-02,0.0
Washington County,2020-03-02,0.0
Alachua County,2020-03-03,0.0
Baker County,2020-03-03,0.0
Bay County,2020-03-03,0.0
Bradford County,2020-03-03,0.0
Brevard County,2020-03-03,0.0
Broward County,2020-03-03,0.0
Calhoun County,2020-03-03,0.0
Charlotte County,2020-03-03,0.0
Citrus County,2020-03-03,0.0
Clay County,2020-03-03,0.0
Collier County,2020-03-03,0.0
Columbia County,2020-03-03,0.0
DeSoto County,2020-03-03,0.0
Dixie County,2020-03-03,0.0
Duval County,2020-03-03,0.0
Escambia County,2020-03-03,0.02
Flagler County,2020-03-03,0.0
Franklin County,2020-03-03,0.0
Gadsden County,2020-03-03,0.0
Gilchrist County,2020-03-03,0.0
Glades County,2020-03-03,0.0
Gulf County,2020-03-03,0.0
Hamilton County,2020-03-03,0.0
Hardee County,2020-03-03,0.0
Hendry County,2020-03-03,0.0
Hernando County,2020-03-03,0.0
Highlands County,2020-03-03,0.01
Hillsborough County,2020-03-03,0.0
Holmes County,2020-03-03,0.53
Indian River County,2020-03-03,0.0
Jackson County,2020-03-03,0.83
Jefferson County,2020-03-03,0.0
Lafayette County,2020-03-03,0.0
Lake County,2020-03-03,0.0
Lee County,2020-03-03,0.0
Leon County,2020-03-03,0.0
Levy County,2020-03-03,0.0
Liberty County,2020-03-03,0.0
Madison County,2020-03-03,0.0
Manatee County,2020-03-03,0.0
Marion County,2020-03-03,0.0
Martin County,2020-03-03,0.0
Miami-Dade County,2020-03-03,0.0
Monroe County,2020-03-03,0.0
Nassau County,2020-03-03,0.0
Okaloosa County,2020-03-03,0.17
Okeechobee County,2020-03-03,0.0
Orange County,2020-03-03,0.0
Osceola County,2020-03-03,0.0
Palm Beach County,2020-03-03,0.0
Pasco County,2020-03-03,0.0
Pinellas County,2020-03-03,0.0
Polk County,2020-03-03,0.0
Putnam County,2020-03-03,0.0
St. Johns County,2020-03-03,0.0
St. Lucie County,2020-03-03,0.0
Santa Rosa County,2020-03-03,0.12
Sarasota County,2020-03-03,0.0
Seminole County,2020-03-03,0.0
Sumter County,2020-03-03,0.0
Suwannee County,2020-03-03,0.0
Taylor County,2020-03-03,0.0
Union County,2020-03-03,0.0
Volusia County,2020-03-03,0.0
Wakulla County,2020-03-03,0.0
Walton County,2020-03-03,0.15
Washington County,2020-03-03,0.05
Alachua County,2020-03-04,0.0
Baker County,2020-03-04,1.1
Bay County,2020-03-04,13.98
Bradford County,2020-03-04,0.0
Brevard County,2020-03-04,0.0
Broward County,2020-03-04,0.0
Calhoun County,2020-03-04,19.48
Charlotte County,2020-03-04,0.0
Citrus County,2020-03-04,0.0
Clay County,2020-03-04,0.0
Collier County,2020-03-04,0.0
Columbia County,2020-03-04,0.72
DeSoto County,2020-03-04,0.0
Dixie County,2020-03-04,0.0
Duval County,2020-03-04,0.07
Escambia County,2020-03-04,4.39
Flagler County,2020-03-04,0.0
Franklin County,2020-03-04,7.14
Gadsden County,2020-03-04,33.66
Gilchrist County,2020-03-04,0.0
Glades County,2020-03-04,0.0
Gulf County,2020-03-04,6.6
Hamilton County,2020-03-04,3.5
Hardee County,2020-03-04,0.0
Hendry County,2020-03-04,0.0
Hernando County,2020-03-04,0.0
Highlands County,2020-03-04,0.01
Hillsborough County,2020-03-04,0.0
Holmes County,2020-03-04,11.24
Indian River County,2020-03-04,0.0
Jackson County,2020-03-04,21.89
Jefferson County,2020-03-04,17.32
Lafayette County,2020-03-04,0.27
Lake County,2020-03-04,0.0
Lee County,2020-03-04,0.0
Leon County,2020-03-04,28.66
Levy County,2020-03-04,0.0
Liberty County,2020-03-04,18.43
Madison County,2020-03-04,5.56
Manatee County,2020-03-04,0.0
Marion County,2020-03-04,0.0
Martin County,2020-03-04,0.0
Miami-Dade County,2020-03-04,0.0
Monroe County,2020-03-04,0.02
Nassau County,2020-03-04,5.04
Okaloosa County,2020-03-04,6.25
Okeechobee County,2020-03-04,0.0
Orange County,2020-03-04,0.0
Osceola County,2020-03-04,0.0
Palm Beach County,2020-03-04,0.0
Pasco County,2020-03-04,0.0
Pinellas County,2020-03-04,0.0
Polk County,2020-03-04,0.0
Putnam County,2020-03-04,0.0
St. Johns County,2020-03-04,0.0
St. Lucie County,2020-03-04,0.0
Santa Rosa County,2020-03-04,3.72
Sarasota County,2020-03-04,0.0
Seminole County,2020-03-04,0.0
Sumter County,2020-03-04,0.0
Suwannee County,2020-03-04,0.76
Taylor County,2020-03-04,3.99
Union County,2020-03-04,0.0
Volusia County,2020-03-04,0.0
Wakulla County,2020-03-04,23.8
Walton County,2020-03-04,9.25
Washington County,2020-03-04,13.65
Alachua County,2020-03-05,0.0
Baker County,2020-03-05,1.65
Bay County,2020-03-05,18.04
Bradford County,2020-03-05,0.0
Brevard County,2020-03-05,0.0
Broward County,2020-03-05,0.0
Calhoun County,2020-03-05,19.29
Charlotte County,2020-03-05,0.0
Citrus County,2020-03-05,0.0
Clay County,2020-03-05,0.0
Collier County,2020-03-05,0.0
Columbia County,2020-03-05,1.57
DeSoto County,2020-03-05,0.0
Dixie County,2020-03-05,1.24
Duval County,2020-03-05,0.23
Escambia County,2020-03-05,14.07
Flagler County,2020-03-05,0.0
Franklin County,2020-03-05,3.38
Gadsden County,2020-03-05,23.65
Gilchrist County,2020-03-05,0.02
Glades County,2020-03-05,0.0
Gulf County,2020-03-05,4.74
Hamilton County,2020-03-05,5.1
Hardee County,2020-03-05,0.0
Hendry County,2020-03-05,0.0
Hernando County,2020-03-05,0.0
Highlands County,2020-03-05,0.0
Hillsborough County,2020-03-05,0.0
Holmes County,2020-03-05,28.52
Indian River County,2020-03-05,0.0
Jackson County,2020-03-05,32.96
Jefferson County,2020-03-05,13.04
Lafayette County,2020-03-05,1.94
Lake County,2020-03-05,0.0
Lee County,2020-03-05,0.0
Leon County,2020-03-05,17.3
Levy County,2020-03-05,0.0
Liberty County,2020-03-05,11.93
Madison County,2020-03-05,6.26
Manatee County,2020-03-05,0.0
Marion County,2020-03-05,0.0
Martin County,2020-03-05,0.0
Miami-Dade County,2020-03-05,0.0
Monroe County,2020-03-05,0.0
Nassau County,2020-03-05,4.87
Okaloosa County,2020-03-05,17.52
Okeechobee County,2020-03-05,0.0
Orange County,2020-03-05,0.0
Osceola County,2020-03-05,0.0
Palm Beach County,2020-03-05,0.0
Pasco County,2020-03-05,0.0
Pinellas County,2020-03-05,0.0
Polk County,2020-03-05,0.0
Putnam County,2020-03-05,0.0
St. Johns County,2020-03-05,0.0
St. Lucie County,2020-03-05,0.0
Santa Rosa County,2020-03-05,12.47
Sarasota County,2020-03-05,1.31
Seminole County,2020-03-05,0.0
Sumter County,2020-03-05,0.0
Suwannee County,2020-03-05,2.54
Taylor County,2020-03-05,3.17
Union County,2020-03-05,0.0
Volusia County,2020-03-05,0.0
Wakulla County,2020-03-05,11.49
Walton County,2020-03-05,21.81
Washington County,2020-03-05,24.22
Alachua County,2020-03-06,13.03
Baker County,2020-03-06,23.99
Bay County,2020-03-06,2.97
Bradford County,2020-03-06,20.82
Brevard County,2020-03-06,0.03
Broward County,2020-03-06,0.0
Calhoun County,2020-03-06,3.34
Charlotte County,2020-03-06,0.0
Citrus County,2020-03-06,0.65
Clay County,2020-03-06,26.51
Collier County,2020-03-06,0.0
Columbia County,2020-03-06,13.37
DeSoto County,2020-03-06,0.0
Dixie County,2020-03-06,9.28
Duval County,2020-03-06,36.82
Escambia County,2020-03-06,0.8
Flagler County,2020-03-06,5.54
Franklin County,2020-03-06,1.23
Gadsden County,2020-03-06,4.59
Gilchrist County,2020-03-06,11.06
Glades County,2020-03-06,0.0
Gulf County,2020-03-06,1.3
Hamilton County,2020-03-06,8.84
Hardee County,2020-03-06,0.0
Hendry County,2020-03-06,0.0
Hernando County,2020-03-06,0.0
Highlands County,2020-03-06,0.0
Hillsborough County,2020-03-06,0.0
Holmes County,2020-03-06,2.16
Indian River County,2020-03-06,0.0
Jackson County,2020-03-06,3.47
Jefferson County,2020-03-06,4.62
Lafayette County,2020-03-06,6.28
Lake County,2020-03-06,1.06
Lee County,2020-03-06,0.0
Leon County,2020-03-06,4.66
Levy County,2020-03-06,6.33
Liberty County,2020-03-06,2.86
Madison County,2020-03-06,4.06
Manatee County,2020-03-06,0.0
Marion County,2020-03-06,3.44
Martin County,2020-03-06,1.4
Miami-Dade County,2020-03-06,0.02
Monroe County,2020-03-06,0.28
Nassau County,2020-03-06,39.63
Okaloosa County,2020-03-06,1.37
Okeechobee County,2020-03-06,0.0
Orange County,2020-03-06,0.35
Osceola County,2020-03-06,0.0
Palm Beach County,2020-03-06,0.96
Pasco County,2020-03-06,0.0
Pinellas County,2020-03-06,0.0
Polk County,2020-03-06,0.0
Putnam County,2020-03-06,7.99
St. Johns County,2020-03-06,18.4
St. Lucie County,2020-03-06,0.0
Santa Rosa County,2020-03-06,0.81
Sarasota County,2020-03-06,0.0
Seminole County,2020-03-06,2.55
Sumter County,2020-03-06,0.52
Suwannee County,2020-03-06,8.34
Taylor County,2020-03-06,3.15
Union County,2020-03-06,17.36
Volusia County,2020-03-06,3.51
Wakulla County,2020-03-06,3.88
Walton County,2020-03-06,1.95
Washington County,2020-03-06,2.79
Alachua County,2020-03-07,0.0
Baker County,2020-03-07,0.0
Bay County,2020-03-07,0.0
Bradford County,2020-03-07,0.0
Brevard County,2020-03-07,0.0
Broward County,2020-03-07,2.18
Calhoun County,2020-03-07,0.0
Charlotte County,2020-03-07,0.0
Citrus County,2020-03-07,0.0
Clay County,2020-03-07,0.0
Collier County,2020-03-07,0.1
Columbia County,2020-03-07,0.0
DeSoto County,2020-03-07,0.0
Dixie County,2020-03-07,0.0
Duval County,2020-03-07,0.0
Escambia County,2020-03-07,0.0
Flagler County,2020-03-07,0.0
Franklin County,2020-03-07,0.0
Gadsden County,2020-03-07,0.0
Gilchrist County,2020-03-07,0.0
Glades County,2020-03-07,0.0
Gulf County,2020-03-07,0.0
Hamilton County,2020-03-07,0.0
Hardee County,2020-03-07,0.0
Hendry County,2020-03-07,0.0
Hernando County,2020-03-07,0.0
Highlands County,2020-03-07,0.0
Hillsborough County,2020-03-07,0.0
Holmes County,2020-03-07,0.0
Indian River County,2020-03-07,0.0
Jackson County,2020-03-07,0.0
Jefferson County,2020-03-07,0.0
Lafayette County,2020-03-07,0.0
Lake County,2020-03-07,0.0
Lee County,2020-03-07,0.0
Leon County,2020-03-07,0.0
Levy County,2020-03-07,0.0
Liberty County,2020-03-07,0.0
Madison County,2020-03-07,0.0
Manatee County,2020-03-07,0.0
Marion County,2020-03-07,0.0
Martin County,2020-03-07,0.0
Miami-Dade County,2020-03-07,4.12
Monroe County,2020-03-07,0.29
Nassau County,2020-03-07,0.0
Okaloosa County,2020-03-07,0.0
Okeechobee County,2020-03-07,0.0
Orange County,2020-03-07,0.0
Osceola County,2020-03-07,0.0
Palm Beach County,2020-03-07,0.03
Pasco County,2020-03-07,0.0
Pinellas County,2020-03-07,0.0
Polk County,2020-03-07,0.0
Putnam County,2020-03-07,0.0
St. Johns County,2020-03-07,0.0
St. Lucie County,2020-03-07,0.0
Santa Rosa County,2020-03-07,0.0
Sarasota County,2020-03-07,0.0
Seminole County,2020-03-07,0.0
Sumter County,2020-03-07,0.0
Suwannee County,2020-03-07,0.0
Taylor County,2020-03-07,0.0
Union County,2020-03-07,0.0
Volusia County,2020-03-07,0.0
Wakulla County,2020-03-07,0.0
Walton County,2020-03-07,0.0
Washington County,2020-03-07,0.0
Alachua County,2020-03-08,0.0
Baker County,2020-03-08,0.0
Bay County,2020-03-08,0.0
Bradford County,2020-03-08,0.0
Brevard County,2020-03-08,0.0
Broward County,2020-03-08,0.0
Calhoun County,2020-03-08,0.0
Charlotte County,2020-03-08,0.0
Citrus County,2020-03-08,0.0
Clay County,2020-03-08,0.0
Collier County,2020-03-08,0.0
Columbia County,2020-03-08,0.0
DeSoto County,2020-03-08,0.0
Dixie County,2020-03-08,0.0
Duval County,2020-03-08,0.0
Escambia County,2020-03-08,0.0
Flagler County,2020-03-08,0.0
Franklin County,2020-03-08,0.0
Gadsden County,2020-03-08,0.0
Gilchrist County,2020-03-08,0.0
Glades County,2020-03-08,0.0
Gulf County,2020-03-08,0.0
Hamilton County,2020-03-08,0.0
Hardee County,2020-03-08,0.0
Hendry County,2020-03-08,0.0
Hernando County,2020-03-08,0.0
Highlands County,2020-03-08,0.0
Hillsborough County,2020-03-08,0.0
Holmes County,2020-03-08,0.0
Indian River County,2020-03-08,0.0
Jackson County,2020-03-08,0.0
Jefferson County,2020-03-08,0.0
Lafayette County,2020-03-08,0.0
Lake County,2020-03-08,0.0
Lee County,2020-03-08,0.0
Leon County,2020-03-08,0.0
Levy County,2020-03-08,0.0
Liberty County,2020-03-08,0.0
Madison County,2020-03-08,0.0
Manatee County,2020-03-08,0.0
Marion County,2020-03-08,0.0
Martin County,2020-03-08,0.0
Miami-Dade County,2020-03-08,0.0
Monroe County,2020-03-08,0.0
Nassau County,2020-03-08,0.0
Okaloosa County,2020-03-08,0.0
Okeechobee County,2020-03-08,0.0
Orange County,2020-03-08,0.0
Osceola County,2020-03-08,0.0
Palm Beach County,2020-03-08,0.01
Pasco County,2020-03-08,0.0
Pinellas County,2020-03-08,0.0
Polk County,2020-03-08,0.0
Putnam County,2020-03-08,0.0
St. Johns County,2020-03-08,0.0
St. Lucie County,2020-03-08,0.0
Santa Rosa County,2020-03-08,0.0
Sarasota County,2020-03-08,0.0
Seminole County,2020-03-08,0.0
Sumter County,2020-03-08,0.0
Suwannee County,2020-03-08,0.0
Taylor County,2020-03-08,0.0
Union County,2020-03-08,0.0
Volusia County,2020-03-08,0.0
Wakulla County,2020-03-08,0.0
Walton County,2020-03-08,0.0
Washington County,2020-03-08,0.0
Alachua County,2020-03-09,0.0
Baker County,2020-03-09,0.0
Bay County,2020-03-09,0.0
Bradford County,2020-03-09,0.0
Brevard County,2020-03-09,0.0
Broward County,2020-03-09,0.01
Calhoun County,2020-03-09,0.0
Charlotte County,2020-03-09,0.0
Citrus County,2020-03-09,0.0
Clay County,2020-03-09,0.0
Collier County,2020-03-09,0.0
Columbia County,2020-03-09,0.0
DeSoto County,2020-03-09,0.0
Dixie County,2020-03-09,0.0
Duval County,2020-03-09,0.0
Escambia County,2020-03-09,0.0
Flagler County,2020-03-09,0.0
Franklin County,2020-03-09,0.0
Gadsden County,2020-03-09,0.0
Gilchrist County,2020-03-09,0.0
Glades County,2020-03-09,0.0
Gulf County,2020-03-09,0.0
Hamilton County,2020-03-09,0.0
Hardee County,2020-03-09,0.0
Hendry County,2020-03-09,0.03
Hernando County,2020-03-09,0.0
Highlands County,2020-03-09,0.0
Hillsborough County,2020-03-09,0.0
Holmes County,2020-03-09,0.0
Indian River County,2020-03-09,0.0
Jackson County,2020-03-09,0.0
Jefferson County,2020-03-09,0.0
Lafayette County,2020-03-09,0.0
Lake County,2020-03-09,0.0
Lee County,2020-03-09,0.0
Leon County,2020-03-09,0.0
Levy County,2020-03-09,0.0
Liberty County,2020-03-09,0.0
Madison County,2020-03-09,0.0
Manatee County,2020-03-09,0.0
Marion County,2020-03-09,0.0
Martin County,2020-03-09,0.0
Miami-Dade County,2020-03-09,0.02
Monroe County,2020-03-09,0.08
Nassau County,2020-03-09,0.0
Okaloosa County,2020-03-09,0.0
Okeechobee County,2020-03-09,0.06
Orange County,2020-03-09,0.0
Osceola County,2020-03-09,0.02
Palm Beach County,2020-03-09,0.04
Pasco County,2020-03-09,0.0
Pinellas County,2020-03-09,0.0
Polk County,2020-03-09,0.0
Putnam County,2020-03-09,0.0
St. Johns County,2020-03-09,0.0
St. Lucie County,2020-03-09,0.0
Santa Rosa County,2020-03-09,0.0
Sarasota County,2020-03-09,0.0
Seminole County,2020-03-09,0.0
Sumter County,2020-03-09,0.0
Suwannee County,2020-03-09,0.0
Taylor County,2020-03-09,0.0
Union County,2020-03-09,0.0
Volusia County,2020-03-09,0.0
Wakulla County,2020-03-09,0.0
Walton County,2020-03-09,0.0
Washington County,2020-03-09,0.0
Alachua County,2020-03-10,0.0
Baker County,2020-03-10,0.0
Bay County,2020-03-10,0.0
Bradford County,2020-03-10,0.0
Brevard County,2020-03-10,1.44
Broward County,2020-03-10,5.3
Calhoun County,2020-03-10,0.0
Charlotte County,2020-03-10,0.01
Citrus County,2020-03-10,0.0
Clay County,2020-03-10,0.0
Collier County,2020-03-10,0.5
Columbia County,2020-03-10,0.0
DeSoto County,2020-03-10,0.02
Dixie County,2020-03-10,0.0
Duval County,2020-03-10,0.45
Escambia County,2020-03-10,0.0
Flagler County,2020-03-10,0.0
Franklin County,2020-03-10,0.0
Gadsden County,2020-03-10,0.0
Gilchrist County,2020-03-10,0.0
Glades County,2020-03-10,6.14
Gulf County,2020-03-10,0.0
Hamilton County,2020-03-10,0.0
Hardee County,2020-03-10,0.0
Hendry County,2020-03-10,7.83
Hernando County,2020-03-10,0.0
Highlands County,2020-03-10,1.56
Hillsborough County,2020-03-10,0.0
Holmes County,2020-03-10,0.0
Indian River County,2020-03-10,0.32
Jackson County,2020-03-10,0.0
Jefferson County,2020-03-10,0.0
Lafayette County,2020-03-10,0.0
Lake County,2020-03-10,0.0
Lee County,2020-03-10,0.0
Leon County,2020-03-10,0.0
Levy County,2020-03-10,0.0
Liberty County,2020-03-10,0.0
Madison County,2020-03-10,0.0
Manatee County,2020-03-10,0.0
Marion County,2020-03-10,0.0
Martin County,2020-03-10,0.4
Miami-Dade County,2020-03-10,2.9
Monroe County,2020-03-10,6.5
Nassau County,2020-03-10,0.02
Okaloosa County,2020-03-10,0.0
Okeechobee County,2020-03-10,1.69
Orange County,2020-03-10,0.92
Osceola County,2020-03-10,0.85
Palm Beach County,2020-03-10,7.67
Pasco County,2020-03-10,0.0
Pinellas County,2020-03-10,0.0
Polk County,2020-03-10,0.07
Putnam County,2020-03-10,0.0
St. Johns County,2020-03-10,0.0
St. Lucie County,2020-03-10,0.0
Santa Rosa County,2020-03-10,0.0
Sarasota County,2020-03-10,0.0
Seminole County,2020-03-10,0.95
Sumter County,2020-03-10,0.0
Suwannee County,2020-03-10,0.0
Taylor County,2020-03-10,0.0
Union County,2020-03-10,0.0
Volusia County,2020-03-10,0.27
Wakulla County,2020-03-10,0.0
Walton County,2020-03-10,0.0
Washington County,2020-03-10,0.0
Alachua County,2020-03-11,0.0
Baker County,2020-03-11,0.0
Bay County,2020-03-11,0.0
Bradford County,2020-03-11,0.0
Brevard County,2020-03-11,0.0
Broward County,2020-03-11,1.26
Calhoun County,2020-03-11,0.0
Charlotte County,2020-03-11,0.0
Citrus County,2020-03-11,0.0
Clay County,2020-03-11,0.0
Collier County,2020-03-11,0.0
Columbia County,2020-03-11,0.0
DeSoto County,2020-03-11,0.0
Dixie County,2020-03-11,0.0
Duval County,2020-03-11,0.0
Escambia County,2020-03-11,0.42
Flagler County,2020-03-11,0.0
Franklin County,2020-03-11,0.0
Gadsden County,2020-03-11,0.0
Gilchrist County,2020-03-11,0.0
Glades County,2020-03-11,0.11
Gulf County,2020-03-11,0.09
Hamilton County,2020-03-11,0.0
Hardee County,2020-03-11,0.0
Hendry County,2020-03-11,0.0
Hernando County,2020-03-11,0.0
Highlands County,2020-03-11,0.02
Hillsborough County,2020-03-11,0.0
Holmes County,2020-03-11,0.01
Indian River County,2020-03-11,0.0
Jackson County,2020-03-11,0.0
Jefferson County,2020-03-11,0.0
Lafayette County,2020-03-11,0.0
Lake County,2020-03-11,0.0
Lee County,2020-03-11,0.0
Leon County,2020-03-11,0.0
Levy County,2020-03-11,0.0
Liberty County,2020-03-11,0.01
Madison County,2020-03-11,0.0
Manatee County,2020-03-11,0.0
Marion County,2020-03-11,0.0
Martin County,2020-03-11,0.0
Miami-Dade County,2020-03-11,0.18
Monroe County,2020-03-11,0.0
Nassau County,2020-03-11,0.0
Okaloosa County,2020-03-11,0.0
Okeechobee County,2020-03-11,0.0
Orange County,2020-03-11,0.0
Osceola County,2020-03-11,0.0
Palm Beach County,2020-03-11,0.69
Pasco County,2020-03-11,0.0
Pinellas County,2020-03-11,0.0
Polk County,2020-03-11,0.0
Putnam County,2020-03-11,0.0
St. Johns County,2020-03-11,0.0
St. Lucie County,2020-03-11,0.0
Santa Rosa County,2020-03-11,0.19
Sarasota County,2020-03-11,0.0
Seminole County,2020-03-11,0.0
Sumter County,2020-03-11,0.0
Suwannee County,2020-03-11,0.0
Taylor County,2020-03-11,0.0
Union County,2020-03-11,0.0
Volusia County,2020-03-11,0.0
Wakulla County,2020-03-11,0.0
Walton County,2020-03-11,0.0
Washington County,2020-03-11,0.0
Alachua County,2020-03-12,0.0
Baker County,2020-03-12,0.0
Bay County,2020-03-12,0.0
Bradford County,2020-03-12,0.0
Brevard County,2020-03-12,0.0
Broward County,2020-03-12,0.0
Calhoun County,2020-03-12,0.0
Charlotte County,2020-03-12,0.0
Citrus County,2020-03-12,0.0
Clay County,2020-03-12,0.0
Collier County,2020-03-12,0.08
Columbia County,2020-03-12,0.0
DeSoto County,2020-03-12,0.0
Dixie County,2020-03-12,0.0
Duval County,2020-03-12,0.0
Escambia County,2020-03-12,0.0
Flagler County,2020-03-12,0.0
Franklin County,2020-03-12,0.0
Gadsden County,2020-03-12,0.0
Gilchrist County,2020-03-12,0.0
Glades County,2020-03-12,0.0
Gulf County,2020-03-12,0.0
Hamilton County,2020-03-12,0.0
Hardee County,2020-03-12,0.0
Hendry County,2020-03-12,0.0
Hernando County,2020-03-12,0.0
Highlands County,2020-03-12,0.01
Hillsborough County,2020-03-12,0.0
Holmes County,2020-03-12,0.0
Indian River County,2020-03-12,0.0
Jackson County,2020-03-12,0.0
Jefferson County,2020-03-12,0.0
Lafayette County,2020-03-12,0.0
Lake County,2020-03-12,0.0
Lee County,2020-03-12,0.0
Leon County,2020-03-12,0.0
Levy County,2020-03-12,0.0
Liberty County,2020-03-12,0.0
Madison County,2020-03-12,0.0
Manatee County,2020-03-12,0.0
Marion County,2020-03-12,0.0
Martin County,2020-03-12,0.0
Miami-Dade County,2020-03-12,0.01
Monroe County,2020-03-12,0.06
Nassau County,2020-03-12,0.0
Okaloosa County,2020-03-12,0.0
Okeechobee County,2020-03-12,0.0
Orange County,2020-03-12,0.0
Osceola County,2020-03-12,0.0
Palm Beach County,2020-03-12,0.0
Pasco County,2020-03-12,0.0
Pinellas County,2020-03-12,0.0
Polk County,2020-03-12,0.0
Putnam County,2020-03-12,0.0
St. Johns County,2020-03-12,0.0
St. Lucie County,2020-03-12,0.0
Santa Rosa County,2020-03-12,0.0
Sarasota County,2020-03-12,0.0
Seminole County,2020-03-12,0.0
Sumter County,2020-03-12,0.0
Suwannee County,2020-03-12,0.0
Taylor County,2020-03-12,0.0
Union County,2020-03-12,0.0
Volusia County,2020-03-12,0.0
Wakulla County,2020-03-12,0.0
Walton County,2020-03-12,0.0
Washington County,2020-03-12,0.0
Alachua County,2020-03-13,0.0
Baker County,2020-03-13,0.0
Bay County,2020-03-13,0.0
Bradford County,2020-03-13,0.0
Brevard County,2020-03-13,0.0
Broward County,2020-03-13,0.0
Calhoun County,2020-03-13,0.0
Charlotte County,2020-03-13,0.0
Citrus County,2020-03-13,0.0
Clay County,2020-03-13,0.0
Collier County,2020-03-13,0.0
Columbia County,2020-03-13,0.0
DeSoto County,2020-03-13,0.0
Dixie County,2020-03-13,0.0
Duval County,2020-03-13,0.0
Escambia County,2020-03-13,0.0
Flagler County,2020-03-13,0.0
Franklin County,2020-03-13,0.0
Gadsden County,2020-03-13,0.0
Gilchrist County,2020-03-13,0.0
Glades County,2020-03-13,0.0
Gulf County,2020-03-13,0.0
Hamilton County,2020-03-13,0.0
Hardee County,2020-03-13,0.0
Hendry County,2020-03-13,0.0
Hernando County,2020-03-13,0.0
Highlands County,2020-03-13,0.0
Hillsborough County,2020-03-13,0.0
Holmes County,2020-03-13,0.0
Indian River County,2020-03-13,0.0
Jackson County,2020-03-13,0.0
Jefferson County,2020-03-13,0.0
Lafayette County,2020-03-13,0.0
Lake County,2020-03-13,0.0
Lee County,2020-03-13,0.0
Leon County,2020-03-13,0.0
Levy County,2020-03-13,0.0
Liberty County,2020-03-13,0.0
Madison County,2020-03-13,0.0
Manatee County,2020-03-13,0.0
Marion County,2020-03-13,0.0
Martin County,2020-03-13,0.0
Miami-Dade County,2020-03-13,0.0
Monroe County,2020-03-13,0.0
Nassau County,2020-03-13,0.0
Okaloosa County,2020-03-13,0.0
Okeechobee County,2020-03-13,0.0
Orange County,2020-03-13,0.0
Osceola County,2020-03-13,0.0
Palm Beach County,2020-03-13,0.0
Pasco County,2020-03-13,0.0
Pinellas County,2020-03-13,0.0
Polk County,2020-03-13,0.0
Putnam County,2020-03-13,0.0
St. Johns County,2020-03-13,0.0
St. Lucie County,2020-03-13,0.0
Santa Rosa County,2020-03-13,0.0
Sarasota County,2020-03-13,0.0
Seminole County,2020-03-13,0.0
Sumter County,2020-03-13,0.0
Suwannee County,2020-03-13,0.0
Taylor County,2020-03-13,0.0
Union County,2020-03-13,0.0
Volusia County,2020-03-13,0.0
Wakulla County,2020-03-13,0.0
Walton County,2020-03-13,0.0
Washington County,2020-03-13,0.0
Alachua County,2020-03-14,0.0
Baker County,2020-03-14,0.0
Bay County,2020-03-14,0.0
Bradford County,2020-03-14,0.0
Brevard County,2020-03-14,0.0
Broward County,2020-03-14,0.01
Calhoun County,2020-03-14,0.0
Charlotte County,2020-03-14,0.0
Citrus County,2020-03-14,0.0
Clay County,2020-03-14,0.0
Collier County,2020-03-14,0.0
Columbia County,2020-03-14,0.0
DeSoto County,2020-03-14,0.0
Dixie County,2020-03-14,0.0
Duval County,2020-03-14,0.0
Escambia County,2020-03-14,0.0
Flagler County,2020-03-14,0.0
Franklin County,2020-03-14,0.0
Gadsden County,2020-03-14,0.0
Gilchrist County,2020-03-14,0.0
Glades County,2020-03-14,0.0
Gulf County,2020-03-14,0.0
Hamilton County,2020-03-14,0.0
Hardee County,2020-03-14,0.0
Hendry County,2020-03-14,0.0
Hernando County,2020-03-14,0.0
Highlands County,2020-03-14,0.0
Hillsborough County,2020-03-14,0.0
Holmes County,2020-03-14,0.0
Indian River County,2020-03-14,0.0
Jackson County,2020-03-14,0.0
Jefferson County,2020-03-14,0.0
Lafayette County,2020-03-14,0.0
Lake County,2020-03-14,0.0
Lee County,2020-03-14,0.0
Leon County,2020-03-14,0.0
Levy County,2020-03-14,0.0
Liberty County,2020-03-14,0.0
Madison County,2020-03-14,0.0
Manatee County,2020-03-14,0.0
Marion County,2020-03-14,0.0
Martin County,2020-03-14,0.0
Miami-Dade County,2020-03-14,0.0
Monroe County,2020-03-14,0.0
Nassau County,2020-03-14,0.0
Okaloosa County,2020-03-14,0.0
Okeechobee County,2020-03-14,0.0
Orange County,2020-03-14,0.0
Osceola County,2020-03-14,0.0
Palm Beach County,2020-03-14,0.0
Pasco County,2020-03-14,0.0
Pinellas County,2020-03-14,0.0
Polk County,2020-03-14,0.0
Putnam County,2020-03-14,0.0
St. Johns County,2020-03-14,0.0
St. Lucie County,2020-03-14,0.0
Santa Rosa County,2020-03-14,0.0
Sarasota County,2020-03-14,0.0
Seminole County,2020-03-14,0.0
Sumter County,2020-03-14,0.0
Suwannee County,2020-03-14,0.0
Taylor County,2020-03-14,0.0
Union County,2020-03-14,0.0
Volusia County,2020-03-14,0.0
Wakulla County,2020-03-14,0.0
Walton County,2020-03-14,0.0
Washington County,2020-03-14,0.0
Alachua County,2020-03-15,0.0
Baker County,2020-03-15,0.0
Bay County,2020-03-15,0.0
Bradford County,2020-03-15,0.0
Brevard County,2020-03-15,0.0
Broward County,2020-03-15,0.04
Calhoun County,2020-03-15,0.0
Charlotte County,2020-03-15,0.0
Citrus County,2020-03-15,0.0
Clay County,2020-03-15,0.0
Collier County,2020-03-15,0.0
Columbia County,2020-03-15,0.0
DeSoto County,2020-03-15,0.0
Dixie County,2020-03-15,0.0
Duval County,2020-03-15,0.0
Escambia County,2020-03-15,0.0
Flagler County,2020-03-15,0.0
Franklin County,2020-03-15,0.0
Gadsden County,2020-03-15,0.0
Gilchrist County,2020-03-15,0.0
Glades County,2020-03-15,0.0
Gulf County,2020-03-15,0.0
Hamilton County,2020-03-15,0.0
Hardee County,2020-03-15,0.0
Hendry County,2020-03-15,0.0
Hernando County,2020-03-15,0.0
Highlands County,2020-03-15,0.0
Hillsborough County,2020-03-15,0.0
Holmes County,2020-03-15,0.0
Indian River County,2020-03-15,0.0
Jackson County,2020-03-15,0.0
Jefferson County,2020-03-15,0.0
Lafayette County,2020-03-15,0.0
Lake County,2020-03-15,0.0
Lee County,2020-03-15,0.0
Leon County,2020-03-15,0.0
Levy County,2020-03-15,0.0
Liberty County,2020-03-15,0.0
Madison County,2020-03-15,0.0
Manatee County,2020-03-15,0.0
Marion County,2020-03-15,0.0
Martin County,2020-03-15,0.0
Miami-Dade County,2020-03-15,0.0
Monroe County,2020-03-15,0.0
Nassau County,2020-03-15,0.0
Okaloosa County,2020-03-15,0.0
Okeechobee County,2020-03-15,0.0
Orange County,2020-03-15,0.0
Osceola County,2020-03-15,0.0
Palm Beach County,2020-03-15,0.0
Pasco County,2020-03-15,0.0
Pinellas County,2020-03-15,0.0
Polk County,2020-03-15,0.0
Putnam County,2020-03-15,0.0
St. Johns County,2020-03-15,0.0
St. Lucie County,2020-03-15,0.0
Santa Rosa County,2020-03-15,0.0
Sarasota County,2020-03-15,0.0
Seminole County,2020-03-15,0.0
Sumter County,2020-03-15,0.0
Suwannee County,2020-03-15,0.0
Taylor County,2020-03-15,0.0
Union County,2020-03-15,0.0
Volusia County,2020-03-15,0.0
Wakulla County,2020-03-15,0.0
Walton County,2020-03-15,0.0
Washington County,2020-03-15,0.0
Alachua County,2020-03-16,0.0
Baker County,2020-03-16,0.0
Bay County,2020-03-16,0.0
Bradford County,2020-03-16,0.0
Brevard County,2020-03-16,0.0
Broward County,2020-03-16,0.0
Calhoun County,2020-03-16,0.0
Charlotte County,2020-03-16,0.0
Citrus County,2020-03-16,0.0
Clay County,2020-03-16,0.0
Collier County,2020-03-16,0.0
Columbia County,2020-03-16,0.0
DeSoto County,2020-03-16,0.0
Dixie County,2020-03-16,0.0
Duval County,2020-03-16,0.0
Escambia County,2020-03-16,0.0
Flagler County,2020-03-16,0.0
Franklin County,2020-03-16,0.0
Gadsden County,2020-03-16,0.0
Gilchrist County,2020-03-16,0.0
Glades County,2020-03-16,0.0
Gulf County,2020-03-16,0.0
Hamilton County,2020-03-16,0.0
Hardee County,2020-03-16,0.0
Hendry County,2020-03-16,0.0
Hernando County,2020-03-16,0.0
Highlands County,2020-03-16,0.0
Hillsborough County,2020-03-16,0.0
Holmes County,2020-03-16,0.0
Indian River County,2020-03-16,0.0
Jackson County,2020-03-16,0.0
Jefferson County,2020-03-16,0.0
Lafayette County,2020-03-16,0.0
Lake County,2020-03-16,0.0
Lee County,2020-03-16,0.0
Leon County,2020-03-16,0.0
Levy County,2020-03-16,0.0
Liberty County,2020-03-16,0.0
Madison County,2020-03-16,0.0
Manatee County,2020-03-16,0.0
Marion County,2020-03-16,0.0
Martin County,2020-03-16,0.0
Miami-Dade County,2020-03-16,0.0
Monroe County,2020-03-16,0.0
Nassau County,2020-03-16,0.0
Okaloosa County,2020-03-16,0.0
Okeechobee County,2020-03-16,0.0
Orange County,2020-03-16,0.0
Osceola County,2020-03-16,0.0
Palm Beach County,2020-03-16,0.0
Pasco County,2020-03-16,0.0
Pinellas County,2020-03-16,0.0
Polk County,2020-03-16,0.0
Putnam County,2020-03-16,0.0
St. Johns County,2020-03-16,0.0
St. Lucie County,2020-03-16,0.0
Santa Rosa County,2020-03-16,0.0
Sarasota County,2020-03-16,0.43
Seminole County,2020-03-16,0.0
Sumter County,2020-03-16,0.0
Suwannee County,2020-03-16,0.0
Taylor County,2020-03-16,0.0
Union County,2020-03-16,0.0
Volusia County,2020-03-16,0.01
Wakulla County,2020-03-16,0.0
Walton County,2020-03-16,0.0
Washington County,2020-03-16,0.0
Alachua County,2020-03-17,0.0
Baker County,2020-03-17,0.0
Bay County,2020-03-17,0.0
Bradford County,2020-03-17,0.0
Brevard County,2020-03-17,0.0
Broward County,2020-03-17,0.01
Calhoun County,2020-03-17,0.0
Charlotte County,2020-03-17,0.0
Citrus County,2020-03-17,0.0
Clay County,2020-03-17,0.0
Collier County,2020-03-17,0.0
Columbia County,2020-03-17,0.0
DeSoto County,2020-03-17,0.0
Dixie County,2020-03-17,0.38
Duval County,2020-03-17,0.0
Escambia County,2020-03-17,0.0
Flagler County,2020-03-17,0.0
Franklin County,2020-03-17,0.0
Gadsden County,2020-03-17,0.0
Gilchrist County,2020-03-17,0.0
Glades County,2020-03-17,0.0
Gulf County,2020-03-17,0.0
Hamilton County,2020-03-17,0.72
Hardee County,2020-03-17,0.0
Hendry County,2020-03-17,0.0
Hernando County,2020-03-17,0.0
Highlands County,2020-03-17,0.0
Hillsborough County,2020-03-17,0.0
Holmes County,2020-03-17,0.0
Indian River County,2020-03-17,0.0
Jackson County,2020-03-17,0.0
Jefferson County,2020-03-17,0.25
Lafayette County,2020-03-17,0.0
Lake County,2020-03-17,0.0
Lee County,2020-03-17,0.0
Leon County,2020-03-17,0.0
Levy County,2020-03-17,0.0
Liberty County,2020-03-17,0.0
Madison County,2020-03-17,0.0
Manatee County,2020-03-17,0.0
Marion County,2020-03-17,0.0
Martin County,2020-03-17,0.0
Miami-Dade County,2020-03-17,0.0
Monroe County,2020-03-17,0.0
Nassau County,2020-03-17,0.0
Okaloosa County,2020-03-17,0.0
Okeechobee County,2020-03-17,0.0
Orange County,2020-03-17,0.0
Osceola County,2020-03-17,0.0
Palm Beach County,2020-03-17,0.0
Pasco County,2020-03-17,0.0
Pinellas County,2020-03-17,0.0
Polk County,2020-03-17,0.0
Putnam County,2020-03-17,0.0
St. Johns County,2020-03-17,0.0
St. Lucie County,2020-03-17,0.0
Santa Rosa County,2020-03-17,0.0
Sarasota County,2020-03-17,0.0
Seminole County,2020-03-17,0.0
Sumter County,2020-03-17,0.0
Suwannee County,2020-03-17,0.0
Taylor County,2020-03-17,0.0
Union County,2020-03-17,0.0
Volusia County,2020-03-17,0.01
Wakulla County,2020-03-17,0.0
Walton County,2020-03-17,0.0
Washington County,2020-03-17,0.0
Alachua County,2020-03-18,0.0
Baker County,2020-03-18,0.46
Bay County,2020-03-18,0.0
Bradford County,2020-03-18,0.0
Brevard County,2020-03-18,0.0
Broward County,2020-03-18,0.05
Calhoun County,2020-03-18,0.0
Charlotte County,2020-03-18,0.0
Citrus County,2020-03-18,0.0
Clay County,2020-03-18,0.07
Collier County,2020-03-18,0.0
Columbia County,2020-03-18,0.12
DeSoto County,2020-03-18,0.0
Dixie County,2020-03-18,0.0
Duval County,2020-03-18,6.34
Escambia County,2020-03-18,0.0
Flagler County,2020-03-18,0.0
Franklin County,2020-03-18,0.0
Gadsden County,2020-03-18,0.13
Gilchrist County,2020-03-18,0.0
Glades County,2020-03-18,0.0
Gulf County,2020-03-18,0.0
Hamilton County,2020-03-18,0.0
Hardee County,2020-03-18,0.0
Hendry County,2020-03-18,0.0
Hernando County,2020-03-18,0.0
Highlands County,2020-03-18,0.0
Hillsborough County,2020-03-18,0.0
Holmes County,2020-03-18,0.0
Indian River County,2020-03-18,0.0
Jackson County,2020-03-18,0.0
Jefferson County,2020-03-18,0.0
Lafayette County,2020-03-18,0.0
Lake County,2020-03-18,0.0
Lee County,2020-03-18,0.0
Leon County,2020-03-18,0.0
Levy County,2020-03-18,0.0
Liberty County,2020-03-18,0.0
Madison County,2020-03-18,0.0
Manatee County,2020-03-18,0.0
Marion County,2020-03-18,0.0
Martin County,2020-03-18,0.0
Miami-Dade County,2020-03-18,0.0
Monroe County,2020-03-18,0.0
Nassau County,2020-03-18,6.69
Okaloosa County,2020-03-18,0.0
Okeechobee County,2020-03-18,0.0
Orange County,2020-03-18,0.0
Osceola County,2020-03-18,0.03
Palm Beach County,2020-03-18,0.0
Pasco County,2020-03-18,0.0
Pinellas County,2020-03-18,0.0
Polk County,2020-03-18,0.0
Putnam County,2020-03-18,0.0
St. Johns County,2020-03-18,0.14
St. Lucie County,2020-03-18,0.0
Santa Rosa County,2020-03-18,0.0
Sarasota County,2020-03-18,0.49
Seminole County,2020-03-18,0.0
Sumter County,2020-03-18,0.0
Suwannee County,2020-03-18,0.0
Taylor County,2020-03-18,0.0
Union County,2020-03-18,0.0
Volusia County,2020-03-18,0.0
Wakulla County,2020-03-18,0.0
Walton County,2020-03-18,0.0
Washington County,2020-03-18,0.0
Alachua County,2020-03-19,0.0
Baker County,2020-03-19,0.0
Bay County,2020-03-19,0.0
Bradford County,2020-03-19,0.0
Brevard County,2020-03-19,0.0
Broward County,2020-03-19,0.0
Calhoun County,2020-03-19,0.0
Charlotte County,2020-03-19,0.0
Citrus County,2020-03-19,0.0
Clay County,2020-03-19,0.0
Collier County,2020-03-19,0.0
Columbia County,2020-03-19,0.0
DeSoto County,2020-03-19,0.0
Dixie County,2020-03-19,0.0
Duval County,2020-03-19,0.0
Escambia County,2020-03-19,0.0
Flagler County,2020-03-19,0.0
Franklin County,2020-03-19,0.0
Gadsden County,2020-03-19,0.0
Gilchrist County,2020-03-19,0.0
Glades County,2020-03-19,0.0
Gulf County,2020-03-19,0.0
Hamilton County,2020-03-19,0.0
Hardee County,2020-03-19,0.0
Hendry County,2020-03-19,0.0
Hernando County,2020-03-19,0.0
Highlands County,2020-03-19,0.0
Hillsborough County,2020-03-19,0.0
Holmes County,2020-03-19,0.0
Indian River County,2020-03-19,0.0
Jackson County,2020-03-19,0.0
Jefferson County,2020-03-19,0.0
Lafayette County,2020-03-19,0.0
Lake County,2020-03-19,0.0
Lee County,2020-03-19,0.0
Leon County,2020-03-19,0.0
Levy County,2020-03-19,0.0
Liberty County,2020-03-19,0.0
Madison County,2020-03-19,0.0
Manatee County,2020-03-19,0.0
Marion County,2020-03-19,0.0
Martin County,2020-03-19,0.0
Miami-Dade County,2020-03-19,0.0
Monroe County,2020-03-19,0.0
Nassau County,2020-03-19,0.0
Okaloosa County,2020-03-19,0.0
Okeechobee County,2020-03-19,0.0
Orange County,2020-03-19,0.0
Osceola County,2020-03-19,0.0
Palm Beach County,2020-03-19,0.0
Pasco County,2020-03-19,0.0
Pinellas County,2020-03-19,0.0
Polk County,2020-03-19,0.0
Putnam County,2020-03-19,0.0
St. Johns County,2020-03-19,0.0
St. Lucie County,2020-03-19,0.0
Santa Rosa County,2020-03-19,0.0
Sarasota County,2020-03-19,0.0
Seminole County,2020-03-19,0.0
Sumter County,2020-03-19,0.0
Suwannee County,2020-03-19,0.0
Taylor County,2020-03-19,0.0
Union County,2020-03-19,0.0
Volusia County,2020-03-19,0.0
Wakulla County,2020-03-19,0.0
Walton County,2020-03-19,0.0
Washington County,2020-03-19,0.0
Alachua County,2020-03-20,0.0
Baker County,2020-03-20,0.0
Bay County,2020-03-20,0.0
Bradford County,2020-03-20,0.0
Brevard County,2020-03-20,0.0
Broward County,2020-03-20,0.0
Calhoun County,2020-03-20,0.0
Charlotte County,2020-03-20,0.0
Citrus County,2020-03-20,0.0
Clay County,2020-03-20,0.0
Collier County,2020-03-20,0.0
Columbia County,2020-03-20,0.0
DeSoto County,2020-03-20,0.0
Dixie County,2020-03-20,0.0
Duval County,2020-03-20,0.0
Escambia County,2020-03-20,0.0
Flagler County,2020-03-20,0.0
Franklin County,2020-03-20,0.0
Gadsden County,2020-03-20,0.0
Gilchrist County,2020-03-20,0.0
Glades County,2020-03-20,0.0
Gulf County,2020-03-20,0.0
Hamilton County,2020-03-20,0.0
Hardee County,2020-03-20,0.0
Hendry County,2020-03-20,0.0
Hernando County,2020-03-20,0.0
Highlands County,2020-03-20,0.0
Hillsborough County,2020-03-20,0.0
Holmes County,2020-03-20,0.0
Indian River County,2020-03-20,0.03
Jackson County,2020-03-20,0.0
Jefferson County,2020-03-20,0.0
Lafayette County,2020-03-20,0.0
Lake County,2020-03-20,0.0
Lee County,2020-03-20,0.0
Leon County,2020-03-20,0.0
Levy County,2020-03-20,0.0
Liberty County,2020-03-20,0.0
Madison County,2020-03-20,0.0
Manatee County,2020-03-20,0.0
Marion County,2020-03-20,0.0
Martin County,2020-03-20,0.0
Miami-Dade County,2020-03-20,0.0
Monroe County,2020-03-20,0.0
Nassau County,2020-03-20,0.0
Okaloosa County,2020-03-20,0.0
Okeechobee County,2020-03-20,0.0
Orange County,2020-03-20,0.0
Osceola County,2020-03-20,0.0
Palm Beach County,2020-03-20,0.0
Pasco County,2020-03-20,0.0
Pinellas County,2020-03-20,0.0
Polk County,2020-03-20,0.0
Putnam County,2020-03-20,0.0
St. Johns County,2020-03-20,0.0
St. Lucie County,2020-03-20,0.0
Santa Rosa County,2020-03-20,0.0
Sarasota County,2020-03-20,0.0
Seminole County,2020-03-20,0.0
Sumter County,2020-03-20,0.0
Suwannee County,2020-03-20,0.0
Taylor County,2020-03-20,0.0
Union County,2020-03-20,0.0
Volusia County,2020-03-20,0.0
Wakulla County,2020-03-20,0.0
Walton County,2020-03-20,0.0
Washington County,2020-03-20,0.0
Alachua County,2020-03-21,0.0
Baker County,2020-03-21,0.0
Bay County,2020-03-21,0.0
Bradford County,2020-03-21,0.0
Brevard County,2020-03-21,0.0
Broward County,2020-03-21,0.0
Calhoun County,2020-03-21,0.0
Charlotte County,2020-03-21,0.0
Citrus County,2020-03-21,0.0
Clay County,2020-03-21,0.0
Collier County,2020-03-21,0.0
Columbia County,2020-03-21,0.0
DeSoto County,2020-03-21,0.0
Dixie County,2020-03-21,0.0
Duval County,2020-03-21,0.0
Escambia County,2020-03-21,0.72
Flagler County,2020-03-21,0.0
Franklin County,2020-03-21,0.0
Gadsden County,2020-03-21,0.0
Gilchrist County,2020-03-21,0.0
Glades County,2020-03-21,0.0
Gulf County,2020-03-21,0.0
Hamilton County,2020-03-21,0.0
Hardee County,2020-03-21,0.0
Hendry County,2020-03-21,0.0
Hernando County,2020-03-21,0.0
Highlands County,2020-03-21,0.0
Hillsborough County,2020-03-21,0.0
Holmes County,2020-03-21,0.0
Indian River County,2020-03-21,0.04
Jackson County,2020-03-21,0.0
Jefferson County,2020-03-21,0.0
Lafayette County,2020-03-21,0.0
Lake County,2020-03-21,0.0
Lee County,2020-03-21,0.0
Leon County,2020-03-21,0.0
Levy County,2020-03-21,0.0
Liberty County,2020-03-21,0.0
Madison County,2020-03-21,0.0
Manatee County,2020-03-21,0.0
Marion County,2020-03-21,0.0
Martin County,2020-03-21,0.01
Miami-Dade County,2020-03-21,0.0
Monroe County,2020-03-21,0.0
Nassau County,2020-03-21,0.0
Okaloosa County,2020-03-21,0.0
Okeechobee County,2020-03-21,0.0
Orange County,2020-03-21,0.0
Osceola County,2020-03-21,0.0
Palm Beach County,2020-03-21,0.0
Pasco County,2020-03-21,0.0
Pinellas County,2020-03-21,0.0
Polk County,2020-03-21,0.0
Putnam County,2020-03-21,0.0
St. Johns County,2020-03-21,0.0
St. Lucie County,2020-03-21,0.0
Santa Rosa County,2020-03-21,0.24
Sarasota County,2020-03-21,0.0
Seminole County,2020-03-21,0.0
Sumter County,2020-03-21,0.0
Suwannee County,2020-03-21,0.0
Taylor County,2020-03-21,0.0
Union County,2020-03-21,0.0
Volusia County,2020-03-21,0.0
Wakulla County,2020-03-21,0.0
Walton County,2020-03-21,0.0
Washington County,2020-03-21,0.0
Alachua County,2020-03-22,0.0
Baker County,2020-03-22,0.0
Bay County,2020-03-22,1.68
Bradford County,2020-03-22,0.0
Brevard County,2020-03-22,0.0
Broward County,2020-03-22,0.0
Calhoun County,2020-03-22,0.72
Charlotte County,2020-03-22,0.0
Citrus County,2020-03-22,0.0
Clay County,2020-03-22,0.0
Collier County,2020-03-22,0.0
Columbia County,2020-03-22,0.0
DeSoto County,2020-03-22,0.0
Dixie County,2020-03-22,0.0
Duval County,2020-03-22,0.0
Escambia County,2020-03-22,0.59
Flagler County,2020-03-22,0.0
Franklin County,2020-03-22,0.25
Gadsden County,2020-03-22,0.0
Gilchrist County,2020-03-22,0.0
Glades County,2020-03-22,0.0
Gulf County,2020-03-22,0.74
Hamilton County,2020-03-22,0.0
Hardee County,2020-03-22,0.0
Hendry County,2020-03-22,0.0
Hernando County,2020-03-22,0.0
Highlands County,2020-03-22,0.0
Hillsborough County,2020-03-22,0.0
Holmes County,2020-03-22,0.32
Indian River County,2020-03-22,0.0
Jackson County,2020-03-22,0.0
Jefferson County,2020-03-22,0.0
Lafayette County,2020-03-22,0.0
Lake County,2020-03-22,0.0
Lee County,2020-03-22,0.0
Leon County,2020-03-22,0.19
Levy County,2020-03-22,0.0
Liberty County,2020-03-22,0.22
Madison County,2020-03-22,0.0
Manatee County,2020-03-22,0.0
Marion County,2020-03-22,0.0
Martin County,2020-03-22,0.0
Miami-Dade County,2020-03-22,0.0
Monroe County,2020-03-22,0.0
Nassau County,2020-03-22,0.0
Okaloosa County,2020-03-22,1.07
Okeechobee County,2020-03-22,0.0
Orange County,2020-03-22,0.0
Osceola County,2020-03-22,0.0
Palm Beach County,2020-03-22,0.0
Pasco County,2020-03-22,0.0
Pinellas County,2020-03-22,0.0
Polk County,2020-03-22,0.0
Putnam County,2020-03-22,0.0
St. Johns County,2020-03-22,0.0
St. Lucie County,2020-03-22,0.0
Santa Rosa County,2020-03-22,0.58
Sarasota County,2020-03-22,0.0
Seminole County,2020-03-22,0.0
Sumter County,2020-03-22,0.0
Suwannee County,2020-03-22,0.0
Taylor County,2020-03-22,0.0
Union County,2020-03-22,0.0
Volusia County,2020-03-22,0.0
Wakulla County,2020-03-22,0.02
Walton County,2020-03-22,1.29
Washington County,2020-03-22,1.2
Alachua County,2020-03-23,0.0
Baker County,2020-03-23,0.0
Bay County,2020-03-23,0.0
Bradford County,2020-03-23,0.0
Brevard County,2020-03-23,0.0
Broward County,2020-03-23,0.0
Calhoun County,2020-03-23,0.0
Charlotte County,2020-03-23,0.0
Citrus County,2020-03-23,0.0
Clay County,2020-03-23,0.0
Collier County,2020-03-23,0.0
Columbia County,2020-03-23,0.0
DeSoto County,2020-03-23,0.0
Dixie County,2020-03-23,0.0
Duval County,2020-03-23,0.0
Escambia County,2020-03-23,0.0
Flagler County,2020-03-23,0.0
Franklin County,2020-03-23,0.0
Gadsden County,2020-03-23,0.08
Gilchrist County,2020-03-23,0.0
Glades County,2020-03-23,0.0
Gulf County,2020-03-23,0.0
Hamilton County,2020-03-23,0.0
Hardee County,2020-03-23,0.0
Hendry County,2020-03-23,0.0
Hernando County,2020-03-23,0.0
Highlands County,2020-03-23,0.0
Hillsborough County,2020-03-23,0.0
Holmes County,2020-03-23,0.0
Indian River County,2020-03-23,0.0
Jackson County,2020-03-23,0.0
Jefferson County,2020-03-23,0.0
Lafayette County,2020-03-23,0.0
Lake County,2020-03-23,0.0
Lee County,2020-03-23,0.0
Leon County,2020-03-23,0.0
Levy County,2020-03-23,0.0
Liberty County,2020-03-23,0.0
Madison County,2020-03-23,0.0
Manatee County,2020-03-23,0.0
Marion County,2020-03-23,0.0
Martin County,2020-03-23,0.0
Miami-Dade County,2020-03-23,0.0
Monroe County,2020-03-23,0.0
Nassau County,2020-03-23,0.0
Okaloosa County,2020-03-23,0.0
Okeechobee County,2020-03-23,0.0
Orange County,2020-03-23,0.0
Osceola County,2020-03-23,0.0
Palm Beach County,2020-03-23,0.0
Pasco County,2020-03-23,0.0
Pinellas County,2020-03-23,0.0
Polk County,2020-03-23,0.0
Putnam County,2020-03-23,0.0
St. Johns County,2020-03-23,0.0
St. Lucie County,2020-03-23,0.0
Santa Rosa County,2020-03-23,0.0
Sarasota County,2020-03-23,0.0
Seminole County,2020-03-23,0.0
Sumter County,2020-03-23,0.0
Suwannee County,2020-03-23,0.0
Taylor County,2020-03-23,0.0
Union County,2020-03-23,0.0
Volusia County,2020-03-23,0.0
Wakulla County,2020-03-23,0.0
Walton County,2020-03-23,0.0
Washington County,2020-03-23,0.0
Alachua County,2020-03-24,0.0
Baker County,2020-03-24,0.0
Bay County,2020-03-24,0.0
Bradford County,2020-03-24,0.0
Brevard County,2020-03-24,0.0
Broward County,2020-03-24,0.0
Calhoun County,2020-03-24,0.0
Charlotte County,2020-03-24,0.0
Citrus County,2020-03-24,0.0
Clay County,2020-03-24,0.0
Collier County,2020-03-24,0.08
Columbia County,2020-03-24,0.0
DeSoto County,2020-03-24,0.0
Dixie County,2020-03-24,0.0
Duval County,2020-03-24,0.0
Escambia County,2020-03-24,0.0
Flagler County,2020-03-24,0.0
Franklin County,2020-03-24,0.0
Gadsden County,2020-03-24,0.0
Gilchrist County,2020-03-24,0.0
Glades County,2020-03-24,0.0
Gulf County,2020-03-24,0.0
Hamilton County,2020-03-24,0.0
Hardee County,2020-03-24,0.0
Hendry County,2020-03-24,0.0
Hernando County,2020-03-24,0.0
Highlands County,2020-03-24,0.0
Hillsborough County,2020-03-24,0.0
Holmes County,2020-03-24,0.0
Indian River County,2020-03-24,0.0
Jackson County,2020-03-24,0.0
Jefferson County,2020-03-24,0.0
Lafayette County,2020-03-24,0.0
Lake County,2020-03-24,0.0
Lee County,2020-03-24,0.0
Leon County,2020-03-24,0.0
Levy County,2020-03-24,0.0
Liberty County,2020-03-24,0.0
Madison County,2020-03-24,0.0
Manatee County,2020-03-24,0.0
Marion County,2020-03-24,0.0
Martin County,2020-03-24,0.0
Miami-Dade County,2020-03-24,0.01
Monroe County,2020-03-24,0.0
Nassau County,2020-03-24,0.05
Okaloosa County,2020-03-24,0.0
Okeechobee County,2020-03-24,0.0
Orange County,2020-03-24,0.0
Osceola County,2020-03-24,0.0
Palm Beach County,2020-03-24,0.0
Pasco County,2020-03-24,0.0
Pinellas County,2020-03-24,0.0
Polk County,2020-03-24,0.0
Putnam County,2020-03-24,0.0
St. Johns County,2020-03-24,0.0
St. Lucie County,2020-03-24,0.0
Santa Rosa County,2020-03-24,0.0
Sarasota County,2020-03-24,0.0
Seminole County,2020-03-24,0.0
Sumter County,2020-03-24,0.0
Suwannee County,2020-03-24,0.0
Taylor County,2020-03-24,0.0
Union County,2020-03-24,0.0
Volusia County,2020-03-24,0.0
Wakulla County,2020-03-24,0.0
Walton County,2020-03-24,0.0
Washington County,2020-03-24,0.0
Alachua County,2020-03-25,0.0
Baker County,2020-03-25,0.0
Bay County,2020-03-25,0.0
Bradford County,2020-03-25,0.0
Brevard County,2020-03-25,0.0
Broward County,2020-03-25,0.0
Calhoun County,2020-03-25,0.0
Charlotte County,2020-03-25,0.0
Citrus County,2020-03-25,0.0
Clay County,2020-03-25,0.0
Collier County,2020-03-25,0.0
Columbia County,2020-03-25,0.0
DeSoto County,2020-03-25,0.0
Dixie County,2020-03-25,0.0
Duval County,2020-03-25,0.0
Escambia County,2020-03-25,0.0
Flagler County,2020-03-25,0.0
Franklin County,2020-03-25,0.0
Gadsden County,2020-03-25,0.0
Gilchrist County,2020-03-25,0.0
Glades County,2020-03-25,0.0
Gulf County,2020-03-25,0.0
Hamilton County,2020-03-25,0.0
Hardee County,2020-03-25,0.0
Hendry County,2020-03-25,0.0
Hernando County,2020-03-25,0.0
Highlands County,2020-03-25,0.0
Hillsborough County,2020-03-25,0.0
Holmes County,2020-03-25,0.0
Indian River County,2020-03-25,0.0
Jackson County,2020-03-25,0.0
Jefferson County,2020-03-25,0.0
Lafayette County,2020-03-25,0.0
Lake County,2020-03-25,0.0
Lee County,2020-03-25,0.0
Leon County,2020-03-25,0.0
Levy County,2020-03-25,0.0
Liberty County,2020-03-25,0.0
Madison County,2020-03-25,0.0
Manatee County,2020-03-25,0.0
Marion County,2020-03-25,0.0
Martin County,2020-03-25,0.0
Miami-Dade County,2020-03-25,0.0
Monroe County,2020-03-25,0.0
Nassau County,2020-03-25,0.0
Okaloosa County,2020-03-25,0.0
Okeechobee County,2020-03-25,0.0
Orange County,2020-03-25,0.0
Osceola County,2020-03-25,0.0
Palm Beach County,2020-03-25,0.0
Pasco County,2020-03-25,0.0
Pinellas County,2020-03-25,0.0
Polk County,2020-03-25,0.0
Putnam County,2020-03-25,0.0
St. Johns County,2020-03-25,0.0
St. Lucie County,2020-03-25,0.0
Santa Rosa County,2020-03-25,0.0
Sarasota County,2020-03-25,0.0
Seminole County,2020-03-25,0.0
Sumter County,2020-03-25,0.0
Suwannee County,2020-03-25,0.0
Taylor County,2020-03-25,0.0
Union County,2020-03-25,0.0
Volusia County,2020-03-25,0.0
Wakulla County,2020-03-25,0.0
Walton County,2020-03-25,0.0
Washington County,2020-03-25,0.0
Alachua County,2020-03-26,0.0
Baker County,2020-03-26,0.0
Bay County,2020-03-26,0.0
Bradford County,2020-03-26,0.0
Brevard County,2020-03-26,0.0
Broward County,2020-03-26,0.0
Calhoun County,2020-03-26,0.0
Charlotte County,2020-03-26,0.0
Citrus County,2020-03-26,0.0
Clay County,2020-03-26,0.0
Collier County,2020-03-26,0.0
Columbia County,2020-03-26,0.0
DeSoto County,2020-03-26,0.0
Dixie County,2020-03-26,0.0
Duval County,2020-03-26,0.0
Escambia County,2020-03-26,0.0
Flagler County,2020-03-26,0.19
Franklin County,2020-03-26,0.0
Gadsden County,2020-03-26,0.0
Gilchrist County,2020-03-26,0.0
Glades County,2020-03-26,0.0
Gulf County,2020-03-26,0.0
Hamilton County,2020-03-26,0.0
Hardee County,2020-03-26,0.0
Hendry County,2020-03-26,0.0
Hernando County,2020-03-26,0.0
Highlands County,2020-03-26,0.0
Hillsborough County,2020-03-26,0.0
Holmes County,2020-03-26,0.0
Indian River County,2020-03-26,0.0
Jackson County,2020-03-26,0.0
Jefferson County,2020-03-26,0.0
Lafayette County,2020-03-26,0.0
Lake County,2020-03-26,0.0
Lee County,2020-03-26,0.0
Leon County,2020-03-26,0.0
Levy County,2020-03-26,0.16
Liberty County,2020-03-26,0.0
Madison County,2020-03-26,0.0
Manatee County,2020-03-26,0.0
Marion County,2020-03-26,0.0
Martin County,2020-03-26,0.0
Miami-Dade County,2020-03-26,0.0
Monroe County,2020-03-26,0.0
Nassau County,2020-03-26,0.0
Okaloosa County,2020-03-26,0.0
Okeechobee County,2020-03-26,0.0
Orange County,2020-03-26,0.0
Osceola County,2020-03-26,0.0
Palm Beach County,2020-03-26,0.0
Pasco County,2020-03-26,0.0
Pinellas County,2020-03-26,0.0
Polk County,2020-03-26,0.0
Putnam County,2020-03-26,0.0
St. Johns County,2020-03-26,0.03
St. Lucie County,2020-03-26,0.0
Santa Rosa County,2020-03-26,0.0
Sarasota County,2020-03-26,0.0
Seminole County,2020-03-26,0.0
Sumter County,2020-03-26,0.0
Suwannee County,2020-03-26,0.0
Taylor County,2020-03-26,0.0
Union County,2020-03-26,0.0
Volusia County,2020-03-26,0.03
Wakulla County,2020-03-26,0.0
Walton County,2020-03-26,0.0
Washington County,2020-03-26,0.0
Alachua County,2020-03-27,0.0
Baker County,2020-03-27,0.0
Bay County,2020-03-27,0.0
Bradford County,2020-03-27,0.0
Brevard County,2020-03-27,0.0
Broward County,2020-03-27,0.0
Calhoun County,2020-03-27,0.0
Charlotte County,2020-03-27,0.0
Citrus County,2020-03-27,0.0
Clay County,2020-03-27,0.0
Collier County,2020-03-27,0.0
Columbia County,2020-03-27,0.0
DeSoto County,2020-03-27,0.0
Dixie County,2020-03-27,0.0
Duval County,2020-03-27,0.0
Escambia County,2020-03-27,0.0
Flagler County,2020-03-27,0.0
Franklin County,2020-03-27,0.0
Gadsden County,2020-03-27,0.0
Gilchrist County,2020-03-27,0.0
Glades County,2020-03-27,0.0
Gulf County,2020-03-27,0.0
Hamilton County,2020-03-27,0.0
Hardee County,2020-03-27,0.0
Hendry County,2020-03-27,0.0
Hernando County,2020-03-27,0.0
Highlands County,2020-03-27,0.0
Hillsborough County,2020-03-27,0.0
Holmes County,2020-03-27,0.0
Indian River County,2020-03-27,0.0
Jackson County,2020-03-27,0.0
Jefferson County,2020-03-27,0.0
Lafayette County,2020-03-27,0.0
Lake County,2020-03-27,0.0
Lee County,2020-03-27,0.0
Leon County,2020-03-27,0.0
Levy County,2020-03-27,0.0
Liberty County,2020-03-27,0.0
Madison County,2020-03-27,0.0
Manatee County,2020-03-27,0.0
Marion County,2020-03-27,0.0
Martin County,2020-03-27,0.0
Miami-Dade County,2020-03-27,0.0
Monroe County,2020-03-27,0.0
Nassau County,2020-03-27,0.0
Okaloosa County,2020-03-27,0.0
Okeechobee County,2020-03-27,0.0
Orange County,2020-03-27,0.0
Osceola County,2020-03-27,0.0
Palm Beach County,2020-03-27,0.0
Pasco County,2020-03-27,0.0
Pinellas County,2020-03-27,0.0
Polk County,2020-03-27,0.0
Putnam County,2020-03-27,0.0
St. Johns County,2020-03-27,0.0
St. Lucie County,2020-03-27,0.0
Santa Rosa County,2020-03-27,0.0
Sarasota County,2020-03-27,0.0
Seminole County,2020-03-27,0.0
Sumter County,2020-03-27,0.0
Suwannee County,2020-03-27,0.0
Taylor County,2020-03-27,0.0
Union County,2020-03-27,0.0
Volusia County,2020-03-27,0.0
Wakulla County,2020-03-27,0.0
Walton County,2020-03-27,0.0
Washington County,2020-03-27,0.0
Alachua County,2020-03-28,0.0
Baker County,2020-03-28,0.0
Bay County,2020-03-28,0.0
Bradford County,2020-03-28,0.0
Brevard County,2020-03-28,0.0
Broward County,2020-03-28,0.0
Calhoun County,2020-03-28,0.0
Charlotte County,2020-03-28,0.0
Citrus County,2020-03-28,0.0
Clay County,2020-03-28,0.0
Collier County,2020-03-28,0.0
Columbia County,2020-03-28,0.0
DeSoto County,2020-03-28,0.0
Dixie County,2020-03-28,0.0
Duval County,2020-03-28,0.0
Escambia County,2020-03-28,0.0
Flagler County,2020-03-28,0.0
Franklin County,2020-03-28,0.0
Gadsden County,2020-03-28,0.0
Gilchrist County,2020-03-28,0.0
Glades County,2020-03-28,0.0
Gulf County,2020-03-28,0.0
Hamilton County,2020-03-28,0.0
Hardee County,2020-03-28,0.0
Hendry County,2020-03-28,0.0
Hernando County,2020-03-28,0.0
Highlands County,2020-03-28,0.0
Hillsborough County,2020-03-28,0.0
Holmes County,2020-03-28,0.0
Indian River County,2020-03-28,0.0
Jackson County,2020-03-28,0.0
Jefferson County,2020-03-28,0.0
Lafayette County,2020-03-28,0.0
Lake County,2020-03-28,0.0
Lee County,2020-03-28,0.0
Leon County,2020-03-28,0.0
Levy County,2020-03-28,0.0
Liberty County,2020-03-28,0.0
Madison County,2020-03-28,0.0
Manatee County,2020-03-28,0.0
Marion County,2020-03-28,0.0
Martin County,2020-03-28,0.0
Miami-Dade County,2020-03-28,0.0
Monroe County,2020-03-28,0.0
Nassau County,2020-03-28,0.0
Okaloosa County,2020-03-28,0.0
Okeechobee County,2020-03-28,0.0
Orange County,2020-03-28,0.0
Osceola County,2020-03-28,0.0
Palm Beach County,2020-03-28,0.0
Pasco County,2020-03-28,0.0
Pinellas County,2020-03-28,0.0
Polk County,2020-03-28,0.0
Putnam County,2020-03-28,0.0
St. Johns County,2020-03-28,0.0
St. Lucie County,2020-03-28,0.0
Santa Rosa County,2020-03-28,0.0
Sarasota County,2020-03-28,0.0
Seminole County,2020-03-28,0.0
Sumter County,2020-03-28,0.0
Suwannee County,2020-03-28,0.0
Taylor County,2020-03-28,0.0
Union County,2020-03-28,0.0
Volusia County,2020-03-28,0.0
Wakulla County,2020-03-28,0.0
Walton County,2020-03-28,0.0
Washington County,2020-03-28,0.0
Alachua County,2020-03-29,0.0
Baker County,2020-03-29,0.0
Bay County,2020-03-29,0.0
Bradford County,2020-03-29,0.0
Brevard County,2020-03-29,0.0
Broward County,2020-03-29,0.0
Calhoun County,2020-03-29,0.0
Charlotte County,2020-03-29,0.0
Citrus County,2020-03-29,0.0
Clay County,2020-03-29,0.0
Collier County,2020-03-29,0.0
Columbia County,2020-03-29,0.0
DeSoto County,2020-03-29,0.0
Dixie County,2020-03-29,0.0
Duval County,2020-03-29,0.0
Escambia County,2020-03-29,0.0
Flagler County,2020-03-29,0.0
Franklin County,2020-03-29,0.0
Gadsden County,2020-03-29,0.0
Gilchrist County,2020-03-29,0.0
Glades County,2020-03-29,0.0
Gulf County,2020-03-29,0.0
Hamilton County,2020-03-29,0.0
Hardee County,2020-03-29,0.0
Hendry County,2020-03-29,0.04
Hernando County,2020-03-29,0.0
Highlands County,2020-03-29,0.0
Hillsborough County,2020-03-29,0.0
Holmes County,2020-03-29,0.0
Indian River County,2020-03-29,0.0
Jackson County,2020-03-29,0.0
Jefferson County,2020-03-29,0.0
Lafayette County,2020-03-29,0.0
Lake County,2020-03-29,0.0
Lee County,2020-03-29,0.0
Leon County,2020-03-29,0.0
Levy County,2020-03-29,0.0
Liberty County,2020-03-29,0.0
Madison County,2020-03-29,0.0
Manatee County,2020-03-29,0.0
Marion County,2020-03-29,0.0
Martin County,2020-03-29,0.0
Miami-Dade County,2020-03-29,0.0
Monroe County,2020-03-29,0.0
Nassau County,2020-03-29,0.0
Okaloosa County,2020-03-29,0.0
Okeechobee County,2020-03-29,0.0
Orange County,2020-03-29,0.0
Osceola County,2020-03-29,0.0
Palm Beach County,2020-03-29,0.0
Pasco County,2020-03-29,0.0
Pinellas County,2020-03-29,0.0
Polk County,2020-03-29,0.0
Putnam County,2020-03-29,0.0
St. Johns County,2020-03-29,0.0
St. Lucie County,2020-03-29,0.0
Santa Rosa County,2020-03-29,0.0
Sarasota County,2020-03-29,0.0
Seminole County,2020-03-29,0.0
Sumter County,2020-03-29,0.0
Suwannee County,2020-03-29,0.0
Taylor County,2020-03-29,0.0
Union County,2020-03-29,0.0
Volusia County,2020-03-29,0.0
Wakulla County,2020-03-29,0.0
Walton County,2020-03-29,0.0
Washington County,2020-03-29,0.0
Alachua County,2020-03-30,0.0
Baker County,2020-03-30,0.0
Bay County,2020-03-30,0.0
Bradford County,2020-03-30,0.0
Brevard County,2020-03-30,0.0
Broward County,2020-03-30,0.0
Calhoun County,2020-03-30,0.0
Charlotte County,2020-03-30,0.0
Citrus County,2020-03-30,0.0
Clay County,2020-03-30,0.0
Collier County,2020-03-30,0.0
Columbia County,2020-03-30,0.0
DeSoto County,2020-03-30,0.0
Dixie County,2020-03-30,0.0
Duval County,2020-03-30,0.0
Escambia County,2020-03-30,0.0
Flagler County,2020-03-30,0.0
Franklin County,2020-03-30,0.0
Gadsden County,2020-03-30,0.0
Gilchrist County,2020-03-30,0.0
Glades County,2020-03-30,0.0
Gulf County,2020-03-30,0.0
Hamilton County,2020-03-30,0.0
Hardee County,2020-03-30,0.0
Hendry County,2020-03-30,0.0
Hernando County,2020-03-30,0.0
Highlands County,2020-03-30,0.0
Hillsborough County,2020-03-30,0.0
Holmes County,2020-03-30,0.0
Indian River County,2020-03-30,0.0
Jackson County,2020-03-30,0.0
Jefferson County,2020-03-30,0.0
Lafayette County,2020-03-30,0.0
Lake County,2020-03-30,0.0
Lee County,2020-03-30,0.0
Leon County,2020-03-30,0.0
Levy County,2020-03-30,0.0
Liberty County,2020-03-30,0.0
Madison County,2020-03-30,0.0
Manatee County,2020-03-30,0.0
Marion County,2020-03-30,0.0
Martin County,2020-03-30,0.0
Miami-Dade County,2020-03-30,0.0
Monroe County,2020-03-30,0.0
Nassau County,2020-03-30,0.0
Okaloosa County,2020-03-30,0.0
Okeechobee County,2020-03-30,0.0
Orange County,2020-03-30,0.0
Osceola County,2020-03-30,0.0
Palm Beach County,2020-03-30,0.0
Pasco County,2020-03-30,0.0
Pinellas County,2020-03-30,0.0
Polk County,2020-03-30,0.0
Putnam County,2020-03-30,0.0
St. Johns County,2020-03-30,0.0
St. Lucie County,2020-03-30,0.0
Santa Rosa County,2020-03-30,0.0
Sarasota County,2020-03-30,0.0
Seminole County,2020-03-30,0.0
Sumter County,2020-03-30,0.0
Suwannee County,2020-03-30,0.0
Taylor County,2020-03-30,0.0
Union County,2020-03-30,0.0
Volusia County,2020-03-30,0.0
Wakulla County,2020-03-30,0.0
Walton County,2020-03-30,0.0
Washington County,2020-03-30,0.0
Alachua County,2020-03-31,0.0
Baker County,2020-03-31,0.0
Bay County,2020-03-31,0.0
Bradford County,2020-03-31,0.0
Brevard County,2020-03-31,0.0
Broward County,2020-03-31,0.0
Calhoun County,2020-03-31,0.0
Charlotte County,2020-03-31,0.0
Citrus County,2020-03-31,0.0
Clay County,2020-03-31,0.0
Collier County,2020-03-31,0.0
Columbia County,2020-03-31,0.0
DeSoto County,2020-03-31,0.0
Dixie County,2020-03-31,0.0
Duval County,2020-03-31,0.0
Escambia County,2020-03-31,0.0
Flagler County,2020-03-31,0.0
Franklin County,2020-03-31,0.0
Gadsden County,2020-03-31,0.0
Gilchrist County,2020-03-31,0.0
Glades County,2020-03-31,0.0
Gulf County,2020-03-31,0.0
Hamilton County,2020-03-31,0.0
Hardee County,2020-03-31,0.0
Hendry County,2020-03-31,0.05
Hernando County,2020-03-31,0.0
Highlands County,2020-03-31,0.0
Hillsborough County,2020-03-31,0.0
Holmes County,2020-03-31,0.0
Indian River County,2020-03-31,0.0
Jackson County,2020-03-31,0.0
Jefferson County,2020-03-31,0.0
Lafayette County,2020-03-31,0.0
Lake County,2020-03-31,0.0
Lee County,2020-03-31,0.0
Leon County,2020-03-31,0.0
Levy County,2020-03-31,0.0
Liberty County,2020-03-31,0.0
Madison County,2020-03-31,0.0
Manatee County,2020-03-31,0.0
Marion County,2020-03-31,0.0
Martin County,2020-03-31,0.0
Miami-Dade County,2020-03-31,0.0
Monroe County,2020-03-31,0.0
Nassau County,2020-03-31,0.0
Okaloosa County,2020-03-31,0.0
Okeechobee County,2020-03-31,0.0
Orange County,2020-03-31,0.0
Osceola County,2020-03-31,0.0
Palm Beach County,2020-03-31,0.0
Pasco County,2020-03-31,0.0
Pinellas County,2020-03-31,0.0
Polk County,2020-03-31,0.0
Putnam County,2020-03-31,0.0
St. Johns County,2020-03-31,0.0
St. Lucie County,2020-03-31,0.0
Santa Rosa County,2020-03-31,0.0
Sarasota County,2020-03-31,0.0
Seminole County,2020-03-31,0.0
Sumter County,2020-03-31,0.0
Suwannee County,2020-03-31,0.0
Taylor County,2020-03-31,0.0
Union County,2020-03-31,0.0
Volusia County,2020-03-31,0.0
Wakulla County,2020-03-31,0.0
Walton County,2020-03-31,0.0
Washington County,2020-03-31,0.0
Alachua County,2020-04-01,15.06
Baker County,2020-04-01,13.84
Bay County,2020-04-01,12.19
Bradford County,2020-04-01,14.72
Brevard County,2020-04-01,7.33
Broward County,2020-04-01,2.41
Calhoun County,2020-04-01,12.15
Charlotte County,2020-04-01,9.29
Citrus County,2020-04-01,7.02
Clay County,2020-04-01,14.89
Collier County,2020-04-01,7.2
Columbia County,2020-04-01,15.13
DeSoto County,2020-04-01,7.97
Dixie County,2020-04-01,12.6
Duval County,2020-04-01,14.56
Escambia County,2020-04-01,13.66
Flagler County,2020-04-01,15.86
Franklin County,2020-04-01,11.46
Gadsden County,2020-04-01,13.03
Gilchrist County,2020-04-01,13.2
Glades County,2020-04-01,6.73
Gulf County,2020-04-01,10.93
Hamilton County,2020-04-01,17.94
Hardee County,2020-04-01,5.12
Hendry County,2020-04-01,5.53
Hernando County,2020-04-01,5.48
Highlands County,2020-04-01,5.3
Hillsborough County,2020-04-01,3.82
Holmes County,2020-04-01,19.46
Indian River County,2020-04-01,3.67
Jackson County,2020-04-01,12.26
Jefferson County,2020-04-01,18.65
Lafayette County,2020-04-01,16.69
Lake County,2020-04-01,6.55
Lee County,2020-04-01,7.43
Leon County,2020-04-01,15.7
Levy County,2020-04-01,11.32
Liberty County,2020-04-01,12.28
Madison County,2020-04-01,20.61
Manatee County,2020-04-01,6.5
Marion County,2020-04-01,12.96
Martin County,2020-04-01,5.13
Miami-Dade County,2020-04-01,1.05
Monroe County,2020-04-01,1.91
Nassau County,2020-04-01,14.16
Okaloosa County,2020-04-01,12.24
Okeechobee County,2020-04-01,4.36
Orange County,2020-04-01,6.25
Osceola County,2020-04-01,4.87
Palm Beach County,2020-04-01,2.64
Pasco County,2020-04-01,4.28
Pinellas County,2020-04-01,3.14
Polk County,2020-04-01,3.65
Putnam County,2020-04-01,16.59
St. Johns County,2020-04-01,15.09
St. Lucie County,2020-04-01,4.65
Santa Rosa County,2020-04-01,15.17
Sarasota County,2020-04-01,8.13
Seminole County,2020-04-01,8.96
Sumter County,2020-04-01,6.24
Suwannee County,2020-04-01,17.57
Taylor County,2020-04-01,18.29
Union County,2020-04-01,14.48
Volusia County,2020-04-01,14.49
Wakulla County,2020-04-01,15.68
Walton County,2020-04-01,13.4
Washington County,2020-04-01,15.59
Alachua County,2020-04-02,0.0
Baker County,2020-04-02,0.0
Bay County,2020-04-02,0.0
Bradford County,2020-04-02,0.0
Brevard County,2020-04-02,0.0
Broward County,2020-04-02,0.01
Calhoun County,2020-04-02,0.0
Charlotte County,2020-04-02,0.0
Citrus County,2020-04-02,0.0
Clay County,2020-04-02,0.0
Collier County,2020-04-02,0.01
Columbia County,2020-04-02,0.0
DeSoto County,2020-04-02,0.0
Dixie County,2020-04-02,0.0
Duval County,2020-04-02,0.0
Escambia County,2020-04-02,0.0
Flagler County,2020-04-02,0.0
Franklin County,2020-04-02,0.0
Gadsden County,2020-04-02,0.0
Gilchrist County,2020-04-02,0.0
Glades County,2020-04-02,0.0
Gulf County,2020-04-02,0.0
Hamilton County,2020-04-02,0.0
Hardee County,2020-04-02,0.0
Hendry County,2020-04-02,0.0
Hernando County,2020-04-02,0.0
Highlands County,2020-04-02,0.0
Hillsborough County,2020-04-02,0.0
Holmes County,2020-04-02,0.0
Indian River County,2020-04-02,0.0
Jackson County,2020-04-02,0.0
Jefferson County,2020-04-02,0.0
Lafayette County,2020-04-02,0.0
Lake County,2020-04-02,0.0
Lee County,2020-04-02,0.0
Leon County,2020-04-02,0.0
Levy County,2020-04-02,0.0
Liberty County,2020-04-02,0.0
Madison County,2020-04-02,0.0
Manatee County,2020-04-02,0.0
Marion County,2020-04-02,0.0
Martin County,2020-04-02,0.0
Miami-Dade County,2020-04-02,0.01
Monroe County,2020-04-02,0.07
Nassau County,2020-04-02,0.0
Okaloosa County,2020-04-02,0.0
Okeechobee County,2020-04-02,0.0
Orange County,2020-04-02,0.0
Osceola County,2020-04-02,0.0
Palm Beach County,2020-04-02,0.01
Pasco County,2020-04-02,0.0
Pinellas County,2020-04-02,0.0
Polk County,2020-04-02,0.0
Putnam County,2020-04-02,0.0
St. Johns County,2020-04-02,0.0
St. Lucie County,2020-04-02,0.0
Santa Rosa County,2020-04-02,0.0
Sarasota County,2020-04-02,0.0
Seminole County,2020-04-02,0.0
Sumter County,2020-04-02,0.0
Suwannee County,2020-04-02,0.0
Taylor County,2020-04-02,0.0
Union County,2020-04-02,0.0
Volusia County,2020-04-02,0.0
Wakulla County,2020-04-02,0.0
Walton County,2020-04-02,0.0
Washington County,2020-04-02,0.0
Alachua County,2020-04-03,0.0
Baker County,2020-04-03,0.0
Bay County,2020-04-03,0.0
Bradford County,2020-04-03,0.0
Brevard County,2020-04-03,0.0
Broward County,2020-04-03,0.0
Calhoun County,2020-04-03,0.0
Charlotte County,2020-04-03,0.0
Citrus County,2020-04-03,0.0
Clay County,2020-04-03,0.0
Collier County,2020-04-03,0.0
Columbia County,2020-04-03,0.0
DeSoto County,2020-04-03,0.0
Dixie County,2020-04-03,0.0
Duval County,2020-04-03,0.0
Escambia County,2020-04-03,0.0
Flagler County,2020-04-03,0.0
Franklin County,2020-04-03,0.0
Gadsden County,2020-04-03,0.0
Gilchrist County,2020-04-03,0.0
Glades County,2020-04-03,0.0
Gulf County,2020-04-03,0.0
Hamilton County,2020-04-03,0.0
Hardee County,2020-04-03,0.0
Hendry County,2020-04-03,0.0
Hernando County,2020-04-03,0.0
Highlands County,2020-04-03,0.0
Hillsborough County,2020-04-03,0.0
Holmes County,2020-04-03,0.0
Indian River County,2020-04-03,0.0
Jackson County,2020-04-03,0.0
Jefferson County,2020-04-03,0.0
Lafayette County,2020-04-03,0.0
Lake County,2020-04-03,0.0
Lee County,2020-04-03,0.0
Leon County,2020-04-03,0.0
Levy County,2020-04-03,0.0
Liberty County,2020-04-03,0.0
Madison County,2020-04-03,0.0
Manatee County,2020-04-03,0.0
Marion County,2020-04-03,0.0
Martin County,2020-04-03,0.0
Miami-Dade County,2020-04-03,0.0
Monroe County,2020-04-03,0.0
Nassau County,2020-04-03,0.0
Okaloosa County,2020-04-03,0.0
Okeechobee County,2020-04-03,0.0
Orange County,2020-04-03,0.0
Osceola County,2020-04-03,0.0
Palm Beach County,2020-04-03,0.0
Pasco County,2020-04-03,0.0
Pinellas County,2020-04-03,0.0
Polk County,2020-04-03,0.0
Putnam County,2020-04-03,0.0
St. Johns County,2020-04-03,0.0
St. Lucie County,2020-04-03,0.0
Santa Rosa County,2020-04-03,0.0
Sarasota County,2020-04-03,0.0
Seminole County,2020-04-03,0.0
Sumter County,2020-04-03,0.0
Suwannee County,2020-04-03,0.0
Taylor County,2020-04-03,0.0
Union County,2020-04-03,0.0
Volusia County,2020-04-03,0.0
Wakulla County,2020-04-03,0.0
Walton County,2020-04-03,0.0
Washington County,2020-04-03,0.03
Alachua County,2020-04-04,0.0
Baker County,2020-04-04,0.0
Bay County,2020-04-04,0.0
Bradford County,2020-04-04,0.0
Brevard County,2020-04-04,0.0
Broward County,2020-04-04,0.0
Calhoun County,2020-04-04,0.0
Charlotte County,2020-04-04,0.0
Citrus County,2020-04-04,0.0
Clay County,2020-04-04,0.0
Collier County,2020-04-04,0.03
Columbia County,2020-04-04,0.0
DeSoto County,2020-04-04,0.0
Dixie County,2020-04-04,0.0
Duval County,2020-04-04,0.0
Escambia County,2020-04-04,0.0
Flagler County,2020-04-04,0.0
Franklin County,2020-04-04,0.0
Gadsden County,2020-04-04,0.0
Gilchrist County,2020-04-04,0.0
Glades County,2020-04-04,0.0
Gulf County,2020-04-04,0.0
Hamilton County,2020-04-04,0.0
Hardee County,2020-04-04,0.0
Hendry County,2020-04-04,0.01
Hernando County,2020-04-04,0.0
Highlands County,2020-04-04,0.0
Hillsborough County,2020-04-04,0.0
Holmes County,2020-04-04,0.0
Indian River County,2020-04-04,0.0
Jackson County,2020-04-04,0.0
Jefferson County,2020-04-04,0.0
Lafayette County,2020-04-04,0.0
Lake County,2020-04-04,0.0
Lee County,2020-04-04,0.0
Leon County,2020-04-04,0.0
Levy County,2020-04-04,0.0
Liberty County,2020-04-04,0.0
Madison County,2020-04-04,0.0
Manatee County,2020-04-04,0.0
Marion County,2020-04-04,0.0
Martin County,2020-04-04,0.0
Miami-Dade County,2020-04-04,0.0
Monroe County,2020-04-04,0.0
Nassau County,2020-04-04,0.0
Okaloosa County,2020-04-04,0.0
Okeechobee County,2020-04-04,0.0
Orange County,2020-04-04,0.0
Osceola County,2020-04-04,0.0
Palm Beach County,2020-04-04,0.0
Pasco County,2020-04-04,0.0
Pinellas County,2020-04-04,0.0
Polk County,2020-04-04,0.0
Putnam County,2020-04-04,0.0
St. Johns County,2020-04-04,0.0
St. Lucie County,2020-04-04,0.0
Santa Rosa County,2020-04-04,0.0
Sarasota County,2020-04-04,0.0
Seminole County,2020-04-04,0.0
Sumter County,2020-04-04,0.0
Suwannee County,2020-04-04,0.0
Taylor County,2020-04-04,0.0
Union County,2020-04-04,0.0
Volusia County,2020-04-04,0.0
Wakulla County,2020-04-04,0.0
Walton County,2020-04-04,0.0
Washington County,2020-04-04,0.0
Alachua County,2020-04-05,0.0
Baker County,2020-04-05,0.0
Bay County,2020-04-05,1.03
Bradford County,2020-04-05,0.0
Brevard County,2020-04-05,0.01
Broward County,2020-04-05,0.0
Calhoun County,2020-04-05,0.69
Charlotte County,2020-04-05,0.0
Citrus County,2020-04-05,0.1
Clay County,2020-04-05,0.0
Collier County,2020-04-05,0.04
Columbia County,2020-04-05,0.02
DeSoto County,2020-04-05,0.0
Dixie County,2020-04-05,0.83
Duval County,2020-04-05,0.0
Escambia County,2020-04-05,1.5
Flagler County,2020-04-05,0.03
Franklin County,2020-04-05,0.89
Gadsden County,2020-04-05,0.32
Gilchrist County,2020-04-05,0.41
Glades County,2020-04-05,0.0
Gulf County,2020-04-05,1.16
Hamilton County,2020-04-05,0.5
Hardee County,2020-04-05,0.0
Hendry County,2020-04-05,0.05
Hernando County,2020-04-05,0.0
Highlands County,2020-04-05,0.0
Hillsborough County,2020-04-05,0.0
Holmes County,2020-04-05,0.73
Indian River County,2020-04-05,0.0
Jackson County,2020-04-05,0.39
Jefferson County,2020-04-05,0.58
Lafayette County,2020-04-05,1.03
Lake County,2020-04-05,0.0
Lee County,2020-04-05,0.0
Leon County,2020-04-05,0.38
Levy County,2020-04-05,0.15
Liberty County,2020-04-05,0.69
Madison County,2020-04-05,0.81
Manatee County,2020-04-05,0.0
Marion County,2020-04-05,0.0
Martin County,2020-04-05,0.0
Miami-Dade County,2020-04-05,0.0
Monroe County,2020-04-05,0.0
Nassau County,2020-04-05,0.0
Okaloosa County,2020-04-05,0.83
Okeechobee County,2020-04-05,0.0
Orange County,2020-04-05,0.0
Osceola County,2020-04-05,0.0
Palm Beach County,2020-04-05,0.01
Pasco County,2020-04-05,0.0
Pinellas County,2020-04-05,0.0
Polk County,2020-04-05,0.0
Putnam County,2020-04-05,0.0
St. Johns County,2020-04-05,0.0
St. Lucie County,2020-04-05,0.0
Santa Rosa County,2020-04-05,1.12
Sarasota County,2020-04-05,0.0
Seminole County,2020-04-05,0.0
Sumter County,2020-04-05,0.0
Suwannee County,2020-04-05,0.87
Taylor County,2020-04-05,0.98
Union County,2020-04-05,0.0
Volusia County,2020-04-05,0.01
Wakulla County,2020-04-05,0.59
Walton County,2020-04-05,0.78
Washington County,2020-04-05,0.82
Alachua County,2020-04-06,3.28
Baker County,2020-04-06,3.1
Bay County,2020-04-06,0.55
Bradford County,2020-04-06,3.73
Brevard County,2020-04-06,19.78
Broward County,2020-04-06,4.72
Calhoun County,2020-04-06,0.48
Charlotte County,2020-04-06,4.49
Citrus County,2020-04-06,6.22
Clay County,2020-04-06,4.61
Collier County,2020-04-06,1.3
Columbia County,2020-04-06,1.55
DeSoto County,2020-04-06,5.84
Dixie County,2020-04-06,0.89
Duval County,2020-04-06,4.68
Escambia County,2020-04-06,0.11
Flagler County,2020-04-06,6.4
Franklin County,2020-04-06,0.66
Gadsden County,2020-04-06,0.28
Gilchrist County,2020-04-06,1.24
Glades County,2020-04-06,6.94
Gulf County,2020-04-06,0.71
Hamilton County,2020-04-06,0.67
Hardee County,2020-04-06,6.03
Hendry County,2020-04-06,4.31
Hernando County,2020-04-06,9.26
Highlands County,2020-04-06,7.6
Hillsborough County,2020-04-06,9.11
Holmes County,2020-04-06,0.56
Indian River County,2020-04-06,17.32
Jackson County,2020-04-06,0.3
Jefferson County,2020-04-06,0.31
Lafayette County,2020-04-06,0.48
Lake County,2020-04-06,7.77
Lee County,2020-04-06,2.18
Leon County,2020-04-06,0.35
Levy County,2020-04-06,2.61
Liberty County,2020-04-06,0.53
Madison County,2020-04-06,0.3
Manatee County,2020-04-06,7.4
Marion County,2020-04-06,7.37
Martin County,2020-04-06,15.89
Miami-Dade County,2020-04-06,0.53
Monroe County,2020-04-06,0.0
Nassau County,2020-04-06,3.66
Okaloosa County,2020-04-06,0.13
Okeechobee County,2020-04-06,12.98
Orange County,2020-04-06,8.07
Osceola County,2020-04-06,12.08
Palm Beach County,2020-04-06,7.22
Pasco County,2020-04-06,10.87
Pinellas County,2020-04-06,9.47
Polk County,2020-04-06,6.93
Putnam County,2020-04-06,5.96
St. Johns County,2020-04-06,4.91
St. Lucie County,2020-04-06,15.97
Santa Rosa County,2020-04-06,0.5
Sarasota County,2020-04-06,5.43
Seminole County,2020-04-06,8.99
Sumter County,2020-04-06,8.6
Suwannee County,2020-04-06,0.62
Taylor County,2020-04-06,0.44
Union County,2020-04-06,2.74
Volusia County,2020-04-06,10.07
Wakulla County,2020-04-06,0.53
Walton County,2020-04-06,0.33
Washington County,2020-04-06,0.48
Alachua County,2020-04-07,0.0
Baker County,2020-04-07,0.0
Bay County,2020-04-07,0.0
Bradford County,2020-04-07,0.0
Brevard County,2020-04-07,0.14
Broward County,2020-04-07,0.85
Calhoun County,2020-04-07,0.0
Charlotte County,2020-04-07,0.0
Citrus County,2020-04-07,0.0
Clay County,2020-04-07,0.0
Collier County,2020-04-07,0.05
Columbia County,2020-04-07,0.0
DeSoto County,2020-04-07,0.02
Dixie County,2020-04-07,0.0
Duval County,2020-04-07,0.0
Escambia County,2020-04-07,0.0
Flagler County,2020-04-07,0.0
Franklin County,2020-04-07,0.0
Gadsden County,2020-04-07,0.0
Gilchrist County,2020-04-07,0.0
Glades County,2020-04-07,0.03
Gulf County,2020-04-07,0.0
Hamilton County,2020-04-07,0.0
Hardee County,2020-04-07,0.0
Hendry County,2020-04-07,0.02
Hernando County,2020-04-07,0.0
Highlands County,2020-04-07,0.0
Hillsborough County,2020-04-07,0.0
Holmes County,2020-04-07,0.0
Indian River County,2020-04-07,2.52
Jackson County,2020-04-07,0.0
Jefferson County,2020-04-07,0.0
Lafayette County,2020-04-07,0.0
Lake County,2020-04-07,0.0
Lee County,2020-04-07,0.0
Leon County,2020-04-07,0.0
Levy County,2020-04-07,0.0
Liberty County,2020-04-07,0.0
Madison County,2020-04-07,0.0
Manatee County,2020-04-07,0.0
Marion County,2020-04-07,0.0
Martin County,2020-04-07,6.86
Miami-Dade County,2020-04-07,0.71
Monroe County,2020-04-07,0.09
Nassau County,2020-04-07,0.0
Okaloosa County,2020-04-07,0.0
Okeechobee County,2020-04-07,1.25
Orange County,2020-04-07,0.0
Osceola County,2020-04-07,0.0
Palm Beach County,2020-04-07,1.79
Pasco County,2020-04-07,0.0
Pinellas County,2020-04-07,0.0
Polk County,2020-04-07,0.0
Putnam County,2020-04-07,0.0
St. Johns County,2020-04-07,0.0
St. Lucie County,2020-04-07,6.87
Santa Rosa County,2020-04-07,0.0
Sarasota County,2020-04-07,0.0
Seminole County,2020-04-07,0.0
Sumter County,2020-04-07,0.0
Suwannee County,2020-04-07,0.0
Taylor County,2020-04-07,0.0
Union County,2020-04-07,0.0
Volusia County,2020-04-07,0.0
Wakulla County,2020-04-07,0.0
Walton County,2020-04-07,0.0
Washington County,2020-04-07,0.0
Alachua County,2020-04-08,0.0
Baker County,2020-04-08,0.0
Bay County,2020-04-08,0.63
Bradford County,2020-04-08,0.0
Brevard County,2020-04-08,0.0
Broward County,2020-04-08,0.0
Calhoun County,2020-04-08,0.43
Charlotte County,2020-04-08,0.0
Citrus County,2020-04-08,0.0
Clay County,2020-04-08,0.0
Collier County,2020-04-08,0.02
Columbia County,2020-04-08,0.0
DeSoto County,2020-04-08,0.0
Dixie County,2020-04-08,0.0
Duval County,2020-04-08,0.0
Escambia County,2020-04-08,0.23
Flagler County,2020-04-08,0.0
Franklin County,2020-04-08,0.0
Gadsden County,2020-04-08,0.02
Gilchrist County,2020-04-08,0.0
Glades County,2020-04-08,0.0
Gulf County,2020-04-08,0.0
Hamilton County,2020-04-08,0.0
Hardee County,2020-04-08,0.0
Hendry County,2020-04-08,0.0
Hernando County,2020-04-08,0.0
Highlands County,2020-04-08,0.0
Hillsborough County,2020-04-08,0.0
Holmes County,2020-04-08,2.95
Indian River County,2020-04-08,0.0
Jackson County,2020-04-08,1.21
Jefferson County,2020-04-08,0.0
Lafayette County,2020-04-08,0.0
Lake County,2020-04-08,0.0
Lee County,2020-04-08,0.0
Leon County,2020-04-08,0.0
Levy County,2020-04-08,0.0
Liberty County,2020-04-08,0.0
Madison County,2020-04-08,0.0
Manatee County,2020-04-08,0.0
Marion County,2020-04-08,0.0
Martin County,2020-04-08,0.0
Miami-Dade County,2020-04-08,0.0
Monroe County,2020-04-08,0.01
Nassau County,2020-04-08,0.0
Okaloosa County,2020-04-08,0.74
Okeechobee County,2020-04-08,0.0
Orange County,2020-04-08,0.0
Osceola County,2020-04-08,0.0
Palm Beach County,2020-04-08,0.0
Pasco County,2020-04-08,0.0
Pinellas County,2020-04-08,0.0
Polk County,2020-04-08,0.0
Putnam County,2020-04-08,0.0
St. Johns County,2020-04-08,0.0
St. Lucie County,2020-04-08,0.0
Santa Rosa County,2020-04-08,0.39
Sarasota County,2020-04-08,0.0
Seminole County,2020-04-08,0.0
Sumter County,2020-04-08,0.0
Suwannee County,2020-04-08,0.0
Taylor County,2020-04-08,0.0
Union County,2020-04-08,0.0
Volusia County,2020-04-08,0.0
Wakulla County,2020-04-08,0.0
Walton County,2020-04-08,1.32
Washington County,2020-04-08,2.08
Alachua County,2020-04-09,0.05
Baker County,2020-04-09,4.35
Bay County,2020-04-09,1.63
Bradford County,2020-04-09,0.99
Brevard County,2020-04-09,0.0
Broward County,2020-04-09,0.0
Calhoun County,2020-04-09,2.02
Charlotte County,2020-04-09,0.0
Citrus County,2020-04-09,0.0
Clay County,2020-04-09,0.87
Collier County,2020-04-09,0.0
Columbia County,2020-04-09,3.65
DeSoto County,2020-04-09,0.0
Dixie County,2020-04-09,0.28
Duval County,2020-04-09,2.66
Escambia County,2020-04-09,0.61
Flagler County,2020-04-09,0.0
Franklin County,2020-04-09,1.12
Gadsden County,2020-04-09,2.82
Gilchrist County,2020-04-09,0.22
Glades County,2020-04-09,0.0
Gulf County,2020-04-09,1.13
Hamilton County,2020-04-09,5.43
Hardee County,2020-04-09,0.0
Hendry County,2020-04-09,0.0
Hernando County,2020-04-09,0.0
Highlands County,2020-04-09,0.01
Hillsborough County,2020-04-09,0.0
Holmes County,2020-04-09,2.94
Indian River County,2020-04-09,0.0
Jackson County,2020-04-09,2.63
Jefferson County,2020-04-09,2.54
Lafayette County,2020-04-09,1.59
Lake County,2020-04-09,0.0
Lee County,2020-04-09,0.0
Leon County,2020-04-09,2.34
Levy County,2020-04-09,0.0
Liberty County,2020-04-09,1.79
Madison County,2020-04-09,3.73
Manatee County,2020-04-09,0.0
Marion County,2020-04-09,0.0
Martin County,2020-04-09,0.0
Miami-Dade County,2020-04-09,0.0
Monroe County,2020-04-09,0.0
Nassau County,2020-04-09,4.79
Okaloosa County,2020-04-09,0.9
Okeechobee County,2020-04-09,0.0
Orange County,2020-04-09,0.0
Osceola County,2020-04-09,0.0
Palm Beach County,2020-04-09,0.0
Pasco County,2020-04-09,0.0
Pinellas County,2020-04-09,0.0
Polk County,2020-04-09,0.0
Putnam County,2020-04-09,0.0
St. Johns County,2020-04-09,0.19
St. Lucie County,2020-04-09,0.0
Santa Rosa County,2020-04-09,0.78
Sarasota County,2020-04-09,0.0
Seminole County,2020-04-09,0.0
Sumter County,2020-04-09,0.0
Suwannee County,2020-04-09,2.81
Taylor County,2020-04-09,1.68
Union County,2020-04-09,2.19
Volusia County,2020-04-09,0.0
Wakulla County,2020-04-09,1.76
Walton County,2020-04-09,1.43
Washington County,2020-04-09,2.63
Alachua County,2020-04-10,0.0
Baker County,2020-04-10,0.0
Bay County,2020-04-10,3.89
Bradford County,2020-04-10,0.0
Brevard County,2020-04-10,0.0
Broward County,2020-04-10,0.0
Calhoun County,2020-04-10,2.65
Charlotte County,2020-04-10,0.0
Citrus County,2020-04-10,0.0
Clay County,2020-04-10,0.0
Collier County,2020-04-10,0.0
Columbia County,2020-04-10,0.0
DeSoto County,2020-04-10,0.0
Dixie County,2020-04-10,0.0
Duval County,2020-04-10,0.0
Escambia County,2020-04-10,5.04
Flagler County,2020-04-10,0.0
Franklin County,2020-04-10,1.47
Gadsden County,2020-04-10,1.5
Gilchrist County,2020-04-10,0.0
Glades County,2020-04-10,0.0
Gulf County,2020-04-10,2.28
Hamilton County,2020-04-10,0.2
Hardee County,2020-04-10,0.0
Hendry County,2020-04-10,0.0
Hernando County,2020-04-10,0.0
Highlands County,2020-04-10,0.0
Hillsborough County,2020-04-10,0.0
Holmes County,2020-04-10,5.37
Indian River County,2020-04-10,0.0
Jackson County,2020-04-10,2.76
Jefferson County,2020-04-10,0.91
Lafayette County,2020-04-10,0.04
Lake County,2020-04-10,0.0
Lee County,2020-04-10,0.0
Leon County,2020-04-10,1.19
Levy County,2020-04-10,0.0
Liberty County,2020-04-10,1.81
Madison County,2020-04-10,0.58
Manatee County,2020-04-10,0.0
Marion County,2020-04-10,0.0
Martin County,2020-04-10,0.0
Miami-Dade County,2020-04-10,0.0
Monroe County,2020-04-10,0.0
Nassau County,2020-04-10,0.0
Okaloosa County,2020-04-10,3.54
Okeechobee County,2020-04-10,0.0
Orange County,2020-04-10,0.0
Osceola County,2020-04-10,0.0
Palm Beach County,2020-04-10,0.0
Pasco County,2020-04-10,0.0
Pinellas County,2020-04-10,0.0
Polk County,2020-04-10,0.0
Putnam County,2020-04-10,0.0
St. Johns County,2020-04-10,0.0
St. Lucie County,2020-04-10,0.0
Santa Rosa County,2020-04-10,3.58
Sarasota County,2020-04-10,0.0
Seminole County,2020-04-10,0.0
Sumter County,2020-04-10,0.0
Suwannee County,2020-04-10,0.01
Taylor County,2020-04-10,0.46
Union County,2020-04-10,0.0
Volusia County,2020-04-10,0.0
Wakulla County,2020-04-10,1.2
Walton County,2020-04-10,4.22
Washington County,2020-04-10,5.05
Alachua County,2020-04-11,0.0
Baker County,2020-04-11,0.0
Bay County,2020-04-11,0.0
Bradford County,2020-04-11,0.0
Brevard County,2020-04-11,1.55
Broward County,2020-04-11,0.0
Calhoun County,2020-04-11,0.0
Charlotte County,2020-04-11,0.0
Citrus County,2020-04-11,0.0
Clay County,2020-04-11,0.0
Collier County,2020-04-11,0.0
Columbia County,2020-04-11,0.0
DeSoto County,2020-04-11,0.0
Dixie County,2020-04-11,0.0
Duval County,2020-04-11,0.0
Escambia County,2020-04-11,0.27
Flagler County,2020-04-11,0.0
Franklin County,2020-04-11,0.0
Gadsden County,2020-04-11,0.0
Gilchrist County,2020-04-11,0.0
Glades County,2020-04-11,0.1
Gulf County,2020-04-11,0.0
Hamilton County,2020-04-11,0.04
Hardee County,2020-04-11,0.11
Hendry County,2020-04-11,0.0
Hernando County,2020-04-11,0.0
Highlands County,2020-04-11,0.61
Hillsborough County,2020-04-11,0.04
Holmes County,2020-04-11,0.0
Indian River County,2020-04-11,2.01
Jackson County,2020-04-11,0.0
Jefferson County,2020-04-11,0.0
Lafayette County,2020-04-11,0.0
Lake County,2020-04-11,0.0
Lee County,2020-04-11,0.0
Leon County,2020-04-11,0.0
Levy County,2020-04-11,0.0
Liberty County,2020-04-11,0.0
Madison County,2020-04-11,0.0
Manatee County,2020-04-11,0.01
Marion County,2020-04-11,0.0
Martin County,2020-04-11,1.88
Miami-Dade County,2020-04-11,0.0
Monroe County,2020-04-11,0.0
Nassau County,2020-04-11,0.0
Okaloosa County,2020-04-11,0.49
Okeechobee County,2020-04-11,1.43
Orange County,2020-04-11,0.03
Osceola County,2020-04-11,1.7
Palm Beach County,2020-04-11,0.07
Pasco County,2020-04-11,0.0
Pinellas County,2020-04-11,0.0
Polk County,2020-04-11,0.5
Putnam County,2020-04-11,0.0
St. Johns County,2020-04-11,0.0
St. Lucie County,2020-04-11,1.86
Santa Rosa County,2020-04-11,0.3
Sarasota County,2020-04-11,0.0
Seminole County,2020-04-11,0.0
Sumter County,2020-04-11,0.0
Suwannee County,2020-04-11,0.0
Taylor County,2020-04-11,0.0
Union County,2020-04-11,0.0
Volusia County,2020-04-11,0.0
Wakulla County,2020-04-11,0.0
Walton County,2020-04-11,0.06
Washington County,2020-04-11,0.05
Alachua County,2020-04-12,0.0
Baker County,2020-04-12,0.0
Bay County,2020-04-12,0.0
Bradford County,2020-04-12,0.0
Brevard County,2020-04-12,0.0
Broward County,2020-04-12,7.77
Calhoun County,2020-04-12,0.0
Charlotte County,2020-04-12,0.0
Citrus County,2020-04-12,0.0
Clay County,2020-04-12,0.0
Collier County,2020-04-12,0.05
Columbia County,2020-04-12,0.0
DeSoto County,2020-04-12,0.0
Dixie County,2020-04-12,0.0
Duval County,2020-04-12,0.0
Escambia County,2020-04-12,0.0
Flagler County,2020-04-12,0.0
Franklin County,2020-04-12,0.0
Gadsden County,2020-04-12,0.0
Gilchrist County,2020-04-12,0.0
Glades County,2020-04-12,0.03
Gulf County,2020-04-12,0.0
Hamilton County,2020-04-12,0.0
Hardee County,2020-04-12,0.0
Hendry County,2020-04-12,0.0
Hernando County,2020-04-12,0.0
Highlands County,2020-04-12,0.0
Hillsborough County,2020-04-12,0.0
Holmes County,2020-04-12,0.0
Indian River County,2020-04-12,0.0
Jackson County,2020-04-12,0.0
Jefferson County,2020-04-12,0.0
Lafayette County,2020-04-12,0.0
Lake County,2020-04-12,0.0
Lee County,2020-04-12,0.0
Leon County,2020-04-12,0.0
Levy County,2020-04-12,0.0
Liberty County,2020-04-12,0.0
Madison County,2020-04-12,0.0
Manatee County,2020-04-12,0.0
Marion County,2020-04-12,0.0
Martin County,2020-04-12,0.01
Miami-Dade County,2020-04-12,11.81
Monroe County,2020-04-12,0.97
Nassau County,2020-04-12,0.0
Okaloosa County,2020-04-12,0.0
Okeechobee County,2020-04-12,0.0
Orange County,2020-04-12,0.0
Osceola County,2020-04-12,0.0
Palm Beach County,2020-04-12,0.67
Pasco County,2020-04-12,0.0
Pinellas County,2020-04-12,0.0
Polk County,2020-04-12,0.0
Putnam County,2020-04-12,0.0
St. Johns County,2020-04-12,0.0
St. Lucie County,2020-04-12,0.0
Santa Rosa County,2020-04-12,0.0
Sarasota County,2020-04-12,0.0
Seminole County,2020-04-12,0.0
Sumter County,2020-04-12,0.0
Suwannee County,2020-04-12,0.0
Taylor County,2020-04-12,0.0
Union County,2020-04-12,0.0
Volusia County,2020-04-12,0.0
Wakulla County,2020-04-12,0.0
Walton County,2020-04-12,0.0
Washington County,2020-04-12,0.0
Alachua County,2020-04-13,0.57
Baker County,2020-04-13,2.48
Bay County,2020-04-13,7.06
Bradford County,2020-04-13,1.37
Brevard County,2020-04-13,0.0
Broward County,2020-04-13,0.0
Calhoun County,2020-04-13,8.0
Charlotte County,2020-04-13,0.0
Citrus County,2020-04-13,0.0
Clay County,2020-04-13,0.97
Collier County,2020-04-13,0.0
Columbia County,2020-04-13,2.11
DeSoto County,2020-04-13,0.0
Dixie County,2020-04-13,0.0
Duval County,2020-04-13,1.9
Escambia County,2020-04-13,5.93
Flagler County,2020-04-13,0.0
Franklin County,2020-04-13,3.38
Gadsden County,2020-04-13,8.6
Gilchrist County,2020-04-13,0.0
Glades County,2020-04-13,0.0
Gulf County,2020-04-13,4.84
Hamilton County,2020-04-13,2.69
Hardee County,2020-04-13,0.0
Hendry County,2020-04-13,0.0
Hernando County,2020-04-13,0.0
Highlands County,2020-04-13,0.0
Hillsborough County,2020-04-13,0.0
Holmes County,2020-04-13,16.33
Indian River County,2020-04-13,0.0
Jackson County,2020-04-13,11.11
Jefferson County,2020-04-13,0.29
Lafayette County,2020-04-13,0.0
Lake County,2020-04-13,0.0
Lee County,2020-04-13,0.0
Leon County,2020-04-13,5.85
Levy County,2020-04-13,0.0
Liberty County,2020-04-13,6.2
Madison County,2020-04-13,0.0
Manatee County,2020-04-13,0.0
Marion County,2020-04-13,0.0
Martin County,2020-04-13,0.0
Miami-Dade County,2020-04-13,0.0
Monroe County,2020-04-13,0.01
Nassau County,2020-04-13,3.0
Okaloosa County,2020-04-13,5.95
Okeechobee County,2020-04-13,0.0
Orange County,2020-04-13,0.0
Osceola County,2020-04-13,0.0
Palm Beach County,2020-04-13,0.0
Pasco County,2020-04-13,0.0
Pinellas County,2020-04-13,0.0
Polk County,2020-04-13,0.0
Putnam County,2020-04-13,0.0
St. Johns County,2020-04-13,0.13
St. Lucie County,2020-04-13,0.0
Santa Rosa County,2020-04-13,6.13
Sarasota County,2020-04-13,0.0
Seminole County,2020-04-13,0.0
Sumter County,2020-04-13,0.0
Suwannee County,2020-04-13,0.05
Taylor County,2020-04-13,0.0
Union County,2020-04-13,1.49
Volusia County,2020-04-13,0.0
Wakulla County,2020-04-13,2.98
Walton County,2020-04-13,8.6
Washington County,2020-04-13,11.07
Alachua County,2020-04-14,5.86
Baker County,2020-04-14,10.29
Bay County,2020-04-14,0.1
Bradford County,2020-04-14,7.45
Brevard County,2020-04-14,0.0
Broward County,2020-04-14,0.0
Calhoun County,2020-04-14,0.08
Charlotte County,2020-04-14,0.0
Citrus County,2020-04-14,1.29
Clay County,2020-04-14,7.64
Collier County,2020-04-14,0.0
Columbia County,2020-04-14,9.14
DeSoto County,2020-04-14,0.0
Dixie County,2020-04-14,7.64
Duval County,2020-04-14,12.85
Escambia County,2020-04-14,0.12
Flagler County,2020-04-14,1.75
Franklin County,2020-04-14,2.61
Gadsden County,2020-04-14,0.6
Gilchrist County,2020-04-14,7.79
Glades County,2020-04-14,0.0
Gulf County,2020-04-14,1.74
Hamilton County,2020-04-14,9.09
Hardee County,2020-04-14,0.0
Hendry County,2020-04-14,0.0
Hernando County,2020-04-14,0.0
Highlands County,2020-04-14,0.0
Hillsborough County,2020-04-14,0.0
Holmes County,2020-04-14,0.0
Indian River County,2020-04-14,0.0
Jackson County,2020-04-14,0.0
Jefferson County,2020-04-14,7.26
Lafayette County,2020-04-14,8.89
Lake County,2020-04-14,0.01
Lee County,2020-04-14,0.0
Leon County,2020-04-14,3.78
Levy County,2020-04-14,6.45
Liberty County,2020-04-14,1.5
Madison County,2020-04-14,9.08
Manatee County,2020-04-14,0.0
Marion County,2020-04-14,2.26
Martin County,2020-04-14,0.0
Miami-Dade County,2020-04-14,0.0
Monroe County,2020-04-14,0.0
Nassau County,2020-04-14,13.43
Okaloosa County,2020-04-14,0.0
Okeechobee County,2020-04-14,0.0
Orange County,2020-04-14,0.0
Osceola County,2020-04-14,0.0
Palm Beach County,2020-04-14,0.0
Pasco County,2020-04-14,0.0
Pinellas County,2020-04-14,0.0
Polk County,2020-04-14,0.0
Putnam County,2020-04-14,3.59
St. Johns County,2020-04-14,6.08
St. Lucie County,2020-04-14,0.0
Santa Rosa County,2020-04-14,0.0
Sarasota County,2020-04-14,0.0
Seminole County,2020-04-14,0.0
Sumter County,2020-04-14,0.0
Suwannee County,2020-04-14,9.33
Taylor County,2020-04-14,8.8
Union County,2020-04-14,8.45
Volusia County,2020-04-14,0.28
Wakulla County,2020-04-14,4.08
Walton County,2020-04-14,0.0
Washington County,2020-04-14,0.0
Alachua County,2020-04-15,28.85
Baker County,2020-04-15,27.67
Bay County,2020-04-15,4.82
Bradford County,2020-04-15,27.77
Brevard County,2020-04-15,1.55
Broward County,2020-04-15,0.0
Calhoun County,2020-04-15,5.89
Charlotte County,2020-04-15,0.0
Citrus County,2020-04-15,2.42
Clay County,2020-04-15,17.53
Collier County,2020-04-15,0.0
Columbia County,2020-04-15,32.56
DeSoto County,2020-04-15,0.0
Dixie County,2020-04-15,23.13
Duval County,2020-04-15,16.19
Escambia County,2020-04-15,0.06
Flagler County,2020-04-15,2.47
Franklin County,2020-04-15,12.58
Gadsden County,2020-04-15,6.16
Gilchrist County,2020-04-15,27.4
Glades County,2020-04-15,0.0
Gulf County,2020-04-15,11.89
Hamilton County,2020-04-15,29.98
Hardee County,2020-04-15,0.0
Hendry County,2020-04-15,0.0
Hernando County,2020-04-15,0.0
Highlands County,2020-04-15,0.0
Hillsborough County,2020-04-15,0.0
Holmes County,2020-04-15,0.56
Indian River County,2020-04-15,1.86
Jackson County,2020-04-15,1.44
Jefferson County,2020-04-15,13.08
Lafayette County,2020-04-15,33.13
Lake County,2020-04-15,0.0
Lee County,2020-04-15,0.0
Leon County,2020-04-15,9.13
Levy County,2020-04-15,17.26
Liberty County,2020-04-15,9.99
Madison County,2020-04-15,23.76
Manatee County,2020-04-15,0.0
Marion County,2020-04-15,7.57
Martin County,2020-04-15,0.0
Miami-Dade County,2020-04-15,0.0
Monroe County,2020-04-15,0.0
Nassau County,2020-04-15,18.36
Okaloosa County,2020-04-15,0.0
Okeechobee County,2020-04-15,0.43
Orange County,2020-04-15,0.0
Osceola County,2020-04-15,0.24
Palm Beach County,2020-04-15,0.0
Pasco County,2020-04-15,0.0
Pinellas County,2020-04-15,0.0
Polk County,2020-04-15,0.0
Putnam County,2020-04-15,10.26
St. Johns County,2020-04-15,8.03
St. Lucie County,2020-04-15,0.46
Santa Rosa County,2020-04-15,0.09
Sarasota County,2020-04-15,0.16
Seminole County,2020-04-15,0.0
Sumter County,2020-04-15,0.0
Suwannee County,2020-04-15,35.64
Taylor County,2020-04-15,25.05
Union County,2020-04-15,32.04
Volusia County,2020-04-15,0.39
Wakulla County,2020-04-15,12.84
Walton County,2020-04-15,0.38
Washington County,2020-04-15,1.65
Alachua County,2020-04-16,33.44
Baker County,2020-04-16,35.9
Bay County,2020-04-16,0.0
Bradford County,2020-04-16,38.49
Brevard County,2020-04-16,3.2
Broward County,2020-04-16,0.0
Calhoun County,2020-04-16,0.0
Charlotte County,2020-04-16,0.0
Citrus County,2020-04-16,14.22
Clay County,2020-04-16,38.17
Collier County,2020-04-16,0.0
Columbia County,2020-04-16,34.39
DeSoto County,2020-04-16,0.0
Dixie County,2020-04-16,15.92
Duval County,2020-04-16,39.71
Escambia County,2020-04-16,0.0
Flagler County,2020-04-16,26.13
Franklin County,2020-04-16,1.04
Gadsden County,2020-04-16,0.81
Gilchrist County,2020-04-16,21.94
Glades County,2020-04-16,0.0
Gulf County,2020-04-16,0.0
Hamilton County,2020-04-16,28.02
Hardee County,2020-04-16,0.43
Hendry County,2020-04-16,0.0
Hernando County,2020-04-16,11.93
Highlands County,2020-04-16,0.34
Hillsborough County,2020-04-16,2.98
Holmes County,2020-04-16,0.0
Indian River County,2020-04-16,0.45
Jackson County,2020-04-16,0.0
Jefferson County,2020-04-16,12.8
Lafayette County,2020-04-16,26.03
Lake County,2020-04-16,14.88
Lee County,2020-04-16,0.0
Leon County,2020-04-16,5.17
Levy County,2020-04-16,15.46
Liberty County,2020-04-16,0.13
Madison County,2020-04-16,21.66
Manatee County,2020-04-16,0.32
Marion County,2020-04-16,29.63
Martin County,2020-04-16,0.0
Miami-Dade County,2020-04-16,0.0
Monroe County,2020-04-16,0.0
Nassau County,2020-04-16,34.3
Okaloosa County,2020-04-16,0.0
Okeechobee County,2020-04-16,0.25
Orange County,2020-04-16,6.53
Osceola County,2020-04-16,2.16
Palm Beach County,2020-04-16,0.0
Pasco County,2020-04-16,8.22
Pinellas County,2020-04-16,2.65
Polk County,2020-04-16,2.25
Putnam County,2020-04-16,35.35
St. Johns County,2020-04-16,33.68
St. Lucie County,2020-04-16,0.06
Santa Rosa County,2020-04-16,0.0
Sarasota County,2020-04-16,0.0
Seminole County,2020-04-16,9.62
Sumter County,2020-04-16,16.25
Suwannee County,2020-04-16,31.52
Taylor County,2020-04-16,19.45
Union County,2020-04-16,37.55
Volusia County,2020-04-16,18.95
Wakulla County,2020-04-16,5.09
Walton County,2020-04-16,0.0
Washington County,2020-04-16,0.0
Alachua County,2020-04-17,0.67
Baker County,2020-04-17,0.01
Bay County,2020-04-17,0.0
Bradford County,2020-04-17,0.55
Brevard County,2020-04-17,7.38
Broward County,2020-04-17,1.08
Calhoun County,2020-04-17,0.0
Charlotte County,2020-04-17,7.27
Citrus County,2020-04-17,2.53
Clay County,2020-04-17,0.73
Collier County,2020-04-17,8.44
Columbia County,2020-04-17,0.0
DeSoto County,2020-04-17,6.6
Dixie County,2020-04-17,0.0
Duval County,2020-04-17,0.67
Escambia County,2020-04-17,0.0
Flagler County,2020-04-17,1.2
Franklin County,2020-04-17,0.0
Gadsden County,2020-04-17,0.0
Gilchrist County,2020-04-17,0.0
Glades County,2020-04-17,7.89
Gulf County,2020-04-17,0.0
Hamilton County,2020-04-17,0.0
Hardee County,2020-04-17,5.07
Hendry County,2020-04-17,6.44
Hernando County,2020-04-17,4.72
Highlands County,2020-04-17,6.23
Hillsborough County,2020-04-17,5.91
Holmes County,2020-04-17,0.0
Indian River County,2020-04-17,8.45
Jackson County,2020-04-17,0.0
Jefferson County,2020-04-17,0.0
Lafayette County,2020-04-17,0.0
Lake County,2020-04-17,3.02
Lee County,2020-04-17,6.92
Leon County,2020-04-17,0.0
Levy County,2020-04-17,0.35
Liberty County,2020-04-17,0.0
Madison County,2020-04-17,0.0
Manatee County,2020-04-17,4.77
Marion County,2020-04-17,2.08
Martin County,2020-04-17,13.04
Miami-Dade County,2020-04-17,0.04
Monroe County,2020-04-17,1.61
Nassau County,2020-04-17,0.19
Okaloosa County,2020-04-17,0.0
Okeechobee County,2020-04-17,7.26
Orange County,2020-04-17,4.29
Osceola County,2020-04-17,6.48
Palm Beach County,2020-04-17,5.27
Pasco County,2020-04-17,6.47
Pinellas County,2020-04-17,6.3
Polk County,2020-04-17,5.04
Putnam County,2020-04-17,1.21
St. Johns County,2020-04-17,0.76
St. Lucie County,2020-04-17,11.33
Santa Rosa County,2020-04-17,0.0
Sarasota County,2020-04-17,3.99
Seminole County,2020-04-17,3.73
Sumter County,2020-04-17,3.61
Suwannee County,2020-04-17,0.0
Taylor County,2020-04-17,0.0
Union County,2020-04-17,0.0
Volusia County,2020-04-17,2.88
Wakulla County,2020-04-17,0.0
Walton County,2020-04-17,0.0
Washington County,2020-04-17,0.0
Alachua County,2020-04-18,0.0
Baker County,2020-04-18,0.0
Bay County,2020-04-18,0.02
Bradford County,2020-04-18,0.0
Brevard County,2020-04-18,2.11
Broward County,2020-04-18,10.46
Calhoun County,2020-04-18,0.01
Charlotte County,2020-04-18,4.31
Citrus County,2020-04-18,0.0
Clay County,2020-04-18,0.0
Collier County,2020-04-18,2.49
Columbia County,2020-04-18,0.0
DeSoto County,2020-04-18,5.34
Dixie County,2020-04-18,0.0
Duval County,2020-04-18,0.0
Escambia County,2020-04-18,0.0
Flagler County,2020-04-18,0.6
Franklin County,2020-04-18,0.04
Gadsden County,2020-04-18,0.0
Gilchrist County,2020-04-18,0.0
Glades County,2020-04-18,7.77
Gulf County,2020-04-18,0.26
Hamilton County,2020-04-18,0.0
Hardee County,2020-04-18,3.81
Hendry County,2020-04-18,6.6
Hernando County,2020-04-18,0.0
Highlands County,2020-04-18,6.26
Hillsborough County,2020-04-18,0.06
Holmes County,2020-04-18,0.0
Indian River County,2020-04-18,6.69
Jackson County,2020-04-18,0.0
Jefferson County,2020-04-18,0.0
Lafayette County,2020-04-18,0.0
Lake County,2020-04-18,0.19
Lee County,2020-04-18,2.46
Leon County,2020-04-18,0.0
Levy County,2020-04-18,0.0
Liberty County,2020-04-18,0.02
Madison County,2020-04-18,0.0
Manatee County,2020-04-18,1.53
Marion County,2020-04-18,0.08
Martin County,2020-04-18,23.97
Miami-Dade County,2020-04-18,1.71
Monroe County,2020-04-18,0.0
Nassau County,2020-04-18,0.0
Okaloosa County,2020-04-18,0.0
Okeechobee County,2020-04-18,8.79
Orange County,2020-04-18,0.55
Osceola County,2020-04-18,2.26
Palm Beach County,2020-04-18,14.66
Pasco County,2020-04-18,0.03
Pinellas County,2020-04-18,0.0
Polk County,2020-04-18,1.23
Putnam County,2020-04-18,0.11
St. Johns County,2020-04-18,0.07
St. Lucie County,2020-04-18,15.51
Santa Rosa County,2020-04-18,0.0
Sarasota County,2020-04-18,2.78
Seminole County,2020-04-18,0.64
Sumter County,2020-04-18,0.0
Suwannee County,2020-04-18,0.0
Taylor County,2020-04-18,0.0
Union County,2020-04-18,0.0
Volusia County,2020-04-18,0.76
Wakulla County,2020-04-18,0.0
Walton County,2020-04-18,0.0
Washington County,2020-04-18,0.0
Alachua County,2020-04-19,4.67
Baker County,2020-04-19,2.72
Bay County,2020-04-19,3.23
Bradford County,2020-04-19,3.52
Brevard County,2020-04-19,10.85
Broward County,2020-04-19,3.46
Calhoun County,2020-04-19,2.44
Charlotte County,2020-04-19,4.69
Citrus County,2020-04-19,11.28
Clay County,2020-04-19,2.61
Collier County,2020-04-19,0.07
Columbia County,2020-04-19,3.49
DeSoto County,2020-04-19,9.87
Dixie County,2020-04-19,4.25
Duval County,2020-04-19,1.98
Escambia County,2020-04-19,4.27
Flagler County,2020-04-19,1.85
Franklin County,2020-04-19,3.95
Gadsden County,2020-04-19,0.58
Gilchrist County,2020-04-19,3.87
Glades County,2020-04-19,4.56
Gulf County,2020-04-19,4.64
Hamilton County,2020-04-19,2.93
Hardee County,2020-04-19,15.23
Hendry County,2020-04-19,1.66
Hernando County,2020-04-19,19.79
Highlands County,2020-04-19,11.94
Hillsborough County,2020-04-19,24.06
Holmes County,2020-04-19,1.25
Indian River County,2020-04-19,9.82
Jackson County,2020-04-19,0.44
Jefferson County,2020-04-19,1.52
Lafayette County,2020-04-19,4.15
Lake County,2020-04-19,8.63
Lee County,2020-04-19,0.92
Leon County,2020-04-19,1.04
Levy County,2020-04-19,5.5
Liberty County,2020-04-19,2.83
Madison County,2020-04-19,2.76
Manatee County,2020-04-19,15.4
Marion County,2020-04-19,7.22
Martin County,2020-04-19,7.06
Miami-Dade County,2020-04-19,2.13
Monroe County,2020-04-19,0.12
Nassau County,2020-04-19,1.27
Okaloosa County,2020-04-19,3.0
Okeechobee County,2020-04-19,10.01
Orange County,2020-04-19,9.39
Osceola County,2020-04-19,15.11
Palm Beach County,2020-04-19,3.09
Pasco County,2020-04-19,26.54
Pinellas County,2020-04-19,24.94
Polk County,2020-04-19,18.05
Putnam County,2020-04-19,3.24
St. Johns County,2020-04-19,1.46
St. Lucie County,2020-04-19,7.55
Santa Rosa County,2020-04-19,4.77
Sarasota County,2020-04-19,7.98
Seminole County,2020-04-19,7.06
Sumter County,2020-04-19,13.1
Suwannee County,2020-04-19,3.89
Taylor County,2020-04-19,3.87
Union County,2020-04-19,3.71
Volusia County,2020-04-19,4.57
Wakulla County,2020-04-19,2.65
Walton County,2020-04-19,2.36
Washington County,2020-04-19,2.2
Alachua County,2020-04-20,2.37
Baker County,2020-04-20,9.96
Bay County,2020-04-20,18.66
Bradford County,2020-04-20,4.31
Brevard County,2020-04-20,0.12
Broward County,2020-04-20,0.0
Calhoun County,2020-04-20,16.38
Charlotte County,2020-04-20,0.0
Citrus County,2020-04-20,0.0
Clay County,2020-04-20,3.5
Collier County,2020-04-20,0.0
Columbia County,2020-04-20,9.8
DeSoto County,2020-04-20,0.0
Dixie County,2020-04-20,4.95
Duval County,2020-04-20,8.88
Escambia County,2020-04-20,27.37
Flagler County,2020-04-20,0.0
Franklin County,2020-04-20,9.55
Gadsden County,2020-04-20,12.12
Gilchrist County,2020-04-20,4.5
Glades County,2020-04-20,0.06
Gulf County,2020-04-20,13.45
Hamilton County,2020-04-20,17.88
Hardee County,2020-04-20,0.0
Hendry County,2020-04-20,0.02
Hernando County,2020-04-20,0.0
Highlands County,2020-04-20,0.02
Hillsborough County,2020-04-20,0.0
Holmes County,2020-04-20,38.65
Indian River County,2020-04-20,1.22
Jackson County,2020-04-20,21.01
Jefferson County,2020-04-20,16.03
Lafayette County,2020-04-20,9.08
Lake County,2020-04-20,0.0
Lee County,2020-04-20,0.0
Leon County,2020-04-20,12.43
Levy County,2020-04-20,2.46
Liberty County,2020-04-20,12.12
Madison County,2020-04-20,18.78
Manatee County,2020-04-20,0.0
Marion County,2020-04-20,0.02
Martin County,2020-04-20,3.03
Miami-Dade County,2020-04-20,0.0
Monroe County,2020-04-20,0.0
Nassau County,2020-04-20,15.6
Okaloosa County,2020-04-20,20.83
Okeechobee County,2020-04-20,0.97
Orange County,2020-04-20,0.0
Osceola County,2020-04-20,0.0
Palm Beach County,2020-04-20,1.21
Pasco County,2020-04-20,0.0
Pinellas County,2020-04-20,0.0
Polk County,2020-04-20,0.0
Putnam County,2020-04-20,0.0
St. Johns County,2020-04-20,1.47
St. Lucie County,2020-04-20,2.49
Santa Rosa County,2020-04-20,24.34
Sarasota County,2020-04-20,0.0
Seminole County,2020-04-20,0.0
Sumter County,2020-04-20,0.0
Suwannee County,2020-04-20,11.57
Taylor County,2020-04-20,11.16
Union County,2020-04-20,5.71
Volusia County,2020-04-20,0.0
Wakulla County,2020-04-20,10.52
Walton County,2020-04-20,24.43
Washington County,2020-04-20,26.44
Alachua County,2020-04-21,6.84
Baker County,2020-04-21,3.31
Bay County,2020-04-21,0.0
Bradford County,2020-04-21,5.25
Brevard County,2020-04-21,5.85
Broward County,2020-04-21,0.0
Calhoun County,2020-04-21,0.0
Charlotte County,2020-04-21,7.96
Citrus County,2020-04-21,11.27
Clay County,2020-04-21,5.39
Collier County,2020-04-21,1.28
Columbia County,2020-04-21,3.43
DeSoto County,2020-04-21,8.83
Dixie County,2020-04-21,3.47
Duval County,2020-04-21,4.84
Escambia County,2020-04-21,0.06
Flagler County,2020-04-21,6.34
Franklin County,2020-04-21,0.0
Gadsden County,2020-04-21,0.0
Gilchrist County,2020-04-21,4.41
Glades County,2020-04-21,6.3
Gulf County,2020-04-21,0.0
Hamilton County,2020-04-21,1.18
Hardee County,2020-04-21,8.67
Hendry County,2020-04-21,3.39
Hernando County,2020-04-21,15.79
Highlands County,2020-04-21,6.61
Hillsborough County,2020-04-21,16.32
Holmes County,2020-04-21,0.0
Indian River County,2020-04-21,6.76
Jackson County,2020-04-21,0.0
Jefferson County,2020-04-21,0.0
Lafayette County,2020-04-21,1.02
Lake County,2020-04-21,7.29
Lee County,2020-04-21,4.56
Leon County,2020-04-21,0.0
Levy County,2020-04-21,7.6
Liberty County,2020-04-21,0.0
Madison County,2020-04-21,0.0
Manatee County,2020-04-21,13.62
Marion County,2020-04-21,10.03
Martin County,2020-04-21,9.16
Miami-Dade County,2020-04-21,0.0
Monroe County,2020-04-21,0.0
Nassau County,2020-04-21,3.45
Okaloosa County,2020-04-21,0.0
Okeechobee County,2020-04-21,7.27
Orange County,2020-04-21,5.09
Osceola County,2020-04-21,6.05
Palm Beach County,2020-04-21,2.26
Pasco County,2020-04-21,18.77
Pinellas County,2020-04-21,18.82
Polk County,2020-04-21,8.21
Putnam County,2020-04-21,7.22
St. Johns County,2020-04-21,5.66
St. Lucie County,2020-04-21,9.04
Santa Rosa County,2020-04-21,0.0
Sarasota County,2020-04-21,10.33
Seminole County,2020-04-21,5.51
Sumter County,2020-04-21,11.05
Suwannee County,2020-04-21,1.62
Taylor County,2020-04-21,0.0
Union County,2020-04-21,4.44
Volusia County,2020-04-21,6.94
Wakulla County,2020-04-21,0.0
Walton County,2020-04-21,0.0
Washington County,2020-04-21,0.0
Alachua County,2020-04-22,0.0
Baker County,2020-04-22,0.0
Bay County,2020-04-22,0.0
Bradford County,2020-04-22,0.0
Brevard County,2020-04-22,0.0
Broward County,2020-04-22,0.0
Calhoun County,2020-04-22,0.0
Charlotte County,2020-04-22,0.0
Citrus County,2020-04-22,0.0
Clay County,2020-04-22,0.0
Collier County,2020-04-22,0.01
Columbia County,2020-04-22,0.0
DeSoto County,2020-04-22,0.0
Dixie County,2020-04-22,0.0
Duval County,2020-04-22,0.0
Escambia County,2020-04-22,0.0
Flagler County,2020-04-22,0.0
Franklin County,2020-04-22,0.0
Gadsden County,2020-04-22,0.0
Gilchrist County,2020-04-22,0.0
Glades County,2020-04-22,0.0
Gulf County,2020-04-22,0.0
Hamilton County,2020-04-22,0.0
Hardee County,2020-04-22,0.0
Hendry County,2020-04-22,0.0
Hernando County,2020-04-22,0.0
Highlands County,2020-04-22,0.0
Hillsborough County,2020-04-22,0.0
Holmes County,2020-04-22,0.0
Indian River County,2020-04-22,0.0
Jackson County,2020-04-22,0.0
Jefferson County,2020-04-22,0.0
Lafayette County,2020-04-22,0.0
Lake County,2020-04-22,0.0
Lee County,2020-04-22,0.0
Leon County,2020-04-22,0.0
Levy County,2020-04-22,0.0
Liberty County,2020-04-22,0.0
Madison County,2020-04-22,0.0
Manatee County,2020-04-22,0.0
Marion County,2020-04-22,0.0
Martin County,2020-04-22,0.0
Miami-Dade County,2020-04-22,0.0
Monroe County,2020-04-22,0.02
Nassau County,2020-04-22,0.0
Okaloosa County,2020-04-22,0.0
Okeechobee County,2020-04-22,0.0
Orange County,2020-04-22,0.0
Osceola County,2020-04-22,0.0
Palm Beach County,2020-04-22,0.0
Pasco County,2020-04-22,0.0
Pinellas County,2020-04-22,0.0
Polk County,2020-04-22,0.0
Putnam County,2020-04-22,0.0
St. Johns County,2020-04-22,0.0
St. Lucie County,2020-04-22,0.0
Santa Rosa County,2020-04-22,0.0
Sarasota County,2020-04-22,0.0
Seminole County,2020-04-22,0.0
Sumter County,2020-04-22,0.0
Suwannee County,2020-04-22,0.0
Taylor County,2020-04-22,0.0
Union County,2020-04-22,0.0
Volusia County,2020-04-22,0.0
Wakulla County,2020-04-22,0.0
Walton County,2020-04-22,0.0
Washington County,2020-04-22,0.0
Alachua County,2020-04-23,0.0
Baker County,2020-04-23,0.0
Bay County,2020-04-23,0.0
Bradford County,2020-04-23,0.0
Brevard County,2020-04-23,0.0
Broward County,2020-04-23,0.0
Calhoun County,2020-04-23,0.0
Charlotte County,2020-04-23,0.0
Citrus County,2020-04-23,0.0
Clay County,2020-04-23,0.0
Collier County,2020-04-23,0.0
Columbia County,2020-04-23,0.0
DeSoto County,2020-04-23,0.0
Dixie County,2020-04-23,0.0
Duval County,2020-04-23,0.0
Escambia County,2020-04-23,0.0
Flagler County,2020-04-23,0.0
Franklin County,2020-04-23,0.0
Gadsden County,2020-04-23,0.0
Gilchrist County,2020-04-23,0.0
Glades County,2020-04-23,0.0
Gulf County,2020-04-23,0.0
Hamilton County,2020-04-23,0.0
Hardee County,2020-04-23,0.0
Hendry County,2020-04-23,0.01
Hernando County,2020-04-23,0.0
Highlands County,2020-04-23,0.0
Hillsborough County,2020-04-23,0.0
Holmes County,2020-04-23,0.0
Indian River County,2020-04-23,0.0
Jackson County,2020-04-23,0.0
Jefferson County,2020-04-23,0.0
Lafayette County,2020-04-23,0.0
Lake County,2020-04-23,0.0
Lee County,2020-04-23,0.0
Leon County,2020-04-23,0.0
Levy County,2020-04-23,0.0
Liberty County,2020-04-23,0.0
Madison County,2020-04-23,0.0
Manatee County,2020-04-23,0.0
Marion County,2020-04-23,0.0
Martin County,2020-04-23,0.0
Miami-Dade County,2020-04-23,0.0
Monroe County,2020-04-23,0.0
Nassau County,2020-04-23,0.0
Okaloosa County,2020-04-23,0.0
Okeechobee County,2020-04-23,0.0
Orange County,2020-04-23,0.0
Osceola County,2020-04-23,0.0
Palm Beach County,2020-04-23,0.0
Pasco County,2020-04-23,0.0
Pinellas County,2020-04-23,0.0
Polk County,2020-04-23,0.0
Putnam County,2020-04-23,0.0
St. Johns County,2020-04-23,0.0
St. Lucie County,2020-04-23,0.0
Santa Rosa County,2020-04-23,0.0
Sarasota County,2020-04-23,0.0
Seminole County,2020-04-23,0.0
Sumter County,2020-04-23,0.0
Suwannee County,2020-04-23,0.0
Taylor County,2020-04-23,0.0
Union County,2020-04-23,0.0
Volusia County,2020-04-23,0.0
Wakulla County,2020-04-23,0.0
Walton County,2020-04-23,0.0
Washington County,2020-04-23,0.0
Alachua County,2020-04-24,30.3
Baker County,2020-04-24,34.78
Bay County,2020-04-24,53.2
Bradford County,2020-04-24,29.66
Brevard County,2020-04-24,2.46
Broward County,2020-04-24,0.0
Calhoun County,2020-04-24,50.12
Charlotte County,2020-04-24,0.0
Citrus County,2020-04-24,17.37
Clay County,2020-04-24,23.57
Collier County,2020-04-24,0.0
Columbia County,2020-04-24,38.06
DeSoto County,2020-04-24,0.0
Dixie County,2020-04-24,27.67
Duval County,2020-04-24,21.83
Escambia County,2020-04-24,36.15
Flagler County,2020-04-24,17.07
Franklin County,2020-04-24,34.72
Gadsden County,2020-04-24,45.52
Gilchrist County,2020-04-24,28.53
Glades County,2020-04-24,0.0
Gulf County,2020-04-24,38.68
Hamilton County,2020-04-24,49.59
Hardee County,2020-04-24,0.0
Hendry County,2020-04-24,0.01
Hernando County,2020-04-24,15.94
Highlands County,2020-04-24,0.0
Hillsborough County,2020-04-24,6.55
Holmes County,2020-04-24,93.64
Indian River County,2020-04-24,0.0
Jackson County,2020-04-24,58.6
Jefferson County,2020-04-24,50.81
Lafayette County,2020-04-24,37.62
Lake County,2020-04-24,11.31
Lee County,2020-04-24,0.0
Leon County,2020-04-24,45.4
Levy County,2020-04-24,24.25
Liberty County,2020-04-24,42.0
Madison County,2020-04-24,54.99
Manatee County,2020-04-24,0.0
Marion County,2020-04-24,23.21
Martin County,2020-04-24,0.0
Miami-Dade County,2020-04-24,0.0
Monroe County,2020-04-24,0.0
Nassau County,2020-04-24,30.04
Okaloosa County,2020-04-24,41.36
Okeechobee County,2020-04-24,0.0
Orange County,2020-04-24,7.24
Osceola County,2020-04-24,3.35
Palm Beach County,2020-04-24,0.0
Pasco County,2020-04-24,13.55
Pinellas County,2020-04-24,3.53
Polk County,2020-04-24,5.41
Putnam County,2020-04-24,22.64
St. Johns County,2020-04-24,18.03
St. Lucie County,2020-04-24,0.0
Santa Rosa County,2020-04-24,43.43
Sarasota County,2020-04-24,0.0
Seminole County,2020-04-24,8.41
Sumter County,2020-04-24,15.05
Suwannee County,2020-04-24,42.28
Taylor County,2020-04-24,43.55
Union County,2020-04-24,32.99
Volusia County,2020-04-24,13.23
Wakulla County,2020-04-24,42.92
Walton County,2020-04-24,56.05
Washington County,2020-04-24,75.02
Alachua County,2020-04-25,3.61
Baker County,2020-04-25,1.66
Bay County,2020-04-25,0.0
Bradford County,2020-04-25,3.02
Brevard County,2020-04-25,23.76
Broward County,2020-04-25,8.87
Calhoun County,2020-04-25,0.0
Charlotte County,2020-04-25,39.04
Citrus County,2020-04-25,9.61
Clay County,2020-04-25,3.28
Collier County,2020-04-25,11.13
Columbia County,2020-04-25,0.85
DeSoto County,2020-04-25,47.53
Dixie County,2020-04-25,1.96
Duval County,2020-04-25,3.67
Escambia County,2020-04-25,0.0
Flagler County,2020-04-25,3.1
Franklin County,2020-04-25,0.0
Gadsden County,2020-04-25,0.0
Gilchrist County,2020-04-25,1.84
Glades County,2020-04-25,18.8
Gulf County,2020-04-25,0.0
Hamilton County,2020-04-25,0.0
Hardee County,2020-04-25,45.02
Hendry County,2020-04-25,10.33
Hernando County,2020-04-25,21.72
Highlands County,2020-04-25,30.74
Hillsborough County,2020-04-25,50.98
Holmes County,2020-04-25,0.0
Indian River County,2020-04-25,26.34
Jackson County,2020-04-25,0.0
Jefferson County,2020-04-25,0.0
Lafayette County,2020-04-25,1.11
Lake County,2020-04-25,7.64
Lee County,2020-04-25,18.01
Leon County,2020-04-25,0.0
Levy County,2020-04-25,4.03
Liberty County,2020-04-25,0.0
Madison County,2020-04-25,0.0
Manatee County,2020-04-25,73.0
Marion County,2020-04-25,5.84
Martin County,2020-04-25,22.33
Miami-Dade County,2020-04-25,8.56
Monroe County,2020-04-25,9.43
Nassau County,2020-04-25,2.52
Okaloosa County,2020-04-25,0.0
Okeechobee County,2020-04-25,26.31
Orange County,2020-04-25,10.31
Osceola County,2020-04-25,23.79
Palm Beach County,2020-04-25,8.82
Pasco County,2020-04-25,37.28
Pinellas County,2020-04-25,58.43
Polk County,2020-04-25,27.53
Putnam County,2020-04-25,3.75
St. Johns County,2020-04-25,2.99
St. Lucie County,2020-04-25,24.37
Santa Rosa County,2020-04-25,0.0
Sarasota County,2020-04-25,69.34
Seminole County,2020-04-25,8.24
Sumter County,2020-04-25,11.39
Suwannee County,2020-04-25,0.81
Taylor County,2020-04-25,0.24
Union County,2020-04-25,2.17
Volusia County,2020-04-25,6.56
Wakulla County,2020-04-25,0.0
Walton County,2020-04-25,0.0
Washington County,2020-04-25,0.0
Alachua County,2020-04-26,0.0
Baker County,2020-04-26,0.0
Bay County,2020-04-26,0.0
Bradford County,2020-04-26,0.0
Brevard County,2020-04-26,0.22
Broward County,2020-04-26,4.63
Calhoun County,2020-04-26,0.0
Charlotte County,2020-04-26,4.58
Citrus County,2020-04-26,0.0
Clay County,2020-04-26,0.0
Collier County,2020-04-26,4.22
Columbia County,2020-04-26,0.0
DeSoto County,2020-04-26,5.65
Dixie County,2020-04-26,0.0
Duval County,2020-04-26,0.0
Escambia County,2020-04-26,0.0
Flagler County,2020-04-26,0.0
Franklin County,2020-04-26,0.0
Gadsden County,2020-04-26,0.0
Gilchrist County,2020-04-26,0.0
Glades County,2020-04-26,3.02
Gulf County,2020-04-26,0.0
Hamilton County,2020-04-26,0.0
Hardee County,2020-04-26,4.54
Hendry County,2020-04-26,2.4
Hernando County,2020-04-26,0.0
Highlands County,2020-04-26,4.46
Hillsborough County,2020-04-26,0.18
Holmes County,2020-04-26,0.0
Indian River County,2020-04-26,2.39
Jackson County,2020-04-26,0.0
Jefferson County,2020-04-26,0.0
Lafayette County,2020-04-26,0.0
Lake County,2020-04-26,0.0
Lee County,2020-04-26,2.88
Leon County,2020-04-26,0.0
Levy County,2020-04-26,0.0
Liberty County,2020-04-26,0.0
Madison County,2020-04-26,0.0
Manatee County,2020-04-26,1.79
Marion County,2020-04-26,0.0
Martin County,2020-04-26,5.67
Miami-Dade County,2020-04-26,7.37
Monroe County,2020-04-26,9.56
Nassau County,2020-04-26,0.0
Okaloosa County,2020-04-26,0.0
Okeechobee County,2020-04-26,3.29
Orange County,2020-04-26,0.0
Osceola County,2020-04-26,0.38
Palm Beach County,2020-04-26,3.19
Pasco County,2020-04-26,0.0
Pinellas County,2020-04-26,0.0
Polk County,2020-04-26,0.52
Putnam County,2020-04-26,0.0
St. Johns County,2020-04-26,0.0
St. Lucie County,2020-04-26,4.54
Santa Rosa County,2020-04-26,0.0
Sarasota County,2020-04-26,3.96
Seminole County,2020-04-26,0.0
Sumter County,2020-04-26,0.0
Suwannee County,2020-04-26,0.0
Taylor County,2020-04-26,0.0
Union County,2020-04-26,0.0
Volusia County,2020-04-26,0.0
Wakulla County,2020-04-26,0.0
Walton County,2020-04-26,0.0
Washington County,2020-04-26,0.0
Alachua County,2020-04-27,0.0
Baker County,2020-04-27,0.0
Bay County,2020-04-27,0.0
Bradford County,2020-04-27,0.0
Brevard County,2020-04-27,0.34
Broward County,2020-04-27,25.98
Calhoun County,2020-04-27,0.0
Charlotte County,2020-04-27,4.49
Citrus County,2020-04-27,0.0
Clay County,2020-04-27,0.0
Collier County,2020-04-27,19.65
Columbia County,2020-04-27,0.0
DeSoto County,2020-04-27,2.86
Dixie County,2020-04-27,0.0
Duval County,2020-04-27,0.0
Escambia County,2020-04-27,0.0
Flagler County,2020-04-27,0.0
Franklin County,2020-04-27,0.0
Gadsden County,2020-04-27,0.13
Gilchrist County,2020-04-27,0.0
Glades County,2020-04-27,10.02
Gulf County,2020-04-27,0.0
Hamilton County,2020-04-27,0.0
Hardee County,2020-04-27,0.51
Hendry County,2020-04-27,13.63
Hernando County,2020-04-27,0.0
Highlands County,2020-04-27,5.81
Hillsborough County,2020-04-27,0.0
Holmes County,2020-04-27,0.0
Indian River County,2020-04-27,4.14
Jackson County,2020-04-27,0.0
Jefferson County,2020-04-27,0.0
Lafayette County,2020-04-27,0.0
Lake County,2020-04-27,0.0
Lee County,2020-04-27,7.08
Leon County,2020-04-27,0.0
Levy County,2020-04-27,0.0
Liberty County,2020-04-27,0.0
Madison County,2020-04-27,0.0
Manatee County,2020-04-27,0.0
Marion County,2020-04-27,0.0
Martin County,2020-04-27,14.34
Miami-Dade County,2020-04-27,15.87
Monroe County,2020-04-27,14.2
Nassau County,2020-04-27,0.0
Okaloosa County,2020-04-27,0.0
Okeechobee County,2020-04-27,8.86
Orange County,2020-04-27,0.0
Osceola County,2020-04-27,1.23
Palm Beach County,2020-04-27,15.15
Pasco County,2020-04-27,0.0
Pinellas County,2020-04-27,0.0
Polk County,2020-04-27,0.38
Putnam County,2020-04-27,0.0
St. Johns County,2020-04-27,0.0
St. Lucie County,2020-04-27,7.98
Santa Rosa County,2020-04-27,0.0
Sarasota County,2020-04-27,0.0
Seminole County,2020-04-27,0.0
Sumter County,2020-04-27,0.0
Suwannee County,2020-04-27,0.0
Taylor County,2020-04-27,0.0
Union County,2020-04-27,0.0
Volusia County,2020-04-27,0.0
Wakulla County,2020-04-27,0.0
Walton County,2020-04-27,0.0
Washington County,2020-04-27,0.0
Alachua County,2020-04-28,0.0
Baker County,2020-04-28,0.0
Bay County,2020-04-28,0.0
Bradford County,2020-04-28,0.0
Brevard County,2020-04-28,0.0
Broward County,2020-04-28,0.0
Calhoun County,2020-04-28,0.0
Charlotte County,2020-04-28,0.0
Citrus County,2020-04-28,0.0
Clay County,2020-04-28,0.0
Collier County,2020-04-28,0.0
Columbia County,2020-04-28,0.0
DeSoto County,2020-04-28,0.0
Dixie County,2020-04-28,0.0
Duval County,2020-04-28,0.0
Escambia County,2020-04-28,0.0
Flagler County,2020-04-28,0.0
Franklin County,2020-04-28,0.0
Gadsden County,2020-04-28,0.0
Gilchrist County,2020-04-28,0.0
Glades County,2020-04-28,0.0
Gulf County,2020-04-28,0.0
Hamilton County,2020-04-28,0.0
Hardee County,2020-04-28,0.0
Hendry County,2020-04-28,0.0
Hernando County,2020-04-28,0.0
Highlands County,2020-04-28,0.0
Hillsborough County,2020-04-28,0.0
Holmes County,2020-04-28,0.0
Indian River County,2020-04-28,0.0
Jackson County,2020-04-28,0.0
Jefferson County,2020-04-28,0.0
Lafayette County,2020-04-28,0.0
Lake County,2020-04-28,0.0
Lee County,2020-04-28,0.0
Leon County,2020-04-28,0.0
Levy County,2020-04-28,0.0
Liberty County,2020-04-28,0.0
Madison County,2020-04-28,0.0
Manatee County,2020-04-28,0.0
Marion County,2020-04-28,0.0
Martin County,2020-04-28,0.0
Miami-Dade County,2020-04-28,0.0
Monroe County,2020-04-28,0.0
Nassau County,2020-04-28,0.0
Okaloosa County,2020-04-28,0.0
Okeechobee County,2020-04-28,0.0
Orange County,2020-04-28,0.0
Osceola County,2020-04-28,0.0
Palm Beach County,2020-04-28,0.0
Pasco County,2020-04-28,0.0
Pinellas County,2020-04-28,0.0
Polk County,2020-04-28,0.0
Putnam County,2020-04-28,0.0
St. Johns County,2020-04-28,0.0
St. Lucie County,2020-04-28,0.0
Santa Rosa County,2020-04-28,0.0
Sarasota County,2020-04-28,0.0
Seminole County,2020-04-28,0.0
Sumter County,2020-04-28,0.0
Suwannee County,2020-04-28,0.0
Taylor County,2020-04-28,0.0
Union County,2020-04-28,0.0
Volusia County,2020-04-28,0.0
Wakulla County,2020-04-28,0.0
Walton County,2020-04-28,0.0
Washington County,2020-04-28,0.0
Alachua County,2020-04-29,0.0
Baker County,2020-04-29,0.0
Bay County,2020-04-29,0.0
Bradford County,2020-04-29,0.0
Brevard County,2020-04-29,0.0
Broward County,2020-04-29,0.0
Calhoun County,2020-04-29,0.0
Charlotte County,2020-04-29,0.0
Citrus County,2020-04-29,0.0
Clay County,2020-04-29,0.0
Collier County,2020-04-29,0.0
Columbia County,2020-04-29,0.0
DeSoto County,2020-04-29,0.0
Dixie County,2020-04-29,0.0
Duval County,2020-04-29,0.0
Escambia County,2020-04-29,1.59
Flagler County,2020-04-29,0.0
Franklin County,2020-04-29,0.0
Gadsden County,2020-04-29,0.0
Gilchrist County,2020-04-29,0.0
Glades County,2020-04-29,0.0
Gulf County,2020-04-29,0.0
Hamilton County,2020-04-29,0.0
Hardee County,2020-04-29,0.0
Hendry County,2020-04-29,0.01
Hernando County,2020-04-29,0.0
Highlands County,2020-04-29,0.0
Hillsborough County,2020-04-29,0.0
Holmes County,2020-04-29,0.0
Indian River County,2020-04-29,0.0
Jackson County,2020-04-29,0.0
Jefferson County,2020-04-29,0.0
Lafayette County,2020-04-29,0.0
Lake County,2020-04-29,0.0
Lee County,2020-04-29,0.0
Leon County,2020-04-29,0.0
Levy County,2020-04-29,0.0
Liberty County,2020-04-29,0.0
Madison County,2020-04-29,0.0
Manatee County,2020-04-29,0.0
Marion County,2020-04-29,0.0
Martin County,2020-04-29,0.0
Miami-Dade County,2020-04-29,0.0
Monroe County,2020-04-29,0.0
Nassau County,2020-04-29,0.0
Okaloosa County,2020-04-29,0.0
Okeechobee County,2020-04-29,0.0
Orange County,2020-04-29,0.0
Osceola County,2020-04-29,0.0
Palm Beach County,2020-04-29,0.0
Pasco County,2020-04-29,0.0
Pinellas County,2020-04-29,0.0
Polk County,2020-04-29,0.0
Putnam County,2020-04-29,0.0
St. Johns County,2020-04-29,0.0
St. Lucie County,2020-04-29,0.0
Santa Rosa County,2020-04-29,0.28
Sarasota County,2020-04-29,0.0
Seminole County,2020-04-29,0.0
Sumter County,2020-04-29,0.0
Suwannee County,2020-04-29,0.0
Taylor County,2020-04-29,0.0
Union County,2020-04-29,0.0
Volusia County,2020-04-29,0.0
Wakulla County,2020-04-29,0.0
Walton County,2020-04-29,0.0
Washington County,2020-04-29,0.0
Alachua County,2020-04-30,14.6
Baker County,2020-04-30,16.41
Bay County,2020-04-30,17.77
Bradford County,2020-04-30,13.46
Brevard County,2020-04-30,3.89
Broward County,2020-04-30,0.0
Calhoun County,2020-04-30,20.8
Charlotte County,2020-04-30,17.46
Citrus County,2020-04-30,17.13
Clay County,2020-04-30,11.52
Collier County,2020-04-30,3.19
Columbia County,2020-04-30,18.12
DeSoto County,2020-04-30,23.13
Dixie County,2020-04-30,19.95
Duval County,2020-04-30,11.72
Escambia County,2020-04-30,4.87
Flagler County,2020-04-30,7.3
Franklin County,2020-04-30,23.06
Gadsden County,2020-04-30,20.2
Gilchrist County,2020-04-30,18.05
Glades County,2020-04-30,7.62
Gulf County,2020-04-30,24.23
Hamilton County,2020-04-30,21.67
Hardee County,2020-04-30,24.63
Hendry County,2020-04-30,3.49
Hernando County,2020-04-30,20.37
Highlands County,2020-04-30,13.88
Hillsborough County,2020-04-30,25.22
Holmes County,2020-04-30,14.33
Indian River County,2020-04-30,2.29
Jackson County,2020-04-30,15.2
Jefferson County,2020-04-30,22.24
Lafayette County,2020-04-30,21.24
Lake County,2020-04-30,10.06
Lee County,2020-04-30,8.43
Leon County,2020-04-30,21.1
Levy County,2020-04-30,19.76
Liberty County,2020-04-30,23.19
Madison County,2020-04-30,24.46
Manatee County,2020-04-30,29.55
Marion County,2020-04-30,14.83
Martin County,2020-04-30,0.06
Miami-Dade County,2020-04-30,0.01
Monroe County,2020-04-30,0.18
Nassau County,2020-04-30,13.15
Okaloosa County,2020-04-30,3.69
Okeechobee County,2020-04-30,4.82
Orange County,2020-04-30,6.94
Osceola County,2020-04-30,8.13
Palm Beach County,2020-04-30,0.0
Pasco County,2020-04-30,22.77
Pinellas County,2020-04-30,20.46
Polk County,2020-04-30,18.19
Putnam County,2020-04-30,10.62
St. Johns County,2020-04-30,8.36
St. Lucie County,2020-04-30,0.76
Santa Rosa County,2020-04-30,4.11
Sarasota County,2020-04-30,25.19
Seminole County,2020-04-30,6.36
Sumter County,2020-04-30,15.66
Suwannee County,2020-04-30,21.13
Taylor County,2020-04-30,23.7
Union County,2020-04-30,15.57
Volusia County,2020-04-30,7.19
Wakulla County,2020-04-30,23.55
Walton County,2020-04-30,7.42
Washington County,2020-04-30,15.95
Alachua County,2020-05-01,2.47
Baker County,2020-05-01,0.0
Bay County,2020-05-01,0.0
Bradford County,2020-05-01,2.8
Brevard County,2020-05-01,5.89
Broward County,2020-05-01,17.08
Calhoun County,2020-05-01,0.0
Charlotte County,2020-05-01,12.46
Citrus County,2020-05-01,0.0
Clay County,2020-05-01,4.93
Collier County,2020-05-01,24.83
Columbia County,2020-05-01,0.0
DeSoto County,2020-05-01,10.42
Dixie County,2020-05-01,0.0
Duval County,2020-05-01,5.51
Escambia County,2020-05-01,0.0
Flagler County,2020-05-01,3.46
Franklin County,2020-05-01,0.0
Gadsden County,2020-05-01,0.0
Gilchrist County,2020-05-01,0.0
Glades County,2020-05-01,13.64
Gulf County,2020-05-01,0.0
Hamilton County,2020-05-01,0.0
Hardee County,2020-05-01,10.36
Hendry County,2020-05-01,13.59
Hernando County,2020-05-01,3.98
Highlands County,2020-05-01,12.57
Hillsborough County,2020-05-01,6.22
Holmes County,2020-05-01,0.0
Indian River County,2020-05-01,8.71
Jackson County,2020-05-01,0.0
Jefferson County,2020-05-01,0.0
Lafayette County,2020-05-01,0.0
Lake County,2020-05-01,3.05
Lee County,2020-05-01,18.55
Leon County,2020-05-01,0.0
Levy County,2020-05-01,0.0
Liberty County,2020-05-01,0.0
Madison County,2020-05-01,0.0
Manatee County,2020-05-01,9.67
Marion County,2020-05-01,1.02
Martin County,2020-05-01,11.69
Miami-Dade County,2020-05-01,14.99
Monroe County,2020-05-01,16.12
Nassau County,2020-05-01,1.84
Okaloosa County,2020-05-01,0.0
Okeechobee County,2020-05-01,11.34
Orange County,2020-05-01,5.3
Osceola County,2020-05-01,6.54
Palm Beach County,2020-05-01,12.72
Pasco County,2020-05-01,6.38
Pinellas County,2020-05-01,8.29
Polk County,2020-05-01,6.64
Putnam County,2020-05-01,3.57
St. Johns County,2020-05-01,4.78
St. Lucie County,2020-05-01,10.44
Santa Rosa County,2020-05-01,0.0
Sarasota County,2020-05-01,9.52
Seminole County,2020-05-01,4.85
Sumter County,2020-05-01,1.84
Suwannee County,2020-05-01,0.0
Taylor County,2020-05-01,0.0
Union County,2020-05-01,0.0
Volusia County,2020-05-01,3.79
Wakulla County,2020-05-01,0.0
Walton County,2020-05-01,0.0
Washington County,2020-05-01,0.0
Alachua County,2020-05-02,0.0
Baker County,2020-05-02,0.0
Bay County,2020-05-02,0.0
Bradford County,2020-05-02,0.0
Brevard County,2020-05-02,0.0
Broward County,2020-05-02,0.0
Calhoun County,2020-05-02,0.0
Charlotte County,2020-05-02,0.0
Citrus County,2020-05-02,0.0
Clay County,2020-05-02,0.0
Collier County,2020-05-02,0.0
Columbia County,2020-05-02,0.0
DeSoto County,2020-05-02,0.01
Dixie County,2020-05-02,0.0
Duval County,2020-05-02,0.0
Escambia County,2020-05-02,0.0
Flagler County,2020-05-02,0.0
Franklin County,2020-05-02,0.0
Gadsden County,2020-05-02,0.0
Gilchrist County,2020-05-02,0.0
Glades County,2020-05-02,0.0
Gulf County,2020-05-02,0.0
Hamilton County,2020-05-02,0.0
Hardee County,2020-05-02,0.0
Hendry County,2020-05-02,0.0
Hernando County,2020-05-02,0.0
Highlands County,2020-05-02,0.0
Hillsborough County,2020-05-02,0.0
Holmes County,2020-05-02,0.0
Indian River County,2020-05-02,0.0
Jackson County,2020-05-02,0.0
Jefferson County,2020-05-02,0.0
Lafayette County,2020-05-02,0.0
Lake County,2020-05-02,0.0
Lee County,2020-05-02,0.0
Leon County,2020-05-02,0.0
Levy County,2020-05-02,0.0
Liberty County,2020-05-02,0.0
Madison County,2020-05-02,0.0
Manatee County,2020-05-02,0.0
Marion County,2020-05-02,0.0
Martin County,2020-05-02,0.0
Miami-Dade County,2020-05-02,0.0
Monroe County,2020-05-02,0.0
Nassau County,2020-05-02,0.0
Okaloosa County,2020-05-02,0.0
Okeechobee County,2020-05-02,0.0
Orange County,2020-05-02,0.0
Osceola County,2020-05-02,0.0
Palm Beach County,2020-05-02,0.0
Pasco County,2020-05-02,0.0
Pinellas County,2020-05-02,0.0
Polk County,2020-05-02,0.0
Putnam County,2020-05-02,0.0
St. Johns County,2020-05-02,0.0
St. Lucie County,2020-05-02,0.0
Santa Rosa County,2020-05-02,0.0
Sarasota County,2020-05-02,0.0
Seminole County,2020-05-02,0.0
Sumter County,2020-05-02,0.0
Suwannee County,2020-05-02,0.0
Taylor County,2020-05-02,0.0
Union County,2020-05-02,0.0
Volusia County,2020-05-02,0.0
Wakulla County,2020-05-02,0.0
Walton County,2020-05-02,0.0
Washington County,2020-05-02,0.0
Alachua County,2020-05-03,0.0
Baker County,2020-05-03,0.0
Bay County,2020-05-03,0.0
Bradford County,2020-05-03,0.0
Brevard County,2020-05-03,0.0
Broward County,2020-05-03,0.0
Calhoun County,2020-05-03,0.0
Charlotte County,2020-05-03,0.0
Citrus County,2020-05-03,0.0
Clay County,2020-05-03,0.0
Collier County,2020-05-03,0.0
Columbia County,2020-05-03,0.0
DeSoto County,2020-05-03,0.0
Dixie County,2020-05-03,0.0
Duval County,2020-05-03,0.0
Escambia County,2020-05-03,0.0
Flagler County,2020-05-03,0.0
Franklin County,2020-05-03,0.0
Gadsden County,2020-05-03,0.0
Gilchrist County,2020-05-03,0.0
Glades County,2020-05-03,0.0
Gulf County,2020-05-03,0.0
Hamilton County,2020-05-03,0.0
Hardee County,2020-05-03,0.0
Hendry County,2020-05-03,0.0
Hernando County,2020-05-03,0.0
Highlands County,2020-05-03,0.0
Hillsborough County,2020-05-03,0.0
Holmes County,2020-05-03,0.0
Indian River County,2020-05-03,0.0
Jackson County,2020-05-03,0.0
Jefferson County,2020-05-03,0.0
Lafayette County,2020-05-03,0.0
Lake County,2020-05-03,0.0
Lee County,2020-05-03,0.0
Leon County,2020-05-03,0.0
Levy County,2020-05-03,0.0
Liberty County,2020-05-03,0.0
Madison County,2020-05-03,0.0
Manatee County,2020-05-03,0.0
Marion County,2020-05-03,0.0
Martin County,2020-05-03,0.0
Miami-Dade County,2020-05-03,0.0
Monroe County,2020-05-03,0.0
Nassau County,2020-05-03,0.0
Okaloosa County,2020-05-03,0.0
Okeechobee County,2020-05-03,0.0
Orange County,2020-05-03,0.0
Osceola County,2020-05-03,0.0
Palm Beach County,2020-05-03,0.0
Pasco County,2020-05-03,0.0
Pinellas County,2020-05-03,0.0
Polk County,2020-05-03,0.0
Putnam County,2020-05-03,0.0
St. Johns County,2020-05-03,0.0
St. Lucie County,2020-05-03,0.0
Santa Rosa County,2020-05-03,0.0
Sarasota County,2020-05-03,0.0
Seminole County,2020-05-03,0.0
Sumter County,2020-05-03,0.0
Suwannee County,2020-05-03,0.0
Taylor County,2020-05-03,0.0
Union County,2020-05-03,0.0
Volusia County,2020-05-03,0.0
Wakulla County,2020-05-03,0.0
Walton County,2020-05-03,0.0
Washington County,2020-05-03,0.0
Alachua County,2020-05-04,0.0
Baker County,2020-05-04,0.0
Bay County,2020-05-04,0.0
Bradford County,2020-05-04,0.0
Brevard County,2020-05-04,0.0
Broward County,2020-05-04,0.0
Calhoun County,2020-05-04,0.0
Charlotte County,2020-05-04,0.0
Citrus County,2020-05-04,0.0
Clay County,2020-05-04,0.0
Collier County,2020-05-04,0.0
Columbia County,2020-05-04,0.0
DeSoto County,2020-05-04,0.0
Dixie County,2020-05-04,0.0
Duval County,2020-05-04,0.0
Escambia County,2020-05-04,0.0
Flagler County,2020-05-04,0.0
Franklin County,2020-05-04,0.0
Gadsden County,2020-05-04,0.0
Gilchrist County,2020-05-04,0.0
Glades County,2020-05-04,0.0
Gulf County,2020-05-04,0.0
Hamilton County,2020-05-04,0.0
Hardee County,2020-05-04,0.0
Hendry County,2020-05-04,0.0
Hernando County,2020-05-04,0.0
Highlands County,2020-05-04,0.0
Hillsborough County,2020-05-04,0.0
Holmes County,2020-05-04,0.0
Indian River County,2020-05-04,0.0
Jackson County,2020-05-04,0.0
Jefferson County,2020-05-04,0.0
Lafayette County,2020-05-04,0.0
Lake County,2020-05-04,0.0
Lee County,2020-05-04,0.0
Leon County,2020-05-04,0.0
Levy County,2020-05-04,0.0
Liberty County,2020-05-04,0.0
Madison County,2020-05-04,0.0
Manatee County,2020-05-04,0.0
Marion County,2020-05-04,0.0
Martin County,2020-05-04,0.0
Miami-Dade County,2020-05-04,0.0
Monroe County,2020-05-04,0.0
Nassau County,2020-05-04,0.0
Okaloosa County,2020-05-04,0.0
Okeechobee County,2020-05-04,0.0
Orange County,2020-05-04,0.0
Osceola County,2020-05-04,0.0
Palm Beach County,2020-05-04,0.0
Pasco County,2020-05-04,0.0
Pinellas County,2020-05-04,0.0
Polk County,2020-05-04,0.0
Putnam County,2020-05-04,0.0
St. Johns County,2020-05-04,0.0
St. Lucie County,2020-05-04,0.0
Santa Rosa County,2020-05-04,0.0
Sarasota County,2020-05-04,0.0
Seminole County,2020-05-04,0.0
Sumter County,2020-05-04,0.0
Suwannee County,2020-05-04,0.0
Taylor County,2020-05-04,0.0
Union County,2020-05-04,0.0
Volusia County,2020-05-04,0.0
Wakulla County,2020-05-04,0.0
Walton County,2020-05-04,0.0
Washington County,2020-05-04,0.0
Alachua County,2020-05-05,0.0
Baker County,2020-05-05,0.0
Bay County,2020-05-05,0.0
Bradford County,2020-05-05,0.0
Brevard County,2020-05-05,0.0
Broward County,2020-05-05,0.0
Calhoun County,2020-05-05,0.0
Charlotte County,2020-05-05,0.0
Citrus County,2020-05-05,0.0
Clay County,2020-05-05,0.0
Collier County,2020-05-05,0.0
Columbia County,2020-05-05,0.0
DeSoto County,2020-05-05,0.0
Dixie County,2020-05-05,0.0
Duval County,2020-05-05,0.0
Escambia County,2020-05-05,0.0
Flagler County,2020-05-05,0.0
Franklin County,2020-05-05,0.0
Gadsden County,2020-05-05,0.0
Gilchrist County,2020-05-05,0.0
Glades County,2020-05-05,0.0
Gulf County,2020-05-05,0.0
Hamilton County,2020-05-05,0.0
Hardee County,2020-05-05,0.0
Hendry County,2020-05-05,0.0
Hernando County,2020-05-05,0.0
Highlands County,2020-05-05,0.0
Hillsborough County,2020-05-05,0.0
Holmes County,2020-05-05,0.0
Indian River County,2020-05-05,0.0
Jackson County,2020-05-05,0.0
Jefferson County,2020-05-05,0.0
Lafayette County,2020-05-05,0.0
Lake County,2020-05-05,0.0
Lee County,2020-05-05,0.0
Leon County,2020-05-05,0.0
Levy County,2020-05-05,0.0
Liberty County,2020-05-05,0.0
Madison County,2020-05-05,0.0
Manatee County,2020-05-05,0.0
Marion County,2020-05-05,0.0
Martin County,2020-05-05,0.0
Miami-Dade County,2020-05-05,0.0
Monroe County,2020-05-05,0.0
Nassau County,2020-05-05,0.0
Okaloosa County,2020-05-05,0.0
Okeechobee County,2020-05-05,0.0
Orange County,2020-05-05,0.0
Osceola County,2020-05-05,0.0
Palm Beach County,2020-05-05,0.0
Pasco County,2020-05-05,0.0
Pinellas County,2020-05-05,0.0
Polk County,2020-05-05,0.0
Putnam County,2020-05-05,0.0
St. Johns County,2020-05-05,0.0
St. Lucie County,2020-05-05,0.0
Santa Rosa County,2020-05-05,0.0
Sarasota County,2020-05-05,0.0
Seminole County,2020-05-05,0.0
Sumter County,2020-05-05,0.0
Suwannee County,2020-05-05,0.0
Taylor County,2020-05-05,0.0
Union County,2020-05-05,0.0
Volusia County,2020-05-05,0.0
Wakulla County,2020-05-05,0.0
Walton County,2020-05-05,0.0
Washington County,2020-05-05,0.0
Alachua County,2020-05-06,0.0
Baker County,2020-05-06,0.0
Bay County,2020-05-06,0.0
Bradford County,2020-05-06,0.0
Brevard County,2020-05-06,0.0
Broward County,2020-05-06,0.0
Calhoun County,2020-05-06,0.0
Charlotte County,2020-05-06,0.0
Citrus County,2020-05-06,0.0
Clay County,2020-05-06,0.0
Collier County,2020-05-06,0.0
Columbia County,2020-05-06,0.0
DeSoto County,2020-05-06,0.0
Dixie County,2020-05-06,0.0
Duval County,2020-05-06,0.0
Escambia County,2020-05-06,0.0
Flagler County,2020-05-06,0.0
Franklin County,2020-05-06,0.0
Gadsden County,2020-05-06,0.0
Gilchrist County,2020-05-06,0.0
Glades County,2020-05-06,0.0
Gulf County,2020-05-06,0.0
Hamilton County,2020-05-06,0.0
Hardee County,2020-05-06,0.0
Hendry County,2020-05-06,0.0
Hernando County,2020-05-06,0.0
Highlands County,2020-05-06,0.0
Hillsborough County,2020-05-06,0.0
Holmes County,2020-05-06,0.0
Indian River County,2020-05-06,0.0
Jackson County,2020-05-06,0.0
Jefferson County,2020-05-06,0.0
Lafayette County,2020-05-06,0.0
Lake County,2020-05-06,0.0
Lee County,2020-05-06,0.0
Leon County,2020-05-06,0.0
Levy County,2020-05-06,0.0
Liberty County,2020-05-06,0.0
Madison County,2020-05-06,0.0
Manatee County,2020-05-06,0.0
Marion County,2020-05-06,0.0
Martin County,2020-05-06,0.0
Miami-Dade County,2020-05-06,0.0
Monroe County,2020-05-06,0.0
Nassau County,2020-05-06,0.0
Okaloosa County,2020-05-06,0.0
Okeechobee County,2020-05-06,0.0
Orange County,2020-05-06,0.0
Osceola County,2020-05-06,0.0
Palm Beach County,2020-05-06,0.0
Pasco County,2020-05-06,0.0
Pinellas County,2020-05-06,0.0
Polk County,2020-05-06,0.0
Putnam County,2020-05-06,0.0
St. Johns County,2020-05-06,0.0
St. Lucie County,2020-05-06,0.0
Santa Rosa County,2020-05-06,0.0
Sarasota County,2020-05-06,0.0
Seminole County,2020-05-06,0.0
Sumter County,2020-05-06,0.0
Suwannee County,2020-05-06,0.0
Taylor County,2020-05-06,0.0
Union County,2020-05-06,0.0
Volusia County,2020-05-06,0.0
Wakulla County,2020-05-06,0.0
Walton County,2020-05-06,0.0
Washington County,2020-05-06,0.0
Alachua County,2020-05-07,0.0
Baker County,2020-05-07,0.0
Bay County,2020-05-07,0.0
Bradford County,2020-05-07,0.0
Brevard County,2020-05-07,0.0
Broward County,2020-05-07,0.0
Calhoun County,2020-05-07,0.0
Charlotte County,2020-05-07,0.0
Citrus County,2020-05-07,0.0
Clay County,2020-05-07,0.0
Collier County,2020-05-07,0.0
Columbia County,2020-05-07,0.0
DeSoto County,2020-05-07,0.0
Dixie County,2020-05-07,0.95
Duval County,2020-05-07,0.0
Escambia County,2020-05-07,0.0
Flagler County,2020-05-07,0.0
Franklin County,2020-05-07,0.0
Gadsden County,2020-05-07,0.0
Gilchrist County,2020-05-07,0.04
Glades County,2020-05-07,0.0
Gulf County,2020-05-07,0.0
Hamilton County,2020-05-07,0.0
Hardee County,2020-05-07,0.0
Hendry County,2020-05-07,0.0
Hernando County,2020-05-07,0.0
Highlands County,2020-05-07,0.0
Hillsborough County,2020-05-07,0.0
Holmes County,2020-05-07,0.0
Indian River County,2020-05-07,0.0
Jackson County,2020-05-07,0.0
Jefferson County,2020-05-07,0.0
Lafayette County,2020-05-07,0.0
Lake County,2020-05-07,0.0
Lee County,2020-05-07,0.0
Leon County,2020-05-07,0.0
Levy County,2020-05-07,0.77
Liberty County,2020-05-07,0.0
Madison County,2020-05-07,0.0
Manatee County,2020-05-07,0.0
Marion County,2020-05-07,0.0
Martin County,2020-05-07,0.0
Miami-Dade County,2020-05-07,0.0
Monroe County,2020-05-07,0.0
Nassau County,2020-05-07,0.0
Okaloosa County,2020-05-07,0.0
Okeechobee County,2020-05-07,0.0
Orange County,2020-05-07,0.0
Osceola County,2020-05-07,0.0
Palm Beach County,2020-05-07,0.0
Pasco County,2020-05-07,0.0
Pinellas County,2020-05-07,0.0
Polk County,2020-05-07,0.0
Putnam County,2020-05-07,0.0
St. Johns County,2020-05-07,0.0
St. Lucie County,2020-05-07,0.0
Santa Rosa County,2020-05-07,0.0
Sarasota County,2020-05-07,0.0
Seminole County,2020-05-07,0.0
Sumter County,2020-05-07,0.0
Suwannee County,2020-05-07,0.0
Taylor County,2020-05-07,0.0
Union County,2020-05-07,0.0
Volusia County,2020-05-07,0.01
Wakulla County,2020-05-07,0.0
Walton County,2020-05-07,0.0
Washington County,2020-05-07,0.0
Alachua County,2020-05-08,0.0
Baker County,2020-05-08,0.0
Bay County,2020-05-08,0.0
Bradford County,2020-05-08,0.0
Brevard County,2020-05-08,0.0
Broward County,2020-05-08,0.0
Calhoun County,2020-05-08,0.0
Charlotte County,2020-05-08,0.0
Citrus County,2020-05-08,0.0
Clay County,2020-05-08,0.0
Collier County,2020-05-08,0.0
Columbia County,2020-05-08,0.0
DeSoto County,2020-05-08,0.0
Dixie County,2020-05-08,0.0
Duval County,2020-05-08,0.0
Escambia County,2020-05-08,0.0
Flagler County,2020-05-08,0.0
Franklin County,2020-05-08,0.0
Gadsden County,2020-05-08,0.0
Gilchrist County,2020-05-08,0.0
Glades County,2020-05-08,0.0
Gulf County,2020-05-08,0.0
Hamilton County,2020-05-08,0.0
Hardee County,2020-05-08,0.0
Hendry County,2020-05-08,0.0
Hernando County,2020-05-08,0.0
Highlands County,2020-05-08,0.0
Hillsborough County,2020-05-08,0.0
Holmes County,2020-05-08,0.0
Indian River County,2020-05-08,0.0
Jackson County,2020-05-08,0.0
Jefferson County,2020-05-08,0.0
Lafayette County,2020-05-08,0.0
Lake County,2020-05-08,0.0
Lee County,2020-05-08,0.0
Leon County,2020-05-08,0.0
Levy County,2020-05-08,0.0
Liberty County,2020-05-08,0.0
Madison County,2020-05-08,0.0
Manatee County,2020-05-08,0.0
Marion County,2020-05-08,0.0
Martin County,2020-05-08,0.0
Miami-Dade County,2020-05-08,0.0
Monroe County,2020-05-08,0.0
Nassau County,2020-05-08,0.0
Okaloosa County,2020-05-08,0.0
Okeechobee County,2020-05-08,0.0
Orange County,2020-05-08,0.0
Osceola County,2020-05-08,0.0
Palm Beach County,2020-05-08,0.0
Pasco County,2020-05-08,0.0
Pinellas County,2020-05-08,0.0
Polk County,2020-05-08,0.0
Putnam County,2020-05-08,0.0
St. Johns County,2020-05-08,0.0
St. Lucie County,2020-05-08,0.0
Santa Rosa County,2020-05-08,0.0
Sarasota County,2020-05-08,0.0
Seminole County,2020-05-08,0.0
Sumter County,2020-05-08,0.0
Suwannee County,2020-05-08,0.0
Taylor County,2020-05-08,0.0
Union County,2020-05-08,0.0
Volusia County,2020-05-08,0.0
Wakulla County,2020-05-08,0.0
Walton County,2020-05-08,0.0
Washington County,2020-05-08,0.0
Alachua County,2020-05-09,0.0
Baker County,2020-05-09,0.0
Bay County,2020-05-09,0.0
Bradford County,2020-05-09,0.0
Brevard County,2020-05-09,0.0
Broward County,2020-05-09,0.0
Calhoun County,2020-05-09,0.0
Charlotte County,2020-05-09,0.0
Citrus County,2020-05-09,0.0
Clay County,2020-05-09,0.0
Collier County,2020-05-09,0.0
Columbia County,2020-05-09,0.0
DeSoto County,2020-05-09,0.0
Dixie County,2020-05-09,0.0
Duval County,2020-05-09,0.0
Escambia County,2020-05-09,2.17
Flagler County,2020-05-09,0.0
Franklin County,2020-05-09,0.0
Gadsden County,2020-05-09,0.0
Gilchrist County,2020-05-09,0.0
Glades County,2020-05-09,0.0
Gulf County,2020-05-09,0.0
Hamilton County,2020-05-09,0.0
Hardee County,2020-05-09,0.0
Hendry County,2020-05-09,0.0
Hernando County,2020-05-09,0.0
Highlands County,2020-05-09,0.0
Hillsborough County,2020-05-09,0.0
Holmes County,2020-05-09,0.0
Indian River County,2020-05-09,0.0
Jackson County,2020-05-09,0.0
Jefferson County,2020-05-09,0.0
Lafayette County,2020-05-09,0.0
Lake County,2020-05-09,0.0
Lee County,2020-05-09,0.0
Leon County,2020-05-09,0.0
Levy County,2020-05-09,0.0
Liberty County,2020-05-09,0.0
Madison County,2020-05-09,0.0
Manatee County,2020-05-09,0.0
Marion County,2020-05-09,0.0
Martin County,2020-05-09,0.0
Miami-Dade County,2020-05-09,0.0
Monroe County,2020-05-09,0.0
Nassau County,2020-05-09,0.0
Okaloosa County,2020-05-09,0.11
Okeechobee County,2020-05-09,0.0
Orange County,2020-05-09,0.0
Osceola County,2020-05-09,0.0
Palm Beach County,2020-05-09,0.0
Pasco County,2020-05-09,0.0
Pinellas County,2020-05-09,0.0
Polk County,2020-05-09,0.0
Putnam County,2020-05-09,0.0
St. Johns County,2020-05-09,0.0
St. Lucie County,2020-05-09,0.0
Santa Rosa County,2020-05-09,1.32
Sarasota County,2020-05-09,0.0
Seminole County,2020-05-09,0.0
Sumter County,2020-05-09,0.0
Suwannee County,2020-05-09,0.0
Taylor County,2020-05-09,0.0
Union County,2020-05-09,0.0
Volusia County,2020-05-09,0.0
Wakulla County,2020-05-09,0.0
Walton County,2020-05-09,0.0
Washington County,2020-05-09,0.0
Alachua County,2020-05-10,0.0
Baker County,2020-05-10,0.0
Bay County,2020-05-10,0.0
Bradford County,2020-05-10,0.0
Brevard County,2020-05-10,0.51
Broward County,2020-05-10,0.06
Calhoun County,2020-05-10,0.0
Charlotte County,2020-05-10,0.0
Citrus County,2020-05-10,0.0
Clay County,2020-05-10,0.0
Collier County,2020-05-10,0.08
Columbia County,2020-05-10,0.0
DeSoto County,2020-05-10,0.0
Dixie County,2020-05-10,0.47
Duval County,2020-05-10,0.0
Escambia County,2020-05-10,0.01
Flagler County,2020-05-10,0.01
Franklin County,2020-05-10,0.0
Gadsden County,2020-05-10,0.0
Gilchrist County,2020-05-10,0.02
Glades County,2020-05-10,0.0
Gulf County,2020-05-10,0.0
Hamilton County,2020-05-10,0.0
Hardee County,2020-05-10,0.02
Hendry County,2020-05-10,0.02
Hernando County,2020-05-10,0.0
Highlands County,2020-05-10,0.0
Hillsborough County,2020-05-10,0.0
Holmes County,2020-05-10,0.0
Indian River County,2020-05-10,0.67
Jackson County,2020-05-10,0.0
Jefferson County,2020-05-10,0.0
Lafayette County,2020-05-10,0.0
Lake County,2020-05-10,0.01
Lee County,2020-05-10,0.0
Leon County,2020-05-10,0.0
Levy County,2020-05-10,0.32
Liberty County,2020-05-10,0.0
Madison County,2020-05-10,0.0
Manatee County,2020-05-10,0.0
Marion County,2020-05-10,0.0
Martin County,2020-05-10,0.01
Miami-Dade County,2020-05-10,0.97
Monroe County,2020-05-10,0.83
Nassau County,2020-05-10,0.0
Okaloosa County,2020-05-10,0.0
Okeechobee County,2020-05-10,0.0
Orange County,2020-05-10,0.02
Osceola County,2020-05-10,0.1
Palm Beach County,2020-05-10,0.01
Pasco County,2020-05-10,0.0
Pinellas County,2020-05-10,0.0
Polk County,2020-05-10,0.0
Putnam County,2020-05-10,0.0
St. Johns County,2020-05-10,0.0
St. Lucie County,2020-05-10,0.05
Santa Rosa County,2020-05-10,0.0
Sarasota County,2020-05-10,0.0
Seminole County,2020-05-10,0.0
Sumter County,2020-05-10,0.0
Suwannee County,2020-05-10,0.0
Taylor County,2020-05-10,0.0
Union County,2020-05-10,0.0
Volusia County,2020-05-10,0.0
Wakulla County,2020-05-10,0.0
Walton County,2020-05-10,0.0
Washington County,2020-05-10,0.0
Alachua County,2020-05-11,12.38
Baker County,2020-05-11,1.34
Bay County,2020-05-11,0.0
Bradford County,2020-05-11,7.33
Brevard County,2020-05-11,3.49
Broward County,2020-05-11,10.17
Calhoun County,2020-05-11,0.0
Charlotte County,2020-05-11,2.88
Citrus County,2020-05-11,3.13
Clay County,2020-05-11,3.84
Collier County,2020-05-11,7.5
Columbia County,2020-05-11,3.01
DeSoto County,2020-05-11,2.4
Dixie County,2020-05-11,9.31
Duval County,2020-05-11,0.25
Escambia County,2020-05-11,0.0
Flagler County,2020-05-11,2.07
Franklin County,2020-05-11,0.0
Gadsden County,2020-05-11,0.0
Gilchrist County,2020-05-11,12.51
Glades County,2020-05-11,5.57
Gulf County,2020-05-11,0.0
Hamilton County,2020-05-11,0.15
Hardee County,2020-05-11,2.3
Hendry County,2020-05-11,4.58
Hernando County,2020-05-11,1.51
Highlands County,2020-05-11,4.69
Hillsborough County,2020-05-11,0.92
Holmes County,2020-05-11,0.0
Indian River County,2020-05-11,6.38
Jackson County,2020-05-11,0.0
Jefferson County,2020-05-11,0.0
Lafayette County,2020-05-11,3.83
Lake County,2020-05-11,1.43
Lee County,2020-05-11,3.96
Leon County,2020-05-11,0.0
Levy County,2020-05-11,12.97
Liberty County,2020-05-11,0.0
Madison County,2020-05-11,0.03
Manatee County,2020-05-11,1.72
Marion County,2020-05-11,3.9
Martin County,2020-05-11,8.4
Miami-Dade County,2020-05-11,15.78
Monroe County,2020-05-11,18.32
Nassau County,2020-05-11,0.0
Okaloosa County,2020-05-11,0.0
Okeechobee County,2020-05-11,6.48
Orange County,2020-05-11,1.43
Osceola County,2020-05-11,2.45
Palm Beach County,2020-05-11,7.53
Pasco County,2020-05-11,1.03
Pinellas County,2020-05-11,0.72
Polk County,2020-05-11,1.65
Putnam County,2020-05-11,3.4
St. Johns County,2020-05-11,2.18
St. Lucie County,2020-05-11,7.79
Santa Rosa County,2020-05-11,0.0
Sarasota County,2020-05-11,1.87
Seminole County,2020-05-11,1.56
Sumter County,2020-05-11,1.7
Suwannee County,2020-05-11,2.33
Taylor County,2020-05-11,1.07
Union County,2020-05-11,6.43
Volusia County,2020-05-11,1.77
Wakulla County,2020-05-11,0.0
Walton County,2020-05-11,0.0
Washington County,2020-05-11,0.0
Alachua County,2020-05-12,0.0
Baker County,2020-05-12,0.0
Bay County,2020-05-12,0.0
Bradford County,2020-05-12,0.0
Brevard County,2020-05-12,0.0
Broward County,2020-05-12,0.0
Calhoun County,2020-05-12,0.0
Charlotte County,2020-05-12,0.0
Citrus County,2020-05-12,0.0
Clay County,2020-05-12,0.0
Collier County,2020-05-12,0.0
Columbia County,2020-05-12,0.0
DeSoto County,2020-05-12,0.0
Dixie County,2020-05-12,0.0
Duval County,2020-05-12,0.0
Escambia County,2020-05-12,0.0
Flagler County,2020-05-12,0.0
Franklin County,2020-05-12,0.0
Gadsden County,2020-05-12,0.0
Gilchrist County,2020-05-12,0.0
Glades County,2020-05-12,0.0
Gulf County,2020-05-12,0.0
Hamilton County,2020-05-12,0.0
Hardee County,2020-05-12,0.0
Hendry County,2020-05-12,0.0
Hernando County,2020-05-12,0.0
Highlands County,2020-05-12,0.0
Hillsborough County,2020-05-12,0.0
Holmes County,2020-05-12,0.0
Indian River County,2020-05-12,0.0
Jackson County,2020-05-12,0.0
Jefferson County,2020-05-12,0.0
Lafayette County,2020-05-12,0.0
Lake County,2020-05-12,0.0
Lee County,2020-05-12,0.0
Leon County,2020-05-12,0.0
Levy County,2020-05-12,0.0
Liberty County,2020-05-12,0.0
Madison County,2020-05-12,0.0
Manatee County,2020-05-12,0.0
Marion County,2020-05-12,0.0
Martin County,2020-05-12,0.0
Miami-Dade County,2020-05-12,0.0
Monroe County,2020-05-12,0.01
Nassau County,2020-05-12,0.0
Okaloosa County,2020-05-12,0.0
Okeechobee County,2020-05-12,0.0
Orange County,2020-05-12,0.0
Osceola County,2020-05-12,0.0
Palm Beach County,2020-05-12,0.0
Pasco County,2020-05-12,0.0
Pinellas County,2020-05-12,0.0
Polk County,2020-05-12,0.0
Putnam County,2020-05-12,0.0
St. Johns County,2020-05-12,0.0
St. Lucie County,2020-05-12,0.0
Santa Rosa County,2020-05-12,0.0
Sarasota County,2020-05-12,0.0
Seminole County,2020-05-12,0.0
Sumter County,2020-05-12,0.0
Suwannee County,2020-05-12,0.0
Taylor County,2020-05-12,0.0
Union County,2020-05-12,0.0
Volusia County,2020-05-12,0.0
Wakulla County,2020-05-12,0.0
Walton County,2020-05-12,0.0
Washington County,2020-05-12,0.0
Alachua County,2020-05-13,0.0
Baker County,2020-05-13,0.0
Bay County,2020-05-13,0.0
Bradford County,2020-05-13,0.0
Brevard County,2020-05-13,0.0
Broward County,2020-05-13,0.0
Calhoun County,2020-05-13,0.0
Charlotte County,2020-05-13,0.0
Citrus County,2020-05-13,0.0
Clay County,2020-05-13,0.0
Collier County,2020-05-13,0.0
Columbia County,2020-05-13,0.0
DeSoto County,2020-05-13,0.0
Dixie County,2020-05-13,0.0
Duval County,2020-05-13,0.0
Escambia County,2020-05-13,0.0
Flagler County,2020-05-13,0.0
Franklin County,2020-05-13,0.0
Gadsden County,2020-05-13,0.0
Gilchrist County,2020-05-13,0.0
Glades County,2020-05-13,0.0
Gulf County,2020-05-13,0.0
Hamilton County,2020-05-13,0.0
Hardee County,2020-05-13,0.0
Hendry County,2020-05-13,0.0
Hernando County,2020-05-13,0.0
Highlands County,2020-05-13,0.0
Hillsborough County,2020-05-13,0.0
Holmes County,2020-05-13,0.0
Indian River County,2020-05-13,0.0
Jackson County,2020-05-13,0.0
Jefferson County,2020-05-13,0.0
Lafayette County,2020-05-13,0.0
Lake County,2020-05-13,0.0
Lee County,2020-05-13,0.0
Leon County,2020-05-13,0.0
Levy County,2020-05-13,0.0
Liberty County,2020-05-13,0.0
Madison County,2020-05-13,0.0
Manatee County,2020-05-13,0.0
Marion County,2020-05-13,0.0
Martin County,2020-05-13,0.0
Miami-Dade County,2020-05-13,0.0
Monroe County,2020-05-13,0.0
Nassau County,2020-05-13,0.0
Okaloosa County,2020-05-13,0.0
Okeechobee County,2020-05-13,0.0
Orange County,2020-05-13,0.0
Osceola County,2020-05-13,0.0
Palm Beach County,2020-05-13,0.0
Pasco County,2020-05-13,0.0
Pinellas County,2020-05-13,0.0
Polk County,2020-05-13,0.0
Putnam County,2020-05-13,0.0
St. Johns County,2020-05-13,0.0
St. Lucie County,2020-05-13,0.0
Santa Rosa County,2020-05-13,0.0
Sarasota County,2020-05-13,0.0
Seminole County,2020-05-13,0.0
Sumter County,2020-05-13,0.0
Suwannee County,2020-05-13,0.0
Taylor County,2020-05-13,0.0
Union County,2020-05-13,0.0
Volusia County,2020-05-13,0.0
Wakulla County,2020-05-13,0.0
Walton County,2020-05-13,0.0
Washington County,2020-05-13,0.0
Alachua County,2020-05-14,0.0
Baker County,2020-05-14,0.0
Bay County,2020-05-14,0.0
Bradford County,2020-05-14,0.0
Brevard County,2020-05-14,0.0
Broward County,2020-05-14,0.0
Calhoun County,2020-05-14,0.0
Charlotte County,2020-05-14,0.0
Citrus County,2020-05-14,0.0
Clay County,2020-05-14,0.0
Collier County,2020-05-14,0.0
Columbia County,2020-05-14,0.0
DeSoto County,2020-05-14,0.0
Dixie County,2020-05-14,0.0
Duval County,2020-05-14,0.0
Escambia County,2020-05-14,0.0
Flagler County,2020-05-14,0.0
Franklin County,2020-05-14,0.0
Gadsden County,2020-05-14,0.0
Gilchrist County,2020-05-14,0.0
Glades County,2020-05-14,0.0
Gulf County,2020-05-14,0.0
Hamilton County,2020-05-14,0.0
Hardee County,2020-05-14,0.0
Hendry County,2020-05-14,0.0
Hernando County,2020-05-14,0.0
Highlands County,2020-05-14,0.0
Hillsborough County,2020-05-14,0.0
Holmes County,2020-05-14,0.0
Indian River County,2020-05-14,0.0
Jackson County,2020-05-14,0.0
Jefferson County,2020-05-14,0.0
Lafayette County,2020-05-14,0.0
Lake County,2020-05-14,0.0
Lee County,2020-05-14,0.0
Leon County,2020-05-14,0.0
Levy County,2020-05-14,0.0
Liberty County,2020-05-14,0.0
Madison County,2020-05-14,0.0
Manatee County,2020-05-14,0.0
Marion County,2020-05-14,0.0
Martin County,2020-05-14,0.0
Miami-Dade County,2020-05-14,5.23
Monroe County,2020-05-14,13.32
Nassau County,2020-05-14,0.0
Okaloosa County,2020-05-14,0.0
Okeechobee County,2020-05-14,0.0
Orange County,2020-05-14,0.0
Osceola County,2020-05-14,0.0
Palm Beach County,2020-05-14,0.0
Pasco County,2020-05-14,0.0
Pinellas County,2020-05-14,0.0
Polk County,2020-05-14,0.0
Putnam County,2020-05-14,0.0
St. Johns County,2020-05-14,0.0
St. Lucie County,2020-05-14,0.0
Santa Rosa County,2020-05-14,0.0
Sarasota County,2020-05-14,0.0
Seminole County,2020-05-14,0.0
Sumter County,2020-05-14,0.0
Suwannee County,2020-05-14,0.0
Taylor County,2020-05-14,0.0
Union County,2020-05-14,0.0
Volusia County,2020-05-14,0.0
Wakulla County,2020-05-14,0.0
Walton County,2020-05-14,0.0
Washington County,2020-05-14,0.0
Alachua County,2020-05-15,0.0
Baker County,2020-05-15,0.0
Bay County,2020-05-15,0.0
Bradford County,2020-05-15,0.0
Brevard County,2020-05-15,0.0
Broward County,2020-05-15,9.46
Calhoun County,2020-05-15,0.0
Charlotte County,2020-05-15,0.0
Citrus County,2020-05-15,0.0
Clay County,2020-05-15,0.0
Collier County,2020-05-15,7.46
Columbia County,2020-05-15,0.0
DeSoto County,2020-05-15,0.0
Dixie County,2020-05-15,0.0
Duval County,2020-05-15,0.0
Escambia County,2020-05-15,0.0
Flagler County,2020-05-15,0.0
Franklin County,2020-05-15,0.0
Gadsden County,2020-05-15,0.0
Gilchrist County,2020-05-15,0.0
Glades County,2020-05-15,0.13
Gulf County,2020-05-15,0.0
Hamilton County,2020-05-15,0.0
Hardee County,2020-05-15,0.0
Hendry County,2020-05-15,1.9
Hernando County,2020-05-15,0.0
Highlands County,2020-05-15,0.0
Hillsborough County,2020-05-15,0.0
Holmes County,2020-05-15,0.0
Indian River County,2020-05-15,0.08
Jackson County,2020-05-15,0.0
Jefferson County,2020-05-15,0.0
Lafayette County,2020-05-15,0.0
Lake County,2020-05-15,0.0
Lee County,2020-05-15,0.27
Leon County,2020-05-15,0.0
Levy County,2020-05-15,0.0
Liberty County,2020-05-15,0.0
Madison County,2020-05-15,0.0
Manatee County,2020-05-15,0.0
Marion County,2020-05-15,0.0
Martin County,2020-05-15,1.39
Miami-Dade County,2020-05-15,21.56
Monroe County,2020-05-15,27.27
Nassau County,2020-05-15,0.0
Okaloosa County,2020-05-15,0.0
Okeechobee County,2020-05-15,0.04
Orange County,2020-05-15,0.0
Osceola County,2020-05-15,0.0
Palm Beach County,2020-05-15,3.39
Pasco County,2020-05-15,0.0
Pinellas County,2020-05-15,0.0
Polk County,2020-05-15,0.0
Putnam County,2020-05-15,0.0
St. Johns County,2020-05-15,0.0
St. Lucie County,2020-05-15,0.64
Santa Rosa County,2020-05-15,0.0
Sarasota County,2020-05-15,0.0
Seminole County,2020-05-15,0.0
Sumter County,2020-05-15,0.0
Suwannee County,2020-05-15,0.0
Taylor County,2020-05-15,0.0
Union County,2020-05-15,0.0
Volusia County,2020-05-15,0.0
Wakulla County,2020-05-15,0.0
Walton County,2020-05-15,0.0
Washington County,2020-05-15,0.0
Alachua County,2020-05-16,0.0
Baker County,2020-05-16,0.0
Bay County,2020-05-16,0.0
Bradford County,2020-05-16,0.0
Brevard County,2020-05-16,7.83
Broward County,2020-05-16,35.56
Calhoun County,2020-05-16,0.0
Charlotte County,2020-05-16,5.26
Citrus County,2020-05-16,0.0
Clay County,2020-05-16,0.0
Collier County,2020-05-16,11.87
Columbia County,2020-05-16,0.0
DeSoto County,2020-05-16,4.09
Dixie County,2020-05-16,0.0
Duval County,2020-05-16,0.0
Escambia County,2020-05-16,1.48
Flagler County,2020-05-16,2.13
Franklin County,2020-05-16,0.0
Gadsden County,2020-05-16,0.0
Gilchrist County,2020-05-16,0.0
Glades County,2020-05-16,8.6
Gulf County,2020-05-16,0.0
Hamilton County,2020-05-16,0.0
Hardee County,2020-05-16,2.43
Hendry County,2020-05-16,9.36
Hernando County,2020-05-16,0.0
Highlands County,2020-05-16,5.58
Hillsborough County,2020-05-16,0.0
Holmes County,2020-05-16,0.0
Indian River County,2020-05-16,14.2
Jackson County,2020-05-16,0.0
Jefferson County,2020-05-16,0.0
Lafayette County,2020-05-16,0.0
Lake County,2020-05-16,1.14
Lee County,2020-05-16,6.15
Leon County,2020-05-16,0.0
Levy County,2020-05-16,0.0
Liberty County,2020-05-16,0.0
Madison County,2020-05-16,0.0
Manatee County,2020-05-16,0.77
Marion County,2020-05-16,0.18
Martin County,2020-05-16,28.11
Miami-Dade County,2020-05-16,28.97
Monroe County,2020-05-16,15.22
Nassau County,2020-05-16,0.0
Okaloosa County,2020-05-16,0.0
Okeechobee County,2020-05-16,12.57
Orange County,2020-05-16,3.17
Osceola County,2020-05-16,4.54
Palm Beach County,2020-05-16,29.47
Pasco County,2020-05-16,0.0
Pinellas County,2020-05-16,0.0
Polk County,2020-05-16,1.51
Putnam County,2020-05-16,0.49
St. Johns County,2020-05-16,1.04
St. Lucie County,2020-05-16,21.56
Santa Rosa County,2020-05-16,0.01
Sarasota County,2020-05-16,4.18
Seminole County,2020-05-16,3.66
Sumter County,2020-05-16,0.0
Suwannee County,2020-05-16,0.0
Taylor County,2020-05-16,0.0
Union County,2020-05-16,0.0
Volusia County,2020-05-16,3.21
Wakulla County,2020-05-16,0.0
Walton County,2020-05-16,0.0
Washington County,2020-05-16,0.0
Alachua County,2020-05-17,0.0
Baker County,2020-05-17,0.0
Bay County,2020-05-17,0.0
Bradford County,2020-05-17,0.0
Brevard County,2020-05-17,2.16
Broward County,2020-05-17,4.59
Calhoun County,2020-05-17,0.0
Charlotte County,2020-05-17,0.55
Citrus County,2020-05-17,0.0
Clay County,2020-05-17,0.0
Collier County,2020-05-17,2.54
Columbia County,2020-05-17,0.0
DeSoto County,2020-05-17,0.29
Dixie County,2020-05-17,0.19
Duval County,2020-05-17,0.0
Escambia County,2020-05-17,0.0
Flagler County,2020-05-17,0.69
Franklin County,2020-05-17,0.0
Gadsden County,2020-05-17,0.0
Gilchrist County,2020-05-17,0.0
Glades County,2020-05-17,4.31
Gulf County,2020-05-17,0.0
Hamilton County,2020-05-17,0.0
Hardee County,2020-05-17,0.13
Hendry County,2020-05-17,3.66
Hernando County,2020-05-17,0.0
Highlands County,2020-05-17,2.8
Hillsborough County,2020-05-17,0.0
Holmes County,2020-05-17,0.0
Indian River County,2020-05-17,3.37
Jackson County,2020-05-17,0.0
Jefferson County,2020-05-17,0.0
Lafayette County,2020-05-17,0.0
Lake County,2020-05-17,0.13
Lee County,2020-05-17,0.63
Leon County,2020-05-17,0.0
Levy County,2020-05-17,0.0
Liberty County,2020-05-17,0.0
Madison County,2020-05-17,0.0
Manatee County,2020-05-17,0.0
Marion County,2020-05-17,0.0
Martin County,2020-05-17,5.17
Miami-Dade County,2020-05-17,2.39
Monroe County,2020-05-17,2.08
Nassau County,2020-05-17,0.0
Okaloosa County,2020-05-17,0.0
Okeechobee County,2020-05-17,4.07
Orange County,2020-05-17,1.29
Osceola County,2020-05-17,1.74
Palm Beach County,2020-05-17,5.19
Pasco County,2020-05-17,0.0
Pinellas County,2020-05-17,0.0
Polk County,2020-05-17,0.73
Putnam County,2020-05-17,0.0
St. Johns County,2020-05-17,0.02
St. Lucie County,2020-05-17,4.57
Santa Rosa County,2020-05-17,0.0
Sarasota County,2020-05-17,0.44
Seminole County,2020-05-17,1.68
Sumter County,2020-05-17,0.0
Suwannee County,2020-05-17,0.0
Taylor County,2020-05-17,0.0
Union County,2020-05-17,0.0
Volusia County,2020-05-17,1.22
Wakulla County,2020-05-17,0.0
Walton County,2020-05-17,0.0
Washington County,2020-05-17,0.0
Alachua County,2020-05-18,0.0
Baker County,2020-05-18,0.0
Bay County,2020-05-18,4.93
Bradford County,2020-05-18,0.0
Brevard County,2020-05-18,0.34
Broward County,2020-05-18,3.61
Calhoun County,2020-05-18,5.74
Charlotte County,2020-05-18,0.0
Citrus County,2020-05-18,0.0
Clay County,2020-05-18,0.0
Collier County,2020-05-18,0.47
Columbia County,2020-05-18,0.0
DeSoto County,2020-05-18,0.0
Dixie County,2020-05-18,0.0
Duval County,2020-05-18,0.0
Escambia County,2020-05-18,15.31
Flagler County,2020-05-18,0.0
Franklin County,2020-05-18,1.94
Gadsden County,2020-05-18,4.08
Gilchrist County,2020-05-18,0.0
Glades County,2020-05-18,0.43
Gulf County,2020-05-18,3.13
Hamilton County,2020-05-18,0.05
Hardee County,2020-05-18,0.0
Hendry County,2020-05-18,0.7
Hernando County,2020-05-18,0.0
Highlands County,2020-05-18,0.08
Hillsborough County,2020-05-18,0.0
Holmes County,2020-05-18,9.71
Indian River County,2020-05-18,1.11
Jackson County,2020-05-18,8.54
Jefferson County,2020-05-18,0.02
Lafayette County,2020-05-18,0.0
Lake County,2020-05-18,0.07
Lee County,2020-05-18,0.0
Leon County,2020-05-18,2.03
Levy County,2020-05-18,0.0
Liberty County,2020-05-18,3.83
Madison County,2020-05-18,0.0
Manatee County,2020-05-18,0.0
Marion County,2020-05-18,0.0
Martin County,2020-05-18,1.3
Miami-Dade County,2020-05-18,3.28
Monroe County,2020-05-18,0.56
Nassau County,2020-05-18,0.0
Okaloosa County,2020-05-18,9.01
Okeechobee County,2020-05-18,1.16
Orange County,2020-05-18,0.0
Osceola County,2020-05-18,0.01
Palm Beach County,2020-05-18,1.93
Pasco County,2020-05-18,0.0
Pinellas County,2020-05-18,0.0
Polk County,2020-05-18,0.02
Putnam County,2020-05-18,0.0
St. Johns County,2020-05-18,0.0
St. Lucie County,2020-05-18,1.21
Santa Rosa County,2020-05-18,11.32
Sarasota County,2020-05-18,0.0
Seminole County,2020-05-18,0.0
Sumter County,2020-05-18,0.12
Suwannee County,2020-05-18,0.0
Taylor County,2020-05-18,0.0
Union County,2020-05-18,0.0
Volusia County,2020-05-18,0.0
Wakulla County,2020-05-18,1.47
Walton County,2020-05-18,8.05
Washington County,2020-05-18,7.54
Alachua County,2020-05-19,0.0
Baker County,2020-05-19,0.0
Bay County,2020-05-19,5.77
Bradford County,2020-05-19,0.0
Brevard County,2020-05-19,1.71
Broward County,2020-05-19,48.41
Calhoun County,2020-05-19,5.7
Charlotte County,2020-05-19,17.01
Citrus County,2020-05-19,2.14
Clay County,2020-05-19,0.0
Collier County,2020-05-19,40.23
Columbia County,2020-05-19,0.29
DeSoto County,2020-05-19,11.77
Dixie County,2020-05-19,4.85
Duval County,2020-05-19,0.0
Escambia County,2020-05-19,7.44
Flagler County,2020-05-19,0.0
Franklin County,2020-05-19,2.65
Gadsden County,2020-05-19,5.63
Gilchrist County,2020-05-19,1.71
Glades County,2020-05-19,21.1
Gulf County,2020-05-19,2.94
Hamilton County,2020-05-19,0.99
Hardee County,2020-05-19,10.38
Hendry County,2020-05-19,25.56
Hernando County,2020-05-19,3.35
Highlands County,2020-05-19,11.64
Hillsborough County,2020-05-19,6.35
Holmes County,2020-05-19,15.95
Indian River County,2020-05-19,8.2
Jackson County,2020-05-19,9.62
Jefferson County,2020-05-19,2.36
Lafayette County,2020-05-19,3.86
Lake County,2020-05-19,0.87
Lee County,2020-05-19,26.01
Leon County,2020-05-19,4.17
Levy County,2020-05-19,1.65
Liberty County,2020-05-19,4.2
Madison County,2020-05-19,1.71
Manatee County,2020-05-19,12.53
Marion County,2020-05-19,0.16
Martin County,2020-05-19,27.12
Miami-Dade County,2020-05-19,38.81
Monroe County,2020-05-19,33.04
Nassau County,2020-05-19,0.0
Okaloosa County,2020-05-19,19.65
Okeechobee County,2020-05-19,14.09
Orange County,2020-05-19,0.85
Osceola County,2020-05-19,2.63
Palm Beach County,2020-05-19,36.21
Pasco County,2020-05-19,4.95
Pinellas County,2020-05-19,7.56
Polk County,2020-05-19,5.1
Putnam County,2020-05-19,0.0
St. Johns County,2020-05-19,0.0
St. Lucie County,2020-05-19,17.89
Santa Rosa County,2020-05-19,13.61
Sarasota County,2020-05-19,13.91
Seminole County,2020-05-19,0.26
Sumter County,2020-05-19,1.73
Suwannee County,2020-05-19,2.09
Taylor County,2020-05-19,2.84
Union County,2020-05-19,0.0
Volusia County,2020-05-19,0.01
Wakulla County,2020-05-19,3.74
Walton County,2020-05-19,17.29
Washington County,2020-05-19,9.66
Alachua County,2020-05-20,0.16
Baker County,2020-05-20,0.0
Bay County,2020-05-20,1.45
Bradford County,2020-05-20,0.0
Brevard County,2020-05-20,0.57
Broward County,2020-05-20,6.99
Calhoun County,2020-05-20,2.45
Charlotte County,2020-05-20,0.52
Citrus County,2020-05-20,0.07
Clay County,2020-05-20,0.0
Collier County,2020-05-20,3.17
Columbia County,2020-05-20,0.0
DeSoto County,2020-05-20,0.11
Dixie County,2020-05-20,0.0
Duval County,2020-05-20,0.0
Escambia County,2020-05-20,1.13
Flagler County,2020-05-20,0.0
Franklin County,2020-05-20,0.0
Gadsden County,2020-05-20,3.01
Gilchrist County,2020-05-20,0.0
Glades County,2020-05-20,2.53
Gulf County,2020-05-20,0.12
Hamilton County,2020-05-20,0.0
Hardee County,2020-05-20,0.0
Hendry County,2020-05-20,2.92
Hernando County,2020-05-20,0.0
Highlands County,2020-05-20,0.86
Hillsborough County,2020-05-20,0.0
Holmes County,2020-05-20,9.5
Indian River County,2020-05-20,1.73
Jackson County,2020-05-20,9.35
Jefferson County,2020-05-20,0.13
Lafayette County,2020-05-20,0.0
Lake County,2020-05-20,0.0
Lee County,2020-05-20,1.24
Leon County,2020-05-20,0.62
Levy County,2020-05-20,0.0
Liberty County,2020-05-20,0.7
Madison County,2020-05-20,0.0
Manatee County,2020-05-20,0.0
Marion County,2020-05-20,0.0
Martin County,2020-05-20,4.66
Miami-Dade County,2020-05-20,5.75
Monroe County,2020-05-20,3.38
Nassau County,2020-05-20,0.0
Okaloosa County,2020-05-20,4.47
Okeechobee County,2020-05-20,1.93
Orange County,2020-05-20,0.0
Osceola County,2020-05-20,0.2
Palm Beach County,2020-05-20,6.03
Pasco County,2020-05-20,0.0
Pinellas County,2020-05-20,0.0
Polk County,2020-05-20,0.0
Putnam County,2020-05-20,0.0
St. Johns County,2020-05-20,0.0
St. Lucie County,2020-05-20,2.91
Santa Rosa County,2020-05-20,2.79
Sarasota County,2020-05-20,0.0
Seminole County,2020-05-20,0.0
Sumter County,2020-05-20,0.0
Suwannee County,2020-05-20,0.0
Taylor County,2020-05-20,0.0
Union County,2020-05-20,0.0
Volusia County,2020-05-20,0.0
Wakulla County,2020-05-20,0.0
Walton County,2020-05-20,5.71
Washington County,2020-05-20,4.41
Alachua County,2020-05-21,0.0
Baker County,2020-05-21,2.72
Bay County,2020-05-21,15.03
Bradford County,2020-05-21,0.0
Brevard County,2020-05-21,0.0
Broward County,2020-05-21,14.62
Calhoun County,2020-05-21,19.34
Charlotte County,2020-05-21,0.0
Citrus County,2020-05-21,0.0
Clay County,2020-05-21,0.0
Collier County,2020-05-21,1.95
Columbia County,2020-05-21,2.77
DeSoto County,2020-05-21,0.0
Dixie County,2020-05-21,5.16
Duval County,2020-05-21,0.27
Escambia County,2020-05-21,1.99
Flagler County,2020-05-21,0.0
Franklin County,2020-05-21,21.64
Gadsden County,2020-05-21,23.05
Gilchrist County,2020-05-21,0.77
Glades County,2020-05-21,0.0
Gulf County,2020-05-21,22.39
Hamilton County,2020-05-21,4.48
Hardee County,2020-05-21,0.0
Hendry County,2020-05-21,1.98
Hernando County,2020-05-21,0.0
Highlands County,2020-05-21,0.0
Hillsborough County,2020-05-21,0.0
Holmes County,2020-05-21,4.2
Indian River County,2020-05-21,0.0
Jackson County,2020-05-21,6.94
Jefferson County,2020-05-21,25.54
Lafayette County,2020-05-21,6.78
Lake County,2020-05-21,0.0
Lee County,2020-05-21,0.0
Leon County,2020-05-21,34.43
Levy County,2020-05-21,0.0
Liberty County,2020-05-21,26.05
Madison County,2020-05-21,10.09
Manatee County,2020-05-21,0.0
Marion County,2020-05-21,0.0
Martin County,2020-05-21,0.53
Miami-Dade County,2020-05-21,3.02
Monroe County,2020-05-21,0.5
Nassau County,2020-05-21,3.41
Okaloosa County,2020-05-21,10.33
Okeechobee County,2020-05-21,0.0
Orange County,2020-05-21,0.0
Osceola County,2020-05-21,0.0
Palm Beach County,2020-05-21,11.48
Pasco County,2020-05-21,0.0
Pinellas County,2020-05-21,0.0
Polk County,2020-05-21,0.0
Putnam County,2020-05-21,0.0
St. Johns County,2020-05-21,0.0
St. Lucie County,2020-05-21,0.0
Santa Rosa County,2020-05-21,3.96
Sarasota County,2020-05-21,0.0
Seminole County,2020-05-21,0.0
Sumter County,2020-05-21,0.0
Suwannee County,2020-05-21,4.19
Taylor County,2020-05-21,12.73
Union County,2020-05-21,0.85
Volusia County,2020-05-21,0.0
Wakulla County,2020-05-21,31.94
Walton County,2020-05-21,10.73
Washington County,2020-05-21,9.05
Alachua County,2020-05-22,0.0
Baker County,2020-05-22,0.0
Bay County,2020-05-22,0.0
Bradford County,2020-05-22,0.0
Brevard County,2020-05-22,7.37
Broward County,2020-05-22,4.79
Calhoun County,2020-05-22,0.0
Charlotte County,2020-05-22,8.77
Citrus County,2020-05-22,0.0
Clay County,2020-05-22,0.0
Collier County,2020-05-22,3.43
Columbia County,2020-05-22,0.0
DeSoto County,2020-05-22,10.82
Dixie County,2020-05-22,0.0
Duval County,2020-05-22,0.0
Escambia County,2020-05-22,0.35
Flagler County,2020-05-22,2.57
Franklin County,2020-05-22,0.0
Gadsden County,2020-05-22,0.0
Gilchrist County,2020-05-22,0.0
Glades County,2020-05-22,11.69
Gulf County,2020-05-22,0.16
Hamilton County,2020-05-22,0.0
Hardee County,2020-05-22,12.46
Hendry County,2020-05-22,6.51
Hernando County,2020-05-22,0.0
Highlands County,2020-05-22,14.74
Hillsborough County,2020-05-22,1.39
Holmes County,2020-05-22,1.34
Indian River County,2020-05-22,5.24
Jackson County,2020-05-22,0.0
Jefferson County,2020-05-22,0.0
Lafayette County,2020-05-22,0.0
Lake County,2020-05-22,4.8
Lee County,2020-05-22,6.34
Leon County,2020-05-22,0.0
Levy County,2020-05-22,0.0
Liberty County,2020-05-22,0.03
Madison County,2020-05-22,0.0
Manatee County,2020-05-22,4.98
Marion County,2020-05-22,0.46
Martin County,2020-05-22,3.38
Miami-Dade County,2020-05-22,2.94
Monroe County,2020-05-22,2.87
Nassau County,2020-05-22,0.0
Okaloosa County,2020-05-22,1.14
Okeechobee County,2020-05-22,9.11
Orange County,2020-05-22,6.96
Osceola County,2020-05-22,6.93
Palm Beach County,2020-05-22,4.54
Pasco County,2020-05-22,0.06
Pinellas County,2020-05-22,0.0
Polk County,2020-05-22,7.74
Putnam County,2020-05-22,0.41
St. Johns County,2020-05-22,0.69
St. Lucie County,2020-05-22,3.35
Santa Rosa County,2020-05-22,0.91
Sarasota County,2020-05-22,5.39
Seminole County,2020-05-22,8.08
Sumter County,2020-05-22,0.84
Suwannee County,2020-05-22,0.0
Taylor County,2020-05-22,0.0
Union County,2020-05-22,0.0
Volusia County,2020-05-22,5.76
Wakulla County,2020-05-22,0.0
Walton County,2020-05-22,0.98
Washington County,2020-05-22,0.0
Alachua County,2020-05-23,0.0
Baker County,2020-05-23,0.0
Bay County,2020-05-23,0.0
Bradford County,2020-05-23,0.0
Brevard County,2020-05-23,0.0
Broward County,2020-05-23,0.69
Calhoun County,2020-05-23,0.0
Charlotte County,2020-05-23,0.0
Citrus County,2020-05-23,0.0
Clay County,2020-05-23,0.0
Collier County,2020-05-23,3.44
Columbia County,2020-05-23,0.0
DeSoto County,2020-05-23,0.12
Dixie County,2020-05-23,0.0
Duval County,2020-05-23,0.0
Escambia County,2020-05-23,0.0
Flagler County,2020-05-23,0.0
Franklin County,2020-05-23,0.0
Gadsden County,2020-05-23,1.34
Gilchrist County,2020-05-23,0.0
Glades County,2020-05-23,0.11
Gulf County,2020-05-23,0.0
Hamilton County,2020-05-23,0.0
Hardee County,2020-05-23,0.0
Hendry County,2020-05-23,0.04
Hernando County,2020-05-23,0.0
Highlands County,2020-05-23,0.0
Hillsborough County,2020-05-23,0.07
Holmes County,2020-05-23,4.09
Indian River County,2020-05-23,0.57
Jackson County,2020-05-23,3.74
Jefferson County,2020-05-23,0.0
Lafayette County,2020-05-23,0.0
Lake County,2020-05-23,0.16
Lee County,2020-05-23,0.42
Leon County,2020-05-23,0.0
Levy County,2020-05-23,0.0
Liberty County,2020-05-23,0.0
Madison County,2020-05-23,0.0
Manatee County,2020-05-23,0.03
Marion County,2020-05-23,0.0
Martin County,2020-05-23,1.35
Miami-Dade County,2020-05-23,1.79
Monroe County,2020-05-23,2.81
Nassau County,2020-05-23,1.28
Okaloosa County,2020-05-23,0.32
Okeechobee County,2020-05-23,0.62
Orange County,2020-05-23,0.23
Osceola County,2020-05-23,0.0
Palm Beach County,2020-05-23,0.6
Pasco County,2020-05-23,0.0
Pinellas County,2020-05-23,0.0
Polk County,2020-05-23,0.0
Putnam County,2020-05-23,0.0
St. Johns County,2020-05-23,0.0
St. Lucie County,2020-05-23,1.38
Santa Rosa County,2020-05-23,0.0
Sarasota County,2020-05-23,0.0
Seminole County,2020-05-23,0.0
Sumter County,2020-05-23,0.0
Suwannee County,2020-05-23,0.0
Taylor County,2020-05-23,0.0
Union County,2020-05-23,0.0
Volusia County,2020-05-23,0.0
Wakulla County,2020-05-23,0.0
Walton County,2020-05-23,1.26
Washington County,2020-05-23,0.53
Alachua County,2020-05-24,1.19
Baker County,2020-05-24,1.36
Bay County,2020-05-24,3.7
Bradford County,2020-05-24,0.0
Brevard County,2020-05-24,0.0
Broward County,2020-05-24,13.97
Calhoun County,2020-05-24,4.08
Charlotte County,2020-05-24,4.45
Citrus County,2020-05-24,0.31
Clay County,2020-05-24,0.0
Collier County,2020-05-24,17.8
Columbia County,2020-05-24,7.01
DeSoto County,2020-05-24,1.14
Dixie County,2020-05-24,16.13
Duval County,2020-05-24,0.1
Escambia County,2020-05-24,0.79
Flagler County,2020-05-24,0.0
Franklin County,2020-05-24,2.82
Gadsden County,2020-05-24,1.09
Gilchrist County,2020-05-24,14.09
Glades County,2020-05-24,0.29
Gulf County,2020-05-24,2.77
Hamilton County,2020-05-24,3.66
Hardee County,2020-05-24,0.24
Hendry County,2020-05-24,4.99
Hernando County,2020-05-24,1.24
Highlands County,2020-05-24,0.0
Hillsborough County,2020-05-24,1.92
Holmes County,2020-05-24,7.77
Indian River County,2020-05-24,0.0
Jackson County,2020-05-24,4.78
Jefferson County,2020-05-24,1.9
Lafayette County,2020-05-24,10.27
Lake County,2020-05-24,0.0
Lee County,2020-05-24,9.23
Leon County,2020-05-24,1.15
Levy County,2020-05-24,5.68
Liberty County,2020-05-24,3.43
Madison County,2020-05-24,2.98
Manatee County,2020-05-24,3.87
Marion County,2020-05-24,0.0
Martin County,2020-05-24,0.59
Miami-Dade County,2020-05-24,25.62
Monroe County,2020-05-24,28.85
Nassau County,2020-05-24,0.0
Okaloosa County,2020-05-24,4.36
Okeechobee County,2020-05-24,0.0
Orange County,2020-05-24,0.0
Osceola County,2020-05-24,0.0
Palm Beach County,2020-05-24,4.65
Pasco County,2020-05-24,2.31
Pinellas County,2020-05-24,5.29
Polk County,2020-05-24,0.04
Putnam County,2020-05-24,0.0
St. Johns County,2020-05-24,0.0
St. Lucie County,2020-05-24,0.0
Santa Rosa County,2020-05-24,2.41
Sarasota County,2020-05-24,4.65
Seminole County,2020-05-24,0.0
Sumter County,2020-05-24,0.0
Suwannee County,2020-05-24,7.09
Taylor County,2020-05-24,5.7
Union County,2020-05-24,3.93
Volusia County,2020-05-24,0.0
Wakulla County,2020-05-24,3.75
Walton County,2020-05-24,6.2
Washington County,2020-05-24,6.07
Alachua County,2020-05-25,0.0
Baker County,2020-05-25,0.0
Bay County,2020-05-25,0.12
Bradford County,2020-05-25,0.0
Brevard County,2020-05-25,3.3
Broward County,2020-05-25,72.9
Calhoun County,2020-05-25,0.0
Charlotte County,2020-05-25,11.67
Citrus County,2020-05-25,0.64
Clay County,2020-05-25,0.0
Collier County,2020-05-25,39.01
Columbia County,2020-05-25,0.0
DeSoto County,2020-05-25,9.29
Dixie County,2020-05-25,0.0
Duval County,2020-05-25,0.0
Escambia County,2020-05-25,2.97
Flagler County,2020-05-25,0.0
Franklin County,2020-05-25,0.0
Gadsden County,2020-05-25,0.0
Gilchrist County,2020-05-25,0.0
Glades County,2020-05-25,19.35
Gulf County,2020-05-25,0.0
Hamilton County,2020-05-25,0.14
Hardee County,2020-05-25,7.69
Hendry County,2020-05-25,24.36
Hernando County,2020-05-25,1.19
Highlands County,2020-05-25,12.21
Hillsborough County,2020-05-25,2.21
Holmes County,2020-05-25,0.0
Indian River County,2020-05-25,8.45
Jackson County,2020-05-25,0.0
Jefferson County,2020-05-25,0.0
Lafayette County,2020-05-25,0.0
Lake County,2020-05-25,0.98
Lee County,2020-05-25,17.08
Leon County,2020-05-25,0.0
Levy County,2020-05-25,0.0
Liberty County,2020-05-25,0.0
Madison County,2020-05-25,0.0
Manatee County,2020-05-25,5.64
Marion County,2020-05-25,0.0
Martin County,2020-05-25,24.97
Miami-Dade County,2020-05-25,89.79
Monroe County,2020-05-25,67.76
Nassau County,2020-05-25,0.0
Okaloosa County,2020-05-25,1.1
Okeechobee County,2020-05-25,13.4
Orange County,2020-05-25,1.79
Osceola County,2020-05-25,3.55
Palm Beach County,2020-05-25,42.19
Pasco County,2020-05-25,1.46
Pinellas County,2020-05-25,1.64
Polk County,2020-05-25,3.79
Putnam County,2020-05-25,0.0
St. Johns County,2020-05-25,0.0
St. Lucie County,2020-05-25,14.84
Santa Rosa County,2020-05-25,3.07
Sarasota County,2020-05-25,6.89
Seminole County,2020-05-25,1.43
Sumter County,2020-05-25,1.13
Suwannee County,2020-05-25,0.0
Taylor County,2020-05-25,0.0
Union County,2020-05-25,0.0
Volusia County,2020-05-25,0.16
Wakulla County,2020-05-25,0.0
Walton County,2020-05-25,0.0
Washington County,2020-05-25,0.0
Alachua County,2020-05-26,16.47
Baker County,2020-05-26,11.47
Bay County,2020-05-26,4.63
Bradford County,2020-05-26,15.87
Brevard County,2020-05-26,41.32
Broward County,2020-05-26,86.96
Calhoun County,2020-05-26,5.92
Charlotte County,2020-05-26,24.0
Citrus County,2020-05-26,8.29
Clay County,2020-05-26,14.1
Collier County,2020-05-26,42.48
Columbia County,2020-05-26,8.84
DeSoto County,2020-05-26,23.83
Dixie County,2020-05-26,15.13
Duval County,2020-05-26,14.03
Escambia County,2020-05-26,2.8
Flagler County,2020-05-26,12.3
Franklin County,2020-05-26,3.54
Gadsden County,2020-05-26,6.64
Gilchrist County,2020-05-26,16.35
Glades County,2020-05-26,47.71
Gulf County,2020-05-26,3.54
Hamilton County,2020-05-26,4.83
Hardee County,2020-05-26,25.24
Hendry County,2020-05-26,39.63
Hernando County,2020-05-26,7.69
Highlands County,2020-05-26,40.82
Hillsborough County,2020-05-26,9.04
Holmes County,2020-05-26,9.09
Indian River County,2020-05-26,65.53
Jackson County,2020-05-26,7.2
Jefferson County,2020-05-26,4.32
Lafayette County,2020-05-26,10.33
Lake County,2020-05-26,15.97
Lee County,2020-05-26,27.22
Leon County,2020-05-26,6.1
Levy County,2020-05-26,14.66
Liberty County,2020-05-26,5.36
Madison County,2020-05-26,4.01
Manatee County,2020-05-26,18.47
Marion County,2020-05-26,10.02
Martin County,2020-05-26,94.76
Miami-Dade County,2020-05-26,66.23
Monroe County,2020-05-26,41.72
Nassau County,2020-05-26,12.4
Okaloosa County,2020-05-26,7.41
Okeechobee County,2020-05-26,64.43
Orange County,2020-05-26,23.01
Osceola County,2020-05-26,29.12
Palm Beach County,2020-05-26,85.24
Pasco County,2020-05-26,7.83
Pinellas County,2020-05-26,6.2
Polk County,2020-05-26,19.12
Putnam County,2020-05-26,10.82
St. Johns County,2020-05-26,11.89
St. Lucie County,2020-05-26,85.07
Santa Rosa County,2020-05-26,4.88
Sarasota County,2020-05-26,19.01
Seminole County,2020-05-26,24.66
Sumter County,2020-05-26,10.89
Suwannee County,2020-05-26,7.58
Taylor County,2020-05-26,5.68
Union County,2020-05-26,13.88
Volusia County,2020-05-26,18.84
Wakulla County,2020-05-26,5.55
Walton County,2020-05-26,8.03
Washington County,2020-05-26,7.05
Alachua County,2020-05-27,20.45
Baker County,2020-05-27,11.79
Bay County,2020-05-27,16.26
Bradford County,2020-05-27,16.78
Brevard County,2020-05-27,8.62
Broward County,2020-05-27,30.21
Calhoun County,2020-05-27,19.52
Charlotte County,2020-05-27,0.45
Citrus County,2020-05-27,8.28
Clay County,2020-05-27,15.38
Collier County,2020-05-27,8.89
Columbia County,2020-05-27,10.36
DeSoto County,2020-05-27,1.32
Dixie County,2020-05-27,32.39
Duval County,2020-05-27,16.59
Escambia County,2020-05-27,16.09
Flagler County,2020-05-27,11.17
Franklin County,2020-05-27,13.96
Gadsden County,2020-05-27,16.7
Gilchrist County,2020-05-27,29.39
Glades County,2020-05-27,6.89
Gulf County,2020-05-27,16.62
Hamilton County,2020-05-27,5.72
Hardee County,2020-05-27,3.05
Hendry County,2020-05-27,7.35
Hernando County,2020-05-27,4.65
Highlands County,2020-05-27,6.6
Hillsborough County,2020-05-27,1.74
Holmes County,2020-05-27,17.29
Indian River County,2020-05-27,10.53
Jackson County,2020-05-27,15.85
Jefferson County,2020-05-27,10.85
Lafayette County,2020-05-27,17.35
Lake County,2020-05-27,8.0
Lee County,2020-05-27,0.56
Leon County,2020-05-27,16.31
Levy County,2020-05-27,28.62
Liberty County,2020-05-27,18.95
Madison County,2020-05-27,7.37
Manatee County,2020-05-27,0.17
Marion County,2020-05-27,9.65
Martin County,2020-05-27,12.87
Miami-Dade County,2020-05-27,30.66
Monroe County,2020-05-27,15.23
Nassau County,2020-05-27,14.63
Okaloosa County,2020-05-27,30.56
Okeechobee County,2020-05-27,10.69
Orange County,2020-05-27,7.58
Osceola County,2020-05-27,6.84
Palm Beach County,2020-05-27,17.96
Pasco County,2020-05-27,3.13
Pinellas County,2020-05-27,1.48
Polk County,2020-05-27,4.3
Putnam County,2020-05-27,11.05
St. Johns County,2020-05-27,13.46
St. Lucie County,2020-05-27,10.96
Santa Rosa County,2020-05-27,24.41
Sarasota County,2020-05-27,0.0
Seminole County,2020-05-27,8.92
Sumter County,2020-05-27,6.4
Suwannee County,2020-05-27,10.25
Taylor County,2020-05-27,12.27
Union County,2020-05-27,15.41
Volusia County,2020-05-27,9.61
Wakulla County,2020-05-27,16.93
Walton County,2020-05-27,24.08
Washington County,2020-05-27,16.85
Alachua County,2020-05-28,22.39
Baker County,2020-05-28,9.93
Bay County,2020-05-28,3.22
Bradford County,2020-05-28,18.71
Brevard County,2020-05-28,23.92
Broward County,2020-05-28,3.17
Calhoun County,2020-05-28,5.44
Charlotte County,2020-05-28,4.99
Citrus County,2020-05-28,7.65
Clay County,2020-05-28,17.07
Collier County,2020-05-28,1.42
Columbia County,2020-05-28,8.63
DeSoto County,2020-05-28,7.26
Dixie County,2020-05-28,17.22
Duval County,2020-05-28,14.3
Escambia County,2020-05-28,8.06
Flagler County,2020-05-28,19.5
Franklin County,2020-05-28,3.01
Gadsden County,2020-05-28,9.8
Gilchrist County,2020-05-28,20.31
Glades County,2020-05-28,11.52
Gulf County,2020-05-28,2.32
Hamilton County,2020-05-28,4.09
Hardee County,2020-05-28,10.89
Hendry County,2020-05-28,4.92
Hernando County,2020-05-28,5.95
Highlands County,2020-05-28,15.71
Hillsborough County,2020-05-28,4.27
Holmes County,2020-05-28,6.92
Indian River County,2020-05-28,25.1
Jackson County,2020-05-28,7.73
Jefferson County,2020-05-28,5.83
Lafayette County,2020-05-28,10.5
Lake County,2020-05-28,20.56
Lee County,2020-05-28,3.7
Leon County,2020-05-28,8.93
Levy County,2020-05-28,18.99
Liberty County,2020-05-28,5.54
Madison County,2020-05-28,4.17
Manatee County,2020-05-28,4.82
Marion County,2020-05-28,13.71
Martin County,2020-05-28,17.36
Miami-Dade County,2020-05-28,0.01
Monroe County,2020-05-28,0.0
Nassau County,2020-05-28,10.53
Okaloosa County,2020-05-28,7.03
Okeechobee County,2020-05-28,20.7
Orange County,2020-05-28,24.42
Osceola County,2020-05-28,19.09
Palm Beach County,2020-05-28,7.9
Pasco County,2020-05-28,5.33
Pinellas County,2020-05-28,1.99
Polk County,2020-05-28,13.42
Putnam County,2020-05-28,16.25
St. Johns County,2020-05-28,16.39
St. Lucie County,2020-05-28,23.63
Santa Rosa County,2020-05-28,7.75
Sarasota County,2020-05-28,3.0
Seminole County,2020-05-28,28.22
Sumter County,2020-05-28,11.3
Suwannee County,2020-05-28,7.24
Taylor County,2020-05-28,6.1
Union County,2020-05-28,15.04
Volusia County,2020-05-28,24.6
Wakulla County,2020-05-28,6.75
Walton County,2020-05-28,5.89
Washington County,2020-05-28,5.39
Alachua County,2020-05-29,28.42
Baker County,2020-05-29,12.18
Bay County,2020-05-29,0.0
Bradford County,2020-05-29,22.55
Brevard County,2020-05-29,14.42
Broward County,2020-05-29,1.63
Calhoun County,2020-05-29,0.0
Charlotte County,2020-05-29,28.84
Citrus County,2020-05-29,16.4
Clay County,2020-05-29,17.4
Collier County,2020-05-29,8.53
Columbia County,2020-05-29,10.96
DeSoto County,2020-05-29,33.49
Dixie County,2020-05-29,21.89
Duval County,2020-05-29,12.55
Escambia County,2020-05-29,0.0
Flagler County,2020-05-29,13.52
Franklin County,2020-05-29,1.02
Gadsden County,2020-05-29,2.31
Gilchrist County,2020-05-29,25.63
Glades County,2020-05-29,33.11
Gulf County,2020-05-29,0.0
Hamilton County,2020-05-29,5.13
Hardee County,2020-05-29,36.26
Hendry County,2020-05-29,14.63
Hernando County,2020-05-29,14.58
Highlands County,2020-05-29,41.61
Hillsborough County,2020-05-29,14.07
Holmes County,2020-05-29,0.01
Indian River County,2020-05-29,21.44
Jackson County,2020-05-29,0.0
Jefferson County,2020-05-29,4.27
Lafayette County,2020-05-29,12.67
Lake County,2020-05-29,23.63
Lee County,2020-05-29,22.36
Leon County,2020-05-29,3.83
Levy County,2020-05-29,27.06
Liberty County,2020-05-29,0.68
Madison County,2020-05-29,4.4
Manatee County,2020-05-29,25.0
Marion County,2020-05-29,18.07
Martin County,2020-05-29,19.67
Miami-Dade County,2020-05-29,0.07
Monroe County,2020-05-29,0.79
Nassau County,2020-05-29,8.85
Okaloosa County,2020-05-29,0.0
Okeechobee County,2020-05-29,30.23
Orange County,2020-05-29,20.85
Osceola County,2020-05-29,18.52
Palm Beach County,2020-05-29,8.78
Pasco County,2020-05-29,13.97
Pinellas County,2020-05-29,10.14
Polk County,2020-05-29,22.77
Putnam County,2020-05-29,15.74
St. Johns County,2020-05-29,12.38
St. Lucie County,2020-05-29,24.63
Santa Rosa County,2020-05-29,0.0
Sarasota County,2020-05-29,22.62
Seminole County,2020-05-29,21.31
Sumter County,2020-05-29,19.77
Suwannee County,2020-05-29,9.01
Taylor County,2020-05-29,6.38
Union County,2020-05-29,19.09
Volusia County,2020-05-29,16.88
Wakulla County,2020-05-29,3.09
Walton County,2020-05-29,0.0
Washington County,2020-05-29,0.09
Alachua County,2020-05-30,13.72
Baker County,2020-05-30,9.44
Bay County,2020-05-30,1.13
Bradford County,2020-05-30,14.74
Brevard County,2020-05-30,2.61
Broward County,2020-05-30,0.8
Calhoun County,2020-05-30,3.11
Charlotte County,2020-05-30,7.66
Citrus County,2020-05-30,3.92
Clay County,2020-05-30,12.95
Collier County,2020-05-30,8.79
Columbia County,2020-05-30,5.84
DeSoto County,2020-05-30,5.85
Dixie County,2020-05-30,5.91
Duval County,2020-05-30,11.38
Escambia County,2020-05-30,0.0
Flagler County,2020-05-30,8.83
Franklin County,2020-05-30,2.96
Gadsden County,2020-05-30,4.72
Gilchrist County,2020-05-30,7.94
Glades County,2020-05-30,7.03
Gulf County,2020-05-30,2.72
Hamilton County,2020-05-30,3.19
Hardee County,2020-05-30,5.29
Hendry County,2020-05-30,5.92
Hernando County,2020-05-30,3.01
Highlands County,2020-05-30,5.14
Hillsborough County,2020-05-30,2.48
Holmes County,2020-05-30,0.03
Indian River County,2020-05-30,0.08
Jackson County,2020-05-30,2.19
Jefferson County,2020-05-30,3.75
Lafayette County,2020-05-30,4.37
Lake County,2020-05-30,7.77
Lee County,2020-05-30,9.84
Leon County,2020-05-30,5.42
Levy County,2020-05-30,6.59
Liberty County,2020-05-30,3.95
Madison County,2020-05-30,2.65
Manatee County,2020-05-30,5.45
Marion County,2020-05-30,7.31
Martin County,2020-05-30,0.01
Miami-Dade County,2020-05-30,1.66
Monroe County,2020-05-30,4.68
Nassau County,2020-05-30,10.02
Okaloosa County,2020-05-30,0.0
Okeechobee County,2020-05-30,2.35
Orange County,2020-05-30,5.99
Osceola County,2020-05-30,2.71
Palm Beach County,2020-05-30,0.27
Pasco County,2020-05-30,2.51
Pinellas County,2020-05-30,2.06
Polk County,2020-05-30,3.51
Putnam County,2020-05-30,9.74
St. Johns County,2020-05-30,9.71
St. Lucie County,2020-05-30,0.0
Santa Rosa County,2020-05-30,0.0
Sarasota County,2020-05-30,6.47
Seminole County,2020-05-30,8.06
Sumter County,2020-05-30,5.26
Suwannee County,2020-05-30,3.81
Taylor County,2020-05-30,3.03
Union County,2020-05-30,11.17
Volusia County,2020-05-30,8.57
Wakulla County,2020-05-30,4.76
Walton County,2020-05-30,0.0
Washington County,2020-05-30,0.09
Alachua County,2020-05-31,11.16
Baker County,2020-05-31,0.39
Bay County,2020-05-31,1.3
Bradford County,2020-05-31,7.55
Brevard County,2020-05-31,6.46
Broward County,2020-05-31,0.0
Calhoun County,2020-05-31,2.85
Charlotte County,2020-05-31,13.61
Citrus County,2020-05-31,0.0
Clay County,2020-05-31,4.31
Collier County,2020-05-31,9.99
Columbia County,2020-05-31,1.43
DeSoto County,2020-05-31,12.11
Dixie County,2020-05-31,0.01
Duval County,2020-05-31,0.03
Escambia County,2020-05-31,0.0
Flagler County,2020-05-31,5.07
Franklin County,2020-05-31,3.81
Gadsden County,2020-05-31,0.84
Gilchrist County,2020-05-31,0.6
Glades County,2020-05-31,12.34
Gulf County,2020-05-31,5.29
Hamilton County,2020-05-31,0.41
Hardee County,2020-05-31,10.56
Hendry County,2020-05-31,7.14
Hernando County,2020-05-31,0.0
Highlands County,2020-05-31,12.7
Hillsborough County,2020-05-31,1.38
Holmes County,2020-05-31,0.0
Indian River County,2020-05-31,3.8
Jackson County,2020-05-31,0.0
Jefferson County,2020-05-31,0.83
Lafayette County,2020-05-31,0.87
Lake County,2020-05-31,4.47
Lee County,2020-05-31,15.98
Leon County,2020-05-31,1.91
Levy County,2020-05-31,0.12
Liberty County,2020-05-31,4.61
Madison County,2020-05-31,0.43
Manatee County,2020-05-31,6.89
Marion County,2020-05-31,3.85
Martin County,2020-05-31,0.0
Miami-Dade County,2020-05-31,0.0
Monroe County,2020-05-31,0.95
Nassau County,2020-05-31,0.0
Okaloosa County,2020-05-31,0.0
Okeechobee County,2020-05-31,5.89
Orange County,2020-05-31,5.11
Osceola County,2020-05-31,5.42
Palm Beach County,2020-05-31,0.0
Pasco County,2020-05-31,0.0
Pinellas County,2020-05-31,0.0
Polk County,2020-05-31,5.05
Putnam County,2020-05-31,5.93
St. Johns County,2020-05-31,3.77
St. Lucie County,2020-05-31,0.11
Santa Rosa County,2020-05-31,0.0
Sarasota County,2020-05-31,9.18
Seminole County,2020-05-31,6.03
Sumter County,2020-05-31,0.31
Suwannee County,2020-05-31,0.77
Taylor County,2020-05-31,0.72
Union County,2020-05-31,4.42
Volusia County,2020-05-31,5.7
Wakulla County,2020-05-31,2.98
Walton County,2020-05-31,0.0
Washington County,2020-05-31,0.0
Alachua County,2020-06-01,0.0
Baker County,2020-06-01,0.0
Bay County,2020-06-01,0.0
Bradford County,2020-06-01,0.0
Brevard County,2020-06-01,4.42
Broward County,2020-06-01,0.0
Calhoun County,2020-06-01,0.0
Charlotte County,2020-06-01,0.0
Citrus County,2020-06-01,0.0
Clay County,2020-06-01,0.0
Collier County,2020-06-01,0.02
Columbia County,2020-06-01,0.0
DeSoto County,2020-06-01,0.0
Dixie County,2020-06-01,0.0
Duval County,2020-06-01,0.0
Escambia County,2020-06-01,0.0
Flagler County,2020-06-01,2.81
Franklin County,2020-06-01,0.0
Gadsden County,2020-06-01,0.49
Gilchrist County,2020-06-01,0.0
Glades County,2020-06-01,0.0
Gulf County,2020-06-01,0.0
Hamilton County,2020-06-01,0.0
Hardee County,2020-06-01,0.0
Hendry County,2020-06-01,0.0
Hernando County,2020-06-01,0.0
Highlands County,2020-06-01,0.0
Hillsborough County,2020-06-01,0.0
Holmes County,2020-06-01,0.0
Indian River County,2020-06-01,0.0
Jackson County,2020-06-01,0.0
Jefferson County,2020-06-01,0.0
Lafayette County,2020-06-01,0.0
Lake County,2020-06-01,1.13
Lee County,2020-06-01,0.0
Leon County,2020-06-01,0.0
Levy County,2020-06-01,0.0
Liberty County,2020-06-01,0.0
Madison County,2020-06-01,0.0
Manatee County,2020-06-01,0.0
Marion County,2020-06-01,0.0
Martin County,2020-06-01,0.0
Miami-Dade County,2020-06-01,0.0
Monroe County,2020-06-01,0.0
Nassau County,2020-06-01,0.0
Okaloosa County,2020-06-01,0.0
Okeechobee County,2020-06-01,0.0
Orange County,2020-06-01,6.5
Osceola County,2020-06-01,1.78
Palm Beach County,2020-06-01,0.0
Pasco County,2020-06-01,0.0
Pinellas County,2020-06-01,0.0
Polk County,2020-06-01,0.0
Putnam County,2020-06-01,0.1
St. Johns County,2020-06-01,0.29
St. Lucie County,2020-06-01,0.0
Santa Rosa County,2020-06-01,0.0
Sarasota County,2020-06-01,0.0
Seminole County,2020-06-01,9.95
Sumter County,2020-06-01,0.0
Suwannee County,2020-06-01,0.0
Taylor County,2020-06-01,0.0
Union County,2020-06-01,0.0
Volusia County,2020-06-01,8.4
Wakulla County,2020-06-01,0.0
Walton County,2020-06-01,0.0
Washington County,2020-06-01,0.0
Alachua County,2020-06-02,0.0
Baker County,2020-06-02,0.09
Bay County,2020-06-02,4.29
Bradford County,2020-06-02,0.0
Brevard County,2020-06-02,8.31
Broward County,2020-06-02,0.0
Calhoun County,2020-06-02,2.64
Charlotte County,2020-06-02,0.0
Citrus County,2020-06-02,0.03
Clay County,2020-06-02,0.0
Collier County,2020-06-02,4.16
Columbia County,2020-06-02,0.0
DeSoto County,2020-06-02,0.0
Dixie County,2020-06-02,0.0
Duval County,2020-06-02,0.01
Escambia County,2020-06-02,0.0
Flagler County,2020-06-02,0.41
Franklin County,2020-06-02,1.36
Gadsden County,2020-06-02,0.04
Gilchrist County,2020-06-02,0.0
Glades County,2020-06-02,0.66
Gulf County,2020-06-02,3.28
Hamilton County,2020-06-02,0.0
Hardee County,2020-06-02,0.0
Hendry County,2020-06-02,0.36
Hernando County,2020-06-02,0.0
Highlands County,2020-06-02,1.28
Hillsborough County,2020-06-02,0.0
Holmes County,2020-06-02,5.76
Indian River County,2020-06-02,9.02
Jackson County,2020-06-02,1.82
Jefferson County,2020-06-02,0.0
Lafayette County,2020-06-02,0.0
Lake County,2020-06-02,0.0
Lee County,2020-06-02,0.33
Leon County,2020-06-02,0.0
Levy County,2020-06-02,0.0
Liberty County,2020-06-02,1.64
Madison County,2020-06-02,0.0
Manatee County,2020-06-02,0.0
Marion County,2020-06-02,0.0
Martin County,2020-06-02,3.05
Miami-Dade County,2020-06-02,0.0
Monroe County,2020-06-02,0.1
Nassau County,2020-06-02,0.0
Okaloosa County,2020-06-02,0.0
Okeechobee County,2020-06-02,5.46
Orange County,2020-06-02,1.59
Osceola County,2020-06-02,4.19
Palm Beach County,2020-06-02,0.0
Pasco County,2020-06-02,0.0
Pinellas County,2020-06-02,0.0
Polk County,2020-06-02,0.23
Putnam County,2020-06-02,0.01
St. Johns County,2020-06-02,0.09
St. Lucie County,2020-06-02,5.73
Santa Rosa County,2020-06-02,0.0
Sarasota County,2020-06-02,0.0
Seminole County,2020-06-02,1.25
Sumter County,2020-06-02,0.0
Suwannee County,2020-06-02,0.0
Taylor County,2020-06-02,0.0
Union County,2020-06-02,0.0
Volusia County,2020-06-02,1.34
Wakulla County,2020-06-02,0.01
Walton County,2020-06-02,5.03
Washington County,2020-06-02,4.5
Alachua County,2020-06-03,0.0
Baker County,2020-06-03,0.0
Bay County,2020-06-03,2.35
Bradford County,2020-06-03,0.0
Brevard County,2020-06-03,18.06
Broward County,2020-06-03,30.55
Calhoun County,2020-06-03,0.61
Charlotte County,2020-06-03,12.27
Citrus County,2020-06-03,0.0
Clay County,2020-06-03,0.0
Collier County,2020-06-03,41.04
Columbia County,2020-06-03,0.0
DeSoto County,2020-06-03,5.96
Dixie County,2020-06-03,0.0
Duval County,2020-06-03,0.0
Escambia County,2020-06-03,2.24
Flagler County,2020-06-03,0.0
Franklin County,2020-06-03,0.0
Gadsden County,2020-06-03,0.0
Gilchrist County,2020-06-03,0.0
Glades County,2020-06-03,20.85
Gulf County,2020-06-03,0.0
Hamilton County,2020-06-03,0.0
Hardee County,2020-06-03,2.04
Hendry County,2020-06-03,25.92
Hernando County,2020-06-03,0.0
Highlands County,2020-06-03,13.63
Hillsborough County,2020-06-03,0.0
Holmes County,2020-06-03,3.88
Indian River County,2020-06-03,45.94
Jackson County,2020-06-03,1.05
Jefferson County,2020-06-03,0.0
Lafayette County,2020-06-03,0.0
Lake County,2020-06-03,0.0
Lee County,2020-06-03,24.44
Leon County,2020-06-03,0.0
Levy County,2020-06-03,0.0
Liberty County,2020-06-03,0.0
Madison County,2020-06-03,0.0
Manatee County,2020-06-03,0.0
Marion County,2020-06-03,0.0
Martin County,2020-06-03,65.23
Miami-Dade County,2020-06-03,19.77
Monroe County,2020-06-03,19.51
Nassau County,2020-06-03,0.0
Okaloosa County,2020-06-03,2.38
Okeechobee County,2020-06-03,37.79
Orange County,2020-06-03,1.2
Osceola County,2020-06-03,11.56
Palm Beach County,2020-06-03,41.16
Pasco County,2020-06-03,0.0
Pinellas County,2020-06-03,0.0
Polk County,2020-06-03,1.96
Putnam County,2020-06-03,0.0
St. Johns County,2020-06-03,0.0
St. Lucie County,2020-06-03,68.34
Santa Rosa County,2020-06-03,1.13
Sarasota County,2020-06-03,0.56
Seminole County,2020-06-03,0.0
Sumter County,2020-06-03,0.0
Suwannee County,2020-06-03,0.0
Taylor County,2020-06-03,0.0
Union County,2020-06-03,0.0
Volusia County,2020-06-03,0.0
Wakulla County,2020-06-03,0.0
Walton County,2020-06-03,3.97
Washington County,2020-06-03,2.78
Alachua County,2020-06-04,5.53
Baker County,2020-06-04,2.83
Bay County,2020-06-04,3.28
Bradford County,2020-06-04,4.19
Brevard County,2020-06-04,18.76
Broward County,2020-06-04,46.23
Calhoun County,2020-06-04,2.45
Charlotte County,2020-06-04,31.15
Citrus County,2020-06-04,11.7
Clay County,2020-06-04,4.09
Collier County,2020-06-04,45.43
Columbia County,2020-06-04,2.22
DeSoto County,2020-06-04,25.64
Dixie County,2020-06-04,3.52
Duval County,2020-06-04,3.37
Escambia County,2020-06-04,2.76
Flagler County,2020-06-04,4.65
Franklin County,2020-06-04,3.09
Gadsden County,2020-06-04,1.65
Gilchrist County,2020-06-04,3.65
Glades County,2020-06-04,31.32
Gulf County,2020-06-04,3.63
Hamilton County,2020-06-04,0.06
Hardee County,2020-06-04,23.57
Hendry County,2020-06-04,31.93
Hernando County,2020-06-04,14.92
Highlands County,2020-06-04,29.36
Hillsborough County,2020-06-04,20.53
Holmes County,2020-06-04,2.46
Indian River County,2020-06-04,42.5
Jackson County,2020-06-04,1.49
Jefferson County,2020-06-04,0.95
Lafayette County,2020-06-04,1.75
Lake County,2020-06-04,11.78
Lee County,2020-06-04,35.88
Leon County,2020-06-04,1.68
Levy County,2020-06-04,7.37
Liberty County,2020-06-04,2.74
Madison County,2020-06-04,0.09
Manatee County,2020-06-04,29.13
Marion County,2020-06-04,12.73
Martin County,2020-06-04,60.78
Miami-Dade County,2020-06-04,48.77
Monroe County,2020-06-04,44.15
Nassau County,2020-06-04,2.16
Okaloosa County,2020-06-04,3.43
Okeechobee County,2020-06-04,43.86
Orange County,2020-06-04,13.67
Osceola County,2020-06-04,22.62
Palm Beach County,2020-06-04,44.42
Pasco County,2020-06-04,17.39
Pinellas County,2020-06-04,16.76
Polk County,2020-06-04,22.6
Putnam County,2020-06-04,4.95
St. Johns County,2020-06-04,4.01
St. Lucie County,2020-06-04,62.91
Santa Rosa County,2020-06-04,2.72
Sarasota County,2020-06-04,31.09
Seminole County,2020-06-04,9.18
Sumter County,2020-06-04,14.09
Suwannee County,2020-06-04,0.94
Taylor County,2020-06-04,2.01
Union County,2020-06-04,3.54
Volusia County,2020-06-04,6.39
Wakulla County,2020-06-04,2.55
Walton County,2020-06-04,3.82
Washington County,2020-06-04,2.4
Alachua County,2020-06-05,7.52
Baker County,2020-06-05,3.15
Bay County,2020-06-05,0.0
Bradford County,2020-06-05,6.18
Brevard County,2020-06-05,34.99
Broward County,2020-06-05,18.07
Calhoun County,2020-06-05,0.0
Charlotte County,2020-06-05,30.67
Citrus County,2020-06-05,13.18
Clay County,2020-06-05,9.09
Collier County,2020-06-05,31.77
Columbia County,2020-06-05,1.87
DeSoto County,2020-06-05,28.13
Dixie County,2020-06-05,1.62
Duval County,2020-06-05,10.85
Escambia County,2020-06-05,2.14
Flagler County,2020-06-05,17.77
Franklin County,2020-06-05,0.0
Gadsden County,2020-06-05,0.0
Gilchrist County,2020-06-05,2.32
Glades County,2020-06-05,31.38
Gulf County,2020-06-05,0.0
Hamilton County,2020-06-05,0.47
Hardee County,2020-06-05,28.28
Hendry County,2020-06-05,25.26
Hernando County,2020-06-05,17.66
Highlands County,2020-06-05,37.93
Hillsborough County,2020-06-05,19.82
Holmes County,2020-06-05,0.0
Indian River County,2020-06-05,32.45
Jackson County,2020-06-05,0.0
Jefferson County,2020-06-05,0.29
Lafayette County,2020-06-05,1.16
Lake County,2020-06-05,30.83
Lee County,2020-06-05,33.54
Leon County,2020-06-05,0.0
Levy County,2020-06-05,5.39
Liberty County,2020-06-05,0.0
Madison County,2020-06-05,0.41
Manatee County,2020-06-05,23.41
Marion County,2020-06-05,23.93
Martin County,2020-06-05,26.7
Miami-Dade County,2020-06-05,13.8
Monroe County,2020-06-05,14.25
Nassau County,2020-06-05,8.46
Okaloosa County,2020-06-05,0.0
Okeechobee County,2020-06-05,36.82
Orange County,2020-06-05,43.74
Osceola County,2020-06-05,43.79
Palm Beach County,2020-06-05,19.81
Pasco County,2020-06-05,19.99
Pinellas County,2020-06-05,12.79
Polk County,2020-06-05,36.5
Putnam County,2020-06-05,13.1
St. Johns County,2020-06-05,13.38
St. Lucie County,2020-06-05,29.02
Santa Rosa County,2020-06-05,0.81
Sarasota County,2020-06-05,24.7
Seminole County,2020-06-05,37.73
Sumter County,2020-06-05,23.57
Suwannee County,2020-06-05,1.34
Taylor County,2020-06-05,0.89
Union County,2020-06-05,3.78
Volusia County,2020-06-05,28.77
Wakulla County,2020-06-05,0.0
Walton County,2020-06-05,0.0
Washington County,2020-06-05,0.0
Alachua County,2020-06-06,3.78
Baker County,2020-06-06,0.43
Bay County,2020-06-06,0.0
Bradford County,2020-06-06,1.43
Brevard County,2020-06-06,30.0
Broward County,2020-06-06,9.8
Calhoun County,2020-06-06,0.0
Charlotte County,2020-06-06,34.02
Citrus County,2020-06-06,23.81
Clay County,2020-06-06,1.13
Collier County,2020-06-06,17.13
Columbia County,2020-06-06,0.89
DeSoto County,2020-06-06,35.36
Dixie County,2020-06-06,3.35
Duval County,2020-06-06,0.04
Escambia County,2020-06-06,1.09
Flagler County,2020-06-06,3.56
Franklin County,2020-06-06,0.0
Gadsden County,2020-06-06,0.0
Gilchrist County,2020-06-06,3.13
Glades County,2020-06-06,30.61
Gulf County,2020-06-06,0.0
Hamilton County,2020-06-06,0.03
Hardee County,2020-06-06,37.58
Hendry County,2020-06-06,19.15
Hernando County,2020-06-06,28.45
Highlands County,2020-06-06,41.79
Hillsborough County,2020-06-06,28.93
Holmes County,2020-06-06,0.0
Indian River County,2020-06-06,46.23
Jackson County,2020-06-06,0.01
Jefferson County,2020-06-06,0.0
Lafayette County,2020-06-06,1.66
Lake County,2020-06-06,20.99
Lee County,2020-06-06,28.48
Leon County,2020-06-06,0.0
Levy County,2020-06-06,9.44
Liberty County,2020-06-06,0.0
Madison County,2020-06-06,0.09
Manatee County,2020-06-06,36.07
Marion County,2020-06-06,17.46
Martin County,2020-06-06,45.66
Miami-Dade County,2020-06-06,4.05
Monroe County,2020-06-06,6.28
Nassau County,2020-06-06,0.0
Okaloosa County,2020-06-06,0.0
Okeechobee County,2020-06-06,48.56
Orange County,2020-06-06,29.33
Osceola County,2020-06-06,42.44
Palm Beach County,2020-06-06,22.39
Pasco County,2020-06-06,28.67
Pinellas County,2020-06-06,18.43
Polk County,2020-06-06,42.82
Putnam County,2020-06-06,2.96
St. Johns County,2020-06-06,1.57
St. Lucie County,2020-06-06,52.6
Santa Rosa County,2020-06-06,0.0
Sarasota County,2020-06-06,36.6
Seminole County,2020-06-06,18.25
Sumter County,2020-06-06,28.89
Suwannee County,2020-06-06,1.19
Taylor County,2020-06-06,1.0
Union County,2020-06-06,1.31
Volusia County,2020-06-06,9.34
Wakulla County,2020-06-06,0.0
Walton County,2020-06-06,0.0
Washington County,2020-06-06,0.0
Alachua County,2020-06-07,52.09
Baker County,2020-06-07,66.89
Bay County,2020-06-07,44.16
Bradford County,2020-06-07,60.48
Brevard County,2020-06-07,12.92
Broward County,2020-06-07,0.51
Calhoun County,2020-06-07,34.83
Charlotte County,2020-06-07,27.48
Citrus County,2020-06-07,48.84
Clay County,2020-06-07,63.09
Collier County,2020-06-07,8.74
Columbia County,2020-06-07,64.01
DeSoto County,2020-06-07,24.12
Dixie County,2020-06-07,44.38
Duval County,2020-06-07,69.79
Escambia County,2020-06-07,24.22
Flagler County,2020-06-07,49.71
Franklin County,2020-06-07,48.52
Gadsden County,2020-06-07,37.2
Gilchrist County,2020-06-07,42.85
Glades County,2020-06-07,8.63
Gulf County,2020-06-07,48.77
Hamilton County,2020-06-07,73.54
Hardee County,2020-06-07,29.38
Hendry County,2020-06-07,6.08
Hernando County,2020-06-07,68.68
Highlands County,2020-06-07,12.17
Hillsborough County,2020-06-07,73.1
Holmes County,2020-06-07,29.26
Indian River County,2020-06-07,2.19
Jackson County,2020-06-07,20.39
Jefferson County,2020-06-07,47.69
Lafayette County,2020-06-07,53.78
Lake County,2020-06-07,50.84
Lee County,2020-06-07,21.84
Leon County,2020-06-07,49.25
Levy County,2020-06-07,44.74
Liberty County,2020-06-07,45.02
Madison County,2020-06-07,59.27
Manatee County,2020-06-07,66.05
Marion County,2020-06-07,70.56
Martin County,2020-06-07,1.4
Miami-Dade County,2020-06-07,0.14
Monroe County,2020-06-07,1.19
Nassau County,2020-06-07,63.33
Okaloosa County,2020-06-07,53.95
Okeechobee County,2020-06-07,4.72
Orange County,2020-06-07,39.93
Osceola County,2020-06-07,18.76
Palm Beach County,2020-06-07,0.74
Pasco County,2020-06-07,86.52
Pinellas County,2020-06-07,88.91
Polk County,2020-06-07,39.69
Putnam County,2020-06-07,51.63
St. Johns County,2020-06-07,60.34
St. Lucie County,2020-06-07,1.71
Santa Rosa County,2020-06-07,35.02
Sarasota County,2020-06-07,56.35
Seminole County,2020-06-07,41.53
Sumter County,2020-06-07,51.55
Suwannee County,2020-06-07,63.35
Taylor County,2020-06-07,57.39
Union County,2020-06-07,60.53
Volusia County,2020-06-07,44.77
Wakulla County,2020-06-07,58.1
Walton County,2020-06-07,55.36
Washington County,2020-06-07,31.21
Alachua County,2020-06-08,71.49
Baker County,2020-06-08,100.07
Bay County,2020-06-08,22.3
Bradford County,2020-06-08,80.76
Brevard County,2020-06-08,0.75
Broward County,2020-06-08,0.0
Calhoun County,2020-06-08,17.1
Charlotte County,2020-06-08,0.0
Citrus County,2020-06-08,19.68
Clay County,2020-06-08,61.8
Collier County,2020-06-08,0.03
Columbia County,2020-06-08,112.88
DeSoto County,2020-06-08,0.03
Dixie County,2020-06-08,57.82
Duval County,2020-06-08,63.61
Escambia County,2020-06-08,85.14
Flagler County,2020-06-08,17.95
Franklin County,2020-06-08,28.22
Gadsden County,2020-06-08,42.73
Gilchrist County,2020-06-08,65.86
Glades County,2020-06-08,0.01
Gulf County,2020-06-08,16.72
Hamilton County,2020-06-08,129.55
Hardee County,2020-06-08,0.34
Hendry County,2020-06-08,0.03
Hernando County,2020-06-08,12.3
Highlands County,2020-06-08,0.0
Hillsborough County,2020-06-08,3.64
Holmes County,2020-06-08,27.38
Indian River County,2020-06-08,0.0
Jackson County,2020-06-08,14.74
Jefferson County,2020-06-08,73.92
Lafayette County,2020-06-08,95.95
Lake County,2020-06-08,17.58
Lee County,2020-06-08,0.0
Leon County,2020-06-08,62.33
Levy County,2020-06-08,41.67
Liberty County,2020-06-08,28.12
Madison County,2020-06-08,104.92
Manatee County,2020-06-08,1.78
Marion County,2020-06-08,50.07
Martin County,2020-06-08,4.59
Miami-Dade County,2020-06-08,0.0
Monroe County,2020-06-08,0.0
Nassau County,2020-06-08,70.99
Okaloosa County,2020-06-08,58.92
Okeechobee County,2020-06-08,0.0
Orange County,2020-06-08,8.53
Osceola County,2020-06-08,1.57
Palm Beach County,2020-06-08,2.01
Pasco County,2020-06-08,8.57
Pinellas County,2020-06-08,5.23
Polk County,2020-06-08,2.87
Putnam County,2020-06-08,38.39
St. Johns County,2020-06-08,33.89
St. Lucie County,2020-06-08,2.12
Santa Rosa County,2020-06-08,63.67
Sarasota County,2020-06-08,1.19
Seminole County,2020-06-08,10.52
Sumter County,2020-06-08,16.27
Suwannee County,2020-06-08,117.74
Taylor County,2020-06-08,88.61
Union County,2020-06-08,95.64
Volusia County,2020-06-08,14.84
Wakulla County,2020-06-08,60.47
Walton County,2020-06-08,48.2
Washington County,2020-06-08,21.37
Alachua County,2020-06-09,9.21
Baker County,2020-06-09,6.36
Bay County,2020-06-09,0.0
Bradford County,2020-06-09,9.43
Brevard County,2020-06-09,5.11
Broward County,2020-06-09,0.4
Calhoun County,2020-06-09,0.0
Charlotte County,2020-06-09,0.0
Citrus County,2020-06-09,7.66
Clay County,2020-06-09,14.38
Collier County,2020-06-09,0.0
Columbia County,2020-06-09,4.02
DeSoto County,2020-06-09,0.0
Dixie County,2020-06-09,3.24
Duval County,2020-06-09,20.82
Escambia County,2020-06-09,9.55
Flagler County,2020-06-09,15.65
Franklin County,2020-06-09,0.0
Gadsden County,2020-06-09,0.05
Gilchrist County,2020-06-09,4.61
Glades County,2020-06-09,0.0
Gulf County,2020-06-09,0.0
Hamilton County,2020-06-09,2.98
Hardee County,2020-06-09,0.0
Hendry County,2020-06-09,0.0
Hernando County,2020-06-09,5.7
Highlands County,2020-06-09,0.04
Hillsborough County,2020-06-09,1.88
Holmes County,2020-06-09,0.13
Indian River County,2020-06-09,4.52
Jackson County,2020-06-09,0.0
Jefferson County,2020-06-09,1.23
Lafayette County,2020-06-09,2.78
Lake County,2020-06-09,14.8
Lee County,2020-06-09,0.0
Leon County,2020-06-09,0.59
Levy County,2020-06-09,7.14
Liberty County,2020-06-09,0.0
Madison County,2020-06-09,2.11
Manatee County,2020-06-09,0.24
Marion County,2020-06-09,19.68
Martin County,2020-06-09,3.64
Miami-Dade County,2020-06-09,0.46
Monroe County,2020-06-09,0.26
Nassau County,2020-06-09,17.17
Okaloosa County,2020-06-09,4.45
Okeechobee County,2020-06-09,2.05
Orange County,2020-06-09,10.92
Osceola County,2020-06-09,5.16
Palm Beach County,2020-06-09,1.19
Pasco County,2020-06-09,3.92
Pinellas County,2020-06-09,1.15
Polk County,2020-06-09,3.18
Putnam County,2020-06-09,14.34
St. Johns County,2020-06-09,18.55
St. Lucie County,2020-06-09,5.47
Santa Rosa County,2020-06-09,6.79
Sarasota County,2020-06-09,0.0
Seminole County,2020-06-09,12.89
Sumter County,2020-06-09,10.74
Suwannee County,2020-06-09,3.07
Taylor County,2020-06-09,1.88
Union County,2020-06-09,6.42
Volusia County,2020-06-09,15.3
Wakulla County,2020-06-09,0.32
Walton County,2020-06-09,2.08
Washington County,2020-06-09,0.0
Alachua County,2020-06-10,3.21
Baker County,2020-06-10,7.98
Bay County,2020-06-10,15.33
Bradford County,2020-06-10,4.67
Brevard County,2020-06-10,2.2
Broward County,2020-06-10,0.0
Calhoun County,2020-06-10,16.04
Charlotte County,2020-06-10,0.0
Citrus County,2020-06-10,0.87
Clay County,2020-06-10,4.82
Collier County,2020-06-10,0.08
Columbia County,2020-06-10,8.15
DeSoto County,2020-06-10,0.12
Dixie County,2020-06-10,3.67
Duval County,2020-06-10,7.77
Escambia County,2020-06-10,6.98
Flagler County,2020-06-10,2.3
Franklin County,2020-06-10,10.08
Gadsden County,2020-06-10,19.64
Gilchrist County,2020-06-10,3.37
Glades County,2020-06-10,0.06
Gulf County,2020-06-10,11.23
Hamilton County,2020-06-10,13.53
Hardee County,2020-06-10,0.73
Hendry County,2020-06-10,0.05
Hernando County,2020-06-10,0.42
Highlands County,2020-06-10,0.54
Hillsborough County,2020-06-10,0.23
Holmes County,2020-06-10,25.1
Indian River County,2020-06-10,1.68
Jackson County,2020-06-10,18.2
Jefferson County,2020-06-10,12.54
Lafayette County,2020-06-10,7.44
Lake County,2020-06-10,1.92
Lee County,2020-06-10,0.0
Leon County,2020-06-10,16.7
Levy County,2020-06-10,1.73
Liberty County,2020-06-10,15.6
Madison County,2020-06-10,13.58
Manatee County,2020-06-10,0.0
Marion County,2020-06-10,2.75
Martin County,2020-06-10,0.0
Miami-Dade County,2020-06-10,0.0
Monroe County,2020-06-10,0.0
Nassau County,2020-06-10,10.59
Okaloosa County,2020-06-10,17.15
Okeechobee County,2020-06-10,0.77
Orange County,2020-06-10,2.88
Osceola County,2020-06-10,2.84
Palm Beach County,2020-06-10,0.0
Pasco County,2020-06-10,0.48
Pinellas County,2020-06-10,0.0
Polk County,2020-06-10,2.1
Putnam County,2020-06-10,2.68
St. Johns County,2020-06-10,4.21
St. Lucie County,2020-06-10,0.14
Santa Rosa County,2020-06-10,10.48
Sarasota County,2020-06-10,0.0
Seminole County,2020-06-10,2.26
Sumter County,2020-06-10,1.63
Suwannee County,2020-06-10,9.5
Taylor County,2020-06-10,9.7
Union County,2020-06-10,5.56
Volusia County,2020-06-10,1.98
Wakulla County,2020-06-10,15.37
Walton County,2020-06-10,23.58
Washington County,2020-06-10,18.27
Alachua County,2020-06-11,2.4
Baker County,2020-06-11,2.29
Bay County,2020-06-11,0.0
Bradford County,2020-06-11,2.75
Brevard County,2020-06-11,2.92
Broward County,2020-06-11,4.38
Calhoun County,2020-06-11,0.0
Charlotte County,2020-06-11,18.99
Citrus County,2020-06-11,3.07
Clay County,2020-06-11,2.95
Collier County,2020-06-11,5.12
Columbia County,2020-06-11,1.23
DeSoto County,2020-06-11,23.8
Dixie County,2020-06-11,0.55
Duval County,2020-06-11,2.64
Escambia County,2020-06-11,2.47
Flagler County,2020-06-11,3.55
Franklin County,2020-06-11,0.0
Gadsden County,2020-06-11,0.0
Gilchrist County,2020-06-11,0.94
Glades County,2020-06-11,13.28
Gulf County,2020-06-11,0.0
Hamilton County,2020-06-11,0.12
Hardee County,2020-06-11,21.47
Hendry County,2020-06-11,7.77
Hernando County,2020-06-11,4.49
Highlands County,2020-06-11,19.16
Hillsborough County,2020-06-11,8.62
Holmes County,2020-06-11,0.0
Indian River County,2020-06-11,5.59
Jackson County,2020-06-11,0.0
Jefferson County,2020-06-11,0.56
Lafayette County,2020-06-11,0.09
Lake County,2020-06-11,8.23
Lee County,2020-06-11,11.9
Leon County,2020-06-11,0.36
Levy County,2020-06-11,1.48
Liberty County,2020-06-11,0.0
Madison County,2020-06-11,0.0
Manatee County,2020-06-11,15.26
Marion County,2020-06-11,5.59
Martin County,2020-06-11,7.16
Miami-Dade County,2020-06-11,2.97
Monroe County,2020-06-11,2.11
Nassau County,2020-06-11,1.94
Okaloosa County,2020-06-11,0.76
Okeechobee County,2020-06-11,11.34
Orange County,2020-06-11,11.59
Osceola County,2020-06-11,13.6
Palm Beach County,2020-06-11,5.89
Pasco County,2020-06-11,5.95
Pinellas County,2020-06-11,3.66
Polk County,2020-06-11,18.21
Putnam County,2020-06-11,3.29
St. Johns County,2020-06-11,2.78
St. Lucie County,2020-06-11,6.22
Santa Rosa County,2020-06-11,2.2
Sarasota County,2020-06-11,16.58
Seminole County,2020-06-11,8.0
Sumter County,2020-06-11,6.19
Suwannee County,2020-06-11,0.17
Taylor County,2020-06-11,0.0
Union County,2020-06-11,2.15
Volusia County,2020-06-11,5.35
Wakulla County,2020-06-11,0.09
Walton County,2020-06-11,0.0
Washington County,2020-06-11,0.0
Alachua County,2020-06-12,2.26
Baker County,2020-06-12,2.87
Bay County,2020-06-12,1.08
Bradford County,2020-06-12,2.75
Brevard County,2020-06-12,0.48
Broward County,2020-06-12,5.31
Calhoun County,2020-06-12,1.72
Charlotte County,2020-06-12,4.05
Citrus County,2020-06-12,0.0
Clay County,2020-06-12,2.54
Collier County,2020-06-12,11.65
Columbia County,2020-06-12,2.58
DeSoto County,2020-06-12,2.01
Dixie County,2020-06-12,0.0
Duval County,2020-06-12,3.44
Escambia County,2020-06-12,0.0
Flagler County,2020-06-12,0.0
Franklin County,2020-06-12,2.65
Gadsden County,2020-06-12,0.64
Gilchrist County,2020-06-12,0.78
Glades County,2020-06-12,2.11
Gulf County,2020-06-12,3.12
Hamilton County,2020-06-12,2.53
Hardee County,2020-06-12,1.92
Hendry County,2020-06-12,4.04
Hernando County,2020-06-12,0.44
Highlands County,2020-06-12,1.52
Hillsborough County,2020-06-12,3.3
Holmes County,2020-06-12,0.0
Indian River County,2020-06-12,0.0
Jackson County,2020-06-12,0.0
Jefferson County,2020-06-12,0.76
Lafayette County,2020-06-12,0.17
Lake County,2020-06-12,0.0
Lee County,2020-06-12,7.27
Leon County,2020-06-12,1.6
Levy County,2020-06-12,0.03
Liberty County,2020-06-12,2.55
Madison County,2020-06-12,0.69
Manatee County,2020-06-12,4.4
Marion County,2020-06-12,0.12
Martin County,2020-06-12,0.0
Miami-Dade County,2020-06-12,9.96
Monroe County,2020-06-12,11.73
Nassau County,2020-06-12,3.08
Okaloosa County,2020-06-12,0.0
Okeechobee County,2020-06-12,0.0
Orange County,2020-06-12,0.12
Osceola County,2020-06-12,0.0
Palm Beach County,2020-06-12,0.95
Pasco County,2020-06-12,2.13
Pinellas County,2020-06-12,3.65
Polk County,2020-06-12,1.04
Putnam County,2020-06-12,0.5
St. Johns County,2020-06-12,0.64
St. Lucie County,2020-06-12,0.0
Santa Rosa County,2020-06-12,0.0
Sarasota County,2020-06-12,4.9
Seminole County,2020-06-12,0.0
Sumter County,2020-06-12,0.0
Suwannee County,2020-06-12,1.58
Taylor County,2020-06-12,0.01
Union County,2020-06-12,2.72
Volusia County,2020-06-12,0.02
Wakulla County,2020-06-12,2.53
Walton County,2020-06-12,0.0
Washington County,2020-06-12,0.07
Alachua County,2020-06-13,47.45
Baker County,2020-06-13,56.72
Bay County,2020-06-13,0.0
Bradford County,2020-06-13,51.87
Brevard County,2020-06-13,0.0
Broward County,2020-06-13,0.01
Calhoun County,2020-06-13,0.0
Charlotte County,2020-06-13,0.97
Citrus County,2020-06-13,5.31
Clay County,2020-06-13,28.84
Collier County,2020-06-13,0.88
Columbia County,2020-06-13,64.28
DeSoto County,2020-06-13,0.79
Dixie County,2020-06-13,17.48
Duval County,2020-06-13,25.38
Escambia County,2020-06-13,0.0
Flagler County,2020-06-13,0.0
Franklin County,2020-06-13,1.99
Gadsden County,2020-06-13,3.96
Gilchrist County,2020-06-13,31.48
Glades County,2020-06-13,0.0
Gulf County,2020-06-13,0.0
Hamilton County,2020-06-13,56.15
Hardee County,2020-06-13,0.09
Hendry County,2020-06-13,0.09
Hernando County,2020-06-13,1.63
Highlands County,2020-06-13,0.0
Hillsborough County,2020-06-13,0.09
Holmes County,2020-06-13,0.0
Indian River County,2020-06-13,0.0
Jackson County,2020-06-13,0.0
Jefferson County,2020-06-13,15.51
Lafayette County,2020-06-13,29.06
Lake County,2020-06-13,0.0
Lee County,2020-06-13,1.03
Leon County,2020-06-13,9.86
Levy County,2020-06-13,17.74
Liberty County,2020-06-13,1.22
Madison County,2020-06-13,30.49
Manatee County,2020-06-13,0.64
Marion County,2020-06-13,16.29
Martin County,2020-06-13,0.0
Miami-Dade County,2020-06-13,0.49
Monroe County,2020-06-13,0.75
Nassau County,2020-06-13,33.91
Okaloosa County,2020-06-13,0.0
Okeechobee County,2020-06-13,0.0
Orange County,2020-06-13,0.0
Osceola County,2020-06-13,0.0
Palm Beach County,2020-06-13,0.01
Pasco County,2020-06-13,0.46
Pinellas County,2020-06-13,0.31
Polk County,2020-06-13,0.0
Putnam County,2020-06-13,10.9
St. Johns County,2020-06-13,5.9
St. Lucie County,2020-06-13,0.0
Santa Rosa County,2020-06-13,0.0
Sarasota County,2020-06-13,1.09
Seminole County,2020-06-13,0.0
Sumter County,2020-06-13,1.98
Suwannee County,2020-06-13,46.53
Taylor County,2020-06-13,19.95
Union County,2020-06-13,62.99
Volusia County,2020-06-13,0.0
Wakulla County,2020-06-13,8.43
Walton County,2020-06-13,0.0
Washington County,2020-06-13,0.0
Alachua County,2020-06-14,0.0
Baker County,2020-06-14,0.0
Bay County,2020-06-14,0.0
Bradford County,2020-06-14,0.0
Brevard County,2020-06-14,0.62
Broward County,2020-06-14,0.64
Calhoun County,2020-06-14,0.0
Charlotte County,2020-06-14,12.99
Citrus County,2020-06-14,6.28
Clay County,2020-06-14,0.0
Collier County,2020-06-14,9.92
Columbia County,2020-06-14,0.0
DeSoto County,2020-06-14,6.79
Dixie County,2020-06-14,0.0
Duval County,2020-06-14,0.0
Escambia County,2020-06-14,0.0
Flagler County,2020-06-14,2.17
Franklin County,2020-06-14,0.0
Gadsden County,2020-06-14,0.0
Gilchrist County,2020-06-14,0.0
Glades County,2020-06-14,2.2
Gulf County,2020-06-14,0.0
Hamilton County,2020-06-14,0.0
Hardee County,2020-06-14,4.65
Hendry County,2020-06-14,3.21
Hernando County,2020-06-14,11.62
Highlands County,2020-06-14,0.8
Hillsborough County,2020-06-14,13.87
Holmes County,2020-06-14,0.0
Indian River County,2020-06-14,0.46
Jackson County,2020-06-14,0.0
Jefferson County,2020-06-14,0.0
Lafayette County,2020-06-14,0.02
Lake County,2020-06-14,5.17
Lee County,2020-06-14,14.22
Leon County,2020-06-14,0.0
Levy County,2020-06-14,0.04
Liberty County,2020-06-14,0.0
Madison County,2020-06-14,0.0
Manatee County,2020-06-14,23.21
Marion County,2020-06-14,2.76
Martin County,2020-06-14,0.03
Miami-Dade County,2020-06-14,2.09
Monroe County,2020-06-14,4.36
Nassau County,2020-06-14,0.0
Okaloosa County,2020-06-14,0.0
Okeechobee County,2020-06-14,0.36
Orange County,2020-06-14,1.1
Osceola County,2020-06-14,0.26
Palm Beach County,2020-06-14,0.04
Pasco County,2020-06-14,15.23
Pinellas County,2020-06-14,26.52
Polk County,2020-06-14,2.89
Putnam County,2020-06-14,0.56
St. Johns County,2020-06-14,0.65
St. Lucie County,2020-06-14,0.01
Santa Rosa County,2020-06-14,0.0
Sarasota County,2020-06-14,28.3
Seminole County,2020-06-14,1.32
Sumter County,2020-06-14,6.89
Suwannee County,2020-06-14,0.01
Taylor County,2020-06-14,0.0
Union County,2020-06-14,0.0
Volusia County,2020-06-14,2.19
Wakulla County,2020-06-14,0.0
Walton County,2020-06-14,0.0
Washington County,2020-06-14,0.0
Alachua County,2020-06-15,0.0
Baker County,2020-06-15,0.0
Bay County,2020-06-15,0.0
Bradford County,2020-06-15,0.0
Brevard County,2020-06-15,1.08
Broward County,2020-06-15,9.02
Calhoun County,2020-06-15,0.0
Charlotte County,2020-06-15,6.04
Citrus County,2020-06-15,0.0
Clay County,2020-06-15,0.65
Collier County,2020-06-15,12.35
Columbia County,2020-06-15,0.0
DeSoto County,2020-06-15,4.25
Dixie County,2020-06-15,0.0
Duval County,2020-06-15,0.83
Escambia County,2020-06-15,0.0
Flagler County,2020-06-15,3.0
Franklin County,2020-06-15,0.0
Gadsden County,2020-06-15,0.0
Gilchrist County,2020-06-15,0.0
Glades County,2020-06-15,4.15
Gulf County,2020-06-15,0.0
Hamilton County,2020-06-15,0.0
Hardee County,2020-06-15,2.65
Hendry County,2020-06-15,7.18
Hernando County,2020-06-15,0.0
Highlands County,2020-06-15,3.37
Hillsborough County,2020-06-15,0.0
Holmes County,2020-06-15,0.0
Indian River County,2020-06-15,0.0
Jackson County,2020-06-15,0.0
Jefferson County,2020-06-15,0.0
Lafayette County,2020-06-15,0.0
Lake County,2020-06-15,1.68
Lee County,2020-06-15,8.37
Leon County,2020-06-15,0.0
Levy County,2020-06-15,0.0
Liberty County,2020-06-15,0.0
Madison County,2020-06-15,0.0
Manatee County,2020-06-15,1.02
Marion County,2020-06-15,1.0
Martin County,2020-06-15,1.55
Miami-Dade County,2020-06-15,8.04
Monroe County,2020-06-15,7.42
Nassau County,2020-06-15,0.12
Okaloosa County,2020-06-15,0.0
Okeechobee County,2020-06-15,1.77
Orange County,2020-06-15,2.29
Osceola County,2020-06-15,0.18
Palm Beach County,2020-06-15,5.94
Pasco County,2020-06-15,0.0
Pinellas County,2020-06-15,0.0
Polk County,2020-06-15,0.4
Putnam County,2020-06-15,1.53
St. Johns County,2020-06-15,2.16
St. Lucie County,2020-06-15,0.13
Santa Rosa County,2020-06-15,0.0
Sarasota County,2020-06-15,4.38
Seminole County,2020-06-15,3.62
Sumter County,2020-06-15,0.0
Suwannee County,2020-06-15,0.0
Taylor County,2020-06-15,0.0
Union County,2020-06-15,0.0
Volusia County,2020-06-15,3.33
Wakulla County,2020-06-15,0.0
Walton County,2020-06-15,0.0
Washington County,2020-06-15,0.0
Alachua County,2020-06-16,0.0
Baker County,2020-06-16,0.0
Bay County,2020-06-16,0.0
Bradford County,2020-06-16,0.0
Brevard County,2020-06-16,0.0
Broward County,2020-06-16,10.77
Calhoun County,2020-06-16,0.0
Charlotte County,2020-06-16,0.87
Citrus County,2020-06-16,0.0
Clay County,2020-06-16,0.0
Collier County,2020-06-16,10.4
Columbia County,2020-06-16,0.0
DeSoto County,2020-06-16,0.03
Dixie County,2020-06-16,0.0
Duval County,2020-06-16,0.0
Escambia County,2020-06-16,0.03
Flagler County,2020-06-16,0.0
Franklin County,2020-06-16,0.0
Gadsden County,2020-06-16,0.0
Gilchrist County,2020-06-16,0.0
Glades County,2020-06-16,0.1
Gulf County,2020-06-16,0.0
Hamilton County,2020-06-16,0.0
Hardee County,2020-06-16,0.0
Hendry County,2020-06-16,1.95
Hernando County,2020-06-16,0.0
Highlands County,2020-06-16,0.0
Hillsborough County,2020-06-16,0.0
Holmes County,2020-06-16,0.0
Indian River County,2020-06-16,0.0
Jackson County,2020-06-16,0.0
Jefferson County,2020-06-16,0.0
Lafayette County,2020-06-16,0.0
Lake County,2020-06-16,0.0
Lee County,2020-06-16,3.55
Leon County,2020-06-16,0.04
Levy County,2020-06-16,0.0
Liberty County,2020-06-16,0.0
Madison County,2020-06-16,0.0
Manatee County,2020-06-16,0.09
Marion County,2020-06-16,0.0
Martin County,2020-06-16,0.08
Miami-Dade County,2020-06-16,14.31
Monroe County,2020-06-16,10.66
Nassau County,2020-06-16,0.0
Okaloosa County,2020-06-16,0.0
Okeechobee County,2020-06-16,0.0
Orange County,2020-06-16,0.0
Osceola County,2020-06-16,0.86
Palm Beach County,2020-06-16,5.04
Pasco County,2020-06-16,0.0
Pinellas County,2020-06-16,0.0
Polk County,2020-06-16,0.0
Putnam County,2020-06-16,0.0
St. Johns County,2020-06-16,0.0
St. Lucie County,2020-06-16,0.0
Santa Rosa County,2020-06-16,0.01
Sarasota County,2020-06-16,0.84
Seminole County,2020-06-16,0.0
Sumter County,2020-06-16,0.0
Suwannee County,2020-06-16,0.0
Taylor County,2020-06-16,0.0
Union County,2020-06-16,0.0
Volusia County,2020-06-16,0.0
Wakulla County,2020-06-16,0.0
Walton County,2020-06-16,0.0
Washington County,2020-06-16,0.0
Alachua County,2020-06-17,0.0
Baker County,2020-06-17,0.0
Bay County,2020-06-17,0.0
Bradford County,2020-06-17,0.0
Brevard County,2020-06-17,0.0
Broward County,2020-06-17,0.0
Calhoun County,2020-06-17,0.0
Charlotte County,2020-06-17,0.0
Citrus County,2020-06-17,0.0
Clay County,2020-06-17,0.0
Collier County,2020-06-17,0.25
Columbia County,2020-06-17,0.0
DeSoto County,2020-06-17,0.0
Dixie County,2020-06-17,0.0
Duval County,2020-06-17,0.0
Escambia County,2020-06-17,6.33
Flagler County,2020-06-17,0.0
Franklin County,2020-06-17,0.0
Gadsden County,2020-06-17,0.0
Gilchrist County,2020-06-17,0.0
Glades County,2020-06-17,0.0
Gulf County,2020-06-17,0.0
Hamilton County,2020-06-17,0.0
Hardee County,2020-06-17,0.0
Hendry County,2020-06-17,0.24
Hernando County,2020-06-17,0.0
Highlands County,2020-06-17,0.0
Hillsborough County,2020-06-17,0.0
Holmes County,2020-06-17,0.0
Indian River County,2020-06-17,0.0
Jackson County,2020-06-17,0.0
Jefferson County,2020-06-17,0.0
Lafayette County,2020-06-17,0.0
Lake County,2020-06-17,0.0
Lee County,2020-06-17,0.0
Leon County,2020-06-17,0.0
Levy County,2020-06-17,0.0
Liberty County,2020-06-17,0.0
Madison County,2020-06-17,0.0
Manatee County,2020-06-17,0.0
Marion County,2020-06-17,0.0
Martin County,2020-06-17,0.0
Miami-Dade County,2020-06-17,1.41
Monroe County,2020-06-17,5.32
Nassau County,2020-06-17,0.0
Okaloosa County,2020-06-17,11.39
Okeechobee County,2020-06-17,0.0
Orange County,2020-06-17,0.0
Osceola County,2020-06-17,0.0
Palm Beach County,2020-06-17,0.0
Pasco County,2020-06-17,0.0
Pinellas County,2020-06-17,0.0
Polk County,2020-06-17,0.0
Putnam County,2020-06-17,0.0
St. Johns County,2020-06-17,0.0
St. Lucie County,2020-06-17,0.0
Santa Rosa County,2020-06-17,9.84
Sarasota County,2020-06-17,0.0
Seminole County,2020-06-17,0.0
Sumter County,2020-06-17,0.0
Suwannee County,2020-06-17,0.0
Taylor County,2020-06-17,0.0
Union County,2020-06-17,0.0
Volusia County,2020-06-17,0.0
Wakulla County,2020-06-17,0.0
Walton County,2020-06-17,3.08
Washington County,2020-06-17,0.0
Alachua County,2020-06-18,0.0
Baker County,2020-06-18,0.0
Bay County,2020-06-18,0.0
Bradford County,2020-06-18,0.0
Brevard County,2020-06-18,0.17
Broward County,2020-06-18,5.42
Calhoun County,2020-06-18,0.0
Charlotte County,2020-06-18,0.0
Citrus County,2020-06-18,0.0
Clay County,2020-06-18,0.0
Collier County,2020-06-18,6.47
Columbia County,2020-06-18,0.03
DeSoto County,2020-06-18,0.0
Dixie County,2020-06-18,0.0
Duval County,2020-06-18,0.0
Escambia County,2020-06-18,0.0
Flagler County,2020-06-18,0.38
Franklin County,2020-06-18,0.0
Gadsden County,2020-06-18,0.0
Gilchrist County,2020-06-18,0.0
Glades County,2020-06-18,0.0
Gulf County,2020-06-18,0.0
Hamilton County,2020-06-18,0.0
Hardee County,2020-06-18,0.05
Hendry County,2020-06-18,1.11
Hernando County,2020-06-18,0.0
Highlands County,2020-06-18,0.0
Hillsborough County,2020-06-18,0.0
Holmes County,2020-06-18,0.0
Indian River County,2020-06-18,0.0
Jackson County,2020-06-18,0.0
Jefferson County,2020-06-18,0.0
Lafayette County,2020-06-18,0.0
Lake County,2020-06-18,0.0
Lee County,2020-06-18,0.98
Leon County,2020-06-18,0.0
Levy County,2020-06-18,0.0
Liberty County,2020-06-18,0.0
Madison County,2020-06-18,0.0
Manatee County,2020-06-18,0.0
Marion County,2020-06-18,0.0
Martin County,2020-06-18,0.0
Miami-Dade County,2020-06-18,13.37
Monroe County,2020-06-18,9.14
Nassau County,2020-06-18,0.0
Okaloosa County,2020-06-18,0.0
Okeechobee County,2020-06-18,0.0
Orange County,2020-06-18,1.09
Osceola County,2020-06-18,0.5
Palm Beach County,2020-06-18,0.83
Pasco County,2020-06-18,0.0
Pinellas County,2020-06-18,0.0
Polk County,2020-06-18,0.13
Putnam County,2020-06-18,0.05
St. Johns County,2020-06-18,0.1
St. Lucie County,2020-06-18,0.0
Santa Rosa County,2020-06-18,0.0
Sarasota County,2020-06-18,0.0
Seminole County,2020-06-18,0.91
Sumter County,2020-06-18,0.0
Suwannee County,2020-06-18,0.0
Taylor County,2020-06-18,0.0
Union County,2020-06-18,0.0
Volusia County,2020-06-18,0.38
Wakulla County,2020-06-18,0.0
Walton County,2020-06-18,0.0
Washington County,2020-06-18,0.0
Alachua County,2020-06-19,0.0
Baker County,2020-06-19,0.0
Bay County,2020-06-19,0.0
Bradford County,2020-06-19,0.0
Brevard County,2020-06-19,3.63
Broward County,2020-06-19,24.67
Calhoun County,2020-06-19,0.0
Charlotte County,2020-06-19,11.0
Citrus County,2020-06-19,0.0
Clay County,2020-06-19,0.0
Collier County,2020-06-19,17.34
Columbia County,2020-06-19,0.0
DeSoto County,2020-06-19,10.07
Dixie County,2020-06-19,0.0
Duval County,2020-06-19,0.0
Escambia County,2020-06-19,0.0
Flagler County,2020-06-19,0.06
Franklin County,2020-06-19,0.0
Gadsden County,2020-06-19,0.0
Gilchrist County,2020-06-19,0.0
Glades County,2020-06-19,16.95
Gulf County,2020-06-19,0.0
Hamilton County,2020-06-19,0.0
Hardee County,2020-06-19,7.52
Hendry County,2020-06-19,17.07
Hernando County,2020-06-19,0.0
Highlands County,2020-06-19,14.65
Hillsborough County,2020-06-19,0.26
Holmes County,2020-06-19,0.0
Indian River County,2020-06-19,12.0
Jackson County,2020-06-19,0.0
Jefferson County,2020-06-19,0.0
Lafayette County,2020-06-19,0.0
Lake County,2020-06-19,3.36
Lee County,2020-06-19,12.07
Leon County,2020-06-19,0.0
Levy County,2020-06-19,0.0
Liberty County,2020-06-19,0.0
Madison County,2020-06-19,0.0
Manatee County,2020-06-19,2.57
Marion County,2020-06-19,0.14
Martin County,2020-06-19,23.73
Miami-Dade County,2020-06-19,19.94
Monroe County,2020-06-19,13.91
Nassau County,2020-06-19,0.0
Okaloosa County,2020-06-19,0.0
Okeechobee County,2020-06-19,18.41
Orange County,2020-06-19,3.76
Osceola County,2020-06-19,6.58
Palm Beach County,2020-06-19,23.62
Pasco County,2020-06-19,0.0
Pinellas County,2020-06-19,0.0
Polk County,2020-06-19,5.94
Putnam County,2020-06-19,0.0
St. Johns County,2020-06-19,0.0
St. Lucie County,2020-06-19,20.38
Santa Rosa County,2020-06-19,0.0
Sarasota County,2020-06-19,5.37
Seminole County,2020-06-19,2.75
Sumter County,2020-06-19,0.0
Suwannee County,2020-06-19,0.0
Taylor County,2020-06-19,0.0
Union County,2020-06-19,0.0
Volusia County,2020-06-19,0.4
Wakulla County,2020-06-19,0.0
Walton County,2020-06-19,0.0
Washington County,2020-06-19,0.0
Alachua County,2020-06-20,3.5
Baker County,2020-06-20,2.4
Bay County,2020-06-20,0.0
Bradford County,2020-06-20,3.68
Brevard County,2020-06-20,21.88
Broward County,2020-06-20,17.15
Calhoun County,2020-06-20,0.0
Charlotte County,2020-06-20,5.9
Citrus County,2020-06-20,1.23
Clay County,2020-06-20,4.76
Collier County,2020-06-20,7.86
Columbia County,2020-06-20,0.29
DeSoto County,2020-06-20,6.87
Dixie County,2020-06-20,0.0
Duval County,2020-06-20,4.7
Escambia County,2020-06-20,0.0
Flagler County,2020-06-20,9.13
Franklin County,2020-06-20,0.0
Gadsden County,2020-06-20,0.0
Gilchrist County,2020-06-20,0.0
Glades County,2020-06-20,10.62
Gulf County,2020-06-20,0.0
Hamilton County,2020-06-20,0.0
Hardee County,2020-06-20,8.53
Hendry County,2020-06-20,8.71
Hernando County,2020-06-20,1.94
Highlands County,2020-06-20,13.0
Hillsborough County,2020-06-20,3.42
Holmes County,2020-06-20,0.0
Indian River County,2020-06-20,25.83
Jackson County,2020-06-20,0.0
Jefferson County,2020-06-20,0.0
Lafayette County,2020-06-20,0.0
Lake County,2020-06-20,11.92
Lee County,2020-06-20,5.55
Leon County,2020-06-20,0.0
Levy County,2020-06-20,0.26
Liberty County,2020-06-20,0.0
Madison County,2020-06-20,0.0
Manatee County,2020-06-20,3.87
Marion County,2020-06-20,9.27
Martin County,2020-06-20,30.94
Miami-Dade County,2020-06-20,11.74
Monroe County,2020-06-20,5.19
Nassau County,2020-06-20,3.65
Okaloosa County,2020-06-20,0.0
Okeechobee County,2020-06-20,22.32
Orange County,2020-06-20,20.8
Osceola County,2020-06-20,21.03
Palm Beach County,2020-06-20,20.83
Pasco County,2020-06-20,2.89
Pinellas County,2020-06-20,0.0
Polk County,2020-06-20,14.17
Putnam County,2020-06-20,6.35
St. Johns County,2020-06-20,6.76
St. Lucie County,2020-06-20,32.49
Santa Rosa County,2020-06-20,0.0
Sarasota County,2020-06-20,3.87
Seminole County,2020-06-20,18.02
Sumter County,2020-06-20,7.71
Suwannee County,2020-06-20,0.0
Taylor County,2020-06-20,0.0
Union County,2020-06-20,2.51
Volusia County,2020-06-20,14.14
Wakulla County,2020-06-20,0.0
Walton County,2020-06-20,0.0
Washington County,2020-06-20,0.0
Alachua County,2020-06-21,0.0
Baker County,2020-06-21,0.0
Bay County,2020-06-21,0.0
Bradford County,2020-06-21,0.0
Brevard County,2020-06-21,3.74
Broward County,2020-06-21,0.01
Calhoun County,2020-06-21,0.0
Charlotte County,2020-06-21,0.0
Citrus County,2020-06-21,0.0
Clay County,2020-06-21,0.0
Collier County,2020-06-21,0.11
Columbia County,2020-06-21,0.0
DeSoto County,2020-06-21,0.15
Dixie County,2020-06-21,0.0
Duval County,2020-06-21,1.22
Escambia County,2020-06-21,0.0
Flagler County,2020-06-21,0.0
Franklin County,2020-06-21,0.0
Gadsden County,2020-06-21,0.0
Gilchrist County,2020-06-21,0.0
Glades County,2020-06-21,0.21
Gulf County,2020-06-21,0.0
Hamilton County,2020-06-21,0.0
Hardee County,2020-06-21,0.0
Hendry County,2020-06-21,0.08
Hernando County,2020-06-21,0.0
Highlands County,2020-06-21,0.44
Hillsborough County,2020-06-21,0.0
Holmes County,2020-06-21,0.0
Indian River County,2020-06-21,4.19
Jackson County,2020-06-21,0.0
Jefferson County,2020-06-21,0.0
Lafayette County,2020-06-21,0.0
Lake County,2020-06-21,0.0
Lee County,2020-06-21,0.0
Leon County,2020-06-21,0.0
Levy County,2020-06-21,0.0
Liberty County,2020-06-21,0.0
Madison County,2020-06-21,0.0
Manatee County,2020-06-21,0.0
Marion County,2020-06-21,0.0
Martin County,2020-06-21,1.76
Miami-Dade County,2020-06-21,0.01
Monroe County,2020-06-21,0.0
Nassau County,2020-06-21,1.49
Okaloosa County,2020-06-21,0.0
Okeechobee County,2020-06-21,3.62
Orange County,2020-06-21,0.54
Osceola County,2020-06-21,3.46
Palm Beach County,2020-06-21,0.04
Pasco County,2020-06-21,0.0
Pinellas County,2020-06-21,0.0
Polk County,2020-06-21,0.13
Putnam County,2020-06-21,0.01
St. Johns County,2020-06-21,0.2
St. Lucie County,2020-06-21,3.16
Santa Rosa County,2020-06-21,0.0
Sarasota County,2020-06-21,0.0
Seminole County,2020-06-21,0.0
Sumter County,2020-06-21,0.0
Suwannee County,2020-06-21,0.0
Taylor County,2020-06-21,0.0
Union County,2020-06-21,0.0
Volusia County,2020-06-21,0.01
Wakulla County,2020-06-21,0.0
Walton County,2020-06-21,0.0
Washington County,2020-06-21,0.0
Alachua County,2020-06-22,0.0
Baker County,2020-06-22,0.0
Bay County,2020-06-22,0.0
Bradford County,2020-06-22,0.0
Brevard County,2020-06-22,0.01
Broward County,2020-06-22,0.0
Calhoun County,2020-06-22,0.0
Charlotte County,2020-06-22,0.03
Citrus County,2020-06-22,0.0
Clay County,2020-06-22,0.0
Collier County,2020-06-22,1.56
Columbia County,2020-06-22,0.0
DeSoto County,2020-06-22,0.35
Dixie County,2020-06-22,0.0
Duval County,2020-06-22,0.0
Escambia County,2020-06-22,0.0
Flagler County,2020-06-22,0.0
Franklin County,2020-06-22,0.0
Gadsden County,2020-06-22,0.0
Gilchrist County,2020-06-22,0.0
Glades County,2020-06-22,0.23
Gulf County,2020-06-22,0.0
Hamilton County,2020-06-22,0.0
Hardee County,2020-06-22,0.0
Hendry County,2020-06-22,0.0
Hernando County,2020-06-22,0.0
Highlands County,2020-06-22,0.05
Hillsborough County,2020-06-22,0.0
Holmes County,2020-06-22,0.0
Indian River County,2020-06-22,0.0
Jackson County,2020-06-22,0.0
Jefferson County,2020-06-22,0.0
Lafayette County,2020-06-22,0.0
Lake County,2020-06-22,0.0
Lee County,2020-06-22,0.0
Leon County,2020-06-22,0.0
Levy County,2020-06-22,0.0
Liberty County,2020-06-22,0.0
Madison County,2020-06-22,0.0
Manatee County,2020-06-22,0.0
Marion County,2020-06-22,0.0
Martin County,2020-06-22,0.2
Miami-Dade County,2020-06-22,3.16
Monroe County,2020-06-22,3.96
Nassau County,2020-06-22,0.0
Okaloosa County,2020-06-22,0.0
Okeechobee County,2020-06-22,0.0
Orange County,2020-06-22,0.0
Osceola County,2020-06-22,0.0
Palm Beach County,2020-06-22,0.04
Pasco County,2020-06-22,0.0
Pinellas County,2020-06-22,0.0
Polk County,2020-06-22,0.0
Putnam County,2020-06-22,0.0
St. Johns County,2020-06-22,0.0
St. Lucie County,2020-06-22,0.0
Santa Rosa County,2020-06-22,0.0
Sarasota County,2020-06-22,0.0
Seminole County,2020-06-22,0.0
Sumter County,2020-06-22,0.0
Suwannee County,2020-06-22,0.0
Taylor County,2020-06-22,0.0
Union County,2020-06-22,0.0
Volusia County,2020-06-22,0.0
Wakulla County,2020-06-22,0.0
Walton County,2020-06-22,0.0
Washington County,2020-06-22,0.0
Alachua County,2020-06-23,0.0
Baker County,2020-06-23,0.0
Bay County,2020-06-23,4.66
Bradford County,2020-06-23,0.0
Brevard County,2020-06-23,3.6
Broward County,2020-06-23,0.36
Calhoun County,2020-06-23,3.05
Charlotte County,2020-06-23,1.97
Citrus County,2020-06-23,0.0
Clay County,2020-06-23,0.0
Collier County,2020-06-23,0.25
Columbia County,2020-06-23,0.0
DeSoto County,2020-06-23,2.97
Dixie County,2020-06-23,0.0
Duval County,2020-06-23,0.0
Escambia County,2020-06-23,7.15
Flagler County,2020-06-23,0.0
Franklin County,2020-06-23,2.0
Gadsden County,2020-06-23,2.13
Gilchrist County,2020-06-23,0.0
Glades County,2020-06-23,3.13
Gulf County,2020-06-23,3.05
Hamilton County,2020-06-23,0.1
Hardee County,2020-06-23,3.11
Hendry County,2020-06-23,2.07
Hernando County,2020-06-23,0.0
Highlands County,2020-06-23,4.45
Hillsborough County,2020-06-23,0.0
Holmes County,2020-06-23,6.32
Indian River County,2020-06-23,3.54
Jackson County,2020-06-23,2.94
Jefferson County,2020-06-23,1.35
Lafayette County,2020-06-23,0.0
Lake County,2020-06-23,0.11
Lee County,2020-06-23,0.63
Leon County,2020-06-23,1.73
Levy County,2020-06-23,0.0
Liberty County,2020-06-23,2.48
Madison County,2020-06-23,0.6
Manatee County,2020-06-23,0.0
Marion County,2020-06-23,0.0
Martin County,2020-06-23,0.84
Miami-Dade County,2020-06-23,0.0
Monroe County,2020-06-23,0.0
Nassau County,2020-06-23,0.0
Okaloosa County,2020-06-23,8.3
Okeechobee County,2020-06-23,4.25
Orange County,2020-06-23,3.52
Osceola County,2020-06-23,5.88
Palm Beach County,2020-06-23,0.61
Pasco County,2020-06-23,0.0
Pinellas County,2020-06-23,0.0
Polk County,2020-06-23,3.43
Putnam County,2020-06-23,0.0
St. Johns County,2020-06-23,0.0
St. Lucie County,2020-06-23,2.15
Santa Rosa County,2020-06-23,7.14
Sarasota County,2020-06-23,0.0
Seminole County,2020-06-23,2.34
Sumter County,2020-06-23,0.0
Suwannee County,2020-06-23,0.0
Taylor County,2020-06-23,0.17
Union County,2020-06-23,0.0
Volusia County,2020-06-23,0.72
Wakulla County,2020-06-23,1.86
Walton County,2020-06-23,8.54
Washington County,2020-06-23,4.65
Alachua County,2020-06-24,2.45
Baker County,2020-06-24,3.64
Bay County,2020-06-24,7.97
Bradford County,2020-06-24,2.88
Brevard County,2020-06-24,6.32
Broward County,2020-06-24,0.35
Calhoun County,2020-06-24,6.98
Charlotte County,2020-06-24,0.0
Citrus County,2020-06-24,1.52
Clay County,2020-06-24,3.25
Collier County,2020-06-24,0.14
Columbia County,2020-06-24,3.4
DeSoto County,2020-06-24,0.0
Dixie County,2020-06-24,1.96
Duval County,2020-06-24,4.89
Escambia County,2020-06-24,11.07
Flagler County,2020-06-24,3.01
Franklin County,2020-06-24,5.69
Gadsden County,2020-06-24,8.4
Gilchrist County,2020-06-24,1.84
Glades County,2020-06-24,0.04
Gulf County,2020-06-24,6.27
Hamilton County,2020-06-24,5.05
Hardee County,2020-06-24,0.0
Hendry County,2020-06-24,0.13
Hernando County,2020-06-24,1.36
Highlands County,2020-06-24,0.18
Hillsborough County,2020-06-24,0.0
Holmes County,2020-06-24,10.23
Indian River County,2020-06-24,5.11
Jackson County,2020-06-24,6.64
Jefferson County,2020-06-24,6.5
Lafayette County,2020-06-24,3.07
Lake County,2020-06-24,2.1
Lee County,2020-06-24,0.0
Leon County,2020-06-24,8.89
Levy County,2020-06-24,1.58
Liberty County,2020-06-24,7.39
Madison County,2020-06-24,5.72
Manatee County,2020-06-24,0.0
Marion County,2020-06-24,2.9
Martin County,2020-06-24,0.0
Miami-Dade County,2020-06-24,0.0
Monroe County,2020-06-24,0.0
Nassau County,2020-06-24,6.08
Okaloosa County,2020-06-24,12.58
Okeechobee County,2020-06-24,2.7
Orange County,2020-06-24,4.08
Osceola County,2020-06-24,4.94
Palm Beach County,2020-06-24,0.58
Pasco County,2020-06-24,0.4
Pinellas County,2020-06-24,0.0
Polk County,2020-06-24,1.64
Putnam County,2020-06-24,2.53
St. Johns County,2020-06-24,3.93
St. Lucie County,2020-06-24,2.81
Santa Rosa County,2020-06-24,11.12
Sarasota County,2020-06-24,0.0
Seminole County,2020-06-24,3.23
Sumter County,2020-06-24,1.82
Suwannee County,2020-06-24,3.62
Taylor County,2020-06-24,4.65
Union County,2020-06-24,2.84
Volusia County,2020-06-24,2.93
Wakulla County,2020-06-24,8.35
Walton County,2020-06-24,12.98
Washington County,2020-06-24,7.99
Alachua County,2020-06-25,0.0
Baker County,2020-06-25,0.0
Bay County,2020-06-25,1.73
Bradford County,2020-06-25,0.0
Brevard County,2020-06-25,0.03
Broward County,2020-06-25,0.0
Calhoun County,2020-06-25,1.31
Charlotte County,2020-06-25,0.0
Citrus County,2020-06-25,0.0
Clay County,2020-06-25,0.0
Collier County,2020-06-25,0.0
Columbia County,2020-06-25,0.0
DeSoto County,2020-06-25,0.0
Dixie County,2020-06-25,0.0
Duval County,2020-06-25,3.2
Escambia County,2020-06-25,10.15
Flagler County,2020-06-25,1.53
Franklin County,2020-06-25,0.0
Gadsden County,2020-06-25,2.83
Gilchrist County,2020-06-25,0.0
Glades County,2020-06-25,0.0
Gulf County,2020-06-25,0.0
Hamilton County,2020-06-25,0.0
Hardee County,2020-06-25,0.0
Hendry County,2020-06-25,0.0
Hernando County,2020-06-25,0.0
Highlands County,2020-06-25,0.01
Hillsborough County,2020-06-25,0.0
Holmes County,2020-06-25,3.43
Indian River County,2020-06-25,0.0
Jackson County,2020-06-25,2.02
Jefferson County,2020-06-25,2.95
Lafayette County,2020-06-25,0.0
Lake County,2020-06-25,0.0
Lee County,2020-06-25,0.0
Leon County,2020-06-25,3.2
Levy County,2020-06-25,0.0
Liberty County,2020-06-25,1.13
Madison County,2020-06-25,0.51
Manatee County,2020-06-25,0.0
Marion County,2020-06-25,0.0
Martin County,2020-06-25,0.0
Miami-Dade County,2020-06-25,0.0
Monroe County,2020-06-25,0.0
Nassau County,2020-06-25,3.74
Okaloosa County,2020-06-25,6.31
Okeechobee County,2020-06-25,0.0
Orange County,2020-06-25,0.0
Osceola County,2020-06-25,0.0
Palm Beach County,2020-06-25,0.0
Pasco County,2020-06-25,0.0
Pinellas County,2020-06-25,0.0
Polk County,2020-06-25,0.0
Putnam County,2020-06-25,0.0
St. Johns County,2020-06-25,2.9
St. Lucie County,2020-06-25,0.02
Santa Rosa County,2020-06-25,7.69
Sarasota County,2020-06-25,0.0
Seminole County,2020-06-25,0.14
Sumter County,2020-06-25,0.0
Suwannee County,2020-06-25,0.0
Taylor County,2020-06-25,0.09
Union County,2020-06-25,0.0
Volusia County,2020-06-25,0.17
Wakulla County,2020-06-25,2.38
Walton County,2020-06-25,4.83
Washington County,2020-06-25,2.3
Alachua County,2020-06-26,0.0
Baker County,2020-06-26,0.0
Bay County,2020-06-26,0.34
Bradford County,2020-06-26,0.0
Brevard County,2020-06-26,0.94
Broward County,2020-06-26,0.0
Calhoun County,2020-06-26,2.32
Charlotte County,2020-06-26,0.0
Citrus County,2020-06-26,0.0
Clay County,2020-06-26,0.0
Collier County,2020-06-26,0.01
Columbia County,2020-06-26,0.0
DeSoto County,2020-06-26,0.0
Dixie County,2020-06-26,0.0
Duval County,2020-06-26,0.0
Escambia County,2020-06-26,0.0
Flagler County,2020-06-26,0.0
Franklin County,2020-06-26,1.48
Gadsden County,2020-06-26,3.22
Gilchrist County,2020-06-26,0.0
Glades County,2020-06-26,0.05
Gulf County,2020-06-26,0.65
Hamilton County,2020-06-26,0.0
Hardee County,2020-06-26,0.0
Hendry County,2020-06-26,0.0
Hernando County,2020-06-26,0.0
Highlands County,2020-06-26,0.04
Hillsborough County,2020-06-26,0.17
Holmes County,2020-06-26,2.98
Indian River County,2020-06-26,0.0
Jackson County,2020-06-26,2.43
Jefferson County,2020-06-26,1.55
Lafayette County,2020-06-26,0.0
Lake County,2020-06-26,0.09
Lee County,2020-06-26,0.0
Leon County,2020-06-26,2.64
Levy County,2020-06-26,0.0
Liberty County,2020-06-26,2.58
Madison County,2020-06-26,0.3
Manatee County,2020-06-26,0.0
Marion County,2020-06-26,0.0
Martin County,2020-06-26,0.0
Miami-Dade County,2020-06-26,0.01
Monroe County,2020-06-26,0.0
Nassau County,2020-06-26,0.0
Okaloosa County,2020-06-26,0.0
Okeechobee County,2020-06-26,0.0
Orange County,2020-06-26,1.49
Osceola County,2020-06-26,0.68
Palm Beach County,2020-06-26,0.0
Pasco County,2020-06-26,0.11
Pinellas County,2020-06-26,0.0
Polk County,2020-06-26,0.3
Putnam County,2020-06-26,0.0
St. Johns County,2020-06-26,0.0
St. Lucie County,2020-06-26,0.0
Santa Rosa County,2020-06-26,0.0
Sarasota County,2020-06-26,0.0
Seminole County,2020-06-26,1.32
Sumter County,2020-06-26,0.0
Suwannee County,2020-06-26,0.0
Taylor County,2020-06-26,0.19
Union County,2020-06-26,0.0
Volusia County,2020-06-26,0.26
Wakulla County,2020-06-26,2.56
Walton County,2020-06-26,0.13
Washington County,2020-06-26,1.41
Alachua County,2020-06-27,0.0
Baker County,2020-06-27,0.0
Bay County,2020-06-27,0.0
Bradford County,2020-06-27,0.0
Brevard County,2020-06-27,0.0
Broward County,2020-06-27,0.0
Calhoun County,2020-06-27,0.0
Charlotte County,2020-06-27,0.0
Citrus County,2020-06-27,0.0
Clay County,2020-06-27,0.0
Collier County,2020-06-27,0.0
Columbia County,2020-06-27,0.0
DeSoto County,2020-06-27,0.0
Dixie County,2020-06-27,0.0
Duval County,2020-06-27,0.0
Escambia County,2020-06-27,0.0
Flagler County,2020-06-27,0.0
Franklin County,2020-06-27,0.0
Gadsden County,2020-06-27,0.0
Gilchrist County,2020-06-27,0.0
Glades County,2020-06-27,0.01
Gulf County,2020-06-27,0.0
Hamilton County,2020-06-27,0.0
Hardee County,2020-06-27,0.0
Hendry County,2020-06-27,0.0
Hernando County,2020-06-27,0.0
Highlands County,2020-06-27,0.0
Hillsborough County,2020-06-27,0.0
Holmes County,2020-06-27,0.0
Indian River County,2020-06-27,0.0
Jackson County,2020-06-27,0.0
Jefferson County,2020-06-27,0.0
Lafayette County,2020-06-27,0.0
Lake County,2020-06-27,0.02
Lee County,2020-06-27,0.0
Leon County,2020-06-27,0.0
Levy County,2020-06-27,0.0
Liberty County,2020-06-27,0.0
Madison County,2020-06-27,0.0
Manatee County,2020-06-27,0.0
Marion County,2020-06-27,0.0
Martin County,2020-06-27,0.0
Miami-Dade County,2020-06-27,0.0
Monroe County,2020-06-27,0.0
Nassau County,2020-06-27,0.0
Okaloosa County,2020-06-27,0.0
Okeechobee County,2020-06-27,0.0
Orange County,2020-06-27,0.0
Osceola County,2020-06-27,0.0
Palm Beach County,2020-06-27,0.0
Pasco County,2020-06-27,0.0
Pinellas County,2020-06-27,0.0
Polk County,2020-06-27,0.0
Putnam County,2020-06-27,0.0
St. Johns County,2020-06-27,0.0
St. Lucie County,2020-06-27,0.0
Santa Rosa County,2020-06-27,0.0
Sarasota County,2020-06-27,0.0
Seminole County,2020-06-27,0.0
Sumter County,2020-06-27,0.0
Suwannee County,2020-06-27,0.0
Taylor County,2020-06-27,0.0
Union County,2020-06-27,0.0
Volusia County,2020-06-27,0.0
Wakulla County,2020-06-27,0.0
Walton County,2020-06-27,0.0
Washington County,2020-06-27,0.06
Alachua County,2020-06-28,0.68
Baker County,2020-06-28,5.25
Bay County,2020-06-28,0.0
Bradford County,2020-06-28,3.82
Brevard County,2020-06-28,0.0
Broward County,2020-06-28,0.0
Calhoun County,2020-06-28,0.0
Charlotte County,2020-06-28,0.0
Citrus County,2020-06-28,0.0
Clay County,2020-06-28,2.44
Collier County,2020-06-28,0.0
Columbia County,2020-06-28,4.5
DeSoto County,2020-06-28,0.0
Dixie County,2020-06-28,1.15
Duval County,2020-06-28,1.37
Escambia County,2020-06-28,0.0
Flagler County,2020-06-28,0.09
Franklin County,2020-06-28,0.23
Gadsden County,2020-06-28,0.02
Gilchrist County,2020-06-28,1.3
Glades County,2020-06-28,0.0
Gulf County,2020-06-28,0.0
Hamilton County,2020-06-28,5.06
Hardee County,2020-06-28,0.0
Hendry County,2020-06-28,0.01
Hernando County,2020-06-28,0.0
Highlands County,2020-06-28,0.0
Hillsborough County,2020-06-28,0.0
Holmes County,2020-06-28,0.0
Indian River County,2020-06-28,0.0
Jackson County,2020-06-28,0.0
Jefferson County,2020-06-28,1.84
Lafayette County,2020-06-28,3.28
Lake County,2020-06-28,0.0
Lee County,2020-06-28,0.0
Leon County,2020-06-28,1.06
Levy County,2020-06-28,0.0
Liberty County,2020-06-28,0.01
Madison County,2020-06-28,3.45
Manatee County,2020-06-28,0.0
Marion County,2020-06-28,0.0
Martin County,2020-06-28,0.0
Miami-Dade County,2020-06-28,0.0
Monroe County,2020-06-28,0.0
Nassau County,2020-06-28,1.61
Okaloosa County,2020-06-28,0.0
Okeechobee County,2020-06-28,0.0
Orange County,2020-06-28,0.0
Osceola County,2020-06-28,0.0
Palm Beach County,2020-06-28,0.0
Pasco County,2020-06-28,0.0
Pinellas County,2020-06-28,0.0
Polk County,2020-06-28,0.0
Putnam County,2020-06-28,0.03
St. Johns County,2020-06-28,0.88
St. Lucie County,2020-06-28,0.0
Santa Rosa County,2020-06-28,0.0
Sarasota County,2020-06-28,0.22
Seminole County,2020-06-28,0.0
Sumter County,2020-06-28,0.0
Suwannee County,2020-06-28,4.35
Taylor County,2020-06-28,2.58
Union County,2020-06-28,4.3
Volusia County,2020-06-28,0.0
Wakulla County,2020-06-28,1.22
Walton County,2020-06-28,0.0
Washington County,2020-06-28,0.0
Alachua County,2020-06-29,0.0
Baker County,2020-06-29,0.0
Bay County,2020-06-29,0.0
Bradford County,2020-06-29,0.0
Brevard County,2020-06-29,0.0
Broward County,2020-06-29,0.0
Calhoun County,2020-06-29,0.0
Charlotte County,2020-06-29,0.0
Citrus County,2020-06-29,0.0
Clay County,2020-06-29,0.0
Collier County,2020-06-29,0.16
Columbia County,2020-06-29,0.0
DeSoto County,2020-06-29,0.0
Dixie County,2020-06-29,0.0
Duval County,2020-06-29,0.0
Escambia County,2020-06-29,0.0
Flagler County,2020-06-29,0.0
Franklin County,2020-06-29,0.0
Gadsden County,2020-06-29,0.0
Gilchrist County,2020-06-29,0.0
Glades County,2020-06-29,0.0
Gulf County,2020-06-29,0.0
Hamilton County,2020-06-29,0.0
Hardee County,2020-06-29,0.0
Hendry County,2020-06-29,0.09
Hernando County,2020-06-29,0.0
Highlands County,2020-06-29,0.0
Hillsborough County,2020-06-29,0.0
Holmes County,2020-06-29,0.0
Indian River County,2020-06-29,0.0
Jackson County,2020-06-29,0.0
Jefferson County,2020-06-29,0.0
Lafayette County,2020-06-29,0.0
Lake County,2020-06-29,0.0
Lee County,2020-06-29,0.0
Leon County,2020-06-29,0.0
Levy County,2020-06-29,0.0
Liberty County,2020-06-29,0.0
Madison County,2020-06-29,0.0
Manatee County,2020-06-29,0.0
Marion County,2020-06-29,0.0
Martin County,2020-06-29,0.0
Miami-Dade County,2020-06-29,0.0
Monroe County,2020-06-29,0.1
Nassau County,2020-06-29,0.0
Okaloosa County,2020-06-29,0.0
Okeechobee County,2020-06-29,0.0
Orange County,2020-06-29,0.0
Osceola County,2020-06-29,0.0
Palm Beach County,2020-06-29,0.0
Pasco County,2020-06-29,0.0
Pinellas County,2020-06-29,0.0
Polk County,2020-06-29,0.0
Putnam County,2020-06-29,0.0
St. Johns County,2020-06-29,0.0
St. Lucie County,2020-06-29,0.0
Santa Rosa County,2020-06-29,0.0
Sarasota County,2020-06-29,0.0
Seminole County,2020-06-29,0.0
Sumter County,2020-06-29,0.0
Suwannee County,2020-06-29,0.0
Taylor County,2020-06-29,0.0
Union County,2020-06-29,0.0
Volusia County,2020-06-29,0.0
Wakulla County,2020-06-29,0.0
Walton County,2020-06-29,0.0
Washington County,2020-06-29,0.0
Alachua County,2020-06-30,0.0
Baker County,2020-06-30,0.0
Bay County,2020-06-30,0.0
Bradford County,2020-06-30,0.0
Brevard County,2020-06-30,0.03
Broward County,2020-06-30,0.0
Calhoun County,2020-06-30,0.0
Charlotte County,2020-06-30,0.0
Citrus County,2020-06-30,0.0
Clay County,2020-06-30,0.0
Collier County,2020-06-30,0.0
Columbia County,2020-06-30,0.0
DeSoto County,2020-06-30,0.0
Dixie County,2020-06-30,0.0
Duval County,2020-06-30,0.0
Escambia County,2020-06-30,0.0
Flagler County,2020-06-30,0.0
Franklin County,2020-06-30,0.63
Gadsden County,2020-06-30,1.15
Gilchrist County,2020-06-30,0.0
Glades County,2020-06-30,0.02
Gulf County,2020-06-30,0.0
Hamilton County,2020-06-30,0.0
Hardee County,2020-06-30,0.0
Hendry County,2020-06-30,0.0
Hernando County,2020-06-30,0.0
Highlands County,2020-06-30,0.0
Hillsborough County,2020-06-30,0.0
Holmes County,2020-06-30,0.0
Indian River County,2020-06-30,0.0
Jackson County,2020-06-30,0.0
Jefferson County,2020-06-30,1.1
Lafayette County,2020-06-30,0.0
Lake County,2020-06-30,0.0
Lee County,2020-06-30,0.0
Leon County,2020-06-30,1.64
Levy County,2020-06-30,0.0
Liberty County,2020-06-30,0.66
Madison County,2020-06-30,0.0
Manatee County,2020-06-30,0.0
Marion County,2020-06-30,0.0
Martin County,2020-06-30,0.0
Miami-Dade County,2020-06-30,0.0
Monroe County,2020-06-30,0.0
Nassau County,2020-06-30,0.0
Okaloosa County,2020-06-30,0.95
Okeechobee County,2020-06-30,0.0
Orange County,2020-06-30,0.0
Osceola County,2020-06-30,0.0
Palm Beach County,2020-06-30,0.0
Pasco County,2020-06-30,0.0
Pinellas County,2020-06-30,0.0
Polk County,2020-06-30,0.09
Putnam County,2020-06-30,0.0
St. Johns County,2020-06-30,0.0
St. Lucie County,2020-06-30,0.0
Santa Rosa County,2020-06-30,0.0
Sarasota County,2020-06-30,0.0
Seminole County,2020-06-30,0.0
Sumter County,2020-06-30,0.0
Suwannee County,2020-06-30,0.0
Taylor County,2020-06-30,0.04
Union County,2020-06-30,0.0
Volusia County,2020-06-30,0.01
Wakulla County,2020-06-30,1.63
Walton County,2020-06-30,0.12
Washington County,2020-06-30,0.0
Alachua County,2020-07-01,9.1
Baker County,2020-07-01,21.56
Bay County,2020-07-01,1.44
Bradford County,2020-07-01,13.24
Brevard County,2020-07-01,0.7
Broward County,2020-07-01,0.03
Calhoun County,2020-07-01,1.83
Charlotte County,2020-07-01,0.0
Citrus County,2020-07-01,0.0
Clay County,2020-07-01,11.79
Collier County,2020-07-01,0.0
Columbia County,2020-07-01,21.98
DeSoto County,2020-07-01,0.26
Dixie County,2020-07-01,10.27
Duval County,2020-07-01,11.28
Escambia County,2020-07-01,0.0
Flagler County,2020-07-01,8.89
Franklin County,2020-07-01,1.76
Gadsden County,2020-07-01,4.08
Gilchrist County,2020-07-01,11.86
Glades County,2020-07-01,0.06
Gulf County,2020-07-01,1.04
Hamilton County,2020-07-01,26.7
Hardee County,2020-07-01,0.25
Hendry County,2020-07-01,0.0
Hernando County,2020-07-01,0.0
Highlands County,2020-07-01,0.0
Hillsborough County,2020-07-01,0.0
Holmes County,2020-07-01,2.31
Indian River County,2020-07-01,0.12
Jackson County,2020-07-01,1.97
Jefferson County,2020-07-01,10.98
Lafayette County,2020-07-01,16.44
Lake County,2020-07-01,0.79
Lee County,2020-07-01,0.0
Leon County,2020-07-01,6.57
Levy County,2020-07-01,5.43
Liberty County,2020-07-01,2.31
Madison County,2020-07-01,17.08
Manatee County,2020-07-01,0.0
Marion County,2020-07-01,4.24
Martin County,2020-07-01,0.0
Miami-Dade County,2020-07-01,0.01
Monroe County,2020-07-01,0.03
Nassau County,2020-07-01,12.33
Okaloosa County,2020-07-01,1.59
Okeechobee County,2020-07-01,0.0
Orange County,2020-07-01,0.28
Osceola County,2020-07-01,0.37
Palm Beach County,2020-07-01,0.11
Pasco County,2020-07-01,0.0
Pinellas County,2020-07-01,0.0
Polk County,2020-07-01,0.22
Putnam County,2020-07-01,9.32
St. Johns County,2020-07-01,9.93
St. Lucie County,2020-07-01,0.0
Santa Rosa County,2020-07-01,0.0
Sarasota County,2020-07-01,0.0
Seminole County,2020-07-01,2.2
Sumter County,2020-07-01,0.0
Suwannee County,2020-07-01,21.43
Taylor County,2020-07-01,12.02
Union County,2020-07-01,16.18
Volusia County,2020-07-01,4.8
Wakulla County,2020-07-01,4.45
Walton County,2020-07-01,2.02
Washington County,2020-07-01,1.8
Alachua County,2020-07-02,4.89
Baker County,2020-07-02,6.84
Bay County,2020-07-02,14.79
Bradford County,2020-07-02,5.43
Brevard County,2020-07-02,7.96
Broward County,2020-07-02,2.87
Calhoun County,2020-07-02,14.48
Charlotte County,2020-07-02,0.0
Citrus County,2020-07-02,4.81
Clay County,2020-07-02,4.83
Collier County,2020-07-02,0.16
Columbia County,2020-07-02,6.59
DeSoto County,2020-07-02,0.0
Dixie County,2020-07-02,7.91
Duval County,2020-07-02,3.78
Escambia County,2020-07-02,5.83
Flagler County,2020-07-02,6.0
Franklin County,2020-07-02,7.8
Gadsden County,2020-07-02,11.5
Gilchrist County,2020-07-02,7.06
Glades County,2020-07-02,0.0
Gulf County,2020-07-02,10.7
Hamilton County,2020-07-02,6.22
Hardee County,2020-07-02,0.0
Hendry County,2020-07-02,0.15
Hernando County,2020-07-02,0.61
Highlands County,2020-07-02,0.0
Hillsborough County,2020-07-02,0.0
Holmes County,2020-07-02,17.85
Indian River County,2020-07-02,6.57
Jackson County,2020-07-02,14.56
Jefferson County,2020-07-02,7.73
Lafayette County,2020-07-02,7.62
Lake County,2020-07-02,4.04
Lee County,2020-07-02,0.0
Leon County,2020-07-02,9.18
Levy County,2020-07-02,6.2
Liberty County,2020-07-02,11.71
Madison County,2020-07-02,6.85
Manatee County,2020-07-02,0.0
Marion County,2020-07-02,4.91
Martin County,2020-07-02,3.21
Miami-Dade County,2020-07-02,1.29
Monroe County,2020-07-02,0.0
Nassau County,2020-07-02,3.67
Okaloosa County,2020-07-02,11.24
Okeechobee County,2020-07-02,1.54
Orange County,2020-07-02,5.43
Osceola County,2020-07-02,4.63
Palm Beach County,2020-07-02,2.93
Pasco County,2020-07-02,0.03
Pinellas County,2020-07-02,0.0
Polk County,2020-07-02,0.8
Putnam County,2020-07-02,5.36
St. Johns County,2020-07-02,4.16
St. Lucie County,2020-07-02,4.52
Santa Rosa County,2020-07-02,5.9
Sarasota County,2020-07-02,0.0
Seminole County,2020-07-02,5.91
Sumter County,2020-07-02,3.82
Suwannee County,2020-07-02,6.78
Taylor County,2020-07-02,7.61
Union County,2020-07-02,6.07
Volusia County,2020-07-02,7.07
Wakulla County,2020-07-02,8.6
Walton County,2020-07-02,15.92
Washington County,2020-07-02,16.49
Alachua County,2020-07-03,1.11
Baker County,2020-07-03,0.0
Bay County,2020-07-03,0.0
Bradford County,2020-07-03,1.06
Brevard County,2020-07-03,2.6
Broward County,2020-07-03,0.68
Calhoun County,2020-07-03,0.0
Charlotte County,2020-07-03,0.0
Citrus County,2020-07-03,0.84
Clay County,2020-07-03,2.24
Collier County,2020-07-03,0.0
Columbia County,2020-07-03,0.0
DeSoto County,2020-07-03,0.49
Dixie County,2020-07-03,0.0
Duval County,2020-07-03,1.61
Escambia County,2020-07-03,2.76
Flagler County,2020-07-03,3.18
Franklin County,2020-07-03,0.0
Gadsden County,2020-07-03,0.0
Gilchrist County,2020-07-03,0.0
Glades County,2020-07-03,0.06
Gulf County,2020-07-03,0.0
Hamilton County,2020-07-03,0.0
Hardee County,2020-07-03,1.69
Hendry County,2020-07-03,0.03
Hernando County,2020-07-03,0.0
Highlands County,2020-07-03,2.95
Hillsborough County,2020-07-03,0.0
Holmes County,2020-07-03,0.0
Indian River County,2020-07-03,2.63
Jackson County,2020-07-03,0.0
Jefferson County,2020-07-03,0.0
Lafayette County,2020-07-03,0.0
Lake County,2020-07-03,2.08
Lee County,2020-07-03,0.0
Leon County,2020-07-03,0.0
Levy County,2020-07-03,0.0
Liberty County,2020-07-03,0.0
Madison County,2020-07-03,0.0
Manatee County,2020-07-03,0.0
Marion County,2020-07-03,1.85
Martin County,2020-07-03,0.0
Miami-Dade County,2020-07-03,0.41
Monroe County,2020-07-03,0.02
Nassau County,2020-07-03,0.47
Okaloosa County,2020-07-03,0.0
Okeechobee County,2020-07-03,1.58
Orange County,2020-07-03,2.19
Osceola County,2020-07-03,2.81
Palm Beach County,2020-07-03,1.35
Pasco County,2020-07-03,0.0
Pinellas County,2020-07-03,0.0
Polk County,2020-07-03,2.5
Putnam County,2020-07-03,2.98
St. Johns County,2020-07-03,2.66
St. Lucie County,2020-07-03,0.0
Santa Rosa County,2020-07-03,0.5
Sarasota County,2020-07-03,0.0
Seminole County,2020-07-03,1.86
Sumter County,2020-07-03,0.37
Suwannee County,2020-07-03,0.0
Taylor County,2020-07-03,0.0
Union County,2020-07-03,0.0
Volusia County,2020-07-03,2.34
Wakulla County,2020-07-03,0.0
Walton County,2020-07-03,0.0
Washington County,2020-07-03,0.12
Alachua County,2020-07-04,13.32
Baker County,2020-07-04,22.1
Bay County,2020-07-04,4.85
Bradford County,2020-07-04,17.17
Brevard County,2020-07-04,8.92
Broward County,2020-07-04,0.27
Calhoun County,2020-07-04,5.53
Charlotte County,2020-07-04,0.98
Citrus County,2020-07-04,12.0
Clay County,2020-07-04,13.04
Collier County,2020-07-04,0.64
Columbia County,2020-07-04,18.96
DeSoto County,2020-07-04,1.53
Dixie County,2020-07-04,13.05
Duval County,2020-07-04,9.1
Escambia County,2020-07-04,0.0
Flagler County,2020-07-04,9.62
Franklin County,2020-07-04,3.04
Gadsden County,2020-07-04,6.17
Gilchrist County,2020-07-04,15.21
Glades County,2020-07-04,0.86
Gulf County,2020-07-04,3.2
Hamilton County,2020-07-04,15.8
Hardee County,2020-07-04,1.78
Hendry County,2020-07-04,1.33
Hernando County,2020-07-04,7.45
Highlands County,2020-07-04,1.64
Hillsborough County,2020-07-04,2.12
Holmes County,2020-07-04,9.0
Indian River County,2020-07-04,5.54
Jackson County,2020-07-04,7.2
Jefferson County,2020-07-04,8.46
Lafayette County,2020-07-04,14.85
Lake County,2020-07-04,9.66
Lee County,2020-07-04,0.29
Leon County,2020-07-04,6.21
Levy County,2020-07-04,11.69
Liberty County,2020-07-04,4.62
Madison County,2020-07-04,11.25
Manatee County,2020-07-04,1.08
Marion County,2020-07-04,13.25
Martin County,2020-07-04,0.0
Miami-Dade County,2020-07-04,0.3
Monroe County,2020-07-04,0.03
Nassau County,2020-07-04,8.7
Okaloosa County,2020-07-04,0.71
Okeechobee County,2020-07-04,1.22
Orange County,2020-07-04,7.53
Osceola County,2020-07-04,5.15
Palm Beach County,2020-07-04,0.06
Pasco County,2020-07-04,3.71
Pinellas County,2020-07-04,0.0
Polk County,2020-07-04,3.61
Putnam County,2020-07-04,12.62
St. Johns County,2020-07-04,7.91
St. Lucie County,2020-07-04,0.0
Santa Rosa County,2020-07-04,0.0
Sarasota County,2020-07-04,0.94
Seminole County,2020-07-04,8.1
Sumter County,2020-07-04,11.44
Suwannee County,2020-07-04,16.46
Taylor County,2020-07-04,10.55
Union County,2020-07-04,19.44
Volusia County,2020-07-04,9.91
Wakulla County,2020-07-04,4.7
Walton County,2020-07-04,5.23
Washington County,2020-07-04,6.96
Alachua County,2020-07-05,12.84
Baker County,2020-07-05,7.93
Bay County,2020-07-05,20.03
Bradford County,2020-07-05,9.1
Brevard County,2020-07-05,33.23
Broward County,2020-07-05,4.85
Calhoun County,2020-07-05,19.68
Charlotte County,2020-07-05,1.11
Citrus County,2020-07-05,29.03
Clay County,2020-07-05,7.4
Collier County,2020-07-05,1.03
Columbia County,2020-07-05,10.57
DeSoto County,2020-07-05,3.41
Dixie County,2020-07-05,27.87
Duval County,2020-07-05,6.11
Escambia County,2020-07-05,7.92
Flagler County,2020-07-05,8.82
Franklin County,2020-07-05,19.88
Gadsden County,2020-07-05,11.6
Gilchrist County,2020-07-05,21.91
Glades County,2020-07-05,4.48
Gulf County,2020-07-05,25.58
Hamilton County,2020-07-05,7.86
Hardee County,2020-07-05,5.97
Hendry County,2020-07-05,2.3
Hernando County,2020-07-05,21.27
Highlands County,2020-07-05,9.99
Hillsborough County,2020-07-05,8.47
Holmes County,2020-07-05,8.18
Indian River County,2020-07-05,43.32
Jackson County,2020-07-05,7.87
Jefferson County,2020-07-05,12.08
Lafayette County,2020-07-05,18.92
Lake County,2020-07-05,13.14
Lee County,2020-07-05,0.3
Leon County,2020-07-05,12.95
Levy County,2020-07-05,27.52
Liberty County,2020-07-05,21.52
Madison County,2020-07-05,10.5
Manatee County,2020-07-05,3.18
Marion County,2020-07-05,16.24
Martin County,2020-07-05,21.46
Miami-Dade County,2020-07-05,2.29
Monroe County,2020-07-05,0.74
Nassau County,2020-07-05,5.18
Okaloosa County,2020-07-05,8.68
Okeechobee County,2020-07-05,22.9
Orange County,2020-07-05,16.85
Osceola County,2020-07-05,23.78
Palm Beach County,2020-07-05,11.37
Pasco County,2020-07-05,14.07
Pinellas County,2020-07-05,6.84
Polk County,2020-07-05,13.26
Putnam County,2020-07-05,9.23
St. Johns County,2020-07-05,6.45
St. Lucie County,2020-07-05,33.57
Santa Rosa County,2020-07-05,7.32
Sarasota County,2020-07-05,0.0
Seminole County,2020-07-05,13.05
Sumter County,2020-07-05,21.99
Suwannee County,2020-07-05,12.97
Taylor County,2020-07-05,18.5
Union County,2020-07-05,10.43
Volusia County,2020-07-05,11.49
Wakulla County,2020-07-05,17.28
Walton County,2020-07-05,10.73
Washington County,2020-07-05,12.68
Alachua County,2020-07-06,8.67
Baker County,2020-07-06,9.5
Bay County,2020-07-06,19.39
Bradford County,2020-07-06,7.97
Brevard County,2020-07-06,26.11
Broward County,2020-07-06,18.92
Calhoun County,2020-07-06,23.39
Charlotte County,2020-07-06,12.59
Citrus County,2020-07-06,17.83
Clay County,2020-07-06,7.82
Collier County,2020-07-06,12.15
Columbia County,2020-07-06,10.31
DeSoto County,2020-07-06,13.68
Dixie County,2020-07-06,18.78
Duval County,2020-07-06,8.07
Escambia County,2020-07-06,7.9
Flagler County,2020-07-06,10.54
Franklin County,2020-07-06,18.36
Gadsden County,2020-07-06,29.34
Gilchrist County,2020-07-06,13.44
Glades County,2020-07-06,12.4
Gulf County,2020-07-06,19.04
Hamilton County,2020-07-06,12.56
Hardee County,2020-07-06,14.82
Hendry County,2020-07-06,11.64
Hernando County,2020-07-06,16.01
Highlands County,2020-07-06,18.43
Hillsborough County,2020-07-06,13.57
Holmes County,2020-07-06,17.12
Indian River County,2020-07-06,35.21
Jackson County,2020-07-06,20.0
Jefferson County,2020-07-06,28.41
Lafayette County,2020-07-06,17.23
Lake County,2020-07-06,11.31
Lee County,2020-07-06,11.2
Leon County,2020-07-06,30.19
Levy County,2020-07-06,14.61
Liberty County,2020-07-06,24.88
Madison County,2020-07-06,20.69
Manatee County,2020-07-06,11.3
Marion County,2020-07-06,10.89
Martin County,2020-07-06,23.89
Miami-Dade County,2020-07-06,11.98
Monroe County,2020-07-06,10.12
Nassau County,2020-07-06,9.35
Okaloosa County,2020-07-06,9.79
Okeechobee County,2020-07-06,26.02
Orange County,2020-07-06,15.21
Osceola County,2020-07-06,23.64
Palm Beach County,2020-07-06,22.81
Pasco County,2020-07-06,14.0
Pinellas County,2020-07-06,10.78
Polk County,2020-07-06,18.33
Putnam County,2020-07-06,9.05
St. Johns County,2020-07-06,8.08
St. Lucie County,2020-07-06,28.5
Santa Rosa County,2020-07-06,7.71
Sarasota County,2020-07-06,11.33
Seminole County,2020-07-06,12.45
Sumter County,2020-07-06,14.83
Suwannee County,2020-07-06,13.37
Taylor County,2020-07-06,22.7
Union County,2020-07-06,8.75
Volusia County,2020-07-06,12.38
Wakulla County,2020-07-06,25.45
Walton County,2020-07-06,13.83
Washington County,2020-07-06,18.76
Alachua County,2020-07-07,19.73
Baker County,2020-07-07,25.95
Bay County,2020-07-07,13.52
Bradford County,2020-07-07,21.78
Brevard County,2020-07-07,32.66
Broward County,2020-07-07,8.51
Calhoun County,2020-07-07,13.68
Charlotte County,2020-07-07,18.06
Citrus County,2020-07-07,27.35
Clay County,2020-07-07,24.18
Collier County,2020-07-07,11.05
Columbia County,2020-07-07,23.44
DeSoto County,2020-07-07,18.79
Dixie County,2020-07-07,24.95
Duval County,2020-07-07,26.63
Escambia County,2020-07-07,10.04
Flagler County,2020-07-07,28.03
Franklin County,2020-07-07,10.65
Gadsden County,2020-07-07,14.24
Gilchrist County,2020-07-07,23.57
Glades County,2020-07-07,15.4
Gulf County,2020-07-07,11.69
Hamilton County,2020-07-07,21.75
Hardee County,2020-07-07,18.9
Hendry County,2020-07-07,10.79
Hernando County,2020-07-07,21.71
Highlands County,2020-07-07,24.2
Hillsborough County,2020-07-07,15.84
Holmes County,2020-07-07,13.84
Indian River County,2020-07-07,39.98
Jackson County,2020-07-07,11.93
Jefferson County,2020-07-07,16.36
Lafayette County,2020-07-07,24.69
Lake County,2020-07-07,20.19
Lee County,2020-07-07,15.75
Leon County,2020-07-07,14.97
Levy County,2020-07-07,22.9
Liberty County,2020-07-07,13.6
Madison County,2020-07-07,19.17
Manatee County,2020-07-07,13.92
Marion County,2020-07-07,23.83
Martin County,2020-07-07,21.01
Miami-Dade County,2020-07-07,4.74
Monroe County,2020-07-07,6.23
Nassau County,2020-07-07,29.32
Okaloosa County,2020-07-07,11.76
Okeechobee County,2020-07-07,30.39
Orange County,2020-07-07,22.04
Osceola County,2020-07-07,27.94
Palm Beach County,2020-07-07,13.39
Pasco County,2020-07-07,17.32
Pinellas County,2020-07-07,11.9
Polk County,2020-07-07,21.85
Putnam County,2020-07-07,26.73
St. Johns County,2020-07-07,25.32
St. Lucie County,2020-07-07,31.21
Santa Rosa County,2020-07-07,10.5
Sarasota County,2020-07-07,15.03
Seminole County,2020-07-07,21.22
Sumter County,2020-07-07,24.48
Suwannee County,2020-07-07,22.95
Taylor County,2020-07-07,20.28
Union County,2020-07-07,21.83
Volusia County,2020-07-07,25.42
Wakulla County,2020-07-07,13.63
Walton County,2020-07-07,13.07
Washington County,2020-07-07,13.64
Alachua County,2020-07-08,14.55
Baker County,2020-07-08,15.86
Bay County,2020-07-08,14.59
Bradford County,2020-07-08,15.2
Brevard County,2020-07-08,10.5
Broward County,2020-07-08,2.2
Calhoun County,2020-07-08,14.19
Charlotte County,2020-07-08,2.93
Citrus County,2020-07-08,16.19
Clay County,2020-07-08,13.8
Collier County,2020-07-08,1.62
Columbia County,2020-07-08,15.42
DeSoto County,2020-07-08,3.63
Dixie County,2020-07-08,16.71
Duval County,2020-07-08,11.22
Escambia County,2020-07-08,13.38
Flagler County,2020-07-08,14.71
Franklin County,2020-07-08,10.52
Gadsden County,2020-07-08,15.8
Gilchrist County,2020-07-08,16.12
Glades County,2020-07-08,2.79
Gulf County,2020-07-08,11.56
Hamilton County,2020-07-08,14.21
Hardee County,2020-07-08,4.89
Hendry County,2020-07-08,1.7
Hernando County,2020-07-08,11.33
Highlands County,2020-07-08,5.75
Hillsborough County,2020-07-08,5.49
Holmes County,2020-07-08,15.58
Indian River County,2020-07-08,10.03
Jackson County,2020-07-08,12.39
Jefferson County,2020-07-08,16.86
Lafayette County,2020-07-08,16.7
Lake County,2020-07-08,12.19
Lee County,2020-07-08,2.14
Leon County,2020-07-08,16.68
Levy County,2020-07-08,14.83
Liberty County,2020-07-08,14.05
Madison County,2020-07-08,15.27
Manatee County,2020-07-08,3.34
Marion County,2020-07-08,15.7
Martin County,2020-07-08,5.2
Miami-Dade County,2020-07-08,1.66
Monroe County,2020-07-08,1.95
Nassau County,2020-07-08,11.1
Okaloosa County,2020-07-08,15.3
Okeechobee County,2020-07-08,7.21
Orange County,2020-07-08,11.36
Osceola County,2020-07-08,10.73
Palm Beach County,2020-07-08,3.48
Pasco County,2020-07-08,7.82
Pinellas County,2020-07-08,3.83
Polk County,2020-07-08,8.85
Putnam County,2020-07-08,15.84
St. Johns County,2020-07-08,12.23
St. Lucie County,2020-07-08,7.07
Santa Rosa County,2020-07-08,12.47
Sarasota County,2020-07-08,2.97
Seminole County,2020-07-08,10.73
Sumter County,2020-07-08,14.73
Suwannee County,2020-07-08,15.36
Taylor County,2020-07-08,16.36
Union County,2020-07-08,15.55
Volusia County,2020-07-08,12.96
Wakulla County,2020-07-08,14.46
Walton County,2020-07-08,16.42
Washington County,2020-07-08,15.09
Alachua County,2020-07-09,5.49
Baker County,2020-07-09,5.85
Bay County,2020-07-09,1.58
Bradford County,2020-07-09,6.51
Brevard County,2020-07-09,3.52
Broward County,2020-07-09,4.96
Calhoun County,2020-07-09,0.5
Charlotte County,2020-07-09,0.07
Citrus County,2020-07-09,6.04
Clay County,2020-07-09,7.29
Collier County,2020-07-09,0.66
Columbia County,2020-07-09,4.21
DeSoto County,2020-07-09,0.25
Dixie County,2020-07-09,3.2
Duval County,2020-07-09,6.51
Escambia County,2020-07-09,9.9
Flagler County,2020-07-09,9.31
Franklin County,2020-07-09,0.0
Gadsden County,2020-07-09,0.0
Gilchrist County,2020-07-09,3.99
Glades County,2020-07-09,1.29
Gulf County,2020-07-09,0.0
Hamilton County,2020-07-09,2.97
Hardee County,2020-07-09,1.42
Hendry County,2020-07-09,0.77
Hernando County,2020-07-09,4.47
Highlands County,2020-07-09,2.17
Hillsborough County,2020-07-09,1.66
Holmes County,2020-07-09,3.32
Indian River County,2020-07-09,2.65
Jackson County,2020-07-09,1.64
Jefferson County,2020-07-09,0.0
Lafayette County,2020-07-09,3.04
Lake County,2020-07-09,5.78
Lee County,2020-07-09,0.03
Leon County,2020-07-09,0.0
Levy County,2020-07-09,4.19
Liberty County,2020-07-09,0.0
Madison County,2020-07-09,0.89
Manatee County,2020-07-09,0.02
Marion County,2020-07-09,7.19
Martin County,2020-07-09,2.44
Miami-Dade County,2020-07-09,3.35
Monroe County,2020-07-09,2.0
Nassau County,2020-07-09,5.37
Okaloosa County,2020-07-09,4.69
Okeechobee County,2020-07-09,2.32
Orange County,2020-07-09,4.59
Osceola County,2020-07-09,3.42
Palm Beach County,2020-07-09,3.82
Pasco County,2020-07-09,3.13
Pinellas County,2020-07-09,0.0
Polk County,2020-07-09,3.24
Putnam County,2020-07-09,8.76
St. Johns County,2020-07-09,8.0
St. Lucie County,2020-07-09,0.98
Santa Rosa County,2020-07-09,6.51
Sarasota County,2020-07-09,0.0
Seminole County,2020-07-09,4.81
Sumter County,2020-07-09,6.39
Suwannee County,2020-07-09,3.12
Taylor County,2020-07-09,0.29
Union County,2020-07-09,5.47
Volusia County,2020-07-09,6.98
Wakulla County,2020-07-09,0.0
Walton County,2020-07-09,3.61
Washington County,2020-07-09,2.43
Alachua County,2020-07-10,4.36
Baker County,2020-07-10,1.79
Bay County,2020-07-10,0.02
Bradford County,2020-07-10,5.23
Brevard County,2020-07-10,1.95
Broward County,2020-07-10,0.0
Calhoun County,2020-07-10,0.0
Charlotte County,2020-07-10,0.0
Citrus County,2020-07-10,18.78
Clay County,2020-07-10,6.44
Collier County,2020-07-10,0.14
Columbia County,2020-07-10,0.0
DeSoto County,2020-07-10,0.0
Dixie County,2020-07-10,0.0
Duval County,2020-07-10,4.84
Escambia County,2020-07-10,0.0
Flagler County,2020-07-10,11.92
Franklin County,2020-07-10,0.0
Gadsden County,2020-07-10,0.0
Gilchrist County,2020-07-10,0.0
Glades County,2020-07-10,0.0
Gulf County,2020-07-10,1.01
Hamilton County,2020-07-10,0.0
Hardee County,2020-07-10,1.45
Hendry County,2020-07-10,0.14
Hernando County,2020-07-10,15.9
Highlands County,2020-07-10,0.26
Hillsborough County,2020-07-10,6.74
Holmes County,2020-07-10,0.76
Indian River County,2020-07-10,0.0
Jackson County,2020-07-10,0.07
Jefferson County,2020-07-10,0.0
Lafayette County,2020-07-10,0.0
Lake County,2020-07-10,15.55
Lee County,2020-07-10,0.0
Leon County,2020-07-10,0.0
Levy County,2020-07-10,4.0
Liberty County,2020-07-10,0.18
Madison County,2020-07-10,0.0
Manatee County,2020-07-10,0.33
Marion County,2020-07-10,15.36
Martin County,2020-07-10,0.02
Miami-Dade County,2020-07-10,0.27
Monroe County,2020-07-10,0.62
Nassau County,2020-07-10,3.21
Okaloosa County,2020-07-10,0.0
Okeechobee County,2020-07-10,0.0
Orange County,2020-07-10,9.29
Osceola County,2020-07-10,3.99
Palm Beach County,2020-07-10,0.0
Pasco County,2020-07-10,11.67
Pinellas County,2020-07-10,6.14
Polk County,2020-07-10,6.97
Putnam County,2020-07-10,11.38
St. Johns County,2020-07-10,7.94
St. Lucie County,2020-07-10,0.05
Santa Rosa County,2020-07-10,0.0
Sarasota County,2020-07-10,0.0
Seminole County,2020-07-10,8.5
Sumter County,2020-07-10,19.95
Suwannee County,2020-07-10,0.0
Taylor County,2020-07-10,0.0
Union County,2020-07-10,1.8
Volusia County,2020-07-10,10.27
Wakulla County,2020-07-10,0.0
Walton County,2020-07-10,0.0
Washington County,2020-07-10,0.68
Alachua County,2020-07-11,11.62
Baker County,2020-07-11,3.98
Bay County,2020-07-11,4.04
Bradford County,2020-07-11,7.93
Brevard County,2020-07-11,13.3
Broward County,2020-07-11,7.93
Calhoun County,2020-07-11,3.97
Charlotte County,2020-07-11,2.3
Citrus County,2020-07-11,17.34
Clay County,2020-07-11,6.17
Collier County,2020-07-11,4.59
Columbia County,2020-07-11,5.16
DeSoto County,2020-07-11,2.44
Dixie County,2020-07-11,10.16
Duval County,2020-07-11,2.68
Escambia County,2020-07-11,0.8
Flagler County,2020-07-11,10.56
Franklin County,2020-07-11,2.96
Gadsden County,2020-07-11,3.25
Gilchrist County,2020-07-11,10.91
Glades County,2020-07-11,2.45
Gulf County,2020-07-11,3.14
Hamilton County,2020-07-11,2.79
Hardee County,2020-07-11,3.35
Hendry County,2020-07-11,2.72
Hernando County,2020-07-11,11.89
Highlands County,2020-07-11,4.35
Hillsborough County,2020-07-11,4.8
Holmes County,2020-07-11,6.3
Indian River County,2020-07-11,12.61
Jackson County,2020-07-11,4.03
Jefferson County,2020-07-11,2.92
Lafayette County,2020-07-11,6.28
Lake County,2020-07-11,12.55
Lee County,2020-07-11,2.44
Leon County,2020-07-11,3.23
Levy County,2020-07-11,14.51
Liberty County,2020-07-11,3.64
Madison County,2020-07-11,2.92
Manatee County,2020-07-11,2.32
Marion County,2020-07-11,15.3
Martin County,2020-07-11,5.39
Miami-Dade County,2020-07-11,10.45
Monroe County,2020-07-11,10.01
Nassau County,2020-07-11,1.5
Okaloosa County,2020-07-11,2.98
Okeechobee County,2020-07-11,7.61
Orange County,2020-07-11,12.91
Osceola County,2020-07-11,12.4
Palm Beach County,2020-07-11,5.42
Pasco County,2020-07-11,7.72
Pinellas County,2020-07-11,3.22
Polk County,2020-07-11,8.03
Putnam County,2020-07-11,11.08
St. Johns County,2020-07-11,5.62
St. Lucie County,2020-07-11,8.45
Santa Rosa County,2020-07-11,1.69
Sarasota County,2020-07-11,1.89
Seminole County,2020-07-11,12.86
Sumter County,2020-07-11,15.66
Suwannee County,2020-07-11,4.72
Taylor County,2020-07-11,4.96
Union County,2020-07-11,7.1
Volusia County,2020-07-11,12.9
Wakulla County,2020-07-11,3.67
Walton County,2020-07-11,4.6
Washington County,2020-07-11,4.96
Alachua County,2020-07-12,0.78
Baker County,2020-07-12,0.0
Bay County,2020-07-12,0.0
Bradford County,2020-07-12,0.05
Brevard County,2020-07-12,11.86
Broward County,2020-07-12,8.15
Calhoun County,2020-07-12,0.0
Charlotte County,2020-07-12,5.22
Citrus County,2020-07-12,4.96
Clay County,2020-07-12,1.2
Collier County,2020-07-12,3.97
Columbia County,2020-07-12,0.0
DeSoto County,2020-07-12,6.68
Dixie County,2020-07-12,0.0
Duval County,2020-07-12,0.37
Escambia County,2020-07-12,0.01
Flagler County,2020-07-12,7.05
Franklin County,2020-07-12,0.0
Gadsden County,2020-07-12,0.0
Gilchrist County,2020-07-12,0.0
Glades County,2020-07-12,6.7
Gulf County,2020-07-12,0.0
Hamilton County,2020-07-12,0.0
Hardee County,2020-07-12,7.5
Hendry County,2020-07-12,4.88
Hernando County,2020-07-12,5.47
Highlands County,2020-07-12,10.34
Hillsborough County,2020-07-12,4.68
Holmes County,2020-07-12,0.0
Indian River County,2020-07-12,13.4
Jackson County,2020-07-12,0.0
Jefferson County,2020-07-12,0.0
Lafayette County,2020-07-12,0.0
Lake County,2020-07-12,7.95
Lee County,2020-07-12,4.04
Leon County,2020-07-12,0.0
Levy County,2020-07-12,0.04
Liberty County,2020-07-12,0.0
Madison County,2020-07-12,0.0
Manatee County,2020-07-12,3.06
Marion County,2020-07-12,4.85
Martin County,2020-07-12,8.6
Miami-Dade County,2020-07-12,7.52
Monroe County,2020-07-12,4.45
Nassau County,2020-07-12,0.0
Okaloosa County,2020-07-12,0.0
Okeechobee County,2020-07-12,11.08
Orange County,2020-07-12,9.88
Osceola County,2020-07-12,11.03
Palm Beach County,2020-07-12,7.1
Pasco County,2020-07-12,4.86
Pinellas County,2020-07-12,2.01
Polk County,2020-07-12,9.79
Putnam County,2020-07-12,4.62
St. Johns County,2020-07-12,3.73
St. Lucie County,2020-07-12,10.91
Santa Rosa County,2020-07-12,0.0
Sarasota County,2020-07-12,2.47
Seminole County,2020-07-12,9.29
Sumter County,2020-07-12,7.85
Suwannee County,2020-07-12,0.0
Taylor County,2020-07-12,0.0
Union County,2020-07-12,0.0
Volusia County,2020-07-12,9.48
Wakulla County,2020-07-12,0.0
Walton County,2020-07-12,0.0
Washington County,2020-07-12,0.0
Alachua County,2020-07-13,0.0
Baker County,2020-07-13,0.0
Bay County,2020-07-13,11.45
Bradford County,2020-07-13,0.0
Brevard County,2020-07-13,3.68
Broward County,2020-07-13,7.09
Calhoun County,2020-07-13,7.32
Charlotte County,2020-07-13,3.6
Citrus County,2020-07-13,0.0
Clay County,2020-07-13,0.0
Collier County,2020-07-13,7.54
Columbia County,2020-07-13,0.0
DeSoto County,2020-07-13,1.83
Dixie County,2020-07-13,0.0
Duval County,2020-07-13,0.0
Escambia County,2020-07-13,17.72
Flagler County,2020-07-13,0.0
Franklin County,2020-07-13,3.17
Gadsden County,2020-07-13,3.73
Gilchrist County,2020-07-13,0.0
Glades County,2020-07-13,4.22
Gulf County,2020-07-13,5.59
Hamilton County,2020-07-13,0.0
Hardee County,2020-07-13,0.0
Hendry County,2020-07-13,5.6
Hernando County,2020-07-13,0.0
Highlands County,2020-07-13,1.91
Hillsborough County,2020-07-13,0.04
Holmes County,2020-07-13,18.46
Indian River County,2020-07-13,9.16
Jackson County,2020-07-13,7.6
Jefferson County,2020-07-13,0.0
Lafayette County,2020-07-13,0.0
Lake County,2020-07-13,0.0
Lee County,2020-07-13,5.76
Leon County,2020-07-13,0.93
Levy County,2020-07-13,0.0
Liberty County,2020-07-13,4.9
Madison County,2020-07-13,0.0
Manatee County,2020-07-13,0.01
Marion County,2020-07-13,0.0
Martin County,2020-07-13,13.9
Miami-Dade County,2020-07-13,3.54
Monroe County,2020-07-13,4.5
Nassau County,2020-07-13,0.0
Okaloosa County,2020-07-13,22.11
Okeechobee County,2020-07-13,6.21
Orange County,2020-07-13,0.0
Osceola County,2020-07-13,0.95
Palm Beach County,2020-07-13,11.36
Pasco County,2020-07-13,0.0
Pinellas County,2020-07-13,0.0
Polk County,2020-07-13,0.05
Putnam County,2020-07-13,0.0
St. Johns County,2020-07-13,0.0
St. Lucie County,2020-07-13,12.77
Santa Rosa County,2020-07-13,18.53
Sarasota County,2020-07-13,0.71
Seminole County,2020-07-13,0.0
Sumter County,2020-07-13,0.0
Suwannee County,2020-07-13,0.0
Taylor County,2020-07-13,0.0
Union County,2020-07-13,0.0
Volusia County,2020-07-13,0.01
Wakulla County,2020-07-13,1.72
Walton County,2020-07-13,21.05
Washington County,2020-07-13,13.97
Alachua County,2020-07-14,0.0
Baker County,2020-07-14,0.0
Bay County,2020-07-14,2.11
Bradford County,2020-07-14,0.0
Brevard County,2020-07-14,0.0
Broward County,2020-07-14,1.2
Calhoun County,2020-07-14,0.0
Charlotte County,2020-07-14,0.0
Citrus County,2020-07-14,0.0
Clay County,2020-07-14,0.0
Collier County,2020-07-14,1.31
Columbia County,2020-07-14,0.0
DeSoto County,2020-07-14,0.0
Dixie County,2020-07-14,0.0
Duval County,2020-07-14,0.0
Escambia County,2020-07-14,3.98
Flagler County,2020-07-14,0.0
Franklin County,2020-07-14,1.89
Gadsden County,2020-07-14,0.0
Gilchrist County,2020-07-14,0.0
Glades County,2020-07-14,0.01
Gulf County,2020-07-14,3.21
Hamilton County,2020-07-14,0.0
Hardee County,2020-07-14,0.0
Hendry County,2020-07-14,0.31
Hernando County,2020-07-14,0.0
Highlands County,2020-07-14,0.02
Hillsborough County,2020-07-14,0.16
Holmes County,2020-07-14,0.0
Indian River County,2020-07-14,0.0
Jackson County,2020-07-14,0.0
Jefferson County,2020-07-14,0.43
Lafayette County,2020-07-14,0.0
Lake County,2020-07-14,0.0
Lee County,2020-07-14,0.38
Leon County,2020-07-14,0.0
Levy County,2020-07-14,0.0
Liberty County,2020-07-14,0.45
Madison County,2020-07-14,0.0
Manatee County,2020-07-14,0.0
Marion County,2020-07-14,0.0
Martin County,2020-07-14,0.0
Miami-Dade County,2020-07-14,1.78
Monroe County,2020-07-14,1.69
Nassau County,2020-07-14,0.0
Okaloosa County,2020-07-14,4.35
Okeechobee County,2020-07-14,0.0
Orange County,2020-07-14,0.0
Osceola County,2020-07-14,0.1
Palm Beach County,2020-07-14,0.04
Pasco County,2020-07-14,0.38
Pinellas County,2020-07-14,0.99
Polk County,2020-07-14,0.0
Putnam County,2020-07-14,0.0
St. Johns County,2020-07-14,0.0
St. Lucie County,2020-07-14,0.0
Santa Rosa County,2020-07-14,4.0
Sarasota County,2020-07-14,0.0
Seminole County,2020-07-14,0.0
Sumter County,2020-07-14,0.0
Suwannee County,2020-07-14,0.0
Taylor County,2020-07-14,0.0
Union County,2020-07-14,0.0
Volusia County,2020-07-14,0.0
Wakulla County,2020-07-14,0.0
Walton County,2020-07-14,2.13
Washington County,2020-07-14,0.1
Alachua County,2020-07-15,0.32
Baker County,2020-07-15,0.0
Bay County,2020-07-15,2.87
Bradford County,2020-07-15,0.0
Brevard County,2020-07-15,10.25
Broward County,2020-07-15,3.97
Calhoun County,2020-07-15,2.04
Charlotte County,2020-07-15,0.24
Citrus County,2020-07-15,4.16
Clay County,2020-07-15,2.52
Collier County,2020-07-15,0.34
Columbia County,2020-07-15,0.0
DeSoto County,2020-07-15,1.46
Dixie County,2020-07-15,0.0
Duval County,2020-07-15,0.84
Escambia County,2020-07-15,6.22
Flagler County,2020-07-15,19.84
Franklin County,2020-07-15,0.29
Gadsden County,2020-07-15,3.36
Gilchrist County,2020-07-15,0.0
Glades County,2020-07-15,1.73
Gulf County,2020-07-15,0.0
Hamilton County,2020-07-15,0.0
Hardee County,2020-07-15,2.02
Hendry County,2020-07-15,1.32
Hernando County,2020-07-15,3.3
Highlands County,2020-07-15,2.71
Hillsborough County,2020-07-15,1.82
Holmes County,2020-07-15,8.62
Indian River County,2020-07-15,6.77
Jackson County,2020-07-15,4.28
Jefferson County,2020-07-15,2.79
Lafayette County,2020-07-15,0.0
Lake County,2020-07-15,6.51
Lee County,2020-07-15,0.09
Leon County,2020-07-15,3.59
Levy County,2020-07-15,0.04
Liberty County,2020-07-15,1.3
Madison County,2020-07-15,0.03
Manatee County,2020-07-15,1.22
Marion County,2020-07-15,6.05
Martin County,2020-07-15,4.52
Miami-Dade County,2020-07-15,0.86
Monroe County,2020-07-15,0.0
Nassau County,2020-07-15,0.0
Okaloosa County,2020-07-15,7.84
Okeechobee County,2020-07-15,4.21
Orange County,2020-07-15,7.6
Osceola County,2020-07-15,6.2
Palm Beach County,2020-07-15,5.18
Pasco County,2020-07-15,2.45
Pinellas County,2020-07-15,1.15
Polk County,2020-07-15,3.5
Putnam County,2020-07-15,11.1
St. Johns County,2020-07-15,12.36
St. Lucie County,2020-07-15,4.65
Santa Rosa County,2020-07-15,7.72
Sarasota County,2020-07-15,1.01
Seminole County,2020-07-15,9.26
Sumter County,2020-07-15,5.17
Suwannee County,2020-07-15,0.0
Taylor County,2020-07-15,0.15
Union County,2020-07-15,0.0
Volusia County,2020-07-15,14.78
Wakulla County,2020-07-15,2.8
Walton County,2020-07-15,7.58
Washington County,2020-07-15,6.15
Alachua County,2020-07-16,9.91
Baker County,2020-07-16,4.92
Bay County,2020-07-16,13.33
Bradford County,2020-07-16,6.49
Brevard County,2020-07-16,0.36
Broward County,2020-07-16,1.46
Calhoun County,2020-07-16,7.06
Charlotte County,2020-07-16,9.6
Citrus County,2020-07-16,20.35
Clay County,2020-07-16,3.81
Collier County,2020-07-16,4.62
Columbia County,2020-07-16,6.72
DeSoto County,2020-07-16,9.45
Dixie County,2020-07-16,14.25
Duval County,2020-07-16,1.41
Escambia County,2020-07-16,22.81
Flagler County,2020-07-16,0.0
Franklin County,2020-07-16,4.89
Gadsden County,2020-07-16,1.74
Gilchrist County,2020-07-16,12.97
Glades County,2020-07-16,5.48
Gulf County,2020-07-16,7.35
Hamilton County,2020-07-16,4.66
Hardee County,2020-07-16,9.06
Hendry County,2020-07-16,4.2
Hernando County,2020-07-16,16.82
Highlands County,2020-07-16,8.74
Hillsborough County,2020-07-16,11.54
Holmes County,2020-07-16,18.69
Indian River County,2020-07-16,1.69
Jackson County,2020-07-16,6.79
Jefferson County,2020-07-16,1.65
Lafayette County,2020-07-16,8.86
Lake County,2020-07-16,6.67
Lee County,2020-07-16,7.69
Leon County,2020-07-16,0.98
Levy County,2020-07-16,17.21
Liberty County,2020-07-16,4.71
Madison County,2020-07-16,3.76
Manatee County,2020-07-16,9.87
Marion County,2020-07-16,10.42
Martin County,2020-07-16,0.0
Miami-Dade County,2020-07-16,1.57
Monroe County,2020-07-16,3.62
Nassau County,2020-07-16,1.91
Okaloosa County,2020-07-16,21.86
Okeechobee County,2020-07-16,5.65
Orange County,2020-07-16,4.27
Osceola County,2020-07-16,5.86
Palm Beach County,2020-07-16,0.89
Pasco County,2020-07-16,13.76
Pinellas County,2020-07-16,12.43
Polk County,2020-07-16,9.13
Putnam County,2020-07-16,4.43
St. Johns County,2020-07-16,0.2
St. Lucie County,2020-07-16,0.0
Santa Rosa County,2020-07-16,20.17
Sarasota County,2020-07-16,10.51
Seminole County,2020-07-16,2.26
Sumter County,2020-07-16,13.31
Suwannee County,2020-07-16,6.82
Taylor County,2020-07-16,6.25
Union County,2020-07-16,7.22
Volusia County,2020-07-16,0.62
Wakulla County,2020-07-16,3.28
Walton County,2020-07-16,21.48
Washington County,2020-07-16,15.35
Alachua County,2020-07-17,0.0
Baker County,2020-07-17,0.0
Bay County,2020-07-17,0.0
Bradford County,2020-07-17,0.0
Brevard County,2020-07-17,0.11
Broward County,2020-07-17,6.02
Calhoun County,2020-07-17,0.0
Charlotte County,2020-07-17,0.0
Citrus County,2020-07-17,4.76
Clay County,2020-07-17,0.0
Collier County,2020-07-17,4.04
Columbia County,2020-07-17,0.0
DeSoto County,2020-07-17,0.0
Dixie County,2020-07-17,0.66
Duval County,2020-07-17,0.0
Escambia County,2020-07-17,0.0
Flagler County,2020-07-17,0.0
Franklin County,2020-07-17,0.0
Gadsden County,2020-07-17,0.0
Gilchrist County,2020-07-17,0.0
Glades County,2020-07-17,0.09
Gulf County,2020-07-17,0.0
Hamilton County,2020-07-17,0.0
Hardee County,2020-07-17,0.0
Hendry County,2020-07-17,1.13
Hernando County,2020-07-17,4.69
Highlands County,2020-07-17,0.04
Hillsborough County,2020-07-17,2.7
Holmes County,2020-07-17,0.0
Indian River County,2020-07-17,2.18
Jackson County,2020-07-17,0.07
Jefferson County,2020-07-17,0.0
Lafayette County,2020-07-17,0.0
Lake County,2020-07-17,0.77
Lee County,2020-07-17,0.67
Leon County,2020-07-17,0.0
Levy County,2020-07-17,1.26
Liberty County,2020-07-17,0.0
Madison County,2020-07-17,0.0
Manatee County,2020-07-17,1.07
Marion County,2020-07-17,0.21
Martin County,2020-07-17,2.24
Miami-Dade County,2020-07-17,11.97
Monroe County,2020-07-17,12.59
Nassau County,2020-07-17,0.0
Okaloosa County,2020-07-17,0.0
Okeechobee County,2020-07-17,1.74
Orange County,2020-07-17,0.24
Osceola County,2020-07-17,0.94
Palm Beach County,2020-07-17,3.02
Pasco County,2020-07-17,4.22
Pinellas County,2020-07-17,4.43
Polk County,2020-07-17,1.18
Putnam County,2020-07-17,0.0
St. Johns County,2020-07-17,0.0
St. Lucie County,2020-07-17,2.49
Santa Rosa County,2020-07-17,0.0
Sarasota County,2020-07-17,0.75
Seminole County,2020-07-17,0.0
Sumter County,2020-07-17,2.48
Suwannee County,2020-07-17,0.0
Taylor County,2020-07-17,0.0
Union County,2020-07-17,0.0
Volusia County,2020-07-17,0.0
Wakulla County,2020-07-17,0.0
Walton County,2020-07-17,0.0
Washington County,2020-07-17,0.1
Alachua County,2020-07-18,1.47
Baker County,2020-07-18,0.07
Bay County,2020-07-18,0.0
Bradford County,2020-07-18,0.38
Brevard County,2020-07-18,3.96
Broward County,2020-07-18,37.24
Calhoun County,2020-07-18,0.0
Charlotte County,2020-07-18,10.41
Citrus County,2020-07-18,2.04
Clay County,2020-07-18,0.0
Collier County,2020-07-18,17.23
Columbia County,2020-07-18,0.34
DeSoto County,2020-07-18,9.08
Dixie County,2020-07-18,0.0
Duval County,2020-07-18,0.0
Escambia County,2020-07-18,0.0
Flagler County,2020-07-18,0.0
Franklin County,2020-07-18,0.0
Gadsden County,2020-07-18,0.0
Gilchrist County,2020-07-18,0.0
Glades County,2020-07-18,9.4
Gulf County,2020-07-18,0.57
Hamilton County,2020-07-18,0.0
Hardee County,2020-07-18,7.44
Hendry County,2020-07-18,10.53
Hernando County,2020-07-18,2.57
Highlands County,2020-07-18,10.4
Hillsborough County,2020-07-18,4.06
Holmes County,2020-07-18,0.0
Indian River County,2020-07-18,18.83
Jackson County,2020-07-18,0.0
Jefferson County,2020-07-18,0.0
Lafayette County,2020-07-18,0.0
Lake County,2020-07-18,1.07
Lee County,2020-07-18,11.15
Leon County,2020-07-18,0.0
Levy County,2020-07-18,0.13
Liberty County,2020-07-18,0.16
Madison County,2020-07-18,0.0
Manatee County,2020-07-18,6.21
Marion County,2020-07-18,0.96
Martin County,2020-07-18,30.01
Miami-Dade County,2020-07-18,39.14
Monroe County,2020-07-18,31.53
Nassau County,2020-07-18,0.0
Okaloosa County,2020-07-18,0.0
Okeechobee County,2020-07-18,17.22
Orange County,2020-07-18,0.97
Osceola County,2020-07-18,5.87
Palm Beach County,2020-07-18,31.73
Pasco County,2020-07-18,2.53
Pinellas County,2020-07-18,2.7
Polk County,2020-07-18,5.64
Putnam County,2020-07-18,0.0
St. Johns County,2020-07-18,0.0
St. Lucie County,2020-07-18,28.11
Santa Rosa County,2020-07-18,0.0
Sarasota County,2020-07-18,8.67
Seminole County,2020-07-18,0.0
Sumter County,2020-07-18,2.52
Suwannee County,2020-07-18,0.0
Taylor County,2020-07-18,0.0
Union County,2020-07-18,1.04
Volusia County,2020-07-18,0.0
Wakulla County,2020-07-18,0.0
Walton County,2020-07-18,0.0
Washington County,2020-07-18,0.0
Alachua County,2020-07-19,3.78
Baker County,2020-07-19,5.37
Bay County,2020-07-19,0.0
Bradford County,2020-07-19,4.71
Brevard County,2020-07-19,4.0
Broward County,2020-07-19,10.47
Calhoun County,2020-07-19,0.0
Charlotte County,2020-07-19,1.3
Citrus County,2020-07-19,4.08
Clay County,2020-07-19,3.85
Collier County,2020-07-19,3.2
Columbia County,2020-07-19,4.12
DeSoto County,2020-07-19,1.4
Dixie County,2020-07-19,3.21
Duval County,2020-07-19,3.01
Escambia County,2020-07-19,0.48
Flagler County,2020-07-19,2.39
Franklin County,2020-07-19,0.0
Gadsden County,2020-07-19,0.0
Gilchrist County,2020-07-19,3.7
Glades County,2020-07-19,1.97
Gulf County,2020-07-19,0.46
Hamilton County,2020-07-19,2.23
Hardee County,2020-07-19,1.67
Hendry County,2020-07-19,2.43
Hernando County,2020-07-19,2.98
Highlands County,2020-07-19,2.63
Hillsborough County,2020-07-19,1.61
Holmes County,2020-07-19,0.0
Indian River County,2020-07-19,6.77
Jackson County,2020-07-19,0.0
Jefferson County,2020-07-19,0.0
Lafayette County,2020-07-19,3.17
Lake County,2020-07-19,3.35
Lee County,2020-07-19,1.34
Leon County,2020-07-19,0.0
Levy County,2020-07-19,3.3
Liberty County,2020-07-19,0.12
Madison County,2020-07-19,0.33
Manatee County,2020-07-19,1.11
Marion County,2020-07-19,4.02
Martin County,2020-07-19,6.77
Miami-Dade County,2020-07-19,9.4
Monroe County,2020-07-19,5.83
Nassau County,2020-07-19,2.91
Okaloosa County,2020-07-19,0.63
Okeechobee County,2020-07-19,5.13
Orange County,2020-07-19,3.09
Osceola County,2020-07-19,4.03
Palm Beach County,2020-07-19,8.23
Pasco County,2020-07-19,2.13
Pinellas County,2020-07-19,1.05
Polk County,2020-07-19,2.84
Putnam County,2020-07-19,3.62
St. Johns County,2020-07-19,2.28
St. Lucie County,2020-07-19,6.72
Santa Rosa County,2020-07-19,0.27
Sarasota County,2020-07-19,1.08
Seminole County,2020-07-19,2.55
Sumter County,2020-07-19,4.12
Suwannee County,2020-07-19,3.2
Taylor County,2020-07-19,1.2
Union County,2020-07-19,4.84
Volusia County,2020-07-19,2.55
Wakulla County,2020-07-19,0.0
Walton County,2020-07-19,0.03
Washington County,2020-07-19,0.0
Alachua County,2020-07-20,0.0
Baker County,2020-07-20,0.0
Bay County,2020-07-20,1.0
Bradford County,2020-07-20,0.0
Brevard County,2020-07-20,0.0
Broward County,2020-07-20,5.07
Calhoun County,2020-07-20,0.0
Charlotte County,2020-07-20,6.79
Citrus County,2020-07-20,0.0
Clay County,2020-07-20,0.0
Collier County,2020-07-20,12.05
Columbia County,2020-07-20,0.0
DeSoto County,2020-07-20,4.82
Dixie County,2020-07-20,0.13
Duval County,2020-07-20,0.0
Escambia County,2020-07-20,1.75
Flagler County,2020-07-20,0.0
Franklin County,2020-07-20,0.39
Gadsden County,2020-07-20,0.0
Gilchrist County,2020-07-20,0.0
Glades County,2020-07-20,4.54
Gulf County,2020-07-20,1.43
Hamilton County,2020-07-20,0.0
Hardee County,2020-07-20,3.19
Hendry County,2020-07-20,5.38
Hernando County,2020-07-20,0.08
Highlands County,2020-07-20,4.88
Hillsborough County,2020-07-20,1.71
Holmes County,2020-07-20,0.0
Indian River County,2020-07-20,3.7
Jackson County,2020-07-20,0.0
Jefferson County,2020-07-20,0.0
Lafayette County,2020-07-20,0.0
Lake County,2020-07-20,0.0
Lee County,2020-07-20,10.53
Leon County,2020-07-20,0.0
Levy County,2020-07-20,0.0
Liberty County,2020-07-20,0.06
Madison County,2020-07-20,0.0
Manatee County,2020-07-20,2.5
Marion County,2020-07-20,0.0
Martin County,2020-07-20,8.07
Miami-Dade County,2020-07-20,4.18
Monroe County,2020-07-20,8.41
Nassau County,2020-07-20,0.0
Okaloosa County,2020-07-20,2.97
Okeechobee County,2020-07-20,5.47
Orange County,2020-07-20,0.0
Osceola County,2020-07-20,0.57
Palm Beach County,2020-07-20,5.91
Pasco County,2020-07-20,0.83
Pinellas County,2020-07-20,2.1
Polk County,2020-07-20,1.27
Putnam County,2020-07-20,0.0
St. Johns County,2020-07-20,0.0
St. Lucie County,2020-07-20,7.36
Santa Rosa County,2020-07-20,2.1
Sarasota County,2020-07-20,3.83
Seminole County,2020-07-20,0.0
Sumter County,2020-07-20,0.0
Suwannee County,2020-07-20,0.0
Taylor County,2020-07-20,0.0
Union County,2020-07-20,0.0
Volusia County,2020-07-20,0.0
Wakulla County,2020-07-20,0.0
Walton County,2020-07-20,1.74
Washington County,2020-07-20,0.05
Alachua County,2020-07-21,0.0
Baker County,2020-07-21,0.0
Bay County,2020-07-21,10.77
Bradford County,2020-07-21,0.0
Brevard County,2020-07-21,3.39
Broward County,2020-07-21,14.51
Calhoun County,2020-07-21,9.64
Charlotte County,2020-07-21,6.3
Citrus County,2020-07-21,0.0
Clay County,2020-07-21,0.0
Collier County,2020-07-21,10.68
Columbia County,2020-07-21,0.0
DeSoto County,2020-07-21,5.09
Dixie County,2020-07-21,0.0
Duval County,2020-07-21,0.0
Escambia County,2020-07-21,0.0
Flagler County,2020-07-21,0.0
Franklin County,2020-07-21,5.55
Gadsden County,2020-07-21,3.82
Gilchrist County,2020-07-21,0.0
Glades County,2020-07-21,5.04
Gulf County,2020-07-21,8.58
Hamilton County,2020-07-21,0.0
Hardee County,2020-07-21,4.14
Hendry County,2020-07-21,6.64
Hernando County,2020-07-21,0.0
Highlands County,2020-07-21,5.25
Hillsborough County,2020-07-21,1.56
Holmes County,2020-07-21,10.44
Indian River County,2020-07-21,4.55
Jackson County,2020-07-21,7.51
Jefferson County,2020-07-21,0.0
Lafayette County,2020-07-21,0.0
Lake County,2020-07-21,0.2
Lee County,2020-07-21,7.53
Leon County,2020-07-21,1.07
Levy County,2020-07-21,0.43
Liberty County,2020-07-21,7.38
Madison County,2020-07-21,0.0
Manatee County,2020-07-21,3.07
Marion County,2020-07-21,0.0
Martin County,2020-07-21,5.36
Miami-Dade County,2020-07-21,17.36
Monroe County,2020-07-21,15.58
Nassau County,2020-07-21,0.0
Okaloosa County,2020-07-21,1.68
Okeechobee County,2020-07-21,5.07
Orange County,2020-07-21,2.83
Osceola County,2020-07-21,4.53
Palm Beach County,2020-07-21,9.5
Pasco County,2020-07-21,0.0
Pinellas County,2020-07-21,0.17
Polk County,2020-07-21,4.14
Putnam County,2020-07-21,0.01
St. Johns County,2020-07-21,0.19
St. Lucie County,2020-07-21,4.45
Santa Rosa County,2020-07-21,0.0
Sarasota County,2020-07-21,4.28
Seminole County,2020-07-21,2.12
Sumter County,2020-07-21,0.0
Suwannee County,2020-07-21,0.0
Taylor County,2020-07-21,0.0
Union County,2020-07-21,0.0
Volusia County,2020-07-21,0.5
Wakulla County,2020-07-21,2.81
Walton County,2020-07-21,7.82
Washington County,2020-07-21,11.8
Alachua County,2020-07-22,16.34
Baker County,2020-07-22,11.92
Bay County,2020-07-22,10.18
Bradford County,2020-07-22,12.88
Brevard County,2020-07-22,2.64
Broward County,2020-07-22,20.39
Calhoun County,2020-07-22,11.05
Charlotte County,2020-07-22,10.45
Citrus County,2020-07-22,21.16
Clay County,2020-07-22,8.34
Collier County,2020-07-22,16.94
Columbia County,2020-07-22,15.55
DeSoto County,2020-07-22,8.03
Dixie County,2020-07-22,27.76
Duval County,2020-07-22,5.3
Escambia County,2020-07-22,1.91
Flagler County,2020-07-22,4.74
Franklin County,2020-07-22,11.68
Gadsden County,2020-07-22,10.63
Gilchrist County,2020-07-22,23.99
Glades County,2020-07-22,7.12
Gulf County,2020-07-22,11.46
Hamilton County,2020-07-22,13.04
Hardee County,2020-07-22,6.88
Hendry County,2020-07-22,9.81
Hernando County,2020-07-22,14.86
Highlands County,2020-07-22,7.25
Hillsborough County,2020-07-22,8.67
Holmes County,2020-07-22,2.2
Indian River County,2020-07-22,4.95
Jackson County,2020-07-22,7.27
Jefferson County,2020-07-22,16.2
Lafayette County,2020-07-22,22.6
Lake County,2020-07-22,5.89
Lee County,2020-07-22,12.06
Leon County,2020-07-22,13.82
Levy County,2020-07-22,24.6
Liberty County,2020-07-22,12.6
Madison County,2020-07-22,15.21
Manatee County,2020-07-22,7.72
Marion County,2020-07-22,12.82
Martin County,2020-07-22,7.12
Miami-Dade County,2020-07-22,27.39
Monroe County,2020-07-22,32.43
Nassau County,2020-07-22,5.05
Okaloosa County,2020-07-22,0.0
Okeechobee County,2020-07-22,6.76
Orange County,2020-07-22,3.86
Osceola County,2020-07-22,4.77
Palm Beach County,2020-07-22,13.35
Pasco County,2020-07-22,11.0
Pinellas County,2020-07-22,9.57
Polk County,2020-07-22,6.91
Putnam County,2020-07-22,8.68
St. Johns County,2020-07-22,4.76
St. Lucie County,2020-07-22,5.46
Santa Rosa County,2020-07-22,0.0
Sarasota County,2020-07-22,9.48
Seminole County,2020-07-22,2.98
Sumter County,2020-07-22,11.88
Suwannee County,2020-07-22,17.89
Taylor County,2020-07-22,21.34
Union County,2020-07-22,15.2
Volusia County,2020-07-22,3.53
Wakulla County,2020-07-22,14.49
Walton County,2020-07-22,2.09
Washington County,2020-07-22,8.77
Alachua County,2020-07-23,8.58
Baker County,2020-07-23,7.72
Bay County,2020-07-23,11.41
Bradford County,2020-07-23,7.84
Brevard County,2020-07-23,8.99
Broward County,2020-07-23,22.85
Calhoun County,2020-07-23,11.61
Charlotte County,2020-07-23,13.26
Citrus County,2020-07-23,16.69
Clay County,2020-07-23,6.91
Collier County,2020-07-23,15.36
Columbia County,2020-07-23,8.62
DeSoto County,2020-07-23,12.02
Dixie County,2020-07-23,14.54
Duval County,2020-07-23,5.34
Escambia County,2020-07-23,3.44
Flagler County,2020-07-23,8.08
Franklin County,2020-07-23,10.08
Gadsden County,2020-07-23,11.33
Gilchrist County,2020-07-23,11.62
Glades County,2020-07-23,10.2
Gulf County,2020-07-23,10.85
Hamilton County,2020-07-23,8.15
Hardee County,2020-07-23,11.94
Hendry County,2020-07-23,11.8
Hernando County,2020-07-23,14.91
Highlands County,2020-07-23,12.27
Hillsborough County,2020-07-23,12.38
Holmes County,2020-07-23,8.52
Indian River County,2020-07-23,13.27
Jackson County,2020-07-23,8.85
Jefferson County,2020-07-23,12.62
Lafayette County,2020-07-23,12.49
Lake County,2020-07-23,9.23
Lee County,2020-07-23,13.3
Leon County,2020-07-23,12.3
Levy County,2020-07-23,12.83
Liberty County,2020-07-23,11.98
Madison County,2020-07-23,10.6
Manatee County,2020-07-23,10.85
Marion County,2020-07-23,10.47
Martin County,2020-07-23,13.57
Miami-Dade County,2020-07-23,19.46
Monroe County,2020-07-23,18.92
Nassau County,2020-07-23,4.76
Okaloosa County,2020-07-23,6.23
Okeechobee County,2020-07-23,13.03
Orange County,2020-07-23,8.55
Osceola County,2020-07-23,11.41
Palm Beach County,2020-07-23,19.67
Pasco County,2020-07-23,12.91
Pinellas County,2020-07-23,10.54
Polk County,2020-07-23,13.54
Putnam County,2020-07-23,8.49
St. Johns County,2020-07-23,6.34
St. Lucie County,2020-07-23,12.25
Santa Rosa County,2020-07-23,4.12
Sarasota County,2020-07-23,11.99
Seminole County,2020-07-23,6.72
Sumter County,2020-07-23,13.58
Suwannee County,2020-07-23,10.03
Taylor County,2020-07-23,13.55
Union County,2020-07-23,8.39
Volusia County,2020-07-23,7.16
Wakulla County,2020-07-23,12.07
Walton County,2020-07-23,8.34
Washington County,2020-07-23,10.5
Alachua County,2020-07-24,10.86
Baker County,2020-07-24,6.23
Bay County,2020-07-24,32.09
Bradford County,2020-07-24,6.56
Brevard County,2020-07-24,11.74
Broward County,2020-07-24,12.69
Calhoun County,2020-07-24,30.16
Charlotte County,2020-07-24,27.39
Citrus County,2020-07-24,32.26
Clay County,2020-07-24,4.23
Collier County,2020-07-24,16.1
Columbia County,2020-07-24,10.86
DeSoto County,2020-07-24,27.02
Dixie County,2020-07-24,31.1
Duval County,2020-07-24,1.37
Escambia County,2020-07-24,16.79
Flagler County,2020-07-24,5.21
Franklin County,2020-07-24,25.18
Gadsden County,2020-07-24,23.18
Gilchrist County,2020-07-24,21.69
Glades County,2020-07-24,10.51
Gulf County,2020-07-24,30.88
Hamilton County,2020-07-24,11.52
Hardee County,2020-07-24,24.9
Hendry County,2020-07-24,9.15
Hernando County,2020-07-24,28.98
Highlands County,2020-07-24,17.36
Hillsborough County,2020-07-24,25.36
Holmes County,2020-07-24,24.9
Indian River County,2020-07-24,14.19
Jackson County,2020-07-24,21.75
Jefferson County,2020-07-24,17.33
Lafayette County,2020-07-24,22.32
Lake County,2020-07-24,13.47
Lee County,2020-07-24,22.89
Leon County,2020-07-24,20.79
Levy County,2020-07-24,27.62
Liberty County,2020-07-24,29.45
Madison County,2020-07-24,15.16
Manatee County,2020-07-24,25.75
Marion County,2020-07-24,14.38
Martin County,2020-07-24,8.94
Miami-Dade County,2020-07-24,14.1
Monroe County,2020-07-24,19.09
Nassau County,2020-07-24,0.37
Okaloosa County,2020-07-24,22.59
Okeechobee County,2020-07-24,12.72
Orange County,2020-07-24,13.11
Osceola County,2020-07-24,16.45
Palm Beach County,2020-07-24,10.58
Pasco County,2020-07-24,25.38
Pinellas County,2020-07-24,23.65
Polk County,2020-07-24,23.2
Putnam County,2020-07-24,6.38
St. Johns County,2020-07-24,2.92
St. Lucie County,2020-07-24,10.55
Santa Rosa County,2020-07-24,17.63
Sarasota County,2020-07-24,29.84
Seminole County,2020-07-24,9.31
Sumter County,2020-07-24,22.72
Suwannee County,2020-07-24,15.99
Taylor County,2020-07-24,23.4
Union County,2020-07-24,8.7
Volusia County,2020-07-24,7.24
Wakulla County,2020-07-24,23.86
Walton County,2020-07-24,26.53
Washington County,2020-07-24,28.03
Alachua County,2020-07-25,0.0
Baker County,2020-07-25,0.0
Bay County,2020-07-25,5.77
Bradford County,2020-07-25,0.0
Brevard County,2020-07-25,0.0
Broward County,2020-07-25,6.76
Calhoun County,2020-07-25,3.83
Charlotte County,2020-07-25,13.17
Citrus County,2020-07-25,0.0
Clay County,2020-07-25,0.0
Collier County,2020-07-25,8.94
Columbia County,2020-07-25,0.21
DeSoto County,2020-07-25,10.46
Dixie County,2020-07-25,0.0
Duval County,2020-07-25,0.0
Escambia County,2020-07-25,16.9
Flagler County,2020-07-25,0.14
Franklin County,2020-07-25,4.05
Gadsden County,2020-07-25,3.23
Gilchrist County,2020-07-25,0.0
Glades County,2020-07-25,6.17
Gulf County,2020-07-25,5.1
Hamilton County,2020-07-25,2.07
Hardee County,2020-07-25,7.83
Hendry County,2020-07-25,6.55
Hernando County,2020-07-25,2.12
Highlands County,2020-07-25,5.28
Hillsborough County,2020-07-25,8.95
Holmes County,2020-07-25,3.0
Indian River County,2020-07-25,0.0
Jackson County,2020-07-25,2.1
Jefferson County,2020-07-25,3.33
Lafayette County,2020-07-25,0.64
Lake County,2020-07-25,0.0
Lee County,2020-07-25,11.87
Leon County,2020-07-25,3.51
Levy County,2020-07-25,0.0
Liberty County,2020-07-25,4.03
Madison County,2020-07-25,2.57
Manatee County,2020-07-25,11.42
Marion County,2020-07-25,0.0
Martin County,2020-07-25,5.23
Miami-Dade County,2020-07-25,8.8
Monroe County,2020-07-25,11.05
Nassau County,2020-07-25,0.0
Okaloosa County,2020-07-25,8.7
Okeechobee County,2020-07-25,2.04
Orange County,2020-07-25,0.0
Osceola County,2020-07-25,0.0
Palm Beach County,2020-07-25,5.46
Pasco County,2020-07-25,5.94
Pinellas County,2020-07-25,11.26
Polk County,2020-07-25,3.41
Putnam County,2020-07-25,0.07
St. Johns County,2020-07-25,0.02
St. Lucie County,2020-07-25,3.15
Santa Rosa County,2020-07-25,14.31
Sarasota County,2020-07-25,14.21
Seminole County,2020-07-25,0.04
Sumter County,2020-07-25,0.0
Suwannee County,2020-07-25,1.11
Taylor County,2020-07-25,2.79
Union County,2020-07-25,0.0
Volusia County,2020-07-25,0.0
Wakulla County,2020-07-25,3.54
Walton County,2020-07-25,5.73
Washington County,2020-07-25,3.88
Alachua County,2020-07-26,0.28
Baker County,2020-07-26,4.76
Bay County,2020-07-26,6.24
Bradford County,2020-07-26,0.0
Brevard County,2020-07-26,0.45
Broward County,2020-07-26,9.71
Calhoun County,2020-07-26,3.04
Charlotte County,2020-07-26,6.16
Citrus County,2020-07-26,0.05
Clay County,2020-07-26,0.0
Collier County,2020-07-26,3.67
Columbia County,2020-07-26,6.02
DeSoto County,2020-07-26,5.2
Dixie County,2020-07-26,4.65
Duval County,2020-07-26,0.0
Escambia County,2020-07-26,10.92
Flagler County,2020-07-26,0.0
Franklin County,2020-07-26,2.98
Gadsden County,2020-07-26,0.0
Gilchrist County,2020-07-26,3.42
Glades County,2020-07-26,4.17
Gulf County,2020-07-26,4.35
Hamilton County,2020-07-26,5.28
Hardee County,2020-07-26,3.68
Hendry County,2020-07-26,3.85
Hernando County,2020-07-26,1.59
Highlands County,2020-07-26,4.12
Hillsborough County,2020-07-26,4.14
Holmes County,2020-07-26,5.11
Indian River County,2020-07-26,2.83
Jackson County,2020-07-26,1.15
Jefferson County,2020-07-26,0.7
Lafayette County,2020-07-26,4.79
Lake County,2020-07-26,0.0
Lee County,2020-07-26,4.88
Leon County,2020-07-26,0.11
Levy County,2020-07-26,0.85
Liberty County,2020-07-26,2.48
Madison County,2020-07-26,3.24
Manatee County,2020-07-26,5.37
Marion County,2020-07-26,0.0
Martin County,2020-07-26,5.93
Miami-Dade County,2020-07-26,7.43
Monroe County,2020-07-26,3.8
Nassau County,2020-07-26,1.38
Okaloosa County,2020-07-26,9.34
Okeechobee County,2020-07-26,4.03
Orange County,2020-07-26,0.0
Osceola County,2020-07-26,0.79
Palm Beach County,2020-07-26,8.73
Pasco County,2020-07-26,3.14
Pinellas County,2020-07-26,6.63
Polk County,2020-07-26,1.05
Putnam County,2020-07-26,0.0
St. Johns County,2020-07-26,0.0
St. Lucie County,2020-07-26,4.03
Santa Rosa County,2020-07-26,8.86
Sarasota County,2020-07-26,6.76
Seminole County,2020-07-26,0.0
Sumter County,2020-07-26,0.0
Suwannee County,2020-07-26,5.19
Taylor County,2020-07-26,3.74
Union County,2020-07-26,3.39
Volusia County,2020-07-26,0.02
Wakulla County,2020-07-26,1.9
Walton County,2020-07-26,8.34
Washington County,2020-07-26,4.6
Alachua County,2020-07-27,2.55
Baker County,2020-07-27,1.99
Bay County,2020-07-27,6.25
Bradford County,2020-07-27,2.41
Brevard County,2020-07-27,2.59
Broward County,2020-07-27,6.42
Calhoun County,2020-07-27,4.68
Charlotte County,2020-07-27,7.79
Citrus County,2020-07-27,4.71
Clay County,2020-07-27,2.13
Collier County,2020-07-27,5.58
Columbia County,2020-07-27,1.61
DeSoto County,2020-07-27,6.77
Dixie County,2020-07-27,4.81
Duval County,2020-07-27,2.33
Escambia County,2020-07-27,3.13
Flagler County,2020-07-27,0.46
Franklin County,2020-07-27,3.66
Gadsden County,2020-07-27,3.04
Gilchrist County,2020-07-27,3.76
Glades County,2020-07-27,6.83
Gulf County,2020-07-27,4.75
Hamilton County,2020-07-27,0.0
Hardee County,2020-07-27,5.39
Hendry County,2020-07-27,6.36
Hernando County,2020-07-27,4.34
Highlands County,2020-07-27,6.95
Hillsborough County,2020-07-27,4.68
Holmes County,2020-07-27,5.68
Indian River County,2020-07-27,9.11
Jackson County,2020-07-27,3.64
Jefferson County,2020-07-27,3.46
Lafayette County,2020-07-27,3.96
Lake County,2020-07-27,0.99
Lee County,2020-07-27,7.05
Leon County,2020-07-27,3.25
Levy County,2020-07-27,4.17
Liberty County,2020-07-27,4.06
Madison County,2020-07-27,3.01
Manatee County,2020-07-27,5.49
Marion County,2020-07-27,2.19
Martin County,2020-07-27,10.52
Miami-Dade County,2020-07-27,2.83
Monroe County,2020-07-27,4.14
Nassau County,2020-07-27,3.13
Okaloosa County,2020-07-27,4.32
Okeechobee County,2020-07-27,9.6
Orange County,2020-07-27,0.08
Osceola County,2020-07-27,3.74
Palm Beach County,2020-07-27,10.22
Pasco County,2020-07-27,4.09
Pinellas County,2020-07-27,4.52
Polk County,2020-07-27,4.38
Putnam County,2020-07-27,1.95
St. Johns County,2020-07-27,1.98
St. Lucie County,2020-07-27,10.92
Santa Rosa County,2020-07-27,3.06
Sarasota County,2020-07-27,6.78
Seminole County,2020-07-27,0.0
Sumter County,2020-07-27,3.13
Suwannee County,2020-07-27,1.68
Taylor County,2020-07-27,4.08
Union County,2020-07-27,2.66
Volusia County,2020-07-27,0.01
Wakulla County,2020-07-27,3.48
Walton County,2020-07-27,5.57
Washington County,2020-07-27,6.05
Alachua County,2020-07-28,9.54
Baker County,2020-07-28,7.92
Bay County,2020-07-28,1.27
Bradford County,2020-07-28,7.88
Brevard County,2020-07-28,34.28
Broward County,2020-07-28,1.29
Calhoun County,2020-07-28,2.24
Charlotte County,2020-07-28,11.43
Citrus County,2020-07-28,20.43
Clay County,2020-07-28,7.93
Collier County,2020-07-28,3.19
Columbia County,2020-07-28,10.49
DeSoto County,2020-07-28,14.76
Dixie County,2020-07-28,17.95
Duval County,2020-07-28,6.39
Escambia County,2020-07-28,6.2
Flagler County,2020-07-28,16.02
Franklin County,2020-07-28,4.31
Gadsden County,2020-07-28,4.07
Gilchrist County,2020-07-28,14.84
Glades County,2020-07-28,11.43
Gulf County,2020-07-28,3.38
Hamilton County,2020-07-28,10.71
Hardee County,2020-07-28,15.84
Hendry County,2020-07-28,5.53
Hernando County,2020-07-28,16.31
Highlands County,2020-07-28,21.15
Hillsborough County,2020-07-28,11.01
Holmes County,2020-07-28,0.0
Indian River County,2020-07-28,34.74
Jackson County,2020-07-28,0.21
Jefferson County,2020-07-28,10.67
Lafayette County,2020-07-28,16.22
Lake County,2020-07-28,13.42
Lee County,2020-07-28,7.41
Leon County,2020-07-28,7.03
Levy County,2020-07-28,16.21
Liberty County,2020-07-28,3.81
Madison County,2020-07-28,11.72
Manatee County,2020-07-28,8.91
Marion County,2020-07-28,13.54
Martin County,2020-07-28,14.89
Miami-Dade County,2020-07-28,0.0
Monroe County,2020-07-28,0.14
Nassau County,2020-07-28,5.91
Okaloosa County,2020-07-28,0.2
Okeechobee County,2020-07-28,23.82
Orange County,2020-07-28,20.03
Osceola County,2020-07-28,25.17
Palm Beach County,2020-07-28,7.6
Pasco County,2020-07-28,12.57
Pinellas County,2020-07-28,7.4
Polk County,2020-07-28,18.73
Putnam County,2020-07-28,11.71
St. Johns County,2020-07-28,9.67
St. Lucie County,2020-07-28,24.76
Santa Rosa County,2020-07-28,3.04
Sarasota County,2020-07-28,8.98
Seminole County,2020-07-28,19.24
Sumter County,2020-07-28,16.85
Suwannee County,2020-07-28,13.38
Taylor County,2020-07-28,14.27
Union County,2020-07-28,8.7
Volusia County,2020-07-28,20.45
Wakulla County,2020-07-28,6.56
Walton County,2020-07-28,0.0
Washington County,2020-07-28,0.0
Alachua County,2020-07-29,11.6
Baker County,2020-07-29,8.3
Bay County,2020-07-29,30.06
Bradford County,2020-07-29,9.46
Brevard County,2020-07-29,10.77
Broward County,2020-07-29,0.3
Calhoun County,2020-07-29,24.12
Charlotte County,2020-07-29,6.33
Citrus County,2020-07-29,27.53
Clay County,2020-07-29,9.43
Collier County,2020-07-29,0.25
Columbia County,2020-07-29,9.03
DeSoto County,2020-07-29,7.37
Dixie County,2020-07-29,19.86
Duval County,2020-07-29,7.15
Escambia County,2020-07-29,29.75
Flagler County,2020-07-29,15.55
Franklin County,2020-07-29,17.55
Gadsden County,2020-07-29,16.52
Gilchrist County,2020-07-29,15.42
Glades County,2020-07-29,3.03
Gulf County,2020-07-29,23.29
Hamilton County,2020-07-29,8.41
Hardee County,2020-07-29,8.24
Hendry County,2020-07-29,1.16
Hernando County,2020-07-29,20.58
Highlands County,2020-07-29,6.33
Hillsborough County,2020-07-29,10.53
Holmes County,2020-07-29,30.08
Indian River County,2020-07-29,7.29
Jackson County,2020-07-29,19.15
Jefferson County,2020-07-29,14.92
Lafayette County,2020-07-29,15.02
Lake County,2020-07-29,15.74
Lee County,2020-07-29,4.13
Leon County,2020-07-29,16.26
Levy County,2020-07-29,20.03
Liberty County,2020-07-29,21.26
Madison County,2020-07-29,11.75
Manatee County,2020-07-29,7.6
Marion County,2020-07-29,18.38
Martin County,2020-07-29,0.02
Miami-Dade County,2020-07-29,0.0
Monroe County,2020-07-29,0.0
Nassau County,2020-07-29,6.01
Okaloosa County,2020-07-29,35.72
Okeechobee County,2020-07-29,5.25
Orange County,2020-07-29,13.67
Osceola County,2020-07-29,11.51
Palm Beach County,2020-07-29,0.32
Pasco County,2020-07-29,14.37
Pinellas County,2020-07-29,8.63
Polk County,2020-07-29,11.84
Putnam County,2020-07-29,14.09
St. Johns County,2020-07-29,10.2
St. Lucie County,2020-07-29,2.18
Santa Rosa County,2020-07-29,30.76
Sarasota County,2020-07-29,7.45
Seminole County,2020-07-29,12.86
Sumter County,2020-07-29,22.36
Suwannee County,2020-07-29,10.98
Taylor County,2020-07-29,16.58
Union County,2020-07-29,9.25
Volusia County,2020-07-29,15.41
Wakulla County,2020-07-29,17.26
Walton County,2020-07-29,35.34
Washington County,2020-07-29,29.11
Alachua County,2020-07-30,10.64
Baker County,2020-07-30,10.35
Bay County,2020-07-30,5.73
Bradford County,2020-07-30,10.71
Brevard County,2020-07-30,6.84
Broward County,2020-07-30,0.02
Calhoun County,2020-07-30,2.95
Charlotte County,2020-07-30,0.0
Citrus County,2020-07-30,11.65
Clay County,2020-07-30,9.89
Collier County,2020-07-30,0.05
Columbia County,2020-07-30,9.84
DeSoto County,2020-07-30,0.72
Dixie County,2020-07-30,9.27
Duval County,2020-07-30,9.05
Escambia County,2020-07-30,27.22
Flagler County,2020-07-30,10.28
Franklin County,2020-07-30,0.0
Gadsden County,2020-07-30,1.86
Gilchrist County,2020-07-30,10.66
Glades County,2020-07-30,0.0
Gulf County,2020-07-30,0.74
Hamilton County,2020-07-30,7.63
Hardee County,2020-07-30,2.81
Hendry County,2020-07-30,0.04
Hernando County,2020-07-30,8.41
Highlands County,2020-07-30,1.0
Hillsborough County,2020-07-30,4.86
Holmes County,2020-07-30,10.81
Indian River County,2020-07-30,3.05
Jackson County,2020-07-30,3.61
Jefferson County,2020-07-30,0.83
Lafayette County,2020-07-30,8.78
Lake County,2020-07-30,8.17
Lee County,2020-07-30,0.0
Leon County,2020-07-30,0.07
Levy County,2020-07-30,10.34
Liberty County,2020-07-30,0.96
Madison County,2020-07-30,5.27
Manatee County,2020-07-30,3.02
Marion County,2020-07-30,10.93
Martin County,2020-07-30,0.0
Miami-Dade County,2020-07-30,0.0
Monroe County,2020-07-30,0.02
Nassau County,2020-07-30,9.21
Okaloosa County,2020-07-30,22.9
Okeechobee County,2020-07-30,0.86
Orange County,2020-07-30,7.6
Osceola County,2020-07-30,5.71
Palm Beach County,2020-07-30,0.0
Pasco County,2020-07-30,6.12
Pinellas County,2020-07-30,3.46
Polk County,2020-07-30,5.28
Putnam County,2020-07-30,10.8
St. Johns County,2020-07-30,9.04
St. Lucie County,2020-07-30,0.0
Santa Rosa County,2020-07-30,27.57
Sarasota County,2020-07-30,1.6
Seminole County,2020-07-30,7.67
Sumter County,2020-07-30,10.27
Suwannee County,2020-07-30,8.69
Taylor County,2020-07-30,5.51
Union County,2020-07-30,10.57
Volusia County,2020-07-30,9.64
Wakulla County,2020-07-30,0.0
Walton County,2020-07-30,15.21
Washington County,2020-07-30,7.13
Alachua County,2020-07-31,5.78
Baker County,2020-07-31,13.48
Bay County,2020-07-31,0.0
Bradford County,2020-07-31,8.09
Brevard County,2020-07-31,0.25
Broward County,2020-07-31,0.0
Calhoun County,2020-07-31,0.02
Charlotte County,2020-07-31,0.0
Citrus County,2020-07-31,0.07
Clay County,2020-07-31,6.87
Collier County,2020-07-31,0.0
Columbia County,2020-07-31,12.77
DeSoto County,2020-07-31,0.0
Dixie County,2020-07-31,5.98
Duval County,2020-07-31,8.03
Escambia County,2020-07-31,0.0
Flagler County,2020-07-31,3.83
Franklin County,2020-07-31,0.29
Gadsden County,2020-07-31,2.03
Gilchrist County,2020-07-31,7.49
Glades County,2020-07-31,0.0
Gulf County,2020-07-31,0.0
Hamilton County,2020-07-31,10.44
Hardee County,2020-07-31,0.0
Hendry County,2020-07-31,0.01
Hernando County,2020-07-31,0.0
Highlands County,2020-07-31,0.0
Hillsborough County,2020-07-31,0.0
Holmes County,2020-07-31,0.0
Indian River County,2020-07-31,0.0
Jackson County,2020-07-31,0.12
Jefferson County,2020-07-31,5.24
Lafayette County,2020-07-31,7.42
Lake County,2020-07-31,0.05
Lee County,2020-07-31,0.0
Leon County,2020-07-31,3.29
Levy County,2020-07-31,4.25
Liberty County,2020-07-31,0.46
Madison County,2020-07-31,6.68
Manatee County,2020-07-31,0.0
Marion County,2020-07-31,2.02
Martin County,2020-07-31,0.0
Miami-Dade County,2020-07-31,0.0
Monroe County,2020-07-31,0.0
Nassau County,2020-07-31,9.97
Okaloosa County,2020-07-31,0.27
Okeechobee County,2020-07-31,0.79
Orange County,2020-07-31,0.0
Osceola County,2020-07-31,0.42
Palm Beach County,2020-07-31,0.0
Pasco County,2020-07-31,0.0
Pinellas County,2020-07-31,0.0
Polk County,2020-07-31,0.0
Putnam County,2020-07-31,4.66
St. Johns County,2020-07-31,5.0
St. Lucie County,2020-07-31,0.0
Santa Rosa County,2020-07-31,0.0
Sarasota County,2020-07-31,0.0
Seminole County,2020-07-31,0.0
Sumter County,2020-07-31,0.0
Suwannee County,2020-07-31,9.3
Taylor County,2020-07-31,5.62
Union County,2020-07-31,10.34
Volusia County,2020-07-31,2.59
Wakulla County,2020-07-31,2.45
Walton County,2020-07-31,0.04
Washington County,2020-07-31,0.14
Alachua County,2020-08-01,0.0
Baker County,2020-08-01,0.0
Bay County,2020-08-01,0.0
Bradford County,2020-08-01,0.0
Brevard County,2020-08-01,0.03
Broward County,2020-08-01,5.2
Calhoun County,2020-08-01,0.0
Charlotte County,2020-08-01,0.0
Citrus County,2020-08-01,0.0
Clay County,2020-08-01,0.0
Collier County,2020-08-01,5.56
Columbia County,2020-08-01,0.0
DeSoto County,2020-08-01,0.0
Dixie County,2020-08-01,0.0
Duval County,2020-08-01,0.0
Escambia County,2020-08-01,0.0
Flagler County,2020-08-01,0.13
Franklin County,2020-08-01,0.0
Gadsden County,2020-08-01,0.05
Gilchrist County,2020-08-01,0.0
Glades County,2020-08-01,0.39
Gulf County,2020-08-01,0.0
Hamilton County,2020-08-01,0.0
Hardee County,2020-08-01,0.0
Hendry County,2020-08-01,2.72
Hernando County,2020-08-01,0.0
Highlands County,2020-08-01,0.0
Hillsborough County,2020-08-01,0.07
Holmes County,2020-08-01,0.0
Indian River County,2020-08-01,0.0
Jackson County,2020-08-01,0.0
Jefferson County,2020-08-01,0.0
Lafayette County,2020-08-01,0.0
Lake County,2020-08-01,0.0
Lee County,2020-08-01,3.1
Leon County,2020-08-01,0.4
Levy County,2020-08-01,0.0
Liberty County,2020-08-01,0.0
Madison County,2020-08-01,0.0
Manatee County,2020-08-01,0.0
Marion County,2020-08-01,0.0
Martin County,2020-08-01,0.06
Miami-Dade County,2020-08-01,6.44
Monroe County,2020-08-01,5.92
Nassau County,2020-08-01,0.0
Okaloosa County,2020-08-01,0.0
Okeechobee County,2020-08-01,0.13
Orange County,2020-08-01,0.03
Osceola County,2020-08-01,0.0
Palm Beach County,2020-08-01,3.09
Pasco County,2020-08-01,0.09
Pinellas County,2020-08-01,0.0
Polk County,2020-08-01,0.0
Putnam County,2020-08-01,0.1
St. Johns County,2020-08-01,0.0
St. Lucie County,2020-08-01,0.0
Santa Rosa County,2020-08-01,0.0
Sarasota County,2020-08-01,0.26
Seminole County,2020-08-01,0.0
Sumter County,2020-08-01,0.0
Suwannee County,2020-08-01,0.0
Taylor County,2020-08-01,0.0
Union County,2020-08-01,0.0
Volusia County,2020-08-01,0.02
Wakulla County,2020-08-01,0.0
Walton County,2020-08-01,0.0
Washington County,2020-08-01,0.0
Alachua County,2020-08-02,0.0
Baker County,2020-08-02,0.0
Bay County,2020-08-02,0.0
Bradford County,2020-08-02,0.0
Brevard County,2020-08-02,2.45
Broward County,2020-08-02,19.85
Calhoun County,2020-08-02,0.0
Charlotte County,2020-08-02,0.96
Citrus County,2020-08-02,0.0
Clay County,2020-08-02,0.0
Collier County,2020-08-02,6.31
Columbia County,2020-08-02,0.0
DeSoto County,2020-08-02,0.77
Dixie County,2020-08-02,0.0
Duval County,2020-08-02,0.0
Escambia County,2020-08-02,0.0
Flagler County,2020-08-02,0.0
Franklin County,2020-08-02,0.0
Gadsden County,2020-08-02,0.0
Gilchrist County,2020-08-02,0.0
Glades County,2020-08-02,5.43
Gulf County,2020-08-02,0.0
Hamilton County,2020-08-02,0.0
Hardee County,2020-08-02,0.12
Hendry County,2020-08-02,6.33
Hernando County,2020-08-02,0.0
Highlands County,2020-08-02,3.24
Hillsborough County,2020-08-02,0.0
Holmes County,2020-08-02,0.0
Indian River County,2020-08-02,5.93
Jackson County,2020-08-02,0.0
Jefferson County,2020-08-02,0.0
Lafayette County,2020-08-02,0.0
Lake County,2020-08-02,0.0
Lee County,2020-08-02,1.92
Leon County,2020-08-02,0.0
Levy County,2020-08-02,0.0
Liberty County,2020-08-02,0.0
Madison County,2020-08-02,0.0
Manatee County,2020-08-02,0.0
Marion County,2020-08-02,0.0
Martin County,2020-08-02,15.36
Miami-Dade County,2020-08-02,15.25
Monroe County,2020-08-02,8.48
Nassau County,2020-08-02,0.0
Okaloosa County,2020-08-02,0.0
Okeechobee County,2020-08-02,6.27
Orange County,2020-08-02,0.21
Osceola County,2020-08-02,0.99
Palm Beach County,2020-08-02,16.04
Pasco County,2020-08-02,0.0
Pinellas County,2020-08-02,0.0
Polk County,2020-08-02,0.2
Putnam County,2020-08-02,0.0
St. Johns County,2020-08-02,0.0
St. Lucie County,2020-08-02,11.94
Santa Rosa County,2020-08-02,0.0
Sarasota County,2020-08-02,0.0
Seminole County,2020-08-02,0.0
Sumter County,2020-08-02,0.0
Suwannee County,2020-08-02,0.0
Taylor County,2020-08-02,0.0
Union County,2020-08-02,0.0
Volusia County,2020-08-02,0.02
Wakulla County,2020-08-02,0.0
Walton County,2020-08-02,0.0
Washington County,2020-08-02,0.0
Alachua County,2020-08-03,6.07
Baker County,2020-08-03,3.33
Bay County,2020-08-03,0.0
Bradford County,2020-08-03,5.54
Brevard County,2020-08-03,8.19
Broward County,2020-08-03,12.24
Calhoun County,2020-08-03,0.0
Charlotte County,2020-08-03,4.73
Citrus County,2020-08-03,8.69
Clay County,2020-08-03,6.89
Collier County,2020-08-03,5.6
Columbia County,2020-08-03,2.33
DeSoto County,2020-08-03,4.93
Dixie County,2020-08-03,2.92
Duval County,2020-08-03,4.9
Escambia County,2020-08-03,0.0
Flagler County,2020-08-03,11.43
Franklin County,2020-08-03,0.0
Gadsden County,2020-08-03,0.0
Gilchrist County,2020-08-03,4.07
Glades County,2020-08-03,5.09
Gulf County,2020-08-03,0.0
Hamilton County,2020-08-03,0.0
Hardee County,2020-08-03,6.35
Hendry County,2020-08-03,5.28
Hernando County,2020-08-03,8.8
Highlands County,2020-08-03,5.47
Hillsborough County,2020-08-03,7.5
Holmes County,2020-08-03,0.0
Indian River County,2020-08-03,5.84
Jackson County,2020-08-03,0.0
Jefferson County,2020-08-03,0.0
Lafayette County,2020-08-03,0.44
Lake County,2020-08-03,10.09
Lee County,2020-08-03,4.71
Leon County,2020-08-03,0.0
Levy County,2020-08-03,5.36
Liberty County,2020-08-03,0.0
Madison County,2020-08-03,0.0
Manatee County,2020-08-03,5.37
Marion County,2020-08-03,8.67
Martin County,2020-08-03,7.63
Miami-Dade County,2020-08-03,11.32
Monroe County,2020-08-03,5.73
Nassau County,2020-08-03,1.99
Okaloosa County,2020-08-03,0.0
Okeechobee County,2020-08-03,5.87
Orange County,2020-08-03,10.55
Osceola County,2020-08-03,8.48
Palm Beach County,2020-08-03,8.86
Pasco County,2020-08-03,8.37
Pinellas County,2020-08-03,6.07
Polk County,2020-08-03,9.47
Putnam County,2020-08-03,9.6
St. Johns County,2020-08-03,8.81
St. Lucie County,2020-08-03,6.45
Santa Rosa County,2020-08-03,0.0
Sarasota County,2020-08-03,4.54
Seminole County,2020-08-03,11.52
Sumter County,2020-08-03,8.66
Suwannee County,2020-08-03,0.61
Taylor County,2020-08-03,0.0
Union County,2020-08-03,4.1
Volusia County,2020-08-03,11.27
Wakulla County,2020-08-03,0.0
Walton County,2020-08-03,0.0
Washington County,2020-08-03,0.0
Alachua County,2020-08-04,0.0
Baker County,2020-08-04,0.0
Bay County,2020-08-04,0.0
Bradford County,2020-08-04,0.0
Brevard County,2020-08-04,0.02
Broward County,2020-08-04,11.62
Calhoun County,2020-08-04,0.0
Charlotte County,2020-08-04,0.0
Citrus County,2020-08-04,0.0
Clay County,2020-08-04,0.0
Collier County,2020-08-04,1.97
Columbia County,2020-08-04,0.0
DeSoto County,2020-08-04,0.0
Dixie County,2020-08-04,0.0
Duval County,2020-08-04,4.74
Escambia County,2020-08-04,0.0
Flagler County,2020-08-04,0.1
Franklin County,2020-08-04,0.0
Gadsden County,2020-08-04,0.0
Gilchrist County,2020-08-04,0.0
Glades County,2020-08-04,0.03
Gulf County,2020-08-04,0.0
Hamilton County,2020-08-04,0.0
Hardee County,2020-08-04,0.04
Hendry County,2020-08-04,2.42
Hernando County,2020-08-04,0.0
Highlands County,2020-08-04,0.0
Hillsborough County,2020-08-04,0.05
Holmes County,2020-08-04,0.0
Indian River County,2020-08-04,0.05
Jackson County,2020-08-04,0.0
Jefferson County,2020-08-04,0.0
Lafayette County,2020-08-04,0.0
Lake County,2020-08-04,0.02
Lee County,2020-08-04,0.0
Leon County,2020-08-04,0.0
Levy County,2020-08-04,0.0
Liberty County,2020-08-04,0.0
Madison County,2020-08-04,0.0
Manatee County,2020-08-04,0.0
Marion County,2020-08-04,0.0
Martin County,2020-08-04,1.72
Miami-Dade County,2020-08-04,7.43
Monroe County,2020-08-04,2.43
Nassau County,2020-08-04,6.91
Okaloosa County,2020-08-04,0.0
Okeechobee County,2020-08-04,0.0
Orange County,2020-08-04,0.0
Osceola County,2020-08-04,0.0
Palm Beach County,2020-08-04,7.06
Pasco County,2020-08-04,0.07
Pinellas County,2020-08-04,0.0
Polk County,2020-08-04,0.0
Putnam County,2020-08-04,0.0
St. Johns County,2020-08-04,1.82
St. Lucie County,2020-08-04,0.0
Santa Rosa County,2020-08-04,0.0
Sarasota County,2020-08-04,0.0
Seminole County,2020-08-04,0.0
Sumter County,2020-08-04,0.0
Suwannee County,2020-08-04,0.0
Taylor County,2020-08-04,0.0
Union County,2020-08-04,0.0
Volusia County,2020-08-04,0.01
Wakulla County,2020-08-04,0.0
Walton County,2020-08-04,0.0
Washington County,2020-08-04,0.0
Alachua County,2020-08-05,0.71
Baker County,2020-08-05,2.11
Bay County,2020-08-05,0.0
Bradford County,2020-08-05,1.71
Brevard County,2020-08-05,17.95
Broward County,2020-08-05,5.45
Calhoun County,2020-08-05,0.0
Charlotte County,2020-08-05,10.23
Citrus County,2020-08-05,3.61
Clay County,2020-08-05,3.36
Collier County,2020-08-05,3.35
Columbia County,2020-08-05,0.59
DeSoto County,2020-08-05,12.68
Dixie County,2020-08-05,0.0
Duval County,2020-08-05,4.35
Escambia County,2020-08-05,0.0
Flagler County,2020-08-05,7.64
Franklin County,2020-08-05,0.22
Gadsden County,2020-08-05,0.0
Gilchrist County,2020-08-05,0.0
Glades County,2020-08-05,13.5
Gulf County,2020-08-05,0.0
Hamilton County,2020-08-05,1.1
Hardee County,2020-08-05,15.71
Hendry County,2020-08-05,8.67
Hernando County,2020-08-05,5.77
Highlands County,2020-08-05,17.92
Hillsborough County,2020-08-05,8.25
Holmes County,2020-08-05,0.0
Indian River County,2020-08-05,15.73
Jackson County,2020-08-05,0.0
Jefferson County,2020-08-05,0.78
Lafayette County,2020-08-05,0.0
Lake County,2020-08-05,10.57
Lee County,2020-08-05,8.3
Leon County,2020-08-05,0.94
Levy County,2020-08-05,0.01
Liberty County,2020-08-05,0.0
Madison County,2020-08-05,0.1
Manatee County,2020-08-05,7.25
Marion County,2020-08-05,4.08
Martin County,2020-08-05,9.13
Miami-Dade County,2020-08-05,0.42
Monroe County,2020-08-05,0.0
Nassau County,2020-08-05,5.05
Okaloosa County,2020-08-05,0.0
Okeechobee County,2020-08-05,17.6
Orange County,2020-08-05,19.05
Osceola County,2020-08-05,24.02
Palm Beach County,2020-08-05,7.0
Pasco County,2020-08-05,6.92
Pinellas County,2020-08-05,3.96
Polk County,2020-08-05,22.23
Putnam County,2020-08-05,4.62
St. Johns County,2020-08-05,5.48
St. Lucie County,2020-08-05,12.42
Santa Rosa County,2020-08-05,0.0
Sarasota County,2020-08-05,6.33
Seminole County,2020-08-05,16.97
Sumter County,2020-08-05,6.93
Suwannee County,2020-08-05,0.0
Taylor County,2020-08-05,0.0
Union County,2020-08-05,0.62
Volusia County,2020-08-05,11.87
Wakulla County,2020-08-05,1.26
Walton County,2020-08-05,0.0
Washington County,2020-08-05,0.0
Alachua County,2020-08-06,0.04
Baker County,2020-08-06,0.0
Bay County,2020-08-06,0.27
Bradford County,2020-08-06,0.0
Brevard County,2020-08-06,13.13
Broward County,2020-08-06,10.34
Calhoun County,2020-08-06,2.16
Charlotte County,2020-08-06,9.9
Citrus County,2020-08-06,1.29
Clay County,2020-08-06,0.0
Collier County,2020-08-06,9.48
Columbia County,2020-08-06,0.05
DeSoto County,2020-08-06,9.74
Dixie County,2020-08-06,1.22
Duval County,2020-08-06,0.25
Escambia County,2020-08-06,0.0
Flagler County,2020-08-06,0.0
Franklin County,2020-08-06,2.15
Gadsden County,2020-08-06,2.9
Gilchrist County,2020-08-06,0.85
Glades County,2020-08-06,11.44
Gulf County,2020-08-06,0.63
Hamilton County,2020-08-06,0.0
Hardee County,2020-08-06,9.8
Hendry County,2020-08-06,10.26
Hernando County,2020-08-06,2.07
Highlands County,2020-08-06,10.83
Hillsborough County,2020-08-06,4.8
Holmes County,2020-08-06,0.0
Indian River County,2020-08-06,15.53
Jackson County,2020-08-06,2.75
Jefferson County,2020-08-06,1.6
Lafayette County,2020-08-06,0.5
Lake County,2020-08-06,1.34
Lee County,2020-08-06,10.76
Leon County,2020-08-06,2.22
Levy County,2020-08-06,0.95
Liberty County,2020-08-06,2.21
Madison County,2020-08-06,0.5
Manatee County,2020-08-06,5.87
Marion County,2020-08-06,0.05
Martin County,2020-08-06,13.86
Miami-Dade County,2020-08-06,6.01
Monroe County,2020-08-06,4.06
Nassau County,2020-08-06,0.49
Okaloosa County,2020-08-06,0.0
Okeechobee County,2020-08-06,13.49
Orange County,2020-08-06,7.45
Osceola County,2020-08-06,12.78
Palm Beach County,2020-08-06,10.91
Pasco County,2020-08-06,2.91
Pinellas County,2020-08-06,3.06
Polk County,2020-08-06,10.44
Putnam County,2020-08-06,0.0
St. Johns County,2020-08-06,0.0
St. Lucie County,2020-08-06,16.31
Santa Rosa County,2020-08-06,0.01
Sarasota County,2020-08-06,6.13
Seminole County,2020-08-06,5.94
Sumter County,2020-08-06,1.01
Suwannee County,2020-08-06,0.0
Taylor County,2020-08-06,1.01
Union County,2020-08-06,0.0
Volusia County,2020-08-06,3.16
Wakulla County,2020-08-06,1.97
Walton County,2020-08-06,0.0
Washington County,2020-08-06,0.63
Alachua County,2020-08-07,12.09
Baker County,2020-08-07,16.42
Bay County,2020-08-07,0.0
Bradford County,2020-08-07,15.1
Brevard County,2020-08-07,2.65
Broward County,2020-08-07,4.41
Calhoun County,2020-08-07,0.0
Charlotte County,2020-08-07,7.43
Citrus County,2020-08-07,6.92
Clay County,2020-08-07,15.42
Collier County,2020-08-07,4.8
Columbia County,2020-08-07,14.96
DeSoto County,2020-08-07,6.46
Dixie County,2020-08-07,13.06
Duval County,2020-08-07,13.31
Escambia County,2020-08-07,0.0
Flagler County,2020-08-07,12.01
Franklin County,2020-08-07,0.03
Gadsden County,2020-08-07,0.0
Gilchrist County,2020-08-07,13.72
Glades County,2020-08-07,6.82
Gulf County,2020-08-07,0.0
Hamilton County,2020-08-07,12.92
Hardee County,2020-08-07,7.24
Hendry County,2020-08-07,6.34
Hernando County,2020-08-07,5.78
Highlands County,2020-08-07,6.13
Hillsborough County,2020-08-07,6.69
Holmes County,2020-08-07,0.0
Indian River County,2020-08-07,3.38
Jackson County,2020-08-07,0.0
Jefferson County,2020-08-07,3.02
Lafayette County,2020-08-07,16.71
Lake County,2020-08-07,10.48
Lee County,2020-08-07,7.17
Leon County,2020-08-07,0.32
Levy County,2020-08-07,8.15
Liberty County,2020-08-07,0.0
Madison County,2020-08-07,7.94
Manatee County,2020-08-07,7.0
Marion County,2020-08-07,9.9
Martin County,2020-08-07,4.0
Miami-Dade County,2020-08-07,1.19
Monroe County,2020-08-07,0.31
Nassau County,2020-08-07,11.81
Okaloosa County,2020-08-07,0.26
Okeechobee County,2020-08-07,6.27
Orange County,2020-08-07,8.56
Osceola County,2020-08-07,7.23
Palm Beach County,2020-08-07,4.82
Pasco County,2020-08-07,5.66
Pinellas County,2020-08-07,4.75
Polk County,2020-08-07,9.93
Putnam County,2020-08-07,13.75
St. Johns County,2020-08-07,11.86
St. Lucie County,2020-08-07,3.94
Santa Rosa County,2020-08-07,0.0
Sarasota County,2020-08-07,7.32
Seminole County,2020-08-07,10.49
Sumter County,2020-08-07,6.21
Suwannee County,2020-08-07,16.95
Taylor County,2020-08-07,7.81
Union County,2020-08-07,15.22
Volusia County,2020-08-07,12.15
Wakulla County,2020-08-07,0.49
Walton County,2020-08-07,0.02
Washington County,2020-08-07,0.0
Alachua County,2020-08-08,15.26
Baker County,2020-08-08,21.63
Bay County,2020-08-08,0.0
Bradford County,2020-08-08,19.32
Brevard County,2020-08-08,3.38
Broward County,2020-08-08,0.0
Calhoun County,2020-08-08,0.0
Charlotte County,2020-08-08,9.52
Citrus County,2020-08-08,9.6
Clay County,2020-08-08,21.4
Collier County,2020-08-08,7.25
Columbia County,2020-08-08,16.6
DeSoto County,2020-08-08,8.65
Dixie County,2020-08-08,11.42
Duval County,2020-08-08,25.68
Escambia County,2020-08-08,0.03
Flagler County,2020-08-08,10.25
Franklin County,2020-08-08,0.0
Gadsden County,2020-08-08,0.0
Gilchrist County,2020-08-08,13.94
Glades County,2020-08-08,8.44
Gulf County,2020-08-08,0.0
Hamilton County,2020-08-08,12.89
Hardee County,2020-08-08,9.52
Hendry County,2020-08-08,6.22
Hernando County,2020-08-08,8.14
Highlands County,2020-08-08,9.19
Hillsborough County,2020-08-08,6.9
Holmes County,2020-08-08,0.0
Indian River County,2020-08-08,2.22
Jackson County,2020-08-08,0.0
Jefferson County,2020-08-08,2.22
Lafayette County,2020-08-08,12.15
Lake County,2020-08-08,8.73
Lee County,2020-08-08,11.56
Leon County,2020-08-08,0.0
Levy County,2020-08-08,10.03
Liberty County,2020-08-08,0.0
Madison County,2020-08-08,6.13
Manatee County,2020-08-08,5.1
Marion County,2020-08-08,10.73
Martin County,2020-08-08,0.0
Miami-Dade County,2020-08-08,0.01
Monroe County,2020-08-08,0.08
Nassau County,2020-08-08,29.1
Okaloosa County,2020-08-08,0.62
Okeechobee County,2020-08-08,5.16
Orange County,2020-08-08,8.36
Osceola County,2020-08-08,8.46
Palm Beach County,2020-08-08,0.0
Pasco County,2020-08-08,7.21
Pinellas County,2020-08-08,4.14
Polk County,2020-08-08,12.47
Putnam County,2020-08-08,15.16
St. Johns County,2020-08-08,16.76
St. Lucie County,2020-08-08,0.26
Santa Rosa County,2020-08-08,0.0
Sarasota County,2020-08-08,4.52
Seminole County,2020-08-08,7.7
Sumter County,2020-08-08,8.41
Suwannee County,2020-08-08,13.77
Taylor County,2020-08-08,5.63
Union County,2020-08-08,18.04
Volusia County,2020-08-08,7.47
Wakulla County,2020-08-08,0.18
Walton County,2020-08-08,0.0
Washington County,2020-08-08,0.0
Alachua County,2020-08-09,0.0
Baker County,2020-08-09,0.0
Bay County,2020-08-09,4.44
Bradford County,2020-08-09,0.0
Brevard County,2020-08-09,0.0
Broward County,2020-08-09,0.01
Calhoun County,2020-08-09,3.94
Charlotte County,2020-08-09,0.0
Citrus County,2020-08-09,4.54
Clay County,2020-08-09,0.87
Collier County,2020-08-09,0.33
Columbia County,2020-08-09,0.13
DeSoto County,2020-08-09,0.0
Dixie County,2020-08-09,3.25
Duval County,2020-08-09,1.81
Escambia County,2020-08-09,4.46
Flagler County,2020-08-09,1.63
Franklin County,2020-08-09,6.12
Gadsden County,2020-08-09,3.15
Gilchrist County,2020-08-09,1.47
Glades County,2020-08-09,0.0
Gulf County,2020-08-09,5.79
Hamilton County,2020-08-09,2.1
Hardee County,2020-08-09,1.61
Hendry County,2020-08-09,0.0
Hernando County,2020-08-09,5.3
Highlands County,2020-08-09,0.01
Hillsborough County,2020-08-09,5.8
Holmes County,2020-08-09,3.27
Indian River County,2020-08-09,0.0
Jackson County,2020-08-09,3.35
Jefferson County,2020-08-09,2.63
Lafayette County,2020-08-09,2.58
Lake County,2020-08-09,3.36
Lee County,2020-08-09,0.08
Leon County,2020-08-09,3.08
Levy County,2020-08-09,2.24
Liberty County,2020-08-09,4.26
Madison County,2020-08-09,2.32
Manatee County,2020-08-09,2.83
Marion County,2020-08-09,2.31
Martin County,2020-08-09,0.0
Miami-Dade County,2020-08-09,0.0
Monroe County,2020-08-09,0.07
Nassau County,2020-08-09,2.18
Okaloosa County,2020-08-09,4.48
Okeechobee County,2020-08-09,0.15
Orange County,2020-08-09,1.66
Osceola County,2020-08-09,0.97
Palm Beach County,2020-08-09,0.0
Pasco County,2020-08-09,5.47
Pinellas County,2020-08-09,3.98
Polk County,2020-08-09,5.69
Putnam County,2020-08-09,1.64
St. Johns County,2020-08-09,1.79
St. Lucie County,2020-08-09,0.0
Santa Rosa County,2020-08-09,4.9
Sarasota County,2020-08-09,0.92
Seminole County,2020-08-09,1.32
Sumter County,2020-08-09,4.41
Suwannee County,2020-08-09,2.19
Taylor County,2020-08-09,2.45
Union County,2020-08-09,0.0
Volusia County,2020-08-09,1.24
Wakulla County,2020-08-09,3.64
Walton County,2020-08-09,4.23
Washington County,2020-08-09,3.75
Alachua County,2020-08-10,5.98
Baker County,2020-08-10,10.46
Bay County,2020-08-10,0.0
Bradford County,2020-08-10,8.91
Brevard County,2020-08-10,0.27
Broward County,2020-08-10,0.0
Calhoun County,2020-08-10,0.0
Charlotte County,2020-08-10,0.61
Citrus County,2020-08-10,5.01
Clay County,2020-08-10,11.6
Collier County,2020-08-10,1.48
Columbia County,2020-08-10,6.3
DeSoto County,2020-08-10,0.0
Dixie County,2020-08-10,0.0
Duval County,2020-08-10,14.55
Escambia County,2020-08-10,0.07
Flagler County,2020-08-10,7.38
Franklin County,2020-08-10,0.0
Gadsden County,2020-08-10,0.0
Gilchrist County,2020-08-10,1.13
Glades County,2020-08-10,0.0
Gulf County,2020-08-10,0.0
Hamilton County,2020-08-10,5.09
Hardee County,2020-08-10,0.42
Hendry County,2020-08-10,0.11
Hernando County,2020-08-10,4.98
Highlands County,2020-08-10,0.0
Hillsborough County,2020-08-10,3.95
Holmes County,2020-08-10,0.0
Indian River County,2020-08-10,0.0
Jackson County,2020-08-10,0.1
Jefferson County,2020-08-10,0.0
Lafayette County,2020-08-10,0.0
Lake County,2020-08-10,6.27
Lee County,2020-08-10,0.28
Leon County,2020-08-10,0.0
Levy County,2020-08-10,1.89
Liberty County,2020-08-10,0.0
Madison County,2020-08-10,0.08
Manatee County,2020-08-10,2.84
Marion County,2020-08-10,6.06
Martin County,2020-08-10,0.58
Miami-Dade County,2020-08-10,0.0
Monroe County,2020-08-10,0.08
Nassau County,2020-08-10,14.83
Okaloosa County,2020-08-10,0.57
Okeechobee County,2020-08-10,0.0
Orange County,2020-08-10,4.74
Osceola County,2020-08-10,1.54
Palm Beach County,2020-08-10,0.0
Pasco County,2020-08-10,4.62
Pinellas County,2020-08-10,3.39
Polk County,2020-08-10,3.11
Putnam County,2020-08-10,9.0
St. Johns County,2020-08-10,10.42
St. Lucie County,2020-08-10,0.04
Santa Rosa County,2020-08-10,0.0
Sarasota County,2020-08-10,2.67
Seminole County,2020-08-10,5.61
Sumter County,2020-08-10,5.3
Suwannee County,2020-08-10,1.05
Taylor County,2020-08-10,0.0
Union County,2020-08-10,7.33
Volusia County,2020-08-10,6.25
Wakulla County,2020-08-10,0.0
Walton County,2020-08-10,0.0
Washington County,2020-08-10,0.0
Alachua County,2020-08-11,6.24
Baker County,2020-08-11,14.61
Bay County,2020-08-11,7.95
Bradford County,2020-08-11,10.96
Brevard County,2020-08-11,0.0
Broward County,2020-08-11,0.0
Calhoun County,2020-08-11,8.98
Charlotte County,2020-08-11,0.0
Citrus County,2020-08-11,4.55
Clay County,2020-08-11,16.02
Collier County,2020-08-11,0.25
Columbia County,2020-08-11,9.03
DeSoto County,2020-08-11,0.0
Dixie County,2020-08-11,4.32
Duval County,2020-08-11,23.65
Escambia County,2020-08-11,4.94
Flagler County,2020-08-11,8.34
Franklin County,2020-08-11,9.57
Gadsden County,2020-08-11,7.9
Gilchrist County,2020-08-11,4.77
Glades County,2020-08-11,0.0
Gulf County,2020-08-11,9.48
Hamilton County,2020-08-11,8.98
Hardee County,2020-08-11,0.1
Hendry County,2020-08-11,0.02
Hernando County,2020-08-11,4.79
Highlands County,2020-08-11,0.0
Hillsborough County,2020-08-11,5.59
Holmes County,2020-08-11,9.04
Indian River County,2020-08-11,0.03
Jackson County,2020-08-11,10.97
Jefferson County,2020-08-11,5.83
Lafayette County,2020-08-11,4.91
Lake County,2020-08-11,0.68
Lee County,2020-08-11,0.0
Leon County,2020-08-11,6.53
Levy County,2020-08-11,3.41
Liberty County,2020-08-11,8.53
Madison County,2020-08-11,6.02
Manatee County,2020-08-11,3.9
Marion County,2020-08-11,4.86
Martin County,2020-08-11,0.0
Miami-Dade County,2020-08-11,0.0
Monroe County,2020-08-11,0.0
Nassau County,2020-08-11,22.78
Okaloosa County,2020-08-11,5.59
Okeechobee County,2020-08-11,0.0
Orange County,2020-08-11,0.47
Osceola County,2020-08-11,0.0
Palm Beach County,2020-08-11,0.0
Pasco County,2020-08-11,4.96
Pinellas County,2020-08-11,4.81
Polk County,2020-08-11,1.27
Putnam County,2020-08-11,9.95
St. Johns County,2020-08-11,16.58
St. Lucie County,2020-08-11,0.0
Santa Rosa County,2020-08-11,5.86
Sarasota County,2020-08-11,2.51
Seminole County,2020-08-11,0.0
Sumter County,2020-08-11,3.04
Suwannee County,2020-08-11,6.46
Taylor County,2020-08-11,4.18
Union County,2020-08-11,9.42
Volusia County,2020-08-11,1.17
Wakulla County,2020-08-11,6.46
Walton County,2020-08-11,6.9
Washington County,2020-08-11,8.7
Alachua County,2020-08-12,7.45
Baker County,2020-08-12,7.54
Bay County,2020-08-12,25.91
Bradford County,2020-08-12,8.4
Brevard County,2020-08-12,5.63
Broward County,2020-08-12,0.0
Calhoun County,2020-08-12,29.66
Charlotte County,2020-08-12,7.59
Citrus County,2020-08-12,6.34
Clay County,2020-08-12,11.09
Collier County,2020-08-12,0.28
Columbia County,2020-08-12,6.67
DeSoto County,2020-08-12,8.68
Dixie County,2020-08-12,9.84
Duval County,2020-08-12,10.88
Escambia County,2020-08-12,28.1
Flagler County,2020-08-12,12.82
Franklin County,2020-08-12,34.66
Gadsden County,2020-08-12,25.97
Gilchrist County,2020-08-12,7.74
Glades County,2020-08-12,4.95
Gulf County,2020-08-12,30.63
Hamilton County,2020-08-12,7.02
Hardee County,2020-08-12,9.63
Hendry County,2020-08-12,1.57
Hernando County,2020-08-12,5.63
Highlands County,2020-08-12,8.01
Hillsborough County,2020-08-12,6.77
Holmes County,2020-08-12,23.82
Indian River County,2020-08-12,3.11
Jackson County,2020-08-12,30.71
Jefferson County,2020-08-12,13.87
Lafayette County,2020-08-12,8.31
Lake County,2020-08-12,7.33
Lee County,2020-08-12,5.92
Leon County,2020-08-12,22.46
Levy County,2020-08-12,6.93
Liberty County,2020-08-12,30.16
Madison County,2020-08-12,8.9
Manatee County,2020-08-12,7.08
Marion County,2020-08-12,7.29
Martin County,2020-08-12,0.0
Miami-Dade County,2020-08-12,0.01
Monroe County,2020-08-12,0.04
Nassau County,2020-08-12,7.96
Okaloosa County,2020-08-12,22.71
Okeechobee County,2020-08-12,5.52
Orange County,2020-08-12,8.06
Osceola County,2020-08-12,8.06
Palm Beach County,2020-08-12,0.02
Pasco County,2020-08-12,5.7
Pinellas County,2020-08-12,5.71
Polk County,2020-08-12,9.93
Putnam County,2020-08-12,11.23
St. Johns County,2020-08-12,13.03
St. Lucie County,2020-08-12,0.39
Santa Rosa County,2020-08-12,28.36
Sarasota County,2020-08-12,6.78
Seminole County,2020-08-12,9.73
Sumter County,2020-08-12,4.92
Suwannee County,2020-08-12,7.21
Taylor County,2020-08-12,10.04
Union County,2020-08-12,7.27
Volusia County,2020-08-12,10.92
Wakulla County,2020-08-12,25.66
Walton County,2020-08-12,23.35
Washington County,2020-08-12,26.44
Alachua County,2020-08-13,2.02
Baker County,2020-08-13,3.15
Bay County,2020-08-13,0.0
Bradford County,2020-08-13,2.68
Brevard County,2020-08-13,5.64
Broward County,2020-08-13,0.01
Calhoun County,2020-08-13,0.0
Charlotte County,2020-08-13,3.46
Citrus County,2020-08-13,1.69
Clay County,2020-08-13,3.28
Collier County,2020-08-13,2.61
Columbia County,2020-08-13,1.87
DeSoto County,2020-08-13,3.34
Dixie County,2020-08-13,1.06
Duval County,2020-08-13,3.59
Escambia County,2020-08-13,0.0
Flagler County,2020-08-13,4.03
Franklin County,2020-08-13,0.0
Gadsden County,2020-08-13,0.0
Gilchrist County,2020-08-13,1.79
Glades County,2020-08-13,2.72
Gulf County,2020-08-13,0.0
Hamilton County,2020-08-13,0.0
Hardee County,2020-08-13,3.55
Hendry County,2020-08-13,1.67
Hernando County,2020-08-13,1.5
Highlands County,2020-08-13,3.3
Hillsborough County,2020-08-13,1.61
Holmes County,2020-08-13,0.0
Indian River County,2020-08-13,3.31
Jackson County,2020-08-13,0.0
Jefferson County,2020-08-13,0.0
Lafayette County,2020-08-13,0.18
Lake County,2020-08-13,3.14
Lee County,2020-08-13,4.01
Leon County,2020-08-13,0.0
Levy County,2020-08-13,1.58
Liberty County,2020-08-13,0.0
Madison County,2020-08-13,0.0
Manatee County,2020-08-13,1.83
Marion County,2020-08-13,2.19
Martin County,2020-08-13,0.03
Miami-Dade County,2020-08-13,0.01
Monroe County,2020-08-13,0.04
Nassau County,2020-08-13,3.74
Okaloosa County,2020-08-13,0.0
Okeechobee County,2020-08-13,2.97
Orange County,2020-08-13,5.32
Osceola County,2020-08-13,5.29
Palm Beach County,2020-08-13,0.04
Pasco County,2020-08-13,1.27
Pinellas County,2020-08-13,0.0
Polk County,2020-08-13,4.49
Putnam County,2020-08-13,3.15
St. Johns County,2020-08-13,3.6
St. Lucie County,2020-08-13,1.4
Santa Rosa County,2020-08-13,0.0
Sarasota County,2020-08-13,2.26
Seminole County,2020-08-13,5.76
Sumter County,2020-08-13,1.74
Suwannee County,2020-08-13,0.26
Taylor County,2020-08-13,0.0
Union County,2020-08-13,2.41
Volusia County,2020-08-13,5.16
Wakulla County,2020-08-13,0.0
Walton County,2020-08-13,0.0
Washington County,2020-08-13,0.0
Alachua County,2020-08-14,3.79
Baker County,2020-08-14,7.2
Bay County,2020-08-14,7.48
Bradford County,2020-08-14,5.58
Brevard County,2020-08-14,3.43
Broward County,2020-08-14,0.0
Calhoun County,2020-08-14,6.0
Charlotte County,2020-08-14,2.9
Citrus County,2020-08-14,1.27
Clay County,2020-08-14,7.83
Collier County,2020-08-14,2.0
Columbia County,2020-08-14,5.77
DeSoto County,2020-08-14,2.76
Dixie County,2020-08-14,2.81
Duval County,2020-08-14,9.51
Escambia County,2020-08-14,5.73
Flagler County,2020-08-14,10.38
Franklin County,2020-08-14,5.76
Gadsden County,2020-08-14,3.0
Gilchrist County,2020-08-14,3.25
Glades County,2020-08-14,2.59
Gulf County,2020-08-14,7.1
Hamilton County,2020-08-14,5.36
Hardee County,2020-08-14,2.79
Hendry County,2020-08-14,1.81
Hernando County,2020-08-14,1.46
Highlands County,2020-08-14,2.59
Hillsborough County,2020-08-14,2.34
Holmes County,2020-08-14,9.11
Indian River County,2020-08-14,2.98
Jackson County,2020-08-14,6.22
Jefferson County,2020-08-14,2.31
Lafayette County,2020-08-14,3.24
Lake County,2020-08-14,4.08
Lee County,2020-08-14,3.08
Leon County,2020-08-14,2.32
Levy County,2020-08-14,0.85
Liberty County,2020-08-14,4.75
Madison County,2020-08-14,3.04
Manatee County,2020-08-14,2.19
Marion County,2020-08-14,3.87
Martin County,2020-08-14,4.05
Miami-Dade County,2020-08-14,0.01
Monroe County,2020-08-14,0.01
Nassau County,2020-08-14,10.66
Okaloosa County,2020-08-14,9.47
Okeechobee County,2020-08-14,2.85
Orange County,2020-08-14,3.64
Osceola County,2020-08-14,2.65
Palm Beach County,2020-08-14,1.18
Pasco County,2020-08-14,2.21
Pinellas County,2020-08-14,1.83
Polk County,2020-08-14,3.0
Putnam County,2020-08-14,7.49
St. Johns County,2020-08-14,10.69
St. Lucie County,2020-08-14,4.08
Santa Rosa County,2020-08-14,8.19
Sarasota County,2020-08-14,2.18
Seminole County,2020-08-14,5.1
Sumter County,2020-08-14,2.87
Suwannee County,2020-08-14,4.29
Taylor County,2020-08-14,2.21
Union County,2020-08-14,5.32
Volusia County,2020-08-14,7.3
Wakulla County,2020-08-14,2.77
Walton County,2020-08-14,9.79
Washington County,2020-08-14,8.26
Alachua County,2020-08-15,3.5
Baker County,2020-08-15,5.09
Bay County,2020-08-15,5.99
Bradford County,2020-08-15,4.42
Brevard County,2020-08-15,0.64
Broward County,2020-08-15,0.01
Calhoun County,2020-08-15,5.64
Charlotte County,2020-08-15,0.4
Citrus County,2020-08-15,1.95
Clay County,2020-08-15,5.99
Collier County,2020-08-15,0.0
Columbia County,2020-08-15,4.81
DeSoto County,2020-08-15,2.42
Dixie County,2020-08-15,4.62
Duval County,2020-08-15,6.74
Escambia County,2020-08-15,14.32
Flagler County,2020-08-15,8.42
Franklin County,2020-08-15,6.73
Gadsden County,2020-08-15,4.69
Gilchrist County,2020-08-15,3.94
Glades County,2020-08-15,0.09
Gulf County,2020-08-15,6.38
Hamilton County,2020-08-15,7.09
Hardee County,2020-08-15,2.63
Hendry County,2020-08-15,0.03
Hernando County,2020-08-15,1.62
Highlands County,2020-08-15,1.93
Hillsborough County,2020-08-15,1.72
Holmes County,2020-08-15,5.74
Indian River County,2020-08-15,0.0
Jackson County,2020-08-15,5.61
Jefferson County,2020-08-15,5.52
Lafayette County,2020-08-15,6.25
Lake County,2020-08-15,2.02
Lee County,2020-08-15,0.0
Leon County,2020-08-15,4.83
Levy County,2020-08-15,2.42
Liberty County,2020-08-15,5.45
Madison County,2020-08-15,6.7
Manatee County,2020-08-15,1.66
Marion County,2020-08-15,2.72
Martin County,2020-08-15,0.06
Miami-Dade County,2020-08-15,0.0
Monroe County,2020-08-15,0.0
Nassau County,2020-08-15,6.84
Okaloosa County,2020-08-15,6.38
Okeechobee County,2020-08-15,0.0
Orange County,2020-08-15,1.52
Osceola County,2020-08-15,0.05
Palm Beach County,2020-08-15,0.08
Pasco County,2020-08-15,1.56
Pinellas County,2020-08-15,1.39
Polk County,2020-08-15,1.5
Putnam County,2020-08-15,5.88
St. Johns County,2020-08-15,9.21
St. Lucie County,2020-08-15,0.0
Santa Rosa County,2020-08-15,10.57
Sarasota County,2020-08-15,0.95
Seminole County,2020-08-15,2.14
Sumter County,2020-08-15,1.48
Suwannee County,2020-08-15,6.44
Taylor County,2020-08-15,4.95
Union County,2020-08-15,4.1
Volusia County,2020-08-15,3.87
Wakulla County,2020-08-15,4.81
Walton County,2020-08-15,5.74
Washington County,2020-08-15,6.4
Alachua County,2020-08-16,5.64
Baker County,2020-08-16,6.06
Bay County,2020-08-16,1.47
Bradford County,2020-08-16,6.21
Brevard County,2020-08-16,3.74
Broward County,2020-08-16,8.57
Calhoun County,2020-08-16,1.69
Charlotte County,2020-08-16,7.31
Citrus County,2020-08-16,6.09
Clay County,2020-08-16,7.05
Collier County,2020-08-16,6.74
Columbia County,2020-08-16,4.84
DeSoto County,2020-08-16,6.67
Dixie County,2020-08-16,4.45
Duval County,2020-08-16,7.16
Escambia County,2020-08-16,2.57
Flagler County,2020-08-16,6.47
Franklin County,2020-08-16,2.31
Gadsden County,2020-08-16,1.69
Gilchrist County,2020-08-16,4.98
Glades County,2020-08-16,7.94
Gulf County,2020-08-16,1.89
Hamilton County,2020-08-16,4.02
Hardee County,2020-08-16,6.96
Hendry County,2020-08-16,7.57
Hernando County,2020-08-16,5.95
Highlands County,2020-08-16,6.54
Hillsborough County,2020-08-16,6.05
Holmes County,2020-08-16,0.51
Indian River County,2020-08-16,5.04
Jackson County,2020-08-16,2.11
Jefferson County,2020-08-16,1.87
Lafayette County,2020-08-16,3.64
Lake County,2020-08-16,5.25
Lee County,2020-08-16,7.81
Leon County,2020-08-16,1.19
Levy County,2020-08-16,4.88
Liberty County,2020-08-16,1.77
Madison County,2020-08-16,2.53
Manatee County,2020-08-16,5.17
Marion County,2020-08-16,5.59
Martin County,2020-08-16,6.34
Miami-Dade County,2020-08-16,4.52
Monroe County,2020-08-16,1.98
Nassau County,2020-08-16,7.15
Okaloosa County,2020-08-16,1.34
Okeechobee County,2020-08-16,6.17
Orange County,2020-08-16,4.35
Osceola County,2020-08-16,5.11
Palm Beach County,2020-08-16,6.93
Pasco County,2020-08-16,5.75
Pinellas County,2020-08-16,4.44
Polk County,2020-08-16,7.52
Putnam County,2020-08-16,6.74
St. Johns County,2020-08-16,7.17
St. Lucie County,2020-08-16,6.07
Santa Rosa County,2020-08-16,2.15
Sarasota County,2020-08-16,4.79
Seminole County,2020-08-16,4.49
Sumter County,2020-08-16,5.34
Suwannee County,2020-08-16,3.93
Taylor County,2020-08-16,2.27
Union County,2020-08-16,5.54
Volusia County,2020-08-16,5.11
Wakulla County,2020-08-16,1.66
Walton County,2020-08-16,0.63
Washington County,2020-08-16,1.28
Alachua County,2020-08-17,1.83
Baker County,2020-08-17,2.22
Bay County,2020-08-17,0.0
Bradford County,2020-08-17,2.14
Brevard County,2020-08-17,1.19
Broward County,2020-08-17,2.93
Calhoun County,2020-08-17,0.0
Charlotte County,2020-08-17,4.8
Citrus County,2020-08-17,2.38
Clay County,2020-08-17,2.36
Collier County,2020-08-17,4.4
Columbia County,2020-08-17,1.85
DeSoto County,2020-08-17,4.09
Dixie County,2020-08-17,0.2
Duval County,2020-08-17,2.18
Escambia County,2020-08-17,0.0
Flagler County,2020-08-17,2.34
Franklin County,2020-08-17,0.0
Gadsden County,2020-08-17,0.0
Gilchrist County,2020-08-17,1.65
Glades County,2020-08-17,3.8
Gulf County,2020-08-17,0.0
Hamilton County,2020-08-17,1.44
Hardee County,2020-08-17,4.18
Hendry County,2020-08-17,4.64
Hernando County,2020-08-17,3.1
Highlands County,2020-08-17,2.91
Hillsborough County,2020-08-17,5.01
Holmes County,2020-08-17,0.0
Indian River County,2020-08-17,2.46
Jackson County,2020-08-17,0.0
Jefferson County,2020-08-17,0.0
Lafayette County,2020-08-17,1.2
Lake County,2020-08-17,1.69
Lee County,2020-08-17,4.97
Leon County,2020-08-17,0.0
Levy County,2020-08-17,0.92
Liberty County,2020-08-17,0.0
Madison County,2020-08-17,0.09
Manatee County,2020-08-17,5.1
Marion County,2020-08-17,1.69
Martin County,2020-08-17,3.73
Miami-Dade County,2020-08-17,1.5
Monroe County,2020-08-17,1.03
Nassau County,2020-08-17,1.82
Okaloosa County,2020-08-17,0.0
Okeechobee County,2020-08-17,3.06
Orange County,2020-08-17,1.65
Osceola County,2020-08-17,2.09
Palm Beach County,2020-08-17,2.62
Pasco County,2020-08-17,3.93
Pinellas County,2020-08-17,5.16
Polk County,2020-08-17,3.8
Putnam County,2020-08-17,2.21
St. Johns County,2020-08-17,2.52
St. Lucie County,2020-08-17,3.99
Santa Rosa County,2020-08-17,0.0
Sarasota County,2020-08-17,5.15
Seminole County,2020-08-17,1.55
Sumter County,2020-08-17,1.82
Suwannee County,2020-08-17,1.71
Taylor County,2020-08-17,0.0
Union County,2020-08-17,2.02
Volusia County,2020-08-17,1.63
Wakulla County,2020-08-17,0.0
Walton County,2020-08-17,0.0
Washington County,2020-08-17,0.0
Alachua County,2020-08-18,2.68
Baker County,2020-08-18,1.07
Bay County,2020-08-18,0.0
Bradford County,2020-08-18,2.27
Brevard County,2020-08-18,12.87
Broward County,2020-08-18,11.97
Calhoun County,2020-08-18,0.0
Charlotte County,2020-08-18,11.56
Citrus County,2020-08-18,10.3
Clay County,2020-08-18,3.57
Collier County,2020-08-18,15.26
Columbia County,2020-08-18,0.91
DeSoto County,2020-08-18,10.22
Dixie County,2020-08-18,0.05
Duval County,2020-08-18,2.42
Escambia County,2020-08-18,0.0
Flagler County,2020-08-18,10.53
Franklin County,2020-08-18,0.0
Gadsden County,2020-08-18,0.0
Gilchrist County,2020-08-18,0.95
Glades County,2020-08-18,15.13
Gulf County,2020-08-18,0.0
Hamilton County,2020-08-18,0.31
Hardee County,2020-08-18,11.6
Hendry County,2020-08-18,16.1
Hernando County,2020-08-18,13.53
Highlands County,2020-08-18,11.33
Hillsborough County,2020-08-18,12.93
Holmes County,2020-08-18,0.0
Indian River County,2020-08-18,14.95
Jackson County,2020-08-18,0.0
Jefferson County,2020-08-18,0.1
Lafayette County,2020-08-18,0.0
Lake County,2020-08-18,13.26
Lee County,2020-08-18,14.87
Leon County,2020-08-18,0.0
Levy County,2020-08-18,2.79
Liberty County,2020-08-18,0.0
Madison County,2020-08-18,0.0
Manatee County,2020-08-18,7.87
Marion County,2020-08-18,7.46
Martin County,2020-08-18,20.01
Miami-Dade County,2020-08-18,6.12
Monroe County,2020-08-18,6.11
Nassau County,2020-08-18,0.14
Okaloosa County,2020-08-18,0.0
Okeechobee County,2020-08-18,13.86
Orange County,2020-08-18,15.58
Osceola County,2020-08-18,14.53
Palm Beach County,2020-08-18,14.37
Pasco County,2020-08-18,14.1
Pinellas County,2020-08-18,9.25
Polk County,2020-08-18,17.45
Putnam County,2020-08-18,6.76
St. Johns County,2020-08-18,6.58
St. Lucie County,2020-08-18,21.86
Santa Rosa County,2020-08-18,0.0
Sarasota County,2020-08-18,6.28
Seminole County,2020-08-18,14.74
Sumter County,2020-08-18,13.1
Suwannee County,2020-08-18,0.29
Taylor County,2020-08-18,0.0
Union County,2020-08-18,1.55
Volusia County,2020-08-18,12.0
Wakulla County,2020-08-18,0.0
Walton County,2020-08-18,0.0
Washington County,2020-08-18,0.0
Alachua County,2020-08-19,13.53
Baker County,2020-08-19,17.24
Bay County,2020-08-19,17.74
Bradford County,2020-08-19,17.7
Brevard County,2020-08-19,14.02
Broward County,2020-08-19,5.35
Calhoun County,2020-08-19,25.88
Charlotte County,2020-08-19,2.16
Citrus County,2020-08-19,7.18
Clay County,2020-08-19,23.3
Collier County,2020-08-19,6.73
Columbia County,2020-08-19,14.58
DeSoto County,2020-08-19,0.0
Dixie County,2020-08-19,9.58
Duval County,2020-08-19,20.23
Escambia County,2020-08-19,0.63
Flagler County,2020-08-19,40.87
Franklin County,2020-08-19,30.21
Gadsden County,2020-08-19,27.13
Gilchrist County,2020-08-19,9.96
Glades County,2020-08-19,2.28
Gulf County,2020-08-19,24.34
Hamilton County,2020-08-19,12.94
Hardee County,2020-08-19,0.76
Hendry County,2020-08-19,3.37
Hernando County,2020-08-19,6.37
Highlands County,2020-08-19,0.7
Hillsborough County,2020-08-19,7.92
Holmes County,2020-08-19,11.77
Indian River County,2020-08-19,7.81
Jackson County,2020-08-19,27.1
Jefferson County,2020-08-19,15.82
Lafayette County,2020-08-19,9.81
Lake County,2020-08-19,13.0
Lee County,2020-08-19,4.7
Leon County,2020-08-19,23.59
Levy County,2020-08-19,7.0
Liberty County,2020-08-19,27.9
Madison County,2020-08-19,11.44
Manatee County,2020-08-19,5.85
Marion County,2020-08-19,13.22
Martin County,2020-08-19,8.32
Miami-Dade County,2020-08-19,6.27
Monroe County,2020-08-19,8.74
Nassau County,2020-08-19,18.17
Okaloosa County,2020-08-19,6.18
Okeechobee County,2020-08-19,4.41
Orange County,2020-08-19,13.41
Osceola County,2020-08-19,6.59
Palm Beach County,2020-08-19,5.8
Pasco County,2020-08-19,6.65
Pinellas County,2020-08-19,7.97
Polk County,2020-08-19,5.2
Putnam County,2020-08-19,27.15
St. Johns County,2020-08-19,34.24
St. Lucie County,2020-08-19,9.51
Santa Rosa County,2020-08-19,3.28
Sarasota County,2020-08-19,4.14
Seminole County,2020-08-19,20.77
Sumter County,2020-08-19,6.22
Suwannee County,2020-08-19,11.31
Taylor County,2020-08-19,10.66
Union County,2020-08-19,15.71
Volusia County,2020-08-19,29.91
Wakulla County,2020-08-19,25.03
Walton County,2020-08-19,9.8
Washington County,2020-08-19,16.94
Alachua County,2020-08-20,5.21
Baker County,2020-08-20,4.74
Bay County,2020-08-20,3.44
Bradford County,2020-08-20,5.3
Brevard County,2020-08-20,2.71
Broward County,2020-08-20,27.59
Calhoun County,2020-08-20,4.85
Charlotte County,2020-08-20,9.3
Citrus County,2020-08-20,3.85
Clay County,2020-08-20,5.85
Collier County,2020-08-20,15.59
Columbia County,2020-08-20,5.36
DeSoto County,2020-08-20,6.98
Dixie County,2020-08-20,8.35
Duval County,2020-08-20,6.26
Escambia County,2020-08-20,2.51
Flagler County,2020-08-20,4.05
Franklin County,2020-08-20,6.61
Gadsden County,2020-08-20,7.29
Gilchrist County,2020-08-20,6.72
Glades County,2020-08-20,10.66
Gulf County,2020-08-20,3.87
Hamilton County,2020-08-20,6.93
Hardee County,2020-08-20,5.09
Hendry County,2020-08-20,13.38
Hernando County,2020-08-20,3.79
Highlands County,2020-08-20,5.58
Hillsborough County,2020-08-20,4.96
Holmes County,2020-08-20,4.14
Indian River County,2020-08-20,6.83
Jackson County,2020-08-20,7.13
Jefferson County,2020-08-20,7.55
Lafayette County,2020-08-20,8.92
Lake County,2020-08-20,1.31
Lee County,2020-08-20,12.52
Leon County,2020-08-20,7.5
Levy County,2020-08-20,5.02
Liberty County,2020-08-20,5.59
Madison County,2020-08-20,7.86
Manatee County,2020-08-20,5.44
Marion County,2020-08-20,2.9
Martin County,2020-08-20,19.72
Miami-Dade County,2020-08-20,17.87
Monroe County,2020-08-20,12.04
Nassau County,2020-08-20,3.61
Okaloosa County,2020-08-20,2.78
Okeechobee County,2020-08-20,7.95
Orange County,2020-08-20,1.18
Osceola County,2020-08-20,2.27
Palm Beach County,2020-08-20,25.7
Pasco County,2020-08-20,4.39
Pinellas County,2020-08-20,6.61
Polk County,2020-08-20,3.18
Putnam County,2020-08-20,4.58
St. Johns County,2020-08-20,6.42
St. Lucie County,2020-08-20,13.07
Santa Rosa County,2020-08-20,2.4
Sarasota County,2020-08-20,6.2
Seminole County,2020-08-20,1.08
Sumter County,2020-08-20,1.63
Suwannee County,2020-08-20,7.92
Taylor County,2020-08-20,7.43
Union County,2020-08-20,5.17
Volusia County,2020-08-20,1.76
Wakulla County,2020-08-20,7.18
Walton County,2020-08-20,3.25
Washington County,2020-08-20,4.3
Alachua County,2020-08-21,17.03
Baker County,2020-08-21,19.74
Bay County,2020-08-21,13.91
Bradford County,2020-08-21,19.22
Brevard County,2020-08-21,17.54
Broward County,2020-08-21,12.32
Calhoun County,2020-08-21,16.42
Charlotte County,2020-08-21,21.13
Citrus County,2020-08-21,24.93
Clay County,2020-08-21,22.86
Collier County,2020-08-21,14.12
Columbia County,2020-08-21,14.89
DeSoto County,2020-08-21,19.9
Dixie County,2020-08-21,17.62
Duval County,2020-08-21,27.82
Escambia County,2020-08-21,3.16
Flagler County,2020-08-21,12.56
Franklin County,2020-08-21,28.94
Gadsden County,2020-08-21,18.33
Gilchrist County,2020-08-21,16.03
Glades County,2020-08-21,29.06
Gulf County,2020-08-21,23.06
Hamilton County,2020-08-21,13.35
Hardee County,2020-08-21,24.76
Hendry County,2020-08-21,18.57
Hernando County,2020-08-21,27.67
Highlands County,2020-08-21,26.03
Hillsborough County,2020-08-21,31.53
Holmes County,2020-08-21,8.0
Indian River County,2020-08-21,28.43
Jackson County,2020-08-21,12.91
Jefferson County,2020-08-21,15.37
Lafayette County,2020-08-21,11.89
Lake County,2020-08-21,15.83
Lee County,2020-08-21,20.86
Leon County,2020-08-21,19.7
Levy County,2020-08-21,18.2
Liberty County,2020-08-21,21.28
Madison County,2020-08-21,11.9
Manatee County,2020-08-21,24.21
Marion County,2020-08-21,16.65
Martin County,2020-08-21,27.64
Miami-Dade County,2020-08-21,11.72
Monroe County,2020-08-21,13.57
Nassau County,2020-08-21,25.73
Okaloosa County,2020-08-21,6.71
Okeechobee County,2020-08-21,30.91
Orange County,2020-08-21,15.74
Osceola County,2020-08-21,23.5
Palm Beach County,2020-08-21,17.0
Pasco County,2020-08-21,29.66
Pinellas County,2020-08-21,30.45
Polk County,2020-08-21,29.92
Putnam County,2020-08-21,17.69
St. Johns County,2020-08-21,19.77
St. Lucie County,2020-08-21,33.79
Santa Rosa County,2020-08-21,4.26
Sarasota County,2020-08-21,19.72
Seminole County,2020-08-21,13.11
Sumter County,2020-08-21,19.23
Suwannee County,2020-08-21,11.75
Taylor County,2020-08-21,12.13
Union County,2020-08-21,17.0
Volusia County,2020-08-21,11.36
Wakulla County,2020-08-21,21.56
Walton County,2020-08-21,8.8
Washington County,2020-08-21,10.83
Alachua County,2020-08-22,8.21
Baker County,2020-08-22,3.27
Bay County,2020-08-22,0.0
Bradford County,2020-08-22,4.97
Brevard County,2020-08-22,3.19
Broward County,2020-08-22,0.0
Calhoun County,2020-08-22,0.48
Charlotte County,2020-08-22,42.54
Citrus County,2020-08-22,25.04
Clay County,2020-08-22,4.22
Collier County,2020-08-22,16.91
Columbia County,2020-08-22,5.32
DeSoto County,2020-08-22,36.44
Dixie County,2020-08-22,14.97
Duval County,2020-08-22,1.18
Escambia County,2020-08-22,0.0
Flagler County,2020-08-22,7.07
Franklin County,2020-08-22,7.81
Gadsden County,2020-08-22,5.98
Gilchrist County,2020-08-22,11.22
Glades County,2020-08-22,24.2
Gulf County,2020-08-22,0.55
Hamilton County,2020-08-22,4.66
Hardee County,2020-08-22,34.82
Hendry County,2020-08-22,15.44
Hernando County,2020-08-22,29.13
Highlands County,2020-08-22,23.44
Hillsborough County,2020-08-22,34.19
Holmes County,2020-08-22,0.0
Indian River County,2020-08-22,4.92
Jackson County,2020-08-22,0.74
Jefferson County,2020-08-22,7.43
Lafayette County,2020-08-22,9.49
Lake County,2020-08-22,18.54
Lee County,2020-08-22,41.71
Leon County,2020-08-22,8.76
Levy County,2020-08-22,15.21
Liberty County,2020-08-22,4.27
Madison County,2020-08-22,5.95
Manatee County,2020-08-22,33.31
Marion County,2020-08-22,14.31
Martin County,2020-08-22,4.74
Miami-Dade County,2020-08-22,0.58
Monroe County,2020-08-22,9.16
Nassau County,2020-08-22,0.33
Okaloosa County,2020-08-22,0.0
Okeechobee County,2020-08-22,9.92
Orange County,2020-08-22,13.11
Osceola County,2020-08-22,12.32
Palm Beach County,2020-08-22,2.09
Pasco County,2020-08-22,31.18
Pinellas County,2020-08-22,31.98
Polk County,2020-08-22,30.45
Putnam County,2020-08-22,7.86
St. Johns County,2020-08-22,3.69
St. Lucie County,2020-08-22,5.95
Santa Rosa County,2020-08-22,0.0
Sarasota County,2020-08-22,34.33
Seminole County,2020-08-22,10.35
Sumter County,2020-08-22,21.92
Suwannee County,2020-08-22,6.95
Taylor County,2020-08-22,8.47
Union County,2020-08-22,5.22
Volusia County,2020-08-22,8.08
Wakulla County,2020-08-22,9.45
Walton County,2020-08-22,0.0
Washington County,2020-08-22,0.0
Alachua County,2020-08-23,11.29
Baker County,2020-08-23,8.67
Bay County,2020-08-23,1.38
Bradford County,2020-08-23,10.8
Brevard County,2020-08-23,4.87
Broward County,2020-08-23,6.6
Calhoun County,2020-08-23,2.55
Charlotte County,2020-08-23,8.78
Citrus County,2020-08-23,14.86
Clay County,2020-08-23,11.37
Collier County,2020-08-23,8.02
Columbia County,2020-08-23,8.96
DeSoto County,2020-08-23,8.87
Dixie County,2020-08-23,9.82
Duval County,2020-08-23,7.98
Escambia County,2020-08-23,2.48
Flagler County,2020-08-23,15.48
Franklin County,2020-08-23,5.09
Gadsden County,2020-08-23,3.97
Gilchrist County,2020-08-23,9.87
Glades County,2020-08-23,6.69
Gulf County,2020-08-23,3.02
Hamilton County,2020-08-23,8.29
Hardee County,2020-08-23,11.12
Hendry County,2020-08-23,6.14
Hernando County,2020-08-23,15.21
Highlands County,2020-08-23,8.13
Hillsborough County,2020-08-23,12.41
Holmes County,2020-08-23,0.0
Indian River County,2020-08-23,2.91
Jackson County,2020-08-23,1.72
Jefferson County,2020-08-23,5.19
Lafayette County,2020-08-23,9.88
Lake County,2020-08-23,18.02
Lee County,2020-08-23,8.96
Leon County,2020-08-23,4.66
Levy County,2020-08-23,9.1
Liberty County,2020-08-23,3.62
Madison County,2020-08-23,6.67
Manatee County,2020-08-23,8.69
Marion County,2020-08-23,14.61
Martin County,2020-08-23,3.11
Miami-Dade County,2020-08-23,9.68
Monroe County,2020-08-23,10.68
Nassau County,2020-08-23,6.55
Okaloosa County,2020-08-23,0.0
Okeechobee County,2020-08-23,4.81
Orange County,2020-08-23,15.12
Osceola County,2020-08-23,10.7
Palm Beach County,2020-08-23,4.19
Pasco County,2020-08-23,14.03
Pinellas County,2020-08-23,8.72
Polk County,2020-08-23,16.43
Putnam County,2020-08-23,14.91
St. Johns County,2020-08-23,11.84
St. Lucie County,2020-08-23,2.68
Santa Rosa County,2020-08-23,0.0
Sarasota County,2020-08-23,7.38
Seminole County,2020-08-23,15.61
Sumter County,2020-08-23,16.1
Suwannee County,2020-08-23,9.68
Taylor County,2020-08-23,6.64
Union County,2020-08-23,9.75
Volusia County,2020-08-23,15.21
Wakulla County,2020-08-23,5.01
Walton County,2020-08-23,0.0
Washington County,2020-08-23,0.16
Alachua County,2020-08-24,4.33
Baker County,2020-08-24,6.15
Bay County,2020-08-24,23.15
Bradford County,2020-08-24,4.57
Brevard County,2020-08-24,3.99
Broward County,2020-08-24,6.11
Calhoun County,2020-08-24,23.3
Charlotte County,2020-08-24,0.53
Citrus County,2020-08-24,3.26
Clay County,2020-08-24,4.34
Collier County,2020-08-24,2.3
Columbia County,2020-08-24,7.29
DeSoto County,2020-08-24,0.36
Dixie County,2020-08-24,10.92
Duval County,2020-08-24,5.15
Escambia County,2020-08-24,32.15
Flagler County,2020-08-24,2.86
Franklin County,2020-08-24,34.93
Gadsden County,2020-08-24,21.09
Gilchrist County,2020-08-24,7.37
Glades County,2020-08-24,1.83
Gulf County,2020-08-24,31.56
Hamilton County,2020-08-24,10.52
Hardee County,2020-08-24,0.79
Hendry County,2020-08-24,3.02
Hernando County,2020-08-24,2.78
Highlands County,2020-08-24,1.26
Hillsborough County,2020-08-24,1.91
Holmes County,2020-08-24,15.94
Indian River County,2020-08-24,4.21
Jackson County,2020-08-24,18.44
Jefferson County,2020-08-24,16.46
Lafayette County,2020-08-24,12.0
Lake County,2020-08-24,2.09
Lee County,2020-08-24,0.17
Leon County,2020-08-24,21.2
Levy County,2020-08-24,4.89
Liberty County,2020-08-24,26.69
Madison County,2020-08-24,13.16
Manatee County,2020-08-24,1.15
Marion County,2020-08-24,2.58
Martin County,2020-08-24,7.85
Miami-Dade County,2020-08-24,3.61
Monroe County,2020-08-24,2.75
Nassau County,2020-08-24,6.67
Okaloosa County,2020-08-24,22.68
Okeechobee County,2020-08-24,3.31
Orange County,2020-08-24,3.35
Osceola County,2020-08-24,3.4
Palm Beach County,2020-08-24,8.45
Pasco County,2020-08-24,2.59
Pinellas County,2020-08-24,3.01
Polk County,2020-08-24,2.05
Putnam County,2020-08-24,3.18
St. Johns County,2020-08-24,3.6
St. Lucie County,2020-08-24,5.82
Santa Rosa County,2020-08-24,31.7
Sarasota County,2020-08-24,0.97
Seminole County,2020-08-24,3.4
Sumter County,2020-08-24,1.63
Suwannee County,2020-08-24,10.65
Taylor County,2020-08-24,13.12
Union County,2020-08-24,5.43
Volusia County,2020-08-24,3.09
Wakulla County,2020-08-24,24.19
Walton County,2020-08-24,19.83
Washington County,2020-08-24,19.65
Alachua County,2020-08-25,10.55
Baker County,2020-08-25,11.37
Bay County,2020-08-25,60.76
Bradford County,2020-08-25,8.99
Brevard County,2020-08-25,0.77
Broward County,2020-08-25,8.04
Calhoun County,2020-08-25,48.98
Charlotte County,2020-08-25,9.29
Citrus County,2020-08-25,16.65
Clay County,2020-08-25,8.28
Collier County,2020-08-25,9.48
Columbia County,2020-08-25,13.68
DeSoto County,2020-08-25,7.36
Dixie County,2020-08-25,23.97
Duval County,2020-08-25,10.01
Escambia County,2020-08-25,62.15
Flagler County,2020-08-25,4.21
Franklin County,2020-08-25,46.43
Gadsden County,2020-08-25,25.64
Gilchrist County,2020-08-25,17.96
Glades County,2020-08-25,4.92
Gulf County,2020-08-25,53.74
Hamilton County,2020-08-25,18.82
Hardee County,2020-08-25,6.94
Hendry County,2020-08-25,6.42
Hernando County,2020-08-25,16.34
Highlands County,2020-08-25,3.9
Hillsborough County,2020-08-25,13.3
Holmes County,2020-08-25,72.18
Indian River County,2020-08-25,0.03
Jackson County,2020-08-25,58.24
Jefferson County,2020-08-25,17.62
Lafayette County,2020-08-25,20.34
Lake County,2020-08-25,4.8
Lee County,2020-08-25,10.65
Leon County,2020-08-25,18.53
Levy County,2020-08-25,17.37
Liberty County,2020-08-25,37.42
Madison County,2020-08-25,18.72
Manatee County,2020-08-25,10.31
Marion County,2020-08-25,8.23
Martin County,2020-08-25,0.97
Miami-Dade County,2020-08-25,8.7
Monroe County,2020-08-25,8.23
Nassau County,2020-08-25,12.66
Okaloosa County,2020-08-25,66.81
Okeechobee County,2020-08-25,1.41
Orange County,2020-08-25,2.44
Osceola County,2020-08-25,1.75
Palm Beach County,2020-08-25,4.15
Pasco County,2020-08-25,15.71
Pinellas County,2020-08-25,18.76
Polk County,2020-08-25,5.67
Putnam County,2020-08-25,6.39
St. Johns County,2020-08-25,6.67
St. Lucie County,2020-08-25,0.02
Santa Rosa County,2020-08-25,72.39
Sarasota County,2020-08-25,9.81
Seminole County,2020-08-25,2.27
Sumter County,2020-08-25,8.5
Suwannee County,2020-08-25,18.28
Taylor County,2020-08-25,17.57
Union County,2020-08-25,10.56
Volusia County,2020-08-25,2.72
Wakulla County,2020-08-25,22.62
Walton County,2020-08-25,68.9
Washington County,2020-08-25,73.3
Alachua County,2020-08-26,0.26
Baker County,2020-08-26,0.0
Bay County,2020-08-26,0.0
Bradford County,2020-08-26,0.0
Brevard County,2020-08-26,0.0
Broward County,2020-08-26,0.28
Calhoun County,2020-08-26,0.0
Charlotte County,2020-08-26,0.2
Citrus County,2020-08-26,0.0
Clay County,2020-08-26,0.0
Collier County,2020-08-26,0.19
Columbia County,2020-08-26,0.0
DeSoto County,2020-08-26,0.35
Dixie County,2020-08-26,0.0
Duval County,2020-08-26,0.0
Escambia County,2020-08-26,16.51
Flagler County,2020-08-26,0.0
Franklin County,2020-08-26,0.0
Gadsden County,2020-08-26,0.0
Gilchrist County,2020-08-26,0.0
Glades County,2020-08-26,1.86
Gulf County,2020-08-26,0.0
Hamilton County,2020-08-26,0.0
Hardee County,2020-08-26,0.02
Hendry County,2020-08-26,0.22
Hernando County,2020-08-26,0.0
Highlands County,2020-08-26,1.56
Hillsborough County,2020-08-26,0.0
Holmes County,2020-08-26,0.0
Indian River County,2020-08-26,0.0
Jackson County,2020-08-26,0.0
Jefferson County,2020-08-26,0.0
Lafayette County,2020-08-26,0.0
Lake County,2020-08-26,0.02
Lee County,2020-08-26,0.0
Leon County,2020-08-26,0.0
Levy County,2020-08-26,0.0
Liberty County,2020-08-26,0.0
Madison County,2020-08-26,0.0
Manatee County,2020-08-26,0.0
Marion County,2020-08-26,0.0
Martin County,2020-08-26,0.45
Miami-Dade County,2020-08-26,1.5
Monroe County,2020-08-26,1.41
Nassau County,2020-08-26,0.0
Okaloosa County,2020-08-26,1.21
Okeechobee County,2020-08-26,0.0
Orange County,2020-08-26,0.0
Osceola County,2020-08-26,0.09
Palm Beach County,2020-08-26,0.82
Pasco County,2020-08-26,0.0
Pinellas County,2020-08-26,0.0
Polk County,2020-08-26,0.0
Putnam County,2020-08-26,0.0
St. Johns County,2020-08-26,0.0
St. Lucie County,2020-08-26,0.0
Santa Rosa County,2020-08-26,11.48
Sarasota County,2020-08-26,0.0
Seminole County,2020-08-26,0.07
Sumter County,2020-08-26,0.0
Suwannee County,2020-08-26,0.0
Taylor County,2020-08-26,0.0
Union County,2020-08-26,0.0
Volusia County,2020-08-26,0.0
Wakulla County,2020-08-26,0.0
Walton County,2020-08-26,0.0
Washington County,2020-08-26,0.0
Alachua County,2020-08-27,0.19
Baker County,2020-08-27,0.0
Bay County,2020-08-27,0.0
Bradford County,2020-08-27,0.0
Brevard County,2020-08-27,0.26
Broward County,2020-08-27,3.07
Calhoun County,2020-08-27,0.0
Charlotte County,2020-08-27,2.26
Citrus County,2020-08-27,0.0
Clay County,2020-08-27,0.0
Collier County,2020-08-27,3.59
Columbia County,2020-08-27,0.49
DeSoto County,2020-08-27,1.75
Dixie County,2020-08-27,2.27
Duval County,2020-08-27,0.0
Escambia County,2020-08-27,4.15
Flagler County,2020-08-27,0.0
Franklin County,2020-08-27,0.0
Gadsden County,2020-08-27,0.0
Gilchrist County,2020-08-27,1.8
Glades County,2020-08-27,3.39
Gulf County,2020-08-27,0.0
Hamilton County,2020-08-27,1.27
Hardee County,2020-08-27,1.28
Hendry County,2020-08-27,3.24
Hernando County,2020-08-27,0.0
Highlands County,2020-08-27,2.25
Hillsborough County,2020-08-27,0.0
Holmes County,2020-08-27,0.0
Indian River County,2020-08-27,2.36
Jackson County,2020-08-27,0.0
Jefferson County,2020-08-27,0.75
Lafayette County,2020-08-27,2.38
Lake County,2020-08-27,0.0
Lee County,2020-08-27,3.3
Leon County,2020-08-27,0.0
Levy County,2020-08-27,1.07
Liberty County,2020-08-27,0.0
Madison County,2020-08-27,1.6
Manatee County,2020-08-27,0.0
Marion County,2020-08-27,0.0
Martin County,2020-08-27,4.57
Miami-Dade County,2020-08-27,3.18
Monroe County,2020-08-27,2.96
Nassau County,2020-08-27,0.0
Okaloosa County,2020-08-27,0.13
Okeechobee County,2020-08-27,3.03
Orange County,2020-08-27,0.0
Osceola County,2020-08-27,0.67
Palm Beach County,2020-08-27,3.39
Pasco County,2020-08-27,0.0
Pinellas County,2020-08-27,0.0
Polk County,2020-08-27,0.81
Putnam County,2020-08-27,0.0
St. Johns County,2020-08-27,0.0
St. Lucie County,2020-08-27,4.32
Santa Rosa County,2020-08-27,2.31
Sarasota County,2020-08-27,0.07
Seminole County,2020-08-27,0.0
Sumter County,2020-08-27,0.0
Suwannee County,2020-08-27,2.11
Taylor County,2020-08-27,1.66
Union County,2020-08-27,0.0
Volusia County,2020-08-27,0.0
Wakulla County,2020-08-27,0.06
Walton County,2020-08-27,0.0
Washington County,2020-08-27,0.0
Alachua County,2020-08-28,9.31
Baker County,2020-08-28,5.6
Bay County,2020-08-28,8.44
Bradford County,2020-08-28,6.95
Brevard County,2020-08-28,1.63
Broward County,2020-08-28,0.0
Calhoun County,2020-08-28,7.64
Charlotte County,2020-08-28,1.96
Citrus County,2020-08-28,12.08
Clay County,2020-08-28,4.04
Collier County,2020-08-28,0.22
Columbia County,2020-08-28,6.42
DeSoto County,2020-08-28,3.53
Dixie County,2020-08-28,8.78
Duval County,2020-08-28,0.77
Escambia County,2020-08-28,15.6
Flagler County,2020-08-28,0.91
Franklin County,2020-08-28,7.64
Gadsden County,2020-08-28,1.87
Gilchrist County,2020-08-28,9.8
Glades County,2020-08-28,5.86
Gulf County,2020-08-28,8.73
Hamilton County,2020-08-28,3.89
Hardee County,2020-08-28,5.18
Hendry County,2020-08-28,2.11
Hernando County,2020-08-28,9.72
Highlands County,2020-08-28,7.12
Hillsborough County,2020-08-28,4.56
Holmes County,2020-08-28,8.7
Indian River County,2020-08-28,2.8
Jackson County,2020-08-28,8.09
Jefferson County,2020-08-28,0.0
Lafayette County,2020-08-28,4.97
Lake County,2020-08-28,8.8
Lee County,2020-08-28,0.23
Leon County,2020-08-28,0.24
Levy County,2020-08-28,11.32
Liberty County,2020-08-28,6.09
Madison County,2020-08-28,0.73
Manatee County,2020-08-28,2.62
Marion County,2020-08-28,9.65
Martin County,2020-08-28,0.25
Miami-Dade County,2020-08-28,0.0
Monroe County,2020-08-28,0.0
Nassau County,2020-08-28,1.31
Okaloosa County,2020-08-28,11.21
Okeechobee County,2020-08-28,5.61
Orange County,2020-08-28,6.24
Osceola County,2020-08-28,6.43
Palm Beach County,2020-08-28,0.0
Pasco County,2020-08-28,6.77
Pinellas County,2020-08-28,0.58
Polk County,2020-08-28,8.48
Putnam County,2020-08-28,5.95
St. Johns County,2020-08-28,0.0
St. Lucie County,2020-08-28,1.05
Santa Rosa County,2020-08-28,14.21
Sarasota County,2020-08-28,0.41
Seminole County,2020-08-28,6.03
Sumter County,2020-08-28,9.88
Suwannee County,2020-08-28,4.78
Taylor County,2020-08-28,2.16
Union County,2020-08-28,7.28
Volusia County,2020-08-28,4.23
Wakulla County,2020-08-28,1.49
Walton County,2020-08-28,9.81
Washington County,2020-08-28,8.81
Alachua County,2020-08-29,5.37
Baker County,2020-08-29,4.23
Bay County,2020-08-29,16.75
Bradford County,2020-08-29,4.9
Brevard County,2020-08-29,0.0
Broward County,2020-08-29,0.0
Calhoun County,2020-08-29,16.42
Charlotte County,2020-08-29,3.16
Citrus County,2020-08-29,3.07
Clay County,2020-08-29,3.95
Collier County,2020-08-29,0.28
Columbia County,2020-08-29,4.74
DeSoto County,2020-08-29,1.19
Dixie County,2020-08-29,8.12
Duval County,2020-08-29,3.6
Escambia County,2020-08-29,20.97
Flagler County,2020-08-29,0.0
Franklin County,2020-08-29,23.48
Gadsden County,2020-08-29,12.63
Gilchrist County,2020-08-29,6.51
Glades County,2020-08-29,0.67
Gulf County,2020-08-29,23.03
Hamilton County,2020-08-29,5.07
Hardee County,2020-08-29,0.08
Hendry County,2020-08-29,1.42
Hernando County,2020-08-29,1.67
Highlands County,2020-08-29,0.0
Hillsborough County,2020-08-29,0.73
Holmes County,2020-08-29,10.82
Indian River County,2020-08-29,0.0
Jackson County,2020-08-29,12.32
Jefferson County,2020-08-29,8.92
Lafayette County,2020-08-29,7.23
Lake County,2020-08-29,0.0
Lee County,2020-08-29,2.69
Leon County,2020-08-29,11.85
Levy County,2020-08-29,5.19
Liberty County,2020-08-29,17.94
Madison County,2020-08-29,6.61
Manatee County,2020-08-29,2.57
Marion County,2020-08-29,1.97
Martin County,2020-08-29,0.0
Miami-Dade County,2020-08-29,0.0
Monroe County,2020-08-29,0.0
Nassau County,2020-08-29,3.37
Okaloosa County,2020-08-29,15.91
Okeechobee County,2020-08-29,0.0
Orange County,2020-08-29,0.0
Osceola County,2020-08-29,0.0
Palm Beach County,2020-08-29,0.0
Pasco County,2020-08-29,0.99
Pinellas County,2020-08-29,2.81
Polk County,2020-08-29,0.0
Putnam County,2020-08-29,1.59
St. Johns County,2020-08-29,0.42
St. Lucie County,2020-08-29,0.03
Santa Rosa County,2020-08-29,20.59
Sarasota County,2020-08-29,3.41
Seminole County,2020-08-29,0.0
Sumter County,2020-08-29,0.15
Suwannee County,2020-08-29,6.02
Taylor County,2020-08-29,7.53
Union County,2020-08-29,4.96
Volusia County,2020-08-29,0.0
Wakulla County,2020-08-29,14.03
Walton County,2020-08-29,13.78
Washington County,2020-08-29,13.9
Alachua County,2020-08-30,17.31
Baker County,2020-08-30,11.86
Bay County,2020-08-30,32.27
Bradford County,2020-08-30,13.73
Brevard County,2020-08-30,3.94
Broward County,2020-08-30,0.0
Calhoun County,2020-08-30,31.44
Charlotte County,2020-08-30,6.0
Citrus County,2020-08-30,22.34
Clay County,2020-08-30,11.36
Collier County,2020-08-30,0.15
Columbia County,2020-08-30,14.84
DeSoto County,2020-08-30,6.64
Dixie County,2020-08-30,27.14
Duval County,2020-08-30,8.96
Escambia County,2020-08-30,21.16
Flagler County,2020-08-30,6.63
Franklin County,2020-08-30,38.86
Gadsden County,2020-08-30,19.4
Gilchrist County,2020-08-30,23.81
Glades County,2020-08-30,5.4
Gulf County,2020-08-30,39.55
Hamilton County,2020-08-30,12.79
Hardee County,2020-08-30,9.46
Hendry County,2020-08-30,0.63
Hernando County,2020-08-30,19.48
Highlands County,2020-08-30,6.2
Hillsborough County,2020-08-30,14.46
Holmes County,2020-08-30,25.86
Indian River County,2020-08-30,4.41
Jackson County,2020-08-30,29.53
Jefferson County,2020-08-30,12.78
Lafayette County,2020-08-30,19.47
Lake County,2020-08-30,9.2
Lee County,2020-08-30,2.45
Leon County,2020-08-30,14.99
Levy County,2020-08-30,24.16
Liberty County,2020-08-30,29.77
Madison County,2020-08-30,12.51
Manatee County,2020-08-30,8.78
Marion County,2020-08-30,13.96
Martin County,2020-08-30,3.2
Miami-Dade County,2020-08-30,0.01
Monroe County,2020-08-30,0.0
Nassau County,2020-08-30,7.68
Okaloosa County,2020-08-30,23.7
Okeechobee County,2020-08-30,5.09
Orange County,2020-08-30,5.92
Osceola County,2020-08-30,6.47
Palm Beach County,2020-08-30,1.46
Pasco County,2020-08-30,16.74
Pinellas County,2020-08-30,12.49
Polk County,2020-08-30,13.17
Putnam County,2020-08-30,10.64
St. Johns County,2020-08-30,8.43
St. Lucie County,2020-08-30,3.72
Santa Rosa County,2020-08-30,24.49
Sarasota County,2020-08-30,6.26
Seminole County,2020-08-30,4.7
Sumter County,2020-08-30,14.1
Suwannee County,2020-08-30,16.51
Taylor County,2020-08-30,15.64
Union County,2020-08-30,15.02
Volusia County,2020-08-30,4.62
Wakulla County,2020-08-30,20.33
Walton County,2020-08-30,25.96
Washington County,2020-08-30,31.11
Alachua County,2020-08-31,19.19
Baker County,2020-08-31,14.64
Bay County,2020-08-31,14.21
Bradford County,2020-08-31,19.37
Brevard County,2020-08-31,9.42
Broward County,2020-08-31,15.54
Calhoun County,2020-08-31,13.49
Charlotte County,2020-08-31,14.21
Citrus County,2020-08-31,26.53
Clay County,2020-08-31,25.74
Collier County,2020-08-31,8.07
Columbia County,2020-08-31,12.98
DeSoto County,2020-08-31,13.58
Dixie County,2020-08-31,20.01
Duval County,2020-08-31,25.35
Escambia County,2020-08-31,9.47
Flagler County,2020-08-31,31.13
Franklin County,2020-08-31,22.51
Gadsden County,2020-08-31,10.88
Gilchrist County,2020-08-31,17.77
Glades County,2020-08-31,6.63
Gulf County,2020-08-31,18.7
Hamilton County,2020-08-31,10.11
Hardee County,2020-08-31,16.88
Hendry County,2020-08-31,7.16
Hernando County,2020-08-31,28.12
Highlands County,2020-08-31,8.42
Hillsborough County,2020-08-31,28.2
Holmes County,2020-08-31,11.41
Indian River County,2020-08-31,5.79
Jackson County,2020-08-31,12.09
Jefferson County,2020-08-31,9.14
Lafayette County,2020-08-31,14.94
Lake County,2020-08-31,19.24
Lee County,2020-08-31,12.01
Leon County,2020-08-31,11.1
Levy County,2020-08-31,19.43
Liberty County,2020-08-31,15.29
Madison County,2020-08-31,8.93
Manatee County,2020-08-31,22.36
Marion County,2020-08-31,21.61
Martin County,2020-08-31,8.45
Miami-Dade County,2020-08-31,9.16
Monroe County,2020-08-31,5.15
Nassau County,2020-08-31,18.12
Okaloosa County,2020-08-31,11.59
Okeechobee County,2020-08-31,6.34
Orange County,2020-08-31,14.5
Osceola County,2020-08-31,10.27
Palm Beach County,2020-08-31,11.94
Pasco County,2020-08-31,29.16
Pinellas County,2020-08-31,30.62
Polk County,2020-08-31,19.21
Putnam County,2020-08-31,28.07
St. Johns County,2020-08-31,32.81
St. Lucie County,2020-08-31,6.14
Santa Rosa County,2020-08-31,10.02
Sarasota County,2020-08-31,19.84
Seminole County,2020-08-31,17.19
Sumter County,2020-08-31,19.89
Suwannee County,2020-08-31,12.92
Taylor County,2020-08-31,11.76
Union County,2020-08-31,15.95
Volusia County,2020-08-31,21.93
Wakulla County,2020-08-31,14.63
Walton County,2020-08-31,12.85
Washington County,2020-08-31,12.98
Alachua County,2020-09-01,28.96
Baker County,2020-09-01,18.18
Bay County,2020-09-01,5.65
Bradford County,2020-09-01,26.24
Brevard County,2020-09-01,9.13
Broward County,2020-09-01,7.48
Calhoun County,2020-09-01,6.98
Charlotte County,2020-09-01,14.88
Citrus County,2020-09-01,21.32
Clay County,2020-09-01,20.92
Collier County,2020-09-01,3.84
Columbia County,2020-09-01,20.37
DeSoto County,2020-09-01,20.15
Dixie County,2020-09-01,18.79
Duval County,2020-09-01,13.95
Escambia County,2020-09-01,6.14
Flagler County,2020-09-01,16.84
Franklin County,2020-09-01,12.05
Gadsden County,2020-09-01,8.02
Gilchrist County,2020-09-01,21.86
Glades County,2020-09-01,9.77
Gulf County,2020-09-01,8.34
Hamilton County,2020-09-01,15.37
Hardee County,2020-09-01,17.94
Hendry County,2020-09-01,5.36
Hernando County,2020-09-01,20.92
Highlands County,2020-09-01,14.2
Hillsborough County,2020-09-01,20.31
Holmes County,2020-09-01,4.23
Indian River County,2020-09-01,11.24
Jackson County,2020-09-01,6.48
Jefferson County,2020-09-01,11.94
Lafayette County,2020-09-01,19.99
Lake County,2020-09-01,23.91
Lee County,2020-09-01,9.69
Leon County,2020-09-01,9.52
Levy County,2020-09-01,21.66
Liberty County,2020-09-01,8.98
Madison County,2020-09-01,13.7
Manatee County,2020-09-01,15.81
Marion County,2020-09-01,24.14
Martin County,2020-09-01,12.25
Miami-Dade County,2020-09-01,3.06
Monroe County,2020-09-01,3.28
Nassau County,2020-09-01,14.58
Okaloosa County,2020-09-01,4.05
Okeechobee County,2020-09-01,12.09
Orange County,2020-09-01,17.49
Osceola County,2020-09-01,13.81
Palm Beach County,2020-09-01,10.42
Pasco County,2020-09-01,22.47
Pinellas County,2020-09-01,16.01
Polk County,2020-09-01,21.92
Putnam County,2020-09-01,24.43
St. Johns County,2020-09-01,16.66
St. Lucie County,2020-09-01,12.46
Santa Rosa County,2020-09-01,4.2
Sarasota County,2020-09-01,14.33
Seminole County,2020-09-01,17.53
Sumter County,2020-09-01,23.89
Suwannee County,2020-09-01,19.63
Taylor County,2020-09-01,16.48
Union County,2020-09-01,24.87
Volusia County,2020-09-01,16.92
Wakulla County,2020-09-01,11.37
Walton County,2020-09-01,4.2
Washington County,2020-09-01,4.85
Alachua County,2020-09-02,10.37
Baker County,2020-09-02,4.76
Bay County,2020-09-02,0.21
Bradford County,2020-09-02,8.26
Brevard County,2020-09-02,1.07
Broward County,2020-09-02,0.0
Calhoun County,2020-09-02,1.95
Charlotte County,2020-09-02,0.27
Citrus County,2020-09-02,5.91
Clay County,2020-09-02,6.78
Collier County,2020-09-02,0.35
Columbia County,2020-09-02,5.93
DeSoto County,2020-09-02,0.0
Dixie County,2020-09-02,8.71
Duval County,2020-09-02,3.82
Escambia County,2020-09-02,0.0
Flagler County,2020-09-02,8.01
Franklin County,2020-09-02,6.21
Gadsden County,2020-09-02,4.64
Gilchrist County,2020-09-02,8.93
Glades County,2020-09-02,0.26
Gulf County,2020-09-02,4.07
Hamilton County,2020-09-02,5.45
Hardee County,2020-09-02,0.0
Hendry County,2020-09-02,0.0
Hernando County,2020-09-02,4.54
Highlands County,2020-09-02,0.0
Hillsborough County,2020-09-02,3.18
Holmes County,2020-09-02,0.0
Indian River County,2020-09-02,0.0
Jackson County,2020-09-02,0.09
Jefferson County,2020-09-02,6.65
Lafayette County,2020-09-02,9.12
Lake County,2020-09-02,6.18
Lee County,2020-09-02,0.14
Leon County,2020-09-02,5.66
Levy County,2020-09-02,8.91
Liberty County,2020-09-02,4.93
Madison County,2020-09-02,6.67
Manatee County,2020-09-02,1.65
Marion County,2020-09-02,7.91
Martin County,2020-09-02,0.0
Miami-Dade County,2020-09-02,0.0
Monroe County,2020-09-02,0.0
Nassau County,2020-09-02,3.87
Okaloosa County,2020-09-02,0.0
Okeechobee County,2020-09-02,0.0
Orange County,2020-09-02,4.59
Osceola County,2020-09-02,0.85
Palm Beach County,2020-09-02,0.0
Pasco County,2020-09-02,4.28
Pinellas County,2020-09-02,3.53
Polk County,2020-09-02,1.3
Putnam County,2020-09-02,9.2
St. Johns County,2020-09-02,6.87
St. Lucie County,2020-09-02,0.0
Santa Rosa County,2020-09-02,0.0
Sarasota County,2020-09-02,2.76
Seminole County,2020-09-02,5.66
Sumter County,2020-09-02,5.28
Suwannee County,2020-09-02,7.63
Taylor County,2020-09-02,8.35
Union County,2020-09-02,7.37
Volusia County,2020-09-02,6.67
Wakulla County,2020-09-02,6.34
Walton County,2020-09-02,0.0
Washington County,2020-09-02,0.0
Alachua County,2020-09-03,0.95
Baker County,2020-09-03,0.0
Bay County,2020-09-03,0.0
Bradford County,2020-09-03,0.04
Brevard County,2020-09-03,0.31
Broward County,2020-09-03,0.0
Calhoun County,2020-09-03,0.0
Charlotte County,2020-09-03,0.0
Citrus County,2020-09-03,2.33
Clay County,2020-09-03,0.08
Collier County,2020-09-03,0.0
Columbia County,2020-09-03,0.0
DeSoto County,2020-09-03,0.05
Dixie County,2020-09-03,0.0
Duval County,2020-09-03,0.09
Escambia County,2020-09-03,0.0
Flagler County,2020-09-03,1.68
Franklin County,2020-09-03,0.0
Gadsden County,2020-09-03,0.0
Gilchrist County,2020-09-03,0.0
Glades County,2020-09-03,0.0
Gulf County,2020-09-03,0.0
Hamilton County,2020-09-03,0.0
Hardee County,2020-09-03,1.6
Hendry County,2020-09-03,0.0
Hernando County,2020-09-03,3.33
Highlands County,2020-09-03,0.02
Hillsborough County,2020-09-03,6.25
Holmes County,2020-09-03,0.0
Indian River County,2020-09-03,0.0
Jackson County,2020-09-03,0.0
Jefferson County,2020-09-03,0.1
Lafayette County,2020-09-03,0.0
Lake County,2020-09-03,3.23
Lee County,2020-09-03,0.0
Leon County,2020-09-03,0.0
Levy County,2020-09-03,0.78
Liberty County,2020-09-03,0.0
Madison County,2020-09-03,0.0
Manatee County,2020-09-03,4.98
Marion County,2020-09-03,2.06
Martin County,2020-09-03,0.0
Miami-Dade County,2020-09-03,0.0
Monroe County,2020-09-03,0.01
Nassau County,2020-09-03,0.0
Okaloosa County,2020-09-03,0.0
Okeechobee County,2020-09-03,0.0
Orange County,2020-09-03,2.77
Osceola County,2020-09-03,0.83
Palm Beach County,2020-09-03,0.03
Pasco County,2020-09-03,5.18
Pinellas County,2020-09-03,6.48
Polk County,2020-09-03,3.14
Putnam County,2020-09-03,1.83
St. Johns County,2020-09-03,0.17
St. Lucie County,2020-09-03,0.0
Santa Rosa County,2020-09-03,0.0
Sarasota County,2020-09-03,2.88
Seminole County,2020-09-03,2.95
Sumter County,2020-09-03,2.65
Suwannee County,2020-09-03,0.0
Taylor County,2020-09-03,0.0
Union County,2020-09-03,0.0
Volusia County,2020-09-03,2.59
Wakulla County,2020-09-03,0.0
Walton County,2020-09-03,0.0
Washington County,2020-09-03,0.0
Alachua County,2020-09-04,0.0
Baker County,2020-09-04,0.0
Bay County,2020-09-04,0.0
Bradford County,2020-09-04,0.0
Brevard County,2020-09-04,0.0
Broward County,2020-09-04,0.0
Calhoun County,2020-09-04,0.0
Charlotte County,2020-09-04,0.1
Citrus County,2020-09-04,0.0
Clay County,2020-09-04,0.0
Collier County,2020-09-04,0.05
Columbia County,2020-09-04,0.0
DeSoto County,2020-09-04,0.0
Dixie County,2020-09-04,0.0
Duval County,2020-09-04,0.04
Escambia County,2020-09-04,0.0
Flagler County,2020-09-04,0.0
Franklin County,2020-09-04,0.0
Gadsden County,2020-09-04,0.0
Gilchrist County,2020-09-04,0.0
Glades County,2020-09-04,0.31
Gulf County,2020-09-04,0.0
Hamilton County,2020-09-04,0.0
Hardee County,2020-09-04,0.0
Hendry County,2020-09-04,0.04
Hernando County,2020-09-04,0.0
Highlands County,2020-09-04,0.0
Hillsborough County,2020-09-04,0.05
Holmes County,2020-09-04,0.0
Indian River County,2020-09-04,0.0
Jackson County,2020-09-04,0.0
Jefferson County,2020-09-04,0.0
Lafayette County,2020-09-04,0.0
Lake County,2020-09-04,0.0
Lee County,2020-09-04,0.58
Leon County,2020-09-04,0.0
Levy County,2020-09-04,0.09
Liberty County,2020-09-04,0.0
Madison County,2020-09-04,0.0
Manatee County,2020-09-04,0.01
Marion County,2020-09-04,0.0
Martin County,2020-09-04,0.0
Miami-Dade County,2020-09-04,0.01
Monroe County,2020-09-04,0.01
Nassau County,2020-09-04,0.0
Okaloosa County,2020-09-04,0.0
Okeechobee County,2020-09-04,0.0
Orange County,2020-09-04,0.0
Osceola County,2020-09-04,0.0
Palm Beach County,2020-09-04,0.0
Pasco County,2020-09-04,0.03
Pinellas County,2020-09-04,0.35
Polk County,2020-09-04,0.0
Putnam County,2020-09-04,0.0
St. Johns County,2020-09-04,0.0
St. Lucie County,2020-09-04,0.0
Santa Rosa County,2020-09-04,0.0
Sarasota County,2020-09-04,0.0
Seminole County,2020-09-04,0.0
Sumter County,2020-09-04,0.0
Suwannee County,2020-09-04,0.0
Taylor County,2020-09-04,0.0
Union County,2020-09-04,0.0
Volusia County,2020-09-04,0.0
Wakulla County,2020-09-04,0.0
Walton County,2020-09-04,0.0
Washington County,2020-09-04,0.0
Alachua County,2020-09-05,0.0
Baker County,2020-09-05,0.0
Bay County,2020-09-05,0.07
Bradford County,2020-09-05,0.0
Brevard County,2020-09-05,0.02
Broward County,2020-09-05,0.0
Calhoun County,2020-09-05,0.0
Charlotte County,2020-09-05,0.0
Citrus County,2020-09-05,0.17
Clay County,2020-09-05,0.0
Collier County,2020-09-05,0.0
Columbia County,2020-09-05,0.0
DeSoto County,2020-09-05,0.0
Dixie County,2020-09-05,0.0
Duval County,2020-09-05,0.0
Escambia County,2020-09-05,0.0
Flagler County,2020-09-05,0.0
Franklin County,2020-09-05,0.0
Gadsden County,2020-09-05,0.0
Gilchrist County,2020-09-05,0.0
Glades County,2020-09-05,0.0
Gulf County,2020-09-05,0.0
Hamilton County,2020-09-05,0.0
Hardee County,2020-09-05,0.0
Hendry County,2020-09-05,0.01
Hernando County,2020-09-05,0.0
Highlands County,2020-09-05,0.01
Hillsborough County,2020-09-05,0.0
Holmes County,2020-09-05,0.01
Indian River County,2020-09-05,0.0
Jackson County,2020-09-05,0.0
Jefferson County,2020-09-05,0.0
Lafayette County,2020-09-05,0.0
Lake County,2020-09-05,0.39
Lee County,2020-09-05,0.0
Leon County,2020-09-05,0.0
Levy County,2020-09-05,0.0
Liberty County,2020-09-05,0.0
Madison County,2020-09-05,0.0
Manatee County,2020-09-05,0.0
Marion County,2020-09-05,0.02
Martin County,2020-09-05,0.0
Miami-Dade County,2020-09-05,0.0
Monroe County,2020-09-05,0.06
Nassau County,2020-09-05,0.0
Okaloosa County,2020-09-05,0.0
Okeechobee County,2020-09-05,0.0
Orange County,2020-09-05,0.07
Osceola County,2020-09-05,0.0
Palm Beach County,2020-09-05,0.0
Pasco County,2020-09-05,0.04
Pinellas County,2020-09-05,0.05
Polk County,2020-09-05,0.0
Putnam County,2020-09-05,0.0
St. Johns County,2020-09-05,0.0
St. Lucie County,2020-09-05,0.0
Santa Rosa County,2020-09-05,0.0
Sarasota County,2020-09-05,0.0
Seminole County,2020-09-05,0.09
Sumter County,2020-09-05,0.01
Suwannee County,2020-09-05,0.0
Taylor County,2020-09-05,0.0
Union County,2020-09-05,0.0
Volusia County,2020-09-05,0.02
Wakulla County,2020-09-05,0.0
Walton County,2020-09-05,0.0
Washington County,2020-09-05,0.08
Alachua County,2020-09-06,0.0
Baker County,2020-09-06,0.0
Bay County,2020-09-06,0.0
Bradford County,2020-09-06,0.0
Brevard County,2020-09-06,0.0
Broward County,2020-09-06,3.54
Calhoun County,2020-09-06,0.0
Charlotte County,2020-09-06,13.53
Citrus County,2020-09-06,0.0
Clay County,2020-09-06,0.0
Collier County,2020-09-06,5.89
Columbia County,2020-09-06,0.0
DeSoto County,2020-09-06,13.07
Dixie County,2020-09-06,0.0
Duval County,2020-09-06,0.0
Escambia County,2020-09-06,0.0
Flagler County,2020-09-06,0.0
Franklin County,2020-09-06,0.0
Gadsden County,2020-09-06,0.0
Gilchrist County,2020-09-06,0.0
Glades County,2020-09-06,6.29
Gulf County,2020-09-06,0.0
Hamilton County,2020-09-06,0.0
Hardee County,2020-09-06,8.49
Hendry County,2020-09-06,5.08
Hernando County,2020-09-06,0.0
Highlands County,2020-09-06,6.4
Hillsborough County,2020-09-06,4.77
Holmes County,2020-09-06,0.0
Indian River County,2020-09-06,0.0
Jackson County,2020-09-06,0.0
Jefferson County,2020-09-06,0.0
Lafayette County,2020-09-06,0.0
Lake County,2020-09-06,0.0
Lee County,2020-09-06,12.14
Leon County,2020-09-06,0.0
Levy County,2020-09-06,0.0
Liberty County,2020-09-06,0.0
Madison County,2020-09-06,0.0
Manatee County,2020-09-06,9.52
Marion County,2020-09-06,0.0
Martin County,2020-09-06,0.28
Miami-Dade County,2020-09-06,4.57
Monroe County,2020-09-06,5.65
Nassau County,2020-09-06,0.0
Okaloosa County,2020-09-06,0.0
Okeechobee County,2020-09-06,2.3
Orange County,2020-09-06,0.0
Osceola County,2020-09-06,0.5
Palm Beach County,2020-09-06,1.94
Pasco County,2020-09-06,0.2
Pinellas County,2020-09-06,3.67
Polk County,2020-09-06,3.42
Putnam County,2020-09-06,0.0
St. Johns County,2020-09-06,0.0
St. Lucie County,2020-09-06,0.0
Santa Rosa County,2020-09-06,0.0
Sarasota County,2020-09-06,12.16
Seminole County,2020-09-06,0.0
Sumter County,2020-09-06,0.0
Suwannee County,2020-09-06,0.0
Taylor County,2020-09-06,0.0
Union County,2020-09-06,0.0
Volusia County,2020-09-06,0.01
Wakulla County,2020-09-06,0.0
Walton County,2020-09-06,0.0
Washington County,2020-09-06,0.0
Alachua County,2020-09-07,9.26
Baker County,2020-09-07,7.62
Bay County,2020-09-07,0.0
Bradford County,2020-09-07,8.84
Brevard County,2020-09-07,6.17
Broward County,2020-09-07,9.86
Calhoun County,2020-09-07,0.0
Charlotte County,2020-09-07,16.84
Citrus County,2020-09-07,11.24
Clay County,2020-09-07,8.48
Collier County,2020-09-07,7.31
Columbia County,2020-09-07,8.81
DeSoto County,2020-09-07,18.2
Dixie County,2020-09-07,10.04
Duval County,2020-09-07,8.47
Escambia County,2020-09-07,0.0
Flagler County,2020-09-07,5.88
Franklin County,2020-09-07,0.0
Gadsden County,2020-09-07,0.0
Gilchrist County,2020-09-07,10.06
Glades County,2020-09-07,13.29
Gulf County,2020-09-07,0.0
Hamilton County,2020-09-07,7.34
Hardee County,2020-09-07,14.93
Hendry County,2020-09-07,9.19
Hernando County,2020-09-07,13.25
Highlands County,2020-09-07,13.07
Hillsborough County,2020-09-07,18.21
Holmes County,2020-09-07,0.0
Indian River County,2020-09-07,9.87
Jackson County,2020-09-07,0.0
Jefferson County,2020-09-07,0.0
Lafayette County,2020-09-07,11.54
Lake County,2020-09-07,10.43
Lee County,2020-09-07,13.91
Leon County,2020-09-07,0.0
Levy County,2020-09-07,10.03
Liberty County,2020-09-07,0.0
Madison County,2020-09-07,5.17
Manatee County,2020-09-07,16.57
Marion County,2020-09-07,8.63
Martin County,2020-09-07,11.72
Miami-Dade County,2020-09-07,8.9
Monroe County,2020-09-07,7.87
Nassau County,2020-09-07,8.47
Okaloosa County,2020-09-07,0.0
Okeechobee County,2020-09-07,11.22
Orange County,2020-09-07,9.37
Osceola County,2020-09-07,10.5
Palm Beach County,2020-09-07,10.25
Pasco County,2020-09-07,16.53
Pinellas County,2020-09-07,15.15
Polk County,2020-09-07,16.66
Putnam County,2020-09-07,8.25
St. Johns County,2020-09-07,8.33
St. Lucie County,2020-09-07,11.97
Santa Rosa County,2020-09-07,0.0
Sarasota County,2020-09-07,15.69
Seminole County,2020-09-07,6.4
Sumter County,2020-09-07,12.71
Suwannee County,2020-09-07,10.62
Taylor County,2020-09-07,7.26
Union County,2020-09-07,9.1
Volusia County,2020-09-07,4.64
Wakulla County,2020-09-07,0.0
Walton County,2020-09-07,0.0
Washington County,2020-09-07,0.0
Alachua County,2020-09-08,4.81
Baker County,2020-09-08,3.93
Bay County,2020-09-08,1.57
Bradford County,2020-09-08,5.92
Brevard County,2020-09-08,5.85
Broward County,2020-09-08,10.31
Calhoun County,2020-09-08,0.15
Charlotte County,2020-09-08,3.91
Citrus County,2020-09-08,1.95
Clay County,2020-09-08,7.39
Collier County,2020-09-08,5.17
Columbia County,2020-09-08,2.3
DeSoto County,2020-09-08,2.95
Dixie County,2020-09-08,0.92
Duval County,2020-09-08,6.89
Escambia County,2020-09-08,0.0
Flagler County,2020-09-08,11.11
Franklin County,2020-09-08,0.44
Gadsden County,2020-09-08,0.0
Gilchrist County,2020-09-08,1.58
Glades County,2020-09-08,2.32
Gulf County,2020-09-08,2.24
Hamilton County,2020-09-08,1.35
Hardee County,2020-09-08,2.17
Hendry County,2020-09-08,3.62
Hernando County,2020-09-08,1.87
Highlands County,2020-09-08,1.8
Hillsborough County,2020-09-08,2.64
Holmes County,2020-09-08,0.0
Indian River County,2020-09-08,4.63
Jackson County,2020-09-08,0.0
Jefferson County,2020-09-08,0.0
Lafayette County,2020-09-08,0.96
Lake County,2020-09-08,6.06
Lee County,2020-09-08,4.74
Leon County,2020-09-08,0.0
Levy County,2020-09-08,1.67
Liberty County,2020-09-08,0.15
Madison County,2020-09-08,0.42
Manatee County,2020-09-08,3.25
Marion County,2020-09-08,4.97
Martin County,2020-09-08,8.69
Miami-Dade County,2020-09-08,7.14
Monroe County,2020-09-08,8.29
Nassau County,2020-09-08,7.44
Okaloosa County,2020-09-08,0.0
Okeechobee County,2020-09-08,3.17
Orange County,2020-09-08,6.36
Osceola County,2020-09-08,4.34
Palm Beach County,2020-09-08,11.65
Pasco County,2020-09-08,2.19
Pinellas County,2020-09-08,1.85
Polk County,2020-09-08,3.35
Putnam County,2020-09-08,9.27
St. Johns County,2020-09-08,10.4
St. Lucie County,2020-09-08,5.61
Santa Rosa County,2020-09-08,0.0
Sarasota County,2020-09-08,4.06
Seminole County,2020-09-08,8.12
Sumter County,2020-09-08,3.07
Suwannee County,2020-09-08,1.24
Taylor County,2020-09-08,0.52
Union County,2020-09-08,3.96
Volusia County,2020-09-08,9.8
Wakulla County,2020-09-08,0.0
Walton County,2020-09-08,0.0
Washington County,2020-09-08,0.0
Alachua County,2020-09-09,5.2
Baker County,2020-09-09,5.7
Bay County,2020-09-09,0.0
Bradford County,2020-09-09,6.48
Brevard County,2020-09-09,1.05
Broward County,2020-09-09,5.58
Calhoun County,2020-09-09,0.0
Charlotte County,2020-09-09,11.07
Citrus County,2020-09-09,4.94
Clay County,2020-09-09,7.57
Collier County,2020-09-09,6.86
Columbia County,2020-09-09,4.71
DeSoto County,2020-09-09,10.09
Dixie County,2020-09-09,3.68
Duval County,2020-09-09,9.21
Escambia County,2020-09-09,0.0
Flagler County,2020-09-09,5.09
Franklin County,2020-09-09,0.72
Gadsden County,2020-09-09,0.16
Gilchrist County,2020-09-09,3.91
Glades County,2020-09-09,4.82
Gulf County,2020-09-09,0.0
Hamilton County,2020-09-09,3.51
Hardee County,2020-09-09,8.93
Hendry County,2020-09-09,5.17
Hernando County,2020-09-09,6.9
Highlands County,2020-09-09,4.99
Hillsborough County,2020-09-09,15.47
Holmes County,2020-09-09,0.0
Indian River County,2020-09-09,1.88
Jackson County,2020-09-09,0.0
Jefferson County,2020-09-09,1.78
Lafayette County,2020-09-09,4.02
Lake County,2020-09-09,4.52
Lee County,2020-09-09,10.9
Leon County,2020-09-09,1.13
Levy County,2020-09-09,3.96
Liberty County,2020-09-09,0.1
Madison County,2020-09-09,2.52
Manatee County,2020-09-09,15.16
Marion County,2020-09-09,4.23
Martin County,2020-09-09,2.2
Miami-Dade County,2020-09-09,5.42
Monroe County,2020-09-09,6.87
Nassau County,2020-09-09,9.07
Okaloosa County,2020-09-09,0.0
Okeechobee County,2020-09-09,3.13
Orange County,2020-09-09,3.69
Osceola County,2020-09-09,3.94
Palm Beach County,2020-09-09,4.21
Pasco County,2020-09-09,11.02
Pinellas County,2020-09-09,15.92
Polk County,2020-09-09,8.75
Putnam County,2020-09-09,6.42
St. Johns County,2020-09-09,8.48
St. Lucie County,2020-09-09,1.65
Santa Rosa County,2020-09-09,0.0
Sarasota County,2020-09-09,13.45
Seminole County,2020-09-09,2.87
Sumter County,2020-09-09,4.86
Suwannee County,2020-09-09,4.14
Taylor County,2020-09-09,3.09
Union County,2020-09-09,5.69
Volusia County,2020-09-09,3.01
Wakulla County,2020-09-09,1.48
Walton County,2020-09-09,0.0
Washington County,2020-09-09,0.0
Alachua County,2020-09-10,22.76
Baker County,2020-09-10,11.54
Bay County,2020-09-10,0.0
Bradford County,2020-09-10,19.67
Brevard County,2020-09-10,7.46
Broward County,2020-09-10,18.27
Calhoun County,2020-09-10,0.0
Charlotte County,2020-09-10,11.41
Citrus County,2020-09-10,11.14
Clay County,2020-09-10,16.41
Collier County,2020-09-10,12.48
Columbia County,2020-09-10,10.25
DeSoto County,2020-09-10,9.29
Dixie County,2020-09-10,11.68
Duval County,2020-09-10,12.95
Escambia County,2020-09-10,0.0
Flagler County,2020-09-10,10.17
Franklin County,2020-09-10,0.0
Gadsden County,2020-09-10,0.0
Gilchrist County,2020-09-10,15.74
Glades County,2020-09-10,8.74
Gulf County,2020-09-10,0.0
Hamilton County,2020-09-10,5.4
Hardee County,2020-09-10,6.54
Hendry County,2020-09-10,9.61
Hernando County,2020-09-10,8.8
Highlands County,2020-09-10,7.06
Hillsborough County,2020-09-10,9.75
Holmes County,2020-09-10,0.0
Indian River County,2020-09-10,7.78
Jackson County,2020-09-10,0.0
Jefferson County,2020-09-10,0.0
Lafayette County,2020-09-10,7.62
Lake County,2020-09-10,9.42
Lee County,2020-09-10,13.82
Leon County,2020-09-10,0.0
Levy County,2020-09-10,18.9
Liberty County,2020-09-10,0.0
Madison County,2020-09-10,2.54
Manatee County,2020-09-10,8.72
Marion County,2020-09-10,14.18
Martin County,2020-09-10,10.73
Miami-Dade County,2020-09-10,16.75
Monroe County,2020-09-10,16.73
Nassau County,2020-09-10,12.75
Okaloosa County,2020-09-10,0.0
Okeechobee County,2020-09-10,7.98
Orange County,2020-09-10,9.17
Osceola County,2020-09-10,8.45
Palm Beach County,2020-09-10,15.05
Pasco County,2020-09-10,9.97
Pinellas County,2020-09-10,11.19
Polk County,2020-09-10,8.27
Putnam County,2020-09-10,16.68
St. Johns County,2020-09-10,12.95
St. Lucie County,2020-09-10,8.2
Santa Rosa County,2020-09-10,0.0
Sarasota County,2020-09-10,9.15
Seminole County,2020-09-10,9.58
Sumter County,2020-09-10,7.58
Suwannee County,2020-09-10,7.21
Taylor County,2020-09-10,4.05
Union County,2020-09-10,16.21
Volusia County,2020-09-10,9.75
Wakulla County,2020-09-10,0.0
Walton County,2020-09-10,0.0
Washington County,2020-09-10,0.0
Alachua County,2020-09-11,16.14
Baker County,2020-09-11,9.13
Bay County,2020-09-11,16.39
Bradford County,2020-09-11,12.43
Brevard County,2020-09-11,5.85
Broward County,2020-09-11,9.47
Calhoun County,2020-09-11,25.55
Charlotte County,2020-09-11,7.91
Citrus County,2020-09-11,12.85
Clay County,2020-09-11,8.0
Collier County,2020-09-11,5.68
Columbia County,2020-09-11,13.35
DeSoto County,2020-09-11,7.76
Dixie County,2020-09-11,18.21
Duval County,2020-09-11,4.41
Escambia County,2020-09-11,0.94
Flagler County,2020-09-11,5.53
Franklin County,2020-09-11,26.66
Gadsden County,2020-09-11,26.97
Gilchrist County,2020-09-11,17.22
Glades County,2020-09-11,6.6
Gulf County,2020-09-11,19.89
Hamilton County,2020-09-11,12.79
Hardee County,2020-09-11,6.99
Hendry County,2020-09-11,5.7
Hernando County,2020-09-11,12.29
Highlands County,2020-09-11,6.12
Hillsborough County,2020-09-11,12.92
Holmes County,2020-09-11,16.83
Indian River County,2020-09-11,5.69
Jackson County,2020-09-11,30.34
Jefferson County,2020-09-11,22.38
Lafayette County,2020-09-11,17.75
Lake County,2020-09-11,8.69
Lee County,2020-09-11,8.2
Leon County,2020-09-11,24.59
Levy County,2020-09-11,17.51
Liberty County,2020-09-11,26.48
Madison County,2020-09-11,17.24
Manatee County,2020-09-11,8.75
Marion County,2020-09-11,10.93
Martin County,2020-09-11,8.56
Miami-Dade County,2020-09-11,4.61
Monroe County,2020-09-11,4.1
Nassau County,2020-09-11,4.51
Okaloosa County,2020-09-11,4.36
Okeechobee County,2020-09-11,6.51
Orange County,2020-09-11,7.57
Osceola County,2020-09-11,6.76
Palm Beach County,2020-09-11,10.5
Pasco County,2020-09-11,14.12
Pinellas County,2020-09-11,13.8
Polk County,2020-09-11,9.84
Putnam County,2020-09-11,9.1
St. Johns County,2020-09-11,5.44
St. Lucie County,2020-09-11,6.37
Santa Rosa County,2020-09-11,2.09
Sarasota County,2020-09-11,7.16
Seminole County,2020-09-11,6.9
Sumter County,2020-09-11,10.17
Suwannee County,2020-09-11,15.62
Taylor County,2020-09-11,20.67
Union County,2020-09-11,13.84
Volusia County,2020-09-11,5.88
Wakulla County,2020-09-11,26.36
Walton County,2020-09-11,9.12
Washington County,2020-09-11,18.88
Alachua County,2020-09-12,7.06
Baker County,2020-09-12,6.14
Bay County,2020-09-12,6.35
Bradford County,2020-09-12,7.52
Brevard County,2020-09-12,8.06
Broward County,2020-09-12,17.79
Calhoun County,2020-09-12,8.35
Charlotte County,2020-09-12,9.43
Citrus County,2020-09-12,3.78
Clay County,2020-09-12,7.11
Collier County,2020-09-12,16.57
Columbia County,2020-09-12,5.86
DeSoto County,2020-09-12,7.86
Dixie County,2020-09-12,4.87
Duval County,2020-09-12,6.39
Escambia County,2020-09-12,3.65
Flagler County,2020-09-12,6.49
Franklin County,2020-09-12,8.2
Gadsden County,2020-09-12,8.21
Gilchrist County,2020-09-12,5.4
Glades County,2020-09-12,7.11
Gulf County,2020-09-12,7.22
Hamilton County,2020-09-12,5.02
Hardee County,2020-09-12,5.64
Hendry County,2020-09-12,9.09
Hernando County,2020-09-12,3.57
Highlands County,2020-09-12,6.08
Hillsborough County,2020-09-12,5.13
Holmes County,2020-09-12,5.99
Indian River County,2020-09-12,8.35
Jackson County,2020-09-12,9.65
Jefferson County,2020-09-12,6.25
Lafayette County,2020-09-12,5.18
Lake County,2020-09-12,5.63
Lee County,2020-09-12,13.04
Leon County,2020-09-12,6.74
Levy County,2020-09-12,5.05
Liberty County,2020-09-12,8.12
Madison County,2020-09-12,5.17
Manatee County,2020-09-12,5.72
Marion County,2020-09-12,5.3
Martin County,2020-09-12,10.44
Miami-Dade County,2020-09-12,28.82
Monroe County,2020-09-12,39.94
Nassau County,2020-09-12,6.77
Okaloosa County,2020-09-12,3.65
Okeechobee County,2020-09-12,6.79
Orange County,2020-09-12,6.94
Osceola County,2020-09-12,6.77
Palm Beach County,2020-09-12,12.76
Pasco County,2020-09-12,4.33
Pinellas County,2020-09-12,4.42
Polk County,2020-09-12,6.21
Putnam County,2020-09-12,7.3
St. Johns County,2020-09-12,7.04
St. Lucie County,2020-09-12,9.32
Santa Rosa County,2020-09-12,3.38
Sarasota County,2020-09-12,6.67
Seminole County,2020-09-12,7.23
Sumter County,2020-09-12,3.92
Suwannee County,2020-09-12,5.29
Taylor County,2020-09-12,5.5
Union County,2020-09-12,6.87
Volusia County,2020-09-12,6.97
Wakulla County,2020-09-12,6.95
Walton County,2020-09-12,4.6
Washington County,2020-09-12,6.66
Alachua County,2020-09-13,12.87
Baker County,2020-09-13,8.76
Bay County,2020-09-13,4.41
Bradford County,2020-09-13,12.51
Brevard County,2020-09-13,19.21
Broward County,2020-09-13,47.94
Calhoun County,2020-09-13,5.97
Charlotte County,2020-09-13,38.4
Citrus County,2020-09-13,11.14
Clay County,2020-09-13,11.99
Collier County,2020-09-13,48.23
Columbia County,2020-09-13,8.58
DeSoto County,2020-09-13,29.22
Dixie County,2020-09-13,9.08
Duval County,2020-09-13,9.01
Escambia County,2020-09-13,2.61
Flagler County,2020-09-13,14.14
Franklin County,2020-09-13,10.86
Gadsden County,2020-09-13,6.76
Gilchrist County,2020-09-13,9.41
Glades County,2020-09-13,20.01
Gulf County,2020-09-13,8.22
Hamilton County,2020-09-13,7.18
Hardee County,2020-09-13,19.87
Hendry County,2020-09-13,25.21
Hernando County,2020-09-13,12.68
Highlands County,2020-09-13,16.86
Hillsborough County,2020-09-13,21.15
Holmes County,2020-09-13,2.35
Indian River County,2020-09-13,18.92
Jackson County,2020-09-13,4.4
Jefferson County,2020-09-13,8.16
Lafayette County,2020-09-13,8.66
Lake County,2020-09-13,14.9
Lee County,2020-09-13,50.94
Leon County,2020-09-13,7.56
Levy County,2020-09-13,10.59
Liberty County,2020-09-13,8.08
Madison County,2020-09-13,7.48
Manatee County,2020-09-13,24.92
Marion County,2020-09-13,12.23
Martin County,2020-09-13,25.18
Miami-Dade County,2020-09-13,68.91
Monroe County,2020-09-13,98.19
Nassau County,2020-09-13,8.27
Okaloosa County,2020-09-13,1.87
Okeechobee County,2020-09-13,16.22
Orange County,2020-09-13,17.51
Osceola County,2020-09-13,16.55
Palm Beach County,2020-09-13,32.84
Pasco County,2020-09-13,16.89
Pinellas County,2020-09-13,20.11
Polk County,2020-09-13,19.46
Putnam County,2020-09-13,14.58
St. Johns County,2020-09-13,12.99
St. Lucie County,2020-09-13,21.56
Santa Rosa County,2020-09-13,2.14
Sarasota County,2020-09-13,30.24
Seminole County,2020-09-13,17.63
Sumter County,2020-09-13,12.49
Suwannee County,2020-09-13,8.21
Taylor County,2020-09-13,8.71
Union County,2020-09-13,10.86
Volusia County,2020-09-13,15.96
Wakulla County,2020-09-13,8.74
Walton County,2020-09-13,2.23
Washington County,2020-09-13,2.97
Alachua County,2020-09-14,12.17
Baker County,2020-09-14,11.09
Bay County,2020-09-14,21.2
Bradford County,2020-09-14,13.29
Brevard County,2020-09-14,11.46
Broward County,2020-09-14,5.06
Calhoun County,2020-09-14,22.28
Charlotte County,2020-09-14,26.88
Citrus County,2020-09-14,7.6
Clay County,2020-09-14,14.2
Collier County,2020-09-14,16.19
Columbia County,2020-09-14,10.39
DeSoto County,2020-09-14,22.2
Dixie County,2020-09-14,10.74
Duval County,2020-09-14,13.46
Escambia County,2020-09-14,11.46
Flagler County,2020-09-14,14.96
Franklin County,2020-09-14,25.81
Gadsden County,2020-09-14,13.63
Gilchrist County,2020-09-14,10.36
Glades County,2020-09-14,11.62
Gulf County,2020-09-14,25.36
Hamilton County,2020-09-14,9.0
Hardee County,2020-09-14,14.48
Hendry County,2020-09-14,11.08
Hernando County,2020-09-14,7.61
Highlands County,2020-09-14,10.92
Hillsborough County,2020-09-14,13.89
Holmes County,2020-09-14,16.47
Indian River County,2020-09-14,8.48
Jackson County,2020-09-14,19.44
Jefferson County,2020-09-14,10.39
Lafayette County,2020-09-14,10.92
Lake County,2020-09-14,10.59
Lee County,2020-09-14,29.32
Leon County,2020-09-14,12.03
Levy County,2020-09-14,10.0
Liberty County,2020-09-14,21.65
Madison County,2020-09-14,9.01
Manatee County,2020-09-14,19.81
Marion County,2020-09-14,9.96
Martin County,2020-09-14,6.28
Miami-Dade County,2020-09-14,3.95
Monroe County,2020-09-14,9.38
Nassau County,2020-09-14,13.65
Okaloosa County,2020-09-14,13.79
Okeechobee County,2020-09-14,7.88
Orange County,2020-09-14,12.08
Osceola County,2020-09-14,9.43
Palm Beach County,2020-09-14,5.58
Pasco County,2020-09-14,10.04
Pinellas County,2020-09-14,13.94
Polk County,2020-09-14,11.54
Putnam County,2020-09-14,15.02
St. Johns County,2020-09-14,15.97
St. Lucie County,2020-09-14,7.88
Santa Rosa County,2020-09-14,12.54
Sarasota County,2020-09-14,24.71
Seminole County,2020-09-14,14.04
Sumter County,2020-09-14,7.22
Suwannee County,2020-09-14,10.2
Taylor County,2020-09-14,11.82
Union County,2020-09-14,11.95
Volusia County,2020-09-14,14.64
Wakulla County,2020-09-14,16.77
Walton County,2020-09-14,15.7
Washington County,2020-09-14,19.46
Alachua County,2020-09-15,15.94
Baker County,2020-09-15,7.89
Bay County,2020-09-15,30.95
Bradford County,2020-09-15,14.62
Brevard County,2020-09-15,0.73
Broward County,2020-09-15,4.82
Calhoun County,2020-09-15,30.55
Charlotte County,2020-09-15,10.53
Citrus County,2020-09-15,6.15
Clay County,2020-09-15,12.36
Collier County,2020-09-15,6.67
Columbia County,2020-09-15,8.95
DeSoto County,2020-09-15,9.0
Dixie County,2020-09-15,11.2
Duval County,2020-09-15,7.08
Escambia County,2020-09-15,21.78
Flagler County,2020-09-15,12.07
Franklin County,2020-09-15,38.25
Gadsden County,2020-09-15,17.9
Gilchrist County,2020-09-15,11.29
Glades County,2020-09-15,7.22
Gulf County,2020-09-15,39.8
Hamilton County,2020-09-15,6.72
Hardee County,2020-09-15,5.57
Hendry County,2020-09-15,7.38
Hernando County,2020-09-15,4.59
Highlands County,2020-09-15,5.62
Hillsborough County,2020-09-15,5.06
Holmes County,2020-09-15,20.2
Indian River County,2020-09-15,0.47
Jackson County,2020-09-15,21.36
Jefferson County,2020-09-15,12.79
Lafayette County,2020-09-15,11.52
Lake County,2020-09-15,8.92
Lee County,2020-09-15,11.27
Leon County,2020-09-15,16.27
Levy County,2020-09-15,10.24
Liberty County,2020-09-15,31.42
Madison County,2020-09-15,9.27
Manatee County,2020-09-15,6.11
Marion County,2020-09-15,11.16
Martin County,2020-09-15,0.86
Miami-Dade County,2020-09-15,1.09
Monroe County,2020-09-15,2.78
Nassau County,2020-09-15,4.72
Okaloosa County,2020-09-15,23.1
Okeechobee County,2020-09-15,2.19
Orange County,2020-09-15,4.89
Osceola County,2020-09-15,2.13
Palm Beach County,2020-09-15,4.51
Pasco County,2020-09-15,4.9
Pinellas County,2020-09-15,5.73
Polk County,2020-09-15,4.55
Putnam County,2020-09-15,15.37
St. Johns County,2020-09-15,10.93
St. Lucie County,2020-09-15,0.39
Santa Rosa County,2020-09-15,22.89
Sarasota County,2020-09-15,7.6
Seminole County,2020-09-15,7.37
Sumter County,2020-09-15,5.01
Suwannee County,2020-09-15,9.72
Taylor County,2020-09-15,13.56
Union County,2020-09-15,12.49
Volusia County,2020-09-15,10.78
Wakulla County,2020-09-15,23.28
Walton County,2020-09-15,23.04
Washington County,2020-09-15,25.38
Alachua County,2020-09-16,4.59
Baker County,2020-09-16,13.34
Bay County,2020-09-16,164.69
Bradford County,2020-09-16,6.93
Brevard County,2020-09-16,1.77
Broward County,2020-09-16,0.7
Calhoun County,2020-09-16,143.55
Charlotte County,2020-09-16,3.9
Citrus County,2020-09-16,3.33
Clay County,2020-09-16,6.89
Collier County,2020-09-16,1.44
Columbia County,2020-09-16,11.93
DeSoto County,2020-09-16,3.87
Dixie County,2020-09-16,10.41
Duval County,2020-09-16,12.07
Escambia County,2020-09-16,132.82
Flagler County,2020-09-16,1.65
Franklin County,2020-09-16,121.46
Gadsden County,2020-09-16,64.77
Gilchrist County,2020-09-16,6.84
Glades County,2020-09-16,4.64
Gulf County,2020-09-16,153.76
Hamilton County,2020-09-16,16.9
Hardee County,2020-09-16,3.26
Hendry County,2020-09-16,3.49
Hernando County,2020-09-16,3.56
Highlands County,2020-09-16,4.93
Hillsborough County,2020-09-16,4.78
Holmes County,2020-09-16,152.74
Indian River County,2020-09-16,2.81
Jackson County,2020-09-16,127.7
Jefferson County,2020-09-16,32.84
Lafayette County,2020-09-16,12.44
Lake County,2020-09-16,1.68
Lee County,2020-09-16,3.47
Leon County,2020-09-16,45.53
Levy County,2020-09-16,5.38
Liberty County,2020-09-16,113.95
Madison County,2020-09-16,21.5
Manatee County,2020-09-16,3.72
Marion County,2020-09-16,2.23
Martin County,2020-09-16,0.52
Miami-Dade County,2020-09-16,0.01
Monroe County,2020-09-16,0.0
Nassau County,2020-09-16,22.39
Okaloosa County,2020-09-16,170.93
Okeechobee County,2020-09-16,5.58
Orange County,2020-09-16,1.45
Osceola County,2020-09-16,3.85
Palm Beach County,2020-09-16,1.46
Pasco County,2020-09-16,4.65
Pinellas County,2020-09-16,6.73
Polk County,2020-09-16,4.14
Putnam County,2020-09-16,3.35
St. Johns County,2020-09-16,5.0
St. Lucie County,2020-09-16,0.91
Santa Rosa County,2020-09-16,162.66
Sarasota County,2020-09-16,3.09
Seminole County,2020-09-16,0.97
Sumter County,2020-09-16,2.08
Suwannee County,2020-09-16,12.5
Taylor County,2020-09-16,22.77
Union County,2020-09-16,8.28
Volusia County,2020-09-16,0.95
Wakulla County,2020-09-16,62.07
Walton County,2020-09-16,165.09
Washington County,2020-09-16,165.12
Alachua County,2020-09-17,7.26
Baker County,2020-09-17,8.71
Bay County,2020-09-17,120.08
Bradford County,2020-09-17,6.97
Brevard County,2020-09-17,13.09
Broward County,2020-09-17,0.0
Calhoun County,2020-09-17,132.44
Charlotte County,2020-09-17,0.0
Citrus County,2020-09-17,5.1
Clay County,2020-09-17,5.3
Collier County,2020-09-17,0.0
Columbia County,2020-09-17,11.7
DeSoto County,2020-09-17,0.45
Dixie County,2020-09-17,15.35
Duval County,2020-09-17,5.58
Escambia County,2020-09-17,156.5
Flagler County,2020-09-17,4.2
Franklin County,2020-09-17,96.66
Gadsden County,2020-09-17,108.27
Gilchrist County,2020-09-17,10.58
Glades County,2020-09-17,0.67
Gulf County,2020-09-17,98.47
Hamilton County,2020-09-17,18.94
Hardee County,2020-09-17,1.61
Hendry County,2020-09-17,0.05
Hernando County,2020-09-17,4.67
Highlands County,2020-09-17,2.12
Hillsborough County,2020-09-17,3.67
Holmes County,2020-09-17,167.47
Indian River County,2020-09-17,7.53
Jackson County,2020-09-17,183.47
Jefferson County,2020-09-17,57.46
Lafayette County,2020-09-17,20.51
Lake County,2020-09-17,5.14
Lee County,2020-09-17,0.0
Leon County,2020-09-17,79.24
Levy County,2020-09-17,8.17
Liberty County,2020-09-17,108.37
Madison County,2020-09-17,34.28
Manatee County,2020-09-17,1.9
Marion County,2020-09-17,4.72
Martin County,2020-09-17,1.72
Miami-Dade County,2020-09-17,0.0
Monroe County,2020-09-17,0.0
Nassau County,2020-09-17,9.01
Okaloosa County,2020-09-17,125.64
Okeechobee County,2020-09-17,4.44
Orange County,2020-09-17,8.32
Osceola County,2020-09-17,8.17
Palm Beach County,2020-09-17,0.22
Pasco County,2020-09-17,4.91
Pinellas County,2020-09-17,4.68
Polk County,2020-09-17,4.43
Putnam County,2020-09-17,4.81
St. Johns County,2020-09-17,4.3
St. Lucie County,2020-09-17,3.97
Santa Rosa County,2020-09-17,140.14
Sarasota County,2020-09-17,1.25
Seminole County,2020-09-17,8.67
Sumter County,2020-09-17,4.22
Suwannee County,2020-09-17,17.97
Taylor County,2020-09-17,35.84
Union County,2020-09-17,8.67
Volusia County,2020-09-17,7.04
Wakulla County,2020-09-17,80.57
Walton County,2020-09-17,131.12
Washington County,2020-09-17,150.89
Alachua County,2020-09-18,16.63
Baker County,2020-09-18,11.47
Bay County,2020-09-18,0.11
Bradford County,2020-09-18,14.96
Brevard County,2020-09-18,3.82
Broward County,2020-09-18,0.0
Calhoun County,2020-09-18,0.85
Charlotte County,2020-09-18,2.11
Citrus County,2020-09-18,14.19
Clay County,2020-09-18,11.63
Collier County,2020-09-18,0.0
Columbia County,2020-09-18,12.0
DeSoto County,2020-09-18,3.04
Dixie County,2020-09-18,11.08
Duval County,2020-09-18,8.38
Escambia County,2020-09-18,0.0
Flagler County,2020-09-18,8.22
Franklin County,2020-09-18,2.3
Gadsden County,2020-09-18,1.5
Gilchrist County,2020-09-18,13.02
Glades County,2020-09-18,0.01
Gulf County,2020-09-18,0.62
Hamilton County,2020-09-18,9.52
Hardee County,2020-09-18,4.41
Hendry County,2020-09-18,0.0
Hernando County,2020-09-18,14.61
Highlands County,2020-09-18,1.11
Hillsborough County,2020-09-18,13.44
Holmes County,2020-09-18,0.69
Indian River County,2020-09-18,0.69
Jackson County,2020-09-18,0.93
Jefferson County,2020-09-18,4.57
Lafayette County,2020-09-18,11.1
Lake County,2020-09-18,12.8
Lee County,2020-09-18,0.46
Leon County,2020-09-18,2.4
Levy County,2020-09-18,13.98
Liberty County,2020-09-18,1.38
Madison County,2020-09-18,7.09
Manatee County,2020-09-18,7.29
Marion County,2020-09-18,13.66
Martin County,2020-09-18,0.0
Miami-Dade County,2020-09-18,0.0
Monroe County,2020-09-18,0.0
Nassau County,2020-09-18,10.75
Okaloosa County,2020-09-18,0.12
Okeechobee County,2020-09-18,0.17
Orange County,2020-09-18,9.46
Osceola County,2020-09-18,5.16
Palm Beach County,2020-09-18,0.0
Pasco County,2020-09-18,16.32
Pinellas County,2020-09-18,13.42
Polk County,2020-09-18,9.5
Putnam County,2020-09-18,12.83
St. Johns County,2020-09-18,8.83
St. Lucie County,2020-09-18,0.0
Santa Rosa County,2020-09-18,0.01
Sarasota County,2020-09-18,4.85
Seminole County,2020-09-18,8.87
Sumter County,2020-09-18,14.5
Suwannee County,2020-09-18,11.21
Taylor County,2020-09-18,7.71
Union County,2020-09-18,14.26
Volusia County,2020-09-18,7.98
Wakulla County,2020-09-18,2.66
Walton County,2020-09-18,0.34
Washington County,2020-09-18,0.56
Alachua County,2020-09-19,0.0
Baker County,2020-09-19,0.0
Bay County,2020-09-19,0.0
Bradford County,2020-09-19,0.0
Brevard County,2020-09-19,2.9
Broward County,2020-09-19,0.0
Calhoun County,2020-09-19,0.0
Charlotte County,2020-09-19,5.56
Citrus County,2020-09-19,0.58
Clay County,2020-09-19,0.0
Collier County,2020-09-19,0.02
Columbia County,2020-09-19,0.0
DeSoto County,2020-09-19,7.3
Dixie County,2020-09-19,0.0
Duval County,2020-09-19,0.0
Escambia County,2020-09-19,0.8
Flagler County,2020-09-19,0.0
Franklin County,2020-09-19,0.0
Gadsden County,2020-09-19,0.0
Gilchrist County,2020-09-19,0.0
Glades County,2020-09-19,1.76
Gulf County,2020-09-19,0.0
Hamilton County,2020-09-19,0.0
Hardee County,2020-09-19,6.83
Hendry County,2020-09-19,0.19
Hernando County,2020-09-19,1.41
Highlands County,2020-09-19,4.89
Hillsborough County,2020-09-19,5.59
Holmes County,2020-09-19,0.0
Indian River County,2020-09-19,4.88
Jackson County,2020-09-19,0.0
Jefferson County,2020-09-19,0.0
Lafayette County,2020-09-19,0.0
Lake County,2020-09-19,0.57
Lee County,2020-09-19,2.4
Leon County,2020-09-19,0.0
Levy County,2020-09-19,0.0
Liberty County,2020-09-19,0.0
Madison County,2020-09-19,0.0
Manatee County,2020-09-19,8.39
Marion County,2020-09-19,0.04
Martin County,2020-09-19,0.64
Miami-Dade County,2020-09-19,0.15
Monroe County,2020-09-19,0.13
Nassau County,2020-09-19,0.0
Okaloosa County,2020-09-19,0.0
Okeechobee County,2020-09-19,4.2
Orange County,2020-09-19,1.39
Osceola County,2020-09-19,6.12
Palm Beach County,2020-09-19,0.0
Pasco County,2020-09-19,2.91
Pinellas County,2020-09-19,5.52
Polk County,2020-09-19,5.9
Putnam County,2020-09-19,0.0
St. Johns County,2020-09-19,0.0
St. Lucie County,2020-09-19,2.81
Santa Rosa County,2020-09-19,0.09
Sarasota County,2020-09-19,8.8
Seminole County,2020-09-19,0.05
Sumter County,2020-09-19,0.79
Suwannee County,2020-09-19,0.0
Taylor County,2020-09-19,0.0
Union County,2020-09-19,0.0
Volusia County,2020-09-19,0.0
Wakulla County,2020-09-19,0.0
Walton County,2020-09-19,0.0
Washington County,2020-09-19,0.0
Alachua County,2020-09-20,2.3
Baker County,2020-09-20,1.37
Bay County,2020-09-20,0.26
Bradford County,2020-09-20,3.99
Brevard County,2020-09-20,45.59
Broward County,2020-09-20,0.0
Calhoun County,2020-09-20,0.0
Charlotte County,2020-09-20,0.0
Citrus County,2020-09-20,0.03
Clay County,2020-09-20,11.01
Collier County,2020-09-20,0.01
Columbia County,2020-09-20,0.27
DeSoto County,2020-09-20,0.0
Dixie County,2020-09-20,0.01
Duval County,2020-09-20,8.89
Escambia County,2020-09-20,4.18
Flagler County,2020-09-20,46.03
Franklin County,2020-09-20,0.0
Gadsden County,2020-09-20,0.0
Gilchrist County,2020-09-20,0.18
Glades County,2020-09-20,0.02
Gulf County,2020-09-20,0.0
Hamilton County,2020-09-20,0.03
Hardee County,2020-09-20,0.02
Hendry County,2020-09-20,0.01
Hernando County,2020-09-20,0.0
Highlands County,2020-09-20,0.12
Hillsborough County,2020-09-20,0.0
Holmes County,2020-09-20,1.09
Indian River County,2020-09-20,1.88
Jackson County,2020-09-20,0.04
Jefferson County,2020-09-20,0.0
Lafayette County,2020-09-20,0.01
Lake County,2020-09-20,6.94
Lee County,2020-09-20,0.0
Leon County,2020-09-20,0.0
Levy County,2020-09-20,0.17
Liberty County,2020-09-20,0.0
Madison County,2020-09-20,0.0
Manatee County,2020-09-20,0.0
Marion County,2020-09-20,4.36
Martin County,2020-09-20,0.0
Miami-Dade County,2020-09-20,0.0
Monroe County,2020-09-20,0.0
Nassau County,2020-09-20,3.45
Okaloosa County,2020-09-20,2.27
Okeechobee County,2020-09-20,0.16
Orange County,2020-09-20,25.46
Osceola County,2020-09-20,8.36
Palm Beach County,2020-09-20,0.01
Pasco County,2020-09-20,0.0
Pinellas County,2020-09-20,0.0
Polk County,2020-09-20,0.61
Putnam County,2020-09-20,19.31
St. Johns County,2020-09-20,34.47
St. Lucie County,2020-09-20,0.02
Santa Rosa County,2020-09-20,2.82
Sarasota County,2020-09-20,0.0
Seminole County,2020-09-20,38.34
Sumter County,2020-09-20,0.26
Suwannee County,2020-09-20,0.05
Taylor County,2020-09-20,0.0
Union County,2020-09-20,1.38
Volusia County,2020-09-20,45.8
Wakulla County,2020-09-20,0.0
Walton County,2020-09-20,1.57
Washington County,2020-09-20,0.56
Alachua County,2020-09-21,0.16
Baker County,2020-09-21,0.0
Bay County,2020-09-21,2.11
Bradford County,2020-09-21,0.0
Brevard County,2020-09-21,25.18
Broward County,2020-09-21,11.99
Calhoun County,2020-09-21,1.47
Charlotte County,2020-09-21,16.43
Citrus County,2020-09-21,0.9
Clay County,2020-09-21,1.41
Collier County,2020-09-21,6.61
Columbia County,2020-09-21,0.0
DeSoto County,2020-09-21,21.58
Dixie County,2020-09-21,0.0
Duval County,2020-09-21,0.76
Escambia County,2020-09-21,5.72
Flagler County,2020-09-21,8.18
Franklin County,2020-09-21,1.33
Gadsden County,2020-09-21,0.52
Gilchrist County,2020-09-21,0.0
Glades County,2020-09-21,14.35
Gulf County,2020-09-21,1.73
Hamilton County,2020-09-21,0.0
Hardee County,2020-09-21,18.42
Hendry County,2020-09-21,8.73
Hernando County,2020-09-21,2.09
Highlands County,2020-09-21,21.64
Hillsborough County,2020-09-21,8.03
Holmes County,2020-09-21,1.85
Indian River County,2020-09-21,21.24
Jackson County,2020-09-21,1.4
Jefferson County,2020-09-21,0.0
Lafayette County,2020-09-21,0.0
Lake County,2020-09-21,10.85
Lee County,2020-09-21,12.26
Leon County,2020-09-21,0.07
Levy County,2020-09-21,0.0
Liberty County,2020-09-21,1.1
Madison County,2020-09-21,0.0
Manatee County,2020-09-21,11.16
Marion County,2020-09-21,3.11
Martin County,2020-09-21,15.89
Miami-Dade County,2020-09-21,8.79
Monroe County,2020-09-21,7.42
Nassau County,2020-09-21,0.03
Okaloosa County,2020-09-21,3.44
Okeechobee County,2020-09-21,19.24
Orange County,2020-09-21,21.87
Osceola County,2020-09-21,26.39
Palm Beach County,2020-09-21,14.33
Pasco County,2020-09-21,3.94
Pinellas County,2020-09-21,3.24
Polk County,2020-09-21,19.58
Putnam County,2020-09-21,4.22
St. Johns County,2020-09-21,3.71
St. Lucie County,2020-09-21,16.87
Santa Rosa County,2020-09-21,4.51
Sarasota County,2020-09-21,11.79
Seminole County,2020-09-21,21.8
Sumter County,2020-09-21,4.14
Suwannee County,2020-09-21,0.0
Taylor County,2020-09-21,0.0
Union County,2020-09-21,0.0
Volusia County,2020-09-21,16.19
Wakulla County,2020-09-21,0.23
Walton County,2020-09-21,2.61
Washington County,2020-09-21,1.98
Alachua County,2020-09-22,0.0
Baker County,2020-09-22,0.0
Bay County,2020-09-22,0.0
Bradford County,2020-09-22,0.0
Brevard County,2020-09-22,0.39
Broward County,2020-09-22,16.93
Calhoun County,2020-09-22,0.0
Charlotte County,2020-09-22,0.23
Citrus County,2020-09-22,0.0
Clay County,2020-09-22,0.32
Collier County,2020-09-22,4.25
Columbia County,2020-09-22,0.0
DeSoto County,2020-09-22,0.0
Dixie County,2020-09-22,0.0
Duval County,2020-09-22,0.28
Escambia County,2020-09-22,1.6
Flagler County,2020-09-22,1.15
Franklin County,2020-09-22,0.0
Gadsden County,2020-09-22,0.0
Gilchrist County,2020-09-22,0.0
Glades County,2020-09-22,1.11
Gulf County,2020-09-22,0.0
Hamilton County,2020-09-22,0.0
Hardee County,2020-09-22,0.0
Hendry County,2020-09-22,3.04
Hernando County,2020-09-22,0.0
Highlands County,2020-09-22,0.25
Hillsborough County,2020-09-22,0.0
Holmes County,2020-09-22,0.0
Indian River County,2020-09-22,0.48
Jackson County,2020-09-22,0.0
Jefferson County,2020-09-22,0.0
Lafayette County,2020-09-22,0.0
Lake County,2020-09-22,0.36
Lee County,2020-09-22,1.18
Leon County,2020-09-22,0.0
Levy County,2020-09-22,0.0
Liberty County,2020-09-22,0.0
Madison County,2020-09-22,0.0
Manatee County,2020-09-22,0.0
Marion County,2020-09-22,0.2
Martin County,2020-09-22,3.16
Miami-Dade County,2020-09-22,16.79
Monroe County,2020-09-22,12.0
Nassau County,2020-09-22,0.01
Okaloosa County,2020-09-22,0.21
Okeechobee County,2020-09-22,0.66
Orange County,2020-09-22,0.31
Osceola County,2020-09-22,0.17
Palm Beach County,2020-09-22,9.97
Pasco County,2020-09-22,0.0
Pinellas County,2020-09-22,0.0
Polk County,2020-09-22,0.02
Putnam County,2020-09-22,0.7
St. Johns County,2020-09-22,0.89
St. Lucie County,2020-09-22,1.05
Santa Rosa County,2020-09-22,0.91
Sarasota County,2020-09-22,0.0
Seminole County,2020-09-22,0.69
Sumter County,2020-09-22,0.0
Suwannee County,2020-09-22,0.0
Taylor County,2020-09-22,0.0
Union County,2020-09-22,0.0
Volusia County,2020-09-22,0.99
Wakulla County,2020-09-22,0.0
Walton County,2020-09-22,0.0
Washington County,2020-09-22,0.0
Alachua County,2020-09-23,0.0
Baker County,2020-09-23,0.0
Bay County,2020-09-23,0.0
Bradford County,2020-09-23,0.0
Brevard County,2020-09-23,0.0
Broward County,2020-09-23,0.0
Calhoun County,2020-09-23,0.0
Charlotte County,2020-09-23,0.0
Citrus County,2020-09-23,0.0
Clay County,2020-09-23,0.0
Collier County,2020-09-23,0.0
Columbia County,2020-09-23,0.0
DeSoto County,2020-09-23,0.0
Dixie County,2020-09-23,0.0
Duval County,2020-09-23,0.0
Escambia County,2020-09-23,0.01
Flagler County,2020-09-23,0.01
Franklin County,2020-09-23,0.0
Gadsden County,2020-09-23,0.0
Gilchrist County,2020-09-23,0.0
Glades County,2020-09-23,0.0
Gulf County,2020-09-23,0.0
Hamilton County,2020-09-23,0.0
Hardee County,2020-09-23,0.0
Hendry County,2020-09-23,0.0
Hernando County,2020-09-23,0.0
Highlands County,2020-09-23,0.0
Hillsborough County,2020-09-23,0.0
Holmes County,2020-09-23,0.01
Indian River County,2020-09-23,0.0
Jackson County,2020-09-23,0.0
Jefferson County,2020-09-23,0.0
Lafayette County,2020-09-23,0.0
Lake County,2020-09-23,0.0
Lee County,2020-09-23,0.0
Leon County,2020-09-23,0.0
Levy County,2020-09-23,0.0
Liberty County,2020-09-23,0.0
Madison County,2020-09-23,0.0
Manatee County,2020-09-23,0.0
Marion County,2020-09-23,0.0
Martin County,2020-09-23,0.0
Miami-Dade County,2020-09-23,0.0
Monroe County,2020-09-23,0.28
Nassau County,2020-09-23,0.0
Okaloosa County,2020-09-23,0.0
Okeechobee County,2020-09-23,0.0
Orange County,2020-09-23,0.0
Osceola County,2020-09-23,0.0
Palm Beach County,2020-09-23,0.0
Pasco County,2020-09-23,0.0
Pinellas County,2020-09-23,0.0
Polk County,2020-09-23,0.0
Putnam County,2020-09-23,0.0
St. Johns County,2020-09-23,0.0
St. Lucie County,2020-09-23,0.0
Santa Rosa County,2020-09-23,0.0
Sarasota County,2020-09-23,0.0
Seminole County,2020-09-23,0.0
Sumter County,2020-09-23,0.0
Suwannee County,2020-09-23,0.0
Taylor County,2020-09-23,0.0
Union County,2020-09-23,0.0
Volusia County,2020-09-23,0.01
Wakulla County,2020-09-23,0.0
Walton County,2020-09-23,0.0
Washington County,2020-09-23,0.0
Alachua County,2020-09-24,0.0
Baker County,2020-09-24,0.0
Bay County,2020-09-24,0.0
Bradford County,2020-09-24,0.0
Brevard County,2020-09-24,0.19
Broward County,2020-09-24,0.62
Calhoun County,2020-09-24,0.0
Charlotte County,2020-09-24,0.0
Citrus County,2020-09-24,0.0
Clay County,2020-09-24,0.0
Collier County,2020-09-24,0.07
Columbia County,2020-09-24,0.0
DeSoto County,2020-09-24,0.0
Dixie County,2020-09-24,0.0
Duval County,2020-09-24,0.0
Escambia County,2020-09-24,4.72
Flagler County,2020-09-24,0.0
Franklin County,2020-09-24,0.0
Gadsden County,2020-09-24,0.0
Gilchrist County,2020-09-24,0.0
Glades County,2020-09-24,0.0
Gulf County,2020-09-24,0.0
Hamilton County,2020-09-24,0.0
Hardee County,2020-09-24,0.0
Hendry County,2020-09-24,0.07
Hernando County,2020-09-24,0.0
Highlands County,2020-09-24,0.0
Hillsborough County,2020-09-24,0.0
Holmes County,2020-09-24,0.0
Indian River County,2020-09-24,0.13
Jackson County,2020-09-24,0.0
Jefferson County,2020-09-24,0.0
Lafayette County,2020-09-24,0.0
Lake County,2020-09-24,0.0
Lee County,2020-09-24,0.0
Leon County,2020-09-24,0.0
Levy County,2020-09-24,0.0
Liberty County,2020-09-24,0.0
Madison County,2020-09-24,0.0
Manatee County,2020-09-24,0.0
Marion County,2020-09-24,0.0
Martin County,2020-09-24,0.0
Miami-Dade County,2020-09-24,0.46
Monroe County,2020-09-24,0.23
Nassau County,2020-09-24,0.0
Okaloosa County,2020-09-24,0.18
Okeechobee County,2020-09-24,0.0
Orange County,2020-09-24,0.0
Osceola County,2020-09-24,0.03
Palm Beach County,2020-09-24,0.4
Pasco County,2020-09-24,0.0
Pinellas County,2020-09-24,0.0
Polk County,2020-09-24,0.0
Putnam County,2020-09-24,0.0
St. Johns County,2020-09-24,0.0
St. Lucie County,2020-09-24,0.0
Santa Rosa County,2020-09-24,2.35
Sarasota County,2020-09-24,0.0
Seminole County,2020-09-24,0.0
Sumter County,2020-09-24,0.0
Suwannee County,2020-09-24,0.0
Taylor County,2020-09-24,0.0
Union County,2020-09-24,0.0
Volusia County,2020-09-24,0.0
Wakulla County,2020-09-24,0.0
Walton County,2020-09-24,0.0
Washington County,2020-09-24,0.0
Alachua County,2020-09-25,0.0
Baker County,2020-09-25,0.0
Bay County,2020-09-25,15.13
Bradford County,2020-09-25,0.0
Brevard County,2020-09-25,0.04
Broward County,2020-09-25,21.13
Calhoun County,2020-09-25,19.98
Charlotte County,2020-09-25,0.0
Citrus County,2020-09-25,0.0
Clay County,2020-09-25,0.0
Collier County,2020-09-25,3.84
Columbia County,2020-09-25,0.0
DeSoto County,2020-09-25,0.03
Dixie County,2020-09-25,0.0
Duval County,2020-09-25,0.0
Escambia County,2020-09-25,10.75
Flagler County,2020-09-25,0.0
Franklin County,2020-09-25,18.55
Gadsden County,2020-09-25,17.41
Gilchrist County,2020-09-25,0.0
Glades County,2020-09-25,0.55
Gulf County,2020-09-25,18.99
Hamilton County,2020-09-25,0.0
Hardee County,2020-09-25,0.0
Hendry County,2020-09-25,1.89
Hernando County,2020-09-25,0.0
Highlands County,2020-09-25,0.07
Hillsborough County,2020-09-25,0.02
Holmes County,2020-09-25,11.83
Indian River County,2020-09-25,1.02
Jackson County,2020-09-25,18.67
Jefferson County,2020-09-25,7.31
Lafayette County,2020-09-25,0.0
Lake County,2020-09-25,0.0
Lee County,2020-09-25,0.0
Leon County,2020-09-25,13.1
Levy County,2020-09-25,0.0
Liberty County,2020-09-25,20.02
Madison County,2020-09-25,1.67
Manatee County,2020-09-25,0.01
Marion County,2020-09-25,0.0
Martin County,2020-09-25,5.08
Miami-Dade County,2020-09-25,29.3
Monroe County,2020-09-25,21.32
Nassau County,2020-09-25,0.0
Okaloosa County,2020-09-25,11.33
Okeechobee County,2020-09-25,0.79
Orange County,2020-09-25,0.0
Osceola County,2020-09-25,0.0
Palm Beach County,2020-09-25,10.83
Pasco County,2020-09-25,0.0
Pinellas County,2020-09-25,0.0
Polk County,2020-09-25,0.0
Putnam County,2020-09-25,0.0
St. Johns County,2020-09-25,0.0
St. Lucie County,2020-09-25,2.7
Santa Rosa County,2020-09-25,11.91
Sarasota County,2020-09-25,0.0
Seminole County,2020-09-25,0.0
Sumter County,2020-09-25,0.0
Suwannee County,2020-09-25,0.0
Taylor County,2020-09-25,1.94
Union County,2020-09-25,0.0
Volusia County,2020-09-25,0.0
Wakulla County,2020-09-25,14.09
Walton County,2020-09-25,11.56
Washington County,2020-09-25,12.97
Alachua County,2020-09-26,0.0
Baker County,2020-09-26,0.0
Bay County,2020-09-26,0.0
Bradford County,2020-09-26,0.0
Brevard County,2020-09-26,5.09
Broward County,2020-09-26,13.58
Calhoun County,2020-09-26,0.0
Charlotte County,2020-09-26,1.51
Citrus County,2020-09-26,0.0
Clay County,2020-09-26,0.0
Collier County,2020-09-26,2.47
Columbia County,2020-09-26,0.0
DeSoto County,2020-09-26,4.83
Dixie County,2020-09-26,0.0
Duval County,2020-09-26,0.0
Escambia County,2020-09-26,0.0
Flagler County,2020-09-26,0.0
Franklin County,2020-09-26,0.27
Gadsden County,2020-09-26,1.96
Gilchrist County,2020-09-26,0.0
Glades County,2020-09-26,7.8
Gulf County,2020-09-26,0.0
Hamilton County,2020-09-26,0.0
Hardee County,2020-09-26,3.28
Hendry County,2020-09-26,5.48
Hernando County,2020-09-26,0.0
Highlands County,2020-09-26,12.04
Hillsborough County,2020-09-26,0.0
Holmes County,2020-09-26,0.0
Indian River County,2020-09-26,9.25
Jackson County,2020-09-26,0.0
Jefferson County,2020-09-26,6.51
Lafayette County,2020-09-26,0.71
Lake County,2020-09-26,0.0
Lee County,2020-09-26,0.43
Leon County,2020-09-26,5.26
Levy County,2020-09-26,0.0
Liberty County,2020-09-26,0.0
Madison County,2020-09-26,2.86
Manatee County,2020-09-26,0.0
Marion County,2020-09-26,0.0
Martin County,2020-09-26,11.44
Miami-Dade County,2020-09-26,7.87
Monroe County,2020-09-26,3.94
Nassau County,2020-09-26,0.0
Okaloosa County,2020-09-26,0.0
Okeechobee County,2020-09-26,11.48
Orange County,2020-09-26,0.31
Osceola County,2020-09-26,4.68
Palm Beach County,2020-09-26,15.47
Pasco County,2020-09-26,0.0
Pinellas County,2020-09-26,0.0
Polk County,2020-09-26,1.71
Putnam County,2020-09-26,0.0
St. Johns County,2020-09-26,0.0
St. Lucie County,2020-09-26,9.42
Santa Rosa County,2020-09-26,0.0
Sarasota County,2020-09-26,0.0
Seminole County,2020-09-26,0.0
Sumter County,2020-09-26,0.0
Suwannee County,2020-09-26,0.2
Taylor County,2020-09-26,3.09
Union County,2020-09-26,0.0
Volusia County,2020-09-26,0.0
Wakulla County,2020-09-26,3.92
Walton County,2020-09-26,0.0
Washington County,2020-09-26,0.0
Alachua County,2020-09-27,0.0
Baker County,2020-09-27,0.0
Bay County,2020-09-27,0.0
Bradford County,2020-09-27,0.0
Brevard County,2020-09-27,0.02
Broward County,2020-09-27,4.98
Calhoun County,2020-09-27,0.0
Charlotte County,2020-09-27,7.7
Citrus County,2020-09-27,0.04
Clay County,2020-09-27,0.0
Collier County,2020-09-27,2.59
Columbia County,2020-09-27,0.0
DeSoto County,2020-09-27,8.14
Dixie County,2020-09-27,0.0
Duval County,2020-09-27,0.0
Escambia County,2020-09-27,0.0
Flagler County,2020-09-27,0.0
Franklin County,2020-09-27,0.0
Gadsden County,2020-09-27,0.06
Gilchrist County,2020-09-27,0.0
Glades County,2020-09-27,3.9
Gulf County,2020-09-27,0.0
Hamilton County,2020-09-27,0.0
Hardee County,2020-09-27,4.64
Hendry County,2020-09-27,2.86
Hernando County,2020-09-27,0.0
Highlands County,2020-09-27,4.3
Hillsborough County,2020-09-27,0.78
Holmes County,2020-09-27,0.0
Indian River County,2020-09-27,0.03
Jackson County,2020-09-27,0.0
Jefferson County,2020-09-27,0.14
Lafayette County,2020-09-27,0.0
Lake County,2020-09-27,0.0
Lee County,2020-09-27,5.35
Leon County,2020-09-27,0.26
Levy County,2020-09-27,0.0
Liberty County,2020-09-27,0.0
Madison County,2020-09-27,0.0
Manatee County,2020-09-27,5.05
Marion County,2020-09-27,0.0
Martin County,2020-09-27,0.95
Miami-Dade County,2020-09-27,6.98
Monroe County,2020-09-27,6.47
Nassau County,2020-09-27,0.0
Okaloosa County,2020-09-27,0.0
Okeechobee County,2020-09-27,1.54
Orange County,2020-09-27,0.01
Osceola County,2020-09-27,0.32
Palm Beach County,2020-09-27,2.71
Pasco County,2020-09-27,0.0
Pinellas County,2020-09-27,0.85
Polk County,2020-09-27,0.81
Putnam County,2020-09-27,0.0
St. Johns County,2020-09-27,0.0
St. Lucie County,2020-09-27,0.08
Santa Rosa County,2020-09-27,0.0
Sarasota County,2020-09-27,7.41
Seminole County,2020-09-27,0.0
Sumter County,2020-09-27,0.0
Suwannee County,2020-09-27,0.0
Taylor County,2020-09-27,0.0
Union County,2020-09-27,0.0
Volusia County,2020-09-27,0.0
Wakulla County,2020-09-27,0.21
Walton County,2020-09-27,0.0
Washington County,2020-09-27,0.0
Alachua County,2020-09-28,13.99
Baker County,2020-09-28,9.88
Bay County,2020-09-28,15.59
Bradford County,2020-09-28,14.28
Brevard County,2020-09-28,13.47
Broward County,2020-09-28,2.49
Calhoun County,2020-09-28,23.75
Charlotte County,2020-09-28,8.5
Citrus County,2020-09-28,13.04
Clay County,2020-09-28,17.23
Collier County,2020-09-28,2.53
Columbia County,2020-09-28,9.26
DeSoto County,2020-09-28,12.23
Dixie County,2020-09-28,9.32
Duval County,2020-09-28,14.16
Escambia County,2020-09-28,0.0
Flagler County,2020-09-28,31.01
Franklin County,2020-09-28,26.38
Gadsden County,2020-09-28,22.87
Gilchrist County,2020-09-28,9.18
Glades County,2020-09-28,5.26
Gulf County,2020-09-28,22.68
Hamilton County,2020-09-28,8.97
Hardee County,2020-09-28,14.98
Hendry County,2020-09-28,3.11
Hernando County,2020-09-28,14.07
Highlands County,2020-09-28,8.81
Hillsborough County,2020-09-28,16.83
Holmes County,2020-09-28,9.21
Indian River County,2020-09-28,3.74
Jackson County,2020-09-28,20.32
Jefferson County,2020-09-28,17.12
Lafayette County,2020-09-28,11.05
Lake County,2020-09-28,32.78
Lee County,2020-09-28,6.09
Leon County,2020-09-28,21.15
Levy County,2020-09-28,9.74
Liberty County,2020-09-28,26.19
Madison County,2020-09-28,11.99
Manatee County,2020-09-28,10.35
Marion County,2020-09-28,20.12
Martin County,2020-09-28,2.81
Miami-Dade County,2020-09-28,2.1
Monroe County,2020-09-28,2.31
Nassau County,2020-09-28,13.25
Okaloosa County,2020-09-28,2.44
Okeechobee County,2020-09-28,4.04
Orange County,2020-09-28,32.56
Osceola County,2020-09-28,17.98
Palm Beach County,2020-09-28,2.95
Pasco County,2020-09-28,16.11
Pinellas County,2020-09-28,6.54
Polk County,2020-09-28,27.65
Putnam County,2020-09-28,25.65
St. Johns County,2020-09-28,24.67
St. Lucie County,2020-09-28,2.41
Santa Rosa County,2020-09-28,0.15
Sarasota County,2020-09-28,7.15
Seminole County,2020-09-28,35.82
Sumter County,2020-09-28,22.29
Suwannee County,2020-09-28,10.13
Taylor County,2020-09-28,14.03
Union County,2020-09-28,11.38
Volusia County,2020-09-28,33.82
Wakulla County,2020-09-28,23.2
Walton County,2020-09-28,5.78
Washington County,2020-09-28,13.74
Alachua County,2020-09-29,6.43
Baker County,2020-09-29,6.66
Bay County,2020-09-29,0.39
Bradford County,2020-09-29,7.56
Brevard County,2020-09-29,15.17
Broward County,2020-09-29,4.46
Calhoun County,2020-09-29,0.59
Charlotte County,2020-09-29,7.94
Citrus County,2020-09-29,5.9
Clay County,2020-09-29,8.79
Collier County,2020-09-29,4.92
Columbia County,2020-09-29,4.96
DeSoto County,2020-09-29,9.11
Dixie County,2020-09-29,2.9
Duval County,2020-09-29,9.14
Escambia County,2020-09-29,1.58
Flagler County,2020-09-29,11.16
Franklin County,2020-09-29,0.78
Gadsden County,2020-09-29,0.85
Gilchrist County,2020-09-29,4.0
Glades County,2020-09-29,9.32
Gulf County,2020-09-29,0.02
Hamilton County,2020-09-29,3.58
Hardee County,2020-09-29,8.51
Hendry County,2020-09-29,5.79
Hernando County,2020-09-29,6.47
Highlands County,2020-09-29,10.93
Hillsborough County,2020-09-29,6.68
Holmes County,2020-09-29,1.08
Indian River County,2020-09-29,12.53
Jackson County,2020-09-29,1.07
Jefferson County,2020-09-29,1.39
Lafayette County,2020-09-29,2.98
Lake County,2020-09-29,13.85
Lee County,2020-09-29,7.81
Leon County,2020-09-29,0.92
Levy County,2020-09-29,4.51
Liberty County,2020-09-29,0.62
Madison County,2020-09-29,2.04
Manatee County,2020-09-29,4.76
Marion County,2020-09-29,8.19
Martin County,2020-09-29,11.82
Miami-Dade County,2020-09-29,3.04
Monroe County,2020-09-29,4.29
Nassau County,2020-09-29,10.63
Okaloosa County,2020-09-29,0.77
Okeechobee County,2020-09-29,11.78
Orange County,2020-09-29,18.94
Osceola County,2020-09-29,16.74
Palm Beach County,2020-09-29,8.28
Pasco County,2020-09-29,7.33
Pinellas County,2020-09-29,3.34
Polk County,2020-09-29,14.7
Putnam County,2020-09-29,10.22
St. Johns County,2020-09-29,10.68
St. Lucie County,2020-09-29,12.13
Santa Rosa County,2020-09-29,1.02
Sarasota County,2020-09-29,4.65
Seminole County,2020-09-29,17.88
Sumter County,2020-09-29,9.63
Suwannee County,2020-09-29,3.54
Taylor County,2020-09-29,1.97
Union County,2020-09-29,6.26
Volusia County,2020-09-29,14.14
Wakulla County,2020-09-29,0.89
Walton County,2020-09-29,0.78
Washington County,2020-09-29,0.78
Alachua County,2020-09-30,12.9
Baker County,2020-09-30,11.53
Bay County,2020-09-30,1.25
Bradford County,2020-09-30,13.96
Brevard County,2020-09-30,14.88
Broward County,2020-09-30,0.86
Calhoun County,2020-09-30,2.27
Charlotte County,2020-09-30,25.35
Citrus County,2020-09-30,10.79
Clay County,2020-09-30,13.27
Collier County,2020-09-30,4.49
Columbia County,2020-09-30,9.84
DeSoto County,2020-09-30,33.03
Dixie County,2020-09-30,7.61
Duval County,2020-09-30,10.58
Escambia County,2020-09-30,0.54
Flagler County,2020-09-30,15.33
Franklin County,2020-09-30,4.34
Gadsden County,2020-09-30,3.74
Gilchrist County,2020-09-30,9.0
Glades County,2020-09-30,11.63
Gulf County,2020-09-30,2.32
Hamilton County,2020-09-30,7.46
Hardee County,2020-09-30,26.21
Hendry County,2020-09-30,5.8
Hernando County,2020-09-30,12.08
Highlands County,2020-09-30,17.95
Hillsborough County,2020-09-30,19.52
Holmes County,2020-09-30,1.87
Indian River County,2020-09-30,9.79
Jackson County,2020-09-30,2.65
Jefferson County,2020-09-30,5.51
Lafayette County,2020-09-30,8.08
Lake County,2020-09-30,20.92
Lee County,2020-09-30,17.19
Leon County,2020-09-30,4.89
Levy County,2020-09-30,9.38
Liberty County,2020-09-30,3.39
Madison County,2020-09-30,5.98
Manatee County,2020-09-30,21.89
Marion County,2020-09-30,13.9
Martin County,2020-09-30,4.73
Miami-Dade County,2020-09-30,0.02
Monroe County,2020-09-30,0.65
Nassau County,2020-09-30,11.84
Okaloosa County,2020-09-30,0.66
Okeechobee County,2020-09-30,10.2
Orange County,2020-09-30,23.89
Osceola County,2020-09-30,19.91
Palm Beach County,2020-09-30,2.49
Pasco County,2020-09-30,15.33
Pinellas County,2020-09-30,11.71
Polk County,2020-09-30,26.49
Putnam County,2020-09-30,15.86
St. Johns County,2020-09-30,13.46
St. Lucie County,2020-09-30,6.85
Santa Rosa County,2020-09-30,0.59
Sarasota County,2020-09-30,22.28
Seminole County,2020-09-30,22.95
Sumter County,2020-09-30,15.55
Suwannee County,2020-09-30,8.37
Taylor County,2020-09-30,6.82
Union County,2020-09-30,12.42
Volusia County,2020-09-30,19.08
Wakulla County,2020-09-30,5.29
Walton County,2020-09-30,1.02
Washington County,2020-09-30,1.49
Alachua County,2020-10-01,0.0
Baker County,2020-10-01,0.0
Bay County,2020-10-01,0.0
Bradford County,2020-10-01,0.0
Brevard County,2020-10-01,1.52
Broward County,2020-10-01,11.18
Calhoun County,2020-10-01,0.0
Charlotte County,2020-10-01,0.0
Citrus County,2020-10-01,0.0
Clay County,2020-10-01,0.0
Collier County,2020-10-01,1.98
Columbia County,2020-10-01,0.02
DeSoto County,2020-10-01,0.0
Dixie County,2020-10-01,0.0
Duval County,2020-10-01,0.0
Escambia County,2020-10-01,0.0
Flagler County,2020-10-01,0.0
Franklin County,2020-10-01,0.0
Gadsden County,2020-10-01,0.0
Gilchrist County,2020-10-01,0.0
Glades County,2020-10-01,2.54
Gulf County,2020-10-01,0.0
Hamilton County,2020-10-01,0.0
Hardee County,2020-10-01,0.0
Hendry County,2020-10-01,3.56
Hernando County,2020-10-01,0.0
Highlands County,2020-10-01,0.21
Hillsborough County,2020-10-01,0.0
Holmes County,2020-10-01,0.0
Indian River County,2020-10-01,14.12
Jackson County,2020-10-01,0.0
Jefferson County,2020-10-01,0.0
Lafayette County,2020-10-01,0.0
Lake County,2020-10-01,0.0
Lee County,2020-10-01,0.01
Leon County,2020-10-01,0.0
Levy County,2020-10-01,0.0
Liberty County,2020-10-01,0.0
Madison County,2020-10-01,0.0
Manatee County,2020-10-01,0.0
Marion County,2020-10-01,0.0
Martin County,2020-10-01,27.17
Miami-Dade County,2020-10-01,5.01
Monroe County,2020-10-01,2.04
Nassau County,2020-10-01,0.0
Okaloosa County,2020-10-01,0.0
Okeechobee County,2020-10-01,8.29
Orange County,2020-10-01,0.0
Osceola County,2020-10-01,0.13
Palm Beach County,2020-10-01,21.16
Pasco County,2020-10-01,0.0
Pinellas County,2020-10-01,0.0
Polk County,2020-10-01,0.0
Putnam County,2020-10-01,0.0
St. Johns County,2020-10-01,0.0
St. Lucie County,2020-10-01,24.25
Santa Rosa County,2020-10-01,0.0
Sarasota County,2020-10-01,0.0
Seminole County,2020-10-01,0.0
Sumter County,2020-10-01,0.0
Suwannee County,2020-10-01,0.0
Taylor County,2020-10-01,0.0
Union County,2020-10-01,0.0
Volusia County,2020-10-01,0.0
Wakulla County,2020-10-01,0.0
Walton County,2020-10-01,0.0
Washington County,2020-10-01,0.0
Alachua County,2020-10-02,0.0
Baker County,2020-10-02,0.0
Bay County,2020-10-02,0.0
Bradford County,2020-10-02,0.0
Brevard County,2020-10-02,0.61
Broward County,2020-10-02,19.09
Calhoun County,2020-10-02,0.0
Charlotte County,2020-10-02,0.0
Citrus County,2020-10-02,0.0
Clay County,2020-10-02,0.0
Collier County,2020-10-02,4.78
Columbia County,2020-10-02,0.0
DeSoto County,2020-10-02,0.02
Dixie County,2020-10-02,0.0
Duval County,2020-10-02,0.0
Escambia County,2020-10-02,0.0
Flagler County,2020-10-02,0.0
Franklin County,2020-10-02,0.0
Gadsden County,2020-10-02,0.0
Gilchrist County,2020-10-02,0.0
Glades County,2020-10-02,3.02
Gulf County,2020-10-02,0.0
Hamilton County,2020-10-02,0.0
Hardee County,2020-10-02,0.0
Hendry County,2020-10-02,5.97
Hernando County,2020-10-02,0.0
Highlands County,2020-10-02,0.04
Hillsborough County,2020-10-02,0.0
Holmes County,2020-10-02,0.0
Indian River County,2020-10-02,20.54
Jackson County,2020-10-02,0.0
Jefferson County,2020-10-02,0.0
Lafayette County,2020-10-02,0.0
Lake County,2020-10-02,0.0
Lee County,2020-10-02,0.1
Leon County,2020-10-02,0.0
Levy County,2020-10-02,0.0
Liberty County,2020-10-02,0.0
Madison County,2020-10-02,0.0
Manatee County,2020-10-02,0.0
Marion County,2020-10-02,0.0
Martin County,2020-10-02,37.17
Miami-Dade County,2020-10-02,14.37
Monroe County,2020-10-02,10.32
Nassau County,2020-10-02,0.0
Okaloosa County,2020-10-02,0.0
Okeechobee County,2020-10-02,9.3
Orange County,2020-10-02,0.0
Osceola County,2020-10-02,0.0
Palm Beach County,2020-10-02,28.62
Pasco County,2020-10-02,0.0
Pinellas County,2020-10-02,0.0
Polk County,2020-10-02,0.0
Putnam County,2020-10-02,0.0
St. Johns County,2020-10-02,0.0
St. Lucie County,2020-10-02,37.48
Santa Rosa County,2020-10-02,0.0
Sarasota County,2020-10-02,0.0
Seminole County,2020-10-02,0.0
Sumter County,2020-10-02,0.0
Suwannee County,2020-10-02,0.0
Taylor County,2020-10-02,0.0
Union County,2020-10-02,0.0
Volusia County,2020-10-02,0.0
Wakulla County,2020-10-02,0.0
Walton County,2020-10-02,0.0
Washington County,2020-10-02,0.0
Alachua County,2020-10-03,0.0
Baker County,2020-10-03,0.0
Bay County,2020-10-03,0.0
Bradford County,2020-10-03,0.0
Brevard County,2020-10-03,0.07
Broward County,2020-10-03,21.75
Calhoun County,2020-10-03,0.0
Charlotte County,2020-10-03,0.6
Citrus County,2020-10-03,0.0
Clay County,2020-10-03,0.0
Collier County,2020-10-03,10.61
Columbia County,2020-10-03,0.0
DeSoto County,2020-10-03,0.0
Dixie County,2020-10-03,0.0
Duval County,2020-10-03,0.0
Escambia County,2020-10-03,0.0
Flagler County,2020-10-03,0.0
Franklin County,2020-10-03,0.0
Gadsden County,2020-10-03,0.0
Gilchrist County,2020-10-03,0.0
Glades County,2020-10-03,2.29
Gulf County,2020-10-03,0.0
Hamilton County,2020-10-03,0.0
Hardee County,2020-10-03,0.0
Hendry County,2020-10-03,6.18
Hernando County,2020-10-03,0.0
Highlands County,2020-10-03,0.23
Hillsborough County,2020-10-03,0.0
Holmes County,2020-10-03,0.0
Indian River County,2020-10-03,2.66
Jackson County,2020-10-03,0.0
Jefferson County,2020-10-03,0.0
Lafayette County,2020-10-03,0.0
Lake County,2020-10-03,0.0
Lee County,2020-10-03,4.01
Leon County,2020-10-03,0.0
Levy County,2020-10-03,0.0
Liberty County,2020-10-03,0.0
Madison County,2020-10-03,0.0
Manatee County,2020-10-03,0.0
Marion County,2020-10-03,0.0
Martin County,2020-10-03,9.08
Miami-Dade County,2020-10-03,26.08
Monroe County,2020-10-03,20.78
Nassau County,2020-10-03,0.0
Okaloosa County,2020-10-03,0.0
Okeechobee County,2020-10-03,2.27
Orange County,2020-10-03,0.0
Osceola County,2020-10-03,0.0
Palm Beach County,2020-10-03,13.43
Pasco County,2020-10-03,0.0
Pinellas County,2020-10-03,0.0
Polk County,2020-10-03,0.0
Putnam County,2020-10-03,0.0
St. Johns County,2020-10-03,0.0
St. Lucie County,2020-10-03,6.69
Santa Rosa County,2020-10-03,0.0
Sarasota County,2020-10-03,0.0
Seminole County,2020-10-03,0.0
Sumter County,2020-10-03,0.0
Suwannee County,2020-10-03,0.0
Taylor County,2020-10-03,0.0
Union County,2020-10-03,0.0
Volusia County,2020-10-03,0.0
Wakulla County,2020-10-03,0.0
Walton County,2020-10-03,0.0
Washington County,2020-10-03,0.0
Alachua County,2020-10-04,0.15
Baker County,2020-10-04,0.0
Bay County,2020-10-04,0.0
Bradford County,2020-10-04,0.0
Brevard County,2020-10-04,23.0
Broward County,2020-10-04,20.41
Calhoun County,2020-10-04,0.0
Charlotte County,2020-10-04,16.42
Citrus County,2020-10-04,0.91
Clay County,2020-10-04,0.69
Collier County,2020-10-04,12.83
Columbia County,2020-10-04,0.0
DeSoto County,2020-10-04,16.79
Dixie County,2020-10-04,0.0
Duval County,2020-10-04,0.05
Escambia County,2020-10-04,0.0
Flagler County,2020-10-04,8.43
Franklin County,2020-10-04,0.0
Gadsden County,2020-10-04,0.0
Gilchrist County,2020-10-04,0.0
Glades County,2020-10-04,27.57
Gulf County,2020-10-04,0.0
Hamilton County,2020-10-04,0.0
Hardee County,2020-10-04,16.89
Hendry County,2020-10-04,20.22
Hernando County,2020-10-04,1.39
Highlands County,2020-10-04,23.42
Hillsborough County,2020-10-04,6.38
Holmes County,2020-10-04,0.0
Indian River County,2020-10-04,47.2
Jackson County,2020-10-04,0.0
Jefferson County,2020-10-04,0.0
Lafayette County,2020-10-04,0.0
Lake County,2020-10-04,5.97
Lee County,2020-10-04,17.26
Leon County,2020-10-04,0.0
Levy County,2020-10-04,0.04
Liberty County,2020-10-04,0.0
Madison County,2020-10-04,0.0
Manatee County,2020-10-04,9.66
Marion County,2020-10-04,3.02
Martin County,2020-10-04,43.51
Miami-Dade County,2020-10-04,14.8
Monroe County,2020-10-04,9.74
Nassau County,2020-10-04,0.0
Okaloosa County,2020-10-04,0.0
Okeechobee County,2020-10-04,39.06
Orange County,2020-10-04,10.04
Osceola County,2020-10-04,18.03
Palm Beach County,2020-10-04,27.11
Pasco County,2020-10-04,2.65
Pinellas County,2020-10-04,2.47
Polk County,2020-10-04,13.97
Putnam County,2020-10-04,4.16
St. Johns County,2020-10-04,5.31
St. Lucie County,2020-10-04,56.29
Santa Rosa County,2020-10-04,0.0
Sarasota County,2020-10-04,10.17
Seminole County,2020-10-04,10.57
Sumter County,2020-10-04,2.64
Suwannee County,2020-10-04,0.0
Taylor County,2020-10-04,0.0
Union County,2020-10-04,0.0
Volusia County,2020-10-04,10.15
Wakulla County,2020-10-04,0.0
Walton County,2020-10-04,0.0
Washington County,2020-10-04,0.0
Alachua County,2020-10-05,7.0
Baker County,2020-10-05,6.31
Bay County,2020-10-05,0.0
Bradford County,2020-10-05,7.95
Brevard County,2020-10-05,4.7
Broward County,2020-10-05,5.88
Calhoun County,2020-10-05,0.0
Charlotte County,2020-10-05,6.12
Citrus County,2020-10-05,6.18
Clay County,2020-10-05,10.71
Collier County,2020-10-05,7.13
Columbia County,2020-10-05,4.5
DeSoto County,2020-10-05,4.15
Dixie County,2020-10-05,4.66
Duval County,2020-10-05,9.76
Escambia County,2020-10-05,0.0
Flagler County,2020-10-05,7.17
Franklin County,2020-10-05,0.0
Gadsden County,2020-10-05,0.0
Gilchrist County,2020-10-05,5.4
Glades County,2020-10-05,6.25
Gulf County,2020-10-05,0.0
Hamilton County,2020-10-05,2.87
Hardee County,2020-10-05,3.71
Hendry County,2020-10-05,7.18
Hernando County,2020-10-05,4.73
Highlands County,2020-10-05,3.72
Hillsborough County,2020-10-05,5.49
Holmes County,2020-10-05,0.0
Indian River County,2020-10-05,11.41
Jackson County,2020-10-05,0.0
Jefferson County,2020-10-05,0.0
Lafayette County,2020-10-05,3.23
Lake County,2020-10-05,3.97
Lee County,2020-10-05,8.14
Leon County,2020-10-05,0.0
Levy County,2020-10-05,8.0
Liberty County,2020-10-05,0.0
Madison County,2020-10-05,0.56
Manatee County,2020-10-05,6.42
Marion County,2020-10-05,8.55
Martin County,2020-10-05,15.92
Miami-Dade County,2020-10-05,4.33
Monroe County,2020-10-05,5.64
Nassau County,2020-10-05,6.13
Okaloosa County,2020-10-05,0.0
Okeechobee County,2020-10-05,8.91
Orange County,2020-10-05,3.04
Osceola County,2020-10-05,3.45
Palm Beach County,2020-10-05,10.72
Pasco County,2020-10-05,5.11
Pinellas County,2020-10-05,6.55
Polk County,2020-10-05,3.58
Putnam County,2020-10-05,9.44
St. Johns County,2020-10-05,11.57
St. Lucie County,2020-10-05,17.57
Santa Rosa County,2020-10-05,0.0
Sarasota County,2020-10-05,6.85
Seminole County,2020-10-05,3.43
Sumter County,2020-10-05,5.04
Suwannee County,2020-10-05,3.39
Taylor County,2020-10-05,1.52
Union County,2020-10-05,6.17
Volusia County,2020-10-05,4.6
Wakulla County,2020-10-05,0.0
Walton County,2020-10-05,0.0
Washington County,2020-10-05,0.0
Alachua County,2020-10-06,1.66
Baker County,2020-10-06,2.27
Bay County,2020-10-06,0.0
Bradford County,2020-10-06,2.44
Brevard County,2020-10-06,1.93
Broward County,2020-10-06,2.29
Calhoun County,2020-10-06,0.0
Charlotte County,2020-10-06,2.24
Citrus County,2020-10-06,0.92
Clay County,2020-10-06,4.08
Collier County,2020-10-06,1.5
Columbia County,2020-10-06,1.29
DeSoto County,2020-10-06,2.3
Dixie County,2020-10-06,0.58
Duval County,2020-10-06,4.91
Escambia County,2020-10-06,0.0
Flagler County,2020-10-06,2.75
Franklin County,2020-10-06,0.0
Gadsden County,2020-10-06,0.0
Gilchrist County,2020-10-06,1.01
Glades County,2020-10-06,2.31
Gulf County,2020-10-06,0.0
Hamilton County,2020-10-06,0.31
Hardee County,2020-10-06,2.17
Hendry County,2020-10-06,1.95
Hernando County,2020-10-06,0.7
Highlands County,2020-10-06,2.13
Hillsborough County,2020-10-06,1.24
Holmes County,2020-10-06,0.0
Indian River County,2020-10-06,2.94
Jackson County,2020-10-06,0.0
Jefferson County,2020-10-06,0.0
Lafayette County,2020-10-06,0.2
Lake County,2020-10-06,1.0
Lee County,2020-10-06,2.1
Leon County,2020-10-06,0.0
Levy County,2020-10-06,1.27
Liberty County,2020-10-06,0.0
Madison County,2020-10-06,0.0
Manatee County,2020-10-06,1.84
Marion County,2020-10-06,1.87
Martin County,2020-10-06,2.64
Miami-Dade County,2020-10-06,2.18
Monroe County,2020-10-06,1.79
Nassau County,2020-10-06,3.65
Okaloosa County,2020-10-06,0.0
Okeechobee County,2020-10-06,2.67
Orange County,2020-10-06,1.11
Osceola County,2020-10-06,1.56
Palm Beach County,2020-10-06,2.33
Pasco County,2020-10-06,0.83
Pinellas County,2020-10-06,0.74
Polk County,2020-10-06,1.59
Putnam County,2020-10-06,3.15
St. Johns County,2020-10-06,5.05
St. Lucie County,2020-10-06,3.0
Santa Rosa County,2020-10-06,0.0
Sarasota County,2020-10-06,1.95
Seminole County,2020-10-06,1.25
Sumter County,2020-10-06,0.95
Suwannee County,2020-10-06,0.4
Taylor County,2020-10-06,0.0
Union County,2020-10-06,1.75
Volusia County,2020-10-06,1.69
Wakulla County,2020-10-06,0.0
Walton County,2020-10-06,0.0
Washington County,2020-10-06,0.0
Alachua County,2020-10-07,0.0
Baker County,2020-10-07,0.0
Bay County,2020-10-07,0.0
Bradford County,2020-10-07,0.0
Brevard County,2020-10-07,0.43
Broward County,2020-10-07,7.38
Calhoun County,2020-10-07,0.0
Charlotte County,2020-10-07,3.11
Citrus County,2020-10-07,0.08
Clay County,2020-10-07,0.0
Collier County,2020-10-07,3.0
Columbia County,2020-10-07,0.0
DeSoto County,2020-10-07,2.97
Dixie County,2020-10-07,0.0
Duval County,2020-10-07,6.79
Escambia County,2020-10-07,0.06
Flagler County,2020-10-07,0.0
Franklin County,2020-10-07,0.0
Gadsden County,2020-10-07,0.0
Gilchrist County,2020-10-07,0.0
Glades County,2020-10-07,6.43
Gulf County,2020-10-07,0.0
Hamilton County,2020-10-07,0.0
Hardee County,2020-10-07,2.45
Hendry County,2020-10-07,5.96
Hernando County,2020-10-07,0.0
Highlands County,2020-10-07,4.26
Hillsborough County,2020-10-07,0.84
Holmes County,2020-10-07,0.0
Indian River County,2020-10-07,2.16
Jackson County,2020-10-07,0.0
Jefferson County,2020-10-07,0.08
Lafayette County,2020-10-07,0.08
Lake County,2020-10-07,0.0
Lee County,2020-10-07,3.27
Leon County,2020-10-07,0.0
Levy County,2020-10-07,0.0
Liberty County,2020-10-07,0.0
Madison County,2020-10-07,0.14
Manatee County,2020-10-07,1.31
Marion County,2020-10-07,0.0
Martin County,2020-10-07,8.96
Miami-Dade County,2020-10-07,2.98
Monroe County,2020-10-07,1.96
Nassau County,2020-10-07,0.4
Okaloosa County,2020-10-07,0.0
Okeechobee County,2020-10-07,4.41
Orange County,2020-10-07,0.0
Osceola County,2020-10-07,0.75
Palm Beach County,2020-10-07,10.9
Pasco County,2020-10-07,0.21
Pinellas County,2020-10-07,0.62
Polk County,2020-10-07,1.25
Putnam County,2020-10-07,0.0
St. Johns County,2020-10-07,0.0
St. Lucie County,2020-10-07,5.31
Santa Rosa County,2020-10-07,0.0
Sarasota County,2020-10-07,1.55
Seminole County,2020-10-07,0.0
Sumter County,2020-10-07,0.0
Suwannee County,2020-10-07,0.05
Taylor County,2020-10-07,0.03
Union County,2020-10-07,0.0
Volusia County,2020-10-07,0.0
Wakulla County,2020-10-07,0.0
Walton County,2020-10-07,0.0
Washington County,2020-10-07,0.0
Alachua County,2020-10-08,0.18
Baker County,2020-10-08,0.0
Bay County,2020-10-08,0.0
Bradford County,2020-10-08,0.0
Brevard County,2020-10-08,0.0
Broward County,2020-10-08,0.0
Calhoun County,2020-10-08,0.0
Charlotte County,2020-10-08,0.0
Citrus County,2020-10-08,0.7
Clay County,2020-10-08,0.0
Collier County,2020-10-08,0.0
Columbia County,2020-10-08,0.06
DeSoto County,2020-10-08,0.0
Dixie County,2020-10-08,1.36
Duval County,2020-10-08,0.0
Escambia County,2020-10-08,0.0
Flagler County,2020-10-08,0.0
Franklin County,2020-10-08,0.0
Gadsden County,2020-10-08,0.0
Gilchrist County,2020-10-08,1.05
Glades County,2020-10-08,0.0
Gulf County,2020-10-08,0.08
Hamilton County,2020-10-08,0.0
Hardee County,2020-10-08,0.0
Hendry County,2020-10-08,0.0
Hernando County,2020-10-08,0.29
Highlands County,2020-10-08,0.0
Hillsborough County,2020-10-08,0.01
Holmes County,2020-10-08,0.0
Indian River County,2020-10-08,0.0
Jackson County,2020-10-08,0.0
Jefferson County,2020-10-08,0.0
Lafayette County,2020-10-08,1.07
Lake County,2020-10-08,0.0
Lee County,2020-10-08,0.0
Leon County,2020-10-08,0.0
Levy County,2020-10-08,1.53
Liberty County,2020-10-08,0.01
Madison County,2020-10-08,0.02
Manatee County,2020-10-08,0.0
Marion County,2020-10-08,0.14
Martin County,2020-10-08,0.0
Miami-Dade County,2020-10-08,0.0
Monroe County,2020-10-08,0.24
Nassau County,2020-10-08,0.0
Okaloosa County,2020-10-08,0.0
Okeechobee County,2020-10-08,0.09
Orange County,2020-10-08,0.01
Osceola County,2020-10-08,0.0
Palm Beach County,2020-10-08,0.0
Pasco County,2020-10-08,0.16
Pinellas County,2020-10-08,0.17
Polk County,2020-10-08,0.0
Putnam County,2020-10-08,0.0
St. Johns County,2020-10-08,0.0
St. Lucie County,2020-10-08,0.0
Santa Rosa County,2020-10-08,0.0
Sarasota County,2020-10-08,0.0
Seminole County,2020-10-08,0.0
Sumter County,2020-10-08,0.0
Suwannee County,2020-10-08,0.51
Taylor County,2020-10-08,0.6
Union County,2020-10-08,0.0
Volusia County,2020-10-08,0.0
Wakulla County,2020-10-08,0.0
Walton County,2020-10-08,0.0
Washington County,2020-10-08,0.0
Alachua County,2020-10-09,0.0
Baker County,2020-10-09,0.0
Bay County,2020-10-09,3.2
Bradford County,2020-10-09,0.0
Brevard County,2020-10-09,0.0
Broward County,2020-10-09,0.0
Calhoun County,2020-10-09,3.85
Charlotte County,2020-10-09,0.0
Citrus County,2020-10-09,0.0
Clay County,2020-10-09,0.0
Collier County,2020-10-09,0.05
Columbia County,2020-10-09,0.0
DeSoto County,2020-10-09,0.0
Dixie County,2020-10-09,0.0
Duval County,2020-10-09,0.0
Escambia County,2020-10-09,2.47
Flagler County,2020-10-09,0.0
Franklin County,2020-10-09,2.58
Gadsden County,2020-10-09,4.7
Gilchrist County,2020-10-09,0.0
Glades County,2020-10-09,0.0
Gulf County,2020-10-09,2.73
Hamilton County,2020-10-09,0.0
Hardee County,2020-10-09,0.67
Hendry County,2020-10-09,0.11
Hernando County,2020-10-09,0.0
Highlands County,2020-10-09,1.02
Hillsborough County,2020-10-09,0.0
Holmes County,2020-10-09,2.22
Indian River County,2020-10-09,0.0
Jackson County,2020-10-09,3.71
Jefferson County,2020-10-09,2.23
Lafayette County,2020-10-09,0.29
Lake County,2020-10-09,0.0
Lee County,2020-10-09,0.0
Leon County,2020-10-09,3.49
Levy County,2020-10-09,0.0
Liberty County,2020-10-09,3.85
Madison County,2020-10-09,0.06
Manatee County,2020-10-09,0.0
Marion County,2020-10-09,0.0
Martin County,2020-10-09,0.0
Miami-Dade County,2020-10-09,0.0
Monroe County,2020-10-09,0.0
Nassau County,2020-10-09,0.0
Okaloosa County,2020-10-09,1.65
Okeechobee County,2020-10-09,0.34
Orange County,2020-10-09,0.0
Osceola County,2020-10-09,0.0
Palm Beach County,2020-10-09,0.0
Pasco County,2020-10-09,0.0
Pinellas County,2020-10-09,0.0
Polk County,2020-10-09,0.34
Putnam County,2020-10-09,0.0
St. Johns County,2020-10-09,0.0
St. Lucie County,2020-10-09,0.0
Santa Rosa County,2020-10-09,1.96
Sarasota County,2020-10-09,0.0
Seminole County,2020-10-09,0.04
Sumter County,2020-10-09,0.0
Suwannee County,2020-10-09,0.19
Taylor County,2020-10-09,0.73
Union County,2020-10-09,0.0
Volusia County,2020-10-09,0.0
Wakulla County,2020-10-09,3.44
Walton County,2020-10-09,1.77
Washington County,2020-10-09,2.87
Alachua County,2020-10-10,4.93
Baker County,2020-10-10,6.15
Bay County,2020-10-10,0.0
Bradford County,2020-10-10,6.56
Brevard County,2020-10-10,3.64
Broward County,2020-10-10,5.32
Calhoun County,2020-10-10,0.0
Charlotte County,2020-10-10,0.07
Citrus County,2020-10-10,1.28
Clay County,2020-10-10,7.86
Collier County,2020-10-10,1.16
Columbia County,2020-10-10,4.7
DeSoto County,2020-10-10,0.07
Dixie County,2020-10-10,0.07
Duval County,2020-10-10,6.28
Escambia County,2020-10-10,9.08
Flagler County,2020-10-10,6.24
Franklin County,2020-10-10,0.0
Gadsden County,2020-10-10,0.45
Gilchrist County,2020-10-10,1.93
Glades County,2020-10-10,0.05
Gulf County,2020-10-10,0.0
Hamilton County,2020-10-10,6.32
Hardee County,2020-10-10,0.0
Hendry County,2020-10-10,0.67
Hernando County,2020-10-10,0.69
Highlands County,2020-10-10,0.0
Hillsborough County,2020-10-10,0.04
Holmes County,2020-10-10,0.34
Indian River County,2020-10-10,3.51
Jackson County,2020-10-10,0.75
Jefferson County,2020-10-10,1.6
Lafayette County,2020-10-10,1.29
Lake County,2020-10-10,4.78
Lee County,2020-10-10,0.05
Leon County,2020-10-10,0.23
Levy County,2020-10-10,0.92
Liberty County,2020-10-10,0.0
Madison County,2020-10-10,3.81
Manatee County,2020-10-10,0.01
Marion County,2020-10-10,6.28
Martin County,2020-10-10,3.67
Miami-Dade County,2020-10-10,4.1
Monroe County,2020-10-10,1.38
Nassau County,2020-10-10,5.82
Okaloosa County,2020-10-10,1.24
Okeechobee County,2020-10-10,1.26
Orange County,2020-10-10,4.24
Osceola County,2020-10-10,1.45
Palm Beach County,2020-10-10,3.63
Pasco County,2020-10-10,0.26
Pinellas County,2020-10-10,0.16
Polk County,2020-10-10,0.19
Putnam County,2020-10-10,7.84
St. Johns County,2020-10-10,7.19
St. Lucie County,2020-10-10,4.09
Santa Rosa County,2020-10-10,4.21
Sarasota County,2020-10-10,0.27
Seminole County,2020-10-10,5.64
Sumter County,2020-10-10,2.79
Suwannee County,2020-10-10,3.77
Taylor County,2020-10-10,0.09
Union County,2020-10-10,5.05
Volusia County,2020-10-10,6.45
Wakulla County,2020-10-10,0.0
Walton County,2020-10-10,0.35
Washington County,2020-10-10,0.0
Alachua County,2020-10-11,4.11
Baker County,2020-10-11,7.32
Bay County,2020-10-11,15.15
Bradford County,2020-10-11,6.48
Brevard County,2020-10-11,12.94
Broward County,2020-10-11,3.9
Calhoun County,2020-10-11,8.52
Charlotte County,2020-10-11,0.29
Citrus County,2020-10-11,1.41
Clay County,2020-10-11,11.84
Collier County,2020-10-11,0.5
Columbia County,2020-10-11,5.84
DeSoto County,2020-10-11,0.51
Dixie County,2020-10-11,3.98
Duval County,2020-10-11,15.46
Escambia County,2020-10-11,44.06
Flagler County,2020-10-11,10.23
Franklin County,2020-10-11,4.69
Gadsden County,2020-10-11,5.63
Gilchrist County,2020-10-11,3.88
Glades County,2020-10-11,3.08
Gulf County,2020-10-11,7.53
Hamilton County,2020-10-11,7.55
Hardee County,2020-10-11,1.26
Hendry County,2020-10-11,2.24
Hernando County,2020-10-11,0.12
Highlands County,2020-10-11,2.92
Hillsborough County,2020-10-11,0.72
Holmes County,2020-10-11,14.02
Indian River County,2020-10-11,15.95
Jackson County,2020-10-11,8.74
Jefferson County,2020-10-11,4.61
Lafayette County,2020-10-11,5.3
Lake County,2020-10-11,5.74
Lee County,2020-10-11,0.02
Leon County,2020-10-11,4.23
Levy County,2020-10-11,3.26
Liberty County,2020-10-11,6.14
Madison County,2020-10-11,6.19
Manatee County,2020-10-11,0.7
Marion County,2020-10-11,6.06
Martin County,2020-10-11,9.01
Miami-Dade County,2020-10-11,2.52
Monroe County,2020-10-11,1.72
Nassau County,2020-10-11,9.92
Okaloosa County,2020-10-11,33.04
Okeechobee County,2020-10-11,8.65
Orange County,2020-10-11,6.28
Osceola County,2020-10-11,5.88
Palm Beach County,2020-10-11,5.0
Pasco County,2020-10-11,0.0
Pinellas County,2020-10-11,0.0
Polk County,2020-10-11,2.09
Putnam County,2020-10-11,9.98
St. Johns County,2020-10-11,14.25
St. Lucie County,2020-10-11,14.82
Santa Rosa County,2020-10-11,44.75
Sarasota County,2020-10-11,0.67
Seminole County,2020-10-11,10.23
Sumter County,2020-10-11,1.59
Suwannee County,2020-10-11,6.15
Taylor County,2020-10-11,5.19
Union County,2020-10-11,5.31
Volusia County,2020-10-11,13.01
Wakulla County,2020-10-11,4.31
Walton County,2020-10-11,21.23
Washington County,2020-10-11,12.96
Alachua County,2020-10-12,5.48
Baker County,2020-10-12,5.61
Bay County,2020-10-12,0.0
Bradford County,2020-10-12,5.19
Brevard County,2020-10-12,4.42
Broward County,2020-10-12,5.37
Calhoun County,2020-10-12,0.0
Charlotte County,2020-10-12,4.84
Citrus County,2020-10-12,3.83
Clay County,2020-10-12,4.33
Collier County,2020-10-12,3.02
Columbia County,2020-10-12,5.64
DeSoto County,2020-10-12,4.98
Dixie County,2020-10-12,4.07
Duval County,2020-10-12,3.03
Escambia County,2020-10-12,0.0
Flagler County,2020-10-12,2.04
Franklin County,2020-10-12,0.0
Gadsden County,2020-10-12,0.09
Gilchrist County,2020-10-12,5.27
Glades County,2020-10-12,3.37
Gulf County,2020-10-12,0.0
Hamilton County,2020-10-12,4.65
Hardee County,2020-10-12,4.99
Hendry County,2020-10-12,4.13
Hernando County,2020-10-12,2.61
Highlands County,2020-10-12,2.84
Hillsborough County,2020-10-12,4.42
Holmes County,2020-10-12,0.0
Indian River County,2020-10-12,4.14
Jackson County,2020-10-12,0.0
Jefferson County,2020-10-12,0.1
Lafayette County,2020-10-12,2.71
Lake County,2020-10-12,2.42
Lee County,2020-10-12,4.28
Leon County,2020-10-12,0.0
Levy County,2020-10-12,6.96
Liberty County,2020-10-12,0.0
Madison County,2020-10-12,1.9
Manatee County,2020-10-12,5.78
Marion County,2020-10-12,5.1
Martin County,2020-10-12,3.01
Miami-Dade County,2020-10-12,2.9
Monroe County,2020-10-12,1.86
Nassau County,2020-10-12,4.01
Okaloosa County,2020-10-12,0.0
Okeechobee County,2020-10-12,3.29
Orange County,2020-10-12,2.8
Osceola County,2020-10-12,3.41
Palm Beach County,2020-10-12,4.87
Pasco County,2020-10-12,3.07
Pinellas County,2020-10-12,3.45
Polk County,2020-10-12,3.88
Putnam County,2020-10-12,3.8
St. Johns County,2020-10-12,2.63
St. Lucie County,2020-10-12,2.87
Santa Rosa County,2020-10-12,0.0
Sarasota County,2020-10-12,5.61
Seminole County,2020-10-12,2.53
Sumter County,2020-10-12,2.83
Suwannee County,2020-10-12,3.66
Taylor County,2020-10-12,1.53
Union County,2020-10-12,5.49
Volusia County,2020-10-12,2.14
Wakulla County,2020-10-12,0.0
Walton County,2020-10-12,0.0
Washington County,2020-10-12,0.0
Alachua County,2020-10-13,0.0
Baker County,2020-10-13,0.0
Bay County,2020-10-13,0.0
Bradford County,2020-10-13,0.0
Brevard County,2020-10-13,0.0
Broward County,2020-10-13,5.49
Calhoun County,2020-10-13,0.0
Charlotte County,2020-10-13,0.36
Citrus County,2020-10-13,0.0
Clay County,2020-10-13,0.0
Collier County,2020-10-13,0.73
Columbia County,2020-10-13,0.03
DeSoto County,2020-10-13,0.14
Dixie County,2020-10-13,0.0
Duval County,2020-10-13,0.0
Escambia County,2020-10-13,0.0
Flagler County,2020-10-13,0.0
Franklin County,2020-10-13,0.0
Gadsden County,2020-10-13,0.0
Gilchrist County,2020-10-13,0.0
Glades County,2020-10-13,1.89
Gulf County,2020-10-13,0.0
Hamilton County,2020-10-13,0.0
Hardee County,2020-10-13,0.0
Hendry County,2020-10-13,2.74
Hernando County,2020-10-13,0.0
Highlands County,2020-10-13,0.36
Hillsborough County,2020-10-13,0.0
Holmes County,2020-10-13,0.0
Indian River County,2020-10-13,0.19
Jackson County,2020-10-13,0.0
Jefferson County,2020-10-13,0.0
Lafayette County,2020-10-13,0.0
Lake County,2020-10-13,0.0
Lee County,2020-10-13,0.19
Leon County,2020-10-13,0.0
Levy County,2020-10-13,0.0
Liberty County,2020-10-13,0.0
Madison County,2020-10-13,0.0
Manatee County,2020-10-13,0.0
Marion County,2020-10-13,0.0
Martin County,2020-10-13,7.27
Miami-Dade County,2020-10-13,1.26
Monroe County,2020-10-13,0.04
Nassau County,2020-10-13,0.0
Okaloosa County,2020-10-13,0.0
Okeechobee County,2020-10-13,0.95
Orange County,2020-10-13,0.0
Osceola County,2020-10-13,0.0
Palm Beach County,2020-10-13,9.56
Pasco County,2020-10-13,0.0
Pinellas County,2020-10-13,0.0
Polk County,2020-10-13,0.0
Putnam County,2020-10-13,0.0
St. Johns County,2020-10-13,0.0
St. Lucie County,2020-10-13,3.49
Santa Rosa County,2020-10-13,0.0
Sarasota County,2020-10-13,0.0
Seminole County,2020-10-13,0.0
Sumter County,2020-10-13,0.0
Suwannee County,2020-10-13,0.0
Taylor County,2020-10-13,0.0
Union County,2020-10-13,0.0
Volusia County,2020-10-13,0.0
Wakulla County,2020-10-13,0.0
Walton County,2020-10-13,0.0
Washington County,2020-10-13,0.0
Alachua County,2020-10-14,0.0
Baker County,2020-10-14,0.0
Bay County,2020-10-14,0.0
Bradford County,2020-10-14,0.0
Brevard County,2020-10-14,0.0
Broward County,2020-10-14,0.0
Calhoun County,2020-10-14,0.0
Charlotte County,2020-10-14,0.0
Citrus County,2020-10-14,0.0
Clay County,2020-10-14,0.0
Collier County,2020-10-14,0.0
Columbia County,2020-10-14,0.0
DeSoto County,2020-10-14,0.0
Dixie County,2020-10-14,0.0
Duval County,2020-10-14,0.0
Escambia County,2020-10-14,0.0
Flagler County,2020-10-14,0.0
Franklin County,2020-10-14,0.0
Gadsden County,2020-10-14,0.0
Gilchrist County,2020-10-14,0.0
Glades County,2020-10-14,0.0
Gulf County,2020-10-14,0.0
Hamilton County,2020-10-14,0.0
Hardee County,2020-10-14,0.0
Hendry County,2020-10-14,0.0
Hernando County,2020-10-14,0.0
Highlands County,2020-10-14,0.0
Hillsborough County,2020-10-14,0.0
Holmes County,2020-10-14,0.0
Indian River County,2020-10-14,0.0
Jackson County,2020-10-14,0.0
Jefferson County,2020-10-14,0.0
Lafayette County,2020-10-14,0.0
Lake County,2020-10-14,0.0
Lee County,2020-10-14,0.0
Leon County,2020-10-14,0.0
Levy County,2020-10-14,0.0
Liberty County,2020-10-14,0.0
Madison County,2020-10-14,0.0
Manatee County,2020-10-14,0.0
Marion County,2020-10-14,0.0
Martin County,2020-10-14,0.01
Miami-Dade County,2020-10-14,0.0
Monroe County,2020-10-14,0.0
Nassau County,2020-10-14,0.0
Okaloosa County,2020-10-14,0.0
Okeechobee County,2020-10-14,0.0
Orange County,2020-10-14,0.0
Osceola County,2020-10-14,0.0
Palm Beach County,2020-10-14,0.0
Pasco County,2020-10-14,0.0
Pinellas County,2020-10-14,0.0
Polk County,2020-10-14,0.0
Putnam County,2020-10-14,0.0
St. Johns County,2020-10-14,0.0
St. Lucie County,2020-10-14,0.0
Santa Rosa County,2020-10-14,0.0
Sarasota County,2020-10-14,0.0
Seminole County,2020-10-14,0.0
Sumter County,2020-10-14,0.0
Suwannee County,2020-10-14,0.0
Taylor County,2020-10-14,0.0
Union County,2020-10-14,0.0
Volusia County,2020-10-14,0.0
Wakulla County,2020-10-14,0.0
Walton County,2020-10-14,0.0
Washington County,2020-10-14,0.0
Alachua County,2020-10-15,0.0
Baker County,2020-10-15,0.0
Bay County,2020-10-15,0.0
Bradford County,2020-10-15,0.0
Brevard County,2020-10-15,0.0
Broward County,2020-10-15,0.93
Calhoun County,2020-10-15,0.0
Charlotte County,2020-10-15,0.0
Citrus County,2020-10-15,0.0
Clay County,2020-10-15,0.0
Collier County,2020-10-15,0.0
Columbia County,2020-10-15,0.0
DeSoto County,2020-10-15,0.0
Dixie County,2020-10-15,0.0
Duval County,2020-10-15,0.0
Escambia County,2020-10-15,0.0
Flagler County,2020-10-15,0.0
Franklin County,2020-10-15,0.0
Gadsden County,2020-10-15,0.0
Gilchrist County,2020-10-15,0.0
Glades County,2020-10-15,0.0
Gulf County,2020-10-15,0.0
Hamilton County,2020-10-15,0.0
Hardee County,2020-10-15,0.0
Hendry County,2020-10-15,0.02
Hernando County,2020-10-15,0.0
Highlands County,2020-10-15,0.0
Hillsborough County,2020-10-15,0.0
Holmes County,2020-10-15,0.0
Indian River County,2020-10-15,0.0
Jackson County,2020-10-15,0.0
Jefferson County,2020-10-15,0.0
Lafayette County,2020-10-15,0.0
Lake County,2020-10-15,0.0
Lee County,2020-10-15,0.0
Leon County,2020-10-15,0.0
Levy County,2020-10-15,0.0
Liberty County,2020-10-15,0.0
Madison County,2020-10-15,0.0
Manatee County,2020-10-15,0.0
Marion County,2020-10-15,0.0
Martin County,2020-10-15,0.01
Miami-Dade County,2020-10-15,1.14
Monroe County,2020-10-15,0.08
Nassau County,2020-10-15,0.0
Okaloosa County,2020-10-15,0.0
Okeechobee County,2020-10-15,0.0
Orange County,2020-10-15,0.0
Osceola County,2020-10-15,0.0
Palm Beach County,2020-10-15,0.08
Pasco County,2020-10-15,0.0
Pinellas County,2020-10-15,0.0
Polk County,2020-10-15,0.0
Putnam County,2020-10-15,0.0
St. Johns County,2020-10-15,0.0
St. Lucie County,2020-10-15,0.0
Santa Rosa County,2020-10-15,0.0
Sarasota County,2020-10-15,0.0
Seminole County,2020-10-15,0.0
Sumter County,2020-10-15,0.0
Suwannee County,2020-10-15,0.0
Taylor County,2020-10-15,0.0
Union County,2020-10-15,0.0
Volusia County,2020-10-15,0.0
Wakulla County,2020-10-15,0.0
Walton County,2020-10-15,0.0
Washington County,2020-10-15,0.0
Alachua County,2020-10-16,0.0
Baker County,2020-10-16,0.0
Bay County,2020-10-16,0.0
Bradford County,2020-10-16,0.0
Brevard County,2020-10-16,0.0
Broward County,2020-10-16,2.88
Calhoun County,2020-10-16,0.0
Charlotte County,2020-10-16,0.0
Citrus County,2020-10-16,0.0
Clay County,2020-10-16,0.0
Collier County,2020-10-16,2.0
Columbia County,2020-10-16,0.0
DeSoto County,2020-10-16,0.0
Dixie County,2020-10-16,0.0
Duval County,2020-10-16,0.18
Escambia County,2020-10-16,0.0
Flagler County,2020-10-16,0.0
Franklin County,2020-10-16,0.0
Gadsden County,2020-10-16,0.0
Gilchrist County,2020-10-16,0.0
Glades County,2020-10-16,0.0
Gulf County,2020-10-16,0.0
Hamilton County,2020-10-16,0.0
Hardee County,2020-10-16,0.0
Hendry County,2020-10-16,0.78
Hernando County,2020-10-16,0.0
Highlands County,2020-10-16,0.0
Hillsborough County,2020-10-16,0.0
Holmes County,2020-10-16,0.0
Indian River County,2020-10-16,0.0
Jackson County,2020-10-16,0.0
Jefferson County,2020-10-16,0.08
Lafayette County,2020-10-16,0.08
Lake County,2020-10-16,0.0
Lee County,2020-10-16,0.12
Leon County,2020-10-16,0.0
Levy County,2020-10-16,0.0
Liberty County,2020-10-16,0.0
Madison County,2020-10-16,0.0
Manatee County,2020-10-16,0.0
Marion County,2020-10-16,0.0
Martin County,2020-10-16,0.0
Miami-Dade County,2020-10-16,2.9
Monroe County,2020-10-16,2.64
Nassau County,2020-10-16,0.0
Okaloosa County,2020-10-16,0.0
Okeechobee County,2020-10-16,0.0
Orange County,2020-10-16,0.0
Osceola County,2020-10-16,0.0
Palm Beach County,2020-10-16,0.83
Pasco County,2020-10-16,0.0
Pinellas County,2020-10-16,0.0
Polk County,2020-10-16,0.0
Putnam County,2020-10-16,0.0
St. Johns County,2020-10-16,0.0
St. Lucie County,2020-10-16,0.0
Santa Rosa County,2020-10-16,0.0
Sarasota County,2020-10-16,0.0
Seminole County,2020-10-16,0.0
Sumter County,2020-10-16,0.0
Suwannee County,2020-10-16,0.03
Taylor County,2020-10-16,0.0
Union County,2020-10-16,0.0
Volusia County,2020-10-16,0.0
Wakulla County,2020-10-16,0.0
Walton County,2020-10-16,0.0
Washington County,2020-10-16,0.0
Alachua County,2020-10-17,0.0
Baker County,2020-10-17,0.0
Bay County,2020-10-17,0.0
Bradford County,2020-10-17,0.0
Brevard County,2020-10-17,0.0
Broward County,2020-10-17,24.89
Calhoun County,2020-10-17,0.0
Charlotte County,2020-10-17,0.0
Citrus County,2020-10-17,0.0
Clay County,2020-10-17,0.0
Collier County,2020-10-17,10.56
Columbia County,2020-10-17,0.0
DeSoto County,2020-10-17,0.0
Dixie County,2020-10-17,0.0
Duval County,2020-10-17,0.0
Escambia County,2020-10-17,0.0
Flagler County,2020-10-17,0.0
Franklin County,2020-10-17,0.0
Gadsden County,2020-10-17,0.0
Gilchrist County,2020-10-17,0.0
Glades County,2020-10-17,0.46
Gulf County,2020-10-17,0.0
Hamilton County,2020-10-17,0.0
Hardee County,2020-10-17,0.0
Hendry County,2020-10-17,6.08
Hernando County,2020-10-17,0.0
Highlands County,2020-10-17,0.0
Hillsborough County,2020-10-17,0.0
Holmes County,2020-10-17,0.0
Indian River County,2020-10-17,0.21
Jackson County,2020-10-17,0.0
Jefferson County,2020-10-17,0.0
Lafayette County,2020-10-17,0.0
Lake County,2020-10-17,0.0
Lee County,2020-10-17,1.8
Leon County,2020-10-17,0.0
Levy County,2020-10-17,0.0
Liberty County,2020-10-17,0.0
Madison County,2020-10-17,0.0
Manatee County,2020-10-17,0.0
Marion County,2020-10-17,0.0
Martin County,2020-10-17,3.84
Miami-Dade County,2020-10-17,23.15
Monroe County,2020-10-17,15.24
Nassau County,2020-10-17,0.0
Okaloosa County,2020-10-17,0.0
Okeechobee County,2020-10-17,0.3
Orange County,2020-10-17,0.0
Osceola County,2020-10-17,0.0
Palm Beach County,2020-10-17,12.01
Pasco County,2020-10-17,0.0
Pinellas County,2020-10-17,0.0
Polk County,2020-10-17,0.0
Putnam County,2020-10-17,0.0
St. Johns County,2020-10-17,0.0
St. Lucie County,2020-10-17,1.65
Santa Rosa County,2020-10-17,0.0
Sarasota County,2020-10-17,0.0
Seminole County,2020-10-17,0.0
Sumter County,2020-10-17,0.0
Suwannee County,2020-10-17,0.0
Taylor County,2020-10-17,0.0
Union County,2020-10-17,0.0
Volusia County,2020-10-17,0.0
Wakulla County,2020-10-17,0.0
Walton County,2020-10-17,0.0
Washington County,2020-10-17,0.0
Alachua County,2020-10-18,0.0
Baker County,2020-10-18,0.0
Bay County,2020-10-18,0.0
Bradford County,2020-10-18,0.0
Brevard County,2020-10-18,0.59
Broward County,2020-10-18,2.51
Calhoun County,2020-10-18,0.0
Charlotte County,2020-10-18,0.0
Citrus County,2020-10-18,0.0
Clay County,2020-10-18,0.0
Collier County,2020-10-18,1.08
Columbia County,2020-10-18,0.0
DeSoto County,2020-10-18,0.0
Dixie County,2020-10-18,0.0
Duval County,2020-10-18,0.0
Escambia County,2020-10-18,0.0
Flagler County,2020-10-18,2.67
Franklin County,2020-10-18,0.0
Gadsden County,2020-10-18,0.0
Gilchrist County,2020-10-18,0.0
Glades County,2020-10-18,0.0
Gulf County,2020-10-18,0.0
Hamilton County,2020-10-18,0.0
Hardee County,2020-10-18,0.01
Hendry County,2020-10-18,0.46
Hernando County,2020-10-18,0.0
Highlands County,2020-10-18,0.0
Hillsborough County,2020-10-18,0.0
Holmes County,2020-10-18,0.0
Indian River County,2020-10-18,0.04
Jackson County,2020-10-18,0.0
Jefferson County,2020-10-18,0.0
Lafayette County,2020-10-18,0.0
Lake County,2020-10-18,0.82
Lee County,2020-10-18,0.0
Leon County,2020-10-18,0.0
Levy County,2020-10-18,0.0
Liberty County,2020-10-18,0.0
Madison County,2020-10-18,0.0
Manatee County,2020-10-18,0.0
Marion County,2020-10-18,0.29
Martin County,2020-10-18,0.24
Miami-Dade County,2020-10-18,4.04
Monroe County,2020-10-18,3.8
Nassau County,2020-10-18,0.0
Okaloosa County,2020-10-18,0.0
Okeechobee County,2020-10-18,0.0
Orange County,2020-10-18,0.58
Osceola County,2020-10-18,0.02
Palm Beach County,2020-10-18,1.61
Pasco County,2020-10-18,0.0
Pinellas County,2020-10-18,0.0
Polk County,2020-10-18,0.0
Putnam County,2020-10-18,0.87
St. Johns County,2020-10-18,1.32
St. Lucie County,2020-10-18,0.0
Santa Rosa County,2020-10-18,0.0
Sarasota County,2020-10-18,0.0
Seminole County,2020-10-18,1.59
Sumter County,2020-10-18,0.0
Suwannee County,2020-10-18,0.0
Taylor County,2020-10-18,0.0
Union County,2020-10-18,0.0
Volusia County,2020-10-18,2.53
Wakulla County,2020-10-18,0.0
Walton County,2020-10-18,0.0
Washington County,2020-10-18,0.0
Alachua County,2020-10-19,0.0
Baker County,2020-10-19,0.0
Bay County,2020-10-19,0.0
Bradford County,2020-10-19,0.0
Brevard County,2020-10-19,7.86
Broward County,2020-10-19,11.66
Calhoun County,2020-10-19,0.0
Charlotte County,2020-10-19,5.53
Citrus County,2020-10-19,0.0
Clay County,2020-10-19,0.0
Collier County,2020-10-19,6.11
Columbia County,2020-10-19,0.0
DeSoto County,2020-10-19,5.44
Dixie County,2020-10-19,0.0
Duval County,2020-10-19,0.04
Escambia County,2020-10-19,0.0
Flagler County,2020-10-19,1.26
Franklin County,2020-10-19,0.0
Gadsden County,2020-10-19,0.0
Gilchrist County,2020-10-19,0.0
Glades County,2020-10-19,11.63
Gulf County,2020-10-19,0.0
Hamilton County,2020-10-19,0.0
Hardee County,2020-10-19,4.76
Hendry County,2020-10-19,11.37
Hernando County,2020-10-19,0.0
Highlands County,2020-10-19,8.46
Hillsborough County,2020-10-19,0.14
Holmes County,2020-10-19,0.0
Indian River County,2020-10-19,12.0
Jackson County,2020-10-19,0.0
Jefferson County,2020-10-19,0.0
Lafayette County,2020-10-19,0.0
Lake County,2020-10-19,1.11
Lee County,2020-10-19,6.28
Leon County,2020-10-19,0.0
Levy County,2020-10-19,0.0
Liberty County,2020-10-19,0.0
Madison County,2020-10-19,0.0
Manatee County,2020-10-19,1.14
Marion County,2020-10-19,0.01
Martin County,2020-10-19,13.16
Miami-Dade County,2020-10-19,4.55
Monroe County,2020-10-19,3.01
Nassau County,2020-10-19,0.01
Okaloosa County,2020-10-19,0.0
Okeechobee County,2020-10-19,12.07
Orange County,2020-10-19,4.61
Osceola County,2020-10-19,6.3
Palm Beach County,2020-10-19,14.58
Pasco County,2020-10-19,0.0
Pinellas County,2020-10-19,0.0
Polk County,2020-10-19,4.05
Putnam County,2020-10-19,0.01
St. Johns County,2020-10-19,0.02
St. Lucie County,2020-10-19,13.93
Santa Rosa County,2020-10-19,0.0
Sarasota County,2020-10-19,2.01
Seminole County,2020-10-19,4.95
Sumter County,2020-10-19,0.0
Suwannee County,2020-10-19,0.0
Taylor County,2020-10-19,0.0
Union County,2020-10-19,0.0
Volusia County,2020-10-19,3.65
Wakulla County,2020-10-19,0.0
Walton County,2020-10-19,0.0
Washington County,2020-10-19,0.0
Alachua County,2020-10-20,4.96
Baker County,2020-10-20,2.16
Bay County,2020-10-20,0.0
Bradford County,2020-10-20,5.69
Brevard County,2020-10-20,13.13
Broward County,2020-10-20,25.32
Calhoun County,2020-10-20,0.0
Charlotte County,2020-10-20,11.13
Citrus County,2020-10-20,4.51
Clay County,2020-10-20,12.17
Collier County,2020-10-20,13.45
Columbia County,2020-10-20,0.73
DeSoto County,2020-10-20,9.32
Dixie County,2020-10-20,0.83
Duval County,2020-10-20,11.66
Escambia County,2020-10-20,0.0
Flagler County,2020-10-20,16.91
Franklin County,2020-10-20,0.0
Gadsden County,2020-10-20,0.0
Gilchrist County,2020-10-20,1.5
Glades County,2020-10-20,17.87
Gulf County,2020-10-20,0.0
Hamilton County,2020-10-20,0.0
Hardee County,2020-10-20,10.2
Hendry County,2020-10-20,17.42
Hernando County,2020-10-20,4.89
Highlands County,2020-10-20,14.04
Hillsborough County,2020-10-20,10.11
Holmes County,2020-10-20,0.0
Indian River County,2020-10-20,22.5
Jackson County,2020-10-20,0.0
Jefferson County,2020-10-20,0.0
Lafayette County,2020-10-20,0.08
Lake County,2020-10-20,5.95
Lee County,2020-10-20,13.3
Leon County,2020-10-20,0.0
Levy County,2020-10-20,3.1
Liberty County,2020-10-20,0.0
Madison County,2020-10-20,0.0
Manatee County,2020-10-20,11.33
Marion County,2020-10-20,8.54
Martin County,2020-10-20,30.99
Miami-Dade County,2020-10-20,16.97
Monroe County,2020-10-20,16.78
Nassau County,2020-10-20,4.76
Okaloosa County,2020-10-20,0.0
Okeechobee County,2020-10-20,22.93
Orange County,2020-10-20,6.94
Osceola County,2020-10-20,10.23
Palm Beach County,2020-10-20,30.52
Pasco County,2020-10-20,6.99
Pinellas County,2020-10-20,9.14
Polk County,2020-10-20,9.32
Putnam County,2020-10-20,14.36
St. Johns County,2020-10-20,21.82
St. Lucie County,2020-10-20,28.57
Santa Rosa County,2020-10-20,0.0
Sarasota County,2020-10-20,10.6
Seminole County,2020-10-20,8.41
Sumter County,2020-10-20,5.38
Suwannee County,2020-10-20,0.09
Taylor County,2020-10-20,0.0
Union County,2020-10-20,2.84
Volusia County,2020-10-20,11.34
Wakulla County,2020-10-20,0.0
Walton County,2020-10-20,0.0
Washington County,2020-10-20,0.0
Alachua County,2020-10-21,2.8
Baker County,2020-10-21,4.88
Bay County,2020-10-21,0.0
Bradford County,2020-10-21,4.16
Brevard County,2020-10-21,13.34
Broward County,2020-10-21,41.77
Calhoun County,2020-10-21,0.0
Charlotte County,2020-10-21,5.21
Citrus County,2020-10-21,1.82
Clay County,2020-10-21,5.83
Collier County,2020-10-21,14.5
Columbia County,2020-10-21,3.85
DeSoto County,2020-10-21,5.38
Dixie County,2020-10-21,1.76
Duval County,2020-10-21,6.69
Escambia County,2020-10-21,0.0
Flagler County,2020-10-21,3.66
Franklin County,2020-10-21,0.0
Gadsden County,2020-10-21,0.0
Gilchrist County,2020-10-21,2.07
Glades County,2020-10-21,9.98
Gulf County,2020-10-21,0.0
Hamilton County,2020-10-21,4.08
Hardee County,2020-10-21,6.22
Hendry County,2020-10-21,11.59
Hernando County,2020-10-21,1.93
Highlands County,2020-10-21,9.65
Hillsborough County,2020-10-21,4.11
Holmes County,2020-10-21,0.0
Indian River County,2020-10-21,28.33
Jackson County,2020-10-21,0.0
Jefferson County,2020-10-21,0.14
Lafayette County,2020-10-21,2.56
Lake County,2020-10-21,3.24
Lee County,2020-10-21,6.79
Leon County,2020-10-21,0.0
Levy County,2020-10-21,1.82
Liberty County,2020-10-21,0.0
Madison County,2020-10-21,2.29
Manatee County,2020-10-21,4.72
Marion County,2020-10-21,3.4
Martin County,2020-10-21,29.04
Miami-Dade County,2020-10-21,44.71
Monroe County,2020-10-21,31.29
Nassau County,2020-10-21,5.12
Okaloosa County,2020-10-21,0.0
Okeechobee County,2020-10-21,21.1
Orange County,2020-10-21,5.49
Osceola County,2020-10-21,10.3
Palm Beach County,2020-10-21,29.28
Pasco County,2020-10-21,2.85
Pinellas County,2020-10-21,3.51
Polk County,2020-10-21,6.58
Putnam County,2020-10-21,4.41
St. Johns County,2020-10-21,5.95
St. Lucie County,2020-10-21,31.96
Santa Rosa County,2020-10-21,0.0
Sarasota County,2020-10-21,4.63
Seminole County,2020-10-21,4.98
Sumter County,2020-10-21,2.34
Suwannee County,2020-10-21,3.4
Taylor County,2020-10-21,1.73
Union County,2020-10-21,3.63
Volusia County,2020-10-21,4.22
Wakulla County,2020-10-21,0.0
Walton County,2020-10-21,0.0
Washington County,2020-10-21,0.0
Alachua County,2020-10-22,8.42
Baker County,2020-10-22,15.63
Bay County,2020-10-22,1.54
Bradford County,2020-10-22,12.02
Brevard County,2020-10-22,3.4
Broward County,2020-10-22,27.74
Calhoun County,2020-10-22,3.46
Charlotte County,2020-10-22,5.37
Citrus County,2020-10-22,3.6
Clay County,2020-10-22,14.51
Collier County,2020-10-22,13.48
Columbia County,2020-10-22,13.87
DeSoto County,2020-10-22,4.07
Dixie County,2020-10-22,8.59
Duval County,2020-10-22,18.09
Escambia County,2020-10-22,0.0
Flagler County,2020-10-22,3.57
Franklin County,2020-10-22,5.5
Gadsden County,2020-10-22,8.45
Gilchrist County,2020-10-22,8.0
Glades County,2020-10-22,5.47
Gulf County,2020-10-22,3.54
Hamilton County,2020-10-22,21.13
Hardee County,2020-10-22,3.67
Hendry County,2020-10-22,9.02
Hernando County,2020-10-22,2.45
Highlands County,2020-10-22,4.0
Hillsborough County,2020-10-22,2.8
Holmes County,2020-10-22,0.0
Indian River County,2020-10-22,6.77
Jackson County,2020-10-22,2.13
Jefferson County,2020-10-22,15.8
Lafayette County,2020-10-22,13.9
Lake County,2020-10-22,2.78
Lee County,2020-10-22,7.73
Leon County,2020-10-22,11.73
Levy County,2020-10-22,5.67
Liberty County,2020-10-22,5.99
Madison County,2020-10-22,20.35
Manatee County,2020-10-22,4.45
Marion County,2020-10-22,6.57
Martin County,2020-10-22,9.08
Miami-Dade County,2020-10-22,33.66
Monroe County,2020-10-22,24.97
Nassau County,2020-10-22,18.37
Okaloosa County,2020-10-22,0.0
Okeechobee County,2020-10-22,6.22
Orange County,2020-10-22,2.06
Osceola County,2020-10-22,3.01
Palm Beach County,2020-10-22,14.58
Pasco County,2020-10-22,2.35
Pinellas County,2020-10-22,2.3
Polk County,2020-10-22,2.94
Putnam County,2020-10-22,8.23
St. Johns County,2020-10-22,10.85
St. Lucie County,2020-10-22,8.33
Santa Rosa County,2020-10-22,0.0
Sarasota County,2020-10-22,5.69
Seminole County,2020-10-22,1.78
Sumter County,2020-10-22,3.77
Suwannee County,2020-10-22,16.28
Taylor County,2020-10-22,15.86
Union County,2020-10-22,11.38
Volusia County,2020-10-22,2.04
Wakulla County,2020-10-22,10.42
Walton County,2020-10-22,0.0
Washington County,2020-10-22,0.3
Alachua County,2020-10-23,4.04
Baker County,2020-10-23,4.84
Bay County,2020-10-23,0.0
Bradford County,2020-10-23,5.51
Brevard County,2020-10-23,4.55
Broward County,2020-10-23,12.86
Calhoun County,2020-10-23,0.0
Charlotte County,2020-10-23,2.77
Citrus County,2020-10-23,3.1
Clay County,2020-10-23,8.83
Collier County,2020-10-23,6.79
Columbia County,2020-10-23,3.25
DeSoto County,2020-10-23,2.73
Dixie County,2020-10-23,0.99
Duval County,2020-10-23,9.15
Escambia County,2020-10-23,0.0
Flagler County,2020-10-23,8.01
Franklin County,2020-10-23,0.0
Gadsden County,2020-10-23,0.0
Gilchrist County,2020-10-23,2.06
Glades County,2020-10-23,3.77
Gulf County,2020-10-23,0.17
Hamilton County,2020-10-23,1.96
Hardee County,2020-10-23,3.43
Hendry County,2020-10-23,5.44
Hernando County,2020-10-23,2.54
Highlands County,2020-10-23,3.4
Hillsborough County,2020-10-23,3.0
Holmes County,2020-10-23,0.0
Indian River County,2020-10-23,5.08
Jackson County,2020-10-23,0.0
Jefferson County,2020-10-23,0.0
Lafayette County,2020-10-23,0.65
Lake County,2020-10-23,5.52
Lee County,2020-10-23,3.62
Leon County,2020-10-23,0.0
Levy County,2020-10-23,2.61
Liberty County,2020-10-23,0.04
Madison County,2020-10-23,0.0
Manatee County,2020-10-23,3.01
Marion County,2020-10-23,6.92
Martin County,2020-10-23,11.29
Miami-Dade County,2020-10-23,11.54
Monroe County,2020-10-23,14.49
Nassau County,2020-10-23,6.81
Okaloosa County,2020-10-23,0.0
Okeechobee County,2020-10-23,5.31
Orange County,2020-10-23,4.62
Osceola County,2020-10-23,3.73
Palm Beach County,2020-10-23,13.59
Pasco County,2020-10-23,2.56
Pinellas County,2020-10-23,1.29
Polk County,2020-10-23,4.13
Putnam County,2020-10-23,8.61
St. Johns County,2020-10-23,11.2
St. Lucie County,2020-10-23,7.73
Santa Rosa County,2020-10-23,0.0
Sarasota County,2020-10-23,2.96
Seminole County,2020-10-23,5.41
Sumter County,2020-10-23,4.97
Suwannee County,2020-10-23,1.57
Taylor County,2020-10-23,0.0
Union County,2020-10-23,4.07
Volusia County,2020-10-23,6.31
Wakulla County,2020-10-23,0.0
Walton County,2020-10-23,0.0
Washington County,2020-10-23,0.0
Alachua County,2020-10-24,0.42
Baker County,2020-10-24,0.0
Bay County,2020-10-24,3.49
Bradford County,2020-10-24,0.0
Brevard County,2020-10-24,2.91
Broward County,2020-10-24,3.19
Calhoun County,2020-10-24,3.17
Charlotte County,2020-10-24,0.0
Citrus County,2020-10-24,0.0
Clay County,2020-10-24,0.0
Collier County,2020-10-24,1.37
Columbia County,2020-10-24,0.0
DeSoto County,2020-10-24,0.09
Dixie County,2020-10-24,0.0
Duval County,2020-10-24,0.0
Escambia County,2020-10-24,0.72
Flagler County,2020-10-24,1.54
Franklin County,2020-10-24,0.0
Gadsden County,2020-10-24,2.89
Gilchrist County,2020-10-24,0.0
Glades County,2020-10-24,2.08
Gulf County,2020-10-24,1.37
Hamilton County,2020-10-24,0.48
Hardee County,2020-10-24,0.0
Hendry County,2020-10-24,3.04
Hernando County,2020-10-24,0.0
Highlands County,2020-10-24,1.27
Hillsborough County,2020-10-24,0.08
Holmes County,2020-10-24,2.57
Indian River County,2020-10-24,4.07
Jackson County,2020-10-24,3.29
Jefferson County,2020-10-24,0.41
Lafayette County,2020-10-24,0.0
Lake County,2020-10-24,1.22
Lee County,2020-10-24,0.0
Leon County,2020-10-24,1.0
Levy County,2020-10-24,0.0
Liberty County,2020-10-24,1.57
Madison County,2020-10-24,0.0
Manatee County,2020-10-24,0.03
Marion County,2020-10-24,0.53
Martin County,2020-10-24,2.86
Miami-Dade County,2020-10-24,0.91
Monroe County,2020-10-24,2.49
Nassau County,2020-10-24,0.0
Okaloosa County,2020-10-24,0.56
Okeechobee County,2020-10-24,4.02
Orange County,2020-10-24,2.08
Osceola County,2020-10-24,2.45
Palm Beach County,2020-10-24,3.84
Pasco County,2020-10-24,0.0
Pinellas County,2020-10-24,0.0
Polk County,2020-10-24,0.46
Putnam County,2020-10-24,0.45
St. Johns County,2020-10-24,0.0
St. Lucie County,2020-10-24,3.98
Santa Rosa County,2020-10-24,0.0
Sarasota County,2020-10-24,0.0
Seminole County,2020-10-24,2.39
Sumter County,2020-10-24,0.0
Suwannee County,2020-10-24,0.0
Taylor County,2020-10-24,0.0
Union County,2020-10-24,0.0
Volusia County,2020-10-24,2.25
Wakulla County,2020-10-24,0.0
Walton County,2020-10-24,2.08
Washington County,2020-10-24,3.12
Alachua County,2020-10-25,3.92
Baker County,2020-10-25,11.44
Bay County,2020-10-25,35.4
Bradford County,2020-10-25,5.01
Brevard County,2020-10-25,2.42
Broward County,2020-10-25,46.32
Calhoun County,2020-10-25,31.89
Charlotte County,2020-10-25,0.64
Citrus County,2020-10-25,0.0
Clay County,2020-10-25,2.87
Collier County,2020-10-25,10.87
Columbia County,2020-10-25,16.48
DeSoto County,2020-10-25,0.05
Dixie County,2020-10-25,10.81
Duval County,2020-10-25,2.66
Escambia County,2020-10-25,16.63
Flagler County,2020-10-25,0.0
Franklin County,2020-10-25,23.08
Gadsden County,2020-10-25,18.36
Gilchrist County,2020-10-25,8.35
Glades County,2020-10-25,7.17
Gulf County,2020-10-25,32.84
Hamilton County,2020-10-25,25.58
Hardee County,2020-10-25,0.0
Hendry County,2020-10-25,13.46
Hernando County,2020-10-25,0.0
Highlands County,2020-10-25,2.06
Hillsborough County,2020-10-25,0.0
Holmes County,2020-10-25,19.7
Indian River County,2020-10-25,6.8
Jackson County,2020-10-25,22.64
Jefferson County,2020-10-25,16.35
Lafayette County,2020-10-25,18.36
Lake County,2020-10-25,0.0
Lee County,2020-10-25,2.98
Leon County,2020-10-25,15.56
Levy County,2020-10-25,3.03
Liberty County,2020-10-25,28.6
Madison County,2020-10-25,22.63
Manatee County,2020-10-25,0.0
Marion County,2020-10-25,0.2
Martin County,2020-10-25,25.26
Miami-Dade County,2020-10-25,29.63
Monroe County,2020-10-25,13.55
Nassau County,2020-10-25,5.75
Okaloosa County,2020-10-25,18.67
Okeechobee County,2020-10-25,7.02
Orange County,2020-10-25,0.29
Osceola County,2020-10-25,0.89
Palm Beach County,2020-10-25,40.49
Pasco County,2020-10-25,0.0
Pinellas County,2020-10-25,0.0
Polk County,2020-10-25,0.07
Putnam County,2020-10-25,0.51
St. Johns County,2020-10-25,0.02
St. Lucie County,2020-10-25,14.66
Santa Rosa County,2020-10-25,18.84
Sarasota County,2020-10-25,0.0
Seminole County,2020-10-25,0.44
Sumter County,2020-10-25,0.0
Suwannee County,2020-10-25,21.35
Taylor County,2020-10-25,20.41
Union County,2020-10-25,8.73
Volusia County,2020-10-25,0.4
Wakulla County,2020-10-25,20.3
Walton County,2020-10-25,19.87
Washington County,2020-10-25,25.13
Alachua County,2020-10-26,0.0
Baker County,2020-10-26,0.0
Bay County,2020-10-26,0.0
Bradford County,2020-10-26,0.0
Brevard County,2020-10-26,9.67
Broward County,2020-10-26,20.03
Calhoun County,2020-10-26,0.0
Charlotte County,2020-10-26,7.52
Citrus County,2020-10-26,0.09
Clay County,2020-10-26,0.0
Collier County,2020-10-26,6.7
Columbia County,2020-10-26,0.05
DeSoto County,2020-10-26,7.54
Dixie County,2020-10-26,0.0
Duval County,2020-10-26,0.6
Escambia County,2020-10-26,0.01
Flagler County,2020-10-26,0.0
Franklin County,2020-10-26,0.0
Gadsden County,2020-10-26,0.0
Gilchrist County,2020-10-26,0.0
Glades County,2020-10-26,9.07
Gulf County,2020-10-26,0.0
Hamilton County,2020-10-26,0.0
Hardee County,2020-10-26,8.72
Hendry County,2020-10-26,8.27
Hernando County,2020-10-26,0.0
Highlands County,2020-10-26,8.76
Hillsborough County,2020-10-26,0.33
Holmes County,2020-10-26,0.0
Indian River County,2020-10-26,26.03
Jackson County,2020-10-26,0.15
Jefferson County,2020-10-26,0.0
Lafayette County,2020-10-26,0.0
Lake County,2020-10-26,0.0
Lee County,2020-10-26,7.43
Leon County,2020-10-26,0.0
Levy County,2020-10-26,0.0
Liberty County,2020-10-26,0.0
Madison County,2020-10-26,0.0
Manatee County,2020-10-26,6.01
Marion County,2020-10-26,0.0
Martin County,2020-10-26,22.39
Miami-Dade County,2020-10-26,13.92
Monroe County,2020-10-26,5.29
Nassau County,2020-10-26,0.03
Okaloosa County,2020-10-26,0.0
Okeechobee County,2020-10-26,17.52
Orange County,2020-10-26,0.65
Osceola County,2020-10-26,6.86
Palm Beach County,2020-10-26,18.36
Pasco County,2020-10-26,0.0
Pinellas County,2020-10-26,0.0
Polk County,2020-10-26,4.92
Putnam County,2020-10-26,0.0
St. Johns County,2020-10-26,0.0
St. Lucie County,2020-10-26,28.19
Santa Rosa County,2020-10-26,0.0
Sarasota County,2020-10-26,7.45
Seminole County,2020-10-26,0.0
Sumter County,2020-10-26,0.0
Suwannee County,2020-10-26,0.0
Taylor County,2020-10-26,0.0
Union County,2020-10-26,0.0
Volusia County,2020-10-26,0.0
Wakulla County,2020-10-26,0.0
Walton County,2020-10-26,0.0
Washington County,2020-10-26,0.0
Alachua County,2020-10-27,0.0
Baker County,2020-10-27,0.0
Bay County,2020-10-27,0.0
Bradford County,2020-10-27,0.0
Brevard County,2020-10-27,0.13
Broward County,2020-10-27,1.9
Calhoun County,2020-10-27,0.0
Charlotte County,2020-10-27,7.19
Citrus County,2020-10-27,0.0
Clay County,2020-10-27,0.0
Collier County,2020-10-27,5.89
Columbia County,2020-10-27,0.0
DeSoto County,2020-10-27,4.05
Dixie County,2020-10-27,0.0
Duval County,2020-10-27,0.0
Escambia County,2020-10-27,0.0
Flagler County,2020-10-27,0.0
Franklin County,2020-10-27,0.0
Gadsden County,2020-10-27,0.0
Gilchrist County,2020-10-27,0.0
Glades County,2020-10-27,2.97
Gulf County,2020-10-27,0.0
Hamilton County,2020-10-27,0.0
Hardee County,2020-10-27,2.65
Hendry County,2020-10-27,3.58
Hernando County,2020-10-27,0.0
Highlands County,2020-10-27,1.42
Hillsborough County,2020-10-27,1.49
Holmes County,2020-10-27,0.0
Indian River County,2020-10-27,3.24
Jackson County,2020-10-27,0.0
Jefferson County,2020-10-27,0.0
Lafayette County,2020-10-27,0.0
Lake County,2020-10-27,0.0
Lee County,2020-10-27,9.15
Leon County,2020-10-27,0.0
Levy County,2020-10-27,0.0
Liberty County,2020-10-27,0.0
Madison County,2020-10-27,0.0
Manatee County,2020-10-27,6.34
Marion County,2020-10-27,0.0
Martin County,2020-10-27,3.2
Miami-Dade County,2020-10-27,3.34
Monroe County,2020-10-27,5.8
Nassau County,2020-10-27,0.0
Okaloosa County,2020-10-27,0.0
Okeechobee County,2020-10-27,2.07
Orange County,2020-10-27,0.0
Osceola County,2020-10-27,0.01
Palm Beach County,2020-10-27,1.97
Pasco County,2020-10-27,0.08
Pinellas County,2020-10-27,2.09
Polk County,2020-10-27,0.16
Putnam County,2020-10-27,0.0
St. Johns County,2020-10-27,0.0
St. Lucie County,2020-10-27,4.33
Santa Rosa County,2020-10-27,0.0
Sarasota County,2020-10-27,9.51
Seminole County,2020-10-27,0.0
Sumter County,2020-10-27,0.0
Suwannee County,2020-10-27,0.0
Taylor County,2020-10-27,0.0
Union County,2020-10-27,0.0
Volusia County,2020-10-27,0.0
Wakulla County,2020-10-27,0.0
Walton County,2020-10-27,0.0
Washington County,2020-10-27,0.0
Alachua County,2020-10-28,1.26
Baker County,2020-10-28,1.75
Bay County,2020-10-28,11.15
Bradford County,2020-10-28,1.18
Brevard County,2020-10-28,0.0
Broward County,2020-10-28,0.0
Calhoun County,2020-10-28,9.93
Charlotte County,2020-10-28,0.12
Citrus County,2020-10-28,1.87
Clay County,2020-10-28,0.65
Collier County,2020-10-28,0.02
Columbia County,2020-10-28,2.35
DeSoto County,2020-10-28,0.19
Dixie County,2020-10-28,4.38
Duval County,2020-10-28,1.41
Escambia County,2020-10-28,6.72
Flagler County,2020-10-28,0.0
Franklin County,2020-10-28,5.7
Gadsden County,2020-10-28,7.29
Gilchrist County,2020-10-28,2.97
Glades County,2020-10-28,0.0
Gulf County,2020-10-28,7.95
Hamilton County,2020-10-28,4.97
Hardee County,2020-10-28,0.1
Hendry County,2020-10-28,0.0
Hernando County,2020-10-28,1.32
Highlands County,2020-10-28,0.16
Hillsborough County,2020-10-28,1.39
Holmes County,2020-10-28,9.36
Indian River County,2020-10-28,0.0
Jackson County,2020-10-28,10.29
Jefferson County,2020-10-28,6.2
Lafayette County,2020-10-28,5.01
Lake County,2020-10-28,0.0
Lee County,2020-10-28,0.0
Leon County,2020-10-28,5.26
Levy County,2020-10-28,3.37
Liberty County,2020-10-28,7.85
Madison County,2020-10-28,7.09
Manatee County,2020-10-28,1.63
Marion County,2020-10-28,0.81
Martin County,2020-10-28,0.0
Miami-Dade County,2020-10-28,0.0
Monroe County,2020-10-28,0.0
Nassau County,2020-10-28,1.18
Okaloosa County,2020-10-28,7.8
Okeechobee County,2020-10-28,0.3
Orange County,2020-10-28,0.01
Osceola County,2020-10-28,0.0
Palm Beach County,2020-10-28,0.0
Pasco County,2020-10-28,1.35
Pinellas County,2020-10-28,1.78
Polk County,2020-10-28,0.0
Putnam County,2020-10-28,0.0
St. Johns County,2020-10-28,0.12
St. Lucie County,2020-10-28,0.09
Santa Rosa County,2020-10-28,6.66
Sarasota County,2020-10-28,1.35
Seminole County,2020-10-28,0.0
Sumter County,2020-10-28,0.22
Suwannee County,2020-10-28,4.46
Taylor County,2020-10-28,6.4
Union County,2020-10-28,1.64
Volusia County,2020-10-28,0.0
Wakulla County,2020-10-28,5.48
Walton County,2020-10-28,8.46
Washington County,2020-10-28,10.13
Alachua County,2020-10-29,0.0
Baker County,2020-10-29,0.0
Bay County,2020-10-29,19.36
Bradford County,2020-10-29,0.0
Brevard County,2020-10-29,0.0
Broward County,2020-10-29,0.0
Calhoun County,2020-10-29,17.08
Charlotte County,2020-10-29,0.0
Citrus County,2020-10-29,0.0
Clay County,2020-10-29,0.0
Collier County,2020-10-29,0.0
Columbia County,2020-10-29,0.0
DeSoto County,2020-10-29,0.08
Dixie County,2020-10-29,0.0
Duval County,2020-10-29,0.0
Escambia County,2020-10-29,35.45
Flagler County,2020-10-29,0.0
Franklin County,2020-10-29,8.32
Gadsden County,2020-10-29,13.53
Gilchrist County,2020-10-29,0.0
Glades County,2020-10-29,0.0
Gulf County,2020-10-29,13.3
Hamilton County,2020-10-29,0.0
Hardee County,2020-10-29,0.0
Hendry County,2020-10-29,0.0
Hernando County,2020-10-29,0.0
Highlands County,2020-10-29,0.0
Hillsborough County,2020-10-29,0.11
Holmes County,2020-10-29,14.94
Indian River County,2020-10-29,0.13
Jackson County,2020-10-29,17.84
Jefferson County,2020-10-29,7.67
Lafayette County,2020-10-29,0.0
Lake County,2020-10-29,0.0
Lee County,2020-10-29,0.0
Leon County,2020-10-29,8.42
Levy County,2020-10-29,0.15
Liberty County,2020-10-29,12.82
Madison County,2020-10-29,1.28
Manatee County,2020-10-29,0.04
Marion County,2020-10-29,0.0
Martin County,2020-10-29,0.0
Miami-Dade County,2020-10-29,0.01
Monroe County,2020-10-29,0.01
Nassau County,2020-10-29,0.0
Okaloosa County,2020-10-29,17.93
Okeechobee County,2020-10-29,0.0
Orange County,2020-10-29,0.0
Osceola County,2020-10-29,0.0
Palm Beach County,2020-10-29,0.0
Pasco County,2020-10-29,0.0
Pinellas County,2020-10-29,0.0
Polk County,2020-10-29,0.0
Putnam County,2020-10-29,0.0
St. Johns County,2020-10-29,0.0
St. Lucie County,2020-10-29,0.02
Santa Rosa County,2020-10-29,24.94
Sarasota County,2020-10-29,0.0
Seminole County,2020-10-29,0.0
Sumter County,2020-10-29,0.07
Suwannee County,2020-10-29,0.0
Taylor County,2020-10-29,0.34
Union County,2020-10-29,0.0
Volusia County,2020-10-29,0.0
Wakulla County,2020-10-29,7.13
Walton County,2020-10-29,15.24
Washington County,2020-10-29,16.62
Alachua County,2020-10-30,5.26
Baker County,2020-10-30,8.14
Bay County,2020-10-30,4.56
Bradford County,2020-10-30,5.48
Brevard County,2020-10-30,0.6
Broward County,2020-10-30,0.0
Calhoun County,2020-10-30,5.78
Charlotte County,2020-10-30,5.71
Citrus County,2020-10-30,4.71
Clay County,2020-10-30,5.0
Collier County,2020-10-30,0.38
Columbia County,2020-10-30,9.81
DeSoto County,2020-10-30,5.11
Dixie County,2020-10-30,9.61
Duval County,2020-10-30,4.98
Escambia County,2020-10-30,0.0
Flagler County,2020-10-30,2.08
Franklin County,2020-10-30,8.38
Gadsden County,2020-10-30,9.45
Gilchrist County,2020-10-30,7.42
Glades County,2020-10-30,1.69
Gulf County,2020-10-30,7.13
Hamilton County,2020-10-30,18.64
Hardee County,2020-10-30,5.43
Hendry County,2020-10-30,0.75
Hernando County,2020-10-30,3.84
Highlands County,2020-10-30,2.12
Hillsborough County,2020-10-30,6.97
Holmes County,2020-10-30,0.61
Indian River County,2020-10-30,0.82
Jackson County,2020-10-30,2.88
Jefferson County,2020-10-30,17.39
Lafayette County,2020-10-30,11.58
Lake County,2020-10-30,2.57
Lee County,2020-10-30,3.76
Leon County,2020-10-30,12.73
Levy County,2020-10-30,7.53
Liberty County,2020-10-30,8.63
Madison County,2020-10-30,20.47
Manatee County,2020-10-30,10.72
Marion County,2020-10-30,5.06
Martin County,2020-10-30,0.85
Miami-Dade County,2020-10-30,0.0
Monroe County,2020-10-30,0.08
Nassau County,2020-10-30,6.58
Okaloosa County,2020-10-30,0.0
Okeechobee County,2020-10-30,1.13
Orange County,2020-10-30,1.42
Osceola County,2020-10-30,1.12
Palm Beach County,2020-10-30,0.11
Pasco County,2020-10-30,4.73
Pinellas County,2020-10-30,6.97
Polk County,2020-10-30,3.65
Putnam County,2020-10-30,3.72
St. Johns County,2020-10-30,3.48
St. Lucie County,2020-10-30,0.86
Santa Rosa County,2020-10-30,0.01
Sarasota County,2020-10-30,11.57
Seminole County,2020-10-30,1.36
Sumter County,2020-10-30,3.52
Suwannee County,2020-10-30,12.81
Taylor County,2020-10-30,15.8
Union County,2020-10-30,6.39
Volusia County,2020-10-30,1.59
Wakulla County,2020-10-30,11.98
Walton County,2020-10-30,0.55
Washington County,2020-10-30,2.16
Alachua County,2020-10-31,0.0
Baker County,2020-10-31,0.0
Bay County,2020-10-31,0.0
Bradford County,2020-10-31,0.0
Brevard County,2020-10-31,0.0
Broward County,2020-10-31,11.31
Calhoun County,2020-10-31,0.0
Charlotte County,2020-10-31,0.0
Citrus County,2020-10-31,0.0
Clay County,2020-10-31,0.0
Collier County,2020-10-31,1.0
Columbia County,2020-10-31,0.0
DeSoto County,2020-10-31,0.0
Dixie County,2020-10-31,0.0
Duval County,2020-10-31,0.0
Escambia County,2020-10-31,0.0
Flagler County,2020-10-31,0.0
Franklin County,2020-10-31,0.0
Gadsden County,2020-10-31,0.0
Gilchrist County,2020-10-31,0.0
Glades County,2020-10-31,0.0
Gulf County,2020-10-31,0.0
Hamilton County,2020-10-31,0.0
Hardee County,2020-10-31,0.0
Hendry County,2020-10-31,0.69
Hernando County,2020-10-31,0.0
Highlands County,2020-10-31,0.0
Hillsborough County,2020-10-31,0.0
Holmes County,2020-10-31,0.0
Indian River County,2020-10-31,0.0
Jackson County,2020-10-31,0.0
Jefferson County,2020-10-31,0.0
Lafayette County,2020-10-31,0.0
Lake County,2020-10-31,0.0
Lee County,2020-10-31,0.0
Leon County,2020-10-31,0.0
Levy County,2020-10-31,0.0
Liberty County,2020-10-31,0.0
Madison County,2020-10-31,0.0
Manatee County,2020-10-31,0.0
Marion County,2020-10-31,0.0
Martin County,2020-10-31,0.0
Miami-Dade County,2020-10-31,8.66
Monroe County,2020-10-31,0.79
Nassau County,2020-10-31,0.0
Okaloosa County,2020-10-31,0.0
Okeechobee County,2020-10-31,0.0
Orange County,2020-10-31,0.0
Osceola County,2020-10-31,0.0
Palm Beach County,2020-10-31,2.65
Pasco County,2020-10-31,0.0
Pinellas County,2020-10-31,0.0
Polk County,2020-10-31,0.0
Putnam County,2020-10-31,0.0
St. Johns County,2020-10-31,0.0
St. Lucie County,2020-10-31,0.0
Santa Rosa County,2020-10-31,0.0
Sarasota County,2020-10-31,0.0
Seminole County,2020-10-31,0.0
Sumter County,2020-10-31,0.0
Suwannee County,2020-10-31,0.0
Taylor County,2020-10-31,0.0
Union County,2020-10-31,0.0
Volusia County,2020-10-31,0.0
Wakulla County,2020-10-31,0.0
Walton County,2020-10-31,0.0
Washington County,2020-10-31,0.0
Alachua County,2020-11-01,0.0
Baker County,2020-11-01,0.73
Bay County,2020-11-01,0.0
Bradford County,2020-11-01,0.02
Brevard County,2020-11-01,0.66
Broward County,2020-11-01,7.18
Calhoun County,2020-11-01,0.0
Charlotte County,2020-11-01,2.4
Citrus County,2020-11-01,0.0
Clay County,2020-11-01,0.86
Collier County,2020-11-01,3.07
Columbia County,2020-11-01,0.03
DeSoto County,2020-11-01,1.67
Dixie County,2020-11-01,0.0
Duval County,2020-11-01,1.83
Escambia County,2020-11-01,0.0
Flagler County,2020-11-01,0.03
Franklin County,2020-11-01,0.0
Gadsden County,2020-11-01,0.0
Gilchrist County,2020-11-01,0.0
Glades County,2020-11-01,4.6
Gulf County,2020-11-01,0.0
Hamilton County,2020-11-01,0.0
Hardee County,2020-11-01,0.31
Hendry County,2020-11-01,4.02
Hernando County,2020-11-01,0.0
Highlands County,2020-11-01,2.82
Hillsborough County,2020-11-01,0.0
Holmes County,2020-11-01,0.0
Indian River County,2020-11-01,2.33
Jackson County,2020-11-01,0.0
Jefferson County,2020-11-01,0.0
Lafayette County,2020-11-01,0.0
Lake County,2020-11-01,0.0
Lee County,2020-11-01,3.13
Leon County,2020-11-01,0.0
Levy County,2020-11-01,0.0
Liberty County,2020-11-01,0.0
Madison County,2020-11-01,0.0
Manatee County,2020-11-01,0.0
Marion County,2020-11-01,0.0
Martin County,2020-11-01,5.92
Miami-Dade County,2020-11-01,5.45
Monroe County,2020-11-01,3.16
Nassau County,2020-11-01,2.5
Okaloosa County,2020-11-01,0.0
Okeechobee County,2020-11-01,3.2
Orange County,2020-11-01,0.0
Osceola County,2020-11-01,0.46
Palm Beach County,2020-11-01,6.4
Pasco County,2020-11-01,0.0
Pinellas County,2020-11-01,0.0
Polk County,2020-11-01,0.12
Putnam County,2020-11-01,0.06
St. Johns County,2020-11-01,1.06
St. Lucie County,2020-11-01,4.36
Santa Rosa County,2020-11-01,0.0
Sarasota County,2020-11-01,0.0
Seminole County,2020-11-01,0.0
Sumter County,2020-11-01,0.0
Suwannee County,2020-11-01,0.0
Taylor County,2020-11-01,0.0
Union County,2020-11-01,0.0
Volusia County,2020-11-01,0.0
Wakulla County,2020-11-01,0.0
Walton County,2020-11-01,0.0
Washington County,2020-11-01,0.0
Alachua County,2020-11-02,5.94
Baker County,2020-11-02,3.68
Bay County,2020-11-02,0.0
Bradford County,2020-11-02,5.81
Brevard County,2020-11-02,22.85
Broward County,2020-11-02,1.7
Calhoun County,2020-11-02,0.0
Charlotte County,2020-11-02,6.31
Citrus County,2020-11-02,3.08
Clay County,2020-11-02,6.78
Collier County,2020-11-02,0.97
Columbia County,2020-11-02,3.26
DeSoto County,2020-11-02,7.99
Dixie County,2020-11-02,2.02
Duval County,2020-11-02,4.81
Escambia County,2020-11-02,0.0
Flagler County,2020-11-02,16.16
Franklin County,2020-11-02,0.0
Gadsden County,2020-11-02,0.0
Gilchrist County,2020-11-02,3.41
Glades County,2020-11-02,7.14
Gulf County,2020-11-02,0.0
Hamilton County,2020-11-02,2.24
Hardee County,2020-11-02,7.27
Hendry County,2020-11-02,2.83
Hernando County,2020-11-02,2.43
Highlands County,2020-11-02,9.9
Hillsborough County,2020-11-02,4.17
Holmes County,2020-11-02,0.0
Indian River County,2020-11-02,20.65
Jackson County,2020-11-02,0.0
Jefferson County,2020-11-02,0.0
Lafayette County,2020-11-02,1.89
Lake County,2020-11-02,7.25
Lee County,2020-11-02,3.4
Leon County,2020-11-02,0.0
Levy County,2020-11-02,3.42
Liberty County,2020-11-02,0.0
Madison County,2020-11-02,0.69
Manatee County,2020-11-02,4.29
Marion County,2020-11-02,6.22
Martin County,2020-11-02,9.22
Miami-Dade County,2020-11-02,0.97
Monroe County,2020-11-02,1.04
Nassau County,2020-11-02,3.89
Okaloosa County,2020-11-02,0.0
Okeechobee County,2020-11-02,14.79
Orange County,2020-11-02,16.32
Osceola County,2020-11-02,19.24
Palm Beach County,2020-11-02,3.62
Pasco County,2020-11-02,2.84
Pinellas County,2020-11-02,1.49
Polk County,2020-11-02,9.82
Putnam County,2020-11-02,9.81
St. Johns County,2020-11-02,10.64
St. Lucie County,2020-11-02,15.86
Santa Rosa County,2020-11-02,0.0
Sarasota County,2020-11-02,4.13
Seminole County,2020-11-02,15.42
Sumter County,2020-11-02,3.71
Suwannee County,2020-11-02,2.35
Taylor County,2020-11-02,0.73
Union County,2020-11-02,4.56
Volusia County,2020-11-02,17.3
Wakulla County,2020-11-02,0.0
Walton County,2020-11-02,0.0
Washington County,2020-11-02,0.0
Alachua County,2020-11-03,0.0
Baker County,2020-11-03,0.0
Bay County,2020-11-03,0.0
Bradford County,2020-11-03,0.0
Brevard County,2020-11-03,0.0
Broward County,2020-11-03,0.0
Calhoun County,2020-11-03,0.0
Charlotte County,2020-11-03,0.0
Citrus County,2020-11-03,0.0
Clay County,2020-11-03,0.0
Collier County,2020-11-03,0.0
Columbia County,2020-11-03,0.0
DeSoto County,2020-11-03,0.0
Dixie County,2020-11-03,0.0
Duval County,2020-11-03,0.0
Escambia County,2020-11-03,0.0
Flagler County,2020-11-03,0.0
Franklin County,2020-11-03,0.0
Gadsden County,2020-11-03,0.0
Gilchrist County,2020-11-03,0.0
Glades County,2020-11-03,0.0
Gulf County,2020-11-03,0.0
Hamilton County,2020-11-03,0.0
Hardee County,2020-11-03,0.0
Hendry County,2020-11-03,0.0
Hernando County,2020-11-03,0.0
Highlands County,2020-11-03,0.0
Hillsborough County,2020-11-03,0.0
Holmes County,2020-11-03,0.0
Indian River County,2020-11-03,0.01
Jackson County,2020-11-03,0.0
Jefferson County,2020-11-03,0.0
Lafayette County,2020-11-03,0.0
Lake County,2020-11-03,0.0
Lee County,2020-11-03,0.0
Leon County,2020-11-03,0.0
Levy County,2020-11-03,0.0
Liberty County,2020-11-03,0.0
Madison County,2020-11-03,0.0
Manatee County,2020-11-03,0.0
Marion County,2020-11-03,0.0
Martin County,2020-11-03,0.0
Miami-Dade County,2020-11-03,0.0
Monroe County,2020-11-03,0.0
Nassau County,2020-11-03,0.0
Okaloosa County,2020-11-03,0.0
Okeechobee County,2020-11-03,0.0
Orange County,2020-11-03,0.0
Osceola County,2020-11-03,0.0
Palm Beach County,2020-11-03,0.0
Pasco County,2020-11-03,0.0
Pinellas County,2020-11-03,0.0
Polk County,2020-11-03,0.0
Putnam County,2020-11-03,0.0
St. Johns County,2020-11-03,0.0
St. Lucie County,2020-11-03,0.0
Santa Rosa County,2020-11-03,0.0
Sarasota County,2020-11-03,0.0
Seminole County,2020-11-03,0.0
Sumter County,2020-11-03,0.0
Suwannee County,2020-11-03,0.0
Taylor County,2020-11-03,0.0
Union County,2020-11-03,0.0
Volusia County,2020-11-03,0.0
Wakulla County,2020-11-03,0.0
Walton County,2020-11-03,0.0
Washington County,2020-11-03,0.0
Alachua County,2020-11-04,0.0
Baker County,2020-11-04,0.0
Bay County,2020-11-04,0.0
Bradford County,2020-11-04,0.0
Brevard County,2020-11-04,0.0
Broward County,2020-11-04,0.0
Calhoun County,2020-11-04,0.0
Charlotte County,2020-11-04,0.0
Citrus County,2020-11-04,0.0
Clay County,2020-11-04,0.0
Collier County,2020-11-04,0.0
Columbia County,2020-11-04,0.0
DeSoto County,2020-11-04,0.0
Dixie County,2020-11-04,0.0
Duval County,2020-11-04,0.0
Escambia County,2020-11-04,0.0
Flagler County,2020-11-04,0.0
Franklin County,2020-11-04,0.0
Gadsden County,2020-11-04,0.0
Gilchrist County,2020-11-04,0.0
Glades County,2020-11-04,0.01
Gulf County,2020-11-04,0.0
Hamilton County,2020-11-04,0.0
Hardee County,2020-11-04,0.0
Hendry County,2020-11-04,0.0
Hernando County,2020-11-04,0.0
Highlands County,2020-11-04,0.0
Hillsborough County,2020-11-04,0.0
Holmes County,2020-11-04,0.0
Indian River County,2020-11-04,0.0
Jackson County,2020-11-04,0.0
Jefferson County,2020-11-04,0.0
Lafayette County,2020-11-04,0.0
Lake County,2020-11-04,0.0
Lee County,2020-11-04,0.0
Leon County,2020-11-04,0.0
Levy County,2020-11-04,0.0
Liberty County,2020-11-04,0.0
Madison County,2020-11-04,0.0
Manatee County,2020-11-04,0.0
Marion County,2020-11-04,0.0
Martin County,2020-11-04,0.0
Miami-Dade County,2020-11-04,0.0
Monroe County,2020-11-04,0.0
Nassau County,2020-11-04,0.0
Okaloosa County,2020-11-04,0.0
Okeechobee County,2020-11-04,0.0
Orange County,2020-11-04,0.0
Osceola County,2020-11-04,0.0
Palm Beach County,2020-11-04,0.0
Pasco County,2020-11-04,0.0
Pinellas County,2020-11-04,0.0
Polk County,2020-11-04,0.0
Putnam County,2020-11-04,0.0
St. Johns County,2020-11-04,0.0
St. Lucie County,2020-11-04,0.0
Santa Rosa County,2020-11-04,0.0
Sarasota County,2020-11-04,0.0
Seminole County,2020-11-04,0.0
Sumter County,2020-11-04,0.0
Suwannee County,2020-11-04,0.0
Taylor County,2020-11-04,0.0
Union County,2020-11-04,0.0
Volusia County,2020-11-04,0.0
Wakulla County,2020-11-04,0.0
Walton County,2020-11-04,0.0
Washington County,2020-11-04,0.0
Alachua County,2020-11-05,0.0
Baker County,2020-11-05,0.17
Bay County,2020-11-05,0.0
Bradford County,2020-11-05,0.1
Brevard County,2020-11-05,0.06
Broward County,2020-11-05,0.51
Calhoun County,2020-11-05,0.0
Charlotte County,2020-11-05,0.0
Citrus County,2020-11-05,0.0
Clay County,2020-11-05,0.28
Collier County,2020-11-05,0.05
Columbia County,2020-11-05,0.0
DeSoto County,2020-11-05,0.0
Dixie County,2020-11-05,0.0
Duval County,2020-11-05,0.19
Escambia County,2020-11-05,0.0
Flagler County,2020-11-05,0.49
Franklin County,2020-11-05,0.0
Gadsden County,2020-11-05,0.0
Gilchrist County,2020-11-05,0.0
Glades County,2020-11-05,0.0
Gulf County,2020-11-05,0.0
Hamilton County,2020-11-05,0.0
Hardee County,2020-11-05,0.0
Hendry County,2020-11-05,0.01
Hernando County,2020-11-05,0.0
Highlands County,2020-11-05,0.0
Hillsborough County,2020-11-05,0.0
Holmes County,2020-11-05,0.0
Indian River County,2020-11-05,0.22
Jackson County,2020-11-05,0.0
Jefferson County,2020-11-05,0.0
Lafayette County,2020-11-05,0.0
Lake County,2020-11-05,0.0
Lee County,2020-11-05,0.0
Leon County,2020-11-05,0.0
Levy County,2020-11-05,0.0
Liberty County,2020-11-05,0.0
Madison County,2020-11-05,0.0
Manatee County,2020-11-05,0.0
Marion County,2020-11-05,0.0
Martin County,2020-11-05,0.0
Miami-Dade County,2020-11-05,2.07
Monroe County,2020-11-05,0.82
Nassau County,2020-11-05,0.09
Okaloosa County,2020-11-05,0.0
Okeechobee County,2020-11-05,0.0
Orange County,2020-11-05,0.0
Osceola County,2020-11-05,0.0
Palm Beach County,2020-11-05,0.01
Pasco County,2020-11-05,0.0
Pinellas County,2020-11-05,0.0
Polk County,2020-11-05,0.0
Putnam County,2020-11-05,0.2
St. Johns County,2020-11-05,0.47
St. Lucie County,2020-11-05,0.1
Santa Rosa County,2020-11-05,0.0
Sarasota County,2020-11-05,0.0
Seminole County,2020-11-05,0.0
Sumter County,2020-11-05,0.0
Suwannee County,2020-11-05,0.0
Taylor County,2020-11-05,0.0
Union County,2020-11-05,0.03
Volusia County,2020-11-05,0.04
Wakulla County,2020-11-05,0.0
Walton County,2020-11-05,0.0
Washington County,2020-11-05,0.0
Alachua County,2020-11-06,0.0
Baker County,2020-11-06,0.75
Bay County,2020-11-06,0.0
Bradford County,2020-11-06,0.69
Brevard County,2020-11-06,0.17
Broward County,2020-11-06,5.3
Calhoun County,2020-11-06,0.0
Charlotte County,2020-11-06,0.02
Citrus County,2020-11-06,0.0
Clay County,2020-11-06,3.06
Collier County,2020-11-06,2.13
Columbia County,2020-11-06,0.03
DeSoto County,2020-11-06,0.0
Dixie County,2020-11-06,0.0
Duval County,2020-11-06,3.94
Escambia County,2020-11-06,0.0
Flagler County,2020-11-06,8.2
Franklin County,2020-11-06,0.0
Gadsden County,2020-11-06,0.0
Gilchrist County,2020-11-06,0.0
Glades County,2020-11-06,0.06
Gulf County,2020-11-06,0.0
Hamilton County,2020-11-06,0.0
Hardee County,2020-11-06,0.0
Hendry County,2020-11-06,0.6
Hernando County,2020-11-06,0.0
Highlands County,2020-11-06,0.0
Hillsborough County,2020-11-06,0.0
Holmes County,2020-11-06,0.0
Indian River County,2020-11-06,0.78
Jackson County,2020-11-06,0.0
Jefferson County,2020-11-06,0.0
Lafayette County,2020-11-06,0.0
Lake County,2020-11-06,0.29
Lee County,2020-11-06,1.4
Leon County,2020-11-06,0.0
Levy County,2020-11-06,0.0
Liberty County,2020-11-06,0.0
Madison County,2020-11-06,0.0
Manatee County,2020-11-06,0.0
Marion County,2020-11-06,0.26
Martin County,2020-11-06,0.9
Miami-Dade County,2020-11-06,6.21
Monroe County,2020-11-06,3.38
Nassau County,2020-11-06,2.1
Okaloosa County,2020-11-06,0.0
Okeechobee County,2020-11-06,0.11
Orange County,2020-11-06,0.0
Osceola County,2020-11-06,0.0
Palm Beach County,2020-11-06,1.35
Pasco County,2020-11-06,0.0
Pinellas County,2020-11-06,0.0
Polk County,2020-11-06,0.0
Putnam County,2020-11-06,3.52
St. Johns County,2020-11-06,7.89
St. Lucie County,2020-11-06,1.3
Santa Rosa County,2020-11-06,0.0
Sarasota County,2020-11-06,0.0
Seminole County,2020-11-06,0.26
Sumter County,2020-11-06,0.0
Suwannee County,2020-11-06,0.0
Taylor County,2020-11-06,0.0
Union County,2020-11-06,0.19
Volusia County,2020-11-06,3.12
Wakulla County,2020-11-06,0.0
Walton County,2020-11-06,0.0
Washington County,2020-11-06,0.0
Alachua County,2020-11-07,0.05
Baker County,2020-11-07,1.83
Bay County,2020-11-07,0.0
Bradford County,2020-11-07,1.04
Brevard County,2020-11-07,0.68
Broward County,2020-11-07,17.62
Calhoun County,2020-11-07,0.0
Charlotte County,2020-11-07,0.0
Citrus County,2020-11-07,0.0
Clay County,2020-11-07,1.32
Collier County,2020-11-07,7.45
Columbia County,2020-11-07,2.08
DeSoto County,2020-11-07,0.0
Dixie County,2020-11-07,0.0
Duval County,2020-11-07,1.7
Escambia County,2020-11-07,0.0
Flagler County,2020-11-07,2.22
Franklin County,2020-11-07,0.0
Gadsden County,2020-11-07,0.0
Gilchrist County,2020-11-07,0.0
Glades County,2020-11-07,3.86
Gulf County,2020-11-07,0.0
Hamilton County,2020-11-07,1.14
Hardee County,2020-11-07,0.01
Hendry County,2020-11-07,8.61
Hernando County,2020-11-07,0.0
Highlands County,2020-11-07,0.95
Hillsborough County,2020-11-07,0.0
Holmes County,2020-11-07,0.0
Indian River County,2020-11-07,2.9
Jackson County,2020-11-07,0.0
Jefferson County,2020-11-07,0.0
Lafayette County,2020-11-07,0.0
Lake County,2020-11-07,0.0
Lee County,2020-11-07,0.67
Leon County,2020-11-07,0.0
Levy County,2020-11-07,0.0
Liberty County,2020-11-07,0.0
Madison County,2020-11-07,0.03
Manatee County,2020-11-07,0.0
Marion County,2020-11-07,0.0
Martin County,2020-11-07,5.69
Miami-Dade County,2020-11-07,12.05
Monroe County,2020-11-07,13.27
Nassau County,2020-11-07,2.33
Okaloosa County,2020-11-07,0.0
Okeechobee County,2020-11-07,4.44
Orange County,2020-11-07,0.0
Osceola County,2020-11-07,0.61
Palm Beach County,2020-11-07,12.91
Pasco County,2020-11-07,0.0
Pinellas County,2020-11-07,0.0
Polk County,2020-11-07,0.09
Putnam County,2020-11-07,1.02
St. Johns County,2020-11-07,1.89
St. Lucie County,2020-11-07,4.98
Santa Rosa County,2020-11-07,0.0
Sarasota County,2020-11-07,0.0
Seminole County,2020-11-07,0.0
Sumter County,2020-11-07,0.0
Suwannee County,2020-11-07,0.54
Taylor County,2020-11-07,0.0
Union County,2020-11-07,1.7
Volusia County,2020-11-07,0.69
Wakulla County,2020-11-07,0.0
Walton County,2020-11-07,0.0
Washington County,2020-11-07,0.0
Alachua County,2020-11-08,0.06
Baker County,2020-11-08,2.19
Bay County,2020-11-08,0.0
Bradford County,2020-11-08,1.07
Brevard County,2020-11-08,5.48
Broward County,2020-11-08,31.5
Calhoun County,2020-11-08,0.0
Charlotte County,2020-11-08,14.07
Citrus County,2020-11-08,0.0
Clay County,2020-11-08,1.97
Collier County,2020-11-08,15.63
Columbia County,2020-11-08,1.63
DeSoto County,2020-11-08,10.57
Dixie County,2020-11-08,0.15
Duval County,2020-11-08,3.88
Escambia County,2020-11-08,0.0
Flagler County,2020-11-08,1.12
Franklin County,2020-11-08,0.04
Gadsden County,2020-11-08,0.26
Gilchrist County,2020-11-08,0.16
Glades County,2020-11-08,17.45
Gulf County,2020-11-08,0.0
Hamilton County,2020-11-08,1.98
Hardee County,2020-11-08,5.42
Hendry County,2020-11-08,15.19
Hernando County,2020-11-08,0.0
Highlands County,2020-11-08,11.55
Hillsborough County,2020-11-08,1.08
Holmes County,2020-11-08,0.0
Indian River County,2020-11-08,16.0
Jackson County,2020-11-08,0.0
Jefferson County,2020-11-08,0.77
Lafayette County,2020-11-08,0.86
Lake County,2020-11-08,0.35
Lee County,2020-11-08,15.38
Leon County,2020-11-08,0.57
Levy County,2020-11-08,0.0
Liberty County,2020-11-08,0.01
Madison County,2020-11-08,1.11
Manatee County,2020-11-08,2.98
Marion County,2020-11-08,0.01
Martin County,2020-11-08,15.74
Miami-Dade County,2020-11-08,35.46
Monroe County,2020-11-08,47.25
Nassau County,2020-11-08,4.29
Okaloosa County,2020-11-08,0.0
Okeechobee County,2020-11-08,17.74
Orange County,2020-11-08,1.4
Osceola County,2020-11-08,4.93
Palm Beach County,2020-11-08,15.43
Pasco County,2020-11-08,0.05
Pinellas County,2020-11-08,0.23
Polk County,2020-11-08,2.98
Putnam County,2020-11-08,0.72
St. Johns County,2020-11-08,2.24
St. Lucie County,2020-11-08,23.58
Santa Rosa County,2020-11-08,0.0
Sarasota County,2020-11-08,4.94
Seminole County,2020-11-08,1.28
Sumter County,2020-11-08,0.02
Suwannee County,2020-11-08,1.42
Taylor County,2020-11-08,0.64
Union County,2020-11-08,1.13
Volusia County,2020-11-08,1.51
Wakulla County,2020-11-08,0.39
Walton County,2020-11-08,0.0
Washington County,2020-11-08,0.0
Alachua County,2020-11-09,2.15
Baker County,2020-11-09,7.14
Bay County,2020-11-09,0.0
Bradford County,2020-11-09,5.34
Brevard County,2020-11-09,10.42
Broward County,2020-11-09,110.15
Calhoun County,2020-11-09,0.0
Charlotte County,2020-11-09,24.8
Citrus County,2020-11-09,0.41
Clay County,2020-11-09,6.08
Collier County,2020-11-09,45.2
Columbia County,2020-11-09,3.38
DeSoto County,2020-11-09,16.72
Dixie County,2020-11-09,0.0
Duval County,2020-11-09,7.07
Escambia County,2020-11-09,0.0
Flagler County,2020-11-09,3.37
Franklin County,2020-11-09,0.0
Gadsden County,2020-11-09,0.0
Gilchrist County,2020-11-09,0.44
Glades County,2020-11-09,28.17
Gulf County,2020-11-09,0.0
Hamilton County,2020-11-09,1.99
Hardee County,2020-11-09,8.19
Hendry County,2020-11-09,37.29
Hernando County,2020-11-09,0.53
Highlands County,2020-11-09,17.38
Hillsborough County,2020-11-09,1.98
Holmes County,2020-11-09,0.0
Indian River County,2020-11-09,29.83
Jackson County,2020-11-09,0.0
Jefferson County,2020-11-09,0.0
Lafayette County,2020-11-09,0.01
Lake County,2020-11-09,3.58
Lee County,2020-11-09,33.88
Leon County,2020-11-09,0.0
Levy County,2020-11-09,0.18
Liberty County,2020-11-09,0.0
Madison County,2020-11-09,0.0
Manatee County,2020-11-09,4.2
Marion County,2020-11-09,1.96
Martin County,2020-11-09,58.0
Miami-Dade County,2020-11-09,94.49
Monroe County,2020-11-09,82.42
Nassau County,2020-11-09,7.9
Okaloosa County,2020-11-09,0.0
Okeechobee County,2020-11-09,28.98
Orange County,2020-11-09,7.63
Osceola County,2020-11-09,13.01
Palm Beach County,2020-11-09,75.15
Pasco County,2020-11-09,0.9
Pinellas County,2020-11-09,0.7
Polk County,2020-11-09,7.02
Putnam County,2020-11-09,3.86
St. Johns County,2020-11-09,4.8
St. Lucie County,2020-11-09,47.9
Santa Rosa County,2020-11-09,0.0
Sarasota County,2020-11-09,7.39
Seminole County,2020-11-09,4.81
Sumter County,2020-11-09,1.32
Suwannee County,2020-11-09,0.75
Taylor County,2020-11-09,0.0
Union County,2020-11-09,4.61
Volusia County,2020-11-09,3.79
Wakulla County,2020-11-09,0.0
Walton County,2020-11-09,0.0
Washington County,2020-11-09,0.0
Alachua County,2020-11-10,17.96
Baker County,2020-11-10,9.5
Bay County,2020-11-10,0.06
Bradford County,2020-11-10,15.27
Brevard County,2020-11-10,18.93
Broward County,2020-11-10,21.78
Calhoun County,2020-11-10,0.3
Charlotte County,2020-11-10,23.6
Citrus County,2020-11-10,17.26
Clay County,2020-11-10,13.9
Collier County,2020-11-10,15.95
Columbia County,2020-11-10,9.99
DeSoto County,2020-11-10,16.74
Dixie County,2020-11-10,7.49
Duval County,2020-11-10,7.07
Escambia County,2020-11-10,0.0
Flagler County,2020-11-10,25.72
Franklin County,2020-11-10,1.41
Gadsden County,2020-11-10,1.28
Gilchrist County,2020-11-10,11.0
Glades County,2020-11-10,19.58
Gulf County,2020-11-10,0.84
Hamilton County,2020-11-10,7.29
Hardee County,2020-11-10,9.95
Hendry County,2020-11-10,17.52
Hernando County,2020-11-10,13.79
Highlands County,2020-11-10,12.03
Hillsborough County,2020-11-10,12.23
Holmes County,2020-11-10,0.0
Indian River County,2020-11-10,15.1
Jackson County,2020-11-10,0.0
Jefferson County,2020-11-10,3.18
Lafayette County,2020-11-10,6.43
Lake County,2020-11-10,23.46
Lee County,2020-11-10,24.02
Leon County,2020-11-10,2.31
Levy County,2020-11-10,12.99
Liberty County,2020-11-10,1.0
Madison County,2020-11-10,4.43
Manatee County,2020-11-10,11.91
Marion County,2020-11-10,24.19
Martin County,2020-11-10,24.51
Miami-Dade County,2020-11-10,18.23
Monroe County,2020-11-10,17.75
Nassau County,2020-11-10,6.26
Okaloosa County,2020-11-10,0.0
Okeechobee County,2020-11-10,15.18
Orange County,2020-11-10,23.16
Osceola County,2020-11-10,15.4
Palm Beach County,2020-11-10,22.77
Pasco County,2020-11-10,13.07
Pinellas County,2020-11-10,10.34
Polk County,2020-11-10,11.93
Putnam County,2020-11-10,22.04
St. Johns County,2020-11-10,14.99
St. Lucie County,2020-11-10,20.07
Santa Rosa County,2020-11-10,0.0
Sarasota County,2020-11-10,14.65
Seminole County,2020-11-10,24.65
Sumter County,2020-11-10,18.43
Suwannee County,2020-11-10,7.67
Taylor County,2020-11-10,4.18
Union County,2020-11-10,13.24
Volusia County,2020-11-10,28.99
Wakulla County,2020-11-10,2.53
Walton County,2020-11-10,0.0
Washington County,2020-11-10,0.0
Alachua County,2020-11-11,7.47
Baker County,2020-11-11,7.25
Bay County,2020-11-11,3.48
Bradford County,2020-11-11,8.33
Brevard County,2020-11-11,8.32
Broward County,2020-11-11,5.83
Calhoun County,2020-11-11,3.96
Charlotte County,2020-11-11,17.03
Citrus County,2020-11-11,8.98
Clay County,2020-11-11,10.05
Collier County,2020-11-11,6.98
Columbia County,2020-11-11,6.28
DeSoto County,2020-11-11,13.46
Dixie County,2020-11-11,3.49
Duval County,2020-11-11,9.5
Escambia County,2020-11-11,1.38
Flagler County,2020-11-11,13.23
Franklin County,2020-11-11,5.39
Gadsden County,2020-11-11,6.63
Gilchrist County,2020-11-11,4.18
Glades County,2020-11-11,10.16
Gulf County,2020-11-11,4.39
Hamilton County,2020-11-11,6.87
Hardee County,2020-11-11,8.94
Hendry County,2020-11-11,7.61
Hernando County,2020-11-11,8.2
Highlands County,2020-11-11,7.81
Hillsborough County,2020-11-11,10.33
Holmes County,2020-11-11,1.42
Indian River County,2020-11-11,10.7
Jackson County,2020-11-11,3.07
Jefferson County,2020-11-11,6.84
Lafayette County,2020-11-11,3.85
Lake County,2020-11-11,11.11
Lee County,2020-11-11,14.59
Leon County,2020-11-11,8.97
Levy County,2020-11-11,4.71
Liberty County,2020-11-11,5.51
Madison County,2020-11-11,5.51
Manatee County,2020-11-11,11.88
Marion County,2020-11-11,11.0
Martin County,2020-11-11,10.47
Miami-Dade County,2020-11-11,5.04
Monroe County,2020-11-11,6.14
Nassau County,2020-11-11,10.26
Okaloosa County,2020-11-11,1.16
Okeechobee County,2020-11-11,8.7
Orange County,2020-11-11,9.81
Osceola County,2020-11-11,7.52
Palm Beach County,2020-11-11,6.94
Pasco County,2020-11-11,8.91
Pinellas County,2020-11-11,9.28
Polk County,2020-11-11,8.25
Putnam County,2020-11-11,11.96
St. Johns County,2020-11-11,11.44
St. Lucie County,2020-11-11,12.29
Santa Rosa County,2020-11-11,1.07
Sarasota County,2020-11-11,14.36
Seminole County,2020-11-11,10.01
Sumter County,2020-11-11,9.4
Suwannee County,2020-11-11,5.0
Taylor County,2020-11-11,4.46
Union County,2020-11-11,6.92
Volusia County,2020-11-11,12.82
Wakulla County,2020-11-11,9.1
Walton County,2020-11-11,1.71
Washington County,2020-11-11,2.17
Alachua County,2020-11-12,9.58
Baker County,2020-11-12,4.08
Bay County,2020-11-12,0.53
Bradford County,2020-11-12,6.64
Brevard County,2020-11-12,10.53
Broward County,2020-11-12,8.65
Calhoun County,2020-11-12,0.85
Charlotte County,2020-11-12,50.09
Citrus County,2020-11-12,48.15
Clay County,2020-11-12,5.85
Collier County,2020-11-12,6.83
Columbia County,2020-11-12,4.54
DeSoto County,2020-11-12,45.43
Dixie County,2020-11-12,7.6
Duval County,2020-11-12,2.43
Escambia County,2020-11-12,1.8
Flagler County,2020-11-12,13.72
Franklin County,2020-11-12,3.37
Gadsden County,2020-11-12,4.14
Gilchrist County,2020-11-12,6.07
Glades County,2020-11-12,9.24
Gulf County,2020-11-12,0.03
Hamilton County,2020-11-12,3.88
Hardee County,2020-11-12,42.61
Hendry County,2020-11-12,6.56
Hernando County,2020-11-12,65.77
Highlands County,2020-11-12,13.6
Hillsborough County,2020-11-12,111.41
Holmes County,2020-11-12,0.14
Indian River County,2020-11-12,11.33
Jackson County,2020-11-12,1.56
Jefferson County,2020-11-12,5.69
Lafayette County,2020-11-12,4.99
Lake County,2020-11-12,34.38
Lee County,2020-11-12,25.71
Leon County,2020-11-12,6.03
Levy County,2020-11-12,14.23
Liberty County,2020-11-12,2.06
Madison County,2020-11-12,4.26
Manatee County,2020-11-12,104.2
Marion County,2020-11-12,25.91
Martin County,2020-11-12,9.15
Miami-Dade County,2020-11-12,9.6
Monroe County,2020-11-12,9.07
Nassau County,2020-11-12,2.3
Okaloosa County,2020-11-12,1.35
Okeechobee County,2020-11-12,11.96
Orange County,2020-11-12,24.22
Osceola County,2020-11-12,17.34
Palm Beach County,2020-11-12,7.33
Pasco County,2020-11-12,92.08
Pinellas County,2020-11-12,136.05
Polk County,2020-11-12,44.6
Putnam County,2020-11-12,12.39
St. Johns County,2020-11-12,6.12
St. Lucie County,2020-11-12,11.76
Santa Rosa County,2020-11-12,1.76
Sarasota County,2020-11-12,101.71
Seminole County,2020-11-12,19.75
Sumter County,2020-11-12,43.13
Suwannee County,2020-11-12,4.49
Taylor County,2020-11-12,5.72
Union County,2020-11-12,5.72
Volusia County,2020-11-12,18.52
Wakulla County,2020-11-12,6.35
Walton County,2020-11-12,0.85
Washington County,2020-11-12,0.68
Alachua County,2020-11-13,4.77
Baker County,2020-11-13,3.61
Bay County,2020-11-13,0.0
Bradford County,2020-11-13,5.26
Brevard County,2020-11-13,2.72
Broward County,2020-11-13,10.8
Calhoun County,2020-11-13,0.0
Charlotte County,2020-11-13,5.19
Citrus County,2020-11-13,3.5
Clay County,2020-11-13,6.62
Collier County,2020-11-13,3.28
Columbia County,2020-11-13,2.78
DeSoto County,2020-11-13,4.95
Dixie County,2020-11-13,1.13
Duval County,2020-11-13,6.21
Escambia County,2020-11-13,0.0
Flagler County,2020-11-13,10.24
Franklin County,2020-11-13,0.0
Gadsden County,2020-11-13,0.0
Gilchrist County,2020-11-13,1.88
Glades County,2020-11-13,2.93
Gulf County,2020-11-13,0.0
Hamilton County,2020-11-13,2.07
Hardee County,2020-11-13,4.55
Hendry County,2020-11-13,3.05
Hernando County,2020-11-13,3.88
Highlands County,2020-11-13,2.52
Hillsborough County,2020-11-13,7.62
Holmes County,2020-11-13,0.0
Indian River County,2020-11-13,1.27
Jackson County,2020-11-13,0.0
Jefferson County,2020-11-13,0.45
Lafayette County,2020-11-13,1.11
Lake County,2020-11-13,5.5
Lee County,2020-11-13,3.71
Leon County,2020-11-13,0.1
Levy County,2020-11-13,2.12
Liberty County,2020-11-13,0.0
Madison County,2020-11-13,0.95
Manatee County,2020-11-13,6.45
Marion County,2020-11-13,5.67
Martin County,2020-11-13,2.45
Miami-Dade County,2020-11-13,15.0
Monroe County,2020-11-13,8.97
Nassau County,2020-11-13,6.04
Okaloosa County,2020-11-13,0.0
Okeechobee County,2020-11-13,1.78
Orange County,2020-11-13,4.79
Osceola County,2020-11-13,2.76
Palm Beach County,2020-11-13,4.94
Pasco County,2020-11-13,5.65
Pinellas County,2020-11-13,7.37
Polk County,2020-11-13,5.05
Putnam County,2020-11-13,8.17
St. Johns County,2020-11-13,8.78
St. Lucie County,2020-11-13,1.66
Santa Rosa County,2020-11-13,0.0
Sarasota County,2020-11-13,5.76
Seminole County,2020-11-13,5.71
Sumter County,2020-11-13,3.42
Suwannee County,2020-11-13,1.65
Taylor County,2020-11-13,0.76
Union County,2020-11-13,3.89
Volusia County,2020-11-13,8.76
Wakulla County,2020-11-13,0.11
Walton County,2020-11-13,0.0
Washington County,2020-11-13,0.0
Alachua County,2020-11-14,0.0
Baker County,2020-11-14,0.0
Bay County,2020-11-14,0.0
Bradford County,2020-11-14,0.0
Brevard County,2020-11-14,0.0
Broward County,2020-11-14,0.75
Calhoun County,2020-11-14,0.0
Charlotte County,2020-11-14,0.0
Citrus County,2020-11-14,0.0
Clay County,2020-11-14,0.0
Collier County,2020-11-14,0.98
Columbia County,2020-11-14,0.0
DeSoto County,2020-11-14,0.0
Dixie County,2020-11-14,0.0
Duval County,2020-11-14,0.0
Escambia County,2020-11-14,0.0
Flagler County,2020-11-14,0.0
Franklin County,2020-11-14,0.0
Gadsden County,2020-11-14,0.0
Gilchrist County,2020-11-14,0.0
Glades County,2020-11-14,0.03
Gulf County,2020-11-14,0.0
Hamilton County,2020-11-14,0.0
Hardee County,2020-11-14,0.0
Hendry County,2020-11-14,0.17
Hernando County,2020-11-14,0.0
Highlands County,2020-11-14,0.0
Hillsborough County,2020-11-14,0.0
Holmes County,2020-11-14,0.0
Indian River County,2020-11-14,0.0
Jackson County,2020-11-14,0.0
Jefferson County,2020-11-14,0.0
Lafayette County,2020-11-14,0.0
Lake County,2020-11-14,0.0
Lee County,2020-11-14,0.0
Leon County,2020-11-14,0.0
Levy County,2020-11-14,0.0
Liberty County,2020-11-14,0.0
Madison County,2020-11-14,0.0
Manatee County,2020-11-14,0.0
Marion County,2020-11-14,0.0
Martin County,2020-11-14,0.0
Miami-Dade County,2020-11-14,3.6
Monroe County,2020-11-14,8.84
Nassau County,2020-11-14,0.0
Okaloosa County,2020-11-14,0.0
Okeechobee County,2020-11-14,0.03
Orange County,2020-11-14,0.0
Osceola County,2020-11-14,0.0
Palm Beach County,2020-11-14,0.05
Pasco County,2020-11-14,0.0
Pinellas County,2020-11-14,0.0
Polk County,2020-11-14,0.0
Putnam County,2020-11-14,0.0
St. Johns County,2020-11-14,0.0
St. Lucie County,2020-11-14,0.0
Santa Rosa County,2020-11-14,0.0
Sarasota County,2020-11-14,0.19
Seminole County,2020-11-14,0.0
Sumter County,2020-11-14,0.0
Suwannee County,2020-11-14,0.0
Taylor County,2020-11-14,0.0
Union County,2020-11-14,0.0
Volusia County,2020-11-14,0.0
Wakulla County,2020-11-14,0.0
Walton County,2020-11-14,0.0
Washington County,2020-11-14,0.0
Alachua County,2020-11-15,0.0
Baker County,2020-11-15,0.0
Bay County,2020-11-15,0.0
Bradford County,2020-11-15,0.0
Brevard County,2020-11-15,1.72
Broward County,2020-11-15,0.65
Calhoun County,2020-11-15,0.0
Charlotte County,2020-11-15,0.0
Citrus County,2020-11-15,0.0
Clay County,2020-11-15,0.0
Collier County,2020-11-15,0.24
Columbia County,2020-11-15,0.0
DeSoto County,2020-11-15,0.0
Dixie County,2020-11-15,0.0
Duval County,2020-11-15,0.0
Escambia County,2020-11-15,0.0
Flagler County,2020-11-15,0.44
Franklin County,2020-11-15,0.0
Gadsden County,2020-11-15,0.0
Gilchrist County,2020-11-15,0.0
Glades County,2020-11-15,0.07
Gulf County,2020-11-15,0.0
Hamilton County,2020-11-15,0.0
Hardee County,2020-11-15,0.0
Hendry County,2020-11-15,0.0
Hernando County,2020-11-15,0.0
Highlands County,2020-11-15,0.0
Hillsborough County,2020-11-15,0.0
Holmes County,2020-11-15,0.0
Indian River County,2020-11-15,3.31
Jackson County,2020-11-15,0.0
Jefferson County,2020-11-15,0.0
Lafayette County,2020-11-15,0.0
Lake County,2020-11-15,0.0
Lee County,2020-11-15,0.0
Leon County,2020-11-15,0.0
Levy County,2020-11-15,0.0
Liberty County,2020-11-15,0.0
Madison County,2020-11-15,0.0
Manatee County,2020-11-15,0.0
Marion County,2020-11-15,0.0
Martin County,2020-11-15,3.04
Miami-Dade County,2020-11-15,1.04
Monroe County,2020-11-15,1.05
Nassau County,2020-11-15,0.0
Okaloosa County,2020-11-15,0.0
Okeechobee County,2020-11-15,1.81
Orange County,2020-11-15,0.33
Osceola County,2020-11-15,0.57
Palm Beach County,2020-11-15,0.76
Pasco County,2020-11-15,0.0
Pinellas County,2020-11-15,0.0
Polk County,2020-11-15,0.0
Putnam County,2020-11-15,0.0
St. Johns County,2020-11-15,0.09
St. Lucie County,2020-11-15,4.87
Santa Rosa County,2020-11-15,0.0
Sarasota County,2020-11-15,0.0
Seminole County,2020-11-15,0.4
Sumter County,2020-11-15,0.0
Suwannee County,2020-11-15,0.0
Taylor County,2020-11-15,0.0
Union County,2020-11-15,0.0
Volusia County,2020-11-15,0.53
Wakulla County,2020-11-15,0.0
Walton County,2020-11-15,0.0
Washington County,2020-11-15,0.0
Alachua County,2020-11-16,1.97
Baker County,2020-11-16,3.27
Bay County,2020-11-16,0.0
Bradford County,2020-11-16,3.44
Brevard County,2020-11-16,2.68
Broward County,2020-11-16,0.03
Calhoun County,2020-11-16,0.0
Charlotte County,2020-11-16,0.0
Citrus County,2020-11-16,1.3
Clay County,2020-11-16,4.29
Collier County,2020-11-16,0.06
Columbia County,2020-11-16,1.41
DeSoto County,2020-11-16,0.0
Dixie County,2020-11-16,0.0
Duval County,2020-11-16,4.62
Escambia County,2020-11-16,0.0
Flagler County,2020-11-16,2.36
Franklin County,2020-11-16,0.0
Gadsden County,2020-11-16,0.0
Gilchrist County,2020-11-16,0.31
Glades County,2020-11-16,0.12
Gulf County,2020-11-16,0.0
Hamilton County,2020-11-16,0.02
Hardee County,2020-11-16,0.0
Hendry County,2020-11-16,0.03
Hernando County,2020-11-16,0.98
Highlands County,2020-11-16,0.05
Hillsborough County,2020-11-16,0.02
Holmes County,2020-11-16,0.0
Indian River County,2020-11-16,8.68
Jackson County,2020-11-16,0.0
Jefferson County,2020-11-16,0.0
Lafayette County,2020-11-16,0.0
Lake County,2020-11-16,3.21
Lee County,2020-11-16,0.0
Leon County,2020-11-16,0.0
Levy County,2020-11-16,0.44
Liberty County,2020-11-16,0.0
Madison County,2020-11-16,0.0
Manatee County,2020-11-16,0.0
Marion County,2020-11-16,2.57
Martin County,2020-11-16,5.38
Miami-Dade County,2020-11-16,0.0
Monroe County,2020-11-16,0.11
Nassau County,2020-11-16,3.59
Okaloosa County,2020-11-16,0.0
Okeechobee County,2020-11-16,3.54
Orange County,2020-11-16,3.75
Osceola County,2020-11-16,3.13
Palm Beach County,2020-11-16,1.53
Pasco County,2020-11-16,0.56
Pinellas County,2020-11-16,0.0
Polk County,2020-11-16,1.21
Putnam County,2020-11-16,3.35
St. Johns County,2020-11-16,3.64
St. Lucie County,2020-11-16,9.6
Santa Rosa County,2020-11-16,0.0
Sarasota County,2020-11-16,0.0
Seminole County,2020-11-16,2.56
Sumter County,2020-11-16,2.44
Suwannee County,2020-11-16,0.01
Taylor County,2020-11-16,0.0
Union County,2020-11-16,2.65
Volusia County,2020-11-16,2.18
Wakulla County,2020-11-16,0.0
Walton County,2020-11-16,0.0
Washington County,2020-11-16,0.0
Alachua County,2020-11-17,0.0
Baker County,2020-11-17,0.0
Bay County,2020-11-17,0.0
Bradford County,2020-11-17,0.0
Brevard County,2020-11-17,0.0
Broward County,2020-11-17,0.15
Calhoun County,2020-11-17,0.0
Charlotte County,2020-11-17,0.0
Citrus County,2020-11-17,0.0
Clay County,2020-11-17,0.0
Collier County,2020-11-17,0.0
Columbia County,2020-11-17,0.0
DeSoto County,2020-11-17,0.0
Dixie County,2020-11-17,0.0
Duval County,2020-11-17,0.0
Escambia County,2020-11-17,0.0
Flagler County,2020-11-17,0.0
Franklin County,2020-11-17,0.0
Gadsden County,2020-11-17,0.0
Gilchrist County,2020-11-17,0.0
Glades County,2020-11-17,0.02
Gulf County,2020-11-17,0.0
Hamilton County,2020-11-17,0.0
Hardee County,2020-11-17,0.0
Hendry County,2020-11-17,0.0
Hernando County,2020-11-17,0.0
Highlands County,2020-11-17,0.0
Hillsborough County,2020-11-17,0.0
Holmes County,2020-11-17,0.0
Indian River County,2020-11-17,0.0
Jackson County,2020-11-17,0.0
Jefferson County,2020-11-17,0.0
Lafayette County,2020-11-17,0.0
Lake County,2020-11-17,0.0
Lee County,2020-11-17,0.0
Leon County,2020-11-17,0.0
Levy County,2020-11-17,0.0
Liberty County,2020-11-17,0.0
Madison County,2020-11-17,0.0
Manatee County,2020-11-17,0.0
Marion County,2020-11-17,0.0
Martin County,2020-11-17,3.24
Miami-Dade County,2020-11-17,0.0
Monroe County,2020-11-17,0.01
Nassau County,2020-11-17,0.0
Okaloosa County,2020-11-17,0.0
Okeechobee County,2020-11-17,0.0
Orange County,2020-11-17,0.0
Osceola County,2020-11-17,0.0
Palm Beach County,2020-11-17,2.29
Pasco County,2020-11-17,0.0
Pinellas County,2020-11-17,0.0
Polk County,2020-11-17,0.0
Putnam County,2020-11-17,0.0
St. Johns County,2020-11-17,0.0
St. Lucie County,2020-11-17,0.55
Santa Rosa County,2020-11-17,0.0
Sarasota County,2020-11-17,0.0
Seminole County,2020-11-17,0.0
Sumter County,2020-11-17,0.0
Suwannee County,2020-11-17,0.0
Taylor County,2020-11-17,0.0
Union County,2020-11-17,0.0
Volusia County,2020-11-17,0.0
Wakulla County,2020-11-17,0.0
Walton County,2020-11-17,0.0
Washington County,2020-11-17,0.0
Alachua County,2020-11-18,0.0
Baker County,2020-11-18,0.0
Bay County,2020-11-18,0.0
Bradford County,2020-11-18,0.0
Brevard County,2020-11-18,0.0
Broward County,2020-11-18,0.01
Calhoun County,2020-11-18,0.0
Charlotte County,2020-11-18,0.0
Citrus County,2020-11-18,0.0
Clay County,2020-11-18,0.0
Collier County,2020-11-18,0.0
Columbia County,2020-11-18,0.0
DeSoto County,2020-11-18,0.0
Dixie County,2020-11-18,0.0
Duval County,2020-11-18,0.0
Escambia County,2020-11-18,0.0
Flagler County,2020-11-18,0.0
Franklin County,2020-11-18,0.0
Gadsden County,2020-11-18,0.0
Gilchrist County,2020-11-18,0.0
Glades County,2020-11-18,0.0
Gulf County,2020-11-18,0.0
Hamilton County,2020-11-18,0.0
Hardee County,2020-11-18,0.0
Hendry County,2020-11-18,0.0
Hernando County,2020-11-18,0.0
Highlands County,2020-11-18,0.0
Hillsborough County,2020-11-18,0.0
Holmes County,2020-11-18,0.0
Indian River County,2020-11-18,0.0
Jackson County,2020-11-18,0.0
Jefferson County,2020-11-18,0.0
Lafayette County,2020-11-18,0.0
Lake County,2020-11-18,0.0
Lee County,2020-11-18,0.0
Leon County,2020-11-18,0.0
Levy County,2020-11-18,0.0
Liberty County,2020-11-18,0.0
Madison County,2020-11-18,0.0
Manatee County,2020-11-18,0.0
Marion County,2020-11-18,0.0
Martin County,2020-11-18,0.0
Miami-Dade County,2020-11-18,0.04
Monroe County,2020-11-18,0.1
Nassau County,2020-11-18,0.0
Okaloosa County,2020-11-18,0.0
Okeechobee County,2020-11-18,0.0
Orange County,2020-11-18,0.0
Osceola County,2020-11-18,0.0
Palm Beach County,2020-11-18,0.0
Pasco County,2020-11-18,0.0
Pinellas County,2020-11-18,0.0
Polk County,2020-11-18,0.0
Putnam County,2020-11-18,0.0
St. Johns County,2020-11-18,0.0
St. Lucie County,2020-11-18,0.0
Santa Rosa County,2020-11-18,0.0
Sarasota County,2020-11-18,0.0
Seminole County,2020-11-18,0.0
Sumter County,2020-11-18,0.0
Suwannee County,2020-11-18,0.0
Taylor County,2020-11-18,0.0
Union County,2020-11-18,0.0
Volusia County,2020-11-18,0.0
Wakulla County,2020-11-18,0.0
Walton County,2020-11-18,0.0
Washington County,2020-11-18,0.0
Alachua County,2020-11-19,0.0
Baker County,2020-11-19,0.0
Bay County,2020-11-19,0.0
Bradford County,2020-11-19,0.0
Brevard County,2020-11-19,0.04
Broward County,2020-11-19,0.0
Calhoun County,2020-11-19,0.0
Charlotte County,2020-11-19,0.0
Citrus County,2020-11-19,0.0
Clay County,2020-11-19,0.0
Collier County,2020-11-19,0.0
Columbia County,2020-11-19,0.0
DeSoto County,2020-11-19,0.0
Dixie County,2020-11-19,0.0
Duval County,2020-11-19,0.0
Escambia County,2020-11-19,0.0
Flagler County,2020-11-19,0.0
Franklin County,2020-11-19,0.0
Gadsden County,2020-11-19,0.0
Gilchrist County,2020-11-19,0.0
Glades County,2020-11-19,0.0
Gulf County,2020-11-19,0.0
Hamilton County,2020-11-19,0.0
Hardee County,2020-11-19,0.0
Hendry County,2020-11-19,0.0
Hernando County,2020-11-19,0.0
Highlands County,2020-11-19,0.0
Hillsborough County,2020-11-19,0.0
Holmes County,2020-11-19,0.0
Indian River County,2020-11-19,0.03
Jackson County,2020-11-19,0.0
Jefferson County,2020-11-19,0.0
Lafayette County,2020-11-19,0.0
Lake County,2020-11-19,0.0
Lee County,2020-11-19,0.0
Leon County,2020-11-19,0.0
Levy County,2020-11-19,0.0
Liberty County,2020-11-19,0.0
Madison County,2020-11-19,0.0
Manatee County,2020-11-19,0.0
Marion County,2020-11-19,0.0
Martin County,2020-11-19,0.0
Miami-Dade County,2020-11-19,0.0
Monroe County,2020-11-19,0.0
Nassau County,2020-11-19,0.0
Okaloosa County,2020-11-19,0.0
Okeechobee County,2020-11-19,0.05
Orange County,2020-11-19,0.0
Osceola County,2020-11-19,0.03
Palm Beach County,2020-11-19,0.0
Pasco County,2020-11-19,0.0
Pinellas County,2020-11-19,0.0
Polk County,2020-11-19,0.0
Putnam County,2020-11-19,0.0
St. Johns County,2020-11-19,0.0
St. Lucie County,2020-11-19,0.0
Santa Rosa County,2020-11-19,0.0
Sarasota County,2020-11-19,0.0
Seminole County,2020-11-19,0.0
Sumter County,2020-11-19,0.0
Suwannee County,2020-11-19,0.0
Taylor County,2020-11-19,0.0
Union County,2020-11-19,0.0
Volusia County,2020-11-19,0.0
Wakulla County,2020-11-19,0.0
Walton County,2020-11-19,0.0
Washington County,2020-11-19,0.0
Alachua County,2020-11-20,0.0
Baker County,2020-11-20,0.0
Bay County,2020-11-20,0.0
Bradford County,2020-11-20,0.0
Brevard County,2020-11-20,0.61
Broward County,2020-11-20,0.48
Calhoun County,2020-11-20,0.0
Charlotte County,2020-11-20,0.0
Citrus County,2020-11-20,0.0
Clay County,2020-11-20,0.72
Collier County,2020-11-20,0.0
Columbia County,2020-11-20,0.0
DeSoto County,2020-11-20,0.0
Dixie County,2020-11-20,0.0
Duval County,2020-11-20,1.25
Escambia County,2020-11-20,0.0
Flagler County,2020-11-20,2.08
Franklin County,2020-11-20,0.0
Gadsden County,2020-11-20,0.0
Gilchrist County,2020-11-20,0.0
Glades County,2020-11-20,0.0
Gulf County,2020-11-20,0.0
Hamilton County,2020-11-20,0.0
Hardee County,2020-11-20,0.0
Hendry County,2020-11-20,0.0
Hernando County,2020-11-20,0.0
Highlands County,2020-11-20,0.0
Hillsborough County,2020-11-20,0.0
Holmes County,2020-11-20,0.0
Indian River County,2020-11-20,0.7
Jackson County,2020-11-20,0.0
Jefferson County,2020-11-20,0.0
Lafayette County,2020-11-20,0.0
Lake County,2020-11-20,0.21
Lee County,2020-11-20,0.0
Leon County,2020-11-20,0.0
Levy County,2020-11-20,0.0
Liberty County,2020-11-20,0.0
Madison County,2020-11-20,0.0
Manatee County,2020-11-20,0.0
Marion County,2020-11-20,0.15
Martin County,2020-11-20,0.81
Miami-Dade County,2020-11-20,0.63
Monroe County,2020-11-20,0.02
Nassau County,2020-11-20,0.4
Okaloosa County,2020-11-20,0.0
Okeechobee County,2020-11-20,0.23
Orange County,2020-11-20,0.15
Osceola County,2020-11-20,0.12
Palm Beach County,2020-11-20,0.24
Pasco County,2020-11-20,0.0
Pinellas County,2020-11-20,0.0
Polk County,2020-11-20,0.0
Putnam County,2020-11-20,0.9
St. Johns County,2020-11-20,1.99
St. Lucie County,2020-11-20,0.92
Santa Rosa County,2020-11-20,0.0
Sarasota County,2020-11-20,0.0
Seminole County,2020-11-20,0.42
Sumter County,2020-11-20,0.0
Suwannee County,2020-11-20,0.0
Taylor County,2020-11-20,0.0
Union County,2020-11-20,0.0
Volusia County,2020-11-20,1.42
Wakulla County,2020-11-20,0.0
Walton County,2020-11-20,0.0
Washington County,2020-11-20,0.0
Alachua County,2020-11-21,0.06
Baker County,2020-11-21,0.05
Bay County,2020-11-21,0.0
Bradford County,2020-11-21,0.28
Brevard County,2020-11-21,3.1
Broward County,2020-11-21,0.38
Calhoun County,2020-11-21,0.0
Charlotte County,2020-11-21,0.26
Citrus County,2020-11-21,0.0
Clay County,2020-11-21,1.14
Collier County,2020-11-21,0.0
Columbia County,2020-11-21,0.0
DeSoto County,2020-11-21,0.44
Dixie County,2020-11-21,0.0
Duval County,2020-11-21,0.91
Escambia County,2020-11-21,0.0
Flagler County,2020-11-21,3.9
Franklin County,2020-11-21,0.0
Gadsden County,2020-11-21,0.0
Gilchrist County,2020-11-21,0.0
Glades County,2020-11-21,0.74
Gulf County,2020-11-21,0.0
Hamilton County,2020-11-21,0.0
Hardee County,2020-11-21,0.37
Hendry County,2020-11-21,0.2
Hernando County,2020-11-21,0.0
Highlands County,2020-11-21,0.81
Hillsborough County,2020-11-21,0.0
Holmes County,2020-11-21,0.0
Indian River County,2020-11-21,2.86
Jackson County,2020-11-21,0.0
Jefferson County,2020-11-21,0.0
Lafayette County,2020-11-21,0.0
Lake County,2020-11-21,1.15
Lee County,2020-11-21,0.05
Leon County,2020-11-21,0.0
Levy County,2020-11-21,0.0
Liberty County,2020-11-21,0.0
Madison County,2020-11-21,0.0
Manatee County,2020-11-21,0.0
Marion County,2020-11-21,0.68
Martin County,2020-11-21,1.71
Miami-Dade County,2020-11-21,1.51
Monroe County,2020-11-21,0.12
Nassau County,2020-11-21,0.39
Okaloosa County,2020-11-21,0.0
Okeechobee County,2020-11-21,1.7
Orange County,2020-11-21,1.8
Osceola County,2020-11-21,1.55
Palm Beach County,2020-11-21,0.63
Pasco County,2020-11-21,0.0
Pinellas County,2020-11-21,0.0
Polk County,2020-11-21,0.46
Putnam County,2020-11-21,1.93
St. Johns County,2020-11-21,2.43
St. Lucie County,2020-11-21,2.88
Santa Rosa County,2020-11-21,0.0
Sarasota County,2020-11-21,0.0
Seminole County,2020-11-21,2.42
Sumter County,2020-11-21,0.0
Suwannee County,2020-11-21,0.0
Taylor County,2020-11-21,0.0
Union County,2020-11-21,0.0
Volusia County,2020-11-21,3.72
Wakulla County,2020-11-21,0.0
Walton County,2020-11-21,0.0
Washington County,2020-11-21,0.0
Alachua County,2020-11-22,1.31
Baker County,2020-11-22,0.41
Bay County,2020-11-22,0.0
Bradford County,2020-11-22,1.52
Brevard County,2020-11-22,15.74
Broward County,2020-11-22,3.72
Calhoun County,2020-11-22,0.0
Charlotte County,2020-11-22,3.37
Citrus County,2020-11-22,0.74
Clay County,2020-11-22,2.62
Collier County,2020-11-22,0.81
Columbia County,2020-11-22,0.0
DeSoto County,2020-11-22,4.08
Dixie County,2020-11-22,0.0
Duval County,2020-11-22,1.8
Escambia County,2020-11-22,0.0
Flagler County,2020-11-22,11.41
Franklin County,2020-11-22,0.0
Gadsden County,2020-11-22,0.0
Gilchrist County,2020-11-22,0.0
Glades County,2020-11-22,3.04
Gulf County,2020-11-22,0.0
Hamilton County,2020-11-22,0.0
Hardee County,2020-11-22,3.37
Hendry County,2020-11-22,1.51
Hernando County,2020-11-22,0.68
Highlands County,2020-11-22,4.31
Hillsborough County,2020-11-22,1.79
Holmes County,2020-11-22,0.0
Indian River County,2020-11-22,12.15
Jackson County,2020-11-22,0.0
Jefferson County,2020-11-22,0.0
Lafayette County,2020-11-22,0.0
Lake County,2020-11-22,4.41
Lee County,2020-11-22,1.69
Leon County,2020-11-22,0.0
Levy County,2020-11-22,0.25
Liberty County,2020-11-22,0.0
Madison County,2020-11-22,0.0
Manatee County,2020-11-22,2.38
Marion County,2020-11-22,2.92
Martin County,2020-11-22,6.57
Miami-Dade County,2020-11-22,5.23
Monroe County,2020-11-22,2.98
Nassau County,2020-11-22,0.9
Okaloosa County,2020-11-22,0.0
Okeechobee County,2020-11-22,7.17
Orange County,2020-11-22,8.32
Osceola County,2020-11-22,7.77
Palm Beach County,2020-11-22,3.22
Pasco County,2020-11-22,0.96
Pinellas County,2020-11-22,0.88
Polk County,2020-11-22,3.35
Putnam County,2020-11-22,5.1
St. Johns County,2020-11-22,5.62
St. Lucie County,2020-11-22,10.67
Santa Rosa County,2020-11-22,0.0
Sarasota County,2020-11-22,2.56
Seminole County,2020-11-22,10.48
Sumter County,2020-11-22,1.28
Suwannee County,2020-11-22,0.0
Taylor County,2020-11-22,0.0
Union County,2020-11-22,0.66
Volusia County,2020-11-22,14.96
Wakulla County,2020-11-22,0.0
Walton County,2020-11-22,0.0
Washington County,2020-11-22,0.0
Alachua County,2020-11-23,3.61
Baker County,2020-11-23,1.88
Bay County,2020-11-23,0.0
Bradford County,2020-11-23,3.55
Brevard County,2020-11-23,13.33
Broward County,2020-11-23,4.41
Calhoun County,2020-11-23,0.0
Charlotte County,2020-11-23,0.0
Citrus County,2020-11-23,0.21
Clay County,2020-11-23,4.94
Collier County,2020-11-23,0.53
Columbia County,2020-11-23,1.53
DeSoto County,2020-11-23,0.0
Dixie County,2020-11-23,0.07
Duval County,2020-11-23,3.39
Escambia County,2020-11-23,0.0
Flagler County,2020-11-23,18.24
Franklin County,2020-11-23,0.0
Gadsden County,2020-11-23,0.0
Gilchrist County,2020-11-23,1.89
Glades County,2020-11-23,0.12
Gulf County,2020-11-23,0.0
Hamilton County,2020-11-23,0.38
Hardee County,2020-11-23,0.0
Hendry County,2020-11-23,0.07
Hernando County,2020-11-23,0.0
Highlands County,2020-11-23,0.18
Hillsborough County,2020-11-23,0.0
Holmes County,2020-11-23,0.0
Indian River County,2020-11-23,8.97
Jackson County,2020-11-23,0.0
Jefferson County,2020-11-23,0.0
Lafayette County,2020-11-23,0.09
Lake County,2020-11-23,4.88
Lee County,2020-11-23,0.0
Leon County,2020-11-23,0.0
Levy County,2020-11-23,1.68
Liberty County,2020-11-23,0.0
Madison County,2020-11-23,0.0
Manatee County,2020-11-23,0.0
Marion County,2020-11-23,5.01
Martin County,2020-11-23,3.19
Miami-Dade County,2020-11-23,5.11
Monroe County,2020-11-23,2.54
Nassau County,2020-11-23,2.19
Okaloosa County,2020-11-23,0.0
Okeechobee County,2020-11-23,4.34
Orange County,2020-11-23,7.09
Osceola County,2020-11-23,5.5
Palm Beach County,2020-11-23,1.79
Pasco County,2020-11-23,0.0
Pinellas County,2020-11-23,0.0
Polk County,2020-11-23,0.34
Putnam County,2020-11-23,8.73
St. Johns County,2020-11-23,9.51
St. Lucie County,2020-11-23,6.58
Santa Rosa County,2020-11-23,0.0
Sarasota County,2020-11-23,0.0
Seminole County,2020-11-23,10.7
Sumter County,2020-11-23,0.82
Suwannee County,2020-11-23,0.46
Taylor County,2020-11-23,0.0
Union County,2020-11-23,2.53
Volusia County,2020-11-23,19.97
Wakulla County,2020-11-23,0.0
Walton County,2020-11-23,0.0
Washington County,2020-11-23,0.0
Alachua County,2020-11-24,0.0
Baker County,2020-11-24,0.0
Bay County,2020-11-24,0.0
Bradford County,2020-11-24,0.0
Brevard County,2020-11-24,0.0
Broward County,2020-11-24,0.0
Calhoun County,2020-11-24,0.0
Charlotte County,2020-11-24,0.0
Citrus County,2020-11-24,0.0
Clay County,2020-11-24,0.0
Collier County,2020-11-24,0.0
Columbia County,2020-11-24,0.0
DeSoto County,2020-11-24,0.01
Dixie County,2020-11-24,0.0
Duval County,2020-11-24,0.13
Escambia County,2020-11-24,0.0
Flagler County,2020-11-24,0.0
Franklin County,2020-11-24,0.0
Gadsden County,2020-11-24,0.0
Gilchrist County,2020-11-24,0.0
Glades County,2020-11-24,0.0
Gulf County,2020-11-24,0.0
Hamilton County,2020-11-24,0.0
Hardee County,2020-11-24,0.0
Hendry County,2020-11-24,0.0
Hernando County,2020-11-24,0.0
Highlands County,2020-11-24,0.0
Hillsborough County,2020-11-24,0.0
Holmes County,2020-11-24,0.0
Indian River County,2020-11-24,0.0
Jackson County,2020-11-24,0.0
Jefferson County,2020-11-24,0.0
Lafayette County,2020-11-24,0.0
Lake County,2020-11-24,0.0
Lee County,2020-11-24,0.0
Leon County,2020-11-24,0.0
Levy County,2020-11-24,0.0
Liberty County,2020-11-24,0.0
Madison County,2020-11-24,0.0
Manatee County,2020-11-24,0.0
Marion County,2020-11-24,0.0
Martin County,2020-11-24,0.0
Miami-Dade County,2020-11-24,0.02
Monroe County,2020-11-24,0.18
Nassau County,2020-11-24,0.0
Okaloosa County,2020-11-24,0.0
Okeechobee County,2020-11-24,0.0
Orange County,2020-11-24,0.0
Osceola County,2020-11-24,0.0
Palm Beach County,2020-11-24,0.0
Pasco County,2020-11-24,0.0
Pinellas County,2020-11-24,0.0
Polk County,2020-11-24,0.0
Putnam County,2020-11-24,0.0
St. Johns County,2020-11-24,0.0
St. Lucie County,2020-11-24,0.0
Santa Rosa County,2020-11-24,0.0
Sarasota County,2020-11-24,0.0
Seminole County,2020-11-24,0.0
Sumter County,2020-11-24,0.0
Suwannee County,2020-11-24,0.0
Taylor County,2020-11-24,0.0
Union County,2020-11-24,0.0
Volusia County,2020-11-24,0.0
Wakulla County,2020-11-24,0.0
Walton County,2020-11-24,0.0
Washington County,2020-11-24,0.0
Alachua County,2020-11-25,0.0
Baker County,2020-11-25,0.0
Bay County,2020-11-25,0.0
Bradford County,2020-11-25,0.0
Brevard County,2020-11-25,0.0
Broward County,2020-11-25,0.05
Calhoun County,2020-11-25,0.0
Charlotte County,2020-11-25,0.0
Citrus County,2020-11-25,0.0
Clay County,2020-11-25,0.0
Collier County,2020-11-25,0.0
Columbia County,2020-11-25,0.0
DeSoto County,2020-11-25,0.0
Dixie County,2020-11-25,0.0
Duval County,2020-11-25,0.02
Escambia County,2020-11-25,0.0
Flagler County,2020-11-25,0.0
Franklin County,2020-11-25,0.0
Gadsden County,2020-11-25,0.0
Gilchrist County,2020-11-25,0.0
Glades County,2020-11-25,0.0
Gulf County,2020-11-25,0.0
Hamilton County,2020-11-25,0.0
Hardee County,2020-11-25,0.0
Hendry County,2020-11-25,0.0
Hernando County,2020-11-25,0.0
Highlands County,2020-11-25,0.0
Hillsborough County,2020-11-25,0.0
Holmes County,2020-11-25,0.0
Indian River County,2020-11-25,0.0
Jackson County,2020-11-25,0.0
Jefferson County,2020-11-25,0.0
Lafayette County,2020-11-25,0.0
Lake County,2020-11-25,0.0
Lee County,2020-11-25,0.0
Leon County,2020-11-25,0.0
Levy County,2020-11-25,0.0
Liberty County,2020-11-25,0.0
Madison County,2020-11-25,0.0
Manatee County,2020-11-25,0.0
Marion County,2020-11-25,0.0
Martin County,2020-11-25,0.0
Miami-Dade County,2020-11-25,0.94
Monroe County,2020-11-25,0.65
Nassau County,2020-11-25,0.0
Okaloosa County,2020-11-25,0.0
Okeechobee County,2020-11-25,0.0
Orange County,2020-11-25,0.0
Osceola County,2020-11-25,0.0
Palm Beach County,2020-11-25,0.0
Pasco County,2020-11-25,0.0
Pinellas County,2020-11-25,0.0
Polk County,2020-11-25,0.0
Putnam County,2020-11-25,0.0
St. Johns County,2020-11-25,0.0
St. Lucie County,2020-11-25,0.0
Santa Rosa County,2020-11-25,0.0
Sarasota County,2020-11-25,0.0
Seminole County,2020-11-25,0.0
Sumter County,2020-11-25,0.0
Suwannee County,2020-11-25,0.0
Taylor County,2020-11-25,0.0
Union County,2020-11-25,0.0
Volusia County,2020-11-25,0.0
Wakulla County,2020-11-25,0.0
Walton County,2020-11-25,0.0
Washington County,2020-11-25,0.0
Alachua County,2020-11-26,0.0
Baker County,2020-11-26,0.0
Bay County,2020-11-26,0.0
Bradford County,2020-11-26,0.0
Brevard County,2020-11-26,0.0
Broward County,2020-11-26,0.0
Calhoun County,2020-11-26,0.0
Charlotte County,2020-11-26,0.0
Citrus County,2020-11-26,0.0
Clay County,2020-11-26,0.0
Collier County,2020-11-26,0.0
Columbia County,2020-11-26,0.0
DeSoto County,2020-11-26,0.0
Dixie County,2020-11-26,0.0
Duval County,2020-11-26,0.0
Escambia County,2020-11-26,6.55
Flagler County,2020-11-26,0.0
Franklin County,2020-11-26,0.0
Gadsden County,2020-11-26,0.0
Gilchrist County,2020-11-26,0.0
Glades County,2020-11-26,0.0
Gulf County,2020-11-26,0.0
Hamilton County,2020-11-26,0.0
Hardee County,2020-11-26,0.0
Hendry County,2020-11-26,0.0
Hernando County,2020-11-26,0.0
Highlands County,2020-11-26,0.0
Hillsborough County,2020-11-26,0.0
Holmes County,2020-11-26,1.1
Indian River County,2020-11-26,0.0
Jackson County,2020-11-26,0.0
Jefferson County,2020-11-26,0.0
Lafayette County,2020-11-26,0.0
Lake County,2020-11-26,0.0
Lee County,2020-11-26,0.0
Leon County,2020-11-26,0.0
Levy County,2020-11-26,0.0
Liberty County,2020-11-26,0.0
Madison County,2020-11-26,0.0
Manatee County,2020-11-26,0.0
Marion County,2020-11-26,0.0
Martin County,2020-11-26,0.0
Miami-Dade County,2020-11-26,1.08
Monroe County,2020-11-26,1.62
Nassau County,2020-11-26,0.0
Okaloosa County,2020-11-26,2.12
Okeechobee County,2020-11-26,0.0
Orange County,2020-11-26,0.0
Osceola County,2020-11-26,0.0
Palm Beach County,2020-11-26,0.0
Pasco County,2020-11-26,0.0
Pinellas County,2020-11-26,0.0
Polk County,2020-11-26,0.0
Putnam County,2020-11-26,0.0
St. Johns County,2020-11-26,0.0
St. Lucie County,2020-11-26,0.0
Santa Rosa County,2020-11-26,4.4
Sarasota County,2020-11-26,0.0
Seminole County,2020-11-26,0.0
Sumter County,2020-11-26,0.0
Suwannee County,2020-11-26,0.0
Taylor County,2020-11-26,0.0
Union County,2020-11-26,0.0
Volusia County,2020-11-26,0.0
Wakulla County,2020-11-26,0.0
Walton County,2020-11-26,1.1
Washington County,2020-11-26,0.01
Alachua County,2020-11-27,0.0
Baker County,2020-11-27,0.0
Bay County,2020-11-27,1.23
Bradford County,2020-11-27,0.0
Brevard County,2020-11-27,0.0
Broward County,2020-11-27,0.0
Calhoun County,2020-11-27,0.89
Charlotte County,2020-11-27,0.0
Citrus County,2020-11-27,0.0
Clay County,2020-11-27,0.0
Collier County,2020-11-27,0.0
Columbia County,2020-11-27,0.63
DeSoto County,2020-11-27,0.0
Dixie County,2020-11-27,0.65
Duval County,2020-11-27,0.0
Escambia County,2020-11-27,3.62
Flagler County,2020-11-27,0.0
Franklin County,2020-11-27,0.81
Gadsden County,2020-11-27,1.25
Gilchrist County,2020-11-27,0.03
Glades County,2020-11-27,0.0
Gulf County,2020-11-27,0.72
Hamilton County,2020-11-27,2.41
Hardee County,2020-11-27,0.0
Hendry County,2020-11-27,0.0
Hernando County,2020-11-27,0.0
Highlands County,2020-11-27,0.0
Hillsborough County,2020-11-27,0.0
Holmes County,2020-11-27,1.81
Indian River County,2020-11-27,0.0
Jackson County,2020-11-27,1.33
Jefferson County,2020-11-27,1.8
Lafayette County,2020-11-27,2.21
Lake County,2020-11-27,0.0
Lee County,2020-11-27,0.0
Leon County,2020-11-27,1.56
Levy County,2020-11-27,0.0
Liberty County,2020-11-27,0.87
Madison County,2020-11-27,2.34
Manatee County,2020-11-27,0.0
Marion County,2020-11-27,0.0
Martin County,2020-11-27,0.0
Miami-Dade County,2020-11-27,0.0
Monroe County,2020-11-27,0.0
Nassau County,2020-11-27,0.0
Okaloosa County,2020-11-27,2.16
Okeechobee County,2020-11-27,0.0
Orange County,2020-11-27,0.0
Osceola County,2020-11-27,0.0
Palm Beach County,2020-11-27,0.0
Pasco County,2020-11-27,0.0
Pinellas County,2020-11-27,0.0
Polk County,2020-11-27,0.0
Putnam County,2020-11-27,0.0
St. Johns County,2020-11-27,0.0
St. Lucie County,2020-11-27,0.0
Santa Rosa County,2020-11-27,2.72
Sarasota County,2020-11-27,0.0
Seminole County,2020-11-27,0.0
Sumter County,2020-11-27,0.0
Suwannee County,2020-11-27,2.43
Taylor County,2020-11-27,1.82
Union County,2020-11-27,0.0
Volusia County,2020-11-27,0.0
Wakulla County,2020-11-27,1.49
Walton County,2020-11-27,1.97
Washington County,2020-11-27,1.37
Alachua County,2020-11-28,0.0
Baker County,2020-11-28,0.45
Bay County,2020-11-28,19.83
Bradford County,2020-11-28,0.0
Brevard County,2020-11-28,0.0
Broward County,2020-11-28,0.18
Calhoun County,2020-11-28,19.55
Charlotte County,2020-11-28,0.0
Citrus County,2020-11-28,0.0
Clay County,2020-11-28,0.0
Collier County,2020-11-28,0.0
Columbia County,2020-11-28,0.83
DeSoto County,2020-11-28,0.0
Dixie County,2020-11-28,1.12
Duval County,2020-11-28,0.0
Escambia County,2020-11-28,12.99
Flagler County,2020-11-28,0.0
Franklin County,2020-11-28,18.14
Gadsden County,2020-11-28,23.7
Gilchrist County,2020-11-28,0.0
Glades County,2020-11-28,0.0
Gulf County,2020-11-28,19.81
Hamilton County,2020-11-28,5.28
Hardee County,2020-11-28,0.0
Hendry County,2020-11-28,0.0
Hernando County,2020-11-28,0.0
Highlands County,2020-11-28,0.0
Hillsborough County,2020-11-28,0.0
Holmes County,2020-11-28,15.03
Indian River County,2020-11-28,0.0
Jackson County,2020-11-28,16.09
Jefferson County,2020-11-28,16.97
Lafayette County,2020-11-28,2.71
Lake County,2020-11-28,0.0
Lee County,2020-11-28,0.0
Leon County,2020-11-28,26.24
Levy County,2020-11-28,0.0
Liberty County,2020-11-28,21.73
Madison County,2020-11-28,9.0
Manatee County,2020-11-28,0.0
Marion County,2020-11-28,0.0
Martin County,2020-11-28,0.0
Miami-Dade County,2020-11-28,0.08
Monroe County,2020-11-28,0.0
Nassau County,2020-11-28,1.34
Okaloosa County,2020-11-28,9.73
Okeechobee County,2020-11-28,0.0
Orange County,2020-11-28,0.0
Osceola County,2020-11-28,0.0
Palm Beach County,2020-11-28,0.0
Pasco County,2020-11-28,0.0
Pinellas County,2020-11-28,0.0
Polk County,2020-11-28,0.0
Putnam County,2020-11-28,0.0
St. Johns County,2020-11-28,0.0
St. Lucie County,2020-11-28,0.0
Santa Rosa County,2020-11-28,10.85
Sarasota County,2020-11-28,0.0
Seminole County,2020-11-28,0.0
Sumter County,2020-11-28,0.0
Suwannee County,2020-11-28,2.73
Taylor County,2020-11-28,7.27
Union County,2020-11-28,0.0
Volusia County,2020-11-28,0.0
Wakulla County,2020-11-28,25.39
Walton County,2020-11-28,13.55
Washington County,2020-11-28,15.99
Alachua County,2020-11-29,0.52
Baker County,2020-11-29,2.11
Bay County,2020-11-29,1.27
Bradford County,2020-11-29,1.42
Brevard County,2020-11-29,0.0
Broward County,2020-11-29,0.0
Calhoun County,2020-11-29,1.12
Charlotte County,2020-11-29,0.0
Citrus County,2020-11-29,0.0
Clay County,2020-11-29,1.28
Collier County,2020-11-29,0.0
Columbia County,2020-11-29,2.25
DeSoto County,2020-11-29,0.0
Dixie County,2020-11-29,0.78
Duval County,2020-11-29,1.54
Escambia County,2020-11-29,2.48
Flagler County,2020-11-29,0.0
Franklin County,2020-11-29,1.08
Gadsden County,2020-11-29,2.13
Gilchrist County,2020-11-29,1.01
Glades County,2020-11-29,0.0
Gulf County,2020-11-29,0.92
Hamilton County,2020-11-29,3.6
Hardee County,2020-11-29,0.0
Hendry County,2020-11-29,0.01
Hernando County,2020-11-29,0.0
Highlands County,2020-11-29,0.0
Hillsborough County,2020-11-29,0.0
Holmes County,2020-11-29,1.19
Indian River County,2020-11-29,0.0
Jackson County,2020-11-29,1.41
Jefferson County,2020-11-29,2.91
Lafayette County,2020-11-29,1.48
Lake County,2020-11-29,0.0
Lee County,2020-11-29,0.0
Leon County,2020-11-29,2.71
Levy County,2020-11-29,0.0
Liberty County,2020-11-29,1.26
Madison County,2020-11-29,3.02
Manatee County,2020-11-29,0.0
Marion County,2020-11-29,0.0
Martin County,2020-11-29,0.0
Miami-Dade County,2020-11-29,0.0
Monroe County,2020-11-29,0.0
Nassau County,2020-11-29,2.25
Okaloosa County,2020-11-29,1.45
Okeechobee County,2020-11-29,0.0
Orange County,2020-11-29,0.0
Osceola County,2020-11-29,0.0
Palm Beach County,2020-11-29,0.0
Pasco County,2020-11-29,0.0
Pinellas County,2020-11-29,0.0
Polk County,2020-11-29,0.0
Putnam County,2020-11-29,0.06
St. Johns County,2020-11-29,0.62
St. Lucie County,2020-11-29,0.0
Santa Rosa County,2020-11-29,1.89
Sarasota County,2020-11-29,0.0
Seminole County,2020-11-29,0.0
Sumter County,2020-11-29,0.0
Suwannee County,2020-11-29,2.22
Taylor County,2020-11-29,1.65
Union County,2020-11-29,1.67
Volusia County,2020-11-29,0.0
Wakulla County,2020-11-29,2.16
Walton County,2020-11-29,1.36
Washington County,2020-11-29,1.19
Alachua County,2020-11-30,4.54
Baker County,2020-11-30,4.4
Bay County,2020-11-30,21.92
Bradford County,2020-11-30,3.51
Brevard County,2020-11-30,0.0
Broward County,2020-11-30,0.0
Calhoun County,2020-11-30,17.07
Charlotte County,2020-11-30,0.0
Citrus County,2020-11-30,3.44
Clay County,2020-11-30,1.9
Collier County,2020-11-30,0.0
Columbia County,2020-11-30,7.37
DeSoto County,2020-11-30,0.0
Dixie County,2020-11-30,8.11
Duval County,2020-11-30,1.45
Escambia County,2020-11-30,28.71
Flagler County,2020-11-30,0.0
Franklin County,2020-11-30,14.76
Gadsden County,2020-11-30,20.89
Gilchrist County,2020-11-30,7.2
Glades County,2020-11-30,0.0
Gulf County,2020-11-30,14.68
Hamilton County,2020-11-30,12.17
Hardee County,2020-11-30,0.0
Hendry County,2020-11-30,0.0
Hernando County,2020-11-30,1.61
Highlands County,2020-11-30,0.0
Hillsborough County,2020-11-30,0.08
Holmes County,2020-11-30,22.44
Indian River County,2020-11-30,0.0
Jackson County,2020-11-30,19.36
Jefferson County,2020-11-30,18.14
Lafayette County,2020-11-30,10.02
Lake County,2020-11-30,0.0
Lee County,2020-11-30,0.0
Leon County,2020-11-30,23.4
Levy County,2020-11-30,5.44
Liberty County,2020-11-30,17.18
Madison County,2020-11-30,14.26
Manatee County,2020-11-30,0.0
Marion County,2020-11-30,1.84
Martin County,2020-11-30,0.0
Miami-Dade County,2020-11-30,0.0
Monroe County,2020-11-30,0.0
Nassau County,2020-11-30,2.93
Okaloosa County,2020-11-30,26.93
Okeechobee County,2020-11-30,0.0
Orange County,2020-11-30,0.0
Osceola County,2020-11-30,0.0
Palm Beach County,2020-11-30,0.0
Pasco County,2020-11-30,0.68
Pinellas County,2020-11-30,0.06
Polk County,2020-11-30,0.0
Putnam County,2020-11-30,0.62
St. Johns County,2020-11-30,0.03
St. Lucie County,2020-11-30,0.0
Santa Rosa County,2020-11-30,28.92
Sarasota County,2020-11-30,0.0
Seminole County,2020-11-30,0.0
Sumter County,2020-11-30,0.66
Suwannee County,2020-11-30,10.6
Taylor County,2020-11-30,12.38
Union County,2020-11-30,5.05
Volusia County,2020-11-30,0.0
Wakulla County,2020-11-30,23.32
Walton County,2020-11-30,26.4
Washington County,2020-11-30,21.17
Alachua County,2020-12-01,2.24
Baker County,2020-12-01,0.8
Bay County,2020-12-01,0.0
Bradford County,2020-12-01,2.88
Brevard County,2020-12-01,2.7
Broward County,2020-12-01,5.49
Calhoun County,2020-12-01,0.0
Charlotte County,2020-12-01,6.81
Citrus County,2020-12-01,0.0
Clay County,2020-12-01,3.36
Collier County,2020-12-01,2.45
Columbia County,2020-12-01,0.0
DeSoto County,2020-12-01,9.44
Dixie County,2020-12-01,0.0
Duval County,2020-12-01,2.88
Escambia County,2020-12-01,0.0
Flagler County,2020-12-01,3.89
Franklin County,2020-12-01,0.0
Gadsden County,2020-12-01,0.0
Gilchrist County,2020-12-01,0.0
Glades County,2020-12-01,6.63
Gulf County,2020-12-01,0.0
Hamilton County,2020-12-01,0.0
Hardee County,2020-12-01,8.29
Hendry County,2020-12-01,3.02
Hernando County,2020-12-01,0.76
Highlands County,2020-12-01,12.74
Hillsborough County,2020-12-01,5.36
Holmes County,2020-12-01,0.0
Indian River County,2020-12-01,4.36
Jackson County,2020-12-01,0.0
Jefferson County,2020-12-01,0.0
Lafayette County,2020-12-01,0.0
Lake County,2020-12-01,2.22
Lee County,2020-12-01,4.43
Leon County,2020-12-01,0.0
Levy County,2020-12-01,0.05
Liberty County,2020-12-01,0.0
Madison County,2020-12-01,0.0
Manatee County,2020-12-01,6.49
Marion County,2020-12-01,2.03
Martin County,2020-12-01,7.97
Miami-Dade County,2020-12-01,5.35
Monroe County,2020-12-01,4.05
Nassau County,2020-12-01,1.51
Okaloosa County,2020-12-01,0.0
Okeechobee County,2020-12-01,8.99
Orange County,2020-12-01,2.78
Osceola County,2020-12-01,5.46
Palm Beach County,2020-12-01,7.16
Pasco County,2020-12-01,2.64
Pinellas County,2020-12-01,5.06
Polk County,2020-12-01,7.17
Putnam County,2020-12-01,3.82
St. Johns County,2020-12-01,4.27
St. Lucie County,2020-12-01,6.43
Santa Rosa County,2020-12-01,0.0
Sarasota County,2020-12-01,7.22
Seminole County,2020-12-01,2.48
Sumter County,2020-12-01,1.19
Suwannee County,2020-12-01,0.0
Taylor County,2020-12-01,0.0
Union County,2020-12-01,1.23
Volusia County,2020-12-01,2.91
Wakulla County,2020-12-01,0.0
Walton County,2020-12-01,0.0
Washington County,2020-12-01,0.0
Alachua County,2020-12-02,0.0
Baker County,2020-12-02,0.0
Bay County,2020-12-02,0.0
Bradford County,2020-12-02,0.0
Brevard County,2020-12-02,0.0
Broward County,2020-12-02,0.0
Calhoun County,2020-12-02,0.0
Charlotte County,2020-12-02,0.0
Citrus County,2020-12-02,0.0
Clay County,2020-12-02,0.0
Collier County,2020-12-02,0.01
Columbia County,2020-12-02,0.0
DeSoto County,2020-12-02,0.0
Dixie County,2020-12-02,0.0
Duval County,2020-12-02,0.0
Escambia County,2020-12-02,0.0
Flagler County,2020-12-02,0.0
Franklin County,2020-12-02,0.0
Gadsden County,2020-12-02,0.0
Gilchrist County,2020-12-02,0.0
Glades County,2020-12-02,0.0
Gulf County,2020-12-02,0.0
Hamilton County,2020-12-02,0.0
Hardee County,2020-12-02,0.01
Hendry County,2020-12-02,0.0
Hernando County,2020-12-02,0.0
Highlands County,2020-12-02,0.0
Hillsborough County,2020-12-02,0.0
Holmes County,2020-12-02,0.0
Indian River County,2020-12-02,0.0
Jackson County,2020-12-02,0.0
Jefferson County,2020-12-02,0.0
Lafayette County,2020-12-02,0.0
Lake County,2020-12-02,0.0
Lee County,2020-12-02,0.0
Leon County,2020-12-02,0.0
Levy County,2020-12-02,0.0
Liberty County,2020-12-02,0.0
Madison County,2020-12-02,0.0
Manatee County,2020-12-02,0.0
Marion County,2020-12-02,0.0
Martin County,2020-12-02,0.0
Miami-Dade County,2020-12-02,0.0
Monroe County,2020-12-02,0.0
Nassau County,2020-12-02,0.0
Okaloosa County,2020-12-02,0.0
Okeechobee County,2020-12-02,0.03
Orange County,2020-12-02,0.0
Osceola County,2020-12-02,0.01
Palm Beach County,2020-12-02,0.0
Pasco County,2020-12-02,0.0
Pinellas County,2020-12-02,0.0
Polk County,2020-12-02,0.0
Putnam County,2020-12-02,0.0
St. Johns County,2020-12-02,0.0
St. Lucie County,2020-12-02,0.0
Santa Rosa County,2020-12-02,0.0
Sarasota County,2020-12-02,0.0
Seminole County,2020-12-02,0.0
Sumter County,2020-12-02,0.0
Suwannee County,2020-12-02,0.0
Taylor County,2020-12-02,0.0
Union County,2020-12-02,0.0
Volusia County,2020-12-02,0.0
Wakulla County,2020-12-02,0.0
Walton County,2020-12-02,0.0
Washington County,2020-12-02,0.0
Alachua County,2020-12-03,0.0
Baker County,2020-12-03,0.0
Bay County,2020-12-03,0.0
Bradford County,2020-12-03,0.0
Brevard County,2020-12-03,0.0
Broward County,2020-12-03,0.0
Calhoun County,2020-12-03,0.0
Charlotte County,2020-12-03,0.0
Citrus County,2020-12-03,0.0
Clay County,2020-12-03,0.0
Collier County,2020-12-03,0.0
Columbia County,2020-12-03,0.0
DeSoto County,2020-12-03,0.0
Dixie County,2020-12-03,0.0
Duval County,2020-12-03,0.0
Escambia County,2020-12-03,0.0
Flagler County,2020-12-03,0.0
Franklin County,2020-12-03,0.0
Gadsden County,2020-12-03,0.0
Gilchrist County,2020-12-03,0.0
Glades County,2020-12-03,0.0
Gulf County,2020-12-03,0.0
Hamilton County,2020-12-03,0.0
Hardee County,2020-12-03,0.0
Hendry County,2020-12-03,0.0
Hernando County,2020-12-03,0.0
Highlands County,2020-12-03,0.0
Hillsborough County,2020-12-03,0.0
Holmes County,2020-12-03,0.0
Indian River County,2020-12-03,0.0
Jackson County,2020-12-03,0.0
Jefferson County,2020-12-03,0.0
Lafayette County,2020-12-03,0.0
Lake County,2020-12-03,0.0
Lee County,2020-12-03,0.0
Leon County,2020-12-03,0.0
Levy County,2020-12-03,0.0
Liberty County,2020-12-03,0.0
Madison County,2020-12-03,0.0
Manatee County,2020-12-03,0.0
Marion County,2020-12-03,0.0
Martin County,2020-12-03,0.0
Miami-Dade County,2020-12-03,0.0
Monroe County,2020-12-03,0.0
Nassau County,2020-12-03,0.0
Okaloosa County,2020-12-03,0.0
Okeechobee County,2020-12-03,0.0
Orange County,2020-12-03,0.0
Osceola County,2020-12-03,0.0
Palm Beach County,2020-12-03,0.0
Pasco County,2020-12-03,0.0
Pinellas County,2020-12-03,0.0
Polk County,2020-12-03,0.0
Putnam County,2020-12-03,0.0
St. Johns County,2020-12-03,0.0
St. Lucie County,2020-12-03,0.0
Santa Rosa County,2020-12-03,0.0
Sarasota County,2020-12-03,0.0
Seminole County,2020-12-03,0.0
Sumter County,2020-12-03,0.0
Suwannee County,2020-12-03,0.0
Taylor County,2020-12-03,0.0
Union County,2020-12-03,0.0
Volusia County,2020-12-03,0.0
Wakulla County,2020-12-03,0.0
Walton County,2020-12-03,0.0
Washington County,2020-12-03,0.0
Alachua County,2020-12-04,0.0
Baker County,2020-12-04,0.0
Bay County,2020-12-04,0.0
Bradford County,2020-12-04,0.0
Brevard County,2020-12-04,0.0
Broward County,2020-12-04,0.0
Calhoun County,2020-12-04,0.0
Charlotte County,2020-12-04,0.0
Citrus County,2020-12-04,0.0
Clay County,2020-12-04,0.0
Collier County,2020-12-04,0.0
Columbia County,2020-12-04,0.0
DeSoto County,2020-12-04,0.0
Dixie County,2020-12-04,0.0
Duval County,2020-12-04,0.0
Escambia County,2020-12-04,5.37
Flagler County,2020-12-04,0.0
Franklin County,2020-12-04,0.0
Gadsden County,2020-12-04,0.0
Gilchrist County,2020-12-04,0.0
Glades County,2020-12-04,0.0
Gulf County,2020-12-04,0.0
Hamilton County,2020-12-04,0.0
Hardee County,2020-12-04,0.0
Hendry County,2020-12-04,0.0
Hernando County,2020-12-04,0.0
Highlands County,2020-12-04,0.0
Hillsborough County,2020-12-04,0.0
Holmes County,2020-12-04,0.0
Indian River County,2020-12-04,0.0
Jackson County,2020-12-04,0.0
Jefferson County,2020-12-04,0.0
Lafayette County,2020-12-04,0.0
Lake County,2020-12-04,0.0
Lee County,2020-12-04,0.0
Leon County,2020-12-04,0.0
Levy County,2020-12-04,0.0
Liberty County,2020-12-04,0.0
Madison County,2020-12-04,0.0
Manatee County,2020-12-04,0.0
Marion County,2020-12-04,0.0
Martin County,2020-12-04,0.0
Miami-Dade County,2020-12-04,0.0
Monroe County,2020-12-04,0.0
Nassau County,2020-12-04,0.0
Okaloosa County,2020-12-04,0.03
Okeechobee County,2020-12-04,0.0
Orange County,2020-12-04,0.0
Osceola County,2020-12-04,0.0
Palm Beach County,2020-12-04,0.0
Pasco County,2020-12-04,0.0
Pinellas County,2020-12-04,0.0
Polk County,2020-12-04,0.0
Putnam County,2020-12-04,0.0
St. Johns County,2020-12-04,0.0
St. Lucie County,2020-12-04,0.0
Santa Rosa County,2020-12-04,2.02
Sarasota County,2020-12-04,0.0
Seminole County,2020-12-04,0.0
Sumter County,2020-12-04,0.0
Suwannee County,2020-12-04,0.0
Taylor County,2020-12-04,0.0
Union County,2020-12-04,0.0
Volusia County,2020-12-04,0.0
Wakulla County,2020-12-04,0.0
Walton County,2020-12-04,0.0
Washington County,2020-12-04,0.0
Alachua County,2020-12-05,0.79
Baker County,2020-12-05,2.3
Bay County,2020-12-05,11.12
Bradford County,2020-12-05,1.08
Brevard County,2020-12-05,0.0
Broward County,2020-12-05,0.0
Calhoun County,2020-12-05,9.69
Charlotte County,2020-12-05,0.0
Citrus County,2020-12-05,0.0
Clay County,2020-12-05,0.43
Collier County,2020-12-05,0.0
Columbia County,2020-12-05,3.37
DeSoto County,2020-12-05,0.0
Dixie County,2020-12-05,3.46
Duval County,2020-12-05,0.97
Escambia County,2020-12-05,18.81
Flagler County,2020-12-05,0.0
Franklin County,2020-12-05,6.37
Gadsden County,2020-12-05,7.14
Gilchrist County,2020-12-05,2.84
Glades County,2020-12-05,0.03
Gulf County,2020-12-05,7.35
Hamilton County,2020-12-05,3.52
Hardee County,2020-12-05,0.0
Hendry County,2020-12-05,0.0
Hernando County,2020-12-05,0.0
Highlands County,2020-12-05,0.0
Hillsborough County,2020-12-05,0.03
Holmes County,2020-12-05,12.75
Indian River County,2020-12-05,0.0
Jackson County,2020-12-05,13.31
Jefferson County,2020-12-05,4.86
Lafayette County,2020-12-05,4.42
Lake County,2020-12-05,0.0
Lee County,2020-12-05,0.0
Leon County,2020-12-05,5.59
Levy County,2020-12-05,1.03
Liberty County,2020-12-05,7.06
Madison County,2020-12-05,4.54
Manatee County,2020-12-05,0.03
Marion County,2020-12-05,0.0
Martin County,2020-12-05,0.0
Miami-Dade County,2020-12-05,0.0
Monroe County,2020-12-05,0.0
Nassau County,2020-12-05,1.23
Okaloosa County,2020-12-05,17.05
Okeechobee County,2020-12-05,0.02
Orange County,2020-12-05,0.0
Osceola County,2020-12-05,0.01
Palm Beach County,2020-12-05,0.0
Pasco County,2020-12-05,0.0
Pinellas County,2020-12-05,0.0
Polk County,2020-12-05,0.0
Putnam County,2020-12-05,0.0
St. Johns County,2020-12-05,0.1
St. Lucie County,2020-12-05,0.0
Santa Rosa County,2020-12-05,20.91
Sarasota County,2020-12-05,0.27
Seminole County,2020-12-05,0.0
Sumter County,2020-12-05,0.0
Suwannee County,2020-12-05,4.25
Taylor County,2020-12-05,4.41
Union County,2020-12-05,2.23
Volusia County,2020-12-05,0.0
Wakulla County,2020-12-05,5.34
Walton County,2020-12-05,13.94
Washington County,2020-12-05,13.98
Alachua County,2020-12-06,0.09
Baker County,2020-12-06,0.0
Bay County,2020-12-06,0.0
Bradford County,2020-12-06,0.03
Brevard County,2020-12-06,0.0
Broward County,2020-12-06,0.0
Calhoun County,2020-12-06,0.0
Charlotte County,2020-12-06,0.0
Citrus County,2020-12-06,0.0
Clay County,2020-12-06,0.0
Collier County,2020-12-06,0.49
Columbia County,2020-12-06,0.0
DeSoto County,2020-12-06,0.0
Dixie County,2020-12-06,0.0
Duval County,2020-12-06,0.02
Escambia County,2020-12-06,0.0
Flagler County,2020-12-06,0.0
Franklin County,2020-12-06,0.0
Gadsden County,2020-12-06,0.0
Gilchrist County,2020-12-06,0.0
Glades County,2020-12-06,0.0
Gulf County,2020-12-06,0.0
Hamilton County,2020-12-06,0.0
Hardee County,2020-12-06,0.0
Hendry County,2020-12-06,1.29
Hernando County,2020-12-06,0.0
Highlands County,2020-12-06,0.0
Hillsborough County,2020-12-06,0.0
Holmes County,2020-12-06,0.0
Indian River County,2020-12-06,0.0
Jackson County,2020-12-06,0.0
Jefferson County,2020-12-06,0.0
Lafayette County,2020-12-06,0.0
Lake County,2020-12-06,0.0
Lee County,2020-12-06,0.0
Leon County,2020-12-06,0.0
Levy County,2020-12-06,0.0
Liberty County,2020-12-06,0.0
Madison County,2020-12-06,0.0
Manatee County,2020-12-06,0.0
Marion County,2020-12-06,0.0
Martin County,2020-12-06,0.0
Miami-Dade County,2020-12-06,0.0
Monroe County,2020-12-06,0.04
Nassau County,2020-12-06,0.0
Okaloosa County,2020-12-06,0.0
Okeechobee County,2020-12-06,0.0
Orange County,2020-12-06,0.0
Osceola County,2020-12-06,0.0
Palm Beach County,2020-12-06,0.06
Pasco County,2020-12-06,0.0
Pinellas County,2020-12-06,0.0
Polk County,2020-12-06,0.0
Putnam County,2020-12-06,0.0
St. Johns County,2020-12-06,0.0
St. Lucie County,2020-12-06,0.0
Santa Rosa County,2020-12-06,0.0
Sarasota County,2020-12-06,0.0
Seminole County,2020-12-06,0.0
Sumter County,2020-12-06,0.0
Suwannee County,2020-12-06,0.0
Taylor County,2020-12-06,0.0
Union County,2020-12-06,0.0
Volusia County,2020-12-06,0.0
Wakulla County,2020-12-06,0.0
Walton County,2020-12-06,0.0
Washington County,2020-12-06,0.0
Alachua County,2020-12-07,3.65
Baker County,2020-12-07,2.55
Bay County,2020-12-07,4.12
Bradford County,2020-12-07,3.25
Brevard County,2020-12-07,7.98
Broward County,2020-12-07,29.28
Calhoun County,2020-12-07,3.93
Charlotte County,2020-12-07,25.8
Citrus County,2020-12-07,6.2
Clay County,2020-12-07,3.17
Collier County,2020-12-07,44.44
Columbia County,2020-12-07,2.34
DeSoto County,2020-12-07,21.62
Dixie County,2020-12-07,2.9
Duval County,2020-12-07,2.23
Escambia County,2020-12-07,2.85
Flagler County,2020-12-07,4.57
Franklin County,2020-12-07,3.15
Gadsden County,2020-12-07,2.37
Gilchrist County,2020-12-07,3.0
Glades County,2020-12-07,23.08
Gulf County,2020-12-07,3.51
Hamilton County,2020-12-07,1.19
Hardee County,2020-12-07,14.52
Hendry County,2020-12-07,38.76
Hernando County,2020-12-07,6.61
Highlands County,2020-12-07,22.87
Hillsborough County,2020-12-07,11.82
Holmes County,2020-12-07,5.23
Indian River County,2020-12-07,9.7
Jackson County,2020-12-07,5.67
Jefferson County,2020-12-07,1.34
Lafayette County,2020-12-07,2.0
Lake County,2020-12-07,5.1
Lee County,2020-12-07,34.13
Leon County,2020-12-07,1.77
Levy County,2020-12-07,4.21
Liberty County,2020-12-07,2.96
Madison County,2020-12-07,1.19
Manatee County,2020-12-07,13.53
Marion County,2020-12-07,4.85
Martin County,2020-12-07,17.62
Miami-Dade County,2020-12-07,23.03
Monroe County,2020-12-07,23.42
Nassau County,2020-12-07,1.52
Okaloosa County,2020-12-07,3.44
Okeechobee County,2020-12-07,17.35
Orange County,2020-12-07,7.0
Osceola County,2020-12-07,11.65
Palm Beach County,2020-12-07,25.71
Pasco County,2020-12-07,7.71
Pinellas County,2020-12-07,12.44
Polk County,2020-12-07,13.9
Putnam County,2020-12-07,4.24
St. Johns County,2020-12-07,3.87
St. Lucie County,2020-12-07,14.08
Santa Rosa County,2020-12-07,2.82
Sarasota County,2020-12-07,17.29
Seminole County,2020-12-07,5.74
Sumter County,2020-12-07,6.14
Suwannee County,2020-12-07,1.78
Taylor County,2020-12-07,1.71
Union County,2020-12-07,3.17
Volusia County,2020-12-07,4.78
Wakulla County,2020-12-07,2.1
Walton County,2020-12-07,4.18
Washington County,2020-12-07,5.13
Alachua County,2020-12-08,0.72
Baker County,2020-12-08,0.32
Bay County,2020-12-08,0.0
Bradford County,2020-12-08,0.79
Brevard County,2020-12-08,0.82
Broward County,2020-12-08,3.41
Calhoun County,2020-12-08,0.0
Charlotte County,2020-12-08,0.0
Citrus County,2020-12-08,0.84
Clay County,2020-12-08,0.83
Collier County,2020-12-08,0.76
Columbia County,2020-12-08,0.09
DeSoto County,2020-12-08,0.23
Dixie County,2020-12-08,0.0
Duval County,2020-12-08,0.76
Escambia County,2020-12-08,0.0
Flagler County,2020-12-08,0.55
Franklin County,2020-12-08,0.0
Gadsden County,2020-12-08,0.0
Gilchrist County,2020-12-08,0.0
Glades County,2020-12-08,0.16
Gulf County,2020-12-08,0.0
Hamilton County,2020-12-08,0.0
Hardee County,2020-12-08,0.55
Hendry County,2020-12-08,0.01
Hernando County,2020-12-08,1.47
Highlands County,2020-12-08,0.72
Hillsborough County,2020-12-08,2.24
Holmes County,2020-12-08,0.0
Indian River County,2020-12-08,0.81
Jackson County,2020-12-08,0.0
Jefferson County,2020-12-08,0.0
Lafayette County,2020-12-08,0.0
Lake County,2020-12-08,0.65
Lee County,2020-12-08,0.22
Leon County,2020-12-08,0.0
Levy County,2020-12-08,0.17
Liberty County,2020-12-08,0.0
Madison County,2020-12-08,0.0
Manatee County,2020-12-08,0.96
Marion County,2020-12-08,0.68
Martin County,2020-12-08,5.08
Miami-Dade County,2020-12-08,2.64
Monroe County,2020-12-08,2.62
Nassau County,2020-12-08,0.32
Okaloosa County,2020-12-08,0.0
Okeechobee County,2020-12-08,0.95
Orange County,2020-12-08,0.9
Osceola County,2020-12-08,1.09
Palm Beach County,2020-12-08,5.03
Pasco County,2020-12-08,2.3
Pinellas County,2020-12-08,4.63
Polk County,2020-12-08,1.14
Putnam County,2020-12-08,0.8
St. Johns County,2020-12-08,0.83
St. Lucie County,2020-12-08,1.71
Santa Rosa County,2020-12-08,0.0
Sarasota County,2020-12-08,0.11
Seminole County,2020-12-08,0.7
Sumter County,2020-12-08,0.82
Suwannee County,2020-12-08,0.0
Taylor County,2020-12-08,0.0
Union County,2020-12-08,0.53
Volusia County,2020-12-08,0.56
Wakulla County,2020-12-08,0.0
Walton County,2020-12-08,0.0
Washington County,2020-12-08,0.0
Alachua County,2020-12-09,0.0
Baker County,2020-12-09,0.0
Bay County,2020-12-09,0.0
Bradford County,2020-12-09,0.0
Brevard County,2020-12-09,0.0
Broward County,2020-12-09,0.0
Calhoun County,2020-12-09,0.0
Charlotte County,2020-12-09,0.0
Citrus County,2020-12-09,0.0
Clay County,2020-12-09,0.0
Collier County,2020-12-09,0.0
Columbia County,2020-12-09,0.0
DeSoto County,2020-12-09,0.0
Dixie County,2020-12-09,0.0
Duval County,2020-12-09,0.0
Escambia County,2020-12-09,0.0
Flagler County,2020-12-09,0.0
Franklin County,2020-12-09,0.0
Gadsden County,2020-12-09,0.0
Gilchrist County,2020-12-09,0.0
Glades County,2020-12-09,0.0
Gulf County,2020-12-09,0.0
Hamilton County,2020-12-09,0.0
Hardee County,2020-12-09,0.0
Hendry County,2020-12-09,0.0
Hernando County,2020-12-09,0.0
Highlands County,2020-12-09,0.0
Hillsborough County,2020-12-09,0.0
Holmes County,2020-12-09,0.0
Indian River County,2020-12-09,0.0
Jackson County,2020-12-09,0.0
Jefferson County,2020-12-09,0.0
Lafayette County,2020-12-09,0.0
Lake County,2020-12-09,0.0
Lee County,2020-12-09,0.0
Leon County,2020-12-09,0.0
Levy County,2020-12-09,0.0
Liberty County,2020-12-09,0.0
Madison County,2020-12-09,0.0
Manatee County,2020-12-09,0.0
Marion County,2020-12-09,0.0
Martin County,2020-12-09,0.0
Miami-Dade County,2020-12-09,0.0
Monroe County,2020-12-09,0.0
Nassau County,2020-12-09,0.0
Okaloosa County,2020-12-09,0.0
Okeechobee County,2020-12-09,0.0
Orange County,2020-12-09,0.0
Osceola County,2020-12-09,0.0
Palm Beach County,2020-12-09,0.0
Pasco County,2020-12-09,0.0
Pinellas County,2020-12-09,0.0
Polk County,2020-12-09,0.0
Putnam County,2020-12-09,0.0
St. Johns County,2020-12-09,0.0
St. Lucie County,2020-12-09,0.0
Santa Rosa County,2020-12-09,0.0
Sarasota County,2020-12-09,0.0
Seminole County,2020-12-09,0.0
Sumter County,2020-12-09,0.0
Suwannee County,2020-12-09,0.0
Taylor County,2020-12-09,0.0
Union County,2020-12-09,0.0
Volusia County,2020-12-09,0.0
Wakulla County,2020-12-09,0.0
Walton County,2020-12-09,0.0
Washington County,2020-12-09,0.0
Alachua County,2020-12-10,0.0
Baker County,2020-12-10,0.0
Bay County,2020-12-10,0.0
Bradford County,2020-12-10,0.0
Brevard County,2020-12-10,0.0
Broward County,2020-12-10,0.0
Calhoun County,2020-12-10,0.0
Charlotte County,2020-12-10,0.0
Citrus County,2020-12-10,0.0
Clay County,2020-12-10,0.0
Collier County,2020-12-10,0.0
Columbia County,2020-12-10,0.0
DeSoto County,2020-12-10,0.0
Dixie County,2020-12-10,0.0
Duval County,2020-12-10,0.0
Escambia County,2020-12-10,0.0
Flagler County,2020-12-10,0.0
Franklin County,2020-12-10,0.0
Gadsden County,2020-12-10,0.0
Gilchrist County,2020-12-10,0.0
Glades County,2020-12-10,0.0
Gulf County,2020-12-10,0.0
Hamilton County,2020-12-10,0.0
Hardee County,2020-12-10,0.0
Hendry County,2020-12-10,0.0
Hernando County,2020-12-10,0.0
Highlands County,2020-12-10,0.0
Hillsborough County,2020-12-10,0.0
Holmes County,2020-12-10,0.0
Indian River County,2020-12-10,0.0
Jackson County,2020-12-10,0.0
Jefferson County,2020-12-10,0.0
Lafayette County,2020-12-10,0.0
Lake County,2020-12-10,0.0
Lee County,2020-12-10,0.0
Leon County,2020-12-10,0.0
Levy County,2020-12-10,0.0
Liberty County,2020-12-10,0.0
Madison County,2020-12-10,0.0
Manatee County,2020-12-10,0.0
Marion County,2020-12-10,0.0
Martin County,2020-12-10,0.0
Miami-Dade County,2020-12-10,0.0
Monroe County,2020-12-10,0.0
Nassau County,2020-12-10,0.0
Okaloosa County,2020-12-10,0.0
Okeechobee County,2020-12-10,0.0
Orange County,2020-12-10,0.0
Osceola County,2020-12-10,0.0
Palm Beach County,2020-12-10,0.0
Pasco County,2020-12-10,0.0
Pinellas County,2020-12-10,0.0
Polk County,2020-12-10,0.0
Putnam County,2020-12-10,0.0
St. Johns County,2020-12-10,0.0
St. Lucie County,2020-12-10,0.0
Santa Rosa County,2020-12-10,0.0
Sarasota County,2020-12-10,0.0
Seminole County,2020-12-10,0.0
Sumter County,2020-12-10,0.0
Suwannee County,2020-12-10,0.0
Taylor County,2020-12-10,0.0
Union County,2020-12-10,0.0
Volusia County,2020-12-10,0.0
Wakulla County,2020-12-10,0.0
Walton County,2020-12-10,0.0
Washington County,2020-12-10,0.0
Alachua County,2020-12-11,0.0
Baker County,2020-12-11,0.0
Bay County,2020-12-11,0.0
Bradford County,2020-12-11,0.0
Brevard County,2020-12-11,0.0
Broward County,2020-12-11,0.0
Calhoun County,2020-12-11,0.0
Charlotte County,2020-12-11,0.0
Citrus County,2020-12-11,0.0
Clay County,2020-12-11,0.0
Collier County,2020-12-11,0.06
Columbia County,2020-12-11,0.0
DeSoto County,2020-12-11,0.0
Dixie County,2020-12-11,0.0
Duval County,2020-12-11,0.0
Escambia County,2020-12-11,0.0
Flagler County,2020-12-11,0.0
Franklin County,2020-12-11,0.0
Gadsden County,2020-12-11,0.0
Gilchrist County,2020-12-11,0.0
Glades County,2020-12-11,0.03
Gulf County,2020-12-11,0.0
Hamilton County,2020-12-11,0.0
Hardee County,2020-12-11,0.0
Hendry County,2020-12-11,0.17
Hernando County,2020-12-11,0.0
Highlands County,2020-12-11,0.0
Hillsborough County,2020-12-11,0.0
Holmes County,2020-12-11,0.0
Indian River County,2020-12-11,0.0
Jackson County,2020-12-11,0.0
Jefferson County,2020-12-11,0.0
Lafayette County,2020-12-11,0.0
Lake County,2020-12-11,0.0
Lee County,2020-12-11,0.0
Leon County,2020-12-11,0.0
Levy County,2020-12-11,0.0
Liberty County,2020-12-11,0.0
Madison County,2020-12-11,0.0
Manatee County,2020-12-11,0.0
Marion County,2020-12-11,0.0
Martin County,2020-12-11,0.0
Miami-Dade County,2020-12-11,0.0
Monroe County,2020-12-11,0.0
Nassau County,2020-12-11,0.0
Okaloosa County,2020-12-11,0.0
Okeechobee County,2020-12-11,0.0
Orange County,2020-12-11,0.0
Osceola County,2020-12-11,0.0
Palm Beach County,2020-12-11,0.01
Pasco County,2020-12-11,0.0
Pinellas County,2020-12-11,0.0
Polk County,2020-12-11,0.0
Putnam County,2020-12-11,0.0
St. Johns County,2020-12-11,0.0
St. Lucie County,2020-12-11,0.0
Santa Rosa County,2020-12-11,0.0
Sarasota County,2020-12-11,0.0
Seminole County,2020-12-11,0.0
Sumter County,2020-12-11,0.0
Suwannee County,2020-12-11,0.0
Taylor County,2020-12-11,0.0
Union County,2020-12-11,0.0
Volusia County,2020-12-11,0.0
Wakulla County,2020-12-11,0.0
Walton County,2020-12-11,0.0
Washington County,2020-12-11,0.0
Alachua County,2020-12-12,0.0
Baker County,2020-12-12,0.0
Bay County,2020-12-12,0.0
Bradford County,2020-12-12,0.0
Brevard County,2020-12-12,0.0
Broward County,2020-12-12,3.8
Calhoun County,2020-12-12,0.0
Charlotte County,2020-12-12,1.28
Citrus County,2020-12-12,0.0
Clay County,2020-12-12,0.0
Collier County,2020-12-12,2.82
Columbia County,2020-12-12,0.0
DeSoto County,2020-12-12,1.08
Dixie County,2020-12-12,0.0
Duval County,2020-12-12,0.0
Escambia County,2020-12-12,0.0
Flagler County,2020-12-12,0.0
Franklin County,2020-12-12,0.0
Gadsden County,2020-12-12,0.0
Gilchrist County,2020-12-12,0.0
Glades County,2020-12-12,1.76
Gulf County,2020-12-12,0.0
Hamilton County,2020-12-12,0.0
Hardee County,2020-12-12,0.43
Hendry County,2020-12-12,2.76
Hernando County,2020-12-12,0.0
Highlands County,2020-12-12,1.42
Hillsborough County,2020-12-12,0.0
Holmes County,2020-12-12,0.0
Indian River County,2020-12-12,0.01
Jackson County,2020-12-12,0.0
Jefferson County,2020-12-12,0.0
Lafayette County,2020-12-12,0.0
Lake County,2020-12-12,0.0
Lee County,2020-12-12,1.61
Leon County,2020-12-12,0.0
Levy County,2020-12-12,0.0
Liberty County,2020-12-12,0.0
Madison County,2020-12-12,0.0
Manatee County,2020-12-12,0.02
Marion County,2020-12-12,0.0
Martin County,2020-12-12,0.42
Miami-Dade County,2020-12-12,6.45
Monroe County,2020-12-12,4.39
Nassau County,2020-12-12,0.0
Okaloosa County,2020-12-12,0.0
Okeechobee County,2020-12-12,0.98
Orange County,2020-12-12,0.0
Osceola County,2020-12-12,0.09
Palm Beach County,2020-12-12,1.71
Pasco County,2020-12-12,0.0
Pinellas County,2020-12-12,0.0
Polk County,2020-12-12,0.08
Putnam County,2020-12-12,0.0
St. Johns County,2020-12-12,0.0
St. Lucie County,2020-12-12,0.11
Santa Rosa County,2020-12-12,0.0
Sarasota County,2020-12-12,0.13
Seminole County,2020-12-12,0.0
Sumter County,2020-12-12,0.0
Suwannee County,2020-12-12,0.0
Taylor County,2020-12-12,0.0
Union County,2020-12-12,0.0
Volusia County,2020-12-12,0.0
Wakulla County,2020-12-12,0.0
Walton County,2020-12-12,0.0
Washington County,2020-12-12,0.0
Alachua County,2020-12-13,0.0
Baker County,2020-12-13,0.0
Bay County,2020-12-13,0.71
Bradford County,2020-12-13,0.0
Brevard County,2020-12-13,1.26
Broward County,2020-12-13,0.12
Calhoun County,2020-12-13,0.0
Charlotte County,2020-12-13,0.23
Citrus County,2020-12-13,0.0
Clay County,2020-12-13,0.0
Collier County,2020-12-13,0.0
Columbia County,2020-12-13,0.0
DeSoto County,2020-12-13,0.63
Dixie County,2020-12-13,0.0
Duval County,2020-12-13,0.01
Escambia County,2020-12-13,4.67
Flagler County,2020-12-13,0.63
Franklin County,2020-12-13,0.0
Gadsden County,2020-12-13,0.0
Gilchrist County,2020-12-13,0.0
Glades County,2020-12-13,2.29
Gulf County,2020-12-13,0.0
Hamilton County,2020-12-13,0.0
Hardee County,2020-12-13,0.65
Hendry County,2020-12-13,1.3
Hernando County,2020-12-13,0.0
Highlands County,2020-12-13,2.32
Hillsborough County,2020-12-13,0.12
Holmes County,2020-12-13,1.99
Indian River County,2020-12-13,2.29
Jackson County,2020-12-13,0.37
Jefferson County,2020-12-13,0.0
Lafayette County,2020-12-13,0.0
Lake County,2020-12-13,0.01
Lee County,2020-12-13,0.02
Leon County,2020-12-13,0.0
Levy County,2020-12-13,0.04
Liberty County,2020-12-13,0.0
Madison County,2020-12-13,0.0
Manatee County,2020-12-13,0.0
Marion County,2020-12-13,0.0
Martin County,2020-12-13,5.7
Miami-Dade County,2020-12-13,0.98
Monroe County,2020-12-13,0.13
Nassau County,2020-12-13,0.0
Okaloosa County,2020-12-13,3.48
Okeechobee County,2020-12-13,3.13
Orange County,2020-12-13,0.28
Osceola County,2020-12-13,1.22
Palm Beach County,2020-12-13,3.8
Pasco County,2020-12-13,0.06
Pinellas County,2020-12-13,0.0
Polk County,2020-12-13,0.75
Putnam County,2020-12-13,0.11
St. Johns County,2020-12-13,0.51
St. Lucie County,2020-12-13,4.31
Santa Rosa County,2020-12-13,4.3
Sarasota County,2020-12-13,0.0
Seminole County,2020-12-13,0.26
Sumter County,2020-12-13,0.0
Suwannee County,2020-12-13,0.0
Taylor County,2020-12-13,0.0
Union County,2020-12-13,0.0
Volusia County,2020-12-13,0.54
Wakulla County,2020-12-13,0.0
Walton County,2020-12-13,2.41
Washington County,2020-12-13,1.68
Alachua County,2020-12-14,0.79
Baker County,2020-12-14,1.2
Bay County,2020-12-14,4.3
Bradford County,2020-12-14,0.76
Brevard County,2020-12-14,0.0
Broward County,2020-12-14,0.0
Calhoun County,2020-12-14,4.35
Charlotte County,2020-12-14,0.0
Citrus County,2020-12-14,0.06
Clay County,2020-12-14,0.06
Collier County,2020-12-14,0.0
Columbia County,2020-12-14,1.72
DeSoto County,2020-12-14,0.0
Dixie County,2020-12-14,2.59
Duval County,2020-12-14,0.04
Escambia County,2020-12-14,3.95
Flagler County,2020-12-14,0.0
Franklin County,2020-12-14,3.96
Gadsden County,2020-12-14,2.91
Gilchrist County,2020-12-14,2.08
Glades County,2020-12-14,0.03
Gulf County,2020-12-14,4.47
Hamilton County,2020-12-14,1.69
Hardee County,2020-12-14,0.0
Hendry County,2020-12-14,0.0
Hernando County,2020-12-14,0.0
Highlands County,2020-12-14,0.0
Hillsborough County,2020-12-14,0.0
Holmes County,2020-12-14,4.71
Indian River County,2020-12-14,0.0
Jackson County,2020-12-14,4.08
Jefferson County,2020-12-14,2.65
Lafayette County,2020-12-14,2.83
Lake County,2020-12-14,0.0
Lee County,2020-12-14,0.0
Leon County,2020-12-14,2.98
Levy County,2020-12-14,1.7
Liberty County,2020-12-14,3.85
Madison County,2020-12-14,2.44
Manatee County,2020-12-14,0.0
Marion County,2020-12-14,0.05
Martin County,2020-12-14,0.0
Miami-Dade County,2020-12-14,0.0
Monroe County,2020-12-14,0.0
Nassau County,2020-12-14,0.06
Okaloosa County,2020-12-14,4.14
Okeechobee County,2020-12-14,0.0
Orange County,2020-12-14,0.0
Osceola County,2020-12-14,0.0
Palm Beach County,2020-12-14,0.07
Pasco County,2020-12-14,0.0
Pinellas County,2020-12-14,0.0
Polk County,2020-12-14,0.0
Putnam County,2020-12-14,0.0
St. Johns County,2020-12-14,0.0
St. Lucie County,2020-12-14,0.0
Santa Rosa County,2020-12-14,4.31
Sarasota County,2020-12-14,0.0
Seminole County,2020-12-14,0.02
Sumter County,2020-12-14,0.0
Suwannee County,2020-12-14,2.38
Taylor County,2020-12-14,2.72
Union County,2020-12-14,1.32
Volusia County,2020-12-14,0.0
Wakulla County,2020-12-14,3.19
Walton County,2020-12-14,4.35
Washington County,2020-12-14,4.64
Alachua County,2020-12-15,0.08
Baker County,2020-12-15,0.0
Bay County,2020-12-15,0.0
Bradford County,2020-12-15,0.0
Brevard County,2020-12-15,0.02
Broward County,2020-12-15,0.0
Calhoun County,2020-12-15,0.0
Charlotte County,2020-12-15,0.0
Citrus County,2020-12-15,0.48
Clay County,2020-12-15,0.0
Collier County,2020-12-15,0.01
Columbia County,2020-12-15,0.0
DeSoto County,2020-12-15,0.0
Dixie County,2020-12-15,0.0
Duval County,2020-12-15,0.0
Escambia County,2020-12-15,0.0
Flagler County,2020-12-15,0.0
Franklin County,2020-12-15,0.0
Gadsden County,2020-12-15,0.0
Gilchrist County,2020-12-15,0.0
Glades County,2020-12-15,0.0
Gulf County,2020-12-15,0.0
Hamilton County,2020-12-15,0.0
Hardee County,2020-12-15,0.68
Hendry County,2020-12-15,0.01
Hernando County,2020-12-15,1.17
Highlands County,2020-12-15,0.28
Hillsborough County,2020-12-15,2.54
Holmes County,2020-12-15,0.0
Indian River County,2020-12-15,0.04
Jackson County,2020-12-15,0.0
Jefferson County,2020-12-15,0.0
Lafayette County,2020-12-15,0.0
Lake County,2020-12-15,0.32
Lee County,2020-12-15,0.0
Leon County,2020-12-15,0.03
Levy County,2020-12-15,0.0
Liberty County,2020-12-15,0.0
Madison County,2020-12-15,0.0
Manatee County,2020-12-15,1.02
Marion County,2020-12-15,0.0
Martin County,2020-12-15,0.0
Miami-Dade County,2020-12-15,0.0
Monroe County,2020-12-15,0.0
Nassau County,2020-12-15,0.0
Okaloosa County,2020-12-15,0.0
Okeechobee County,2020-12-15,0.26
Orange County,2020-12-15,0.3
Osceola County,2020-12-15,0.72
Palm Beach County,2020-12-15,0.0
Pasco County,2020-12-15,1.96
Pinellas County,2020-12-15,3.36
Polk County,2020-12-15,1.82
Putnam County,2020-12-15,0.0
St. Johns County,2020-12-15,0.0
St. Lucie County,2020-12-15,0.0
Santa Rosa County,2020-12-15,0.0
Sarasota County,2020-12-15,0.0
Seminole County,2020-12-15,0.0
Sumter County,2020-12-15,0.62
Suwannee County,2020-12-15,0.0
Taylor County,2020-12-15,0.0
Union County,2020-12-15,0.0
Volusia County,2020-12-15,0.0
Wakulla County,2020-12-15,0.0
Walton County,2020-12-15,0.0
Washington County,2020-12-15,0.0
Alachua County,2020-12-16,0.0
Baker County,2020-12-16,0.0
Bay County,2020-12-16,10.73
Bradford County,2020-12-16,0.0
Brevard County,2020-12-16,0.0
Broward County,2020-12-16,0.0
Calhoun County,2020-12-16,11.47
Charlotte County,2020-12-16,0.0
Citrus County,2020-12-16,0.0
Clay County,2020-12-16,0.0
Collier County,2020-12-16,0.02
Columbia County,2020-12-16,0.0
DeSoto County,2020-12-16,0.0
Dixie County,2020-12-16,0.0
Duval County,2020-12-16,0.0
Escambia County,2020-12-16,8.07
Flagler County,2020-12-16,0.0
Franklin County,2020-12-16,5.77
Gadsden County,2020-12-16,5.25
Gilchrist County,2020-12-16,0.0
Glades County,2020-12-16,0.0
Gulf County,2020-12-16,9.32
Hamilton County,2020-12-16,0.0
Hardee County,2020-12-16,0.0
Hendry County,2020-12-16,0.02
Hernando County,2020-12-16,0.0
Highlands County,2020-12-16,0.0
Hillsborough County,2020-12-16,0.0
Holmes County,2020-12-16,10.3
Indian River County,2020-12-16,0.0
Jackson County,2020-12-16,13.93
Jefferson County,2020-12-16,0.0
Lafayette County,2020-12-16,0.0
Lake County,2020-12-16,0.0
Lee County,2020-12-16,0.0
Leon County,2020-12-16,2.06
Levy County,2020-12-16,0.0
Liberty County,2020-12-16,7.38
Madison County,2020-12-16,0.0
Manatee County,2020-12-16,0.0
Marion County,2020-12-16,0.0
Martin County,2020-12-16,0.0
Miami-Dade County,2020-12-16,0.0
Monroe County,2020-12-16,0.0
Nassau County,2020-12-16,0.0
Okaloosa County,2020-12-16,8.02
Okeechobee County,2020-12-16,0.0
Orange County,2020-12-16,0.0
Osceola County,2020-12-16,0.0
Palm Beach County,2020-12-16,0.0
Pasco County,2020-12-16,0.0
Pinellas County,2020-12-16,0.0
Polk County,2020-12-16,0.0
Putnam County,2020-12-16,0.0
St. Johns County,2020-12-16,0.0
St. Lucie County,2020-12-16,0.0
Santa Rosa County,2020-12-16,7.86
Sarasota County,2020-12-16,0.0
Seminole County,2020-12-16,0.0
Sumter County,2020-12-16,0.0
Suwannee County,2020-12-16,0.0
Taylor County,2020-12-16,0.0
Union County,2020-12-16,0.0
Volusia County,2020-12-16,0.0
Wakulla County,2020-12-16,2.31
Walton County,2020-12-16,8.91
Washington County,2020-12-16,11.94
Alachua County,2020-12-17,26.69
Baker County,2020-12-17,43.27
Bay County,2020-12-17,7.93
Bradford County,2020-12-17,30.36
Brevard County,2020-12-17,1.03
Broward County,2020-12-17,0.0
Calhoun County,2020-12-17,9.39
Charlotte County,2020-12-17,2.54
Citrus County,2020-12-17,18.03
Clay County,2020-12-17,25.62
Collier County,2020-12-17,0.0
Columbia County,2020-12-17,48.45
DeSoto County,2020-12-17,3.7
Dixie County,2020-12-17,31.31
Duval County,2020-12-17,29.33
Escambia County,2020-12-17,3.3
Flagler County,2020-12-17,8.84
Franklin County,2020-12-17,16.92
Gadsden County,2020-12-17,12.63
Gilchrist County,2020-12-17,33.65
Glades County,2020-12-17,0.74
Gulf County,2020-12-17,12.63
Hamilton County,2020-12-17,37.69
Hardee County,2020-12-17,4.41
Hendry County,2020-12-17,0.0
Hernando County,2020-12-17,13.31
Highlands County,2020-12-17,3.25
Hillsborough County,2020-12-17,10.55
Holmes County,2020-12-17,3.76
Indian River County,2020-12-17,0.64
Jackson County,2020-12-17,6.28
Jefferson County,2020-12-17,24.49
Lafayette County,2020-12-17,39.98
Lake County,2020-12-17,6.12
Lee County,2020-12-17,0.55
Leon County,2020-12-17,18.84
Levy County,2020-12-17,23.75
Liberty County,2020-12-17,13.09
Madison County,2020-12-17,32.83
Manatee County,2020-12-17,6.29
Marion County,2020-12-17,15.62
Martin County,2020-12-17,0.01
Miami-Dade County,2020-12-17,0.0
Monroe County,2020-12-17,0.0
Nassau County,2020-12-17,28.54
Okaloosa County,2020-12-17,4.45
Okeechobee County,2020-12-17,1.41
Orange County,2020-12-17,3.12
Osceola County,2020-12-17,2.42
Palm Beach County,2020-12-17,0.0
Pasco County,2020-12-17,11.46
Pinellas County,2020-12-17,13.71
Polk County,2020-12-17,6.59
Putnam County,2020-12-17,17.22
St. Johns County,2020-12-17,19.58
St. Lucie County,2020-12-17,0.37
Santa Rosa County,2020-12-17,4.03
Sarasota County,2020-12-17,5.05
Seminole County,2020-12-17,3.02
Sumter County,2020-12-17,11.33
Suwannee County,2020-12-17,44.36
Taylor County,2020-12-17,30.21
Union County,2020-12-17,41.55
Volusia County,2020-12-17,4.42
Wakulla County,2020-12-17,18.9
Walton County,2020-12-17,4.73
Washington County,2020-12-17,5.78
Alachua County,2020-12-18,0.0
Baker County,2020-12-18,0.0
Bay County,2020-12-18,0.0
Bradford County,2020-12-18,0.0
Brevard County,2020-12-18,0.0
Broward County,2020-12-18,0.0
Calhoun County,2020-12-18,0.0
Charlotte County,2020-12-18,0.0
Citrus County,2020-12-18,0.0
Clay County,2020-12-18,0.0
Collier County,2020-12-18,0.0
Columbia County,2020-12-18,0.0
DeSoto County,2020-12-18,0.0
Dixie County,2020-12-18,0.0
Duval County,2020-12-18,0.0
Escambia County,2020-12-18,0.0
Flagler County,2020-12-18,0.0
Franklin County,2020-12-18,0.0
Gadsden County,2020-12-18,0.0
Gilchrist County,2020-12-18,0.0
Glades County,2020-12-18,0.0
Gulf County,2020-12-18,0.0
Hamilton County,2020-12-18,0.0
Hardee County,2020-12-18,0.0
Hendry County,2020-12-18,0.0
Hernando County,2020-12-18,0.0
Highlands County,2020-12-18,0.0
Hillsborough County,2020-12-18,0.0
Holmes County,2020-12-18,0.0
Indian River County,2020-12-18,0.11
Jackson County,2020-12-18,0.0
Jefferson County,2020-12-18,0.0
Lafayette County,2020-12-18,0.0
Lake County,2020-12-18,0.0
Lee County,2020-12-18,0.0
Leon County,2020-12-18,0.0
Levy County,2020-12-18,0.0
Liberty County,2020-12-18,0.0
Madison County,2020-12-18,0.0
Manatee County,2020-12-18,0.0
Marion County,2020-12-18,0.0
Martin County,2020-12-18,0.07
Miami-Dade County,2020-12-18,0.0
Monroe County,2020-12-18,0.01
Nassau County,2020-12-18,0.0
Okaloosa County,2020-12-18,0.0
Okeechobee County,2020-12-18,0.11
Orange County,2020-12-18,0.0
Osceola County,2020-12-18,0.01
Palm Beach County,2020-12-18,0.0
Pasco County,2020-12-18,0.0
Pinellas County,2020-12-18,0.0
Polk County,2020-12-18,0.0
Putnam County,2020-12-18,0.0
St. Johns County,2020-12-18,0.0
St. Lucie County,2020-12-18,0.28
Santa Rosa County,2020-12-18,0.0
Sarasota County,2020-12-18,0.0
Seminole County,2020-12-18,0.0
Sumter County,2020-12-18,0.0
Suwannee County,2020-12-18,0.0
Taylor County,2020-12-18,0.0
Union County,2020-12-18,0.0
Volusia County,2020-12-18,0.0
Wakulla County,2020-12-18,0.0
Walton County,2020-12-18,0.0
Washington County,2020-12-18,0.0
Alachua County,2020-12-19,0.0
Baker County,2020-12-19,0.0
Bay County,2020-12-19,0.0
Bradford County,2020-12-19,0.0
Brevard County,2020-12-19,0.0
Broward County,2020-12-19,0.0
Calhoun County,2020-12-19,0.0
Charlotte County,2020-12-19,0.0
Citrus County,2020-12-19,0.0
Clay County,2020-12-19,0.0
Collier County,2020-12-19,0.0
Columbia County,2020-12-19,0.0
DeSoto County,2020-12-19,0.0
Dixie County,2020-12-19,0.0
Duval County,2020-12-19,0.0
Escambia County,2020-12-19,0.0
Flagler County,2020-12-19,0.0
Franklin County,2020-12-19,0.0
Gadsden County,2020-12-19,0.0
Gilchrist County,2020-12-19,0.0
Glades County,2020-12-19,0.0
Gulf County,2020-12-19,0.0
Hamilton County,2020-12-19,0.0
Hardee County,2020-12-19,0.0
Hendry County,2020-12-19,0.0
Hernando County,2020-12-19,0.0
Highlands County,2020-12-19,0.0
Hillsborough County,2020-12-19,0.0
Holmes County,2020-12-19,0.0
Indian River County,2020-12-19,0.0
Jackson County,2020-12-19,0.0
Jefferson County,2020-12-19,0.0
Lafayette County,2020-12-19,0.0
Lake County,2020-12-19,0.0
Lee County,2020-12-19,0.0
Leon County,2020-12-19,0.0
Levy County,2020-12-19,0.0
Liberty County,2020-12-19,0.0
Madison County,2020-12-19,0.0
Manatee County,2020-12-19,0.0
Marion County,2020-12-19,0.0
Martin County,2020-12-19,0.0
Miami-Dade County,2020-12-19,0.0
Monroe County,2020-12-19,0.0
Nassau County,2020-12-19,0.0
Okaloosa County,2020-12-19,0.0
Okeechobee County,2020-12-19,0.0
Orange County,2020-12-19,0.0
Osceola County,2020-12-19,0.0
Palm Beach County,2020-12-19,0.0
Pasco County,2020-12-19,0.0
Pinellas County,2020-12-19,0.0
Polk County,2020-12-19,0.0
Putnam County,2020-12-19,0.0
St. Johns County,2020-12-19,0.0
St. Lucie County,2020-12-19,0.0
Santa Rosa County,2020-12-19,0.0
Sarasota County,2020-12-19,0.0
Seminole County,2020-12-19,0.0
Sumter County,2020-12-19,0.0
Suwannee County,2020-12-19,0.0
Taylor County,2020-12-19,0.0
Union County,2020-12-19,0.0
Volusia County,2020-12-19,0.01
Wakulla County,2020-12-19,0.0
Walton County,2020-12-19,0.0
Washington County,2020-12-19,0.0
Alachua County,2020-12-20,0.0
Baker County,2020-12-20,0.11
Bay County,2020-12-20,5.65
Bradford County,2020-12-20,0.0
Brevard County,2020-12-20,0.01
Broward County,2020-12-20,0.0
Calhoun County,2020-12-20,4.46
Charlotte County,2020-12-20,0.0
Citrus County,2020-12-20,0.0
Clay County,2020-12-20,0.0
Collier County,2020-12-20,0.05
Columbia County,2020-12-20,0.37
DeSoto County,2020-12-20,0.0
Dixie County,2020-12-20,0.18
Duval County,2020-12-20,0.02
Escambia County,2020-12-20,11.13
Flagler County,2020-12-20,0.0
Franklin County,2020-12-20,2.38
Gadsden County,2020-12-20,2.42
Gilchrist County,2020-12-20,0.03
Glades County,2020-12-20,0.0
Gulf County,2020-12-20,3.57
Hamilton County,2020-12-20,0.51
Hardee County,2020-12-20,0.0
Hendry County,2020-12-20,0.1
Hernando County,2020-12-20,0.0
Highlands County,2020-12-20,0.0
Hillsborough County,2020-12-20,0.0
Holmes County,2020-12-20,7.7
Indian River County,2020-12-20,0.0
Jackson County,2020-12-20,6.69
Jefferson County,2020-12-20,1.06
Lafayette County,2020-12-20,0.43
Lake County,2020-12-20,0.0
Lee County,2020-12-20,0.0
Leon County,2020-12-20,1.51
Levy County,2020-12-20,0.0
Liberty County,2020-12-20,2.79
Madison County,2020-12-20,0.74
Manatee County,2020-12-20,0.0
Marion County,2020-12-20,0.0
Martin County,2020-12-20,0.0
Miami-Dade County,2020-12-20,0.0
Monroe County,2020-12-20,0.0
Nassau County,2020-12-20,0.0
Okaloosa County,2020-12-20,9.19
Okeechobee County,2020-12-20,0.0
Orange County,2020-12-20,0.0
Osceola County,2020-12-20,0.0
Palm Beach County,2020-12-20,0.0
Pasco County,2020-12-20,0.0
Pinellas County,2020-12-20,0.0
Polk County,2020-12-20,0.0
Putnam County,2020-12-20,0.0
St. Johns County,2020-12-20,0.0
St. Lucie County,2020-12-20,0.0
Santa Rosa County,2020-12-20,10.17
Sarasota County,2020-12-20,0.0
Seminole County,2020-12-20,0.0
Sumter County,2020-12-20,0.0
Suwannee County,2020-12-20,0.45
Taylor County,2020-12-20,0.62
Union County,2020-12-20,0.0
Volusia County,2020-12-20,0.01
Wakulla County,2020-12-20,1.44
Walton County,2020-12-20,7.93
Washington County,2020-12-20,7.17
Alachua County,2020-12-21,2.86
Baker County,2020-12-21,5.28
Bay County,2020-12-21,8.3
Bradford County,2020-12-21,3.44
Brevard County,2020-12-21,2.88
Broward County,2020-12-21,0.21
Calhoun County,2020-12-21,6.93
Charlotte County,2020-12-21,15.89
Citrus County,2020-12-21,2.93
Clay County,2020-12-21,3.04
Collier County,2020-12-21,8.22
Columbia County,2020-12-21,5.79
DeSoto County,2020-12-21,15.95
Dixie County,2020-12-21,5.15
Duval County,2020-12-21,2.98
Escambia County,2020-12-21,6.9
Flagler County,2020-12-21,2.58
Franklin County,2020-12-21,10.0
Gadsden County,2020-12-21,4.95
Gilchrist County,2020-12-21,4.01
Glades County,2020-12-21,9.32
Gulf County,2020-12-21,10.73
Hamilton County,2020-12-21,6.36
Hardee County,2020-12-21,14.73
Hendry County,2020-12-21,7.56
Hernando County,2020-12-21,5.06
Highlands County,2020-12-21,12.85
Hillsborough County,2020-12-21,16.77
Holmes County,2020-12-21,4.94
Indian River County,2020-12-21,3.34
Jackson County,2020-12-21,3.84
Jefferson County,2020-12-21,7.52
Lafayette County,2020-12-21,7.06
Lake County,2020-12-21,2.6
Lee County,2020-12-21,14.94
Leon County,2020-12-21,6.66
Levy County,2020-12-21,2.81
Liberty County,2020-12-21,7.63
Madison County,2020-12-21,7.85
Manatee County,2020-12-21,15.04
Marion County,2020-12-21,1.83
Martin County,2020-12-21,2.4
Miami-Dade County,2020-12-21,0.01
Monroe County,2020-12-21,1.71
Nassau County,2020-12-21,3.21
Okaloosa County,2020-12-21,7.22
Okeechobee County,2020-12-21,6.24
Orange County,2020-12-21,3.74
Osceola County,2020-12-21,7.67
Palm Beach County,2020-12-21,0.89
Pasco County,2020-12-21,8.76
Pinellas County,2020-12-21,15.69
Polk County,2020-12-21,17.48
Putnam County,2020-12-21,2.45
St. Johns County,2020-12-21,3.68
St. Lucie County,2020-12-21,3.49
Santa Rosa County,2020-12-21,7.59
Sarasota County,2020-12-21,15.07
Seminole County,2020-12-21,1.62
Sumter County,2020-12-21,3.5
Suwannee County,2020-12-21,6.99
Taylor County,2020-12-21,7.24
Union County,2020-12-21,4.6
Volusia County,2020-12-21,1.02
Wakulla County,2020-12-21,7.24
Walton County,2020-12-21,6.82
Washington County,2020-12-21,6.1
Alachua County,2020-12-22,0.0
Baker County,2020-12-22,0.0
Bay County,2020-12-22,0.0
Bradford County,2020-12-22,0.0
Brevard County,2020-12-22,0.0
Broward County,2020-12-22,0.0
Calhoun County,2020-12-22,0.0
Charlotte County,2020-12-22,0.0
Citrus County,2020-12-22,0.0
Clay County,2020-12-22,0.05
Collier County,2020-12-22,0.02
Columbia County,2020-12-22,0.01
DeSoto County,2020-12-22,0.0
Dixie County,2020-12-22,0.0
Duval County,2020-12-22,0.68
Escambia County,2020-12-22,0.0
Flagler County,2020-12-22,0.0
Franklin County,2020-12-22,0.0
Gadsden County,2020-12-22,0.0
Gilchrist County,2020-12-22,0.0
Glades County,2020-12-22,0.0
Gulf County,2020-12-22,0.0
Hamilton County,2020-12-22,0.0
Hardee County,2020-12-22,0.0
Hendry County,2020-12-22,0.0
Hernando County,2020-12-22,0.0
Highlands County,2020-12-22,0.0
Hillsborough County,2020-12-22,0.01
Holmes County,2020-12-22,0.0
Indian River County,2020-12-22,0.08
Jackson County,2020-12-22,0.0
Jefferson County,2020-12-22,0.0
Lafayette County,2020-12-22,0.0
Lake County,2020-12-22,0.0
Lee County,2020-12-22,0.0
Leon County,2020-12-22,0.0
Levy County,2020-12-22,0.0
Liberty County,2020-12-22,0.0
Madison County,2020-12-22,0.0
Manatee County,2020-12-22,0.0
Marion County,2020-12-22,0.0
Martin County,2020-12-22,0.03
Miami-Dade County,2020-12-22,0.0
Monroe County,2020-12-22,0.0
Nassau County,2020-12-22,0.29
Okaloosa County,2020-12-22,0.0
Okeechobee County,2020-12-22,0.15
Orange County,2020-12-22,0.0
Osceola County,2020-12-22,0.01
Palm Beach County,2020-12-22,0.0
Pasco County,2020-12-22,0.0
Pinellas County,2020-12-22,0.0
Polk County,2020-12-22,0.0
Putnam County,2020-12-22,0.0
St. Johns County,2020-12-22,0.16
St. Lucie County,2020-12-22,0.4
Santa Rosa County,2020-12-22,0.0
Sarasota County,2020-12-22,0.0
Seminole County,2020-12-22,0.0
Sumter County,2020-12-22,0.0
Suwannee County,2020-12-22,0.0
Taylor County,2020-12-22,0.0
Union County,2020-12-22,0.0
Volusia County,2020-12-22,0.0
Wakulla County,2020-12-22,0.0
Walton County,2020-12-22,0.0
Washington County,2020-12-22,0.0
Alachua County,2020-12-23,0.0
Baker County,2020-12-23,0.0
Bay County,2020-12-23,0.0
Bradford County,2020-12-23,0.0
Brevard County,2020-12-23,0.0
Broward County,2020-12-23,0.0
Calhoun County,2020-12-23,0.0
Charlotte County,2020-12-23,0.0
Citrus County,2020-12-23,0.0
Clay County,2020-12-23,0.0
Collier County,2020-12-23,0.0
Columbia County,2020-12-23,0.0
DeSoto County,2020-12-23,0.0
Dixie County,2020-12-23,0.0
Duval County,2020-12-23,0.0
Escambia County,2020-12-23,0.0
Flagler County,2020-12-23,0.0
Franklin County,2020-12-23,0.0
Gadsden County,2020-12-23,0.0
Gilchrist County,2020-12-23,0.0
Glades County,2020-12-23,0.0
Gulf County,2020-12-23,0.0
Hamilton County,2020-12-23,0.0
Hardee County,2020-12-23,0.0
Hendry County,2020-12-23,0.0
Hernando County,2020-12-23,0.0
Highlands County,2020-12-23,0.0
Hillsborough County,2020-12-23,0.0
Holmes County,2020-12-23,0.0
Indian River County,2020-12-23,0.0
Jackson County,2020-12-23,0.0
Jefferson County,2020-12-23,0.0
Lafayette County,2020-12-23,0.0
Lake County,2020-12-23,0.0
Lee County,2020-12-23,0.0
Leon County,2020-12-23,0.0
Levy County,2020-12-23,0.0
Liberty County,2020-12-23,0.0
Madison County,2020-12-23,0.0
Manatee County,2020-12-23,0.0
Marion County,2020-12-23,0.0
Martin County,2020-12-23,0.0
Miami-Dade County,2020-12-23,0.0
Monroe County,2020-12-23,0.0
Nassau County,2020-12-23,0.0
Okaloosa County,2020-12-23,0.0
Okeechobee County,2020-12-23,0.0
Orange County,2020-12-23,0.0
Osceola County,2020-12-23,0.0
Palm Beach County,2020-12-23,0.0
Pasco County,2020-12-23,0.0
Pinellas County,2020-12-23,0.0
Polk County,2020-12-23,0.0
Putnam County,2020-12-23,0.0
St. Johns County,2020-12-23,0.0
St. Lucie County,2020-12-23,0.0
Santa Rosa County,2020-12-23,0.0
Sarasota County,2020-12-23,0.0
Seminole County,2020-12-23,0.0
Sumter County,2020-12-23,0.0
Suwannee County,2020-12-23,0.0
Taylor County,2020-12-23,0.0
Union County,2020-12-23,0.0
Volusia County,2020-12-23,0.0
Wakulla County,2020-12-23,0.0
Walton County,2020-12-23,0.0
Washington County,2020-12-23,0.0
Alachua County,2020-12-24,0.0
Baker County,2020-12-24,0.0
Bay County,2020-12-24,0.0
Bradford County,2020-12-24,0.0
Brevard County,2020-12-24,0.0
Broward County,2020-12-24,0.0
Calhoun County,2020-12-24,0.0
Charlotte County,2020-12-24,0.0
Citrus County,2020-12-24,0.0
Clay County,2020-12-24,0.0
Collier County,2020-12-24,0.12
Columbia County,2020-12-24,0.0
DeSoto County,2020-12-24,0.0
Dixie County,2020-12-24,0.0
Duval County,2020-12-24,0.0
Escambia County,2020-12-24,22.88
Flagler County,2020-12-24,0.0
Franklin County,2020-12-24,0.0
Gadsden County,2020-12-24,0.0
Gilchrist County,2020-12-24,0.0
Glades County,2020-12-24,0.0
Gulf County,2020-12-24,0.0
Hamilton County,2020-12-24,0.0
Hardee County,2020-12-24,0.0
Hendry County,2020-12-24,0.31
Hernando County,2020-12-24,0.0
Highlands County,2020-12-24,0.0
Hillsborough County,2020-12-24,0.0
Holmes County,2020-12-24,6.27
Indian River County,2020-12-24,0.0
Jackson County,2020-12-24,2.46
Jefferson County,2020-12-24,0.0
Lafayette County,2020-12-24,0.0
Lake County,2020-12-24,0.0
Lee County,2020-12-24,0.0
Leon County,2020-12-24,0.0
Levy County,2020-12-24,0.0
Liberty County,2020-12-24,0.0
Madison County,2020-12-24,0.0
Manatee County,2020-12-24,0.0
Marion County,2020-12-24,0.0
Martin County,2020-12-24,0.02
Miami-Dade County,2020-12-24,0.01
Monroe County,2020-12-24,0.03
Nassau County,2020-12-24,0.0
Okaloosa County,2020-12-24,7.34
Okeechobee County,2020-12-24,0.0
Orange County,2020-12-24,0.0
Osceola County,2020-12-24,0.0
Palm Beach County,2020-12-24,0.05
Pasco County,2020-12-24,0.0
Pinellas County,2020-12-24,0.0
Polk County,2020-12-24,0.0
Putnam County,2020-12-24,0.0
St. Johns County,2020-12-24,0.0
St. Lucie County,2020-12-24,0.0
Santa Rosa County,2020-12-24,15.15
Sarasota County,2020-12-24,0.0
Seminole County,2020-12-24,0.0
Sumter County,2020-12-24,0.0
Suwannee County,2020-12-24,0.0
Taylor County,2020-12-24,0.0
Union County,2020-12-24,0.0
Volusia County,2020-12-24,0.0
Wakulla County,2020-12-24,0.0
Walton County,2020-12-24,4.39
Washington County,2020-12-24,2.64
Alachua County,2020-12-25,16.72
Baker County,2020-12-25,20.95
Bay County,2020-12-25,34.43
Bradford County,2020-12-25,16.92
Brevard County,2020-12-25,3.49
Broward County,2020-12-25,4.71
Calhoun County,2020-12-25,41.95
Charlotte County,2020-12-25,7.35
Citrus County,2020-12-25,17.92
Clay County,2020-12-25,15.68
Collier County,2020-12-25,5.3
Columbia County,2020-12-25,22.49
DeSoto County,2020-12-25,7.43
Dixie County,2020-12-25,21.23
Duval County,2020-12-25,15.87
Escambia County,2020-12-25,14.7
Flagler County,2020-12-25,10.97
Franklin County,2020-12-25,34.88
Gadsden County,2020-12-25,38.58
Gilchrist County,2020-12-25,19.29
Glades County,2020-12-25,4.49
Gulf County,2020-12-25,34.35
Hamilton County,2020-12-25,22.19
Hardee County,2020-12-25,6.82
Hendry County,2020-12-25,4.94
Hernando County,2020-12-25,15.22
Highlands County,2020-12-25,6.44
Hillsborough County,2020-12-25,14.17
Holmes County,2020-12-25,33.96
Indian River County,2020-12-25,2.25
Jackson County,2020-12-25,51.35
Jefferson County,2020-12-25,31.2
Lafayette County,2020-12-25,22.94
Lake County,2020-12-25,8.93
Lee County,2020-12-25,6.25
Leon County,2020-12-25,35.33
Levy County,2020-12-25,18.3
Liberty County,2020-12-25,37.11
Madison County,2020-12-25,27.56
Manatee County,2020-12-25,9.98
Marion County,2020-12-25,14.5
Martin County,2020-12-25,2.53
Miami-Dade County,2020-12-25,7.08
Monroe County,2020-12-25,6.37
Nassau County,2020-12-25,15.94
Okaloosa County,2020-12-25,17.64
Okeechobee County,2020-12-25,3.78
Orange County,2020-12-25,6.94
Osceola County,2020-12-25,5.92
Palm Beach County,2020-12-25,2.96
Pasco County,2020-12-25,14.47
Pinellas County,2020-12-25,19.2
Polk County,2020-12-25,10.15
Putnam County,2020-12-25,14.33
St. Johns County,2020-12-25,14.91
St. Lucie County,2020-12-25,2.41
Santa Rosa County,2020-12-25,16.96
Sarasota County,2020-12-25,9.62
Seminole County,2020-12-25,6.67
Sumter County,2020-12-25,13.26
Suwannee County,2020-12-25,22.91
Taylor County,2020-12-25,24.89
Union County,2020-12-25,20.15
Volusia County,2020-12-25,7.56
Wakulla County,2020-12-25,33.09
Walton County,2020-12-25,24.63
Washington County,2020-12-25,39.74
Alachua County,2020-12-26,0.0
Baker County,2020-12-26,0.0
Bay County,2020-12-26,0.0
Bradford County,2020-12-26,0.0
Brevard County,2020-12-26,0.0
Broward County,2020-12-26,0.0
Calhoun County,2020-12-26,0.0
Charlotte County,2020-12-26,0.05
Citrus County,2020-12-26,0.0
Clay County,2020-12-26,0.0
Collier County,2020-12-26,0.0
Columbia County,2020-12-26,0.0
DeSoto County,2020-12-26,0.0
Dixie County,2020-12-26,0.0
Duval County,2020-12-26,0.0
Escambia County,2020-12-26,0.0
Flagler County,2020-12-26,0.09
Franklin County,2020-12-26,0.0
Gadsden County,2020-12-26,0.0
Gilchrist County,2020-12-26,0.0
Glades County,2020-12-26,0.02
Gulf County,2020-12-26,0.0
Hamilton County,2020-12-26,0.0
Hardee County,2020-12-26,0.0
Hendry County,2020-12-26,0.0
Hernando County,2020-12-26,0.0
Highlands County,2020-12-26,0.0
Hillsborough County,2020-12-26,0.03
Holmes County,2020-12-26,0.0
Indian River County,2020-12-26,0.0
Jackson County,2020-12-26,0.0
Jefferson County,2020-12-26,0.0
Lafayette County,2020-12-26,0.0
Lake County,2020-12-26,0.0
Lee County,2020-12-26,0.0
Leon County,2020-12-26,0.0
Levy County,2020-12-26,0.0
Liberty County,2020-12-26,0.0
Madison County,2020-12-26,0.0
Manatee County,2020-12-26,0.18
Marion County,2020-12-26,0.0
Martin County,2020-12-26,0.0
Miami-Dade County,2020-12-26,0.0
Monroe County,2020-12-26,0.01
Nassau County,2020-12-26,0.0
Okaloosa County,2020-12-26,0.0
Okeechobee County,2020-12-26,0.0
Orange County,2020-12-26,0.0
Osceola County,2020-12-26,0.0
Palm Beach County,2020-12-26,0.06
Pasco County,2020-12-26,0.0
Pinellas County,2020-12-26,0.0
Polk County,2020-12-26,0.0
Putnam County,2020-12-26,0.0
St. Johns County,2020-12-26,0.0
St. Lucie County,2020-12-26,0.0
Santa Rosa County,2020-12-26,0.0
Sarasota County,2020-12-26,0.47
Seminole County,2020-12-26,0.0
Sumter County,2020-12-26,0.0
Suwannee County,2020-12-26,0.0
Taylor County,2020-12-26,0.0
Union County,2020-12-26,0.0
Volusia County,2020-12-26,0.0
Wakulla County,2020-12-26,0.0
Walton County,2020-12-26,0.0
Washington County,2020-12-26,0.0
Alachua County,2020-12-27,0.0
Baker County,2020-12-27,0.0
Bay County,2020-12-27,0.0
Bradford County,2020-12-27,0.0
Brevard County,2020-12-27,0.0
Broward County,2020-12-27,0.0
Calhoun County,2020-12-27,0.0
Charlotte County,2020-12-27,0.0
Citrus County,2020-12-27,0.0
Clay County,2020-12-27,0.0
Collier County,2020-12-27,0.0
Columbia County,2020-12-27,0.0
DeSoto County,2020-12-27,0.0
Dixie County,2020-12-27,0.0
Duval County,2020-12-27,0.0
Escambia County,2020-12-27,0.0
Flagler County,2020-12-27,0.0
Franklin County,2020-12-27,0.0
Gadsden County,2020-12-27,0.0
Gilchrist County,2020-12-27,0.0
Glades County,2020-12-27,0.0
Gulf County,2020-12-27,0.0
Hamilton County,2020-12-27,0.0
Hardee County,2020-12-27,0.0
Hendry County,2020-12-27,0.0
Hernando County,2020-12-27,0.0
Highlands County,2020-12-27,0.0
Hillsborough County,2020-12-27,0.0
Holmes County,2020-12-27,0.0
Indian River County,2020-12-27,0.0
Jackson County,2020-12-27,0.0
Jefferson County,2020-12-27,0.0
Lafayette County,2020-12-27,0.0
Lake County,2020-12-27,0.0
Lee County,2020-12-27,0.0
Leon County,2020-12-27,0.0
Levy County,2020-12-27,0.0
Liberty County,2020-12-27,0.0
Madison County,2020-12-27,0.0
Manatee County,2020-12-27,0.0
Marion County,2020-12-27,0.0
Martin County,2020-12-27,0.0
Miami-Dade County,2020-12-27,0.0
Monroe County,2020-12-27,0.0
Nassau County,2020-12-27,0.0
Okaloosa County,2020-12-27,0.0
Okeechobee County,2020-12-27,0.0
Orange County,2020-12-27,0.0
Osceola County,2020-12-27,0.0
Palm Beach County,2020-12-27,0.01
Pasco County,2020-12-27,0.0
Pinellas County,2020-12-27,0.0
Polk County,2020-12-27,0.0
Putnam County,2020-12-27,0.0
St. Johns County,2020-12-27,0.0
St. Lucie County,2020-12-27,0.0
Santa Rosa County,2020-12-27,0.0
Sarasota County,2020-12-27,0.0
Seminole County,2020-12-27,0.0
Sumter County,2020-12-27,0.0
Suwannee County,2020-12-27,0.0
Taylor County,2020-12-27,0.0
Union County,2020-12-27,0.0
Volusia County,2020-12-27,0.0
Wakulla County,2020-12-27,0.0
Walton County,2020-12-27,0.0
Washington County,2020-12-27,0.0
Alachua County,2020-12-28,0.0
Baker County,2020-12-28,0.0
Bay County,2020-12-28,0.0
Bradford County,2020-12-28,0.0
Brevard County,2020-12-28,0.29
Broward County,2020-12-28,1.77
Calhoun County,2020-12-28,0.0
Charlotte County,2020-12-28,0.0
Citrus County,2020-12-28,0.0
Clay County,2020-12-28,0.0
Collier County,2020-12-28,0.0
Columbia County,2020-12-28,0.0
DeSoto County,2020-12-28,0.0
Dixie County,2020-12-28,0.0
Duval County,2020-12-28,0.0
Escambia County,2020-12-28,0.0
Flagler County,2020-12-28,0.0
Franklin County,2020-12-28,0.0
Gadsden County,2020-12-28,0.0
Gilchrist County,2020-12-28,0.0
Glades County,2020-12-28,0.0
Gulf County,2020-12-28,0.0
Hamilton County,2020-12-28,0.0
Hardee County,2020-12-28,0.0
Hendry County,2020-12-28,0.0
Hernando County,2020-12-28,0.0
Highlands County,2020-12-28,0.0
Hillsborough County,2020-12-28,0.0
Holmes County,2020-12-28,0.0
Indian River County,2020-12-28,0.75
Jackson County,2020-12-28,0.0
Jefferson County,2020-12-28,0.0
Lafayette County,2020-12-28,0.0
Lake County,2020-12-28,0.0
Lee County,2020-12-28,0.0
Leon County,2020-12-28,0.0
Levy County,2020-12-28,0.0
Liberty County,2020-12-28,0.0
Madison County,2020-12-28,0.0
Manatee County,2020-12-28,0.0
Marion County,2020-12-28,0.0
Martin County,2020-12-28,2.08
Miami-Dade County,2020-12-28,0.23
Monroe County,2020-12-28,0.0
Nassau County,2020-12-28,0.0
Okaloosa County,2020-12-28,1.13
Okeechobee County,2020-12-28,0.35
Orange County,2020-12-28,0.0
Osceola County,2020-12-28,0.05
Palm Beach County,2020-12-28,1.62
Pasco County,2020-12-28,0.0
Pinellas County,2020-12-28,0.0
Polk County,2020-12-28,0.0
Putnam County,2020-12-28,0.0
St. Johns County,2020-12-28,0.0
St. Lucie County,2020-12-28,1.52
Santa Rosa County,2020-12-28,0.0
Sarasota County,2020-12-28,0.0
Seminole County,2020-12-28,0.0
Sumter County,2020-12-28,0.0
Suwannee County,2020-12-28,0.0
Taylor County,2020-12-28,0.0
Union County,2020-12-28,0.0
Volusia County,2020-12-28,0.0
Wakulla County,2020-12-28,0.0
Walton County,2020-12-28,0.0
Washington County,2020-12-28,0.0
Alachua County,2020-12-29,0.0
Baker County,2020-12-29,0.0
Bay County,2020-12-29,0.0
Bradford County,2020-12-29,0.0
Brevard County,2020-12-29,0.14
Broward County,2020-12-29,0.0
Calhoun County,2020-12-29,0.0
Charlotte County,2020-12-29,0.0
Citrus County,2020-12-29,0.0
Clay County,2020-12-29,0.0
Collier County,2020-12-29,0.0
Columbia County,2020-12-29,0.0
DeSoto County,2020-12-29,0.0
Dixie County,2020-12-29,0.0
Duval County,2020-12-29,0.0
Escambia County,2020-12-29,0.0
Flagler County,2020-12-29,0.0
Franklin County,2020-12-29,0.0
Gadsden County,2020-12-29,0.0
Gilchrist County,2020-12-29,0.0
Glades County,2020-12-29,0.0
Gulf County,2020-12-29,0.0
Hamilton County,2020-12-29,0.0
Hardee County,2020-12-29,0.0
Hendry County,2020-12-29,0.0
Hernando County,2020-12-29,0.0
Highlands County,2020-12-29,0.0
Hillsborough County,2020-12-29,0.0
Holmes County,2020-12-29,0.0
Indian River County,2020-12-29,0.04
Jackson County,2020-12-29,0.0
Jefferson County,2020-12-29,0.0
Lafayette County,2020-12-29,0.0
Lake County,2020-12-29,0.0
Lee County,2020-12-29,0.0
Leon County,2020-12-29,0.0
Levy County,2020-12-29,0.0
Liberty County,2020-12-29,0.0
Madison County,2020-12-29,0.0
Manatee County,2020-12-29,0.0
Marion County,2020-12-29,0.0
Martin County,2020-12-29,0.01
Miami-Dade County,2020-12-29,0.01
Monroe County,2020-12-29,0.02
Nassau County,2020-12-29,0.0
Okaloosa County,2020-12-29,0.0
Okeechobee County,2020-12-29,0.0
Orange County,2020-12-29,0.0
Osceola County,2020-12-29,0.0
Palm Beach County,2020-12-29,0.01
Pasco County,2020-12-29,0.0
Pinellas County,2020-12-29,0.0
Polk County,2020-12-29,0.0
Putnam County,2020-12-29,0.0
St. Johns County,2020-12-29,0.0
St. Lucie County,2020-12-29,0.0
Santa Rosa County,2020-12-29,0.0
Sarasota County,2020-12-29,0.0
Seminole County,2020-12-29,0.0
Sumter County,2020-12-29,0.0
Suwannee County,2020-12-29,0.0
Taylor County,2020-12-29,0.0
Union County,2020-12-29,0.0
Volusia County,2020-12-29,0.0
Wakulla County,2020-12-29,0.0
Walton County,2020-12-29,0.0
Washington County,2020-12-29,0.0
Alachua County,2020-12-30,0.0
Baker County,2020-12-30,0.0
Bay County,2020-12-30,0.0
Bradford County,2020-12-30,0.0
Brevard County,2020-12-30,0.0
Broward County,2020-12-30,0.0
Calhoun County,2020-12-30,0.0
Charlotte County,2020-12-30,0.0
Citrus County,2020-12-30,0.0
Clay County,2020-12-30,0.0
Collier County,2020-12-30,0.01
Columbia County,2020-12-30,0.0
DeSoto County,2020-12-30,0.0
Dixie County,2020-12-30,0.0
Duval County,2020-12-30,0.0
Escambia County,2020-12-30,0.0
Flagler County,2020-12-30,0.0
Franklin County,2020-12-30,0.0
Gadsden County,2020-12-30,0.0
Gilchrist County,2020-12-30,0.0
Glades County,2020-12-30,0.0
Gulf County,2020-12-30,0.0
Hamilton County,2020-12-30,0.0
Hardee County,2020-12-30,0.0
Hendry County,2020-12-30,0.0
Hernando County,2020-12-30,0.0
Highlands County,2020-12-30,0.0
Hillsborough County,2020-12-30,0.0
Holmes County,2020-12-30,0.0
Indian River County,2020-12-30,0.0
Jackson County,2020-12-30,0.0
Jefferson County,2020-12-30,0.0
Lafayette County,2020-12-30,0.0
Lake County,2020-12-30,0.0
Lee County,2020-12-30,0.0
Leon County,2020-12-30,0.0
Levy County,2020-12-30,0.0
Liberty County,2020-12-30,0.0
Madison County,2020-12-30,0.0
Manatee County,2020-12-30,0.0
Marion County,2020-12-30,0.0
Martin County,2020-12-30,0.0
Miami-Dade County,2020-12-30,0.0
Monroe County,2020-12-30,0.01
Nassau County,2020-12-30,0.0
Okaloosa County,2020-12-30,0.0
Okeechobee County,2020-12-30,0.0
Orange County,2020-12-30,0.0
Osceola County,2020-12-30,0.0
Palm Beach County,2020-12-30,0.0
Pasco County,2020-12-30,0.0
Pinellas County,2020-12-30,0.0
Polk County,2020-12-30,0.0
Putnam County,2020-12-30,0.0
St. Johns County,2020-12-30,0.0
St. Lucie County,2020-12-30,0.0
Santa Rosa County,2020-12-30,0.0
Sarasota County,2020-12-30,0.0
Seminole County,2020-12-30,0.0
Sumter County,2020-12-30,0.0
Suwannee County,2020-12-30,0.0
Taylor County,2020-12-30,0.0
Union County,2020-12-30,0.0
Volusia County,2020-12-30,0.0
Wakulla County,2020-12-30,0.0
Walton County,2020-12-30,0.0
Washington County,2020-12-30,0.0
Alachua County,2020-12-31,1.05
Baker County,2020-12-31,1.47
Bay County,2020-12-31,0.98
Bradford County,2020-12-31,1.03
Brevard County,2020-12-31,0.01
Broward County,2020-12-31,0.0
Calhoun County,2020-12-31,1.36
Charlotte County,2020-12-31,0.0
Citrus County,2020-12-31,0.05
Clay County,2020-12-31,0.84
Collier County,2020-12-31,0.0
Columbia County,2020-12-31,1.98
DeSoto County,2020-12-31,0.0
Dixie County,2020-12-31,2.1
Duval County,2020-12-31,0.67
Escambia County,2020-12-31,0.0
Flagler County,2020-12-31,0.52
Franklin County,2020-12-31,1.71
Gadsden County,2020-12-31,1.87
Gilchrist County,2020-12-31,1.89
Glades County,2020-12-31,0.0
Gulf County,2020-12-31,1.3
Hamilton County,2020-12-31,1.93
Hardee County,2020-12-31,0.0
Hendry County,2020-12-31,0.0
Hernando County,2020-12-31,0.0
Highlands County,2020-12-31,0.01
Hillsborough County,2020-12-31,0.0
Holmes County,2020-12-31,0.37
Indian River County,2020-12-31,0.0
Jackson County,2020-12-31,1.53
Jefferson County,2020-12-31,2.88
Lafayette County,2020-12-31,2.35
Lake County,2020-12-31,0.0
Lee County,2020-12-31,0.0
Leon County,2020-12-31,2.38
Levy County,2020-12-31,1.49
Liberty County,2020-12-31,1.58
Madison County,2020-12-31,2.6
Manatee County,2020-12-31,0.0
Marion County,2020-12-31,0.09
Martin County,2020-12-31,0.0
Miami-Dade County,2020-12-31,0.0
Monroe County,2020-12-31,0.08
Nassau County,2020-12-31,0.77
Okaloosa County,2020-12-31,0.0
Okeechobee County,2020-12-31,0.0
Orange County,2020-12-31,0.0
Osceola County,2020-12-31,0.0
Palm Beach County,2020-12-31,0.0
Pasco County,2020-12-31,0.0
Pinellas County,2020-12-31,0.0
Polk County,2020-12-31,0.0
Putnam County,2020-12-31,0.4
St. Johns County,2020-12-31,0.87
St. Lucie County,2020-12-31,0.0
Santa Rosa County,2020-12-31,0.0
Sarasota County,2020-12-31,0.0
Seminole County,2020-12-31,0.0
Sumter County,2020-12-31,0.0
Suwannee County,2020-12-31,2.26
Taylor County,2020-12-31,2.45
Union County,2020-12-31,1.52
Volusia County,2020-12-31,0.01
Wakulla County,2020-12-31,2.11
Walton County,2020-12-31,0.01
Washington County,2020-12-31,0.91
