region_name,date,value
Alachua County,2020-01-01,12.4
Baker County,2020-01-01,11.78
Bay County,2020-01-01,13.79
Bradford County,2020-01-01,12.51
Brevard County,2020-01-01,15.11
Broward County,2020-01-01,20.26
Calhoun County,2020-01-01,12.49
Charlotte County,2020-01-01,17.74
Citrus County,2020-01-01,13.67
Clay County,2020-01-01,13.72
Collier County,2020-01-01,19.75
Columbia County,2020-01-01,10.97
DeSoto County,2020-01-01,16.57
Dixie County,2020-01-01,11.38
Duval County,2020-01-01,13.98
Escambia County,2020-01-01,10.55
Flagler County,2020-01-01,14.26
Franklin County,2020-01-01,12.05
Gadsden County,2020-01-01,10.53
Gilchrist County,2020-01-01,11.52
Glades County,2020-01-01,17.62
Gulf County,2020-01-01,12.86
Hamilton County,2020-01-01,10.39
Hardee County,2020-01-01,15.73
Hendry County,2020-01-01,18.72
Hernando County,2020-01-01,14.59
Highlands County,2020-01-01,16.11
Hillsborough County,2020-01-01,15.77
Holmes County,2020-01-01,13.54
Indian River County,2020-01-01,15.96
Jackson County,2020-01-01,12.45
Jefferson County,2020-01-01,10.53
Lafayette County,2020-01-01,10.89
Lake County,2020-01-01,14.6
Lee County,2020-01-01,18.88
Leon County,2020-01-01,10.45
Levy County,2020-01-01,12.42
Liberty County,2020-01-01,11.63
Madison County,2020-01-01,10.52
Manatee County,2020-01-01,16.21
Marion County,2020-01-01,13.5
Martin County,2020-01-01,18.36
Miami-Dade County,2020-01-01,21.28
Monroe County,2020-01-01,21.85
Nassau County,2020-01-01,13.26
Okaloosa County,2020-01-01,11.19
Okeechobee County,2020-01-01,16.42
Orange County,2020-01-01,14.84
Osceola County,2020-01-01,14.97
Palm Beach County,2020-01-01,19.43
Pasco County,2020-01-01,15.11
Pinellas County,2020-01-01,16.31
Polk County,2020-01-01,15.05
Putnam County,2020-01-01,14.07
St. Johns County,2020-01-01,14.72
St. Lucie County,2020-01-01,17.24
Santa Rosa County,2020-01-01,10.29
Sarasota County,2020-01-01,16.81
Seminole County,2020-01-01,14.58
Sumter County,2020-01-01,14.39
Suwannee County,2020-01-01,10.71
Taylor County,2020-01-01,11.15
Union County,2020-01-01,11.69
Volusia County,2020-01-01,14.14
Wakulla County,2020-01-01,10.97
Walton County,2020-01-01,12.66
Washington County,2020-01-01,14.23
Alachua County,2020-01-02,12.27
Baker County,2020-01-02,11.04
Bay County,2020-01-02,14.31
Bradford County,2020-01-02,11.92
Brevard County,2020-01-02,16.06
Broward County,2020-01-02,20.16
Calhoun County,2020-01-02,12.7
Charlotte County,2020-01-02,17.62
Citrus County,2020-01-02,14.1
Clay County,2020-01-02,12.74
Collier County,2020-01-02,19.23
Columbia County,2020-01-02,10.89
DeSoto County,2020-01-02,16.87
Dixie County,2020-01-02,12.0
Duval County,2020-01-02,12.39
Escambia County,2020-01-02,11.27
Flagler County,2020-01-02,14.46
Franklin County,2020-01-02,12.98
Gadsden County,2020-01-02,11.19
Gilchrist County,2020-01-02,11.86
Glades County,2020-01-02,17.63
Gulf County,2020-01-02,13.69
Hamilton County,2020-01-02,10.85
Hardee County,2020-01-02,16.67
Hendry County,2020-01-02,18.42
Hernando County,2020-01-02,15.15
Highlands County,2020-01-02,16.88
Hillsborough County,2020-01-02,16.6
Holmes County,2020-01-02,12.64
Indian River County,2020-01-02,16.44
Jackson County,2020-01-02,12.24
Jefferson County,2020-01-02,11.81
Lafayette County,2020-01-02,11.45
Lake County,2020-01-02,15.42
Lee County,2020-01-02,18.53
Leon County,2020-01-02,11.4
Levy County,2020-01-02,12.87
Liberty County,2020-01-02,11.99
Madison County,2020-01-02,11.64
Manatee County,2020-01-02,16.63
Marion County,2020-01-02,13.63
Martin County,2020-01-02,18.13
Miami-Dade County,2020-01-02,21.36
Monroe County,2020-01-02,21.44
Nassau County,2020-01-02,11.61
Okaloosa County,2020-01-02,10.73
Okeechobee County,2020-01-02,16.94
Orange County,2020-01-02,16.17
Osceola County,2020-01-02,16.37
Palm Beach County,2020-01-02,19.12
Pasco County,2020-01-02,15.81
Pinellas County,2020-01-02,16.64
Polk County,2020-01-02,16.57
Putnam County,2020-01-02,13.63
St. Johns County,2020-01-02,13.86
St. Lucie County,2020-01-02,17.26
Santa Rosa County,2020-01-02,10.37
Sarasota County,2020-01-02,16.81
Seminole County,2020-01-02,15.75
Sumter County,2020-01-02,14.92
Suwannee County,2020-01-02,11.16
Taylor County,2020-01-02,12.02
Union County,2020-01-02,11.35
Volusia County,2020-01-02,15.05
Wakulla County,2020-01-02,11.71
Walton County,2020-01-02,12.15
Washington County,2020-01-02,13.76
Alachua County,2020-01-03,17.34
Baker County,2020-01-03,16.36
Bay County,2020-01-03,19.78
Bradford County,2020-01-03,16.88
Brevard County,2020-01-03,19.36
Broward County,2020-01-03,22.49
Calhoun County,2020-01-03,19.15
Charlotte County,2020-01-03,21.53
Citrus County,2020-01-03,18.38
Clay County,2020-01-03,17.18
Collier County,2020-01-03,22.13
Columbia County,2020-01-03,16.55
DeSoto County,2020-01-03,21.11
Dixie County,2020-01-03,17.78
Duval County,2020-01-03,16.47
Escambia County,2020-01-03,19.53
Flagler County,2020-01-03,17.56
Franklin County,2020-01-03,19.5
Gadsden County,2020-01-03,18.78
Gilchrist County,2020-01-03,17.53
Glades County,2020-01-03,21.85
Gulf County,2020-01-03,20.02
Hamilton County,2020-01-03,16.94
Hardee County,2020-01-03,20.66
Hendry County,2020-01-03,22.14
Hernando County,2020-01-03,19.14
Highlands County,2020-01-03,21.16
Hillsborough County,2020-01-03,20.08
Holmes County,2020-01-03,17.95
Indian River County,2020-01-03,20.12
Jackson County,2020-01-03,18.47
Jefferson County,2020-01-03,18.72
Lafayette County,2020-01-03,17.65
Lake County,2020-01-03,18.99
Lee County,2020-01-03,22.08
Leon County,2020-01-03,18.79
Levy County,2020-01-03,17.98
Liberty County,2020-01-03,19.18
Madison County,2020-01-03,18.19
Manatee County,2020-01-03,20.42
Marion County,2020-01-03,17.94
Martin County,2020-01-03,21.51
Miami-Dade County,2020-01-03,22.76
Monroe County,2020-01-03,23.0
Nassau County,2020-01-03,16.1
Okaloosa County,2020-01-03,17.89
Okeechobee County,2020-01-03,21.03
Orange County,2020-01-03,19.49
Osceola County,2020-01-03,19.96
Palm Beach County,2020-01-03,22.14
Pasco County,2020-01-03,19.62
Pinellas County,2020-01-03,20.0
Polk County,2020-01-03,20.12
Putnam County,2020-01-03,17.68
St. Johns County,2020-01-03,17.21
St. Lucie County,2020-01-03,20.82
Santa Rosa County,2020-01-03,18.4
Sarasota County,2020-01-03,20.61
Seminole County,2020-01-03,18.95
Sumter County,2020-01-03,18.92
Suwannee County,2020-01-03,17.22
Taylor County,2020-01-03,18.43
Union County,2020-01-03,16.62
Volusia County,2020-01-03,18.08
Wakulla County,2020-01-03,18.75
Walton County,2020-01-03,18.11
Washington County,2020-01-03,19.04
Alachua County,2020-01-04,22.54
Baker County,2020-01-04,21.77
Bay County,2020-01-04,22.88
Bradford County,2020-01-04,22.59
Brevard County,2020-01-04,24.97
Broward County,2020-01-04,25.3
Calhoun County,2020-01-04,22.48
Charlotte County,2020-01-04,24.72
Citrus County,2020-01-04,23.06
Clay County,2020-01-04,23.49
Collier County,2020-01-04,24.42
Columbia County,2020-01-04,21.33
DeSoto County,2020-01-04,24.67
Dixie County,2020-01-04,21.86
Duval County,2020-01-04,23.16
Escambia County,2020-01-04,18.55
Flagler County,2020-01-04,24.58
Franklin County,2020-01-04,22.56
Gadsden County,2020-01-04,20.76
Gilchrist County,2020-01-04,22.0
Glades County,2020-01-04,24.75
Gulf County,2020-01-04,23.14
Hamilton County,2020-01-04,20.56
Hardee County,2020-01-04,24.86
Hendry County,2020-01-04,24.5
Hernando County,2020-01-04,23.85
Highlands County,2020-01-04,24.85
Hillsborough County,2020-01-04,24.78
Holmes County,2020-01-04,21.61
Indian River County,2020-01-04,24.77
Jackson County,2020-01-04,21.6
Jefferson County,2020-01-04,20.27
Lafayette County,2020-01-04,21.8
Lake County,2020-01-04,24.44
Lee County,2020-01-04,24.76
Leon County,2020-01-04,20.48
Levy County,2020-01-04,22.28
Liberty County,2020-01-04,22.36
Madison County,2020-01-04,20.56
Manatee County,2020-01-04,24.47
Marion County,2020-01-04,23.32
Martin County,2020-01-04,25.39
Miami-Dade County,2020-01-04,25.42
Monroe County,2020-01-04,25.4
Nassau County,2020-01-04,22.41
Okaloosa County,2020-01-04,20.36
Okeechobee County,2020-01-04,24.98
Orange County,2020-01-04,24.89
Osceola County,2020-01-04,24.85
Palm Beach County,2020-01-04,25.3
Pasco County,2020-01-04,24.29
Pinellas County,2020-01-04,24.04
Polk County,2020-01-04,24.97
Putnam County,2020-01-04,23.97
St. Johns County,2020-01-04,24.24
St. Lucie County,2020-01-04,25.03
Santa Rosa County,2020-01-04,19.15
Sarasota County,2020-01-04,24.24
Seminole County,2020-01-04,24.83
Sumter County,2020-01-04,23.95
Suwannee County,2020-01-04,21.41
Taylor County,2020-01-04,21.7
Union County,2020-01-04,21.95
Volusia County,2020-01-04,24.66
Wakulla County,2020-01-04,21.55
Walton County,2020-01-04,21.45
Washington County,2020-01-04,22.55
Alachua County,2020-01-05,15.31
Baker County,2020-01-05,14.77
Bay County,2020-01-05,12.87
Bradford County,2020-01-05,15.52
Brevard County,2020-01-05,18.63
Broward County,2020-01-05,21.85
Calhoun County,2020-01-05,12.53
Charlotte County,2020-01-05,20.18
Citrus County,2020-01-05,16.13
Clay County,2020-01-05,16.32
Collier County,2020-01-05,21.25
Columbia County,2020-01-05,13.51
DeSoto County,2020-01-05,18.9
Dixie County,2020-01-05,13.07
Duval County,2020-01-05,15.94
Escambia County,2020-01-05,10.31
Flagler County,2020-01-05,16.75
Franklin County,2020-01-05,13.72
Gadsden County,2020-01-05,12.03
Gilchrist County,2020-01-05,13.67
Glades County,2020-01-05,19.46
Gulf County,2020-01-05,13.73
Hamilton County,2020-01-05,12.38
Hardee County,2020-01-05,18.34
Hendry County,2020-01-05,20.31
Hernando County,2020-01-05,17.22
Highlands County,2020-01-05,18.38
Hillsborough County,2020-01-05,19.34
Holmes County,2020-01-05,11.13
Indian River County,2020-01-05,19.1
Jackson County,2020-01-05,11.62
Jefferson County,2020-01-05,11.9
Lafayette County,2020-01-05,12.12
Lake County,2020-01-05,16.95
Lee County,2020-01-05,20.83
Leon County,2020-01-05,12.11
Levy County,2020-01-05,14.86
Liberty County,2020-01-05,13.0
Madison County,2020-01-05,11.67
Manatee County,2020-01-05,19.98
Marion County,2020-01-05,16.05
Martin County,2020-01-05,20.89
Miami-Dade County,2020-01-05,22.37
Monroe County,2020-01-05,22.69
Nassau County,2020-01-05,15.44
Okaloosa County,2020-01-05,10.58
Okeechobee County,2020-01-05,19.05
Orange County,2020-01-05,17.67
Osceola County,2020-01-05,17.91
Palm Beach County,2020-01-05,21.33
Pasco County,2020-01-05,18.1
Pinellas County,2020-01-05,20.51
Polk County,2020-01-05,17.7
Putnam County,2020-01-05,16.63
St. Johns County,2020-01-05,16.62
St. Lucie County,2020-01-05,20.07
Santa Rosa County,2020-01-05,10.1
Sarasota County,2020-01-05,20.51
Seminole County,2020-01-05,17.5
Sumter County,2020-01-05,16.56
Suwannee County,2020-01-05,12.27
Taylor County,2020-01-05,12.36
Union County,2020-01-05,14.56
Volusia County,2020-01-05,17.1
Wakulla County,2020-01-05,12.72
Walton County,2020-01-05,11.17
Washington County,2020-01-05,11.96
Alachua County,2020-01-06,10.56
Baker County,2020-01-06,9.33
Bay County,2020-01-06,11.41
Bradford County,2020-01-06,10.25
Brevard County,2020-01-06,10.94
Broward County,2020-01-06,16.09
Calhoun County,2020-01-06,9.75
Charlotte County,2020-01-06,12.85
Citrus County,2020-01-06,11.52
Clay County,2020-01-06,10.84
Collier County,2020-01-06,15.07
Columbia County,2020-01-06,8.89
DeSoto County,2020-01-06,11.44
Dixie County,2020-01-06,10.18
Duval County,2020-01-06,10.48
Escambia County,2020-01-06,9.16
Flagler County,2020-01-06,10.73
Franklin County,2020-01-06,10.99
Gadsden County,2020-01-06,8.8
Gilchrist County,2020-01-06,10.16
Glades County,2020-01-06,12.76
Gulf County,2020-01-06,11.39
Hamilton County,2020-01-06,8.19
Hardee County,2020-01-06,11.25
Hendry County,2020-01-06,14.02
Hernando County,2020-01-06,12.05
Highlands County,2020-01-06,11.28
Hillsborough County,2020-01-06,12.82
Holmes County,2020-01-06,8.84
Indian River County,2020-01-06,11.71
Jackson County,2020-01-06,8.98
Jefferson County,2020-01-06,8.96
Lafayette County,2020-01-06,9.02
Lake County,2020-01-06,11.55
Lee County,2020-01-06,14.06
Leon County,2020-01-06,8.85
Levy County,2020-01-06,11.26
Liberty County,2020-01-06,9.63
Madison County,2020-01-06,8.61
Manatee County,2020-01-06,12.63
Marion County,2020-01-06,10.99
Martin County,2020-01-06,14.33
Miami-Dade County,2020-01-06,17.36
Monroe County,2020-01-06,17.84
Nassau County,2020-01-06,9.78
Okaloosa County,2020-01-06,8.4
Okeechobee County,2020-01-06,12.15
Orange County,2020-01-06,11.85
Osceola County,2020-01-06,11.61
Palm Beach County,2020-01-06,15.36
Pasco County,2020-01-06,12.43
Pinellas County,2020-01-06,13.83
Polk County,2020-01-06,11.71
Putnam County,2020-01-06,11.06
St. Johns County,2020-01-06,11.15
St. Lucie County,2020-01-06,13.02
Santa Rosa County,2020-01-06,8.32
Sarasota County,2020-01-06,12.92
Seminole County,2020-01-06,11.26
Sumter County,2020-01-06,11.47
Suwannee County,2020-01-06,8.62
Taylor County,2020-01-06,9.48
Union County,2020-01-06,9.64
Volusia County,2020-01-06,10.51
Wakulla County,2020-01-06,9.47
Walton County,2020-01-06,9.17
Washington County,2020-01-06,9.89
Alachua County,2020-01-07,11.77
Baker County,2020-01-07,11.12
Bay County,2020-01-07,13.34
Bradford County,2020-01-07,11.61
Brevard County,2020-01-07,12.62
Broward County,2020-01-07,16.75
Calhoun County,2020-01-07,12.77
Charlotte County,2020-01-07,13.82
Citrus County,2020-01-07,11.84
Clay County,2020-01-07,12.3
Collier County,2020-01-07,15.84
Columbia County,2020-01-07,10.72
DeSoto County,2020-01-07,12.78
Dixie County,2020-01-07,11.75
Duval County,2020-01-07,12.38
Escambia County,2020-01-07,12.37
Flagler County,2020-01-07,12.23
Franklin County,2020-01-07,13.33
Gadsden County,2020-01-07,11.82
Gilchrist County,2020-01-07,11.76
Glades County,2020-01-07,14.06
Gulf County,2020-01-07,13.9
Hamilton County,2020-01-07,10.24
Hardee County,2020-01-07,12.44
Hendry County,2020-01-07,15.07
Hernando County,2020-01-07,12.01
Highlands County,2020-01-07,12.91
Hillsborough County,2020-01-07,12.66
Holmes County,2020-01-07,11.7
Indian River County,2020-01-07,13.42
Jackson County,2020-01-07,12.19
Jefferson County,2020-01-07,11.1
Lafayette County,2020-01-07,10.91
Lake County,2020-01-07,12.1
Lee County,2020-01-07,14.98
Leon County,2020-01-07,11.47
Levy County,2020-01-07,12.36
Liberty County,2020-01-07,12.71
Madison County,2020-01-07,10.59
Manatee County,2020-01-07,12.78
Marion County,2020-01-07,11.81
Martin County,2020-01-07,15.43
Miami-Dade County,2020-01-07,17.94
Monroe County,2020-01-07,17.97
Nassau County,2020-01-07,12.04
Okaloosa County,2020-01-07,10.81
Okeechobee County,2020-01-07,13.69
Orange County,2020-01-07,12.54
Osceola County,2020-01-07,12.69
Palm Beach County,2020-01-07,16.01
Pasco County,2020-01-07,12.22
Pinellas County,2020-01-07,13.01
Polk County,2020-01-07,12.45
Putnam County,2020-01-07,12.31
St. Johns County,2020-01-07,12.81
St. Lucie County,2020-01-07,14.52
Santa Rosa County,2020-01-07,11.13
Sarasota County,2020-01-07,13.1
Seminole County,2020-01-07,12.23
Sumter County,2020-01-07,11.78
Suwannee County,2020-01-07,10.57
Taylor County,2020-01-07,11.39
Union County,2020-01-07,11.17
Volusia County,2020-01-07,11.89
Wakulla County,2020-01-07,11.95
Walton County,2020-01-07,11.38
Washington County,2020-01-07,12.43
Alachua County,2020-01-08,12.53
Baker County,2020-01-08,11.81
Bay County,2020-01-08,12.09
Bradford County,2020-01-08,12.56
Brevard County,2020-01-08,15.47
Broward County,2020-01-08,18.39
Calhoun County,2020-01-08,10.87
Charlotte County,2020-01-08,15.67
Citrus County,2020-01-08,12.89
Clay County,2020-01-08,13.54
Collier County,2020-01-08,17.28
Columbia County,2020-01-08,11.22
DeSoto County,2020-01-08,14.74
Dixie County,2020-01-08,11.94
Duval County,2020-01-08,13.41
Escambia County,2020-01-08,10.21
Flagler County,2020-01-08,14.49
Franklin County,2020-01-08,12.43
Gadsden County,2020-01-08,10.4
Gilchrist County,2020-01-08,11.96
Glades County,2020-01-08,15.79
Gulf County,2020-01-08,12.45
Hamilton County,2020-01-08,10.59
Hardee County,2020-01-08,14.57
Hendry County,2020-01-08,16.39
Hernando County,2020-01-08,13.41
Highlands County,2020-01-08,15.04
Hillsborough County,2020-01-08,14.56
Holmes County,2020-01-08,9.56
Indian River County,2020-01-08,15.82
Jackson County,2020-01-08,10.04
Jefferson County,2020-01-08,10.88
Lafayette County,2020-01-08,11.33
Lake County,2020-01-08,14.32
Lee County,2020-01-08,16.74
Leon County,2020-01-08,10.68
Levy County,2020-01-08,12.62
Liberty County,2020-01-08,11.15
Madison County,2020-01-08,10.76
Manatee County,2020-01-08,14.44
Marion County,2020-01-08,13.17
Martin County,2020-01-08,17.45
Miami-Dade County,2020-01-08,19.51
Monroe County,2020-01-08,19.5
Nassau County,2020-01-08,12.67
Okaloosa County,2020-01-08,9.9
Okeechobee County,2020-01-08,15.6
Orange County,2020-01-08,15.24
Osceola County,2020-01-08,15.26
Palm Beach County,2020-01-08,17.75
Pasco County,2020-01-08,13.82
Pinellas County,2020-01-08,14.39
Polk County,2020-01-08,14.86
Putnam County,2020-01-08,13.96
St. Johns County,2020-01-08,14.51
St. Lucie County,2020-01-08,16.68
Santa Rosa County,2020-01-08,9.79
Sarasota County,2020-01-08,14.7
Seminole County,2020-01-08,14.99
Sumter County,2020-01-08,13.45
Suwannee County,2020-01-08,11.04
Taylor County,2020-01-08,11.71
Union County,2020-01-08,11.86
Volusia County,2020-01-08,14.51
Wakulla County,2020-01-08,11.42
Walton County,2020-01-08,10.19
Washington County,2020-01-08,10.56
Alachua County,2020-01-09,10.64
Baker County,2020-01-09,9.66
Bay County,2020-01-09,11.82
Bradford County,2020-01-09,10.42
Brevard County,2020-01-09,15.68
Broward County,2020-01-09,19.0
Calhoun County,2020-01-09,10.52
Charlotte County,2020-01-09,16.53
Citrus County,2020-01-09,12.13
Clay County,2020-01-09,11.37
Collier County,2020-01-09,18.04
Columbia County,2020-01-09,9.27
DeSoto County,2020-01-09,15.59
Dixie County,2020-01-09,10.53
Duval County,2020-01-09,11.32
Escambia County,2020-01-09,9.71
Flagler County,2020-01-09,13.38
Franklin County,2020-01-09,11.85
Gadsden County,2020-01-09,9.93
Gilchrist County,2020-01-09,10.23
Glades County,2020-01-09,16.83
Gulf County,2020-01-09,11.85
Hamilton County,2020-01-09,8.99
Hardee County,2020-01-09,15.16
Hendry County,2020-01-09,17.62
Hernando County,2020-01-09,12.95
Highlands County,2020-01-09,15.84
Hillsborough County,2020-01-09,14.6
Holmes County,2020-01-09,9.56
Indian River County,2020-01-09,15.96
Jackson County,2020-01-09,9.87
Jefferson County,2020-01-09,10.07
Lafayette County,2020-01-09,9.62
Lake County,2020-01-09,13.8
Lee County,2020-01-09,17.63
Leon County,2020-01-09,9.99
Levy County,2020-01-09,11.36
Liberty County,2020-01-09,10.62
Madison County,2020-01-09,9.63
Manatee County,2020-01-09,14.8
Marion County,2020-01-09,11.83
Martin County,2020-01-09,17.92
Miami-Dade County,2020-01-09,19.79
Monroe County,2020-01-09,19.99
Nassau County,2020-01-09,10.59
Okaloosa County,2020-01-09,8.76
Okeechobee County,2020-01-09,16.24
Orange County,2020-01-09,15.32
Osceola County,2020-01-09,15.66
Palm Beach County,2020-01-09,18.53
Pasco County,2020-01-09,13.55
Pinellas County,2020-01-09,14.67
Polk County,2020-01-09,15.11
Putnam County,2020-01-09,12.13
St. Johns County,2020-01-09,12.86
St. Lucie County,2020-01-09,16.95
Santa Rosa County,2020-01-09,8.72
Sarasota County,2020-01-09,15.18
Seminole County,2020-01-09,14.86
Sumter County,2020-01-09,12.77
Suwannee County,2020-01-09,9.27
Taylor County,2020-01-09,10.45
Union County,2020-01-09,9.78
Volusia County,2020-01-09,14.1
Wakulla County,2020-01-09,10.69
Walton County,2020-01-09,9.61
Washington County,2020-01-09,10.34
Alachua County,2020-01-10,13.8
Baker County,2020-01-10,12.74
Bay County,2020-01-10,15.44
Bradford County,2020-01-10,13.57
Brevard County,2020-01-10,21.18
Broward County,2020-01-10,22.77
Calhoun County,2020-01-10,14.42
Charlotte County,2020-01-10,19.9
Citrus County,2020-01-10,15.68
Clay County,2020-01-10,14.64
Collier County,2020-01-10,20.81
Columbia County,2020-01-10,12.43
DeSoto County,2020-01-10,19.51
Dixie County,2020-01-10,13.47
Duval County,2020-01-10,14.52
Escambia County,2020-01-10,13.71
Flagler County,2020-01-10,17.2
Franklin County,2020-01-10,15.17
Gadsden County,2020-01-10,13.6
Gilchrist County,2020-01-10,13.28
Glades County,2020-01-10,20.67
Gulf County,2020-01-10,15.69
Hamilton County,2020-01-10,12.3
Hardee County,2020-01-10,19.3
Hendry County,2020-01-10,20.9
Hernando County,2020-01-10,16.75
Highlands County,2020-01-10,20.17
Hillsborough County,2020-01-10,18.4
Holmes County,2020-01-10,13.25
Indian River County,2020-01-10,21.55
Jackson County,2020-01-10,13.72
Jefferson County,2020-01-10,13.65
Lafayette County,2020-01-10,12.94
Lake County,2020-01-10,17.45
Lee County,2020-01-10,20.42
Leon County,2020-01-10,13.59
Levy County,2020-01-10,14.31
Liberty County,2020-01-10,14.35
Madison County,2020-01-10,13.18
Manatee County,2020-01-10,18.53
Marion County,2020-01-10,15.31
Martin County,2020-01-10,22.77
Miami-Dade County,2020-01-10,23.14
Monroe County,2020-01-10,22.43
Nassau County,2020-01-10,13.61
Okaloosa County,2020-01-10,12.66
Okeechobee County,2020-01-10,21.11
Orange County,2020-01-10,19.13
Osceola County,2020-01-10,20.05
Palm Beach County,2020-01-10,22.71
Pasco County,2020-01-10,17.4
Pinellas County,2020-01-10,17.89
Polk County,2020-01-10,19.15
Putnam County,2020-01-10,15.58
St. Johns County,2020-01-10,16.44
St. Lucie County,2020-01-10,22.28
Santa Rosa County,2020-01-10,12.72
Sarasota County,2020-01-10,18.69
Seminole County,2020-01-10,18.71
Sumter County,2020-01-10,16.73
Suwannee County,2020-01-10,12.62
Taylor County,2020-01-10,13.71
Union County,2020-01-10,12.92
Volusia County,2020-01-10,18.14
Wakulla County,2020-01-10,13.97
Walton County,2020-01-10,13.31
Washington County,2020-01-10,14.28
Alachua County,2020-01-11,18.94
Baker County,2020-01-11,17.53
Bay County,2020-01-11,19.4
Bradford County,2020-01-11,18.55
Brevard County,2020-01-11,23.01
Broward County,2020-01-11,24.2
Calhoun County,2020-01-11,19.49
Charlotte County,2020-01-11,23.06
Citrus County,2020-01-11,21.0
Clay County,2020-01-11,19.86
Collier County,2020-01-11,23.19
Columbia County,2020-01-11,17.17
DeSoto County,2020-01-11,22.56
Dixie County,2020-01-11,18.96
Duval County,2020-01-11,20.01
Escambia County,2020-01-11,19.64
Flagler County,2020-01-11,21.49
Franklin County,2020-01-11,20.05
Gadsden County,2020-01-11,19.74
Gilchrist County,2020-01-11,18.59
Glades County,2020-01-11,23.05
Gulf County,2020-01-11,20.16
Hamilton County,2020-01-11,17.35
Hardee County,2020-01-11,22.36
Hendry County,2020-01-11,23.15
Hernando County,2020-01-11,21.85
Highlands County,2020-01-11,22.54
Hillsborough County,2020-01-11,22.72
Holmes County,2020-01-11,18.35
Indian River County,2020-01-11,23.09
Jackson County,2020-01-11,18.93
Jefferson County,2020-01-11,19.69
Lafayette County,2020-01-11,18.21
Lake County,2020-01-11,21.64
Lee County,2020-01-11,23.35
Leon County,2020-01-11,19.96
Levy County,2020-01-11,19.89
Liberty County,2020-01-11,19.99
Madison County,2020-01-11,18.76
Manatee County,2020-01-11,22.58
Marion County,2020-01-11,20.38
Martin County,2020-01-11,24.01
Miami-Dade County,2020-01-11,24.62
Monroe County,2020-01-11,24.09
Nassau County,2020-01-11,19.14
Okaloosa County,2020-01-11,18.54
Okeechobee County,2020-01-11,22.98
Orange County,2020-01-11,22.27
Osceola County,2020-01-11,22.41
Palm Beach County,2020-01-11,24.03
Pasco County,2020-01-11,22.28
Pinellas County,2020-01-11,22.56
Polk County,2020-01-11,22.26
Putnam County,2020-01-11,20.59
St. Johns County,2020-01-11,21.29
St. Lucie County,2020-01-11,23.62
Santa Rosa County,2020-01-11,18.96
Sarasota County,2020-01-11,22.66
Seminole County,2020-01-11,22.06
Sumter County,2020-01-11,21.52
Suwannee County,2020-01-11,17.62
Taylor County,2020-01-11,19.29
Union County,2020-01-11,17.74
Volusia County,2020-01-11,21.73
Wakulla County,2020-01-11,19.96
Walton County,2020-01-11,18.38
Washington County,2020-01-11,19.04
Alachua County,2020-01-12,22.58
Baker County,2020-01-12,22.12
Bay County,2020-01-12,21.8
Bradford County,2020-01-12,22.49
Brevard County,2020-01-12,23.82
Broward County,2020-01-12,25.24
Calhoun County,2020-01-12,21.94
Charlotte County,2020-01-12,24.93
Citrus County,2020-01-12,23.15
Clay County,2020-01-12,23.19
Collier County,2020-01-12,24.97
Columbia County,2020-01-12,22.08
DeSoto County,2020-01-12,24.31
Dixie County,2020-01-12,22.55
Duval County,2020-01-12,23.08
Escambia County,2020-01-12,18.92
Flagler County,2020-01-12,23.35
Franklin County,2020-01-12,21.94
Gadsden County,2020-01-12,21.19
Gilchrist County,2020-01-12,22.59
Glades County,2020-01-12,24.49
Gulf County,2020-01-12,22.15
Hamilton County,2020-01-12,22.18
Hardee County,2020-01-12,24.04
Hendry County,2020-01-12,24.66
Hernando County,2020-01-12,23.86
Highlands County,2020-01-12,23.99
Hillsborough County,2020-01-12,24.53
Holmes County,2020-01-12,21.51
Indian River County,2020-01-12,24.06
Jackson County,2020-01-12,21.49
Jefferson County,2020-01-12,22.2
Lafayette County,2020-01-12,22.84
Lake County,2020-01-12,23.79
Lee County,2020-01-12,25.33
Leon County,2020-01-12,21.74
Levy County,2020-01-12,22.65
Liberty County,2020-01-12,21.99
Madison County,2020-01-12,22.58
Manatee County,2020-01-12,24.42
Marion County,2020-01-12,23.01
Martin County,2020-01-12,24.94
Miami-Dade County,2020-01-12,25.5
Monroe County,2020-01-12,25.46
Nassau County,2020-01-12,22.68
Okaloosa County,2020-01-12,19.3
Okeechobee County,2020-01-12,24.17
Orange County,2020-01-12,24.08
Osceola County,2020-01-12,23.96
Palm Beach County,2020-01-12,25.02
Pasco County,2020-01-12,24.22
Pinellas County,2020-01-12,24.39
Polk County,2020-01-12,23.97
Putnam County,2020-01-12,23.38
St. Johns County,2020-01-12,23.43
St. Lucie County,2020-01-12,24.56
Santa Rosa County,2020-01-12,18.79
Sarasota County,2020-01-12,24.58
Seminole County,2020-01-12,23.88
Sumter County,2020-01-12,23.71
Suwannee County,2020-01-12,22.6
Taylor County,2020-01-12,22.93
Union County,2020-01-12,22.19
Volusia County,2020-01-12,23.37
Wakulla County,2020-01-12,22.01
Walton County,2020-01-12,20.4
Washington County,2020-01-12,22.27
Alachua County,2020-01-13,23.2
Baker County,2020-01-13,22.18
Bay County,2020-01-13,20.84
Bradford County,2020-01-13,22.96
Brevard County,2020-01-13,23.57
Broward County,2020-01-13,24.49
Calhoun County,2020-01-13,19.91
Charlotte County,2020-01-13,24.61
Citrus County,2020-01-13,23.68
Clay County,2020-01-13,23.61
Collier County,2020-01-13,24.4
Columbia County,2020-01-13,21.8
DeSoto County,2020-01-13,24.04
Dixie County,2020-01-13,22.49
Duval County,2020-01-13,23.29
Escambia County,2020-01-13,17.55
Flagler County,2020-01-13,23.77
Franklin County,2020-01-13,21.09
Gadsden County,2020-01-13,19.51
Gilchrist County,2020-01-13,22.78
Glades County,2020-01-13,23.93
Gulf County,2020-01-13,21.31
Hamilton County,2020-01-13,21.2
Hardee County,2020-01-13,23.98
Hendry County,2020-01-13,24.0
Hernando County,2020-01-13,24.15
Highlands County,2020-01-13,23.68
Hillsborough County,2020-01-13,24.55
Holmes County,2020-01-13,19.47
Indian River County,2020-01-13,23.61
Jackson County,2020-01-13,19.27
Jefferson County,2020-01-13,20.99
Lafayette County,2020-01-13,22.02
Lake County,2020-01-13,24.37
Lee County,2020-01-13,25.0
Leon County,2020-01-13,20.33
Levy County,2020-01-13,23.35
Liberty County,2020-01-13,20.06
Madison County,2020-01-13,21.28
Manatee County,2020-01-13,24.22
Marion County,2020-01-13,23.73
Martin County,2020-01-13,24.43
Miami-Dade County,2020-01-13,24.91
Monroe County,2020-01-13,25.11
Nassau County,2020-01-13,22.94
Okaloosa County,2020-01-13,18.65
Okeechobee County,2020-01-13,23.59
Orange County,2020-01-13,24.45
Osceola County,2020-01-13,23.9
Palm Beach County,2020-01-13,24.22
Pasco County,2020-01-13,24.37
Pinellas County,2020-01-13,24.24
Polk County,2020-01-13,24.22
Putnam County,2020-01-13,23.96
St. Johns County,2020-01-13,23.69
St. Lucie County,2020-01-13,24.12
Santa Rosa County,2020-01-13,17.96
Sarasota County,2020-01-13,24.29
Seminole County,2020-01-13,24.28
Sumter County,2020-01-13,24.15
Suwannee County,2020-01-13,21.73
Taylor County,2020-01-13,21.93
Union County,2020-01-13,22.41
Volusia County,2020-01-13,23.78
Wakulla County,2020-01-13,20.66
Walton County,2020-01-13,19.4
Washington County,2020-01-13,20.23
Alachua County,2020-01-14,21.72
Baker County,2020-01-14,21.03
Bay County,2020-01-14,22.25
Bradford County,2020-01-14,21.74
Brevard County,2020-01-14,22.66
Broward County,2020-01-14,24.52
Calhoun County,2020-01-14,21.45
Charlotte County,2020-01-14,23.83
Citrus County,2020-01-14,22.01
Clay County,2020-01-14,22.38
Collier County,2020-01-14,23.75
Columbia County,2020-01-14,20.51
DeSoto County,2020-01-14,23.15
Dixie County,2020-01-14,20.86
Duval County,2020-01-14,22.07
Escambia County,2020-01-14,21.04
Flagler County,2020-01-14,21.76
Franklin County,2020-01-14,21.0
Gadsden County,2020-01-14,20.89
Gilchrist County,2020-01-14,21.17
Glades County,2020-01-14,23.33
Gulf County,2020-01-14,21.76
Hamilton County,2020-01-14,20.22
Hardee County,2020-01-14,23.13
Hendry County,2020-01-14,23.44
Hernando County,2020-01-14,22.88
Highlands County,2020-01-14,23.08
Hillsborough County,2020-01-14,23.96
Holmes County,2020-01-14,22.06
Indian River County,2020-01-14,23.3
Jackson County,2020-01-14,21.49
Jefferson County,2020-01-14,20.81
Lafayette County,2020-01-14,20.75
Lake County,2020-01-14,22.6
Lee County,2020-01-14,24.19
Leon County,2020-01-14,20.73
Levy County,2020-01-14,21.55
Liberty County,2020-01-14,21.02
Madison County,2020-01-14,20.75
Manatee County,2020-01-14,23.92
Marion County,2020-01-14,21.94
Martin County,2020-01-14,24.45
Miami-Dade County,2020-01-14,24.97
Monroe County,2020-01-14,24.76
Nassau County,2020-01-14,21.59
Okaloosa County,2020-01-14,21.38
Okeechobee County,2020-01-14,23.32
Orange County,2020-01-14,23.06
Osceola County,2020-01-14,23.12
Palm Beach County,2020-01-14,24.37
Pasco County,2020-01-14,23.51
Pinellas County,2020-01-14,24.5
Polk County,2020-01-14,23.24
Putnam County,2020-01-14,22.32
St. Johns County,2020-01-14,22.11
St. Lucie County,2020-01-14,23.96
Santa Rosa County,2020-01-14,20.95
Sarasota County,2020-01-14,24.01
Seminole County,2020-01-14,22.56
Sumter County,2020-01-14,22.43
Suwannee County,2020-01-14,20.53
Taylor County,2020-01-14,20.85
Union County,2020-01-14,21.12
Volusia County,2020-01-14,21.74
Wakulla County,2020-01-14,20.49
Walton County,2020-01-14,21.87
Washington County,2020-01-14,22.44
Alachua County,2020-01-15,20.85
Baker County,2020-01-15,20.41
Bay County,2020-01-15,22.87
Bradford County,2020-01-15,20.75
Brevard County,2020-01-15,22.57
Broward County,2020-01-15,23.14
Calhoun County,2020-01-15,22.22
Charlotte County,2020-01-15,23.73
Citrus County,2020-01-15,21.63
Clay County,2020-01-15,21.48
Collier County,2020-01-15,23.36
Columbia County,2020-01-15,20.07
DeSoto County,2020-01-15,22.78
Dixie County,2020-01-15,20.76
Duval County,2020-01-15,21.47
Escambia County,2020-01-15,20.9
Flagler County,2020-01-15,21.89
Franklin County,2020-01-15,21.8
Gadsden County,2020-01-15,21.45
Gilchrist County,2020-01-15,20.69
Glades County,2020-01-15,22.59
Gulf County,2020-01-15,22.67
Hamilton County,2020-01-15,20.17
Hardee County,2020-01-15,22.85
Hendry County,2020-01-15,22.8
Hernando County,2020-01-15,22.42
Highlands County,2020-01-15,22.41
Hillsborough County,2020-01-15,23.47
Holmes County,2020-01-15,22.17
Indian River County,2020-01-15,22.12
Jackson County,2020-01-15,21.97
Jefferson County,2020-01-15,21.66
Lafayette County,2020-01-15,20.64
Lake County,2020-01-15,22.66
Lee County,2020-01-15,24.32
Leon County,2020-01-15,21.62
Levy County,2020-01-15,21.15
Liberty County,2020-01-15,21.67
Madison County,2020-01-15,21.15
Manatee County,2020-01-15,23.37
Marion County,2020-01-15,21.45
Martin County,2020-01-15,22.9
Miami-Dade County,2020-01-15,23.3
Monroe County,2020-01-15,24.1
Nassau County,2020-01-15,21.28
Okaloosa County,2020-01-15,20.67
Okeechobee County,2020-01-15,22.35
Orange County,2020-01-15,23.3
Osceola County,2020-01-15,22.99
Palm Beach County,2020-01-15,23.03
Pasco County,2020-01-15,22.95
Pinellas County,2020-01-15,23.48
Polk County,2020-01-15,23.24
Putnam County,2020-01-15,21.72
St. Johns County,2020-01-15,21.86
St. Lucie County,2020-01-15,22.42
Santa Rosa County,2020-01-15,20.44
Sarasota County,2020-01-15,23.66
Seminole County,2020-01-15,22.94
Sumter County,2020-01-15,22.25
Suwannee County,2020-01-15,20.32
Taylor County,2020-01-15,21.31
Union County,2020-01-15,20.31
Volusia County,2020-01-15,22.2
Wakulla County,2020-01-15,21.37
Walton County,2020-01-15,21.51
Washington County,2020-01-15,23.09
Alachua County,2020-01-16,21.41
Baker County,2020-01-16,20.95
Bay County,2020-01-16,23.49
Bradford County,2020-01-16,21.41
Brevard County,2020-01-16,22.68
Broward County,2020-01-16,22.57
Calhoun County,2020-01-16,23.07
Charlotte County,2020-01-16,22.7
Citrus County,2020-01-16,21.98
Clay County,2020-01-16,22.23
Collier County,2020-01-16,22.26
Columbia County,2020-01-16,20.37
DeSoto County,2020-01-16,22.01
Dixie County,2020-01-16,20.83
Duval County,2020-01-16,22.28
Escambia County,2020-01-16,21.11
Flagler County,2020-01-16,22.59
Franklin County,2020-01-16,22.67
Gadsden County,2020-01-16,21.57
Gilchrist County,2020-01-16,20.97
Glades County,2020-01-16,21.82
Gulf County,2020-01-16,23.43
Hamilton County,2020-01-16,19.83
Hardee County,2020-01-16,22.19
Hendry County,2020-01-16,21.91
Hernando County,2020-01-16,22.65
Highlands County,2020-01-16,21.76
Hillsborough County,2020-01-16,23.15
Holmes County,2020-01-16,22.78
Indian River County,2020-01-16,21.69
Jackson County,2020-01-16,22.45
Jefferson County,2020-01-16,20.71
Lafayette County,2020-01-16,20.55
Lake County,2020-01-16,23.34
Lee County,2020-01-16,23.12
Leon County,2020-01-16,21.28
Levy County,2020-01-16,21.4
Liberty County,2020-01-16,22.78
Madison County,2020-01-16,20.22
Manatee County,2020-01-16,22.76
Marion County,2020-01-16,22.15
Martin County,2020-01-16,22.17
Miami-Dade County,2020-01-16,23.02
Monroe County,2020-01-16,23.35
Nassau County,2020-01-16,22.01
Okaloosa County,2020-01-16,21.39
Okeechobee County,2020-01-16,21.69
Orange County,2020-01-16,23.73
Osceola County,2020-01-16,22.82
Palm Beach County,2020-01-16,22.41
Pasco County,2020-01-16,23.0
Pinellas County,2020-01-16,23.27
Polk County,2020-01-16,22.86
Putnam County,2020-01-16,22.5
St. Johns County,2020-01-16,22.52
St. Lucie County,2020-01-16,21.78
Santa Rosa County,2020-01-16,20.85
Sarasota County,2020-01-16,22.81
Seminole County,2020-01-16,23.63
Sumter County,2020-01-16,22.82
Suwannee County,2020-01-16,20.26
Taylor County,2020-01-16,21.0
Union County,2020-01-16,20.89
Volusia County,2020-01-16,23.0
Wakulla County,2020-01-16,21.77
Walton County,2020-01-16,22.25
Washington County,2020-01-16,23.57
Alachua County,2020-01-17,19.73
Baker County,2020-01-17,18.87
Bay County,2020-01-17,19.02
Bradford County,2020-01-17,19.76
Brevard County,2020-01-17,22.66
Broward County,2020-01-17,22.58
Calhoun County,2020-01-17,18.76
Charlotte County,2020-01-17,21.87
Citrus County,2020-01-17,20.83
Clay County,2020-01-17,21.04
Collier County,2020-01-17,21.84
Columbia County,2020-01-17,18.14
DeSoto County,2020-01-17,21.61
Dixie County,2020-01-17,18.73
Duval County,2020-01-17,21.0
Escambia County,2020-01-17,17.51
Flagler County,2020-01-17,22.46
Franklin County,2020-01-17,19.64
Gadsden County,2020-01-17,18.68
Gilchrist County,2020-01-17,18.81
Glades County,2020-01-17,21.96
Gulf County,2020-01-17,19.65
Hamilton County,2020-01-17,17.67
Hardee County,2020-01-17,21.93
Hendry County,2020-01-17,21.95
Hernando County,2020-01-17,21.75
Highlands County,2020-01-17,21.93
Hillsborough County,2020-01-17,22.38
Holmes County,2020-01-17,18.11
Indian River County,2020-01-17,21.91
Jackson County,2020-01-17,18.36
Jefferson County,2020-01-17,19.18
Lafayette County,2020-01-17,18.52
Lake County,2020-01-17,22.89
Lee County,2020-01-17,22.26
Leon County,2020-01-17,19.31
Levy County,2020-01-17,19.51
Liberty County,2020-01-17,19.07
Madison County,2020-01-17,18.5
Manatee County,2020-01-17,21.63
Marion County,2020-01-17,21.16
Martin County,2020-01-17,22.49
Miami-Dade County,2020-01-17,22.53
Monroe County,2020-01-17,22.84
Nassau County,2020-01-17,20.03
Okaloosa County,2020-01-17,16.88
Okeechobee County,2020-01-17,22.04
Orange County,2020-01-17,23.39
Osceola County,2020-01-17,22.77
Palm Beach County,2020-01-17,22.71
Pasco County,2020-01-17,22.18
Pinellas County,2020-01-17,22.14
Polk County,2020-01-17,22.65
Putnam County,2020-01-17,21.73
St. Johns County,2020-01-17,22.06
St. Lucie County,2020-01-17,22.08
Santa Rosa County,2020-01-17,16.76
Sarasota County,2020-01-17,21.33
Seminole County,2020-01-17,23.37
Sumter County,2020-01-17,22.14
Suwannee County,2020-01-17,18.14
Taylor County,2020-01-17,19.24
Union County,2020-01-17,18.91
Volusia County,2020-01-17,22.9
Wakulla County,2020-01-17,19.42
Walton County,2020-01-17,17.5
Washington County,2020-01-17,18.78
Alachua County,2020-01-18,16.93
Baker County,2020-01-18,15.37
Bay County,2020-01-18,17.15
Bradford County,2020-01-18,16.63
Brevard County,2020-01-18,21.49
Broward County,2020-01-18,23.24
Calhoun County,2020-01-18,16.39
Charlotte County,2020-01-18,21.49
Citrus County,2020-01-18,19.02
Clay County,2020-01-18,17.84
Collier County,2020-01-18,22.71
Columbia County,2020-01-18,14.73
DeSoto County,2020-01-18,20.46
Dixie County,2020-01-18,16.48
Duval County,2020-01-18,17.66
Escambia County,2020-01-18,15.9
Flagler County,2020-01-18,19.85
Franklin County,2020-01-18,17.22
Gadsden County,2020-01-18,15.66
Gilchrist County,2020-01-18,16.15
Glades County,2020-01-18,21.69
Gulf County,2020-01-18,17.3
Hamilton County,2020-01-18,13.97
Hardee County,2020-01-18,20.23
Hendry County,2020-01-18,22.26
Hernando County,2020-01-18,19.89
Highlands County,2020-01-18,20.79
Hillsborough County,2020-01-18,21.0
Holmes County,2020-01-18,16.11
Indian River County,2020-01-18,21.53
Jackson County,2020-01-18,15.95
Jefferson County,2020-01-18,15.5
Lafayette County,2020-01-18,15.31
Lake County,2020-01-18,19.96
Lee County,2020-01-18,22.45
Leon County,2020-01-18,15.72
Levy County,2020-01-18,17.69
Liberty County,2020-01-18,16.46
Madison County,2020-01-18,14.79
Manatee County,2020-01-18,20.59
Marion County,2020-01-18,18.45
Martin County,2020-01-18,22.93
Miami-Dade County,2020-01-18,23.65
Monroe County,2020-01-18,23.96
Nassau County,2020-01-18,16.37
Okaloosa County,2020-01-18,15.26
Okeechobee County,2020-01-18,21.5
Orange County,2020-01-18,20.87
Osceola County,2020-01-18,20.97
Palm Beach County,2020-01-18,23.14
Pasco County,2020-01-18,20.37
Pinellas County,2020-01-18,21.55
Polk County,2020-01-18,20.51
Putnam County,2020-01-18,18.77
St. Johns County,2020-01-18,19.54
St. Lucie County,2020-01-18,22.29
Santa Rosa County,2020-01-18,15.04
Sarasota County,2020-01-18,20.77
Seminole County,2020-01-18,20.59
Sumter County,2020-01-18,19.48
Suwannee County,2020-01-18,14.67
Taylor County,2020-01-18,16.11
Union County,2020-01-18,15.68
Volusia County,2020-01-18,20.19
Wakulla County,2020-01-18,16.38
Walton County,2020-01-18,15.93
Washington County,2020-01-18,16.7
Alachua County,2020-01-19,17.34
Baker County,2020-01-19,16.2
Bay County,2020-01-19,17.37
Bradford County,2020-01-19,17.17
Brevard County,2020-01-19,20.29
Broward County,2020-01-19,21.91
Calhoun County,2020-01-19,16.44
Charlotte County,2020-01-19,20.87
Citrus County,2020-01-19,19.01
Clay County,2020-01-19,18.39
Collier County,2020-01-19,21.41
Columbia County,2020-01-19,15.72
DeSoto County,2020-01-19,20.13
Dixie County,2020-01-19,17.11
Duval County,2020-01-19,18.44
Escambia County,2020-01-19,14.06
Flagler County,2020-01-19,20.03
Franklin County,2020-01-19,17.51
Gadsden County,2020-01-19,16.14
Gilchrist County,2020-01-19,16.86
Glades County,2020-01-19,20.48
Gulf County,2020-01-19,17.44
Hamilton County,2020-01-19,15.12
Hardee County,2020-01-19,20.09
Hendry County,2020-01-19,21.04
Hernando County,2020-01-19,19.84
Highlands County,2020-01-19,19.88
Hillsborough County,2020-01-19,20.73
Holmes County,2020-01-19,15.8
Indian River County,2020-01-19,19.82
Jackson County,2020-01-19,16.13
Jefferson County,2020-01-19,16.45
Lafayette County,2020-01-19,16.45
Lake County,2020-01-19,20.47
Lee County,2020-01-19,21.53
Leon County,2020-01-19,16.45
Levy County,2020-01-19,17.86
Liberty County,2020-01-19,16.61
Madison County,2020-01-19,15.93
Manatee County,2020-01-19,20.34
Marion County,2020-01-19,18.79
Martin County,2020-01-19,21.16
Miami-Dade County,2020-01-19,22.2
Monroe County,2020-01-19,22.49
Nassau County,2020-01-19,17.48
Okaloosa County,2020-01-19,14.12
Okeechobee County,2020-01-19,19.95
Orange County,2020-01-19,21.01
Osceola County,2020-01-19,20.41
Palm Beach County,2020-01-19,21.64
Pasco County,2020-01-19,20.25
Pinellas County,2020-01-19,20.59
Polk County,2020-01-19,20.51
Putnam County,2020-01-19,19.15
St. Johns County,2020-01-19,19.79
St. Lucie County,2020-01-19,20.43
Santa Rosa County,2020-01-19,13.48
Sarasota County,2020-01-19,20.4
Seminole County,2020-01-19,20.82
Sumter County,2020-01-19,19.9
Suwannee County,2020-01-19,15.9
Taylor County,2020-01-19,17.1
Union County,2020-01-19,16.43
Volusia County,2020-01-19,20.3
Wakulla County,2020-01-19,16.95
Walton County,2020-01-19,15.36
Washington County,2020-01-19,16.63
Alachua County,2020-01-20,14.46
Baker County,2020-01-20,13.09
Bay County,2020-01-20,10.79
Bradford County,2020-01-20,14.4
Brevard County,2020-01-20,18.57
Broward County,2020-01-20,22.74
Calhoun County,2020-01-20,10.66
Charlotte County,2020-01-20,20.35
Citrus County,2020-01-20,15.68
Clay County,2020-01-20,15.46
Collier County,2020-01-20,21.73
Columbia County,2020-01-20,12.05
DeSoto County,2020-01-20,19.44
Dixie County,2020-01-20,12.98
Duval County,2020-01-20,15.12
Escambia County,2020-01-20,9.58
Flagler County,2020-01-20,15.89
Franklin County,2020-01-20,11.99
Gadsden County,2020-01-20,10.32
Gilchrist County,2020-01-20,13.18
Glades County,2020-01-20,21.34
Gulf County,2020-01-20,11.62
Hamilton County,2020-01-20,10.71
Hardee County,2020-01-20,18.78
Hendry County,2020-01-20,21.61
Hernando County,2020-01-20,16.81
Highlands County,2020-01-20,20.11
Hillsborough County,2020-01-20,18.77
Holmes County,2020-01-20,9.4
Indian River County,2020-01-20,20.35
Jackson County,2020-01-20,9.78
Jefferson County,2020-01-20,10.68
Lafayette County,2020-01-20,11.94
Lake County,2020-01-20,16.25
Lee County,2020-01-20,21.38
Leon County,2020-01-20,10.69
Levy County,2020-01-20,14.44
Liberty County,2020-01-20,11.3
Madison County,2020-01-20,10.62
Manatee County,2020-01-20,18.68
Marion County,2020-01-20,15.25
Martin County,2020-01-20,22.22
Miami-Dade County,2020-01-20,23.11
Monroe County,2020-01-20,23.13
Nassau County,2020-01-20,14.05
Okaloosa County,2020-01-20,9.95
Okeechobee County,2020-01-20,20.8
Orange County,2020-01-20,17.25
Osceola County,2020-01-20,18.52
Palm Beach County,2020-01-20,22.58
Pasco County,2020-01-20,17.69
Pinellas County,2020-01-20,19.59
Polk County,2020-01-20,18.1
Putnam County,2020-01-20,15.82
St. Johns County,2020-01-20,15.98
St. Lucie County,2020-01-20,21.53
Santa Rosa County,2020-01-20,9.88
Sarasota County,2020-01-20,18.86
Seminole County,2020-01-20,16.74
Sumter County,2020-01-20,15.96
Suwannee County,2020-01-20,11.48
Taylor County,2020-01-20,12.0
Union County,2020-01-20,13.33
Volusia County,2020-01-20,16.08
Wakulla County,2020-01-20,11.5
Walton County,2020-01-20,9.77
Washington County,2020-01-20,10.15
Alachua County,2020-01-21,7.45
Baker County,2020-01-21,5.95
Bay County,2020-01-21,6.06
Bradford County,2020-01-21,7.13
Brevard County,2020-01-21,12.34
Broward County,2020-01-21,17.15
Calhoun County,2020-01-21,5.89
Charlotte County,2020-01-21,12.9
Citrus County,2020-01-21,9.47
Clay County,2020-01-21,8.52
Collier County,2020-01-21,16.2
Columbia County,2020-01-21,5.42
DeSoto County,2020-01-21,11.73
Dixie County,2020-01-21,7.83
Duval County,2020-01-21,8.94
Escambia County,2020-01-21,3.67
Flagler County,2020-01-21,10.3
Franklin County,2020-01-21,7.93
Gadsden County,2020-01-21,5.46
Gilchrist County,2020-01-21,7.07
Glades County,2020-01-21,13.84
Gulf County,2020-01-21,7.4
Hamilton County,2020-01-21,4.88
Hardee County,2020-01-21,11.34
Hendry County,2020-01-21,15.1
Hernando County,2020-01-21,10.4
Highlands County,2020-01-21,12.45
Hillsborough County,2020-01-21,11.66
Holmes County,2020-01-21,5.02
Indian River County,2020-01-21,13.03
Jackson County,2020-01-21,5.28
Jefferson County,2020-01-21,6.28
Lafayette County,2020-01-21,7.01
Lake County,2020-01-21,10.63
Lee County,2020-01-21,14.5
Leon County,2020-01-21,6.12
Levy County,2020-01-21,8.27
Liberty County,2020-01-21,6.61
Madison County,2020-01-21,5.94
Manatee County,2020-01-21,11.21
Marion County,2020-01-21,8.93
Martin County,2020-01-21,15.31
Miami-Dade County,2020-01-21,17.93
Monroe County,2020-01-21,18.38
Nassau County,2020-01-21,7.82
Okaloosa County,2020-01-21,3.5
Okeechobee County,2020-01-21,13.32
Orange County,2020-01-21,11.61
Osceola County,2020-01-21,12.07
Palm Beach County,2020-01-21,16.38
Pasco County,2020-01-21,10.95
Pinellas County,2020-01-21,11.99
Polk County,2020-01-21,11.51
Putnam County,2020-01-21,9.3
St. Johns County,2020-01-21,10.38
St. Lucie County,2020-01-21,14.14
Santa Rosa County,2020-01-21,3.19
Sarasota County,2020-01-21,11.41
Seminole County,2020-01-21,11.27
Sumter County,2020-01-21,10.08
Suwannee County,2020-01-21,6.01
Taylor County,2020-01-21,7.78
Union County,2020-01-21,6.21
Volusia County,2020-01-21,10.64
Wakulla County,2020-01-21,7.26
Walton County,2020-01-21,4.3
Washington County,2020-01-21,5.34
Alachua County,2020-01-22,4.58
Baker County,2020-01-22,3.75
Bay County,2020-01-22,3.9
Bradford County,2020-01-22,4.57
Brevard County,2020-01-22,8.87
Broward County,2020-01-22,11.81
Calhoun County,2020-01-22,2.96
Charlotte County,2020-01-22,9.85
Citrus County,2020-01-22,5.79
Clay County,2020-01-22,5.97
Collier County,2020-01-22,11.91
Columbia County,2020-01-22,2.98
DeSoto County,2020-01-22,8.26
Dixie County,2020-01-22,4.47
Duval County,2020-01-22,6.81
Escambia County,2020-01-22,2.04
Flagler County,2020-01-22,6.96
Franklin County,2020-01-22,4.35
Gadsden County,2020-01-22,2.99
Gilchrist County,2020-01-22,4.11
Glades County,2020-01-22,10.27
Gulf County,2020-01-22,4.05
Hamilton County,2020-01-22,2.66
Hardee County,2020-01-22,7.41
Hendry County,2020-01-22,11.29
Hernando County,2020-01-22,6.31
Highlands County,2020-01-22,8.71
Hillsborough County,2020-01-22,7.36
Holmes County,2020-01-22,2.5
Indian River County,2020-01-22,9.56
Jackson County,2020-01-22,2.6
Jefferson County,2020-01-22,3.81
Lafayette County,2020-01-22,3.65
Lake County,2020-01-22,6.65
Lee County,2020-01-22,11.36
Leon County,2020-01-22,3.51
Levy County,2020-01-22,5.19
Liberty County,2020-01-22,3.24
Madison County,2020-01-22,3.42
Manatee County,2020-01-22,7.57
Marion County,2020-01-22,5.5
Martin County,2020-01-22,11.24
Miami-Dade County,2020-01-22,12.12
Monroe County,2020-01-22,13.19
Nassau County,2020-01-22,6.02
Okaloosa County,2020-01-22,1.95
Okeechobee County,2020-01-22,9.72
Orange County,2020-01-22,7.68
Osceola County,2020-01-22,8.23
Palm Beach County,2020-01-22,11.6
Pasco County,2020-01-22,6.62
Pinellas County,2020-01-22,7.79
Polk County,2020-01-22,7.27
Putnam County,2020-01-22,6.18
St. Johns County,2020-01-22,7.55
St. Lucie County,2020-01-22,10.53
Santa Rosa County,2020-01-22,1.63
Sarasota County,2020-01-22,8.35
Seminole County,2020-01-22,7.42
Sumter County,2020-01-22,6.1
Suwannee County,2020-01-22,3.14
Taylor County,2020-01-22,4.42
Union County,2020-01-22,3.71
Volusia County,2020-01-22,7.06
Wakulla County,2020-01-22,3.97
Walton County,2020-01-22,2.5
Washington County,2020-01-22,3.07
Alachua County,2020-01-23,6.89
Baker County,2020-01-23,6.04
Bay County,2020-01-23,7.21
Bradford County,2020-01-23,6.55
Brevard County,2020-01-23,9.6
Broward County,2020-01-23,10.36
Calhoun County,2020-01-23,6.8
Charlotte County,2020-01-23,10.85
Citrus County,2020-01-23,7.66
Clay County,2020-01-23,7.28
Collier County,2020-01-23,10.73
Columbia County,2020-01-23,6.01
DeSoto County,2020-01-23,9.49
Dixie County,2020-01-23,7.33
Duval County,2020-01-23,7.25
Escambia County,2020-01-23,4.76
Flagler County,2020-01-23,8.51
Franklin County,2020-01-23,8.07
Gadsden County,2020-01-23,6.68
Gilchrist County,2020-01-23,6.97
Glades County,2020-01-23,10.22
Gulf County,2020-01-23,8.07
Hamilton County,2020-01-23,6.33
Hardee County,2020-01-23,8.61
Hendry County,2020-01-23,10.46
Hernando County,2020-01-23,7.97
Highlands County,2020-01-23,8.96
Hillsborough County,2020-01-23,8.69
Holmes County,2020-01-23,5.31
Indian River County,2020-01-23,9.62
Jackson County,2020-01-23,6.03
Jefferson County,2020-01-23,7.57
Lafayette County,2020-01-23,7.01
Lake County,2020-01-23,7.96
Lee County,2020-01-23,11.56
Leon County,2020-01-23,7.21
Levy County,2020-01-23,7.54
Liberty County,2020-01-23,7.2
Madison County,2020-01-23,7.26
Manatee County,2020-01-23,9.58
Marion County,2020-01-23,7.41
Martin County,2020-01-23,10.75
Miami-Dade County,2020-01-23,11.19
Monroe County,2020-01-23,11.94
Nassau County,2020-01-23,6.76
Okaloosa County,2020-01-23,4.34
Okeechobee County,2020-01-23,9.46
Orange County,2020-01-23,8.39
Osceola County,2020-01-23,8.43
Palm Beach County,2020-01-23,10.45
Pasco County,2020-01-23,8.11
Pinellas County,2020-01-23,9.08
Polk County,2020-01-23,8.01
Putnam County,2020-01-23,7.74
St. Johns County,2020-01-23,8.53
St. Lucie County,2020-01-23,10.37
Santa Rosa County,2020-01-23,4.16
Sarasota County,2020-01-23,10.58
Seminole County,2020-01-23,8.29
Sumter County,2020-01-23,7.84
Suwannee County,2020-01-23,6.59
Taylor County,2020-01-23,7.81
Union County,2020-01-23,6.14
Volusia County,2020-01-23,8.41
Wakulla County,2020-01-23,7.52
Walton County,2020-01-23,5.04
Washington County,2020-01-23,6.26
Alachua County,2020-01-24,13.54
Baker County,2020-01-24,11.29
Bay County,2020-01-24,11.54
Bradford County,2020-01-24,13.03
Brevard County,2020-01-24,17.0
Broward County,2020-01-24,18.59
Calhoun County,2020-01-24,11.22
Charlotte County,2020-01-24,18.13
Citrus County,2020-01-24,14.82
Clay County,2020-01-24,14.03
Collier County,2020-01-24,18.26
Columbia County,2020-01-24,11.09
DeSoto County,2020-01-24,17.6
Dixie County,2020-01-24,13.47
Duval County,2020-01-24,13.28
Escambia County,2020-01-24,11.13
Flagler County,2020-01-24,16.4
Franklin County,2020-01-24,13.36
Gadsden County,2020-01-24,12.15
Gilchrist County,2020-01-24,13.04
Glades County,2020-01-24,17.63
Gulf County,2020-01-24,12.75
Hamilton County,2020-01-24,10.36
Hardee County,2020-01-24,17.17
Hendry County,2020-01-24,17.86
Hernando County,2020-01-24,15.55
Highlands County,2020-01-24,17.28
Hillsborough County,2020-01-24,16.78
Holmes County,2020-01-24,9.3
Indian River County,2020-01-24,17.21
Jackson County,2020-01-24,10.27
Jefferson County,2020-01-24,13.17
Lafayette County,2020-01-24,12.8
Lake County,2020-01-24,15.96
Lee County,2020-01-24,18.41
Leon County,2020-01-24,13.16
Levy County,2020-01-24,14.01
Liberty County,2020-01-24,12.19
Madison County,2020-01-24,12.15
Manatee County,2020-01-24,17.3
Marion County,2020-01-24,14.81
Martin County,2020-01-24,18.44
Miami-Dade County,2020-01-24,19.29
Monroe County,2020-01-24,19.05
Nassau County,2020-01-24,11.92
Okaloosa County,2020-01-24,9.64
Okeechobee County,2020-01-24,17.49
Orange County,2020-01-24,16.56
Osceola County,2020-01-24,16.67
Palm Beach County,2020-01-24,18.31
Pasco County,2020-01-24,15.99
Pinellas County,2020-01-24,16.42
Polk County,2020-01-24,16.6
Putnam County,2020-01-24,15.25
St. Johns County,2020-01-24,15.48
St. Lucie County,2020-01-24,17.91
Santa Rosa County,2020-01-24,10.17
Sarasota County,2020-01-24,17.67
Seminole County,2020-01-24,16.63
Sumter County,2020-01-24,15.45
Suwannee County,2020-01-24,11.72
Taylor County,2020-01-24,13.74
Union County,2020-01-24,12.12
Volusia County,2020-01-24,16.65
Wakulla County,2020-01-24,13.5
Walton County,2020-01-24,9.67
Washington County,2020-01-24,10.43
Alachua County,2020-01-25,15.73
Baker County,2020-01-25,15.2
Bay County,2020-01-25,13.17
Bradford County,2020-01-25,15.96
Brevard County,2020-01-25,19.46
Broward County,2020-01-25,21.28
Calhoun County,2020-01-25,13.29
Charlotte County,2020-01-25,20.28
Citrus County,2020-01-25,16.47
Clay County,2020-01-25,17.11
Collier County,2020-01-25,20.44
Columbia County,2020-01-25,14.28
DeSoto County,2020-01-25,19.94
Dixie County,2020-01-25,14.06
Duval County,2020-01-25,16.53
Escambia County,2020-01-25,11.05
Flagler County,2020-01-25,18.28
Franklin County,2020-01-25,14.41
Gadsden County,2020-01-25,13.16
Gilchrist County,2020-01-25,14.53
Glades County,2020-01-25,20.12
Gulf County,2020-01-25,14.39
Hamilton County,2020-01-25,13.48
Hardee County,2020-01-25,19.81
Hendry County,2020-01-25,20.39
Hernando County,2020-01-25,17.73
Highlands County,2020-01-25,19.75
Hillsborough County,2020-01-25,19.67
Holmes County,2020-01-25,10.51
Indian River County,2020-01-25,19.65
Jackson County,2020-01-25,12.21
Jefferson County,2020-01-25,13.18
Lafayette County,2020-01-25,13.81
Lake County,2020-01-25,18.51
Lee County,2020-01-25,20.55
Leon County,2020-01-25,13.28
Levy County,2020-01-25,15.15
Liberty County,2020-01-25,13.95
Madison County,2020-01-25,13.21
Manatee County,2020-01-25,19.99
Marion County,2020-01-25,16.87
Martin County,2020-01-25,20.48
Miami-Dade County,2020-01-25,21.4
Monroe County,2020-01-25,20.48
Nassau County,2020-01-25,15.83
Okaloosa County,2020-01-25,9.88
Okeechobee County,2020-01-25,19.94
Orange County,2020-01-25,19.5
Osceola County,2020-01-25,19.72
Palm Beach County,2020-01-25,20.97
Pasco County,2020-01-25,18.69
Pinellas County,2020-01-25,19.54
Polk County,2020-01-25,19.55
Putnam County,2020-01-25,17.78
St. Johns County,2020-01-25,17.72
St. Lucie County,2020-01-25,19.98
Santa Rosa County,2020-01-25,10.18
Sarasota County,2020-01-25,20.01
Seminole County,2020-01-25,19.28
Sumter County,2020-01-25,17.67
Suwannee County,2020-01-25,13.76
Taylor County,2020-01-25,13.81
Union County,2020-01-25,15.06
Volusia County,2020-01-25,18.59
Wakulla County,2020-01-25,13.72
Walton County,2020-01-25,10.38
Washington County,2020-01-25,11.95
Alachua County,2020-01-26,12.28
Baker County,2020-01-26,10.87
Bay County,2020-01-26,10.78
Bradford County,2020-01-26,11.89
Brevard County,2020-01-26,14.2
Broward County,2020-01-26,18.31
Calhoun County,2020-01-26,9.84
Charlotte County,2020-01-26,14.57
Citrus County,2020-01-26,13.51
Clay County,2020-01-26,12.79
Collier County,2020-01-26,17.42
Columbia County,2020-01-26,10.47
DeSoto County,2020-01-26,13.52
Dixie County,2020-01-26,12.2
Duval County,2020-01-26,12.69
Escambia County,2020-01-26,9.7
Flagler County,2020-01-26,13.68
Franklin County,2020-01-26,11.31
Gadsden County,2020-01-26,9.5
Gilchrist County,2020-01-26,12.0
Glades County,2020-01-26,15.22
Gulf County,2020-01-26,11.21
Hamilton County,2020-01-26,9.83
Hardee County,2020-01-26,13.39
Hendry County,2020-01-26,16.76
Hernando County,2020-01-26,14.08
Highlands County,2020-01-26,13.76
Hillsborough County,2020-01-26,14.57
Holmes County,2020-01-26,9.18
Indian River County,2020-01-26,14.3
Jackson County,2020-01-26,9.23
Jefferson County,2020-01-26,10.36
Lafayette County,2020-01-26,11.35
Lake County,2020-01-26,13.86
Lee County,2020-01-26,15.83
Leon County,2020-01-26,9.96
Levy County,2020-01-26,13.0
Liberty County,2020-01-26,10.23
Madison County,2020-01-26,10.37
Manatee County,2020-01-26,13.93
Marion County,2020-01-26,13.06
Martin County,2020-01-26,16.41
Miami-Dade County,2020-01-26,18.55
Monroe County,2020-01-26,18.88
Nassau County,2020-01-26,11.87
Okaloosa County,2020-01-26,8.84
Okeechobee County,2020-01-26,14.55
Orange County,2020-01-26,14.28
Osceola County,2020-01-26,14.0
Palm Beach County,2020-01-26,17.66
Pasco County,2020-01-26,14.38
Pinellas County,2020-01-26,15.05
Polk County,2020-01-26,13.88
Putnam County,2020-01-26,13.28
St. Johns County,2020-01-26,13.71
St. Lucie County,2020-01-26,15.27
Santa Rosa County,2020-01-26,8.89
Sarasota County,2020-01-26,13.93
Seminole County,2020-01-26,14.06
Sumter County,2020-01-26,13.66
Suwannee County,2020-01-26,10.68
Taylor County,2020-01-26,11.54
Union County,2020-01-26,11.19
Volusia County,2020-01-26,13.7
Wakulla County,2020-01-26,10.57
Walton County,2020-01-26,9.26
Washington County,2020-01-26,9.84
Alachua County,2020-01-27,11.91
Baker County,2020-01-27,10.63
Bay County,2020-01-27,10.91
Bradford County,2020-01-27,11.43
Brevard County,2020-01-27,13.84
Broward County,2020-01-27,16.73
Calhoun County,2020-01-27,10.2
Charlotte County,2020-01-27,14.74
Citrus County,2020-01-27,12.8
Clay County,2020-01-27,12.12
Collier County,2020-01-27,15.92
Columbia County,2020-01-27,10.5
DeSoto County,2020-01-27,13.98
Dixie County,2020-01-27,11.97
Duval County,2020-01-27,12.16
Escambia County,2020-01-27,9.37
Flagler County,2020-01-27,12.73
Franklin County,2020-01-27,11.46
Gadsden County,2020-01-27,9.99
Gilchrist County,2020-01-27,11.93
Glades County,2020-01-27,14.61
Gulf County,2020-01-27,11.33
Hamilton County,2020-01-27,10.01
Hardee County,2020-01-27,13.77
Hendry County,2020-01-27,15.28
Hernando County,2020-01-27,13.21
Highlands County,2020-01-27,13.97
Hillsborough County,2020-01-27,13.92
Holmes County,2020-01-27,9.33
Indian River County,2020-01-27,14.1
Jackson County,2020-01-27,9.61
Jefferson County,2020-01-27,10.46
Lafayette County,2020-01-27,11.1
Lake County,2020-01-27,13.29
Lee County,2020-01-27,15.45
Leon County,2020-01-27,10.32
Levy County,2020-01-27,12.72
Liberty County,2020-01-27,10.59
Madison County,2020-01-27,10.36
Manatee County,2020-01-27,14.11
Marion County,2020-01-27,12.47
Martin County,2020-01-27,15.52
Miami-Dade County,2020-01-27,17.49
Monroe County,2020-01-27,17.34
Nassau County,2020-01-27,11.6
Okaloosa County,2020-01-27,8.81
Okeechobee County,2020-01-27,14.31
Orange County,2020-01-27,13.84
Osceola County,2020-01-27,13.92
Palm Beach County,2020-01-27,16.12
Pasco County,2020-01-27,13.5
Pinellas County,2020-01-27,13.95
Polk County,2020-01-27,13.77
Putnam County,2020-01-27,12.49
St. Johns County,2020-01-27,12.86
St. Lucie County,2020-01-27,14.8
Santa Rosa County,2020-01-27,8.68
Sarasota County,2020-01-27,14.38
Seminole County,2020-01-27,13.5
Sumter County,2020-01-27,13.07
Suwannee County,2020-01-27,10.65
Taylor County,2020-01-27,11.35
Union County,2020-01-27,11.0
Volusia County,2020-01-27,12.93
Wakulla County,2020-01-27,10.85
Walton County,2020-01-27,9.3
Washington County,2020-01-27,10.01
Alachua County,2020-01-28,13.07
Baker County,2020-01-28,12.21
Bay County,2020-01-28,10.26
Bradford County,2020-01-28,13.04
Brevard County,2020-01-28,16.88
Broward County,2020-01-28,19.06
Calhoun County,2020-01-28,10.06
Charlotte County,2020-01-28,17.15
Citrus County,2020-01-28,14.3
Clay County,2020-01-28,13.99
Collier County,2020-01-28,17.65
Columbia County,2020-01-28,11.5
DeSoto County,2020-01-28,16.39
Dixie County,2020-01-28,11.97
Duval County,2020-01-28,13.84
Escambia County,2020-01-28,9.1
Flagler County,2020-01-28,14.95
Franklin County,2020-01-28,11.54
Gadsden County,2020-01-28,10.27
Gilchrist County,2020-01-28,12.17
Glades County,2020-01-28,17.46
Gulf County,2020-01-28,11.17
Hamilton County,2020-01-28,10.95
Hardee County,2020-01-28,16.3
Hendry County,2020-01-28,17.67
Hernando County,2020-01-28,15.29
Highlands County,2020-01-28,16.8
Hillsborough County,2020-01-28,16.56
Holmes County,2020-01-28,8.65
Indian River County,2020-01-28,17.08
Jackson County,2020-01-28,9.48
Jefferson County,2020-01-28,11.02
Lafayette County,2020-01-28,11.44
Lake County,2020-01-28,15.58
Lee County,2020-01-28,17.76
Leon County,2020-01-28,10.78
Levy County,2020-01-28,13.09
Liberty County,2020-01-28,10.69
Madison County,2020-01-28,11.01
Manatee County,2020-01-28,16.58
Marion County,2020-01-28,14.19
Martin County,2020-01-28,18.41
Miami-Dade County,2020-01-28,19.69
Monroe County,2020-01-28,19.18
Nassau County,2020-01-28,13.07
Okaloosa County,2020-01-28,8.17
Okeechobee County,2020-01-28,17.21
Orange County,2020-01-28,16.26
Osceola County,2020-01-28,16.43
Palm Beach County,2020-01-28,18.76
Pasco County,2020-01-28,15.91
Pinellas County,2020-01-28,16.82
Polk County,2020-01-28,16.29
Putnam County,2020-01-28,14.48
St. Johns County,2020-01-28,14.61
St. Lucie County,2020-01-28,17.76
Santa Rosa County,2020-01-28,8.41
Sarasota County,2020-01-28,16.78
Seminole County,2020-01-28,16.11
Sumter County,2020-01-28,15.09
Suwannee County,2020-01-28,11.27
Taylor County,2020-01-28,11.67
Union County,2020-01-28,12.24
Volusia County,2020-01-28,15.59
Wakulla County,2020-01-28,11.14
Walton County,2020-01-28,8.43
Washington County,2020-01-28,9.43
Alachua County,2020-01-29,11.25
Baker County,2020-01-29,10.21
Bay County,2020-01-29,11.66
Bradford County,2020-01-29,11.0
Brevard County,2020-01-29,14.82
Broward County,2020-01-29,20.11
Calhoun County,2020-01-29,11.52
Charlotte County,2020-01-29,16.75
Citrus County,2020-01-29,12.46
Clay County,2020-01-29,11.57
Collier County,2020-01-29,18.78
Columbia County,2020-01-29,10.01
DeSoto County,2020-01-29,15.83
Dixie County,2020-01-29,10.91
Duval County,2020-01-29,11.2
Escambia County,2020-01-29,11.47
Flagler County,2020-01-29,12.33
Franklin County,2020-01-29,12.19
Gadsden County,2020-01-29,11.01
Gilchrist County,2020-01-29,10.87
Glades County,2020-01-29,17.12
Gulf County,2020-01-29,12.52
Hamilton County,2020-01-29,9.65
Hardee County,2020-01-29,15.44
Hendry County,2020-01-29,18.08
Hernando County,2020-01-29,13.69
Highlands County,2020-01-29,16.04
Hillsborough County,2020-01-29,15.7
Holmes County,2020-01-29,10.69
Indian River County,2020-01-29,16.13
Jackson County,2020-01-29,11.06
Jefferson County,2020-01-29,10.91
Lafayette County,2020-01-29,10.47
Lake County,2020-01-29,13.5
Lee County,2020-01-29,17.75
Leon County,2020-01-29,11.13
Levy County,2020-01-29,11.54
Liberty County,2020-01-29,11.7
Madison County,2020-01-29,10.39
Manatee County,2020-01-29,15.98
Marion County,2020-01-29,11.97
Martin County,2020-01-29,18.42
Miami-Dade County,2020-01-29,20.41
Monroe County,2020-01-29,20.29
Nassau County,2020-01-29,10.57
Okaloosa County,2020-01-29,10.03
Okeechobee County,2020-01-29,16.59
Orange County,2020-01-29,14.57
Osceola County,2020-01-29,15.32
Palm Beach County,2020-01-29,19.47
Pasco County,2020-01-29,14.66
Pinellas County,2020-01-29,16.42
Polk County,2020-01-29,15.11
Putnam County,2020-01-29,12.06
St. Johns County,2020-01-29,12.08
St. Lucie County,2020-01-29,17.31
Santa Rosa County,2020-01-29,10.39
Sarasota County,2020-01-29,16.17
Seminole County,2020-01-29,13.92
Sumter County,2020-01-29,13.05
Suwannee County,2020-01-29,10.11
Taylor County,2020-01-29,11.05
Union County,2020-01-29,10.54
Volusia County,2020-01-29,12.83
Wakulla County,2020-01-29,11.37
Walton County,2020-01-29,10.23
Washington County,2020-01-29,11.31
Alachua County,2020-01-30,10.1
Baker County,2020-01-30,8.41
Bay County,2020-01-30,9.84
Bradford County,2020-01-30,9.43
Brevard County,2020-01-30,17.71
Broward County,2020-01-30,20.5
Calhoun County,2020-01-30,9.43
Charlotte County,2020-01-30,18.53
Citrus County,2020-01-30,11.87
Clay County,2020-01-30,10.28
Collier County,2020-01-30,18.66
Columbia County,2020-01-30,8.42
DeSoto County,2020-01-30,18.29
Dixie County,2020-01-30,10.29
Duval County,2020-01-30,9.89
Escambia County,2020-01-30,8.27
Flagler County,2020-01-30,13.27
Franklin County,2020-01-30,9.94
Gadsden County,2020-01-30,9.21
Gilchrist County,2020-01-30,10.11
Glades County,2020-01-30,19.5
Gulf County,2020-01-30,10.1
Hamilton County,2020-01-30,7.85
Hardee County,2020-01-30,17.64
Hendry County,2020-01-30,19.23
Hernando County,2020-01-30,12.91
Highlands County,2020-01-30,18.94
Hillsborough County,2020-01-30,15.47
Holmes County,2020-01-30,9.05
Indian River County,2020-01-30,18.93
Jackson County,2020-01-30,9.12
Jefferson County,2020-01-30,9.38
Lafayette County,2020-01-30,9.27
Lake County,2020-01-30,13.87
Lee County,2020-01-30,18.8
Leon County,2020-01-30,9.38
Levy County,2020-01-30,11.21
Liberty County,2020-01-30,9.48
Madison County,2020-01-30,8.84
Manatee County,2020-01-30,16.51
Marion County,2020-01-30,11.47
Martin County,2020-01-30,20.73
Miami-Dade County,2020-01-30,20.62
Monroe County,2020-01-30,19.94
Nassau County,2020-01-30,9.02
Okaloosa County,2020-01-30,7.72
Okeechobee County,2020-01-30,19.46
Orange County,2020-01-30,16.18
Osceola County,2020-01-30,17.73
Palm Beach County,2020-01-30,20.8
Pasco County,2020-01-30,13.86
Pinellas County,2020-01-30,14.97
Polk County,2020-01-30,16.67
Putnam County,2020-01-30,11.53
St. Johns County,2020-01-30,11.96
St. Lucie County,2020-01-30,19.93
Santa Rosa County,2020-01-30,7.53
Sarasota County,2020-01-30,16.95
Seminole County,2020-01-30,15.67
Sumter County,2020-01-30,12.69
Suwannee County,2020-01-30,8.62
Taylor County,2020-01-30,9.73
Union County,2020-01-30,8.97
Volusia County,2020-01-30,14.63
Wakulla County,2020-01-30,9.5
Walton County,2020-01-30,8.47
Washington County,2020-01-30,9.53
Alachua County,2020-01-31,13.8
Baker County,2020-01-31,12.68
Bay County,2020-01-31,12.21
Bradford County,2020-01-31,13.55
Brevard County,2020-01-31,18.3
Broward County,2020-01-31,20.04
Calhoun County,2020-01-31,12.43
Charlotte County,2020-01-31,16.9
Citrus County,2020-01-31,14.57
Clay County,2020-01-31,14.41
Collier County,2020-01-31,18.67
Columbia County,2020-01-31,12.48
DeSoto County,2020-01-31,16.5
Dixie County,2020-01-31,13.28
Duval County,2020-01-31,13.88
Escambia County,2020-01-31,10.96
Flagler County,2020-01-31,16.09
Franklin County,2020-01-31,13.17
Gadsden County,2020-01-31,13.14
Gilchrist County,2020-01-31,13.35
Glades County,2020-01-31,18.13
Gulf County,2020-01-31,12.94
Hamilton County,2020-01-31,12.45
Hardee County,2020-01-31,16.47
Hendry County,2020-01-31,18.56
Hernando County,2020-01-31,15.35
Highlands County,2020-01-31,17.44
Hillsborough County,2020-01-31,15.92
Holmes County,2020-01-31,11.3
Indian River County,2020-01-31,18.69
Jackson County,2020-01-31,11.96
Jefferson County,2020-01-31,13.91
Lafayette County,2020-01-31,13.48
Lake County,2020-01-31,16.68
Lee County,2020-01-31,17.79
Leon County,2020-01-31,13.76
Levy County,2020-01-31,13.68
Liberty County,2020-01-31,13.04
Madison County,2020-01-31,13.57
Manatee County,2020-01-31,15.62
Marion County,2020-01-31,15.02
Martin County,2020-01-31,20.04
Miami-Dade County,2020-01-31,19.98
Monroe County,2020-01-31,19.92
Nassau County,2020-01-31,13.12
Okaloosa County,2020-01-31,10.48
Okeechobee County,2020-01-31,18.59
Orange County,2020-01-31,17.72
Osceola County,2020-01-31,17.97
Palm Beach County,2020-01-31,20.2
Pasco County,2020-01-31,15.7
Pinellas County,2020-01-31,15.12
Polk County,2020-01-31,16.99
Putnam County,2020-01-31,15.32
St. Johns County,2020-01-31,15.32
St. Lucie County,2020-01-31,19.37
Santa Rosa County,2020-01-31,10.33
Sarasota County,2020-01-31,15.6
Seminole County,2020-01-31,17.47
Sumter County,2020-01-31,15.93
Suwannee County,2020-01-31,13.01
Taylor County,2020-01-31,13.97
Union County,2020-01-31,12.92
Volusia County,2020-01-31,16.73
Wakulla County,2020-01-31,13.55
Walton County,2020-01-31,10.92
Washington County,2020-01-31,11.97
Alachua County,2020-02-01,14.76
Baker County,2020-02-01,12.49
Bay County,2020-02-01,10.31
Bradford County,2020-02-01,14.22
Brevard County,2020-02-01,20.18
Broward County,2020-02-01,21.0
Calhoun County,2020-02-01,9.95
Charlotte County,2020-02-01,20.0
Citrus County,2020-02-01,16.6
Clay County,2020-02-01,15.11
Collier County,2020-02-01,19.94
Columbia County,2020-02-01,12.08
DeSoto County,2020-02-01,19.85
Dixie County,2020-02-01,12.99
Duval County,2020-02-01,13.98
Escambia County,2020-02-01,11.98
Flagler County,2020-02-01,17.46
Franklin County,2020-02-01,10.59
Gadsden County,2020-02-01,9.56
Gilchrist County,2020-02-01,13.5
Glades County,2020-02-01,20.9
Gulf County,2020-02-01,10.51
Hamilton County,2020-02-01,10.96
Hardee County,2020-02-01,19.38
Hendry County,2020-02-01,20.25
Hernando County,2020-02-01,17.31
Highlands County,2020-02-01,20.49
Hillsborough County,2020-02-01,17.85
Holmes County,2020-02-01,9.82
Indian River County,2020-02-01,21.01
Jackson County,2020-02-01,9.53
Jefferson County,2020-02-01,10.42
Lafayette County,2020-02-01,12.16
Lake County,2020-02-01,18.7
Lee County,2020-02-01,20.19
Leon County,2020-02-01,9.95
Levy County,2020-02-01,14.59
Liberty County,2020-02-01,10.17
Madison County,2020-02-01,10.81
Manatee County,2020-02-01,18.11
Marion County,2020-02-01,16.91
Martin County,2020-02-01,22.22
Miami-Dade County,2020-02-01,20.89
Monroe County,2020-02-01,20.99
Nassau County,2020-02-01,12.45
Okaloosa County,2020-02-01,11.01
Okeechobee County,2020-02-01,21.19
Orange County,2020-02-01,19.57
Osceola County,2020-02-01,20.2
Palm Beach County,2020-02-01,21.77
Pasco County,2020-02-01,17.49
Pinellas County,2020-02-01,16.79
Polk County,2020-02-01,19.33
Putnam County,2020-02-01,16.69
St. Johns County,2020-02-01,16.11
St. Lucie County,2020-02-01,21.69
Santa Rosa County,2020-02-01,11.58
Sarasota County,2020-02-01,18.54
Seminole County,2020-02-01,19.15
Sumter County,2020-02-01,17.92
Suwannee County,2020-02-01,11.78
Taylor County,2020-02-01,11.77
Union County,2020-02-01,13.22
Volusia County,2020-02-01,18.33
Wakulla County,2020-02-01,10.39
Walton County,2020-02-01,10.42
Washington County,2020-02-01,10.05
Alachua County,2020-02-02,10.35
Baker County,2020-02-02,8.54
Bay County,2020-02-02,8.87
Bradford County,2020-02-02,9.89
Brevard County,2020-02-02,13.48
Broward County,2020-02-02,17.95
Calhoun County,2020-02-02,8.01
Charlotte County,2020-02-02,14.42
Citrus County,2020-02-02,12.47
Clay County,2020-02-02,10.64
Collier County,2020-02-02,16.61
Columbia County,2020-02-02,8.26
DeSoto County,2020-02-02,13.67
Dixie County,2020-02-02,9.55
Duval County,2020-02-02,9.87
Escambia County,2020-02-02,8.62
Flagler County,2020-02-02,12.11
Franklin County,2020-02-02,9.11
Gadsden County,2020-02-02,7.19
Gilchrist County,2020-02-02,9.47
Glades County,2020-02-02,14.89
Gulf County,2020-02-02,9.06
Hamilton County,2020-02-02,7.69
Hardee County,2020-02-02,13.42
Hendry County,2020-02-02,15.75
Hernando County,2020-02-02,13.34
Highlands County,2020-02-02,13.85
Hillsborough County,2020-02-02,14.22
Holmes County,2020-02-02,7.43
Indian River County,2020-02-02,14.15
Jackson County,2020-02-02,7.53
Jefferson County,2020-02-02,7.54
Lafayette County,2020-02-02,8.58
Lake County,2020-02-02,13.1
Lee County,2020-02-02,15.16
Leon County,2020-02-02,7.27
Levy County,2020-02-02,10.67
Liberty County,2020-02-02,8.11
Madison County,2020-02-02,7.71
Manatee County,2020-02-02,13.85
Marion County,2020-02-02,11.94
Martin County,2020-02-02,16.62
Miami-Dade County,2020-02-02,18.69
Monroe County,2020-02-02,19.18
Nassau County,2020-02-02,8.78
Okaloosa County,2020-02-02,8.11
Okeechobee County,2020-02-02,14.51
Orange County,2020-02-02,13.33
Osceola County,2020-02-02,13.56
Palm Beach County,2020-02-02,17.56
Pasco County,2020-02-02,13.74
Pinellas County,2020-02-02,14.83
Polk County,2020-02-02,13.55
Putnam County,2020-02-02,11.76
St. Johns County,2020-02-02,11.42
St. Lucie County,2020-02-02,15.21
Santa Rosa County,2020-02-02,8.34
Sarasota County,2020-02-02,13.94
Seminole County,2020-02-02,12.89
Sumter County,2020-02-02,12.81
Suwannee County,2020-02-02,8.2
Taylor County,2020-02-02,8.76
Union County,2020-02-02,9.06
Volusia County,2020-02-02,12.36
Wakulla County,2020-02-02,8.11
Walton County,2020-02-02,8.02
Washington County,2020-02-02,7.86
Alachua County,2020-02-03,10.97
Baker County,2020-02-03,10.84
Bay County,2020-02-03,10.93
Bradford County,2020-02-03,11.14
Brevard County,2020-02-03,12.26
Broward County,2020-02-03,15.18
Calhoun County,2020-02-03,10.83
Charlotte County,2020-02-03,12.69
Citrus County,2020-02-03,11.73
Clay County,2020-02-03,12.0
Collier County,2020-02-03,14.51
Columbia County,2020-02-03,10.42
DeSoto County,2020-02-03,12.08
Dixie County,2020-02-03,10.47
Duval County,2020-02-03,12.0
Escambia County,2020-02-03,12.52
Flagler County,2020-02-03,12.63
Franklin County,2020-02-03,10.92
Gadsden County,2020-02-03,10.96
Gilchrist County,2020-02-03,10.47
Glades County,2020-02-03,13.4
Gulf County,2020-02-03,10.96
Hamilton County,2020-02-03,10.64
Hardee County,2020-02-03,11.84
Hendry County,2020-02-03,14.08
Hernando County,2020-02-03,12.3
Highlands County,2020-02-03,12.32
Hillsborough County,2020-02-03,12.39
Holmes County,2020-02-03,10.53
Indian River County,2020-02-03,12.26
Jackson County,2020-02-03,10.74
Jefferson County,2020-02-03,11.05
Lafayette County,2020-02-03,10.56
Lake County,2020-02-03,12.58
Lee County,2020-02-03,13.39
Leon County,2020-02-03,10.87
Levy County,2020-02-03,10.66
Liberty County,2020-02-03,10.92
Madison County,2020-02-03,11.01
Manatee County,2020-02-03,11.94
Marion County,2020-02-03,11.82
Martin County,2020-02-03,13.81
Miami-Dade County,2020-02-03,16.01
Monroe County,2020-02-03,16.61
Nassau County,2020-02-03,11.57
Okaloosa County,2020-02-03,11.41
Okeechobee County,2020-02-03,12.69
Orange County,2020-02-03,12.56
Osceola County,2020-02-03,12.26
Palm Beach County,2020-02-03,14.73
Pasco County,2020-02-03,12.45
Pinellas County,2020-02-03,13.01
Polk County,2020-02-03,12.16
Putnam County,2020-02-03,12.35
St. Johns County,2020-02-03,12.59
St. Lucie County,2020-02-03,12.89
Santa Rosa County,2020-02-03,11.96
Sarasota County,2020-02-03,12.01
Seminole County,2020-02-03,12.43
Sumter County,2020-02-03,12.09
Suwannee County,2020-02-03,10.52
Taylor County,2020-02-03,11.02
Union County,2020-02-03,10.59
Volusia County,2020-02-03,12.41
Wakulla County,2020-02-03,10.75
Walton County,2020-02-03,10.91
Washington County,2020-02-03,10.66
Alachua County,2020-02-04,13.74
Baker County,2020-02-04,13.79
Bay County,2020-02-04,14.75
Bradford County,2020-02-04,13.84
Brevard County,2020-02-04,14.14
Broward County,2020-02-04,16.36
Calhoun County,2020-02-04,15.2
Charlotte County,2020-02-04,15.62
Citrus County,2020-02-04,14.27
Clay County,2020-02-04,14.54
Collier County,2020-02-04,16.21
Columbia County,2020-02-04,13.63
DeSoto County,2020-02-04,15.16
Dixie County,2020-02-04,13.49
Duval County,2020-02-04,14.47
Escambia County,2020-02-04,15.29
Flagler County,2020-02-04,15.1
Franklin County,2020-02-04,14.87
Gadsden County,2020-02-04,14.72
Gilchrist County,2020-02-04,13.52
Glades County,2020-02-04,15.42
Gulf County,2020-02-04,15.3
Hamilton County,2020-02-04,14.15
Hardee County,2020-02-04,14.9
Hendry County,2020-02-04,15.7
Hernando County,2020-02-04,14.79
Highlands County,2020-02-04,14.77
Hillsborough County,2020-02-04,15.03
Holmes County,2020-02-04,14.24
Indian River County,2020-02-04,13.82
Jackson County,2020-02-04,15.04
Jefferson County,2020-02-04,14.38
Lafayette County,2020-02-04,13.83
Lake County,2020-02-04,15.38
Lee County,2020-02-04,15.97
Leon County,2020-02-04,14.41
Levy County,2020-02-04,13.43
Liberty County,2020-02-04,15.17
Madison County,2020-02-04,14.4
Manatee County,2020-02-04,15.02
Marion County,2020-02-04,14.52
Martin County,2020-02-04,15.21
Miami-Dade County,2020-02-04,17.37
Monroe County,2020-02-04,18.0
Nassau County,2020-02-04,14.18
Okaloosa County,2020-02-04,14.21
Okeechobee County,2020-02-04,14.49
Orange County,2020-02-04,15.19
Osceola County,2020-02-04,14.58
Palm Beach County,2020-02-04,15.99
Pasco County,2020-02-04,14.95
Pinellas County,2020-02-04,14.96
Polk County,2020-02-04,14.98
Putnam County,2020-02-04,14.91
St. Johns County,2020-02-04,14.94
St. Lucie County,2020-02-04,14.34
Santa Rosa County,2020-02-04,14.7
Sarasota County,2020-02-04,15.25
Seminole County,2020-02-04,15.09
Sumter County,2020-02-04,14.88
Suwannee County,2020-02-04,13.89
Taylor County,2020-02-04,14.3
Union County,2020-02-04,13.51
Volusia County,2020-02-04,14.94
Wakulla County,2020-02-04,14.46
Walton County,2020-02-04,14.05
Washington County,2020-02-04,14.6
Alachua County,2020-02-05,14.35
Baker County,2020-02-05,14.07
Bay County,2020-02-05,18.06
Bradford County,2020-02-05,14.22
Brevard County,2020-02-05,18.25
Broward County,2020-02-05,20.35
Calhoun County,2020-02-05,17.96
Charlotte County,2020-02-05,18.98
Citrus County,2020-02-05,15.68
Clay County,2020-02-05,15.03
Collier County,2020-02-05,19.4
Columbia County,2020-02-05,14.02
DeSoto County,2020-02-05,18.77
Dixie County,2020-02-05,14.55
Duval County,2020-02-05,14.86
Escambia County,2020-02-05,19.66
Flagler County,2020-02-05,16.74
Franklin County,2020-02-05,18.09
Gadsden County,2020-02-05,17.43
Gilchrist County,2020-02-05,14.2
Glades County,2020-02-05,19.3
Gulf County,2020-02-05,18.6
Hamilton County,2020-02-05,14.98
Hardee County,2020-02-05,18.36
Hendry County,2020-02-05,19.31
Hernando County,2020-02-05,16.52
Highlands County,2020-02-05,18.8
Hillsborough County,2020-02-05,17.45
Holmes County,2020-02-05,16.98
Indian River County,2020-02-05,18.19
Jackson County,2020-02-05,17.3
Jefferson County,2020-02-05,16.9
Lafayette County,2020-02-05,14.69
Lake County,2020-02-05,17.45
Lee County,2020-02-05,19.11
Leon County,2020-02-05,17.3
Levy County,2020-02-05,14.46
Liberty County,2020-02-05,18.18
Madison County,2020-02-05,16.08
Manatee County,2020-02-05,18.03
Marion County,2020-02-05,15.75
Martin County,2020-02-05,19.17
Miami-Dade County,2020-02-05,21.34
Monroe County,2020-02-05,21.1
Nassau County,2020-02-05,14.46
Okaloosa County,2020-02-05,18.0
Okeechobee County,2020-02-05,18.78
Orange County,2020-02-05,18.21
Osceola County,2020-02-05,18.4
Palm Beach County,2020-02-05,19.83
Pasco County,2020-02-05,16.98
Pinellas County,2020-02-05,17.23
Polk County,2020-02-05,18.06
Putnam County,2020-02-05,15.89
St. Johns County,2020-02-05,15.85
St. Lucie County,2020-02-05,18.5
Santa Rosa County,2020-02-05,18.78
Sarasota County,2020-02-05,18.41
Seminole County,2020-02-05,18.0
Sumter County,2020-02-05,16.64
Suwannee County,2020-02-05,14.52
Taylor County,2020-02-05,16.03
Union County,2020-02-05,13.83
Volusia County,2020-02-05,17.41
Wakulla County,2020-02-05,17.43
Walton County,2020-02-05,17.5
Washington County,2020-02-05,17.39
Alachua County,2020-02-06,18.88
Baker County,2020-02-06,18.56
Bay County,2020-02-06,21.81
Bradford County,2020-02-06,18.7
Brevard County,2020-02-06,21.44
Broward County,2020-02-06,22.57
Calhoun County,2020-02-06,21.5
Charlotte County,2020-02-06,21.41
Citrus County,2020-02-06,20.02
Clay County,2020-02-06,19.28
Collier County,2020-02-06,22.14
Columbia County,2020-02-06,18.59
DeSoto County,2020-02-06,21.14
Dixie County,2020-02-06,19.31
Duval County,2020-02-06,19.06
Escambia County,2020-02-06,21.21
Flagler County,2020-02-06,20.53
Franklin County,2020-02-06,21.23
Gadsden County,2020-02-06,20.32
Gilchrist County,2020-02-06,18.99
Glades County,2020-02-06,21.44
Gulf County,2020-02-06,21.84
Hamilton County,2020-02-06,18.9
Hardee County,2020-02-06,21.22
Hendry County,2020-02-06,21.61
Hernando County,2020-02-06,20.72
Highlands County,2020-02-06,21.42
Hillsborough County,2020-02-06,21.27
Holmes County,2020-02-06,21.27
Indian River County,2020-02-06,21.24
Jackson County,2020-02-06,21.18
Jefferson County,2020-02-06,19.7
Lafayette County,2020-02-06,19.41
Lake County,2020-02-06,21.22
Lee County,2020-02-06,21.75
Leon County,2020-02-06,20.01
Levy County,2020-02-06,19.06
Liberty County,2020-02-06,21.26
Madison County,2020-02-06,19.46
Manatee County,2020-02-06,20.99
Marion County,2020-02-06,19.87
Martin County,2020-02-06,21.77
Miami-Dade County,2020-02-06,23.14
Monroe County,2020-02-06,23.39
Nassau County,2020-02-06,18.81
Okaloosa County,2020-02-06,21.41
Okeechobee County,2020-02-06,21.49
Orange County,2020-02-06,21.71
Osceola County,2020-02-06,21.73
Palm Beach County,2020-02-06,22.13
Pasco County,2020-02-06,21.04
Pinellas County,2020-02-06,21.19
Polk County,2020-02-06,21.61
Putnam County,2020-02-06,19.93
St. Johns County,2020-02-06,19.8
St. Lucie County,2020-02-06,21.36
Santa Rosa County,2020-02-06,21.32
Sarasota County,2020-02-06,21.01
Seminole County,2020-02-06,21.46
Sumter County,2020-02-06,20.63
Suwannee County,2020-02-06,19.07
Taylor County,2020-02-06,20.04
Union County,2020-02-06,18.45
Volusia County,2020-02-06,21.0
Wakulla County,2020-02-06,20.48
Walton County,2020-02-06,21.44
Washington County,2020-02-06,21.6
Alachua County,2020-02-07,20.63
Baker County,2020-02-07,19.55
Bay County,2020-02-07,15.68
Bradford County,2020-02-07,20.79
Brevard County,2020-02-07,22.98
Broward County,2020-02-07,23.91
Calhoun County,2020-02-07,16.22
Charlotte County,2020-02-07,23.08
Citrus County,2020-02-07,21.5
Clay County,2020-02-07,22.1
Collier County,2020-02-07,23.06
Columbia County,2020-02-07,18.39
DeSoto County,2020-02-07,23.0
Dixie County,2020-02-07,17.97
Duval County,2020-02-07,21.88
Escambia County,2020-02-07,13.31
Flagler County,2020-02-07,22.72
Franklin County,2020-02-07,15.07
Gadsden County,2020-02-07,15.11
Gilchrist County,2020-02-07,18.95
Glades County,2020-02-07,23.07
Gulf County,2020-02-07,15.44
Hamilton County,2020-02-07,17.2
Hardee County,2020-02-07,22.98
Hendry County,2020-02-07,22.61
Hernando County,2020-02-07,22.36
Highlands County,2020-02-07,22.99
Hillsborough County,2020-02-07,23.02
Holmes County,2020-02-07,16.7
Indian River County,2020-02-07,22.84
Jackson County,2020-02-07,16.55
Jefferson County,2020-02-07,15.73
Lafayette County,2020-02-07,17.51
Lake County,2020-02-07,23.09
Lee County,2020-02-07,23.04
Leon County,2020-02-07,15.33
Levy County,2020-02-07,19.66
Liberty County,2020-02-07,15.66
Madison County,2020-02-07,16.37
Manatee County,2020-02-07,22.92
Marion County,2020-02-07,22.05
Martin County,2020-02-07,23.77
Miami-Dade County,2020-02-07,24.34
Monroe County,2020-02-07,24.31
Nassau County,2020-02-07,20.73
Okaloosa County,2020-02-07,14.87
Okeechobee County,2020-02-07,23.09
Orange County,2020-02-07,23.32
Osceola County,2020-02-07,23.16
Palm Beach County,2020-02-07,23.87
Pasco County,2020-02-07,22.75
Pinellas County,2020-02-07,22.45
Polk County,2020-02-07,23.14
Putnam County,2020-02-07,22.64
St. Johns County,2020-02-07,22.52
St. Lucie County,2020-02-07,23.16
Santa Rosa County,2020-02-07,14.18
Sarasota County,2020-02-07,22.94
Seminole County,2020-02-07,23.13
Sumter County,2020-02-07,22.59
Suwannee County,2020-02-07,17.51
Taylor County,2020-02-07,16.79
Union County,2020-02-07,19.61
Volusia County,2020-02-07,22.75
Wakulla County,2020-02-07,15.38
Walton County,2020-02-07,15.58
Washington County,2020-02-07,17.15
Alachua County,2020-02-08,10.03
Baker County,2020-02-08,10.28
Bay County,2020-02-08,9.81
Bradford County,2020-02-08,10.46
Brevard County,2020-02-08,12.92
Broward County,2020-02-08,18.45
Calhoun County,2020-02-08,9.08
Charlotte County,2020-02-08,15.84
Citrus County,2020-02-08,10.95
Clay County,2020-02-08,11.63
Collier County,2020-02-08,17.7
Columbia County,2020-02-08,9.55
DeSoto County,2020-02-08,14.45
Dixie County,2020-02-08,9.52
Duval County,2020-02-08,12.08
Escambia County,2020-02-08,8.88
Flagler County,2020-02-08,12.33
Franklin County,2020-02-08,9.33
Gadsden County,2020-02-08,8.24
Gilchrist County,2020-02-08,9.45
Glades County,2020-02-08,15.47
Gulf County,2020-02-08,9.55
Hamilton County,2020-02-08,9.3
Hardee County,2020-02-08,13.31
Hendry County,2020-02-08,16.53
Hernando County,2020-02-08,11.79
Highlands County,2020-02-08,13.7
Hillsborough County,2020-02-08,13.3
Holmes County,2020-02-08,9.07
Indian River County,2020-02-08,13.74
Jackson County,2020-02-08,8.87
Jefferson County,2020-02-08,8.89
Lafayette County,2020-02-08,9.4
Lake County,2020-02-08,11.6
Lee County,2020-02-08,16.8
Leon County,2020-02-08,8.43
Levy County,2020-02-08,9.73
Liberty County,2020-02-08,8.81
Madison County,2020-02-08,9.18
Manatee County,2020-02-08,14.2
Marion County,2020-02-08,10.76
Martin County,2020-02-08,16.58
Miami-Dade County,2020-02-08,19.31
Monroe County,2020-02-08,19.92
Nassau County,2020-02-08,11.47
Okaloosa County,2020-02-08,9.09
Okeechobee County,2020-02-08,14.06
Orange County,2020-02-08,11.93
Osceola County,2020-02-08,12.31
Palm Beach County,2020-02-08,17.67
Pasco County,2020-02-08,12.35
Pinellas County,2020-02-08,14.31
Polk County,2020-02-08,12.28
Putnam County,2020-02-08,11.72
St. Johns County,2020-02-08,12.61
St. Lucie County,2020-02-08,15.15
Santa Rosa County,2020-02-08,8.82
Sarasota County,2020-02-08,15.22
Seminole County,2020-02-08,11.82
Sumter County,2020-02-08,11.09
Suwannee County,2020-02-08,9.36
Taylor County,2020-02-08,9.65
Union County,2020-02-08,9.85
Volusia County,2020-02-08,11.98
Wakulla County,2020-02-08,8.81
Walton County,2020-02-08,9.37
Washington County,2020-02-08,9.56
Alachua County,2020-02-09,11.2
Baker County,2020-02-09,10.87
Bay County,2020-02-09,12.15
Bradford County,2020-02-09,11.2
Brevard County,2020-02-09,15.48
Broward County,2020-02-09,18.85
Calhoun County,2020-02-09,11.06
Charlotte County,2020-02-09,17.21
Citrus County,2020-02-09,12.4
Clay County,2020-02-09,12.06
Collier County,2020-02-09,18.29
Columbia County,2020-02-09,10.66
DeSoto County,2020-02-09,16.57
Dixie County,2020-02-09,11.01
Duval County,2020-02-09,12.19
Escambia County,2020-02-09,12.81
Flagler County,2020-02-09,13.18
Franklin County,2020-02-09,11.21
Gadsden County,2020-02-09,10.11
Gilchrist County,2020-02-09,10.94
Glades County,2020-02-09,17.79
Gulf County,2020-02-09,11.66
Hamilton County,2020-02-09,10.75
Hardee County,2020-02-09,15.87
Hendry County,2020-02-09,18.08
Hernando County,2020-02-09,13.26
Highlands County,2020-02-09,16.74
Hillsborough County,2020-02-09,14.69
Holmes County,2020-02-09,11.81
Indian River County,2020-02-09,16.39
Jackson County,2020-02-09,11.11
Jefferson County,2020-02-09,10.68
Lafayette County,2020-02-09,10.89
Lake County,2020-02-09,13.93
Lee County,2020-02-09,17.79
Leon County,2020-02-09,10.19
Levy County,2020-02-09,11.22
Liberty County,2020-02-09,10.66
Madison County,2020-02-09,10.93
Manatee County,2020-02-09,15.42
Marion County,2020-02-09,12.27
Martin County,2020-02-09,18.13
Miami-Dade County,2020-02-09,19.82
Monroe County,2020-02-09,20.19
Nassau County,2020-02-09,11.57
Okaloosa County,2020-02-09,11.93
Okeechobee County,2020-02-09,17.05
Orange County,2020-02-09,14.93
Osceola County,2020-02-09,15.75
Palm Beach County,2020-02-09,18.54
Pasco County,2020-02-09,13.82
Pinellas County,2020-02-09,14.92
Polk County,2020-02-09,15.3
Putnam County,2020-02-09,12.58
St. Johns County,2020-02-09,12.99
St. Lucie County,2020-02-09,17.31
Santa Rosa County,2020-02-09,12.25
Sarasota County,2020-02-09,16.07
Seminole County,2020-02-09,14.41
Sumter County,2020-02-09,13.1
Suwannee County,2020-02-09,10.82
Taylor County,2020-02-09,11.15
Union County,2020-02-09,10.78
Volusia County,2020-02-09,13.67
Wakulla County,2020-02-09,10.36
Walton County,2020-02-09,11.92
Washington County,2020-02-09,11.97
Alachua County,2020-02-10,14.01
Baker County,2020-02-10,12.82
Bay County,2020-02-10,15.19
Bradford County,2020-02-10,13.44
Brevard County,2020-02-10,19.56
Broward County,2020-02-10,22.63
Calhoun County,2020-02-10,15.12
Charlotte County,2020-02-10,20.06
Citrus County,2020-02-10,15.83
Clay County,2020-02-10,13.98
Collier County,2020-02-10,21.18
Columbia County,2020-02-10,13.21
DeSoto County,2020-02-10,19.5
Dixie County,2020-02-10,14.59
Duval County,2020-02-10,13.17
Escambia County,2020-02-10,15.91
Flagler County,2020-02-10,16.29
Franklin County,2020-02-10,15.17
Gadsden County,2020-02-10,15.14
Gilchrist County,2020-02-10,14.14
Glades County,2020-02-10,20.59
Gulf County,2020-02-10,15.25
Hamilton County,2020-02-10,13.78
Hardee County,2020-02-10,19.0
Hendry County,2020-02-10,20.86
Hernando County,2020-02-10,16.72
Highlands County,2020-02-10,19.81
Hillsborough County,2020-02-10,18.09
Holmes County,2020-02-10,14.77
Indian River County,2020-02-10,20.44
Jackson County,2020-02-10,15.25
Jefferson County,2020-02-10,15.44
Lafayette County,2020-02-10,14.47
Lake County,2020-02-10,17.35
Lee County,2020-02-10,20.57
Leon County,2020-02-10,15.31
Levy County,2020-02-10,14.58
Liberty County,2020-02-10,15.1
Madison County,2020-02-10,14.96
Manatee County,2020-02-10,18.64
Marion County,2020-02-10,15.5
Martin County,2020-02-10,22.21
Miami-Dade County,2020-02-10,22.93
Monroe County,2020-02-10,22.62
Nassau County,2020-02-10,12.44
Okaloosa County,2020-02-10,14.89
Okeechobee County,2020-02-10,20.5
Orange County,2020-02-10,18.53
Osceola County,2020-02-10,19.35
Palm Beach County,2020-02-10,22.54
Pasco County,2020-02-10,17.27
Pinellas County,2020-02-10,18.01
Polk County,2020-02-10,18.64
Putnam County,2020-02-10,15.29
St. Johns County,2020-02-10,14.9
St. Lucie County,2020-02-10,21.33
Santa Rosa County,2020-02-10,15.41
Sarasota County,2020-02-10,19.16
Seminole County,2020-02-10,18.12
Sumter County,2020-02-10,16.54
Suwannee County,2020-02-10,14.01
Taylor County,2020-02-10,15.36
Union County,2020-02-10,13.15
Volusia County,2020-02-10,17.3
Wakulla County,2020-02-10,15.22
Walton County,2020-02-10,14.71
Washington County,2020-02-10,15.05
Alachua County,2020-02-11,18.03
Baker County,2020-02-11,17.22
Bay County,2020-02-11,18.04
Bradford County,2020-02-11,17.59
Brevard County,2020-02-11,21.76
Broward County,2020-02-11,24.18
Calhoun County,2020-02-11,17.04
Charlotte County,2020-02-11,22.38
Citrus County,2020-02-11,20.27
Clay County,2020-02-11,18.27
Collier County,2020-02-11,23.18
Columbia County,2020-02-11,17.18
DeSoto County,2020-02-11,21.93
Dixie County,2020-02-11,18.56
Duval County,2020-02-11,18.04
Escambia County,2020-02-11,19.98
Flagler County,2020-02-11,19.89
Franklin County,2020-02-11,17.49
Gadsden County,2020-02-11,16.72
Gilchrist County,2020-02-11,18.1
Glades County,2020-02-11,22.26
Gulf County,2020-02-11,17.86
Hamilton County,2020-02-11,17.64
Hardee County,2020-02-11,21.65
Hendry County,2020-02-11,22.62
Hernando County,2020-02-11,21.05
Highlands County,2020-02-11,21.77
Hillsborough County,2020-02-11,21.73
Holmes County,2020-02-11,17.01
Indian River County,2020-02-11,21.83
Jackson County,2020-02-11,16.85
Jefferson County,2020-02-11,17.98
Lafayette County,2020-02-11,18.18
Lake County,2020-02-11,20.84
Lee County,2020-02-11,22.78
Leon County,2020-02-11,17.15
Levy County,2020-02-11,18.89
Liberty County,2020-02-11,16.74
Madison County,2020-02-11,18.24
Manatee County,2020-02-11,21.52
Marion County,2020-02-11,19.47
Martin County,2020-02-11,23.28
Miami-Dade County,2020-02-11,24.62
Monroe County,2020-02-11,24.48
Nassau County,2020-02-11,17.67
Okaloosa County,2020-02-11,18.29
Okeechobee County,2020-02-11,21.88
Orange County,2020-02-11,21.35
Osceola County,2020-02-11,21.52
Palm Beach County,2020-02-11,23.78
Pasco County,2020-02-11,21.36
Pinellas County,2020-02-11,21.81
Polk County,2020-02-11,21.6
Putnam County,2020-02-11,19.14
St. Johns County,2020-02-11,19.16
St. Lucie County,2020-02-11,22.47
Santa Rosa County,2020-02-11,19.11
Sarasota County,2020-02-11,21.68
Seminole County,2020-02-11,20.93
Sumter County,2020-02-11,20.56
Suwannee County,2020-02-11,17.76
Taylor County,2020-02-11,18.55
Union County,2020-02-11,17.15
Volusia County,2020-02-11,20.45
Wakulla County,2020-02-11,17.1
Walton County,2020-02-11,17.79
Washington County,2020-02-11,17.57
Alachua County,2020-02-12,22.47
Baker County,2020-02-12,22.14
Bay County,2020-02-12,22.01
Bradford County,2020-02-12,22.57
Brevard County,2020-02-12,23.52
Broward County,2020-02-12,25.13
Calhoun County,2020-02-12,22.04
Charlotte County,2020-02-12,23.78
Citrus County,2020-02-12,22.71
Clay County,2020-02-12,23.39
Collier County,2020-02-12,24.15
Columbia County,2020-02-12,21.93
DeSoto County,2020-02-12,24.07
Dixie County,2020-02-12,21.51
Duval County,2020-02-12,22.91
Escambia County,2020-02-12,22.05
Flagler County,2020-02-12,24.07
Franklin County,2020-02-12,21.24
Gadsden County,2020-02-12,21.91
Gilchrist County,2020-02-12,21.98
Glades County,2020-02-12,24.56
Gulf County,2020-02-12,21.67
Hamilton County,2020-02-12,22.08
Hardee County,2020-02-12,24.2
Hendry County,2020-02-12,24.22
Hernando County,2020-02-12,23.29
Highlands County,2020-02-12,24.56
Hillsborough County,2020-02-12,23.67
Holmes County,2020-02-12,22.47
Indian River County,2020-02-12,23.69
Jackson County,2020-02-12,22.29
Jefferson County,2020-02-12,22.23
Lafayette County,2020-02-12,21.81
Lake County,2020-02-12,24.38
Lee County,2020-02-12,23.83
Leon County,2020-02-12,22.01
Levy County,2020-02-12,21.85
Liberty County,2020-02-12,21.78
Madison County,2020-02-12,22.3
Manatee County,2020-02-12,23.19
Marion County,2020-02-12,23.32
Martin County,2020-02-12,24.81
Miami-Dade County,2020-02-12,25.38
Monroe County,2020-02-12,25.25
Nassau County,2020-02-12,21.88
Okaloosa County,2020-02-12,22.6
Okeechobee County,2020-02-12,24.36
Orange County,2020-02-12,24.55
Osceola County,2020-02-12,24.36
Palm Beach County,2020-02-12,25.11
Pasco County,2020-02-12,23.56
Pinellas County,2020-02-12,23.14
Polk County,2020-02-12,24.45
Putnam County,2020-02-12,23.89
St. Johns County,2020-02-12,23.74
St. Lucie County,2020-02-12,24.13
Santa Rosa County,2020-02-12,22.4
Sarasota County,2020-02-12,22.84
Seminole County,2020-02-12,24.35
Sumter County,2020-02-12,23.59
Suwannee County,2020-02-12,21.92
Taylor County,2020-02-12,21.96
Union County,2020-02-12,22.12
Volusia County,2020-02-12,23.97
Wakulla County,2020-02-12,21.52
Walton County,2020-02-12,22.44
Washington County,2020-02-12,22.5
Alachua County,2020-02-13,23.3
Baker County,2020-02-13,22.82
Bay County,2020-02-13,22.41
Bradford County,2020-02-13,23.15
Brevard County,2020-02-13,24.53
Broward County,2020-02-13,25.43
Calhoun County,2020-02-13,22.32
Charlotte County,2020-02-13,24.58
Citrus County,2020-02-13,24.39
Clay County,2020-02-13,23.77
Collier County,2020-02-13,24.89
Columbia County,2020-02-13,22.54
DeSoto County,2020-02-13,24.61
Dixie County,2020-02-13,22.38
Duval County,2020-02-13,23.28
Escambia County,2020-02-13,21.37
Flagler County,2020-02-13,24.42
Franklin County,2020-02-13,21.61
Gadsden County,2020-02-13,21.85
Gilchrist County,2020-02-13,22.78
Glades County,2020-02-13,25.23
Gulf County,2020-02-13,22.07
Hamilton County,2020-02-13,22.43
Hardee County,2020-02-13,24.6
Hendry County,2020-02-13,24.92
Hernando County,2020-02-13,24.92
Highlands County,2020-02-13,24.91
Hillsborough County,2020-02-13,24.64
Holmes County,2020-02-13,22.81
Indian River County,2020-02-13,24.57
Jackson County,2020-02-13,22.65
Jefferson County,2020-02-13,22.12
Lafayette County,2020-02-13,22.39
Lake County,2020-02-13,25.66
Lee County,2020-02-13,24.74
Leon County,2020-02-13,21.9
Levy County,2020-02-13,23.06
Liberty County,2020-02-13,21.94
Madison County,2020-02-13,22.32
Manatee County,2020-02-13,23.83
Marion County,2020-02-13,24.57
Martin County,2020-02-13,25.5
Miami-Dade County,2020-02-13,25.59
Monroe County,2020-02-13,25.7
Nassau County,2020-02-13,22.9
Okaloosa County,2020-02-13,22.29
Okeechobee County,2020-02-13,24.87
Orange County,2020-02-13,25.5
Osceola County,2020-02-13,25.02
Palm Beach County,2020-02-13,25.57
Pasco County,2020-02-13,24.92
Pinellas County,2020-02-13,23.76
Polk County,2020-02-13,25.13
Putnam County,2020-02-13,24.45
St. Johns County,2020-02-13,23.74
St. Lucie County,2020-02-13,24.95
Santa Rosa County,2020-02-13,21.88
Sarasota County,2020-02-13,23.59
Seminole County,2020-02-13,25.3
Sumter County,2020-02-13,25.31
Suwannee County,2020-02-13,22.41
Taylor County,2020-02-13,22.41
Union County,2020-02-13,22.72
Volusia County,2020-02-13,24.71
Wakulla County,2020-02-13,21.78
Walton County,2020-02-13,22.53
Washington County,2020-02-13,22.85
Alachua County,2020-02-14,21.87
Baker County,2020-02-14,20.42
Bay County,2020-02-14,16.43
Bradford County,2020-02-14,21.45
Brevard County,2020-02-14,25.9
Broward County,2020-02-14,25.44
Calhoun County,2020-02-14,16.62
Charlotte County,2020-02-14,25.36
Citrus County,2020-02-14,24.32
Clay County,2020-02-14,22.39
Collier County,2020-02-14,25.17
Columbia County,2020-02-14,19.83
DeSoto County,2020-02-14,25.42
Dixie County,2020-02-14,20.27
Duval County,2020-02-14,21.39
Escambia County,2020-02-14,13.58
Flagler County,2020-02-14,24.51
Franklin County,2020-02-14,18.12
Gadsden County,2020-02-14,16.98
Gilchrist County,2020-02-14,20.63
Glades County,2020-02-14,25.76
Gulf County,2020-02-14,17.56
Hamilton County,2020-02-14,19.1
Hardee County,2020-02-14,25.48
Hendry County,2020-02-14,25.25
Hernando County,2020-02-14,25.25
Highlands County,2020-02-14,25.68
Hillsborough County,2020-02-14,25.38
Holmes County,2020-02-14,14.63
Indian River County,2020-02-14,25.99
Jackson County,2020-02-14,15.72
Jefferson County,2020-02-14,18.49
Lafayette County,2020-02-14,19.53
Lake County,2020-02-14,26.18
Lee County,2020-02-14,25.3
Leon County,2020-02-14,17.95
Levy County,2020-02-14,21.85
Liberty County,2020-02-14,17.46
Madison County,2020-02-14,18.74
Manatee County,2020-02-14,24.8
Marion County,2020-02-14,24.32
Martin County,2020-02-14,26.37
Miami-Dade County,2020-02-14,25.54
Monroe County,2020-02-14,25.83
Nassau County,2020-02-14,20.39
Okaloosa County,2020-02-14,14.2
Okeechobee County,2020-02-14,25.94
Orange County,2020-02-14,26.42
Osceola County,2020-02-14,26.22
Palm Beach County,2020-02-14,25.92
Pasco County,2020-02-14,25.45
Pinellas County,2020-02-14,24.38
Polk County,2020-02-14,26.05
Putnam County,2020-02-14,23.95
St. Johns County,2020-02-14,23.12
St. Lucie County,2020-02-14,26.16
Santa Rosa County,2020-02-14,13.78
Sarasota County,2020-02-14,24.7
Seminole County,2020-02-14,26.09
Sumter County,2020-02-14,25.71
Suwannee County,2020-02-14,19.32
Taylor County,2020-02-14,19.5
Union County,2020-02-14,20.56
Volusia County,2020-02-14,25.19
Wakulla County,2020-02-14,18.37
Walton County,2020-02-14,14.75
Washington County,2020-02-14,15.65
Alachua County,2020-02-15,12.67
Baker County,2020-02-15,10.53
Bay County,2020-02-15,11.6
Bradford County,2020-02-15,11.94
Brevard County,2020-02-15,20.39
Broward County,2020-02-15,24.85
Calhoun County,2020-02-15,11.2
Charlotte County,2020-02-15,22.73
Citrus County,2020-02-15,16.39
Clay County,2020-02-15,13.08
Collier County,2020-02-15,23.58
Columbia County,2020-02-15,10.14
DeSoto County,2020-02-15,22.03
Dixie County,2020-02-15,12.25
Duval County,2020-02-15,12.68
Escambia County,2020-02-15,10.15
Flagler County,2020-02-15,15.97
Franklin County,2020-02-15,12.45
Gadsden County,2020-02-15,10.76
Gilchrist County,2020-02-15,11.82
Glades County,2020-02-15,23.23
Gulf County,2020-02-15,12.29
Hamilton County,2020-02-15,9.74
Hardee County,2020-02-15,21.19
Hendry County,2020-02-15,23.46
Hernando County,2020-02-15,17.89
Highlands County,2020-02-15,21.98
Hillsborough County,2020-02-15,20.13
Holmes County,2020-02-15,10.05
Indian River County,2020-02-15,21.99
Jackson County,2020-02-15,10.59
Jefferson County,2020-02-15,10.88
Lafayette County,2020-02-15,10.89
Lake County,2020-02-15,17.76
Lee County,2020-02-15,23.17
Leon County,2020-02-15,10.94
Levy County,2020-02-15,13.68
Liberty County,2020-02-15,11.6
Madison County,2020-02-15,10.4
Manatee County,2020-02-15,21.06
Marion County,2020-02-15,15.31
Martin County,2020-02-15,24.38
Miami-Dade County,2020-02-15,25.11
Monroe County,2020-02-15,24.87
Nassau County,2020-02-15,11.52
Okaloosa County,2020-02-15,10.24
Okeechobee County,2020-02-15,22.53
Orange County,2020-02-15,18.98
Osceola County,2020-02-15,20.37
Palm Beach County,2020-02-15,24.84
Pasco County,2020-02-15,18.81
Pinellas County,2020-02-15,20.17
Polk County,2020-02-15,20.15
Putnam County,2020-02-15,14.69
St. Johns County,2020-02-15,14.61
St. Lucie County,2020-02-15,23.29
Santa Rosa County,2020-02-15,10.11
Sarasota County,2020-02-15,21.76
Seminole County,2020-02-15,18.29
Sumter County,2020-02-15,17.31
Suwannee County,2020-02-15,10.2
Taylor County,2020-02-15,11.6
Union County,2020-02-15,10.97
Volusia County,2020-02-15,17.24
Wakulla County,2020-02-15,11.64
Walton County,2020-02-15,10.42
Washington County,2020-02-15,10.68
Alachua County,2020-02-16,14.47
Baker County,2020-02-16,12.52
Bay County,2020-02-16,12.24
Bradford County,2020-02-16,13.77
Brevard County,2020-02-16,20.47
Broward County,2020-02-16,23.74
Calhoun County,2020-02-16,11.79
Charlotte County,2020-02-16,22.17
Citrus County,2020-02-16,17.26
Clay County,2020-02-16,14.54
Collier County,2020-02-16,23.32
Columbia County,2020-02-16,12.39
DeSoto County,2020-02-16,21.67
Dixie County,2020-02-16,13.99
Duval County,2020-02-16,13.63
Escambia County,2020-02-16,11.53
Flagler County,2020-02-16,17.01
Franklin County,2020-02-16,13.15
Gadsden County,2020-02-16,11.53
Gilchrist County,2020-02-16,13.87
Glades County,2020-02-16,22.95
Gulf County,2020-02-16,12.85
Hamilton County,2020-02-16,11.9
Hardee County,2020-02-16,21.04
Hendry County,2020-02-16,23.17
Hernando County,2020-02-16,18.4
Highlands County,2020-02-16,21.92
Hillsborough County,2020-02-16,19.76
Holmes County,2020-02-16,10.78
Indian River County,2020-02-16,21.6
Jackson County,2020-02-16,11.03
Jefferson County,2020-02-16,12.14
Lafayette County,2020-02-16,13.03
Lake County,2020-02-16,18.83
Lee County,2020-02-16,22.73
Leon County,2020-02-16,11.91
Levy County,2020-02-16,15.13
Liberty County,2020-02-16,12.33
Madison County,2020-02-16,12.17
Manatee County,2020-02-16,20.37
Marion County,2020-02-16,16.71
Martin County,2020-02-16,23.28
Miami-Dade County,2020-02-16,24.39
Monroe County,2020-02-16,24.52
Nassau County,2020-02-16,12.56
Okaloosa County,2020-02-16,11.45
Okeechobee County,2020-02-16,22.27
Orange County,2020-02-16,19.75
Osceola County,2020-02-16,20.73
Palm Beach County,2020-02-16,23.6
Pasco County,2020-02-16,18.99
Pinellas County,2020-02-16,19.46
Polk County,2020-02-16,20.47
Putnam County,2020-02-16,16.1
St. Johns County,2020-02-16,15.59
St. Lucie County,2020-02-16,22.5
Santa Rosa County,2020-02-16,11.47
Sarasota County,2020-02-16,20.89
Seminole County,2020-02-16,19.11
Sumter County,2020-02-16,18.3
Suwannee County,2020-02-16,12.49
Taylor County,2020-02-16,13.23
Union County,2020-02-16,13.03
Volusia County,2020-02-16,18.1
Wakulla County,2020-02-16,12.54
Walton County,2020-02-16,11.36
Washington County,2020-02-16,11.3
Alachua County,2020-02-17,18.11
Baker County,2020-02-17,16.13
Bay County,2020-02-17,12.84
Bradford County,2020-02-17,17.68
Brevard County,2020-02-17,21.97
Broward County,2020-02-17,23.86
Calhoun County,2020-02-17,12.09
Charlotte County,2020-02-17,23.85
Citrus County,2020-02-17,20.01
Clay County,2020-02-17,18.59
Collier County,2020-02-17,24.46
Columbia County,2020-02-17,15.86
DeSoto County,2020-02-17,23.38
Dixie County,2020-02-17,17.17
Duval County,2020-02-17,17.63
Escambia County,2020-02-17,12.52
Flagler County,2020-02-17,20.41
Franklin County,2020-02-17,13.74
Gadsden County,2020-02-17,12.0
Gilchrist County,2020-02-17,17.37
Glades County,2020-02-17,24.03
Gulf County,2020-02-17,13.37
Hamilton County,2020-02-17,14.66
Hardee County,2020-02-17,22.88
Hendry County,2020-02-17,24.15
Hernando County,2020-02-17,20.93
Highlands County,2020-02-17,23.26
Hillsborough County,2020-02-17,22.07
Holmes County,2020-02-17,11.54
Indian River County,2020-02-17,22.5
Jackson County,2020-02-17,11.44
Jefferson County,2020-02-17,13.84
Lafayette County,2020-02-17,16.35
Lake County,2020-02-17,21.52
Lee County,2020-02-17,24.29
Leon County,2020-02-17,12.85
Levy County,2020-02-17,18.28
Liberty County,2020-02-17,12.57
Madison County,2020-02-17,14.56
Manatee County,2020-02-17,22.43
Marion County,2020-02-17,19.89
Martin County,2020-02-17,23.76
Miami-Dade County,2020-02-17,23.95
Monroe County,2020-02-17,24.83
Nassau County,2020-02-17,16.02
Okaloosa County,2020-02-17,12.51
Okeechobee County,2020-02-17,23.19
Orange County,2020-02-17,22.12
Osceola County,2020-02-17,22.5
Palm Beach County,2020-02-17,24.01
Pasco County,2020-02-17,21.41
Pinellas County,2020-02-17,21.5
Polk County,2020-02-17,22.53
Putnam County,2020-02-17,19.82
St. Johns County,2020-02-17,19.42
St. Lucie County,2020-02-17,23.1
Santa Rosa County,2020-02-17,12.53
Sarasota County,2020-02-17,22.82
Seminole County,2020-02-17,21.71
Sumter County,2020-02-17,20.9
Suwannee County,2020-02-17,15.79
Taylor County,2020-02-17,15.79
Union County,2020-02-17,16.84
Volusia County,2020-02-17,20.97
Wakulla County,2020-02-17,13.46
Walton County,2020-02-17,12.34
Washington County,2020-02-17,11.99
Alachua County,2020-02-18,17.94
Baker County,2020-02-18,15.81
Bay County,2020-02-18,16.7
Bradford County,2020-02-18,17.25
Brevard County,2020-02-18,22.7
Broward County,2020-02-18,24.51
Calhoun County,2020-02-18,16.13
Charlotte County,2020-02-18,24.37
Citrus County,2020-02-18,21.33
Clay County,2020-02-18,18.29
Collier County,2020-02-18,24.34
Columbia County,2020-02-18,15.56
DeSoto County,2020-02-18,24.2
Dixie County,2020-02-18,17.47
Duval County,2020-02-18,17.56
Escambia County,2020-02-18,16.54
Flagler County,2020-02-18,20.51
Franklin County,2020-02-18,17.27
Gadsden County,2020-02-18,16.1
Gilchrist County,2020-02-18,17.14
Glades County,2020-02-18,24.46
Gulf County,2020-02-18,17.23
Hamilton County,2020-02-18,15.38
Hardee County,2020-02-18,24.08
Hendry County,2020-02-18,24.26
Hernando County,2020-02-18,22.67
Highlands County,2020-02-18,24.15
Hillsborough County,2020-02-18,23.82
Holmes County,2020-02-18,15.03
Indian River County,2020-02-18,23.23
Jackson County,2020-02-18,15.51
Jefferson County,2020-02-18,16.78
Lafayette County,2020-02-18,16.61
Lake County,2020-02-18,23.02
Lee County,2020-02-18,24.43
Leon County,2020-02-18,16.56
Levy County,2020-02-18,18.65
Liberty County,2020-02-18,16.45
Madison County,2020-02-18,16.38
Manatee County,2020-02-18,23.86
Marion County,2020-02-18,20.68
Martin County,2020-02-18,24.28
Miami-Dade County,2020-02-18,24.92
Monroe County,2020-02-18,25.19
Nassau County,2020-02-18,16.34
Okaloosa County,2020-02-18,15.78
Okeechobee County,2020-02-18,23.98
Orange County,2020-02-18,23.44
Osceola County,2020-02-18,23.7
Palm Beach County,2020-02-18,24.54
Pasco County,2020-02-18,23.28
Pinellas County,2020-02-18,23.29
Polk County,2020-02-18,24.03
Putnam County,2020-02-18,19.92
St. Johns County,2020-02-18,19.26
St. Lucie County,2020-02-18,23.66
Santa Rosa County,2020-02-18,16.09
Sarasota County,2020-02-18,23.91
Seminole County,2020-02-18,22.82
Sumter County,2020-02-18,22.62
Suwannee County,2020-02-18,15.92
Taylor County,2020-02-18,17.26
Union County,2020-02-18,16.3
Volusia County,2020-02-18,21.53
Wakulla County,2020-02-18,16.83
Walton County,2020-02-18,15.68
Washington County,2020-02-18,15.77
Alachua County,2020-02-19,22.19
Baker County,2020-02-19,20.49
Bay County,2020-02-19,20.62
Bradford County,2020-02-19,21.58
Brevard County,2020-02-19,23.95
Broward County,2020-02-19,25.43
Calhoun County,2020-02-19,20.42
Charlotte County,2020-02-19,25.63
Citrus County,2020-02-19,23.86
Clay County,2020-02-19,22.08
Collier County,2020-02-19,25.19
Columbia County,2020-02-19,20.39
DeSoto County,2020-02-19,25.59
Dixie County,2020-02-19,22.08
Duval County,2020-02-19,21.13
Escambia County,2020-02-19,20.31
Flagler County,2020-02-19,23.09
Franklin County,2020-02-19,21.21
Gadsden County,2020-02-19,20.61
Gilchrist County,2020-02-19,21.94
Glades County,2020-02-19,25.43
Gulf County,2020-02-19,21.13
Hamilton County,2020-02-19,19.73
Hardee County,2020-02-19,25.39
Hendry County,2020-02-19,25.21
Hernando County,2020-02-19,24.64
Highlands County,2020-02-19,25.17
Hillsborough County,2020-02-19,25.14
Holmes County,2020-02-19,19.81
Indian River County,2020-02-19,24.01
Jackson County,2020-02-19,20.1
Jefferson County,2020-02-19,21.24
Lafayette County,2020-02-19,21.59
Lake County,2020-02-19,24.73
Lee County,2020-02-19,25.56
Leon County,2020-02-19,21.1
Levy County,2020-02-19,22.54
Liberty County,2020-02-19,20.81
Madison County,2020-02-19,20.84
Manatee County,2020-02-19,25.25
Marion County,2020-02-19,23.59
Martin County,2020-02-19,24.99
Miami-Dade County,2020-02-19,25.59
Monroe County,2020-02-19,25.45
Nassau County,2020-02-19,20.37
Okaloosa County,2020-02-19,19.93
Okeechobee County,2020-02-19,24.72
Orange County,2020-02-19,24.75
Osceola County,2020-02-19,24.65
Palm Beach County,2020-02-19,25.39
Pasco County,2020-02-19,24.98
Pinellas County,2020-02-19,24.79
Polk County,2020-02-19,25.17
Putnam County,2020-02-19,23.11
St. Johns County,2020-02-19,22.16
St. Lucie County,2020-02-19,24.36
Santa Rosa County,2020-02-19,20.01
Sarasota County,2020-02-19,25.33
Seminole County,2020-02-19,24.36
Sumter County,2020-02-19,24.56
Suwannee County,2020-02-19,20.71
Taylor County,2020-02-19,21.9
Union County,2020-02-19,21.02
Volusia County,2020-02-19,23.65
Wakulla County,2020-02-19,21.2
Walton County,2020-02-19,19.97
Washington County,2020-02-19,20.17
Alachua County,2020-02-20,21.79
Baker County,2020-02-20,20.79
Bay County,2020-02-20,21.12
Bradford County,2020-02-20,21.44
Brevard County,2020-02-20,24.2
Broward County,2020-02-20,25.63
Calhoun County,2020-02-20,20.66
Charlotte County,2020-02-20,25.41
Citrus County,2020-02-20,23.01
Clay County,2020-02-20,22.05
Collier County,2020-02-20,25.28
Columbia County,2020-02-20,20.65
DeSoto County,2020-02-20,25.31
Dixie County,2020-02-20,21.85
Duval County,2020-02-20,21.39
Escambia County,2020-02-20,19.22
Flagler County,2020-02-20,22.92
Franklin County,2020-02-20,21.72
Gadsden County,2020-02-20,20.09
Gilchrist County,2020-02-20,21.63
Glades County,2020-02-20,25.69
Gulf County,2020-02-20,21.66
Hamilton County,2020-02-20,20.22
Hardee County,2020-02-20,25.01
Hendry County,2020-02-20,25.39
Hernando County,2020-02-20,23.63
Highlands County,2020-02-20,25.26
Hillsborough County,2020-02-20,24.25
Holmes County,2020-02-20,19.77
Indian River County,2020-02-20,24.38
Jackson County,2020-02-20,19.86
Jefferson County,2020-02-20,21.07
Lafayette County,2020-02-20,21.53
Lake County,2020-02-20,24.28
Lee County,2020-02-20,25.5
Leon County,2020-02-20,20.78
Levy County,2020-02-20,21.99
Liberty County,2020-02-20,21.03
Madison County,2020-02-20,20.8
Manatee County,2020-02-20,24.35
Marion County,2020-02-20,22.99
Martin County,2020-02-20,25.36
Miami-Dade County,2020-02-20,25.68
Monroe County,2020-02-20,25.8
Nassau County,2020-02-20,20.56
Okaloosa County,2020-02-20,20.05
Okeechobee County,2020-02-20,25.0
Orange County,2020-02-20,24.65
Osceola County,2020-02-20,24.78
Palm Beach County,2020-02-20,25.73
Pasco County,2020-02-20,23.9
Pinellas County,2020-02-20,23.48
Polk County,2020-02-20,24.87
Putnam County,2020-02-20,22.83
St. Johns County,2020-02-20,22.27
St. Lucie County,2020-02-20,24.73
Santa Rosa County,2020-02-20,19.64
Sarasota County,2020-02-20,24.5
Seminole County,2020-02-20,24.23
Sumter County,2020-02-20,23.81
Suwannee County,2020-02-20,20.91
Taylor County,2020-02-20,22.07
Union County,2020-02-20,20.98
Volusia County,2020-02-20,23.41
Wakulla County,2020-02-20,21.46
Walton County,2020-02-20,20.25
Washington County,2020-02-20,20.41
Alachua County,2020-02-21,15.18
Baker County,2020-02-21,12.6
Bay County,2020-02-21,13.4
Bradford County,2020-02-21,14.2
Brevard County,2020-02-21,20.91
Broward County,2020-02-21,24.37
Calhoun County,2020-02-21,11.71
Charlotte County,2020-02-21,23.15
Citrus County,2020-02-21,19.05
Clay County,2020-02-21,14.73
Collier County,2020-02-21,23.66
Columbia County,2020-02-21,12.64
DeSoto County,2020-02-21,22.5
Dixie County,2020-02-21,15.14
Duval County,2020-02-21,13.33
Escambia County,2020-02-21,12.11
Flagler County,2020-02-21,17.28
Franklin County,2020-02-21,14.06
Gadsden County,2020-02-21,11.67
Gilchrist County,2020-02-21,14.51
Glades County,2020-02-21,23.8
Gulf County,2020-02-21,13.48
Hamilton County,2020-02-21,11.8
Hardee County,2020-02-21,22.05
Hendry County,2020-02-21,23.22
Hernando County,2020-02-21,20.46
Highlands County,2020-02-21,22.91
Hillsborough County,2020-02-21,22.28
Holmes County,2020-02-21,11.59
Indian River County,2020-02-21,22.02
Jackson County,2020-02-21,10.93
Jefferson County,2020-02-21,13.09
Lafayette County,2020-02-21,13.72
Lake County,2020-02-21,19.88
Lee County,2020-02-21,23.72
Leon County,2020-02-21,12.75
Levy County,2020-02-21,16.33
Liberty County,2020-02-21,12.18
Madison County,2020-02-21,12.53
Manatee County,2020-02-21,21.8
Marion County,2020-02-21,17.63
Martin County,2020-02-21,24.55
Miami-Dade County,2020-02-21,24.98
Monroe County,2020-02-21,25.47
Nassau County,2020-02-21,11.98
Okaloosa County,2020-02-21,13.44
Okeechobee County,2020-02-21,23.1
Orange County,2020-02-21,20.67
Osceola County,2020-02-21,21.39
Palm Beach County,2020-02-21,24.68
Pasco County,2020-02-21,21.23
Pinellas County,2020-02-21,22.86
Polk County,2020-02-21,21.64
Putnam County,2020-02-21,16.58
St. Johns County,2020-02-21,15.51
St. Lucie County,2020-02-21,23.41
Santa Rosa County,2020-02-21,12.89
Sarasota County,2020-02-21,21.86
Seminole County,2020-02-21,20.07
Sumter County,2020-02-21,19.57
Suwannee County,2020-02-21,12.86
Taylor County,2020-02-21,14.47
Union County,2020-02-21,13.47
Volusia County,2020-02-21,18.81
Wakulla County,2020-02-21,13.56
Walton County,2020-02-21,13.13
Washington County,2020-02-21,12.08
Alachua County,2020-02-22,7.87
Baker County,2020-02-22,6.44
Bay County,2020-02-22,7.33
Bradford County,2020-02-22,7.21
Brevard County,2020-02-22,13.49
Broward County,2020-02-22,19.31
Calhoun County,2020-02-22,6.62
Charlotte County,2020-02-22,15.36
Citrus County,2020-02-22,11.1
Clay County,2020-02-22,8.04
Collier County,2020-02-22,17.85
Columbia County,2020-02-22,6.33
DeSoto County,2020-02-22,13.69
Dixie County,2020-02-22,9.48
Duval County,2020-02-22,8.69
Escambia County,2020-02-22,7.2
Flagler County,2020-02-22,9.77
Franklin County,2020-02-22,8.7
Gadsden County,2020-02-22,6.33
Gilchrist County,2020-02-22,8.22
Glades County,2020-02-22,15.23
Gulf County,2020-02-22,7.98
Hamilton County,2020-02-22,6.0
Hardee County,2020-02-22,12.11
Hendry County,2020-02-22,16.79
Hernando County,2020-02-22,11.6
Highlands County,2020-02-22,12.81
Hillsborough County,2020-02-22,12.63
Holmes County,2020-02-22,5.88
Indian River County,2020-02-22,14.19
Jackson County,2020-02-22,5.94
Jefferson County,2020-02-22,7.18
Lafayette County,2020-02-22,7.65
Lake County,2020-02-22,9.7
Lee County,2020-02-22,16.57
Leon County,2020-02-22,6.8
Levy County,2020-02-22,10.0
Liberty County,2020-02-22,7.12
Madison County,2020-02-22,6.79
Manatee County,2020-02-22,12.99
Marion County,2020-02-22,8.97
Martin County,2020-02-22,17.46
Miami-Dade County,2020-02-22,20.55
Monroe County,2020-02-22,20.99
Nassau County,2020-02-22,7.79
Okaloosa County,2020-02-22,6.89
Okeechobee County,2020-02-22,13.93
Orange County,2020-02-22,10.61
Osceola County,2020-02-22,11.47
Palm Beach County,2020-02-22,18.46
Pasco County,2020-02-22,11.78
Pinellas County,2020-02-22,14.76
Polk County,2020-02-22,10.84
Putnam County,2020-02-22,8.55
St. Johns County,2020-02-22,9.87
St. Lucie County,2020-02-22,15.95
Santa Rosa County,2020-02-22,7.11
Sarasota County,2020-02-22,14.04
Seminole County,2020-02-22,10.28
Sumter County,2020-02-22,9.83
Suwannee County,2020-02-22,6.7
Taylor County,2020-02-22,8.66
Union County,2020-02-22,6.72
Volusia County,2020-02-22,10.34
Wakulla County,2020-02-22,7.92
Walton County,2020-02-22,6.61
Washington County,2020-02-22,6.18
Alachua County,2020-02-23,9.61
Baker County,2020-02-23,8.0
Bay County,2020-02-23,8.92
Bradford County,2020-02-23,8.95
Brevard County,2020-02-23,17.08
Broward County,2020-02-23,19.34
Calhoun County,2020-02-23,8.28
Charlotte County,2020-02-23,17.61
Citrus County,2020-02-23,11.76
Clay County,2020-02-23,9.63
Collier County,2020-02-23,18.8
Columbia County,2020-02-23,7.95
DeSoto County,2020-02-23,16.92
Dixie County,2020-02-23,9.54
Duval County,2020-02-23,9.0
Escambia County,2020-02-23,8.69
Flagler County,2020-02-23,12.19
Franklin County,2020-02-23,9.15
Gadsden County,2020-02-23,7.69
Gilchrist County,2020-02-23,9.36
Glades County,2020-02-23,18.45
Gulf County,2020-02-23,9.23
Hamilton County,2020-02-23,7.64
Hardee County,2020-02-23,16.08
Hendry County,2020-02-23,18.63
Hernando County,2020-02-23,12.57
Highlands County,2020-02-23,17.3
Hillsborough County,2020-02-23,14.11
Holmes County,2020-02-23,7.57
Indian River County,2020-02-23,17.77
Jackson County,2020-02-23,7.59
Jefferson County,2020-02-23,8.1
Lafayette County,2020-02-23,8.66
Lake County,2020-02-23,13.64
Lee County,2020-02-23,18.28
Leon County,2020-02-23,7.9
Levy County,2020-02-23,10.36
Liberty County,2020-02-23,8.5
Madison County,2020-02-23,8.05
Manatee County,2020-02-23,15.19
Marion County,2020-02-23,11.46
Martin County,2020-02-23,19.19
Miami-Dade County,2020-02-23,20.02
Monroe County,2020-02-23,20.75
Nassau County,2020-02-23,8.19
Okaloosa County,2020-02-23,8.35
Okeechobee County,2020-02-23,18.0
Orange County,2020-02-23,15.4
Osceola County,2020-02-23,16.6
Palm Beach County,2020-02-23,19.44
Pasco County,2020-02-23,13.04
Pinellas County,2020-02-23,13.23
Polk County,2020-02-23,15.51
Putnam County,2020-02-23,10.99
St. Johns County,2020-02-23,10.72
St. Lucie County,2020-02-23,18.48
Santa Rosa County,2020-02-23,8.53
Sarasota County,2020-02-23,16.07
Seminole County,2020-02-23,14.79
Sumter County,2020-02-23,12.74
Suwannee County,2020-02-23,8.14
Taylor County,2020-02-23,8.98
Union County,2020-02-23,8.38
Volusia County,2020-02-23,13.68
Wakulla County,2020-02-23,8.49
Walton County,2020-02-23,8.2
Washington County,2020-02-23,8.07
Alachua County,2020-02-24,13.83
Baker County,2020-02-24,13.2
Bay County,2020-02-24,11.48
Bradford County,2020-02-24,13.88
Brevard County,2020-02-24,18.01
Broward County,2020-02-24,20.42
Calhoun County,2020-02-24,10.94
Charlotte County,2020-02-24,19.11
Citrus County,2020-02-24,15.55
Clay County,2020-02-24,14.91
Collier County,2020-02-24,19.85
Columbia County,2020-02-24,12.26
DeSoto County,2020-02-24,18.65
Dixie County,2020-02-24,12.1
Duval County,2020-02-24,14.64
Escambia County,2020-02-24,11.62
Flagler County,2020-02-24,16.18
Franklin County,2020-02-24,11.68
Gadsden County,2020-02-24,11.26
Gilchrist County,2020-02-24,12.54
Glades County,2020-02-24,19.24
Gulf County,2020-02-24,11.55
Hamilton County,2020-02-24,11.79
Hardee County,2020-02-24,18.39
Hendry County,2020-02-24,19.33
Hernando County,2020-02-24,16.47
Highlands County,2020-02-24,18.75
Hillsborough County,2020-02-24,17.63
Holmes County,2020-02-24,10.72
Indian River County,2020-02-24,18.42
Jackson County,2020-02-24,10.67
Jefferson County,2020-02-24,12.04
Lafayette County,2020-02-24,11.32
Lake County,2020-02-24,17.6
Lee County,2020-02-24,19.59
Leon County,2020-02-24,11.68
Levy County,2020-02-24,13.64
Liberty County,2020-02-24,11.16
Madison County,2020-02-24,11.71
Manatee County,2020-02-24,17.94
Marion County,2020-02-24,15.72
Martin County,2020-02-24,19.95
Miami-Dade County,2020-02-24,21.31
Monroe County,2020-02-24,22.19
Nassau County,2020-02-24,13.92
Okaloosa County,2020-02-24,11.47
Okeechobee County,2020-02-24,18.91
Orange County,2020-02-24,18.26
Osceola County,2020-02-24,18.49
Palm Beach County,2020-02-24,20.31
Pasco County,2020-02-24,16.95
Pinellas County,2020-02-24,17.18
Polk County,2020-02-24,18.36
Putnam County,2020-02-24,15.77
St. Johns County,2020-02-24,15.52
St. Lucie County,2020-02-24,19.11
Santa Rosa County,2020-02-24,11.62
Sarasota County,2020-02-24,18.31
Seminole County,2020-02-24,17.82
Sumter County,2020-02-24,16.74
Suwannee County,2020-02-24,11.45
Taylor County,2020-02-24,11.81
Union County,2020-02-24,12.99
Volusia County,2020-02-24,16.9
Wakulla County,2020-02-24,11.54
Walton County,2020-02-24,11.19
Washington County,2020-02-24,10.89
Alachua County,2020-02-25,17.25
Baker County,2020-02-25,16.93
Bay County,2020-02-25,17.33
Bradford County,2020-02-25,17.32
Brevard County,2020-02-25,19.51
Broward County,2020-02-25,22.23
Calhoun County,2020-02-25,16.63
Charlotte County,2020-02-25,21.27
Citrus County,2020-02-25,18.52
Clay County,2020-02-25,18.33
Collier County,2020-02-25,21.19
Columbia County,2020-02-25,16.22
DeSoto County,2020-02-25,20.86
Dixie County,2020-02-25,16.32
Duval County,2020-02-25,18.38
Escambia County,2020-02-25,18.12
Flagler County,2020-02-25,19.33
Franklin County,2020-02-25,17.15
Gadsden County,2020-02-25,16.77
Gilchrist County,2020-02-25,16.4
Glades County,2020-02-25,21.1
Gulf County,2020-02-25,17.48
Hamilton County,2020-02-25,16.49
Hardee County,2020-02-25,20.46
Hendry County,2020-02-25,21.13
Hernando County,2020-02-25,19.21
Highlands County,2020-02-25,20.51
Hillsborough County,2020-02-25,20.21
Holmes County,2020-02-25,15.58
Indian River County,2020-02-25,19.89
Jackson County,2020-02-25,16.29
Jefferson County,2020-02-25,17.17
Lafayette County,2020-02-25,15.81
Lake County,2020-02-25,19.37
Lee County,2020-02-25,21.4
Leon County,2020-02-25,17.0
Levy County,2020-02-25,17.23
Liberty County,2020-02-25,16.59
Madison County,2020-02-25,16.74
Manatee County,2020-02-25,20.46
Marion County,2020-02-25,18.42
Martin County,2020-02-25,21.78
Miami-Dade County,2020-02-25,22.64
Monroe County,2020-02-25,22.98
Nassau County,2020-02-25,18.0
Okaloosa County,2020-02-25,16.62
Okeechobee County,2020-02-25,20.43
Orange County,2020-02-25,19.49
Osceola County,2020-02-25,19.54
Palm Beach County,2020-02-25,22.2
Pasco County,2020-02-25,19.6
Pinellas County,2020-02-25,20.46
Polk County,2020-02-25,19.93
Putnam County,2020-02-25,18.85
St. Johns County,2020-02-25,19.05
St. Lucie County,2020-02-25,20.86
Santa Rosa County,2020-02-25,17.39
Sarasota County,2020-02-25,20.77
Seminole County,2020-02-25,19.37
Sumter County,2020-02-25,18.87
Suwannee County,2020-02-25,15.91
Taylor County,2020-02-25,16.61
Union County,2020-02-25,16.57
Volusia County,2020-02-25,19.37
Wakulla County,2020-02-25,16.7
Walton County,2020-02-25,16.25
Washington County,2020-02-25,16.37
Alachua County,2020-02-26,18.57
Baker County,2020-02-26,17.49
Bay County,2020-02-26,19.44
Bradford County,2020-02-26,18.18
Brevard County,2020-02-26,22.9
Broward County,2020-02-26,24.55
Calhoun County,2020-02-26,19.69
Charlotte County,2020-02-26,23.66
Citrus County,2020-02-26,20.95
Clay County,2020-02-26,18.94
Collier County,2020-02-26,23.41
Columbia County,2020-02-26,17.42
DeSoto County,2020-02-26,23.51
Dixie County,2020-02-26,18.52
Duval County,2020-02-26,18.35
Escambia County,2020-02-26,16.1
Flagler County,2020-02-26,20.84
Franklin County,2020-02-26,20.73
Gadsden County,2020-02-26,19.4
Gilchrist County,2020-02-26,18.12
Glades County,2020-02-26,23.66
Gulf County,2020-02-26,20.68
Hamilton County,2020-02-26,17.57
Hardee County,2020-02-26,23.21
Hendry County,2020-02-26,23.38
Hernando County,2020-02-26,22.0
Highlands County,2020-02-26,23.49
Hillsborough County,2020-02-26,22.83
Holmes County,2020-02-26,17.38
Indian River County,2020-02-26,23.29
Jackson County,2020-02-26,18.52
Jefferson County,2020-02-26,19.17
Lafayette County,2020-02-26,18.1
Lake County,2020-02-26,21.94
Lee County,2020-02-26,23.72
Leon County,2020-02-26,19.68
Levy County,2020-02-26,18.96
Liberty County,2020-02-26,20.34
Madison County,2020-02-26,18.36
Manatee County,2020-02-26,22.87
Marion County,2020-02-26,20.41
Martin County,2020-02-26,24.39
Miami-Dade County,2020-02-26,24.79
Monroe County,2020-02-26,24.49
Nassau County,2020-02-26,17.51
Okaloosa County,2020-02-26,17.15
Okeechobee County,2020-02-26,23.57
Orange County,2020-02-26,22.17
Osceola County,2020-02-26,22.59
Palm Beach County,2020-02-26,24.6
Pasco County,2020-02-26,22.44
Pinellas County,2020-02-26,22.83
Polk County,2020-02-26,22.74
Putnam County,2020-02-26,20.12
St. Johns County,2020-02-26,19.77
St. Lucie County,2020-02-26,23.78
Santa Rosa County,2020-02-26,16.57
Sarasota County,2020-02-26,23.03
Seminole County,2020-02-26,21.97
Sumter County,2020-02-26,21.7
Suwannee County,2020-02-26,17.68
Taylor County,2020-02-26,19.21
Union County,2020-02-26,17.63
Volusia County,2020-02-26,21.58
Wakulla County,2020-02-26,20.25
Walton County,2020-02-26,17.65
Washington County,2020-02-26,18.49
Alachua County,2020-02-27,13.95
Baker County,2020-02-27,12.89
Bay County,2020-02-27,10.24
Bradford County,2020-02-27,13.91
Brevard County,2020-02-27,19.68
Broward County,2020-02-27,22.42
Calhoun County,2020-02-27,10.29
Charlotte County,2020-02-27,20.13
Citrus County,2020-02-27,16.31
Clay County,2020-02-27,15.01
Collier County,2020-02-27,21.11
Columbia County,2020-02-27,11.9
DeSoto County,2020-02-27,19.85
Dixie County,2020-02-27,11.99
Duval County,2020-02-27,14.28
Escambia County,2020-02-27,9.87
Flagler County,2020-02-27,16.95
Franklin County,2020-02-27,11.3
Gadsden County,2020-02-27,10.09
Gilchrist County,2020-02-27,12.27
Glades County,2020-02-27,20.71
Gulf County,2020-02-27,10.95
Hamilton County,2020-02-27,11.11
Hardee County,2020-02-27,19.67
Hendry County,2020-02-27,20.43
Hernando County,2020-02-27,17.77
Highlands County,2020-02-27,20.3
Hillsborough County,2020-02-27,19.52
Holmes County,2020-02-27,9.44
Indian River County,2020-02-27,20.82
Jackson County,2020-02-27,9.82
Jefferson County,2020-02-27,10.83
Lafayette County,2020-02-27,11.27
Lake County,2020-02-27,18.26
Lee County,2020-02-27,20.48
Leon County,2020-02-27,10.55
Levy County,2020-02-27,13.53
Liberty County,2020-02-27,10.71
Madison County,2020-02-27,10.8
Manatee County,2020-02-27,19.23
Marion County,2020-02-27,16.15
Martin County,2020-02-27,22.64
Miami-Dade County,2020-02-27,23.44
Monroe County,2020-02-27,23.59
Nassau County,2020-02-27,13.43
Okaloosa County,2020-02-27,9.66
Okeechobee County,2020-02-27,20.95
Orange County,2020-02-27,19.15
Osceola County,2020-02-27,19.85
Palm Beach County,2020-02-27,22.43
Pasco County,2020-02-27,18.59
Pinellas County,2020-02-27,19.44
Polk County,2020-02-27,19.59
Putnam County,2020-02-27,16.28
St. Johns County,2020-02-27,15.77
St. Lucie County,2020-02-27,21.82
Santa Rosa County,2020-02-27,9.82
Sarasota County,2020-02-27,19.18
Seminole County,2020-02-27,18.66
Sumter County,2020-02-27,17.51
Suwannee County,2020-02-27,11.17
Taylor County,2020-02-27,11.58
Union County,2020-02-27,12.82
Volusia County,2020-02-27,17.74
Wakulla County,2020-02-27,11.04
Walton County,2020-02-27,9.57
Washington County,2020-02-27,9.86
Alachua County,2020-02-28,8.14
Baker County,2020-02-28,7.96
Bay County,2020-02-28,8.15
Bradford County,2020-02-28,8.28
Brevard County,2020-02-28,12.38
Broward County,2020-02-28,14.29
Calhoun County,2020-02-28,7.44
Charlotte County,2020-02-28,12.66
Citrus County,2020-02-28,10.41
Clay County,2020-02-28,9.35
Collier County,2020-02-28,13.82
Columbia County,2020-02-28,7.44
DeSoto County,2020-02-28,11.7
Dixie County,2020-02-28,8.01
Duval County,2020-02-28,9.47
Escambia County,2020-02-28,7.15
Flagler County,2020-02-28,10.82
Franklin County,2020-02-28,9.05
Gadsden County,2020-02-28,6.92
Gilchrist County,2020-02-28,7.55
Glades County,2020-02-28,12.39
Gulf County,2020-02-28,8.87
Hamilton County,2020-02-28,7.49
Hardee County,2020-02-28,11.56
Hendry County,2020-02-28,12.79
Hernando County,2020-02-28,11.56
Highlands County,2020-02-28,11.6
Hillsborough County,2020-02-28,12.93
Holmes County,2020-02-28,6.18
Indian River County,2020-02-28,12.42
Jackson County,2020-02-28,6.52
Jefferson County,2020-02-28,7.76
Lafayette County,2020-02-28,7.39
Lake County,2020-02-28,11.21
Lee County,2020-02-28,13.26
Leon County,2020-02-28,7.33
Levy County,2020-02-28,8.52
Liberty County,2020-02-28,7.86
Madison County,2020-02-28,7.68
Manatee County,2020-02-28,12.44
Marion County,2020-02-28,9.53
Martin County,2020-02-28,14.11
Miami-Dade County,2020-02-28,15.46
Monroe County,2020-02-28,17.04
Nassau County,2020-02-28,8.65
Okaloosa County,2020-02-28,6.81
Okeechobee County,2020-02-28,12.35
Orange County,2020-02-28,12.08
Osceola County,2020-02-28,12.15
Palm Beach County,2020-02-28,14.31
Pasco County,2020-02-28,12.21
Pinellas County,2020-02-28,14.3
Polk County,2020-02-28,11.92
Putnam County,2020-02-28,9.9
St. Johns County,2020-02-28,10.46
St. Lucie County,2020-02-28,13.18
Santa Rosa County,2020-02-28,6.97
Sarasota County,2020-02-28,12.66
Seminole County,2020-02-28,11.73
Sumter County,2020-02-28,10.53
Suwannee County,2020-02-28,7.3
Taylor County,2020-02-28,8.23
Union County,2020-02-28,7.67
Volusia County,2020-02-28,11.24
Wakulla County,2020-02-28,8.05
Walton County,2020-02-28,6.84
Washington County,2020-02-28,6.84
Alachua County,2020-02-29,8.52
Baker County,2020-02-29,8.21
Bay County,2020-02-29,9.25
Bradford County,2020-02-29,8.47
Brevard County,2020-02-29,12.69
Broward County,2020-02-29,14.03
Calhoun County,2020-02-29,8.69
Charlotte County,2020-02-29,12.97
Citrus County,2020-02-29,9.91
Clay County,2020-02-29,9.35
Collier County,2020-02-29,13.62
Columbia County,2020-02-29,8.02
DeSoto County,2020-02-29,12.32
Dixie County,2020-02-29,8.39
Duval County,2020-02-29,9.33
Escambia County,2020-02-29,9.58
Flagler County,2020-02-29,11.05
Franklin County,2020-02-29,8.89
Gadsden County,2020-02-29,8.86
Gilchrist County,2020-02-29,8.19
Glades County,2020-02-29,13.06
Gulf County,2020-02-29,8.88
Hamilton County,2020-02-29,8.52
Hardee County,2020-02-29,12.18
Hendry County,2020-02-29,13.18
Hernando County,2020-02-29,10.8
Highlands County,2020-02-29,12.41
Hillsborough County,2020-02-29,12.0
Holmes County,2020-02-29,8.76
Indian River County,2020-02-29,12.81
Jackson County,2020-02-29,8.96
Jefferson County,2020-02-29,9.42
Lafayette County,2020-02-29,8.4
Lake County,2020-02-29,11.93
Lee County,2020-02-29,13.45
Leon County,2020-02-29,9.06
Levy County,2020-02-29,8.55
Liberty County,2020-02-29,8.56
Madison County,2020-02-29,9.2
Manatee County,2020-02-29,12.09
Marion County,2020-02-29,9.89
Martin County,2020-02-29,14.33
Miami-Dade County,2020-02-29,14.88
Monroe County,2020-02-29,15.91
Nassau County,2020-02-29,8.83
Okaloosa County,2020-02-29,9.13
Okeechobee County,2020-02-29,12.97
Orange County,2020-02-29,13.05
Osceola County,2020-02-29,13.11
Palm Beach County,2020-02-29,14.38
Pasco County,2020-02-29,11.31
Pinellas County,2020-02-29,11.95
Polk County,2020-02-29,12.63
Putnam County,2020-02-29,10.14
St. Johns County,2020-02-29,10.41
St. Lucie County,2020-02-29,13.5
Santa Rosa County,2020-02-29,9.34
Sarasota County,2020-02-29,12.46
Seminole County,2020-02-29,12.55
Sumter County,2020-02-29,10.85
Suwannee County,2020-02-29,8.31
Taylor County,2020-02-29,9.2
Union County,2020-02-29,8.03
Volusia County,2020-02-29,11.67
Wakulla County,2020-02-29,8.88
Walton County,2020-02-29,8.99
Washington County,2020-02-29,8.87
Alachua County,2020-03-01,10.36
Baker County,2020-03-01,9.8
Bay County,2020-03-01,11.72
Bradford County,2020-03-01,10.33
Brevard County,2020-03-01,12.96
Broward County,2020-03-01,15.3
Calhoun County,2020-03-01,11.17
Charlotte County,2020-03-01,14.39
Citrus County,2020-03-01,11.7
Clay County,2020-03-01,10.95
Collier County,2020-03-01,14.92
Columbia County,2020-03-01,9.48
DeSoto County,2020-03-01,13.14
Dixie County,2020-03-01,10.1
Duval County,2020-03-01,10.72
Escambia County,2020-03-01,12.44
Flagler County,2020-03-01,11.81
Franklin County,2020-03-01,11.94
Gadsden County,2020-03-01,11.25
Gilchrist County,2020-03-01,9.86
Glades County,2020-03-01,13.51
Gulf County,2020-03-01,11.75
Hamilton County,2020-03-01,9.48
Hardee County,2020-03-01,12.82
Hendry County,2020-03-01,14.29
Hernando County,2020-03-01,12.42
Highlands County,2020-03-01,12.91
Hillsborough County,2020-03-01,13.53
Holmes County,2020-03-01,11.18
Indian River County,2020-03-01,12.71
Jackson County,2020-03-01,11.06
Jefferson County,2020-03-01,10.83
Lafayette County,2020-03-01,9.57
Lake County,2020-03-01,12.28
Lee County,2020-03-01,15.08
Leon County,2020-03-01,11.25
Levy County,2020-03-01,10.67
Liberty County,2020-03-01,11.38
Madison County,2020-03-01,9.99
Manatee County,2020-03-01,13.84
Marion County,2020-03-01,11.24
Martin County,2020-03-01,14.13
Miami-Dade County,2020-03-01,16.04
Monroe County,2020-03-01,17.13
Nassau County,2020-03-01,10.06
Okaloosa County,2020-03-01,11.33
Okeechobee County,2020-03-01,12.9
Orange County,2020-03-01,12.84
Osceola County,2020-03-01,12.89
Palm Beach County,2020-03-01,14.87
Pasco County,2020-03-01,12.87
Pinellas County,2020-03-01,14.69
Polk County,2020-03-01,12.84
Putnam County,2020-03-01,11.4
St. Johns County,2020-03-01,11.55
St. Lucie County,2020-03-01,13.28
Santa Rosa County,2020-03-01,11.88
Sarasota County,2020-03-01,14.24
Seminole County,2020-03-01,12.65
Sumter County,2020-03-01,11.9
Suwannee County,2020-03-01,9.42
Taylor County,2020-03-01,10.34
Union County,2020-03-01,9.84
Volusia County,2020-03-01,12.18
Wakulla County,2020-03-01,11.34
Walton County,2020-03-01,11.2
Washington County,2020-03-01,11.11
Alachua County,2020-03-02,12.31
Baker County,2020-03-02,12.14
Bay County,2020-03-02,13.48
Bradford County,2020-03-02,12.3
Brevard County,2020-03-02,15.26
Broward County,2020-03-02,17.52
Calhoun County,2020-03-02,13.2
Charlotte County,2020-03-02,16.33
Citrus County,2020-03-02,13.39
Clay County,2020-03-02,12.8
Collier County,2020-03-02,17.01
Columbia County,2020-03-02,12.08
DeSoto County,2020-03-02,15.46
Dixie County,2020-03-02,12.35
Duval County,2020-03-02,12.75
Escambia County,2020-03-02,14.69
Flagler County,2020-03-02,13.47
Franklin County,2020-03-02,13.24
Gadsden County,2020-03-02,13.17
Gilchrist County,2020-03-02,12.21
Glades County,2020-03-02,16.24
Gulf County,2020-03-02,13.34
Hamilton County,2020-03-02,12.37
Hardee County,2020-03-02,15.03
Hendry County,2020-03-02,16.59
Hernando County,2020-03-02,13.93
Highlands County,2020-03-02,15.75
Hillsborough County,2020-03-02,14.87
Holmes County,2020-03-02,13.51
Indian River County,2020-03-02,15.55
Jackson County,2020-03-02,13.31
Jefferson County,2020-03-02,12.89
Lafayette County,2020-03-02,12.1
Lake County,2020-03-02,13.73
Lee County,2020-03-02,16.99
Leon County,2020-03-02,13.1
Levy County,2020-03-02,12.72
Liberty County,2020-03-02,13.11
Madison County,2020-03-02,12.5
Manatee County,2020-03-02,14.96
Marion County,2020-03-02,12.88
Martin County,2020-03-02,16.92
Miami-Dade County,2020-03-02,18.49
Monroe County,2020-03-02,19.36
Nassau County,2020-03-02,12.24
Okaloosa County,2020-03-02,13.8
Okeechobee County,2020-03-02,15.85
Orange County,2020-03-02,14.42
Osceola County,2020-03-02,15.05
Palm Beach County,2020-03-02,17.3
Pasco County,2020-03-02,14.22
Pinellas County,2020-03-02,15.24
Polk County,2020-03-02,14.8
Putnam County,2020-03-02,13.02
St. Johns County,2020-03-02,13.3
St. Lucie County,2020-03-02,16.19
Santa Rosa County,2020-03-02,14.39
Sarasota County,2020-03-02,15.18
Seminole County,2020-03-02,14.24
Sumter County,2020-03-02,13.46
Suwannee County,2020-03-02,12.16
Taylor County,2020-03-02,12.53
Union County,2020-03-02,12.05
Volusia County,2020-03-02,13.87
Wakulla County,2020-03-02,13.01
Walton County,2020-03-02,13.48
Washington County,2020-03-02,13.38
Alachua County,2020-03-03,17.42
Baker County,2020-03-03,16.5
Bay County,2020-03-03,18.3
Bradford County,2020-03-03,17.12
Brevard County,2020-03-03,19.43
Broward County,2020-03-03,21.29
Calhoun County,2020-03-03,17.41
Charlotte County,2020-03-03,20.21
Citrus County,2020-03-03,18.89
Clay County,2020-03-03,17.76
Collier County,2020-03-03,20.55
Columbia County,2020-03-03,16.32
DeSoto County,2020-03-03,19.72
Dixie County,2020-03-03,17.61
Duval County,2020-03-03,17.6
Escambia County,2020-03-03,19.8
Flagler County,2020-03-03,18.48
Franklin County,2020-03-03,17.76
Gadsden County,2020-03-03,17.27
Gilchrist County,2020-03-03,17.32
Glades County,2020-03-03,20.26
Gulf County,2020-03-03,17.91
Hamilton County,2020-03-03,16.41
Hardee County,2020-03-03,19.61
Hendry County,2020-03-03,20.51
Hernando County,2020-03-03,19.37
Highlands County,2020-03-03,20.1
Hillsborough County,2020-03-03,19.83
Holmes County,2020-03-03,18.2
Indian River County,2020-03-03,19.6
Jackson County,2020-03-03,17.57
Jefferson County,2020-03-03,17.46
Lafayette County,2020-03-03,16.98
Lake County,2020-03-03,18.92
Lee County,2020-03-03,20.52
Leon County,2020-03-03,17.46
Levy County,2020-03-03,18.2
Liberty County,2020-03-03,17.24
Madison County,2020-03-03,17.01
Manatee County,2020-03-03,19.66
Marion County,2020-03-03,18.25
Martin County,2020-03-03,20.69
Miami-Dade County,2020-03-03,21.78
Monroe County,2020-03-03,22.17
Nassau County,2020-03-03,16.91
Okaloosa County,2020-03-03,18.78
Okeechobee County,2020-03-03,20.07
Orange County,2020-03-03,19.25
Osceola County,2020-03-03,19.66
Palm Beach County,2020-03-03,21.12
Pasco County,2020-03-03,19.58
Pinellas County,2020-03-03,20.29
Polk County,2020-03-03,19.64
Putnam County,2020-03-03,18.17
St. Johns County,2020-03-03,18.27
St. Lucie County,2020-03-03,20.04
Santa Rosa County,2020-03-03,19.31
Sarasota County,2020-03-03,19.54
Seminole County,2020-03-03,19.07
Sumter County,2020-03-03,18.87
Suwannee County,2020-03-03,16.58
Taylor County,2020-03-03,17.36
Union County,2020-03-03,16.64
Volusia County,2020-03-03,18.73
Wakulla County,2020-03-03,17.37
Walton County,2020-03-03,18.46
Washington County,2020-03-03,18.07
Alachua County,2020-03-04,21.28
Baker County,2020-03-04,21.51
Bay County,2020-03-04,21.96
Bradford County,2020-03-04,21.73
Brevard County,2020-03-04,22.69
Broward County,2020-03-04,23.59
Calhoun County,2020-03-04,22.0
Charlotte County,2020-03-04,22.25
Citrus County,2020-03-04,21.65
Clay County,2020-03-04,22.66
Collier County,2020-03-04,22.48
Columbia County,2020-03-04,20.76
DeSoto County,2020-03-04,21.97
Dixie County,2020-03-04,20.31
Duval County,2020-03-04,22.82
Escambia County,2020-03-04,21.52
Flagler County,2020-03-04,22.88
Franklin County,2020-03-04,22.07
Gadsden County,2020-03-04,22.11
Gilchrist County,2020-03-04,20.53
Glades County,2020-03-04,22.6
Gulf County,2020-03-04,22.17
Hamilton County,2020-03-04,20.68
Hardee County,2020-03-04,22.23
Hendry County,2020-03-04,22.69
Hernando County,2020-03-04,22.18
Highlands County,2020-03-04,22.66
Hillsborough County,2020-03-04,22.55
Holmes County,2020-03-04,21.82
Indian River County,2020-03-04,22.44
Jackson County,2020-03-04,21.97
Jefferson County,2020-03-04,21.48
Lafayette County,2020-03-04,20.27
Lake County,2020-03-04,22.46
Lee County,2020-03-04,22.53
Leon County,2020-03-04,22.1
Levy County,2020-03-04,20.85
Liberty County,2020-03-04,22.14
Madison County,2020-03-04,20.79
Manatee County,2020-03-04,22.0
Marion County,2020-03-04,21.86
Martin County,2020-03-04,23.17
Miami-Dade County,2020-03-04,23.64
Monroe County,2020-03-04,23.79
Nassau County,2020-03-04,22.24
Okaloosa County,2020-03-04,21.41
Okeechobee County,2020-03-04,22.59
Orange County,2020-03-04,22.65
Osceola County,2020-03-04,22.67
Palm Beach County,2020-03-04,23.45
Pasco County,2020-03-04,22.42
Pinellas County,2020-03-04,22.67
Polk County,2020-03-04,22.71
Putnam County,2020-03-04,22.62
St. Johns County,2020-03-04,23.1
St. Lucie County,2020-03-04,22.73
Santa Rosa County,2020-03-04,21.35
Sarasota County,2020-03-04,21.57
Seminole County,2020-03-04,22.67
Sumter County,2020-03-04,22.13
Suwannee County,2020-03-04,20.38
Taylor County,2020-03-04,20.78
Union County,2020-03-04,21.13
Volusia County,2020-03-04,22.67
Wakulla County,2020-03-04,21.92
Walton County,2020-03-04,21.57
Washington County,2020-03-04,21.83
Alachua County,2020-03-05,23.11
Baker County,2020-03-05,22.48
Bay County,2020-03-05,20.4
Bradford County,2020-03-05,23.39
Brevard County,2020-03-05,25.28
Broward County,2020-03-05,25.95
Calhoun County,2020-03-05,20.07
Charlotte County,2020-03-05,24.96
Citrus County,2020-03-05,23.61
Clay County,2020-03-05,24.17
Collier County,2020-03-05,25.2
Columbia County,2020-03-05,21.95
DeSoto County,2020-03-05,24.75
Dixie County,2020-03-05,21.63
Duval County,2020-03-05,23.49
Escambia County,2020-03-05,18.49
Flagler County,2020-03-05,25.01
Franklin County,2020-03-05,21.6
Gadsden County,2020-03-05,19.79
Gilchrist County,2020-03-05,22.12
Glades County,2020-03-05,25.42
Gulf County,2020-03-05,21.26
Hamilton County,2020-03-05,20.78
Hardee County,2020-03-05,24.77
Hendry County,2020-03-05,25.55
Hernando County,2020-03-05,24.17
Highlands County,2020-03-05,25.33
Hillsborough County,2020-03-05,24.55
Holmes County,2020-03-05,19.08
Indian River County,2020-03-05,25.03
Jackson County,2020-03-05,18.98
Jefferson County,2020-03-05,20.27
Lafayette County,2020-03-05,21.24
Lake County,2020-03-05,24.75
Lee County,2020-03-05,25.23
Leon County,2020-03-05,20.45
Levy County,2020-03-05,22.53
Liberty County,2020-03-05,20.75
Madison County,2020-03-05,20.19
Manatee County,2020-03-05,24.13
Marion County,2020-03-05,23.96
Martin County,2020-03-05,25.52
Miami-Dade County,2020-03-05,25.64
Monroe County,2020-03-05,25.52
Nassau County,2020-03-05,22.09
Okaloosa County,2020-03-05,19.03
Okeechobee County,2020-03-05,25.22
Orange County,2020-03-05,24.96
Osceola County,2020-03-05,25.05
Palm Beach County,2020-03-05,25.87
Pasco County,2020-03-05,24.38
Pinellas County,2020-03-05,24.38
Polk County,2020-03-05,24.98
Putnam County,2020-03-05,24.61
St. Johns County,2020-03-05,24.67
St. Lucie County,2020-03-05,25.19
Santa Rosa County,2020-03-05,18.75
Sarasota County,2020-03-05,23.8
Seminole County,2020-03-05,25.03
Sumter County,2020-03-05,24.31
Suwannee County,2020-03-05,21.28
Taylor County,2020-03-05,21.04
Union County,2020-03-05,22.77
Volusia County,2020-03-05,25.02
Wakulla County,2020-03-05,21.12
Walton County,2020-03-05,19.33
Washington County,2020-03-05,19.59
Alachua County,2020-03-06,22.12
Baker County,2020-03-06,20.19
Bay County,2020-03-06,16.99
Bradford County,2020-03-06,22.01
Brevard County,2020-03-06,26.3
Broward County,2020-03-06,27.21
Calhoun County,2020-03-06,15.82
Charlotte County,2020-03-06,24.73
Citrus County,2020-03-06,24.2
Clay County,2020-03-06,23.1
Collier County,2020-03-06,24.83
Columbia County,2020-03-06,19.24
DeSoto County,2020-03-06,24.62
Dixie County,2020-03-06,20.15
Duval County,2020-03-06,22.19
Escambia County,2020-03-06,14.36
Flagler County,2020-03-06,24.56
Franklin County,2020-03-06,18.57
Gadsden County,2020-03-06,15.59
Gilchrist County,2020-03-06,20.45
Glades County,2020-03-06,25.6
Gulf County,2020-03-06,17.9
Hamilton County,2020-03-06,17.58
Hardee County,2020-03-06,25.01
Hendry County,2020-03-06,25.26
Hernando County,2020-03-06,25.11
Highlands County,2020-03-06,25.83
Hillsborough County,2020-03-06,25.65
Holmes County,2020-03-06,15.01
Indian River County,2020-03-06,26.6
Jackson County,2020-03-06,14.44
Jefferson County,2020-03-06,17.11
Lafayette County,2020-03-06,18.82
Lake County,2020-03-06,25.37
Lee County,2020-03-06,24.73
Leon County,2020-03-06,16.93
Levy County,2020-03-06,22.07
Liberty County,2020-03-06,16.73
Madison County,2020-03-06,17.02
Manatee County,2020-03-06,24.8
Marion County,2020-03-06,24.0
Martin County,2020-03-06,27.53
Miami-Dade County,2020-03-06,26.62
Monroe County,2020-03-06,25.22
Nassau County,2020-03-06,20.2
Okaloosa County,2020-03-06,15.43
Okeechobee County,2020-03-06,26.44
Orange County,2020-03-06,25.9
Osceola County,2020-03-06,26.16
Palm Beach County,2020-03-06,27.48
Pasco County,2020-03-06,25.45
Pinellas County,2020-03-06,25.37
Polk County,2020-03-06,25.78
Putnam County,2020-03-06,24.04
St. Johns County,2020-03-06,23.72
St. Lucie County,2020-03-06,27.02
Santa Rosa County,2020-03-06,14.94
Sarasota County,2020-03-06,24.2
Seminole County,2020-03-06,25.85
Sumter County,2020-03-06,25.03
Suwannee County,2020-03-06,18.44
Taylor County,2020-03-06,18.61
Union County,2020-03-06,20.78
Volusia County,2020-03-06,25.26
Wakulla County,2020-03-06,18.03
Walton County,2020-03-06,15.8
Washington County,2020-03-06,15.65
Alachua County,2020-03-07,14.16
Baker County,2020-03-07,13.76
Bay County,2020-03-07,13.37
Bradford County,2020-03-07,14.45
Brevard County,2020-03-07,17.31
Broward County,2020-03-07,21.08
Calhoun County,2020-03-07,13.42
Charlotte County,2020-03-07,18.53
Citrus County,2020-03-07,15.92
Clay County,2020-03-07,15.63
Collier County,2020-03-07,19.43
Columbia County,2020-03-07,12.68
DeSoto County,2020-03-07,17.59
Dixie County,2020-03-07,13.11
Duval County,2020-03-07,15.9
Escambia County,2020-03-07,12.94
Flagler County,2020-03-07,16.44
Franklin County,2020-03-07,14.4
Gadsden County,2020-03-07,13.03
Gilchrist County,2020-03-07,13.0
Glades County,2020-03-07,18.08
Gulf County,2020-03-07,14.11
Hamilton County,2020-03-07,12.06
Hardee County,2020-03-07,17.37
Hendry County,2020-03-07,18.84
Hernando County,2020-03-07,16.97
Highlands County,2020-03-07,17.59
Hillsborough County,2020-03-07,18.31
Holmes County,2020-03-07,12.83
Indian River County,2020-03-07,17.63
Jackson County,2020-03-07,12.93
Jefferson County,2020-03-07,12.63
Lafayette County,2020-03-07,12.32
Lake County,2020-03-07,16.42
Lee County,2020-03-07,18.98
Leon County,2020-03-07,13.16
Levy County,2020-03-07,14.19
Liberty County,2020-03-07,13.88
Madison County,2020-03-07,12.01
Manatee County,2020-03-07,18.44
Marion County,2020-03-07,15.38
Martin County,2020-03-07,19.36
Miami-Dade County,2020-03-07,21.29
Monroe County,2020-03-07,20.83
Nassau County,2020-03-07,15.0
Okaloosa County,2020-03-07,12.37
Okeechobee County,2020-03-07,17.8
Orange County,2020-03-07,16.76
Osceola County,2020-03-07,17.11
Palm Beach County,2020-03-07,20.29
Pasco County,2020-03-07,17.61
Pinellas County,2020-03-07,19.5
Polk County,2020-03-07,17.18
Putnam County,2020-03-07,15.87
St. Johns County,2020-03-07,16.43
St. Lucie County,2020-03-07,18.38
Santa Rosa County,2020-03-07,12.72
Sarasota County,2020-03-07,18.55
Seminole County,2020-03-07,16.73
Sumter County,2020-03-07,16.19
Suwannee County,2020-03-07,12.11
Taylor County,2020-03-07,12.81
Union County,2020-03-07,13.52
Volusia County,2020-03-07,16.57
Wakulla County,2020-03-07,13.75
Walton County,2020-03-07,12.47
Washington County,2020-03-07,12.93
Alachua County,2020-03-08,11.48
Baker County,2020-03-08,10.67
Bay County,2020-03-08,12.36
Bradford County,2020-03-08,11.09
Brevard County,2020-03-08,15.11
Broward County,2020-03-08,18.69
Calhoun County,2020-03-08,11.67
Charlotte County,2020-03-08,16.91
Citrus County,2020-03-08,13.56
Clay County,2020-03-08,11.58
Collier County,2020-03-08,17.82
Columbia County,2020-03-08,10.3
DeSoto County,2020-03-08,15.78
Dixie County,2020-03-08,11.58
Duval County,2020-03-08,11.4
Escambia County,2020-03-08,12.25
Flagler County,2020-03-08,12.92
Franklin County,2020-03-08,12.6
Gadsden County,2020-03-08,10.97
Gilchrist County,2020-03-08,11.22
Glades County,2020-03-08,16.87
Gulf County,2020-03-08,12.55
Hamilton County,2020-03-08,9.94
Hardee County,2020-03-08,15.07
Hendry County,2020-03-08,17.53
Hernando County,2020-03-08,14.06
Highlands County,2020-03-08,15.83
Hillsborough County,2020-03-08,15.01
Holmes County,2020-03-08,11.71
Indian River County,2020-03-08,15.54
Jackson County,2020-03-08,11.32
Jefferson County,2020-03-08,10.59
Lafayette County,2020-03-08,10.28
Lake County,2020-03-08,13.62
Lee County,2020-03-08,17.69
Leon County,2020-03-08,11.0
Levy County,2020-03-08,12.63
Liberty County,2020-03-08,11.79
Madison County,2020-03-08,9.94
Manatee County,2020-03-08,15.25
Marion County,2020-03-08,12.61
Martin County,2020-03-08,17.38
Miami-Dade County,2020-03-08,19.49
Monroe County,2020-03-08,19.72
Nassau County,2020-03-08,10.94
Okaloosa County,2020-03-08,11.55
Okeechobee County,2020-03-08,15.82
Orange County,2020-03-08,14.22
Osceola County,2020-03-08,14.72
Palm Beach County,2020-03-08,18.04
Pasco County,2020-03-08,14.32
Pinellas County,2020-03-08,15.69
Polk County,2020-03-08,14.62
Putnam County,2020-03-08,12.22
St. Johns County,2020-03-08,12.27
St. Lucie County,2020-03-08,16.5
Santa Rosa County,2020-03-08,11.85
Sarasota County,2020-03-08,15.66
Seminole County,2020-03-08,14.08
Sumter County,2020-03-08,13.43
Suwannee County,2020-03-08,9.97
Taylor County,2020-03-08,10.83
Union County,2020-03-08,10.65
Volusia County,2020-03-08,13.65
Wakulla County,2020-03-08,11.64
Walton County,2020-03-08,11.68
Washington County,2020-03-08,11.76
Alachua County,2020-03-09,13.52
Baker County,2020-03-09,12.75
Bay County,2020-03-09,15.21
Bradford County,2020-03-09,13.27
Brevard County,2020-03-09,18.88
Broward County,2020-03-09,20.6
Calhoun County,2020-03-09,14.31
Charlotte County,2020-03-09,17.54
Citrus County,2020-03-09,15.84
Clay County,2020-03-09,13.96
Collier County,2020-03-09,18.59
Columbia County,2020-03-09,12.57
DeSoto County,2020-03-09,16.8
Dixie County,2020-03-09,13.8
Duval County,2020-03-09,13.73
Escambia County,2020-03-09,14.76
Flagler County,2020-03-09,15.94
Franklin County,2020-03-09,15.17
Gadsden County,2020-03-09,14.02
Gilchrist County,2020-03-09,13.24
Glades County,2020-03-09,18.12
Gulf County,2020-03-09,15.16
Hamilton County,2020-03-09,12.65
Hardee County,2020-03-09,16.62
Hendry County,2020-03-09,18.51
Hernando County,2020-03-09,16.45
Highlands County,2020-03-09,17.69
Hillsborough County,2020-03-09,16.97
Holmes County,2020-03-09,14.15
Indian River County,2020-03-09,18.74
Jackson County,2020-03-09,13.95
Jefferson County,2020-03-09,13.94
Lafayette County,2020-03-09,12.98
Lake County,2020-03-09,16.52
Lee County,2020-03-09,18.13
Leon County,2020-03-09,14.19
Levy County,2020-03-09,14.49
Liberty County,2020-03-09,14.33
Madison County,2020-03-09,13.15
Manatee County,2020-03-09,16.33
Marion County,2020-03-09,15.0
Martin County,2020-03-09,19.97
Miami-Dade County,2020-03-09,20.86
Monroe County,2020-03-09,20.47
Nassau County,2020-03-09,13.02
Okaloosa County,2020-03-09,14.32
Okeechobee County,2020-03-09,18.42
Orange County,2020-03-09,17.63
Osceola County,2020-03-09,18.06
Palm Beach County,2020-03-09,20.36
Pasco County,2020-03-09,16.59
Pinellas County,2020-03-09,17.12
Polk County,2020-03-09,17.16
Putnam County,2020-03-09,14.81
St. Johns County,2020-03-09,15.03
St. Lucie County,2020-03-09,19.26
Santa Rosa County,2020-03-09,14.57
Sarasota County,2020-03-09,16.27
Seminole County,2020-03-09,17.5
Sumter County,2020-03-09,16.07
Suwannee County,2020-03-09,12.69
Taylor County,2020-03-09,13.86
Union County,2020-03-09,12.8
Volusia County,2020-03-09,16.92
Wakulla County,2020-03-09,14.62
Walton County,2020-03-09,14.46
Washington County,2020-03-09,14.39
Alachua County,2020-03-10,16.92
Baker County,2020-03-10,16.7
Bay County,2020-03-10,17.42
Bradford County,2020-03-10,17.07
Brevard County,2020-03-10,20.41
Broward County,2020-03-10,22.31
Calhoun County,2020-03-10,17.26
Charlotte County,2020-03-10,21.27
Citrus County,2020-03-10,18.11
Clay County,2020-03-10,17.88
Collier County,2020-03-10,21.45
Columbia County,2020-03-10,16.3
DeSoto County,2020-03-10,20.56
Dixie County,2020-03-10,16.57
Duval County,2020-03-10,17.89
Escambia County,2020-03-10,17.1
Flagler County,2020-03-10,18.89
Franklin County,2020-03-10,17.8
Gadsden County,2020-03-10,17.46
Gilchrist County,2020-03-10,16.4
Glades County,2020-03-10,21.16
Gulf County,2020-03-10,17.77
Hamilton County,2020-03-10,16.41
Hardee County,2020-03-10,20.03
Hendry County,2020-03-10,21.43
Hernando County,2020-03-10,18.76
Highlands County,2020-03-10,20.69
Hillsborough County,2020-03-10,19.8
Holmes County,2020-03-10,16.75
Indian River County,2020-03-10,20.65
Jackson County,2020-03-10,16.98
Jefferson County,2020-03-10,17.47
Lafayette County,2020-03-10,16.31
Lake County,2020-03-10,18.64
Lee County,2020-03-10,21.68
Leon County,2020-03-10,17.71
Levy County,2020-03-10,17.07
Liberty County,2020-03-10,17.49
Madison County,2020-03-10,16.8
Manatee County,2020-03-10,19.93
Marion County,2020-03-10,17.74
Martin County,2020-03-10,21.83
Miami-Dade County,2020-03-10,22.33
Monroe County,2020-03-10,22.15
Nassau County,2020-03-10,17.23
Okaloosa County,2020-03-10,16.49
Okeechobee County,2020-03-10,20.75
Orange County,2020-03-10,19.33
Osceola County,2020-03-10,19.91
Palm Beach County,2020-03-10,22.13
Pasco County,2020-03-10,19.1
Pinellas County,2020-03-10,19.93
Polk County,2020-03-10,19.62
Putnam County,2020-03-10,18.18
St. Johns County,2020-03-10,18.66
St. Lucie County,2020-03-10,21.26
Santa Rosa County,2020-03-10,16.71
Sarasota County,2020-03-10,20.1
Seminole County,2020-03-10,19.28
Sumter County,2020-03-10,18.33
Suwannee County,2020-03-10,16.25
Taylor County,2020-03-10,16.98
Union County,2020-03-10,16.56
Volusia County,2020-03-10,19.14
Wakulla County,2020-03-10,17.69
Walton County,2020-03-10,16.68
Washington County,2020-03-10,16.98
Alachua County,2020-03-11,18.91
Baker County,2020-03-11,18.18
Bay County,2020-03-11,19.92
Bradford County,2020-03-11,18.84
Brevard County,2020-03-11,20.5
Broward County,2020-03-11,22.64
Calhoun County,2020-03-11,19.6
Charlotte County,2020-03-11,21.77
Citrus County,2020-03-11,20.59
Clay County,2020-03-11,19.79
Collier County,2020-03-11,21.85
Columbia County,2020-03-11,17.66
DeSoto County,2020-03-11,20.62
Dixie County,2020-03-11,18.98
Duval County,2020-03-11,19.71
Escambia County,2020-03-11,19.76
Flagler County,2020-03-11,20.81
Franklin County,2020-03-11,20.27
Gadsden County,2020-03-11,19.88
Gilchrist County,2020-03-11,18.46
Glades County,2020-03-11,20.68
Gulf County,2020-03-11,20.17
Hamilton County,2020-03-11,17.56
Hardee County,2020-03-11,20.38
Hendry County,2020-03-11,21.28
Hernando County,2020-03-11,21.14
Highlands County,2020-03-11,20.19
Hillsborough County,2020-03-11,21.85
Holmes County,2020-03-11,19.19
Indian River County,2020-03-11,20.17
Jackson County,2020-03-11,19.49
Jefferson County,2020-03-11,19.64
Lafayette County,2020-03-11,18.17
Lake County,2020-03-11,20.64
Lee County,2020-03-11,22.33
Leon County,2020-03-11,20.04
Levy County,2020-03-11,19.61
Liberty County,2020-03-11,19.77
Madison County,2020-03-11,18.51
Manatee County,2020-03-11,21.49
Marion County,2020-03-11,19.96
Martin County,2020-03-11,21.89
Miami-Dade County,2020-03-11,22.3
Monroe County,2020-03-11,22.64
Nassau County,2020-03-11,18.9
Okaloosa County,2020-03-11,19.22
Okeechobee County,2020-03-11,20.09
Orange County,2020-03-11,20.76
Osceola County,2020-03-11,20.33
Palm Beach County,2020-03-11,22.38
Pasco County,2020-03-11,21.39
Pinellas County,2020-03-11,22.73
Polk County,2020-03-11,20.59
Putnam County,2020-03-11,20.28
St. Johns County,2020-03-11,20.64
St. Lucie County,2020-03-11,20.95
Santa Rosa County,2020-03-11,19.52
Sarasota County,2020-03-11,21.55
Seminole County,2020-03-11,20.83
Sumter County,2020-03-11,20.42
Suwannee County,2020-03-11,17.67
Taylor County,2020-03-11,19.15
Union County,2020-03-11,18.15
Volusia County,2020-03-11,20.74
Wakulla County,2020-03-11,20.06
Walton County,2020-03-11,19.25
Washington County,2020-03-11,19.41
Alachua County,2020-03-12,19.7
Baker County,2020-03-12,19.19
Bay County,2020-03-12,20.44
Bradford County,2020-03-12,19.76
Brevard County,2020-03-12,21.5
Broward County,2020-03-12,22.9
Calhoun County,2020-03-12,20.06
Charlotte County,2020-03-12,22.19
Citrus County,2020-03-12,20.54
Clay County,2020-03-12,20.48
Collier County,2020-03-12,22.25
Columbia County,2020-03-12,18.66
DeSoto County,2020-03-12,21.74
Dixie County,2020-03-12,18.82
Duval County,2020-03-12,20.12
Escambia County,2020-03-12,21.1
Flagler County,2020-03-12,21.4
Franklin County,2020-03-12,19.79
Gadsden County,2020-03-12,20.03
Gilchrist County,2020-03-12,19.03
Glades County,2020-03-12,21.97
Gulf County,2020-03-12,20.11
Hamilton County,2020-03-12,18.24
Hardee County,2020-03-12,21.75
Hendry County,2020-03-12,22.28
Hernando County,2020-03-12,21.17
Highlands County,2020-03-12,21.88
Hillsborough County,2020-03-12,21.9
Holmes County,2020-03-12,20.69
Indian River County,2020-03-12,21.33
Jackson County,2020-03-12,20.34
Jefferson County,2020-03-12,19.39
Lafayette County,2020-03-12,18.49
Lake County,2020-03-12,21.66
Lee County,2020-03-12,22.46
Leon County,2020-03-12,19.85
Levy County,2020-03-12,19.6
Liberty County,2020-03-12,19.87
Madison County,2020-03-12,18.66
Manatee County,2020-03-12,21.81
Marion County,2020-03-12,20.67
Martin County,2020-03-12,22.36
Miami-Dade County,2020-03-12,22.68
Monroe County,2020-03-12,22.82
Nassau County,2020-03-12,19.55
Okaloosa County,2020-03-12,20.84
Okeechobee County,2020-03-12,21.74
Orange County,2020-03-12,22.01
Osceola County,2020-03-12,21.93
Palm Beach County,2020-03-12,22.84
Pasco County,2020-03-12,21.52
Pinellas County,2020-03-12,21.9
Polk County,2020-03-12,21.97
Putnam County,2020-03-12,21.0
St. Johns County,2020-03-12,20.85
St. Lucie County,2020-03-12,21.7
Santa Rosa County,2020-03-12,20.97
Sarasota County,2020-03-12,21.65
Seminole County,2020-03-12,22.02
Sumter County,2020-03-12,21.13
Suwannee County,2020-03-12,18.33
Taylor County,2020-03-12,18.79
Union County,2020-03-12,19.19
Volusia County,2020-03-12,21.66
Wakulla County,2020-03-12,19.53
Walton County,2020-03-12,20.71
Washington County,2020-03-12,20.48
Alachua County,2020-03-13,19.93
Baker County,2020-03-13,19.9
Bay County,2020-03-13,21.51
Bradford County,2020-03-13,20.09
Brevard County,2020-03-13,21.41
Broward County,2020-03-13,23.6
Calhoun County,2020-03-13,22.08
Charlotte County,2020-03-13,22.6
Citrus County,2020-03-13,20.92
Clay County,2020-03-13,20.89
Collier County,2020-03-13,22.85
Columbia County,2020-03-13,19.35
DeSoto County,2020-03-13,22.23
Dixie County,2020-03-13,19.27
Duval County,2020-03-13,20.93
Escambia County,2020-03-13,21.48
Flagler County,2020-03-13,21.2
Franklin County,2020-03-13,21.05
Gadsden County,2020-03-13,21.58
Gilchrist County,2020-03-13,19.46
Glades County,2020-03-13,22.34
Gulf County,2020-03-13,21.64
Hamilton County,2020-03-13,19.35
Hardee County,2020-03-13,22.22
Hendry County,2020-03-13,22.74
Hernando County,2020-03-13,21.71
Highlands County,2020-03-13,22.2
Hillsborough County,2020-03-13,22.41
Holmes County,2020-03-13,22.23
Indian River County,2020-03-13,21.45
Jackson County,2020-03-13,22.27
Jefferson County,2020-03-13,20.28
Lafayette County,2020-03-13,19.18
Lake County,2020-03-13,22.06
Lee County,2020-03-13,22.89
Leon County,2020-03-13,21.06
Levy County,2020-03-13,19.89
Liberty County,2020-03-13,21.83
Madison County,2020-03-13,19.63
Manatee County,2020-03-13,22.29
Marion County,2020-03-13,20.92
Martin County,2020-03-13,22.65
Miami-Dade County,2020-03-13,23.7
Monroe County,2020-03-13,23.68
Nassau County,2020-03-13,20.62
Okaloosa County,2020-03-13,21.27
Okeechobee County,2020-03-13,21.9
Orange County,2020-03-13,22.29
Osceola County,2020-03-13,22.15
Palm Beach County,2020-03-13,23.33
Pasco County,2020-03-13,22.15
Pinellas County,2020-03-13,22.32
Polk County,2020-03-13,22.41
Putnam County,2020-03-13,21.13
St. Johns County,2020-03-13,20.95
St. Lucie County,2020-03-13,21.89
Santa Rosa County,2020-03-13,21.37
Sarasota County,2020-03-13,22.05
Seminole County,2020-03-13,22.21
Sumter County,2020-03-13,21.65
Suwannee County,2020-03-13,19.15
Taylor County,2020-03-13,19.48
Union County,2020-03-13,19.6
Volusia County,2020-03-13,21.51
Wakulla County,2020-03-13,20.76
Walton County,2020-03-13,21.45
Washington County,2020-03-13,22.12
Alachua County,2020-03-14,20.95
Baker County,2020-03-14,20.97
Bay County,2020-03-14,21.44
Bradford County,2020-03-14,21.14
Brevard County,2020-03-14,21.99
Broward County,2020-03-14,23.98
Calhoun County,2020-03-14,21.67
Charlotte County,2020-03-14,23.28
Citrus County,2020-03-14,21.73
Clay County,2020-03-14,21.93
Collier County,2020-03-14,23.47
Columbia County,2020-03-14,20.36
DeSoto County,2020-03-14,22.9
Dixie County,2020-03-14,19.99
Duval County,2020-03-14,21.96
Escambia County,2020-03-14,21.99
Flagler County,2020-03-14,22.13
Franklin County,2020-03-14,21.15
Gadsden County,2020-03-14,21.15
Gilchrist County,2020-03-14,20.34
Glades County,2020-03-14,22.98
Gulf County,2020-03-14,21.63
Hamilton County,2020-03-14,20.27
Hardee County,2020-03-14,22.75
Hendry County,2020-03-14,23.39
Hernando County,2020-03-14,22.39
Highlands County,2020-03-14,22.83
Hillsborough County,2020-03-14,22.87
Holmes County,2020-03-14,22.04
Indian River County,2020-03-14,21.9
Jackson County,2020-03-14,21.62
Jefferson County,2020-03-14,20.47
Lafayette County,2020-03-14,19.88
Lake County,2020-03-14,22.75
Lee County,2020-03-14,23.53
Leon County,2020-03-14,20.98
Levy County,2020-03-14,20.76
Liberty County,2020-03-14,21.65
Madison County,2020-03-14,20.11
Manatee County,2020-03-14,22.88
Marion County,2020-03-14,21.85
Martin County,2020-03-14,23.05
Miami-Dade County,2020-03-14,23.96
Monroe County,2020-03-14,24.05
Nassau County,2020-03-14,21.59
Okaloosa County,2020-03-14,21.53
Okeechobee County,2020-03-14,22.47
Orange County,2020-03-14,22.85
Osceola County,2020-03-14,22.64
Palm Beach County,2020-03-14,23.78
Pasco County,2020-03-14,22.71
Pinellas County,2020-03-14,22.64
Polk County,2020-03-14,22.83
Putnam County,2020-03-14,22.14
St. Johns County,2020-03-14,21.99
St. Lucie County,2020-03-14,22.29
Santa Rosa County,2020-03-14,21.74
Sarasota County,2020-03-14,22.75
Seminole County,2020-03-14,22.84
Sumter County,2020-03-14,22.46
Suwannee County,2020-03-14,19.99
Taylor County,2020-03-14,19.98
Union County,2020-03-14,20.65
Volusia County,2020-03-14,22.3
Wakulla County,2020-03-14,20.87
Walton County,2020-03-14,21.53
Washington County,2020-03-14,21.84
Alachua County,2020-03-15,21.88
Baker County,2020-03-15,22.28
Bay County,2020-03-15,21.75
Bradford County,2020-03-15,22.27
Brevard County,2020-03-15,22.72
Broward County,2020-03-15,24.99
Calhoun County,2020-03-15,22.12
Charlotte County,2020-03-15,24.0
Citrus County,2020-03-15,22.04
Clay County,2020-03-15,22.9
Collier County,2020-03-15,24.32
Columbia County,2020-03-15,21.7
DeSoto County,2020-03-15,23.58
Dixie County,2020-03-15,20.79
Duval County,2020-03-15,22.81
Escambia County,2020-03-15,21.41
Flagler County,2020-03-15,22.73
Franklin County,2020-03-15,21.97
Gadsden County,2020-03-15,22.11
Gilchrist County,2020-03-15,21.23
Glades County,2020-03-15,23.96
Gulf County,2020-03-15,22.09
Hamilton County,2020-03-15,21.74
Hardee County,2020-03-15,23.46
Hendry County,2020-03-15,24.33
Hernando County,2020-03-15,22.63
Highlands County,2020-03-15,23.8
Hillsborough County,2020-03-15,23.33
Holmes County,2020-03-15,21.98
Indian River County,2020-03-15,22.85
Jackson County,2020-03-15,22.02
Jefferson County,2020-03-15,21.65
Lafayette County,2020-03-15,20.9
Lake County,2020-03-15,23.17
Lee County,2020-03-15,24.4
Leon County,2020-03-15,22.02
Levy County,2020-03-15,21.36
Liberty County,2020-03-15,22.31
Madison County,2020-03-15,21.4
Manatee County,2020-03-15,23.31
Marion County,2020-03-15,22.39
Martin County,2020-03-15,24.07
Miami-Dade County,2020-03-15,24.65
Monroe County,2020-03-15,24.77
Nassau County,2020-03-15,22.59
Okaloosa County,2020-03-15,21.15
Okeechobee County,2020-03-15,23.46
Orange County,2020-03-15,23.38
Osceola County,2020-03-15,23.4
Palm Beach County,2020-03-15,24.8
Pasco County,2020-03-15,22.99
Pinellas County,2020-03-15,23.29
Polk County,2020-03-15,23.5
Putnam County,2020-03-15,22.91
St. Johns County,2020-03-15,22.71
St. Lucie County,2020-03-15,23.29
Santa Rosa County,2020-03-15,21.21
Sarasota County,2020-03-15,23.16
Seminole County,2020-03-15,23.33
Sumter County,2020-03-15,22.69
Suwannee County,2020-03-15,21.24
Taylor County,2020-03-15,21.04
Union County,2020-03-15,21.86
Volusia County,2020-03-15,22.81
Wakulla County,2020-03-15,21.84
Walton County,2020-03-15,21.38
Washington County,2020-03-15,21.84
Alachua County,2020-03-16,22.34
Baker County,2020-03-16,22.39
Bay County,2020-03-16,22.36
Bradford County,2020-03-16,22.45
Brevard County,2020-03-16,23.34
Broward County,2020-03-16,24.51
Calhoun County,2020-03-16,22.13
Charlotte County,2020-03-16,23.72
Citrus County,2020-03-16,23.11
Clay County,2020-03-16,23.03
Collier County,2020-03-16,23.8
Columbia County,2020-03-16,22.01
DeSoto County,2020-03-16,23.31
Dixie County,2020-03-16,21.78
Duval County,2020-03-16,22.69
Escambia County,2020-03-16,22.75
Flagler County,2020-03-16,23.41
Franklin County,2020-03-16,22.23
Gadsden County,2020-03-16,22.04
Gilchrist County,2020-03-16,21.91
Glades County,2020-03-16,23.6
Gulf County,2020-03-16,22.35
Hamilton County,2020-03-16,22.25
Hardee County,2020-03-16,23.42
Hendry County,2020-03-16,23.82
Hernando County,2020-03-16,23.73
Highlands County,2020-03-16,23.53
Hillsborough County,2020-03-16,24.08
Holmes County,2020-03-16,22.56
Indian River County,2020-03-16,22.9
Jackson County,2020-03-16,22.31
Jefferson County,2020-03-16,22.23
Lafayette County,2020-03-16,21.84
Lake County,2020-03-16,23.94
Lee County,2020-03-16,24.06
Leon County,2020-03-16,22.27
Levy County,2020-03-16,22.23
Liberty County,2020-03-16,22.13
Madison County,2020-03-16,22.13
Manatee County,2020-03-16,23.39
Marion County,2020-03-16,23.09
Martin County,2020-03-16,23.92
Miami-Dade County,2020-03-16,24.42
Monroe County,2020-03-16,24.51
Nassau County,2020-03-16,22.52
Okaloosa County,2020-03-16,22.34
Okeechobee County,2020-03-16,23.24
Orange County,2020-03-16,24.11
Osceola County,2020-03-16,23.79
Palm Beach County,2020-03-16,24.42
Pasco County,2020-03-16,24.0
Pinellas County,2020-03-16,24.29
Polk County,2020-03-16,23.91
Putnam County,2020-03-16,23.37
St. Johns County,2020-03-16,22.96
St. Lucie County,2020-03-16,23.18
Santa Rosa County,2020-03-16,22.58
Sarasota County,2020-03-16,23.0
Seminole County,2020-03-16,24.12
Sumter County,2020-03-16,23.57
Suwannee County,2020-03-16,21.93
Taylor County,2020-03-16,22.0
Union County,2020-03-16,22.08
Volusia County,2020-03-16,23.63
Wakulla County,2020-03-16,22.16
Walton County,2020-03-16,22.27
Washington County,2020-03-16,22.36
Alachua County,2020-03-17,22.66
Baker County,2020-03-17,21.32
Bay County,2020-03-17,22.4
Bradford County,2020-03-17,22.11
Brevard County,2020-03-17,22.78
Broward County,2020-03-17,24.45
Calhoun County,2020-03-17,21.98
Charlotte County,2020-03-17,24.04
Citrus County,2020-03-17,23.79
Clay County,2020-03-17,22.14
Collier County,2020-03-17,23.95
Columbia County,2020-03-17,21.64
DeSoto County,2020-03-17,23.17
Dixie County,2020-03-17,23.09
Duval County,2020-03-17,21.27
Escambia County,2020-03-17,21.73
Flagler County,2020-03-17,22.37
Franklin County,2020-03-17,22.83
Gadsden County,2020-03-17,22.31
Gilchrist County,2020-03-17,22.75
Glades County,2020-03-17,23.44
Gulf County,2020-03-17,22.44
Hamilton County,2020-03-17,21.51
Hardee County,2020-03-17,22.93
Hendry County,2020-03-17,23.76
Hernando County,2020-03-17,23.94
Highlands County,2020-03-17,23.09
Hillsborough County,2020-03-17,23.99
Holmes County,2020-03-17,22.46
Indian River County,2020-03-17,22.43
Jackson County,2020-03-17,22.24
Jefferson County,2020-03-17,22.83
Lafayette County,2020-03-17,22.4
Lake County,2020-03-17,22.99
Lee County,2020-03-17,24.59
Leon County,2020-03-17,22.83
Levy County,2020-03-17,23.49
Liberty County,2020-03-17,22.14
Madison County,2020-03-17,22.2
Manatee County,2020-03-17,23.26
Marion County,2020-03-17,22.96
Martin County,2020-03-17,23.81
Miami-Dade County,2020-03-17,24.25
Monroe County,2020-03-17,24.6
Nassau County,2020-03-17,20.43
Okaloosa County,2020-03-17,21.76
Okeechobee County,2020-03-17,22.76
Orange County,2020-03-17,22.9
Osceola County,2020-03-17,22.77
Palm Beach County,2020-03-17,24.33
Pasco County,2020-03-17,23.89
Pinellas County,2020-03-17,24.71
Polk County,2020-03-17,23.08
Putnam County,2020-03-17,22.6
St. Johns County,2020-03-17,22.03
St. Lucie County,2020-03-17,22.95
Santa Rosa County,2020-03-17,21.75
Sarasota County,2020-03-17,23.15
Seminole County,2020-03-17,22.85
Sumter County,2020-03-17,23.23
Suwannee County,2020-03-17,21.95
Taylor County,2020-03-17,22.96
Union County,2020-03-17,21.92
Volusia County,2020-03-17,22.61
Wakulla County,2020-03-17,22.97
Walton County,2020-03-17,22.05
Washington County,2020-03-17,22.17
Alachua County,2020-03-18,22.56
Baker County,2020-03-18,22.55
Bay County,2020-03-18,22.7
Bradford County,2020-03-18,22.71
Brevard County,2020-03-18,23.11
Broward County,2020-03-18,24.92
Calhoun County,2020-03-18,22.25
Charlotte County,2020-03-18,23.54
Citrus County,2020-03-18,23.57
Clay County,2020-03-18,23.39
Collier County,2020-03-18,23.75
Columbia County,2020-03-18,22.03
DeSoto County,2020-03-18,23.13
Dixie County,2020-03-18,21.87
Duval County,2020-03-18,23.36
Escambia County,2020-03-18,22.04
Flagler County,2020-03-18,23.48
Franklin County,2020-03-18,22.21
Gadsden County,2020-03-18,22.19
Gilchrist County,2020-03-18,22.0
Glades County,2020-03-18,23.5
Gulf County,2020-03-18,22.37
Hamilton County,2020-03-18,22.05
Hardee County,2020-03-18,23.22
Hendry County,2020-03-18,23.74
Hernando County,2020-03-18,24.04
Highlands County,2020-03-18,23.36
Hillsborough County,2020-03-18,24.04
Holmes County,2020-03-18,22.85
Indian River County,2020-03-18,22.73
Jackson County,2020-03-18,22.59
Jefferson County,2020-03-18,22.25
Lafayette County,2020-03-18,21.64
Lake County,2020-03-18,23.99
Lee County,2020-03-18,23.89
Leon County,2020-03-18,22.32
Levy County,2020-03-18,22.59
Liberty County,2020-03-18,22.03
Madison County,2020-03-18,21.95
Manatee County,2020-03-18,23.07
Marion County,2020-03-18,23.34
Martin County,2020-03-18,24.19
Miami-Dade County,2020-03-18,24.78
Monroe County,2020-03-18,24.78
Nassau County,2020-03-18,23.01
Okaloosa County,2020-03-18,22.21
Okeechobee County,2020-03-18,23.05
Orange County,2020-03-18,23.85
Osceola County,2020-03-18,23.41
Palm Beach County,2020-03-18,24.81
Pasco County,2020-03-18,24.11
Pinellas County,2020-03-18,24.04
Polk County,2020-03-18,23.78
Putnam County,2020-03-18,23.54
St. Johns County,2020-03-18,23.5
St. Lucie County,2020-03-18,23.27
Santa Rosa County,2020-03-18,22.07
Sarasota County,2020-03-18,22.61
Seminole County,2020-03-18,23.8
Sumter County,2020-03-18,23.9
Suwannee County,2020-03-18,21.75
Taylor County,2020-03-18,21.92
Union County,2020-03-18,22.25
Volusia County,2020-03-18,23.48
Wakulla County,2020-03-18,22.17
Walton County,2020-03-18,22.53
Washington County,2020-03-18,22.7
Alachua County,2020-03-19,23.22
Baker County,2020-03-19,22.92
Bay County,2020-03-19,22.82
Bradford County,2020-03-19,23.04
Brevard County,2020-03-19,23.42
Broward County,2020-03-19,24.55
Calhoun County,2020-03-19,22.62
Charlotte County,2020-03-19,23.87
Citrus County,2020-03-19,24.23
Clay County,2020-03-19,23.13
Collier County,2020-03-19,23.74
Columbia County,2020-03-19,22.89
DeSoto County,2020-03-19,23.25
Dixie County,2020-03-19,23.2
Duval County,2020-03-19,22.7
Escambia County,2020-03-19,23.14
Flagler County,2020-03-19,22.73
Franklin County,2020-03-19,23.28
Gadsden County,2020-03-19,22.75
Gilchrist County,2020-03-19,23.16
Glades County,2020-03-19,23.65
Gulf County,2020-03-19,23.07
Hamilton County,2020-03-19,22.93
Hardee County,2020-03-19,23.3
Hendry County,2020-03-19,23.68
Hernando County,2020-03-19,24.57
Highlands County,2020-03-19,23.59
Hillsborough County,2020-03-19,24.46
Holmes County,2020-03-19,22.48
Indian River County,2020-03-19,23.32
Jackson County,2020-03-19,22.41
Jefferson County,2020-03-19,23.17
Lafayette County,2020-03-19,22.88
Lake County,2020-03-19,23.78
Lee County,2020-03-19,24.27
Leon County,2020-03-19,23.12
Levy County,2020-03-19,23.64
Liberty County,2020-03-19,22.9
Madison County,2020-03-19,22.95
Manatee County,2020-03-19,23.48
Marion County,2020-03-19,23.53
Martin County,2020-03-19,24.43
Miami-Dade County,2020-03-19,24.53
Monroe County,2020-03-19,24.93
Nassau County,2020-03-19,22.55
Okaloosa County,2020-03-19,22.59
Okeechobee County,2020-03-19,23.46
Orange County,2020-03-19,23.64
Osceola County,2020-03-19,23.55
Palm Beach County,2020-03-19,24.61
Pasco County,2020-03-19,24.57
Pinellas County,2020-03-19,25.16
Polk County,2020-03-19,23.78
Putnam County,2020-03-19,23.22
St. Johns County,2020-03-19,22.67
St. Lucie County,2020-03-19,23.79
Santa Rosa County,2020-03-19,22.89
Sarasota County,2020-03-19,23.13
Seminole County,2020-03-19,23.45
Sumter County,2020-03-19,24.03
Suwannee County,2020-03-19,22.84
Taylor County,2020-03-19,23.13
Union County,2020-03-19,22.92
Volusia County,2020-03-19,22.97
Wakulla County,2020-03-19,23.17
Walton County,2020-03-19,22.49
Washington County,2020-03-19,22.49
Alachua County,2020-03-20,23.0
Baker County,2020-03-20,23.11
Bay County,2020-03-20,23.61
Bradford County,2020-03-20,23.06
Brevard County,2020-03-20,23.96
Broward County,2020-03-20,25.43
Calhoun County,2020-03-20,23.39
Charlotte County,2020-03-20,24.48
Citrus County,2020-03-20,23.91
Clay County,2020-03-20,23.43
Collier County,2020-03-20,24.47
Columbia County,2020-03-20,22.79
DeSoto County,2020-03-20,23.9
Dixie County,2020-03-20,22.77
Duval County,2020-03-20,23.46
Escambia County,2020-03-20,24.49
Flagler County,2020-03-20,23.16
Franklin County,2020-03-20,23.46
Gadsden County,2020-03-20,22.89
Gilchrist County,2020-03-20,22.8
Glades County,2020-03-20,24.44
Gulf County,2020-03-20,23.65
Hamilton County,2020-03-20,22.79
Hardee County,2020-03-20,23.78
Hendry County,2020-03-20,24.57
Hernando County,2020-03-20,24.34
Highlands County,2020-03-20,24.19
Hillsborough County,2020-03-20,24.55
Holmes County,2020-03-20,23.72
Indian River County,2020-03-20,23.9
Jackson County,2020-03-20,23.31
Jefferson County,2020-03-20,22.76
Lafayette County,2020-03-20,22.47
Lake County,2020-03-20,23.78
Lee County,2020-03-20,24.81
Leon County,2020-03-20,22.95
Levy County,2020-03-20,23.27
Liberty County,2020-03-20,23.35
Madison County,2020-03-20,22.56
Manatee County,2020-03-20,23.9
Marion County,2020-03-20,23.36
Martin County,2020-03-20,25.02
Miami-Dade County,2020-03-20,25.35
Monroe County,2020-03-20,25.26
Nassau County,2020-03-20,23.4
Okaloosa County,2020-03-20,23.76
Okeechobee County,2020-03-20,24.09
Orange County,2020-03-20,23.93
Osceola County,2020-03-20,23.99
Palm Beach County,2020-03-20,25.35
Pasco County,2020-03-20,24.46
Pinellas County,2020-03-20,25.06
Polk County,2020-03-20,24.03
Putnam County,2020-03-20,23.38
St. Johns County,2020-03-20,23.26
St. Lucie County,2020-03-20,24.37
Santa Rosa County,2020-03-20,24.17
Sarasota County,2020-03-20,23.66
Seminole County,2020-03-20,23.8
Sumter County,2020-03-20,23.84
Suwannee County,2020-03-20,22.54
Taylor County,2020-03-20,22.68
Union County,2020-03-20,22.84
Volusia County,2020-03-20,23.36
Wakulla County,2020-03-20,23.09
Walton County,2020-03-20,23.6
Washington County,2020-03-20,23.61
Alachua County,2020-03-21,22.98
Baker County,2020-03-21,23.2
Bay County,2020-03-21,23.95
Bradford County,2020-03-21,23.32
Brevard County,2020-03-21,23.59
Broward County,2020-03-21,25.39
Calhoun County,2020-03-21,23.79
Charlotte County,2020-03-21,23.7
Citrus County,2020-03-21,23.61
Clay County,2020-03-21,24.1
Collier County,2020-03-21,24.25
Columbia County,2020-03-21,22.4
DeSoto County,2020-03-21,23.14
Dixie County,2020-03-21,21.8
Duval County,2020-03-21,24.3
Escambia County,2020-03-21,24.25
Flagler County,2020-03-21,24.02
Franklin County,2020-03-21,23.67
Gadsden County,2020-03-21,23.36
Gilchrist County,2020-03-21,22.11
Glades County,2020-03-21,23.59
Gulf County,2020-03-21,23.94
Hamilton County,2020-03-21,22.23
Hardee County,2020-03-21,23.21
Hendry County,2020-03-21,24.08
Hernando County,2020-03-21,24.09
Highlands County,2020-03-21,23.37
Hillsborough County,2020-03-21,24.16
Holmes County,2020-03-21,24.12
Indian River County,2020-03-21,23.11
Jackson County,2020-03-21,23.71
Jefferson County,2020-03-21,22.6
Lafayette County,2020-03-21,21.47
Lake County,2020-03-21,24.19
Lee County,2020-03-21,24.2
Leon County,2020-03-21,23.25
Levy County,2020-03-21,22.69
Liberty County,2020-03-21,23.8
Madison County,2020-03-21,21.96
Manatee County,2020-03-21,23.37
Marion County,2020-03-21,23.63
Martin County,2020-03-21,24.25
Miami-Dade County,2020-03-21,25.05
Monroe County,2020-03-21,24.91
Nassau County,2020-03-21,24.08
Okaloosa County,2020-03-21,23.91
Okeechobee County,2020-03-21,23.25
Orange County,2020-03-21,24.21
Osceola County,2020-03-21,23.76
Palm Beach County,2020-03-21,25.01
Pasco County,2020-03-21,24.22
Pinellas County,2020-03-21,24.54
Polk County,2020-03-21,23.83
Putnam County,2020-03-21,24.09
St. Johns County,2020-03-21,24.18
St. Lucie County,2020-03-21,23.49
Santa Rosa County,2020-03-21,24.13
Sarasota County,2020-03-21,23.02
Seminole County,2020-03-21,24.25
Sumter County,2020-03-21,23.95
Suwannee County,2020-03-21,21.72
Taylor County,2020-03-21,21.92
Union County,2020-03-21,22.77
Volusia County,2020-03-21,23.96
Wakulla County,2020-03-21,23.27
Walton County,2020-03-21,23.88
Washington County,2020-03-21,23.99
Alachua County,2020-03-22,22.93
Baker County,2020-03-22,22.78
Bay County,2020-03-22,22.86
Bradford County,2020-03-22,23.03
Brevard County,2020-03-22,24.14
Broward County,2020-03-22,24.81
Calhoun County,2020-03-22,22.95
Charlotte County,2020-03-22,24.23
Citrus County,2020-03-22,24.0
Clay County,2020-03-22,23.82
Collier County,2020-03-22,24.23
Columbia County,2020-03-22,22.33
DeSoto County,2020-03-22,23.69
Dixie County,2020-03-22,22.77
Duval County,2020-03-22,24.02
Escambia County,2020-03-22,20.71
Flagler County,2020-03-22,24.42
Franklin County,2020-03-22,24.02
Gadsden County,2020-03-22,23.08
Gilchrist County,2020-03-22,22.54
Glades County,2020-03-22,24.04
Gulf County,2020-03-22,23.65
Hamilton County,2020-03-22,22.26
Hardee County,2020-03-22,23.71
Hendry County,2020-03-22,24.13
Hernando County,2020-03-22,24.39
Highlands County,2020-03-22,24.01
Hillsborough County,2020-03-22,24.45
Holmes County,2020-03-22,21.75
Indian River County,2020-03-22,23.43
Jackson County,2020-03-22,22.38
Jefferson County,2020-03-22,23.07
Lafayette County,2020-03-22,22.37
Lake County,2020-03-22,24.42
Lee County,2020-03-22,24.65
Leon County,2020-03-22,23.4
Levy County,2020-03-22,23.19
Liberty County,2020-03-22,23.53
Madison County,2020-03-22,22.46
Manatee County,2020-03-22,23.54
Marion County,2020-03-22,23.71
Martin County,2020-03-22,24.19
Miami-Dade County,2020-03-22,24.81
Monroe County,2020-03-22,25.23
Nassau County,2020-03-22,23.61
Okaloosa County,2020-03-22,20.93
Okeechobee County,2020-03-22,23.66
Orange County,2020-03-22,24.55
Osceola County,2020-03-22,24.19
Palm Beach County,2020-03-22,24.62
Pasco County,2020-03-22,24.42
Pinellas County,2020-03-22,24.75
Polk County,2020-03-22,24.26
Putnam County,2020-03-22,24.05
St. Johns County,2020-03-22,24.4
St. Lucie County,2020-03-22,23.62
Santa Rosa County,2020-03-22,20.74
Sarasota County,2020-03-22,23.23
Seminole County,2020-03-22,24.62
Sumter County,2020-03-22,24.14
Suwannee County,2020-03-22,22.23
Taylor County,2020-03-22,23.01
Union County,2020-03-22,22.58
Volusia County,2020-03-22,24.46
Wakulla County,2020-03-22,23.8
Walton County,2020-03-22,21.48
Washington County,2020-03-22,22.14
Alachua County,2020-03-23,23.01
Baker County,2020-03-23,22.66
Bay County,2020-03-23,21.97
Bradford County,2020-03-23,22.98
Brevard County,2020-03-23,24.04
Broward County,2020-03-23,24.78
Calhoun County,2020-03-23,21.54
Charlotte County,2020-03-23,24.57
Citrus County,2020-03-23,23.93
Clay County,2020-03-23,23.45
Collier County,2020-03-23,24.11
Columbia County,2020-03-23,22.58
DeSoto County,2020-03-23,24.09
Dixie County,2020-03-23,22.83
Duval County,2020-03-23,23.02
Escambia County,2020-03-23,21.07
Flagler County,2020-03-23,24.09
Franklin County,2020-03-23,22.43
Gadsden County,2020-03-23,21.57
Gilchrist County,2020-03-23,22.79
Glades County,2020-03-23,24.09
Gulf County,2020-03-23,22.25
Hamilton County,2020-03-23,22.67
Hardee County,2020-03-23,24.21
Hendry County,2020-03-23,24.14
Hernando County,2020-03-23,24.42
Highlands County,2020-03-23,24.2
Hillsborough County,2020-03-23,24.85
Holmes County,2020-03-23,21.25
Indian River County,2020-03-23,23.35
Jackson County,2020-03-23,21.23
Jefferson County,2020-03-23,22.53
Lafayette County,2020-03-23,22.7
Lake County,2020-03-23,24.48
Lee County,2020-03-23,24.78
Leon County,2020-03-23,22.17
Levy County,2020-03-23,23.19
Liberty County,2020-03-23,21.77
Madison County,2020-03-23,22.63
Manatee County,2020-03-23,24.3
Marion County,2020-03-23,23.69
Martin County,2020-03-23,24.07
Miami-Dade County,2020-03-23,24.62
Monroe County,2020-03-23,24.8
Nassau County,2020-03-23,22.37
Okaloosa County,2020-03-23,20.95
Okeechobee County,2020-03-23,23.71
Orange County,2020-03-23,24.64
Osceola County,2020-03-23,24.34
Palm Beach County,2020-03-23,24.6
Pasco County,2020-03-23,24.62
Pinellas County,2020-03-23,25.1
Polk County,2020-03-23,24.63
Putnam County,2020-03-23,23.85
St. Johns County,2020-03-23,23.74
St. Lucie County,2020-03-23,23.49
Santa Rosa County,2020-03-23,20.97
Sarasota County,2020-03-23,24.03
Seminole County,2020-03-23,24.61
Sumter County,2020-03-23,24.17
Suwannee County,2020-03-23,22.68
Taylor County,2020-03-23,22.79
Union County,2020-03-23,22.68
Volusia County,2020-03-23,24.3
Wakulla County,2020-03-23,22.26
Walton County,2020-03-23,21.21
Washington County,2020-03-23,21.51
Alachua County,2020-03-24,23.29
Baker County,2020-03-24,22.85
Bay County,2020-03-24,22.74
Bradford County,2020-03-24,23.36
Brevard County,2020-03-24,24.56
Broward County,2020-03-24,24.86
Calhoun County,2020-03-24,21.9
Charlotte County,2020-03-24,24.1
Citrus County,2020-03-24,23.95
Clay County,2020-03-24,23.97
Collier County,2020-03-24,24.25
Columbia County,2020-03-24,22.51
DeSoto County,2020-03-24,23.86
Dixie County,2020-03-24,22.33
Duval County,2020-03-24,23.55
Escambia County,2020-03-24,24.2
Flagler County,2020-03-24,24.68
Franklin County,2020-03-24,22.03
Gadsden County,2020-03-24,22.07
Gilchrist County,2020-03-24,22.55
Glades County,2020-03-24,24.51
Gulf County,2020-03-24,22.15
Hamilton County,2020-03-24,22.57
Hardee County,2020-03-24,24.02
Hendry County,2020-03-24,24.44
Hernando County,2020-03-24,24.3
Highlands County,2020-03-24,24.65
Hillsborough County,2020-03-24,24.23
Holmes County,2020-03-24,22.85
Indian River County,2020-03-24,23.96
Jackson County,2020-03-24,22.22
Jefferson County,2020-03-24,22.87
Lafayette County,2020-03-24,22.26
Lake County,2020-03-24,25.0
Lee County,2020-03-24,24.48
Leon County,2020-03-24,22.52
Levy County,2020-03-24,23.04
Liberty County,2020-03-24,21.69
Madison County,2020-03-24,22.66
Manatee County,2020-03-24,23.1
Marion County,2020-03-24,24.14
Martin County,2020-03-24,24.33
Miami-Dade County,2020-03-24,24.86
Monroe County,2020-03-24,25.02
Nassau County,2020-03-24,22.84
Okaloosa County,2020-03-24,23.51
Okeechobee County,2020-03-24,24.29
Orange County,2020-03-24,25.26
Osceola County,2020-03-24,24.95
Palm Beach County,2020-03-24,24.67
Pasco County,2020-03-24,24.29
Pinellas County,2020-03-24,23.81
Polk County,2020-03-24,24.82
Putnam County,2020-03-24,24.44
St. Johns County,2020-03-24,24.25
St. Lucie County,2020-03-24,23.97
Santa Rosa County,2020-03-24,24.05
Sarasota County,2020-03-24,22.58
Seminole County,2020-03-24,25.3
Sumter County,2020-03-24,24.47
Suwannee County,2020-03-24,22.38
Taylor County,2020-03-24,22.52
Union County,2020-03-24,22.84
Volusia County,2020-03-24,24.91
Wakulla County,2020-03-24,22.21
Walton County,2020-03-24,23.11
Washington County,2020-03-24,22.62
Alachua County,2020-03-25,22.8
Baker County,2020-03-25,23.21
Bay County,2020-03-25,24.49
Bradford County,2020-03-25,23.23
Brevard County,2020-03-25,25.08
Broward County,2020-03-25,24.98
Calhoun County,2020-03-25,24.29
Charlotte County,2020-03-25,23.83
Citrus County,2020-03-25,23.68
Clay County,2020-03-25,24.11
Collier County,2020-03-25,24.07
Columbia County,2020-03-25,22.58
DeSoto County,2020-03-25,23.84
Dixie County,2020-03-25,21.84
Duval County,2020-03-25,24.27
Escambia County,2020-03-25,24.39
Flagler County,2020-03-25,24.58
Franklin County,2020-03-25,23.99
Gadsden County,2020-03-25,24.06
Gilchrist County,2020-03-25,22.04
Glades County,2020-03-25,24.86
Gulf County,2020-03-25,24.28
Hamilton County,2020-03-25,22.78
Hardee County,2020-03-25,24.21
Hendry County,2020-03-25,24.59
Hernando County,2020-03-25,24.27
Highlands County,2020-03-25,25.19
Hillsborough County,2020-03-25,24.31
Holmes County,2020-03-25,24.46
Indian River County,2020-03-25,24.79
Jackson County,2020-03-25,24.4
Jefferson County,2020-03-25,23.31
Lafayette County,2020-03-25,21.89
Lake County,2020-03-25,24.9
Lee County,2020-03-25,24.19
Leon County,2020-03-25,23.83
Levy County,2020-03-25,22.46
Liberty County,2020-03-25,24.13
Madison County,2020-03-25,22.72
Manatee County,2020-03-25,22.94
Marion County,2020-03-25,23.77
Martin County,2020-03-25,25.05
Miami-Dade County,2020-03-25,24.56
Monroe County,2020-03-25,24.62
Nassau County,2020-03-25,23.88
Okaloosa County,2020-03-25,24.25
Okeechobee County,2020-03-25,25.1
Orange County,2020-03-25,25.28
Osceola County,2020-03-25,25.38
Palm Beach County,2020-03-25,25.15
Pasco County,2020-03-25,24.37
Pinellas County,2020-03-25,24.11
Polk County,2020-03-25,25.05
Putnam County,2020-03-25,24.26
St. Johns County,2020-03-25,24.5
St. Lucie County,2020-03-25,24.79
Santa Rosa County,2020-03-25,24.44
Sarasota County,2020-03-25,22.14
Seminole County,2020-03-25,25.22
Sumter County,2020-03-25,24.41
Suwannee County,2020-03-25,22.22
Taylor County,2020-03-25,22.46
Union County,2020-03-25,22.74
Volusia County,2020-03-25,24.77
Wakulla County,2020-03-25,23.7
Walton County,2020-03-25,24.23
Washington County,2020-03-25,24.37
Alachua County,2020-03-26,24.26
Baker County,2020-03-26,24.45
Bay County,2020-03-26,23.91
Bradford County,2020-03-26,24.75
Brevard County,2020-03-26,25.92
Broward County,2020-03-26,25.78
Calhoun County,2020-03-26,23.6
Charlotte County,2020-03-26,25.14
Citrus County,2020-03-26,24.6
Clay County,2020-03-26,25.71
Collier County,2020-03-26,24.54
Columbia County,2020-03-26,23.68
DeSoto County,2020-03-26,24.71
Dixie County,2020-03-26,23.45
Duval County,2020-03-26,26.17
Escambia County,2020-03-26,24.13
Flagler County,2020-03-26,25.83
Franklin County,2020-03-26,24.27
Gadsden County,2020-03-26,23.7
Gilchrist County,2020-03-26,23.5
Glades County,2020-03-26,25.01
Gulf County,2020-03-26,24.13
Hamilton County,2020-03-26,23.42
Hardee County,2020-03-26,24.77
Hendry County,2020-03-26,24.87
Hernando County,2020-03-26,24.97
Highlands County,2020-03-26,25.21
Hillsborough County,2020-03-26,25.31
Holmes County,2020-03-26,23.38
Indian River County,2020-03-26,25.34
Jackson County,2020-03-26,23.45
Jefferson County,2020-03-26,23.8
Lafayette County,2020-03-26,23.19
Lake County,2020-03-26,25.13
Lee County,2020-03-26,25.31
Leon County,2020-03-26,24.0
Levy County,2020-03-26,23.96
Liberty County,2020-03-26,23.83
Madison County,2020-03-26,23.34
Manatee County,2020-03-26,24.6
Marion County,2020-03-26,24.62
Martin County,2020-03-26,25.79
Miami-Dade County,2020-03-26,25.25
Monroe County,2020-03-26,24.84
Nassau County,2020-03-26,25.48
Okaloosa County,2020-03-26,23.48
Okeechobee County,2020-03-26,25.16
Orange County,2020-03-26,25.63
Osceola County,2020-03-26,25.6
Palm Beach County,2020-03-26,25.91
Pasco County,2020-03-26,25.09
Pinellas County,2020-03-26,25.67
Polk County,2020-03-26,25.23
Putnam County,2020-03-26,25.5
St. Johns County,2020-03-26,26.29
St. Lucie County,2020-03-26,25.41
Santa Rosa County,2020-03-26,23.79
Sarasota County,2020-03-26,24.31
Seminole County,2020-03-26,25.71
Sumter County,2020-03-26,24.66
Suwannee County,2020-03-26,23.27
Taylor County,2020-03-26,23.66
Union County,2020-03-26,24.14
Volusia County,2020-03-26,25.66
Wakulla County,2020-03-26,24.18
Walton County,2020-03-26,23.45
Washington County,2020-03-26,23.5
Alachua County,2020-03-27,24.32
Baker County,2020-03-27,23.87
Bay County,2020-03-27,24.18
Bradford County,2020-03-27,24.29
Brevard County,2020-03-27,24.51
Broward County,2020-03-27,25.55
Calhoun County,2020-03-27,23.93
Charlotte County,2020-03-27,25.05
Citrus County,2020-03-27,24.88
Clay County,2020-03-27,24.6
Collier County,2020-03-27,24.88
Columbia County,2020-03-27,23.78
DeSoto County,2020-03-27,25.08
Dixie County,2020-03-27,23.95
Duval County,2020-03-27,23.88
Escambia County,2020-03-27,23.87
Flagler County,2020-03-27,24.43
Franklin County,2020-03-27,24.33
Gadsden County,2020-03-27,24.0
Gilchrist County,2020-03-27,24.04
Glades County,2020-03-27,25.48
Gulf County,2020-03-27,24.35
Hamilton County,2020-03-27,23.81
Hardee County,2020-03-27,25.33
Hendry County,2020-03-27,25.35
Hernando County,2020-03-27,25.34
Highlands County,2020-03-27,25.7
Hillsborough County,2020-03-27,25.6
Holmes County,2020-03-27,23.87
Indian River County,2020-03-27,24.64
Jackson County,2020-03-27,23.74
Jefferson County,2020-03-27,24.32
Lafayette County,2020-03-27,23.86
Lake County,2020-03-27,25.3
Lee County,2020-03-27,25.08
Leon County,2020-03-27,24.38
Levy County,2020-03-27,24.33
Liberty County,2020-03-27,24.08
Madison County,2020-03-27,24.0
Manatee County,2020-03-27,24.77
Marion County,2020-03-27,24.74
Martin County,2020-03-27,25.24
Miami-Dade County,2020-03-27,25.18
Monroe County,2020-03-27,25.0
Nassau County,2020-03-27,23.21
Okaloosa County,2020-03-27,23.49
Okeechobee County,2020-03-27,25.31
Orange County,2020-03-27,25.43
Osceola County,2020-03-27,25.54
Palm Beach County,2020-03-27,25.6
Pasco County,2020-03-27,25.53
Pinellas County,2020-03-27,25.38
Polk County,2020-03-27,25.8
Putnam County,2020-03-27,24.82
St. Johns County,2020-03-27,24.25
St. Lucie County,2020-03-27,24.8
Santa Rosa County,2020-03-27,23.62
Sarasota County,2020-03-27,24.09
Seminole County,2020-03-27,25.17
Sumter County,2020-03-27,25.15
Suwannee County,2020-03-27,23.81
Taylor County,2020-03-27,24.11
Union County,2020-03-27,23.98
Volusia County,2020-03-27,24.52
Wakulla County,2020-03-27,24.32
Walton County,2020-03-27,23.7
Washington County,2020-03-27,23.99
Alachua County,2020-03-28,24.32
Baker County,2020-03-28,24.16
Bay County,2020-03-28,24.91
Bradford County,2020-03-28,24.56
Brevard County,2020-03-28,24.39
Broward County,2020-03-28,25.41
Calhoun County,2020-03-28,24.76
Charlotte County,2020-03-28,25.37
Citrus County,2020-03-28,24.87
Clay County,2020-03-28,25.26
Collier County,2020-03-28,25.17
Columbia County,2020-03-28,23.58
DeSoto County,2020-03-28,25.14
Dixie County,2020-03-28,23.21
Duval County,2020-03-28,25.07
Escambia County,2020-03-28,25.12
Flagler County,2020-03-28,25.06
Franklin County,2020-03-28,24.36
Gadsden County,2020-03-28,24.37
Gilchrist County,2020-03-28,23.58
Glades County,2020-03-28,25.18
Gulf County,2020-03-28,24.67
Hamilton County,2020-03-28,23.43
Hardee County,2020-03-28,25.22
Hendry County,2020-03-28,25.26
Hernando County,2020-03-28,25.39
Highlands County,2020-03-28,25.31
Hillsborough County,2020-03-28,25.55
Holmes County,2020-03-28,25.22
Indian River County,2020-03-28,23.95
Jackson County,2020-03-28,24.79
Jefferson County,2020-03-28,23.66
Lafayette County,2020-03-28,23.07
Lake County,2020-03-28,25.66
Lee County,2020-03-28,25.53
Leon County,2020-03-28,24.1
Levy County,2020-03-28,24.0
Liberty County,2020-03-28,24.64
Madison County,2020-03-28,23.33
Manatee County,2020-03-28,25.11
Marion County,2020-03-28,25.05
Martin County,2020-03-28,24.59
Miami-Dade County,2020-03-28,25.25
Monroe County,2020-03-28,25.53
Nassau County,2020-03-28,24.52
Okaloosa County,2020-03-28,24.99
Okeechobee County,2020-03-28,24.69
Orange County,2020-03-28,25.53
Osceola County,2020-03-28,25.19
Palm Beach County,2020-03-28,25.24
Pasco County,2020-03-28,25.56
Pinellas County,2020-03-28,25.64
Polk County,2020-03-28,25.54
Putnam County,2020-03-28,25.38
St. Johns County,2020-03-28,25.15
St. Lucie County,2020-03-28,24.03
Santa Rosa County,2020-03-28,25.06
Sarasota County,2020-03-28,24.75
Seminole County,2020-03-28,25.47
Sumter County,2020-03-28,25.43
Suwannee County,2020-03-28,23.22
Taylor County,2020-03-28,23.2
Union County,2020-03-28,24.0
Volusia County,2020-03-28,25.01
Wakulla County,2020-03-28,23.98
Walton County,2020-03-28,25.01
Washington County,2020-03-28,25.05
Alachua County,2020-03-29,24.53
Baker County,2020-03-29,24.53
Bay County,2020-03-29,25.68
Bradford County,2020-03-29,24.86
Brevard County,2020-03-29,24.16
Broward County,2020-03-29,25.3
Calhoun County,2020-03-29,25.68
Charlotte County,2020-03-29,25.34
Citrus County,2020-03-29,25.15
Clay County,2020-03-29,25.76
Collier County,2020-03-29,24.81
Columbia County,2020-03-29,23.64
DeSoto County,2020-03-29,25.05
Dixie County,2020-03-29,23.17
Duval County,2020-03-29,25.73
Escambia County,2020-03-29,25.99
Flagler County,2020-03-29,25.88
Franklin County,2020-03-29,25.11
Gadsden County,2020-03-29,24.92
Gilchrist County,2020-03-29,23.57
Glades County,2020-03-29,24.89
Gulf County,2020-03-29,25.71
Hamilton County,2020-03-29,23.23
Hardee County,2020-03-29,25.15
Hendry County,2020-03-29,24.95
Hernando County,2020-03-29,25.67
Highlands County,2020-03-29,25.04
Hillsborough County,2020-03-29,25.79
Holmes County,2020-03-29,26.02
Indian River County,2020-03-29,23.73
Jackson County,2020-03-29,25.69
Jefferson County,2020-03-29,23.62
Lafayette County,2020-03-29,22.87
Lake County,2020-03-29,26.04
Lee County,2020-03-29,25.45
Leon County,2020-03-29,24.41
Levy County,2020-03-29,24.15
Liberty County,2020-03-29,25.5
Madison County,2020-03-29,23.04
Manatee County,2020-03-29,25.27
Marion County,2020-03-29,25.44
Martin County,2020-03-29,24.65
Miami-Dade County,2020-03-29,25.01
Monroe County,2020-03-29,25.23
Nassau County,2020-03-29,25.36
Okaloosa County,2020-03-29,25.74
Okeechobee County,2020-03-29,24.41
Orange County,2020-03-29,25.7
Osceola County,2020-03-29,25.06
Palm Beach County,2020-03-29,25.3
Pasco County,2020-03-29,25.83
Pinellas County,2020-03-29,25.83
Polk County,2020-03-29,25.53
Putnam County,2020-03-29,25.95
St. Johns County,2020-03-29,25.84
St. Lucie County,2020-03-29,23.94
Santa Rosa County,2020-03-29,25.87
Sarasota County,2020-03-29,24.89
Seminole County,2020-03-29,25.82
Sumter County,2020-03-29,25.75
Suwannee County,2020-03-29,22.98
Taylor County,2020-03-29,23.07
Union County,2020-03-29,24.19
Volusia County,2020-03-29,25.6
Wakulla County,2020-03-29,24.45
Walton County,2020-03-29,25.73
Washington County,2020-03-29,25.85
Alachua County,2020-03-30,24.27
Baker County,2020-03-30,24.07
Bay County,2020-03-30,24.81
Bradford County,2020-03-30,24.43
Brevard County,2020-03-30,25.08
Broward County,2020-03-30,26.3
Calhoun County,2020-03-30,24.69
Charlotte County,2020-03-30,26.07
Citrus County,2020-03-30,25.2
Clay County,2020-03-30,25.27
Collier County,2020-03-30,25.89
Columbia County,2020-03-30,23.39
DeSoto County,2020-03-30,25.64
Dixie County,2020-03-30,23.37
Duval County,2020-03-30,25.27
Escambia County,2020-03-30,23.81
Flagler County,2020-03-30,25.73
Franklin County,2020-03-30,24.97
Gadsden County,2020-03-30,24.23
Gilchrist County,2020-03-30,23.53
Glades County,2020-03-30,25.67
Gulf County,2020-03-30,25.2
Hamilton County,2020-03-30,23.17
Hardee County,2020-03-30,25.59
Hendry County,2020-03-30,25.88
Hernando County,2020-03-30,25.76
Highlands County,2020-03-30,25.57
Hillsborough County,2020-03-30,26.07
Holmes County,2020-03-30,24.32
Indian River County,2020-03-30,24.5
Jackson County,2020-03-30,24.31
Jefferson County,2020-03-30,23.78
Lafayette County,2020-03-30,23.0
Lake County,2020-03-30,26.09
Lee County,2020-03-30,26.3
Leon County,2020-03-30,24.25
Levy County,2020-03-30,24.18
Liberty County,2020-03-30,24.87
Madison County,2020-03-30,23.19
Manatee County,2020-03-30,25.72
Marion County,2020-03-30,25.27
Martin County,2020-03-30,25.31
Miami-Dade County,2020-03-30,26.33
Monroe County,2020-03-30,26.47
Nassau County,2020-03-30,24.87
Okaloosa County,2020-03-30,23.93
Okeechobee County,2020-03-30,25.01
Orange County,2020-03-30,26.05
Osceola County,2020-03-30,25.54
Palm Beach County,2020-03-30,25.98
Pasco County,2020-03-30,25.97
Pinellas County,2020-03-30,26.14
Polk County,2020-03-30,25.84
Putnam County,2020-03-30,25.6
St. Johns County,2020-03-30,25.51
St. Lucie County,2020-03-30,24.7
Santa Rosa County,2020-03-30,23.86
Sarasota County,2020-03-30,25.5
Seminole County,2020-03-30,26.17
Sumter County,2020-03-30,25.75
Suwannee County,2020-03-30,22.99
Taylor County,2020-03-30,23.41
Union County,2020-03-30,23.83
Volusia County,2020-03-30,25.83
Wakulla County,2020-03-30,24.43
Walton County,2020-03-30,24.17
Washington County,2020-03-30,24.5
Alachua County,2020-03-31,24.48
Baker County,2020-03-31,24.34
Bay County,2020-03-31,23.89
Bradford County,2020-03-31,24.66
Brevard County,2020-03-31,25.31
Broward County,2020-03-31,26.67
Calhoun County,2020-03-31,23.84
Charlotte County,2020-03-31,25.79
Citrus County,2020-03-31,24.91
Clay County,2020-03-31,25.43
Collier County,2020-03-31,25.72
Columbia County,2020-03-31,23.82
DeSoto County,2020-03-31,25.69
Dixie County,2020-03-31,23.7
Duval County,2020-03-31,25.34
Escambia County,2020-03-31,23.44
Flagler County,2020-03-31,25.71
Franklin County,2020-03-31,24.61
Gadsden County,2020-03-31,23.48
Gilchrist County,2020-03-31,23.94
Glades County,2020-03-31,26.03
Gulf County,2020-03-31,24.58
Hamilton County,2020-03-31,23.35
Hardee County,2020-03-31,25.74
Hendry County,2020-03-31,26.14
Hernando County,2020-03-31,25.43
Highlands County,2020-03-31,26.05
Hillsborough County,2020-03-31,25.77
Holmes County,2020-03-31,23.17
Indian River County,2020-03-31,25.04
Jackson County,2020-03-31,23.28
Jefferson County,2020-03-31,23.19
Lafayette County,2020-03-31,23.45
Lake County,2020-03-31,26.06
Lee County,2020-03-31,25.92
Leon County,2020-03-31,23.72
Levy County,2020-03-31,24.24
Liberty County,2020-03-31,24.29
Madison County,2020-03-31,22.91
Manatee County,2020-03-31,25.37
Marion County,2020-03-31,25.22
Martin County,2020-03-31,25.75
Miami-Dade County,2020-03-31,26.28
Monroe County,2020-03-31,26.16
Nassau County,2020-03-31,24.84
Okaloosa County,2020-03-31,22.97
Okeechobee County,2020-03-31,25.68
Orange County,2020-03-31,26.24
Osceola County,2020-03-31,26.02
Palm Beach County,2020-03-31,26.56
Pasco County,2020-03-31,25.69
Pinellas County,2020-03-31,25.76
Polk County,2020-03-31,26.01
Putnam County,2020-03-31,25.7
St. Johns County,2020-03-31,25.53
St. Lucie County,2020-03-31,25.16
Santa Rosa County,2020-03-31,23.14
Sarasota County,2020-03-31,24.95
Seminole County,2020-03-31,26.35
Sumter County,2020-03-31,25.5
Suwannee County,2020-03-31,23.45
Taylor County,2020-03-31,23.5
Union County,2020-03-31,24.19
Volusia County,2020-03-31,25.84
Wakulla County,2020-03-31,24.15
Walton County,2020-03-31,23.08
Washington County,2020-03-31,23.46
Alachua County,2020-04-01,21.33
Baker County,2020-04-01,20.5
Bay County,2020-04-01,18.02
Bradford County,2020-04-01,21.55
Brevard County,2020-04-01,24.55
Broward County,2020-04-01,26.42
Calhoun County,2020-04-01,17.75
Charlotte County,2020-04-01,25.47
Citrus County,2020-04-01,22.88
Clay County,2020-04-01,22.83
Collier County,2020-04-01,25.03
Columbia County,2020-04-01,19.48
DeSoto County,2020-04-01,24.8
Dixie County,2020-04-01,20.04
Duval County,2020-04-01,22.97
Escambia County,2020-04-01,18.13
Flagler County,2020-04-01,23.33
Franklin County,2020-04-01,19.44
Gadsden County,2020-04-01,18.0
Gilchrist County,2020-04-01,19.96
Glades County,2020-04-01,25.72
Gulf County,2020-04-01,18.61
Hamilton County,2020-04-01,18.3
Hardee County,2020-04-01,24.57
Hendry County,2020-04-01,25.44
Hernando County,2020-04-01,23.67
Highlands County,2020-04-01,25.41
Hillsborough County,2020-04-01,25.06
Holmes County,2020-04-01,16.44
Indian River County,2020-04-01,25.47
Jackson County,2020-04-01,17.34
Jefferson County,2020-04-01,18.53
Lafayette County,2020-04-01,19.39
Lake County,2020-04-01,23.56
Lee County,2020-04-01,25.67
Leon County,2020-04-01,18.52
Levy County,2020-04-01,21.09
Liberty County,2020-04-01,18.33
Madison County,2020-04-01,18.38
Manatee County,2020-04-01,24.55
Marion County,2020-04-01,22.78
Martin County,2020-04-01,26.39
Miami-Dade County,2020-04-01,26.02
Monroe County,2020-04-01,25.63
Nassau County,2020-04-01,21.85
Okaloosa County,2020-04-01,17.34
Okeechobee County,2020-04-01,25.75
Orange County,2020-04-01,24.31
Osceola County,2020-04-01,24.95
Palm Beach County,2020-04-01,26.62
Pasco County,2020-04-01,24.19
Pinellas County,2020-04-01,25.87
Polk County,2020-04-01,24.59
Putnam County,2020-04-01,23.22
St. Johns County,2020-04-01,23.5
St. Lucie County,2020-04-01,25.93
Santa Rosa County,2020-04-01,17.73
Sarasota County,2020-04-01,24.42
Seminole County,2020-04-01,23.94
Sumter County,2020-04-01,23.08
Suwannee County,2020-04-01,19.1
Taylor County,2020-04-01,19.52
Union County,2020-04-01,20.52
Volusia County,2020-04-01,23.36
Wakulla County,2020-04-01,19.22
Walton County,2020-04-01,17.01
Washington County,2020-04-01,17.04
Alachua County,2020-04-02,15.54
Baker County,2020-04-02,15.12
Bay County,2020-04-02,15.87
Bradford County,2020-04-02,15.26
Brevard County,2020-04-02,17.92
Broward County,2020-04-02,22.74
Calhoun County,2020-04-02,15.47
Charlotte County,2020-04-02,19.83
Citrus County,2020-04-02,18.06
Clay County,2020-04-02,15.89
Collier County,2020-04-02,21.16
Columbia County,2020-04-02,14.84
DeSoto County,2020-04-02,19.03
Dixie County,2020-04-02,15.45
Duval County,2020-04-02,15.78
Escambia County,2020-04-02,15.93
Flagler County,2020-04-02,16.62
Franklin County,2020-04-02,15.87
Gadsden County,2020-04-02,14.84
Gilchrist County,2020-04-02,15.14
Glades County,2020-04-02,19.88
Gulf County,2020-04-02,15.76
Hamilton County,2020-04-02,14.45
Hardee County,2020-04-02,18.92
Hendry County,2020-04-02,20.63
Hernando County,2020-04-02,18.89
Highlands County,2020-04-02,19.3
Hillsborough County,2020-04-02,19.74
Holmes County,2020-04-02,15.36
Indian River County,2020-04-02,18.93
Jackson County,2020-04-02,15.43
Jefferson County,2020-04-02,14.64
Lafayette County,2020-04-02,14.99
Lake County,2020-04-02,18.08
Lee County,2020-04-02,20.39
Leon County,2020-04-02,14.79
Levy County,2020-04-02,16.2
Liberty County,2020-04-02,15.36
Madison County,2020-04-02,14.55
Manatee County,2020-04-02,19.12
Marion County,2020-04-02,17.21
Martin County,2020-04-02,20.42
Miami-Dade County,2020-04-02,23.85
Monroe County,2020-04-02,23.64
Nassau County,2020-04-02,15.64
Okaloosa County,2020-04-02,15.73
Okeechobee County,2020-04-02,19.35
Orange County,2020-04-02,18.13
Osceola County,2020-04-02,18.57
Palm Beach County,2020-04-02,21.57
Pasco County,2020-04-02,19.27
Pinellas County,2020-04-02,20.46
Polk County,2020-04-02,19.0
Putnam County,2020-04-02,16.58
St. Johns County,2020-04-02,16.22
St. Lucie County,2020-04-02,19.57
Santa Rosa County,2020-04-02,15.75
Sarasota County,2020-04-02,18.96
Seminole County,2020-04-02,17.59
Sumter County,2020-04-02,18.25
Suwannee County,2020-04-02,14.8
Taylor County,2020-04-02,15.17
Union County,2020-04-02,14.91
Volusia County,2020-04-02,16.92
Wakulla County,2020-04-02,15.27
Walton County,2020-04-02,15.59
Washington County,2020-04-02,15.57
Alachua County,2020-04-03,16.02
Baker County,2020-04-03,15.66
Bay County,2020-04-03,16.96
Bradford County,2020-04-03,15.8
Brevard County,2020-04-03,18.32
Broward County,2020-04-03,21.91
Calhoun County,2020-04-03,16.65
Charlotte County,2020-04-03,20.54
Citrus County,2020-04-03,17.86
Clay County,2020-04-03,16.47
Collier County,2020-04-03,21.2
Columbia County,2020-04-03,15.5
DeSoto County,2020-04-03,19.67
Dixie County,2020-04-03,16.24
Duval County,2020-04-03,16.34
Escambia County,2020-04-03,17.26
Flagler County,2020-04-03,17.59
Franklin County,2020-04-03,17.09
Gadsden County,2020-04-03,16.13
Gilchrist County,2020-04-03,15.85
Glades County,2020-04-03,20.08
Gulf County,2020-04-03,17.06
Hamilton County,2020-04-03,15.4
Hardee County,2020-04-03,19.31
Hendry County,2020-04-03,20.67
Hernando County,2020-04-03,18.42
Highlands County,2020-04-03,19.49
Hillsborough County,2020-04-03,19.34
Holmes County,2020-04-03,16.04
Indian River County,2020-04-03,18.88
Jackson County,2020-04-03,16.33
Jefferson County,2020-04-03,16.13
Lafayette County,2020-04-03,16.11
Lake County,2020-04-03,18.45
Lee County,2020-04-03,21.07
Leon County,2020-04-03,16.2
Levy County,2020-04-03,16.53
Liberty County,2020-04-03,16.64
Madison County,2020-04-03,15.94
Manatee County,2020-04-03,19.25
Marion County,2020-04-03,17.55
Martin County,2020-04-03,20.17
Miami-Dade County,2020-04-03,22.88
Monroe County,2020-04-03,23.24
Nassau County,2020-04-03,16.13
Okaloosa County,2020-04-03,16.59
Okeechobee County,2020-04-03,19.25
Orange County,2020-04-03,18.65
Osceola County,2020-04-03,18.8
Palm Beach County,2020-04-03,21.09
Pasco County,2020-04-03,18.69
Pinellas County,2020-04-03,19.3
Polk County,2020-04-03,19.16
Putnam County,2020-04-03,17.21
St. Johns County,2020-04-03,17.01
St. Lucie County,2020-04-03,19.43
Santa Rosa County,2020-04-03,16.84
Sarasota County,2020-04-03,19.46
Seminole County,2020-04-03,18.34
Sumter County,2020-04-03,18.25
Suwannee County,2020-04-03,15.82
Taylor County,2020-04-03,16.46
Union County,2020-04-03,15.49
Volusia County,2020-04-03,17.87
Wakulla County,2020-04-03,16.62
Walton County,2020-04-03,16.41
Washington County,2020-04-03,16.47
Alachua County,2020-04-04,18.0
Baker County,2020-04-04,17.45
Bay County,2020-04-04,18.45
Bradford County,2020-04-04,17.67
Brevard County,2020-04-04,19.55
Broward County,2020-04-04,23.0
Calhoun County,2020-04-04,18.19
Charlotte County,2020-04-04,21.68
Citrus County,2020-04-04,19.85
Clay County,2020-04-04,18.15
Collier County,2020-04-04,22.27
Columbia County,2020-04-04,17.29
DeSoto County,2020-04-04,21.15
Dixie County,2020-04-04,18.16
Duval County,2020-04-04,17.92
Escambia County,2020-04-04,18.99
Flagler County,2020-04-04,18.81
Franklin County,2020-04-04,18.69
Gadsden County,2020-04-04,17.97
Gilchrist County,2020-04-04,17.83
Glades County,2020-04-04,21.57
Gulf County,2020-04-04,18.5
Hamilton County,2020-04-04,17.06
Hardee County,2020-04-04,20.96
Hendry County,2020-04-04,21.92
Hernando County,2020-04-04,20.34
Highlands County,2020-04-04,21.3
Hillsborough County,2020-04-04,21.0
Holmes County,2020-04-04,17.56
Indian River County,2020-04-04,20.35
Jackson County,2020-04-04,17.88
Jefferson County,2020-04-04,17.94
Lafayette County,2020-04-04,17.9
Lake County,2020-04-04,19.99
Lee County,2020-04-04,21.97
Leon County,2020-04-04,18.07
Levy County,2020-04-04,18.59
Liberty County,2020-04-04,18.29
Madison County,2020-04-04,17.66
Manatee County,2020-04-04,20.7
Marion County,2020-04-04,19.4
Martin County,2020-04-04,21.34
Miami-Dade County,2020-04-04,23.83
Monroe County,2020-04-04,24.17
Nassau County,2020-04-04,17.89
Okaloosa County,2020-04-04,18.39
Okeechobee County,2020-04-04,21.04
Orange County,2020-04-04,20.01
Osceola County,2020-04-04,20.42
Palm Beach County,2020-04-04,22.2
Pasco County,2020-04-04,20.53
Pinellas County,2020-04-04,20.89
Polk County,2020-04-04,20.84
Putnam County,2020-04-04,18.81
St. Johns County,2020-04-04,18.35
St. Lucie County,2020-04-04,20.71
Santa Rosa County,2020-04-04,18.63
Sarasota County,2020-04-04,20.63
Seminole County,2020-04-04,19.57
Sumter County,2020-04-04,20.09
Suwannee County,2020-04-04,17.54
Taylor County,2020-04-04,18.24
Union County,2020-04-04,17.36
Volusia County,2020-04-04,19.02
Wakulla County,2020-04-04,18.42
Walton County,2020-04-04,18.09
Washington County,2020-04-04,17.95
Alachua County,2020-04-05,20.39
Baker County,2020-04-05,20.26
Bay County,2020-04-05,20.5
Bradford County,2020-04-05,20.26
Brevard County,2020-04-05,22.45
Broward County,2020-04-05,24.44
Calhoun County,2020-04-05,20.82
Charlotte County,2020-04-05,23.84
Citrus County,2020-04-05,21.52
Clay County,2020-04-05,20.89
Collier County,2020-04-05,24.17
Columbia County,2020-04-05,20.05
DeSoto County,2020-04-05,23.31
Dixie County,2020-04-05,20.47
Duval County,2020-04-05,20.83
Escambia County,2020-04-05,20.04
Flagler County,2020-04-05,21.91
Franklin County,2020-04-05,20.75
Gadsden County,2020-04-05,21.06
Gilchrist County,2020-04-05,20.24
Glades County,2020-04-05,23.89
Gulf County,2020-04-05,20.56
Hamilton County,2020-04-05,20.06
Hardee County,2020-04-05,22.94
Hendry County,2020-04-05,23.99
Hernando County,2020-04-05,21.77
Highlands County,2020-04-05,23.59
Hillsborough County,2020-04-05,22.35
Holmes County,2020-04-05,20.46
Indian River County,2020-04-05,22.84
Jackson County,2020-04-05,21.1
Jefferson County,2020-04-05,20.95
Lafayette County,2020-04-05,20.51
Lake County,2020-04-05,22.2
Lee County,2020-04-05,24.19
Leon County,2020-04-05,21.08
Levy County,2020-04-05,20.7
Liberty County,2020-04-05,20.84
Madison County,2020-04-05,20.65
Manatee County,2020-04-05,22.17
Marion County,2020-04-05,21.57
Martin County,2020-04-05,23.39
Miami-Dade County,2020-04-05,24.85
Monroe County,2020-04-05,25.13
Nassau County,2020-04-05,20.75
Okaloosa County,2020-04-05,20.12
Okeechobee County,2020-04-05,23.36
Orange County,2020-04-05,22.66
Osceola County,2020-04-05,22.95
Palm Beach County,2020-04-05,24.01
Pasco County,2020-04-05,21.85
Pinellas County,2020-04-05,21.71
Polk County,2020-04-05,22.86
Putnam County,2020-04-05,21.47
St. Johns County,2020-04-05,21.35
St. Lucie County,2020-04-05,23.0
Santa Rosa County,2020-04-05,20.01
Sarasota County,2020-04-05,22.27
Seminole County,2020-04-05,22.47
Sumter County,2020-04-05,21.83
Suwannee County,2020-04-05,20.31
Taylor County,2020-04-05,20.89
Union County,2020-04-05,19.98
Volusia County,2020-04-05,22.13
Wakulla County,2020-04-05,21.08
Walton County,2020-04-05,20.22
Washington County,2020-04-05,20.58
Alachua County,2020-04-06,19.31
Baker County,2020-04-06,19.11
Bay County,2020-04-06,21.03
Bradford County,2020-04-06,19.14
Brevard County,2020-04-06,19.9
Broward County,2020-04-06,24.59
Calhoun County,2020-04-06,21.19
Charlotte County,2020-04-06,22.1
Citrus County,2020-04-06,20.15
Clay County,2020-04-06,19.69
Collier County,2020-04-06,23.83
Columbia County,2020-04-06,18.93
DeSoto County,2020-04-06,21.08
Dixie County,2020-04-06,19.45
Duval County,2020-04-06,19.69
Escambia County,2020-04-06,21.25
Flagler County,2020-04-06,20.0
Franklin County,2020-04-06,20.8
Gadsden County,2020-04-06,20.82
Gilchrist County,2020-04-06,19.25
Glades County,2020-04-06,22.33
Gulf County,2020-04-06,20.94
Hamilton County,2020-04-06,18.83
Hardee County,2020-04-06,20.29
Hendry County,2020-04-06,23.23
Hernando County,2020-04-06,20.01
Highlands County,2020-04-06,21.12
Hillsborough County,2020-04-06,19.72
Holmes County,2020-04-06,20.8
Indian River County,2020-04-06,20.59
Jackson County,2020-04-06,21.23
Jefferson County,2020-04-06,20.13
Lafayette County,2020-04-06,19.41
Lake County,2020-04-06,20.06
Lee County,2020-04-06,23.13
Leon County,2020-04-06,20.58
Levy County,2020-04-06,19.64
Liberty County,2020-04-06,21.01
Madison County,2020-04-06,19.58
Manatee County,2020-04-06,19.51
Marion County,2020-04-06,20.17
Martin County,2020-04-06,22.64
Miami-Dade County,2020-04-06,25.18
Monroe County,2020-04-06,25.67
Nassau County,2020-04-06,19.59
Okaloosa County,2020-04-06,20.83
Okeechobee County,2020-04-06,21.13
Orange County,2020-04-06,19.82
Osceola County,2020-04-06,19.87
Palm Beach County,2020-04-06,23.84
Pasco County,2020-04-06,19.68
Pinellas County,2020-04-06,19.31
Polk County,2020-04-06,20.0
Putnam County,2020-04-06,20.02
St. Johns County,2020-04-06,19.97
St. Lucie County,2020-04-06,21.56
Santa Rosa County,2020-04-06,20.99
Sarasota County,2020-04-06,19.94
Seminole County,2020-04-06,19.69
Sumter County,2020-04-06,20.18
Suwannee County,2020-04-06,19.15
Taylor County,2020-04-06,19.91
Union County,2020-04-06,18.92
Volusia County,2020-04-06,19.77
Wakulla County,2020-04-06,20.71
Walton County,2020-04-06,20.74
Washington County,2020-04-06,21.05
Alachua County,2020-04-07,20.64
Baker County,2020-04-07,20.39
Bay County,2020-04-07,21.8
Bradford County,2020-04-07,20.43
Brevard County,2020-04-07,21.17
Broward County,2020-04-07,25.38
Calhoun County,2020-04-07,22.42
Charlotte County,2020-04-07,23.69
Citrus County,2020-04-07,21.94
Clay County,2020-04-07,20.94
Collier County,2020-04-07,25.13
Columbia County,2020-04-07,20.24
DeSoto County,2020-04-07,22.9
Dixie County,2020-04-07,20.75
Duval County,2020-04-07,20.81
Escambia County,2020-04-07,21.18
Flagler County,2020-04-07,21.43
Franklin County,2020-04-07,21.8
Gadsden County,2020-04-07,22.11
Gilchrist County,2020-04-07,20.53
Glades County,2020-04-07,23.38
Gulf County,2020-04-07,21.92
Hamilton County,2020-04-07,20.27
Hardee County,2020-04-07,22.55
Hendry County,2020-04-07,24.28
Hernando County,2020-04-07,22.31
Highlands County,2020-04-07,22.75
Hillsborough County,2020-04-07,22.78
Holmes County,2020-04-07,21.96
Indian River County,2020-04-07,21.54
Jackson County,2020-04-07,22.64
Jefferson County,2020-04-07,21.4
Lafayette County,2020-04-07,20.79
Lake County,2020-04-07,22.08
Lee County,2020-04-07,24.33
Leon County,2020-04-07,21.81
Levy County,2020-04-07,20.99
Liberty County,2020-04-07,22.23
Madison County,2020-04-07,20.98
Manatee County,2020-04-07,22.57
Marion County,2020-04-07,21.74
Martin County,2020-04-07,22.46
Miami-Dade County,2020-04-07,26.66
Monroe County,2020-04-07,26.79
Nassau County,2020-04-07,20.8
Okaloosa County,2020-04-07,21.15
Okeechobee County,2020-04-07,22.34
Orange County,2020-04-07,21.96
Osceola County,2020-04-07,21.98
Palm Beach County,2020-04-07,23.88
Pasco County,2020-04-07,22.45
Pinellas County,2020-04-07,22.76
Polk County,2020-04-07,22.43
Putnam County,2020-04-07,21.45
St. Johns County,2020-04-07,21.12
St. Lucie County,2020-04-07,21.84
Santa Rosa County,2020-04-07,21.0
Sarasota County,2020-04-07,22.63
Seminole County,2020-04-07,21.71
Sumter County,2020-04-07,22.11
Suwannee County,2020-04-07,20.55
Taylor County,2020-04-07,21.18
Union County,2020-04-07,20.19
Volusia County,2020-04-07,21.41
Wakulla County,2020-04-07,21.8
Walton County,2020-04-07,21.39
Washington County,2020-04-07,22.18
Alachua County,2020-04-08,22.51
Baker County,2020-04-08,22.73
Bay County,2020-04-08,22.93
Bradford County,2020-04-08,22.49
Brevard County,2020-04-08,23.21
Broward County,2020-04-08,26.11
Calhoun County,2020-04-08,23.67
Charlotte County,2020-04-08,25.3
Citrus County,2020-04-08,23.42
Clay County,2020-04-08,22.95
Collier County,2020-04-08,25.91
Columbia County,2020-04-08,22.59
DeSoto County,2020-04-08,24.81
Dixie County,2020-04-08,22.48
Duval County,2020-04-08,23.02
Escambia County,2020-04-08,22.03
Flagler County,2020-04-08,23.11
Franklin County,2020-04-08,23.06
Gadsden County,2020-04-08,23.65
Gilchrist County,2020-04-08,22.45
Glades County,2020-04-08,25.23
Gulf County,2020-04-08,23.18
Hamilton County,2020-04-08,22.72
Hardee County,2020-04-08,24.54
Hendry County,2020-04-08,25.65
Hernando County,2020-04-08,23.86
Highlands County,2020-04-08,24.8
Hillsborough County,2020-04-08,24.42
Holmes County,2020-04-08,23.09
Indian River County,2020-04-08,23.81
Jackson County,2020-04-08,23.86
Jefferson County,2020-04-08,23.41
Lafayette County,2020-04-08,22.93
Lake County,2020-04-08,23.77
Lee County,2020-04-08,25.66
Leon County,2020-04-08,23.6
Levy County,2020-04-08,22.52
Liberty County,2020-04-08,23.58
Madison County,2020-04-08,23.23
Manatee County,2020-04-08,24.19
Marion County,2020-04-08,23.37
Martin County,2020-04-08,24.52
Miami-Dade County,2020-04-08,26.52
Monroe County,2020-04-08,26.52
Nassau County,2020-04-08,23.21
Okaloosa County,2020-04-08,22.14
Okeechobee County,2020-04-08,24.45
Orange County,2020-04-08,23.8
Osceola County,2020-04-08,24.02
Palm Beach County,2020-04-08,25.39
Pasco County,2020-04-08,24.06
Pinellas County,2020-04-08,23.87
Polk County,2020-04-08,24.42
Putnam County,2020-04-08,23.2
St. Johns County,2020-04-08,22.92
St. Lucie County,2020-04-08,24.06
Santa Rosa County,2020-04-08,21.92
Sarasota County,2020-04-08,24.12
Seminole County,2020-04-08,23.48
Sumter County,2020-04-08,23.8
Suwannee County,2020-04-08,22.88
Taylor County,2020-04-08,23.14
Union County,2020-04-08,22.37
Volusia County,2020-04-08,23.09
Wakulla County,2020-04-08,23.38
Walton County,2020-04-08,22.47
Washington County,2020-04-08,23.37
Alachua County,2020-04-09,24.21
Baker County,2020-04-09,24.13
Bay County,2020-04-09,26.24
Bradford County,2020-04-09,24.08
Brevard County,2020-04-09,26.03
Broward County,2020-04-09,27.01
Calhoun County,2020-04-09,26.05
Charlotte County,2020-04-09,25.48
Citrus County,2020-04-09,24.84
Clay County,2020-04-09,24.63
Collier County,2020-04-09,25.79
Columbia County,2020-04-09,24.09
DeSoto County,2020-04-09,25.28
Dixie County,2020-04-09,24.3
Duval County,2020-04-09,24.61
Escambia County,2020-04-09,26.29
Flagler County,2020-04-09,25.47
Franklin County,2020-04-09,25.24
Gadsden County,2020-04-09,25.47
Gilchrist County,2020-04-09,24.19
Glades County,2020-04-09,26.23
Gulf County,2020-04-09,25.68
Hamilton County,2020-04-09,24.2
Hardee County,2020-04-09,25.16
Hendry County,2020-04-09,26.15
Hernando County,2020-04-09,24.87
Highlands County,2020-04-09,26.02
Hillsborough County,2020-04-09,24.79
Holmes County,2020-04-09,26.24
Indian River County,2020-04-09,26.39
Jackson County,2020-04-09,26.31
Jefferson County,2020-04-09,25.19
Lafayette County,2020-04-09,24.64
Lake County,2020-04-09,25.43
Lee County,2020-04-09,25.62
Leon County,2020-04-09,25.4
Levy County,2020-04-09,24.29
Liberty County,2020-04-09,25.52
Madison County,2020-04-09,24.87
Manatee County,2020-04-09,24.17
Marion County,2020-04-09,25.12
Martin County,2020-04-09,26.78
Miami-Dade County,2020-04-09,26.98
Monroe County,2020-04-09,26.52
Nassau County,2020-04-09,24.51
Okaloosa County,2020-04-09,26.29
Okeechobee County,2020-04-09,26.39
Orange County,2020-04-09,25.75
Osceola County,2020-04-09,25.93
Palm Beach County,2020-04-09,26.95
Pasco County,2020-04-09,24.71
Pinellas County,2020-04-09,23.96
Polk County,2020-04-09,25.47
Putnam County,2020-04-09,25.11
St. Johns County,2020-04-09,25.03
St. Lucie County,2020-04-09,26.55
Santa Rosa County,2020-04-09,26.25
Sarasota County,2020-04-09,23.95
Seminole County,2020-04-09,25.69
Sumter County,2020-04-09,25.17
Suwannee County,2020-04-09,24.49
Taylor County,2020-04-09,24.98
Union County,2020-04-09,23.93
Volusia County,2020-04-09,25.59
Wakulla County,2020-04-09,25.32
Walton County,2020-04-09,26.27
Washington County,2020-04-09,26.55
Alachua County,2020-04-10,25.56
Baker County,2020-04-10,25.75
Bay County,2020-04-10,25.17
Bradford County,2020-04-10,25.91
Brevard County,2020-04-10,26.65
Broward County,2020-04-10,27.66
Calhoun County,2020-04-10,24.96
Charlotte County,2020-04-10,25.53
Citrus County,2020-04-10,25.83
Clay County,2020-04-10,26.77
Collier County,2020-04-10,25.74
Columbia County,2020-04-10,25.07
DeSoto County,2020-04-10,25.5
Dixie County,2020-04-10,24.35
Duval County,2020-04-10,26.68
Escambia County,2020-04-10,24.19
Flagler County,2020-04-10,27.36
Franklin County,2020-04-10,25.17
Gadsden County,2020-04-10,24.2
Gilchrist County,2020-04-10,24.64
Glades County,2020-04-10,26.48
Gulf County,2020-04-10,25.07
Hamilton County,2020-04-10,24.2
Hardee County,2020-04-10,25.74
Hendry County,2020-04-10,26.34
Hernando County,2020-04-10,26.01
Highlands County,2020-04-10,26.5
Hillsborough County,2020-04-10,25.88
Holmes County,2020-04-10,24.11
Indian River County,2020-04-10,26.65
Jackson County,2020-04-10,24.64
Jefferson County,2020-04-10,23.91
Lafayette County,2020-04-10,24.62
Lake County,2020-04-10,26.83
Lee County,2020-04-10,25.62
Leon County,2020-04-10,24.21
Levy County,2020-04-10,24.73
Liberty County,2020-04-10,24.91
Madison County,2020-04-10,23.95
Manatee County,2020-04-10,24.68
Marion County,2020-04-10,26.59
Martin County,2020-04-10,27.09
Miami-Dade County,2020-04-10,27.53
Monroe County,2020-04-10,26.79
Nassau County,2020-04-10,26.39
Okaloosa County,2020-04-10,24.25
Okeechobee County,2020-04-10,26.75
Orange County,2020-04-10,26.68
Osceola County,2020-04-10,26.5
Palm Beach County,2020-04-10,27.46
Pasco County,2020-04-10,25.91
Pinellas County,2020-04-10,25.72
Polk County,2020-04-10,26.32
Putnam County,2020-04-10,27.2
St. Johns County,2020-04-10,27.24
St. Lucie County,2020-04-10,26.8
Santa Rosa County,2020-04-10,24.17
Sarasota County,2020-04-10,24.06
Seminole County,2020-04-10,26.81
Sumter County,2020-04-10,26.4
Suwannee County,2020-04-10,24.69
Taylor County,2020-04-10,24.55
Union County,2020-04-10,25.43
Volusia County,2020-04-10,27.04
Wakulla County,2020-04-10,24.79
Walton County,2020-04-10,24.31
Washington County,2020-04-10,24.77
Alachua County,2020-04-11,17.49
Baker County,2020-04-11,16.42
Bay County,2020-04-11,16.92
Bradford County,2020-04-11,17.05
Brevard County,2020-04-11,22.65
Broward County,2020-04-11,27.27
Calhoun County,2020-04-11,16.07
Charlotte County,2020-04-11,25.64
Citrus County,2020-04-11,20.9
Clay County,2020-04-11,17.81
Collier County,2020-04-11,26.0
Columbia County,2020-04-11,16.07
DeSoto County,2020-04-11,24.59
Dixie County,2020-04-11,17.5
Duval County,2020-04-11,17.66
Escambia County,2020-04-11,16.31
Flagler County,2020-04-11,19.21
Franklin County,2020-04-11,17.43
Gadsden County,2020-04-11,15.6
Gilchrist County,2020-04-11,16.93
Glades County,2020-04-11,25.31
Gulf County,2020-04-11,16.93
Hamilton County,2020-04-11,15.41
Hardee County,2020-04-11,24.03
Hendry County,2020-04-11,25.74
Hernando County,2020-04-11,22.01
Highlands County,2020-04-11,24.51
Hillsborough County,2020-04-11,23.99
Holmes County,2020-04-11,15.67
Indian River County,2020-04-11,24.11
Jackson County,2020-04-11,15.84
Jefferson County,2020-04-11,15.97
Lafayette County,2020-04-11,16.54
Lake County,2020-04-11,20.96
Lee County,2020-04-11,26.14
Leon County,2020-04-11,15.91
Levy County,2020-04-11,18.54
Liberty County,2020-04-11,16.18
Madison County,2020-04-11,15.76
Manatee County,2020-04-11,24.09
Marion County,2020-04-11,19.56
Martin County,2020-04-11,25.87
Miami-Dade County,2020-04-11,27.79
Monroe County,2020-04-11,27.77
Nassau County,2020-04-11,17.08
Okaloosa County,2020-04-11,16.22
Okeechobee County,2020-04-11,24.49
Orange County,2020-04-11,21.66
Osceola County,2020-04-11,22.89
Palm Beach County,2020-04-11,26.62
Pasco County,2020-04-11,22.69
Pinellas County,2020-04-11,24.54
Polk County,2020-04-11,23.3
Putnam County,2020-04-11,18.75
St. Johns County,2020-04-11,18.65
St. Lucie County,2020-04-11,25.07
Santa Rosa County,2020-04-11,16.22
Sarasota County,2020-04-11,24.41
Seminole County,2020-04-11,20.85
Sumter County,2020-04-11,21.14
Suwannee County,2020-04-11,16.09
Taylor County,2020-04-11,16.91
Union County,2020-04-11,16.51
Volusia County,2020-04-11,19.97
Wakulla County,2020-04-11,16.71
Walton County,2020-04-11,16.17
Washington County,2020-04-11,16.05
Alachua County,2020-04-12,19.24
Baker County,2020-04-12,17.74
Bay County,2020-04-12,17.99
Bradford County,2020-04-12,18.48
Brevard County,2020-04-12,22.93
Broward County,2020-04-12,26.39
Calhoun County,2020-04-12,17.58
Charlotte County,2020-04-12,25.64
Citrus County,2020-04-12,21.78
Clay County,2020-04-12,18.96
Collier County,2020-04-12,26.15
Columbia County,2020-04-12,17.86
DeSoto County,2020-04-12,24.73
Dixie County,2020-04-12,19.93
Duval County,2020-04-12,18.52
Escambia County,2020-04-12,16.8
Flagler County,2020-04-12,20.6
Franklin County,2020-04-12,18.98
Gadsden County,2020-04-12,17.42
Gilchrist County,2020-04-12,19.33
Glades County,2020-04-12,25.36
Gulf County,2020-04-12,18.48
Hamilton County,2020-04-12,17.37
Hardee County,2020-04-12,24.09
Hendry County,2020-04-12,25.82
Hernando County,2020-04-12,22.29
Highlands County,2020-04-12,24.66
Hillsborough County,2020-04-12,23.51
Holmes County,2020-04-12,16.49
Indian River County,2020-04-12,23.92
Jackson County,2020-04-12,16.96
Jefferson County,2020-04-12,18.18
Lafayette County,2020-04-12,19.1
Lake County,2020-04-12,21.74
Lee County,2020-04-12,26.17
Leon County,2020-04-12,17.91
Levy County,2020-04-12,20.54
Liberty County,2020-04-12,17.97
Madison County,2020-04-12,18.12
Manatee County,2020-04-12,23.82
Marion County,2020-04-12,20.88
Martin County,2020-04-12,25.09
Miami-Dade County,2020-04-12,26.92
Monroe County,2020-04-12,27.13
Nassau County,2020-04-12,18.03
Okaloosa County,2020-04-12,16.88
Okeechobee County,2020-04-12,24.47
Orange County,2020-04-12,22.35
Osceola County,2020-04-12,23.21
Palm Beach County,2020-04-12,25.74
Pasco County,2020-04-12,22.59
Pinellas County,2020-04-12,23.5
Polk County,2020-04-12,23.39
Putnam County,2020-04-12,20.02
St. Johns County,2020-04-12,19.69
St. Lucie County,2020-04-12,24.56
Santa Rosa County,2020-04-12,16.75
Sarasota County,2020-04-12,24.22
Seminole County,2020-04-12,21.85
Sumter County,2020-04-12,21.76
Suwannee County,2020-04-12,18.37
Taylor County,2020-04-12,19.26
Union County,2020-04-12,18.12
Volusia County,2020-04-12,21.29
Wakulla County,2020-04-12,18.58
Walton County,2020-04-12,16.97
Washington County,2020-04-12,17.09
Alachua County,2020-04-13,25.18
Baker County,2020-04-13,23.87
Bay County,2020-04-13,23.14
Bradford County,2020-04-13,24.47
Brevard County,2020-04-13,26.57
Broward County,2020-04-13,28.02
Calhoun County,2020-04-13,22.63
Charlotte County,2020-04-13,28.64
Citrus County,2020-04-13,27.11
Clay County,2020-04-13,24.73
Collier County,2020-04-13,28.14
Columbia County,2020-04-13,24.12
DeSoto County,2020-04-13,27.94
Dixie County,2020-04-13,25.75
Duval County,2020-04-13,23.95
Escambia County,2020-04-13,22.43
Flagler County,2020-04-13,25.88
Franklin County,2020-04-13,23.94
Gadsden County,2020-04-13,22.37
Gilchrist County,2020-04-13,25.31
Glades County,2020-04-13,27.91
Gulf County,2020-04-13,23.55
Hamilton County,2020-04-13,23.66
Hardee County,2020-04-13,27.64
Hendry County,2020-04-13,27.9
Hernando County,2020-04-13,27.38
Highlands County,2020-04-13,27.73
Hillsborough County,2020-04-13,28.04
Holmes County,2020-04-13,21.52
Indian River County,2020-04-13,26.88
Jackson County,2020-04-13,22.12
Jefferson County,2020-04-13,23.65
Lafayette County,2020-04-13,25.11
Lake County,2020-04-13,26.74
Lee County,2020-04-13,28.78
Leon County,2020-04-13,23.07
Levy County,2020-04-13,26.25
Liberty County,2020-04-13,22.84
Madison County,2020-04-13,23.97
Manatee County,2020-04-13,27.69
Marion County,2020-04-13,26.4
Martin County,2020-04-13,27.21
Miami-Dade County,2020-04-13,28.38
Monroe County,2020-04-13,28.72
Nassau County,2020-04-13,23.49
Okaloosa County,2020-04-13,22.02
Okeechobee County,2020-04-13,27.29
Orange County,2020-04-13,26.94
Osceola County,2020-04-13,27.11
Palm Beach County,2020-04-13,27.58
Pasco County,2020-04-13,27.48
Pinellas County,2020-04-13,28.0
Polk County,2020-04-13,27.5
Putnam County,2020-04-13,25.67
St. Johns County,2020-04-13,24.97
St. Lucie County,2020-04-13,27.0
Santa Rosa County,2020-04-13,22.2
Sarasota County,2020-04-13,27.73
Seminole County,2020-04-13,26.65
Sumter County,2020-04-13,26.82
Suwannee County,2020-04-13,24.57
Taylor County,2020-04-13,25.0
Union County,2020-04-13,24.25
Volusia County,2020-04-13,26.24
Wakulla County,2020-04-13,23.74
Walton County,2020-04-13,22.03
Washington County,2020-04-13,22.32
Alachua County,2020-04-14,25.91
Baker County,2020-04-14,24.32
Bay County,2020-04-14,23.63
Bradford County,2020-04-14,25.27
Brevard County,2020-04-14,28.48
Broward County,2020-04-14,28.49
Calhoun County,2020-04-14,23.66
Charlotte County,2020-04-14,27.45
Citrus County,2020-04-14,28.03
Clay County,2020-04-14,25.78
Collier County,2020-04-14,27.99
Columbia County,2020-04-14,24.26
DeSoto County,2020-04-14,27.15
Dixie County,2020-04-14,25.42
Duval County,2020-04-14,24.86
Escambia County,2020-04-14,20.54
Flagler County,2020-04-14,27.44
Franklin County,2020-04-14,24.6
Gadsden County,2020-04-14,23.36
Gilchrist County,2020-04-14,25.32
Glades County,2020-04-14,28.04
Gulf County,2020-04-14,24.19
Hamilton County,2020-04-14,23.5
Hardee County,2020-04-14,27.41
Hendry County,2020-04-14,28.08
Hernando County,2020-04-14,28.39
Highlands County,2020-04-14,28.03
Hillsborough County,2020-04-14,28.04
Holmes County,2020-04-14,22.02
Indian River County,2020-04-14,28.48
Jackson County,2020-04-14,23.06
Jefferson County,2020-04-14,23.86
Lafayette County,2020-04-14,24.94
Lake County,2020-04-14,28.77
Lee County,2020-04-14,27.84
Leon County,2020-04-14,23.78
Levy County,2020-04-14,26.35
Liberty County,2020-04-14,23.99
Madison County,2020-04-14,23.89
Manatee County,2020-04-14,26.58
Marion County,2020-04-14,27.9
Martin County,2020-04-14,28.4
Miami-Dade County,2020-04-14,28.39
Monroe County,2020-04-14,28.54
Nassau County,2020-04-14,24.24
Okaloosa County,2020-04-14,21.37
Okeechobee County,2020-04-14,28.3
Orange County,2020-04-14,28.92
Osceola County,2020-04-14,28.66
Palm Beach County,2020-04-14,28.39
Pasco County,2020-04-14,28.27
Pinellas County,2020-04-14,27.71
Polk County,2020-04-14,28.43
Putnam County,2020-04-14,27.14
St. Johns County,2020-04-14,26.2
St. Lucie County,2020-04-14,28.44
Santa Rosa County,2020-04-14,20.76
Sarasota County,2020-04-14,26.02
Seminole County,2020-04-14,28.69
Sumter County,2020-04-14,28.61
Suwannee County,2020-04-14,24.45
Taylor County,2020-04-14,24.84
Union County,2020-04-14,24.76
Volusia County,2020-04-14,28.07
Wakulla County,2020-04-14,24.37
Walton County,2020-04-14,22.01
Washington County,2020-04-14,23.01
Alachua County,2020-04-15,23.91
Baker County,2020-04-15,22.32
Bay County,2020-04-15,20.22
Bradford County,2020-04-15,23.3
Brevard County,2020-04-15,28.45
Broward County,2020-04-15,28.63
Calhoun County,2020-04-15,20.16
Charlotte County,2020-04-15,28.26
Citrus County,2020-04-15,26.9
Clay County,2020-04-15,24.04
Collier County,2020-04-15,28.16
Columbia County,2020-04-15,22.22
DeSoto County,2020-04-15,28.12
Dixie County,2020-04-15,23.29
Duval County,2020-04-15,23.33
Escambia County,2020-04-15,18.09
Flagler County,2020-04-15,26.6
Franklin County,2020-04-15,20.95
Gadsden County,2020-04-15,20.77
Gilchrist County,2020-04-15,23.22
Glades County,2020-04-15,28.7
Gulf County,2020-04-15,20.13
Hamilton County,2020-04-15,21.5
Hardee County,2020-04-15,28.27
Hendry County,2020-04-15,28.42
Hernando County,2020-04-15,27.72
Highlands County,2020-04-15,28.84
Hillsborough County,2020-04-15,28.19
Holmes County,2020-04-15,19.45
Indian River County,2020-04-15,28.52
Jackson County,2020-04-15,20.21
Jefferson County,2020-04-15,21.73
Lafayette County,2020-04-15,22.84
Lake County,2020-04-15,28.34
Lee County,2020-04-15,28.47
Leon County,2020-04-15,21.4
Levy County,2020-04-15,24.48
Liberty County,2020-04-15,20.48
Madison County,2020-04-15,21.86
Manatee County,2020-04-15,27.01
Marion County,2020-04-15,26.57
Martin County,2020-04-15,28.42
Miami-Dade County,2020-04-15,28.47
Monroe County,2020-04-15,28.46
Nassau County,2020-04-15,22.65
Okaloosa County,2020-04-15,19.19
Okeechobee County,2020-04-15,28.7
Orange County,2020-04-15,28.88
Osceola County,2020-04-15,28.93
Palm Beach County,2020-04-15,28.57
Pasco County,2020-04-15,27.91
Pinellas County,2020-04-15,27.24
Polk County,2020-04-15,28.89
Putnam County,2020-04-15,25.66
St. Johns County,2020-04-15,24.9
St. Lucie County,2020-04-15,28.39
Santa Rosa County,2020-04-15,18.55
Sarasota County,2020-04-15,26.49
Seminole County,2020-04-15,28.56
Sumter County,2020-04-15,27.96
Suwannee County,2020-04-15,22.42
Taylor County,2020-04-15,22.67
Union County,2020-04-15,22.7
Volusia County,2020-04-15,27.7
Wakulla County,2020-04-15,21.6
Walton County,2020-04-15,19.6
Washington County,2020-04-15,20.02
Alachua County,2020-04-16,20.13
Baker County,2020-04-16,18.77
Bay County,2020-04-16,17.54
Bradford County,2020-04-16,19.78
Brevard County,2020-04-16,26.37
Broward County,2020-04-16,28.17
Calhoun County,2020-04-16,17.32
Charlotte County,2020-04-16,27.89
Citrus County,2020-04-16,23.18
Clay County,2020-04-16,20.75
Collier County,2020-04-16,27.28
Columbia County,2020-04-16,18.17
DeSoto County,2020-04-16,27.35
Dixie County,2020-04-16,19.23
Duval County,2020-04-16,20.22
Escambia County,2020-04-16,15.0
Flagler County,2020-04-16,23.06
Franklin County,2020-04-16,18.28
Gadsden County,2020-04-16,16.84
Gilchrist County,2020-04-16,19.09
Glades County,2020-04-16,27.91
Gulf County,2020-04-16,17.89
Hamilton County,2020-04-16,17.02
Hardee County,2020-04-16,27.01
Hendry County,2020-04-16,27.65
Hernando County,2020-04-16,24.32
Highlands County,2020-04-16,27.7
Hillsborough County,2020-04-16,26.29
Holmes County,2020-04-16,16.23
Indian River County,2020-04-16,27.53
Jackson County,2020-04-16,16.97
Jefferson County,2020-04-16,17.0
Lafayette County,2020-04-16,18.33
Lake County,2020-04-16,24.42
Lee County,2020-04-16,27.98
Leon County,2020-04-16,16.95
Levy County,2020-04-16,20.66
Liberty County,2020-04-16,17.44
Madison County,2020-04-16,17.07
Manatee County,2020-04-16,26.46
Marion County,2020-04-16,22.61
Martin County,2020-04-16,28.21
Miami-Dade County,2020-04-16,28.01
Monroe County,2020-04-16,27.97
Nassau County,2020-04-16,19.37
Okaloosa County,2020-04-16,15.77
Okeechobee County,2020-04-16,27.79
Orange County,2020-04-16,25.51
Osceola County,2020-04-16,26.68
Palm Beach County,2020-04-16,28.26
Pasco County,2020-04-16,25.01
Pinellas County,2020-04-16,26.13
Polk County,2020-04-16,26.55
Putnam County,2020-04-16,22.1
St. Johns County,2020-04-16,21.85
St. Lucie County,2020-04-16,27.95
Santa Rosa County,2020-04-16,15.2
Sarasota County,2020-04-16,26.59
Seminole County,2020-04-16,24.88
Sumter County,2020-04-16,23.99
Suwannee County,2020-04-16,17.9
Taylor County,2020-04-16,18.18
Union County,2020-04-16,18.95
Volusia County,2020-04-16,24.01
Wakulla County,2020-04-16,17.66
Walton County,2020-04-16,16.32
Washington County,2020-04-16,16.89
Alachua County,2020-04-17,17.54
Baker County,2020-04-17,16.64
Bay County,2020-04-17,17.75
Bradford County,2020-04-17,17.13
Brevard County,2020-04-17,19.78
Broward County,2020-04-17,27.78
Calhoun County,2020-04-17,17.58
Charlotte County,2020-04-17,22.28
Citrus County,2020-04-17,18.98
Clay County,2020-04-17,17.73
Collier County,2020-04-17,25.62
Columbia County,2020-04-17,16.65
DeSoto County,2020-04-17,20.89
Dixie County,2020-04-17,17.96
Duval County,2020-04-17,17.41
Escambia County,2020-04-17,17.05
Flagler County,2020-04-17,19.16
Franklin County,2020-04-17,17.88
Gadsden County,2020-04-17,17.3
Gilchrist County,2020-04-17,17.51
Glades County,2020-04-17,22.98
Gulf County,2020-04-17,17.69
Hamilton County,2020-04-17,16.49
Hardee County,2020-04-17,19.87
Hendry County,2020-04-17,24.79
Hernando County,2020-04-17,19.1
Highlands County,2020-04-17,21.06
Hillsborough County,2020-04-17,19.54
Holmes County,2020-04-17,17.34
Indian River County,2020-04-17,21.08
Jackson County,2020-04-17,17.52
Jefferson County,2020-04-17,17.42
Lafayette County,2020-04-17,17.66
Lake County,2020-04-17,18.87
Lee County,2020-04-17,23.66
Leon County,2020-04-17,17.38
Levy County,2020-04-17,18.22
Liberty County,2020-04-17,17.53
Madison County,2020-04-17,17.27
Manatee County,2020-04-17,19.75
Marion County,2020-04-17,18.72
Martin County,2020-04-17,24.18
Miami-Dade County,2020-04-17,28.56
Monroe County,2020-04-17,27.86
Nassau County,2020-04-17,16.88
Okaloosa County,2020-04-17,17.23
Okeechobee County,2020-04-17,21.59
Orange County,2020-04-17,19.03
Osceola County,2020-04-17,19.45
Palm Beach County,2020-04-17,26.21
Pasco County,2020-04-17,19.07
Pinellas County,2020-04-17,19.94
Polk County,2020-04-17,19.3
Putnam County,2020-04-17,18.53
St. Johns County,2020-04-17,18.66
St. Lucie County,2020-04-17,22.62
Santa Rosa County,2020-04-17,16.98
Sarasota County,2020-04-17,20.31
Seminole County,2020-04-17,18.9
Sumter County,2020-04-17,18.8
Suwannee County,2020-04-17,17.16
Taylor County,2020-04-17,17.93
Union County,2020-04-17,16.77
Volusia County,2020-04-17,19.05
Wakulla County,2020-04-17,17.69
Walton County,2020-04-17,17.41
Washington County,2020-04-17,17.58
Alachua County,2020-04-18,20.59
Baker County,2020-04-18,19.08
Bay County,2020-04-18,19.8
Bradford County,2020-04-18,19.85
Brevard County,2020-04-18,23.71
Broward County,2020-04-18,27.34
Calhoun County,2020-04-18,19.68
Charlotte County,2020-04-18,25.97
Citrus County,2020-04-18,22.85
Clay County,2020-04-18,20.33
Collier County,2020-04-18,26.88
Columbia County,2020-04-18,19.2
DeSoto County,2020-04-18,25.47
Dixie County,2020-04-18,20.98
Duval County,2020-04-18,19.76
Escambia County,2020-04-18,19.82
Flagler County,2020-04-18,21.98
Franklin County,2020-04-18,20.2
Gadsden County,2020-04-18,19.32
Gilchrist County,2020-04-18,20.59
Glades County,2020-04-18,26.11
Gulf County,2020-04-18,19.99
Hamilton County,2020-04-18,18.72
Hardee County,2020-04-18,25.11
Hendry County,2020-04-18,26.54
Hernando County,2020-04-18,23.36
Highlands County,2020-04-18,25.64
Hillsborough County,2020-04-18,24.31
Holmes County,2020-04-18,19.53
Indian River County,2020-04-18,24.53
Jackson County,2020-04-18,19.64
Jefferson County,2020-04-18,19.6
Lafayette County,2020-04-18,20.38
Lake County,2020-04-18,23.28
Lee County,2020-04-18,26.45
Leon County,2020-04-18,19.53
Levy County,2020-04-18,21.61
Liberty County,2020-04-18,19.74
Madison County,2020-04-18,19.5
Manatee County,2020-04-18,24.36
Marion County,2020-04-18,22.3
Martin County,2020-04-18,25.39
Miami-Dade County,2020-04-18,28.02
Monroe County,2020-04-18,28.21
Nassau County,2020-04-18,19.16
Okaloosa County,2020-04-18,19.4
Okeechobee County,2020-04-18,25.31
Orange County,2020-04-18,23.82
Osceola County,2020-04-18,24.51
Palm Beach County,2020-04-18,26.44
Pasco County,2020-04-18,23.63
Pinellas County,2020-04-18,23.74
Polk County,2020-04-18,24.76
Putnam County,2020-04-18,21.46
St. Johns County,2020-04-18,21.03
St. Lucie County,2020-04-18,24.86
Santa Rosa County,2020-04-18,19.45
Sarasota County,2020-04-18,24.44
Seminole County,2020-04-18,23.3
Sumter County,2020-04-18,23.19
Suwannee County,2020-04-18,19.7
Taylor County,2020-04-18,20.42
Union County,2020-04-18,19.48
Volusia County,2020-04-18,22.63
Wakulla County,2020-04-18,19.95
Walton County,2020-04-18,19.44
Washington County,2020-04-18,19.73
Alachua County,2020-04-19,23.28
Baker County,2020-04-19,23.08
Bay County,2020-04-19,23.67
Bradford County,2020-04-19,23.09
Brevard County,2020-04-19,23.5
Broward County,2020-04-19,27.3
Calhoun County,2020-04-19,23.37
Charlotte County,2020-04-19,25.5
Citrus County,2020-04-19,24.44
Clay County,2020-04-19,23.77
Collier County,2020-04-19,26.64
Columbia County,2020-04-19,22.85
DeSoto County,2020-04-19,24.6
Dixie County,2020-04-19,23.67
Duval County,2020-04-19,23.98
Escambia County,2020-04-19,23.41
Flagler County,2020-04-19,24.58
Franklin County,2020-04-19,23.69
Gadsden County,2020-04-19,23.02
Gilchrist County,2020-04-19,23.3
Glades County,2020-04-19,25.15
Gulf County,2020-04-19,23.61
Hamilton County,2020-04-19,22.68
Hardee County,2020-04-19,24.08
Hendry County,2020-04-19,25.97
Hernando County,2020-04-19,24.45
Highlands County,2020-04-19,24.35
Hillsborough County,2020-04-19,24.39
Holmes County,2020-04-19,23.29
Indian River County,2020-04-19,23.69
Jackson County,2020-04-19,23.32
Jefferson County,2020-04-19,23.35
Lafayette County,2020-04-19,23.52
Lake County,2020-04-19,24.39
Lee County,2020-04-19,26.13
Leon County,2020-04-19,23.29
Levy County,2020-04-19,23.82
Liberty County,2020-04-19,23.33
Madison County,2020-04-19,23.21
Manatee County,2020-04-19,24.12
Marion County,2020-04-19,24.33
Martin County,2020-04-19,25.08
Miami-Dade County,2020-04-19,27.97
Monroe County,2020-04-19,27.99
Nassau County,2020-04-19,23.93
Okaloosa County,2020-04-19,23.26
Okeechobee County,2020-04-19,24.12
Orange County,2020-04-19,24.1
Osceola County,2020-04-19,23.69
Palm Beach County,2020-04-19,26.23
Pasco County,2020-04-19,24.3
Pinellas County,2020-04-19,24.34
Polk County,2020-04-19,24.0
Putnam County,2020-04-19,24.21
St. Johns County,2020-04-19,24.33
St. Lucie County,2020-04-19,24.3
Santa Rosa County,2020-04-19,23.25
Sarasota County,2020-04-19,24.33
Seminole County,2020-04-19,24.17
Sumter County,2020-04-19,24.36
Suwannee County,2020-04-19,23.16
Taylor County,2020-04-19,23.8
Union County,2020-04-19,22.82
Volusia County,2020-04-19,24.36
Wakulla County,2020-04-19,23.6
Walton County,2020-04-19,23.34
Washington County,2020-04-19,23.58
Alachua County,2020-04-20,25.27
Baker County,2020-04-20,23.26
Bay County,2020-04-20,21.65
Bradford County,2020-04-20,24.73
Brevard County,2020-04-20,26.64
Broward County,2020-04-20,27.52
Calhoun County,2020-04-20,21.51
Charlotte County,2020-04-20,27.25
Citrus County,2020-04-20,26.71
Clay County,2020-04-20,25.48
Collier County,2020-04-20,27.01
Columbia County,2020-04-20,22.97
DeSoto County,2020-04-20,27.16
Dixie County,2020-04-20,24.28
Duval County,2020-04-20,24.61
Escambia County,2020-04-20,22.01
Flagler County,2020-04-20,27.45
Franklin County,2020-04-20,21.85
Gadsden County,2020-04-20,21.3
Gilchrist County,2020-04-20,24.49
Glades County,2020-04-20,27.41
Gulf County,2020-04-20,21.53
Hamilton County,2020-04-20,21.39
Hardee County,2020-04-20,27.28
Hendry County,2020-04-20,27.27
Hernando County,2020-04-20,26.95
Highlands County,2020-04-20,27.56
Hillsborough County,2020-04-20,27.11
Holmes County,2020-04-20,21.36
Indian River County,2020-04-20,26.23
Jackson County,2020-04-20,21.36
Jefferson County,2020-04-20,21.72
Lafayette County,2020-04-20,23.58
Lake County,2020-04-20,27.72
Lee County,2020-04-20,27.24
Leon County,2020-04-20,21.53
Levy County,2020-04-20,25.47
Liberty County,2020-04-20,21.54
Madison County,2020-04-20,21.84
Manatee County,2020-04-20,26.48
Marion County,2020-04-20,27.07
Martin County,2020-04-20,26.3
Miami-Dade County,2020-04-20,27.79
Monroe County,2020-04-20,27.62
Nassau County,2020-04-20,23.41
Okaloosa County,2020-04-20,21.79
Okeechobee County,2020-04-20,26.99
Orange County,2020-04-20,27.76
Osceola County,2020-04-20,27.38
Palm Beach County,2020-04-20,27.01
Pasco County,2020-04-20,26.96
Pinellas County,2020-04-20,26.51
Polk County,2020-04-20,27.64
Putnam County,2020-04-20,26.82
St. Johns County,2020-04-20,26.38
St. Lucie County,2020-04-20,26.07
Santa Rosa County,2020-04-20,21.79
Sarasota County,2020-04-20,26.11
Seminole County,2020-04-20,27.74
Sumter County,2020-04-20,27.27
Suwannee County,2020-04-20,22.91
Taylor County,2020-04-20,23.0
Union County,2020-04-20,24.0
Volusia County,2020-04-20,27.64
Wakulla County,2020-04-20,21.84
Walton County,2020-04-20,21.64
Washington County,2020-04-20,21.69
Alachua County,2020-04-21,22.07
Baker County,2020-04-21,21.22
Bay County,2020-04-21,22.22
Bradford County,2020-04-21,21.92
Brevard County,2020-04-21,23.74
Broward County,2020-04-21,28.73
Calhoun County,2020-04-21,21.79
Charlotte County,2020-04-21,25.29
Citrus County,2020-04-21,23.1
Clay County,2020-04-21,22.86
Collier County,2020-04-21,27.52
Columbia County,2020-04-21,20.85
DeSoto County,2020-04-21,24.06
Dixie County,2020-04-21,21.52
Duval County,2020-04-21,22.78
Escambia County,2020-04-21,19.26
Flagler County,2020-04-21,24.24
Franklin County,2020-04-21,21.99
Gadsden County,2020-04-21,20.25
Gilchrist County,2020-04-21,21.41
Glades County,2020-04-21,25.68
Gulf County,2020-04-21,22.27
Hamilton County,2020-04-21,20.1
Hardee County,2020-04-21,23.31
Hendry County,2020-04-21,26.8
Hernando County,2020-04-21,23.19
Highlands County,2020-04-21,24.39
Hillsborough County,2020-04-21,23.37
Holmes County,2020-04-21,20.75
Indian River County,2020-04-21,24.19
Jackson County,2020-04-21,21.2
Jefferson County,2020-04-21,20.09
Lafayette County,2020-04-21,21.08
Lake County,2020-04-21,23.48
Lee County,2020-04-21,26.44
Leon County,2020-04-21,20.15
Levy County,2020-04-21,22.16
Liberty County,2020-04-21,21.41
Madison County,2020-04-21,20.18
Manatee County,2020-04-21,23.1
Marion County,2020-04-21,23.32
Martin County,2020-04-21,26.13
Miami-Dade County,2020-04-21,29.46
Monroe County,2020-04-21,29.1
Nassau County,2020-04-21,22.08
Okaloosa County,2020-04-21,19.78
Okeechobee County,2020-04-21,24.65
Orange County,2020-04-21,23.58
Osceola County,2020-04-21,23.5
Palm Beach County,2020-04-21,27.51
Pasco County,2020-04-21,23.12
Pinellas County,2020-04-21,23.9
Polk County,2020-04-21,23.19
Putnam County,2020-04-21,23.61
St. Johns County,2020-04-21,23.91
St. Lucie County,2020-04-21,25.1
Santa Rosa County,2020-04-21,19.25
Sarasota County,2020-04-21,23.48
Seminole County,2020-04-21,23.71
Sumter County,2020-04-21,23.08
Suwannee County,2020-04-21,20.81
Taylor County,2020-04-21,21.03
Union County,2020-04-21,21.32
Volusia County,2020-04-21,24.01
Wakulla County,2020-04-21,20.95
Walton County,2020-04-21,20.6
Washington County,2020-04-21,21.76
Alachua County,2020-04-22,21.59
Baker County,2020-04-22,20.91
Bay County,2020-04-22,21.17
Bradford County,2020-04-22,21.42
Brevard County,2020-04-22,22.52
Broward County,2020-04-22,25.67
Calhoun County,2020-04-22,21.14
Charlotte County,2020-04-22,23.52
Citrus County,2020-04-22,22.87
Clay County,2020-04-22,22.22
Collier County,2020-04-22,24.67
Columbia County,2020-04-22,20.48
DeSoto County,2020-04-22,22.8
Dixie County,2020-04-22,21.09
Duval County,2020-04-22,22.0
Escambia County,2020-04-22,20.43
Flagler County,2020-04-22,23.2
Franklin County,2020-04-22,21.09
Gadsden County,2020-04-22,20.55
Gilchrist County,2020-04-22,21.03
Glades County,2020-04-22,23.39
Gulf County,2020-04-22,21.04
Hamilton County,2020-04-22,19.84
Hardee County,2020-04-22,22.71
Hendry County,2020-04-22,24.02
Hernando County,2020-04-22,23.13
Highlands County,2020-04-22,22.94
Hillsborough County,2020-04-22,23.26
Holmes County,2020-04-22,20.95
Indian River County,2020-04-22,22.63
Jackson County,2020-04-22,21.15
Jefferson County,2020-04-22,20.34
Lafayette County,2020-04-22,20.81
Lake County,2020-04-22,23.35
Lee County,2020-04-22,24.1
Leon County,2020-04-22,20.49
Levy County,2020-04-22,21.74
Liberty County,2020-04-22,20.95
Madison County,2020-04-22,20.21
Manatee County,2020-04-22,22.65
Marion County,2020-04-22,22.99
Martin County,2020-04-22,23.77
Miami-Dade County,2020-04-22,26.66
Monroe County,2020-04-22,26.82
Nassau County,2020-04-22,21.52
Okaloosa County,2020-04-22,20.42
Okeechobee County,2020-04-22,22.92
Orange County,2020-04-22,23.16
Osceola County,2020-04-22,22.81
Palm Beach County,2020-04-22,24.68
Pasco County,2020-04-22,23.14
Pinellas County,2020-04-22,23.43
Polk County,2020-04-22,23.05
Putnam County,2020-04-22,22.95
St. Johns County,2020-04-22,22.85
St. Lucie County,2020-04-22,23.09
Santa Rosa County,2020-04-22,20.17
Sarasota County,2020-04-22,22.56
Seminole County,2020-04-22,23.09
Sumter County,2020-04-22,23.16
Suwannee County,2020-04-22,20.48
Taylor County,2020-04-22,20.84
Union County,2020-04-22,20.89
Volusia County,2020-04-22,23.03
Wakulla County,2020-04-22,20.8
Walton County,2020-04-22,20.71
Washington County,2020-04-22,21.24
Alachua County,2020-04-23,21.06
Baker County,2020-04-23,20.09
Bay County,2020-04-23,21.16
Bradford County,2020-04-23,20.47
Brevard County,2020-04-23,22.45
Broward County,2020-04-23,25.33
Calhoun County,2020-04-23,21.04
Charlotte County,2020-04-23,24.86
Citrus County,2020-04-23,23.17
Clay County,2020-04-23,20.83
Collier County,2020-04-23,25.12
Columbia County,2020-04-23,20.17
DeSoto County,2020-04-23,24.18
Dixie County,2020-04-23,21.6
Duval County,2020-04-23,20.34
Escambia County,2020-04-23,21.47
Flagler County,2020-04-23,22.0
Franklin County,2020-04-23,21.44
Gadsden County,2020-04-23,20.62
Gilchrist County,2020-04-23,21.15
Glades County,2020-04-23,24.35
Gulf County,2020-04-23,21.2
Hamilton County,2020-04-23,19.8
Hardee County,2020-04-23,23.95
Hendry County,2020-04-23,24.69
Hernando County,2020-04-23,23.61
Highlands County,2020-04-23,24.06
Hillsborough County,2020-04-23,24.19
Holmes County,2020-04-23,20.7
Indian River County,2020-04-23,22.82
Jackson County,2020-04-23,20.92
Jefferson County,2020-04-23,20.58
Lafayette County,2020-04-23,21.11
Lake County,2020-04-23,23.09
Lee County,2020-04-23,25.25
Leon County,2020-04-23,20.68
Levy County,2020-04-23,22.04
Liberty County,2020-04-23,21.05
Madison County,2020-04-23,20.43
Manatee County,2020-04-23,23.88
Marion County,2020-04-23,22.5
Martin County,2020-04-23,23.64
Miami-Dade County,2020-04-23,26.24
Monroe County,2020-04-23,26.75
Nassau County,2020-04-23,20.13
Okaloosa County,2020-04-23,20.89
Okeechobee County,2020-04-23,23.55
Orange County,2020-04-23,23.11
Osceola County,2020-04-23,23.24
Palm Beach County,2020-04-23,24.56
Pasco County,2020-04-23,23.78
Pinellas County,2020-04-23,24.47
Polk County,2020-04-23,23.8
Putnam County,2020-04-23,21.74
St. Johns County,2020-04-23,21.22
St. Lucie County,2020-04-23,23.11
Santa Rosa County,2020-04-23,20.99
Sarasota County,2020-04-23,23.89
Seminole County,2020-04-23,22.75
Sumter County,2020-04-23,23.17
Suwannee County,2020-04-23,20.57
Taylor County,2020-04-23,21.27
Union County,2020-04-23,20.25
Volusia County,2020-04-23,22.34
Wakulla County,2020-04-23,21.12
Walton County,2020-04-23,20.84
Washington County,2020-04-23,20.98
Alachua County,2020-04-24,24.41
Baker County,2020-04-24,23.08
Bay County,2020-04-24,22.32
Bradford County,2020-04-24,23.93
Brevard County,2020-04-24,26.06
Broward County,2020-04-24,27.07
Calhoun County,2020-04-24,21.9
Charlotte County,2020-04-24,27.13
Citrus County,2020-04-24,26.27
Clay County,2020-04-24,24.51
Collier County,2020-04-24,26.96
Columbia County,2020-04-24,22.93
DeSoto County,2020-04-24,26.48
Dixie County,2020-04-24,24.28
Duval County,2020-04-24,23.98
Escambia County,2020-04-24,20.71
Flagler County,2020-04-24,25.46
Franklin County,2020-04-24,23.14
Gadsden County,2020-04-24,21.32
Gilchrist County,2020-04-24,24.06
Glades County,2020-04-24,26.84
Gulf County,2020-04-24,22.69
Hamilton County,2020-04-24,21.91
Hardee County,2020-04-24,26.27
Hendry County,2020-04-24,26.82
Hernando County,2020-04-24,26.57
Highlands County,2020-04-24,26.6
Hillsborough County,2020-04-24,26.68
Holmes County,2020-04-24,20.72
Indian River County,2020-04-24,26.23
Jackson County,2020-04-24,21.09
Jefferson County,2020-04-24,22.11
Lafayette County,2020-04-24,23.68
Lake County,2020-04-24,26.41
Lee County,2020-04-24,27.4
Leon County,2020-04-24,21.89
Levy County,2020-04-24,24.98
Liberty County,2020-04-24,22.2
Madison County,2020-04-24,22.23
Manatee County,2020-04-24,26.09
Marion County,2020-04-24,25.94
Martin County,2020-04-24,26.43
Miami-Dade County,2020-04-24,28.03
Monroe County,2020-04-24,28.37
Nassau County,2020-04-24,23.3
Okaloosa County,2020-04-24,20.85
Okeechobee County,2020-04-24,26.4
Orange County,2020-04-24,26.37
Osceola County,2020-04-24,26.31
Palm Beach County,2020-04-24,26.64
Pasco County,2020-04-24,26.53
Pinellas County,2020-04-24,26.79
Polk County,2020-04-24,26.46
Putnam County,2020-04-24,25.39
St. Johns County,2020-04-24,24.87
St. Lucie County,2020-04-24,26.3
Santa Rosa County,2020-04-24,20.62
Sarasota County,2020-04-24,26.04
Seminole County,2020-04-24,26.1
Sumter County,2020-04-24,26.45
Suwannee County,2020-04-24,23.1
Taylor County,2020-04-24,23.52
Union County,2020-04-24,23.46
Volusia County,2020-04-24,25.72
Wakulla County,2020-04-24,22.72
Walton County,2020-04-24,21.13
Washington County,2020-04-24,21.59
Alachua County,2020-04-25,22.05
Baker County,2020-04-25,22.09
Bay County,2020-04-25,22.8
Bradford County,2020-04-25,22.03
Brevard County,2020-04-25,22.72
Broward County,2020-04-25,28.45
Calhoun County,2020-04-25,22.64
Charlotte County,2020-04-25,24.31
Citrus County,2020-04-25,22.73
Clay County,2020-04-25,22.68
Collier County,2020-04-25,26.75
Columbia County,2020-04-25,21.77
DeSoto County,2020-04-25,23.47
Dixie County,2020-04-25,22.08
Duval County,2020-04-25,22.75
Escambia County,2020-04-25,21.67
Flagler County,2020-04-25,22.97
Franklin County,2020-04-25,22.44
Gadsden County,2020-04-25,21.71
Gilchrist County,2020-04-25,22.01
Glades County,2020-04-25,24.95
Gulf County,2020-04-25,22.7
Hamilton County,2020-04-25,21.5
Hardee County,2020-04-25,23.04
Hendry County,2020-04-25,26.19
Hernando County,2020-04-25,22.94
Highlands County,2020-04-25,23.88
Hillsborough County,2020-04-25,23.19
Holmes County,2020-04-25,22.4
Indian River County,2020-04-25,23.66
Jackson County,2020-04-25,22.44
Jefferson County,2020-04-25,21.64
Lafayette County,2020-04-25,22.09
Lake County,2020-04-25,22.94
Lee County,2020-04-25,25.21
Leon County,2020-04-25,21.78
Levy County,2020-04-25,22.25
Liberty County,2020-04-25,22.4
Madison County,2020-04-25,21.69
Manatee County,2020-04-25,22.96
Marion County,2020-04-25,22.83
Martin County,2020-04-25,25.54
Miami-Dade County,2020-04-25,29.06
Monroe County,2020-04-25,28.49
Nassau County,2020-04-25,22.74
Okaloosa County,2020-04-25,21.86
Okeechobee County,2020-04-25,24.27
Orange County,2020-04-25,23.06
Osceola County,2020-04-25,23.23
Palm Beach County,2020-04-25,27.18
Pasco County,2020-04-25,23.04
Pinellas County,2020-04-25,23.59
Polk County,2020-04-25,23.06
Putnam County,2020-04-25,22.93
St. Johns County,2020-04-25,22.83
St. Lucie County,2020-04-25,24.49
Santa Rosa County,2020-04-25,21.54
Sarasota County,2020-04-25,23.03
Seminole County,2020-04-25,22.96
Sumter County,2020-04-25,22.72
Suwannee County,2020-04-25,21.89
Taylor County,2020-04-25,22.04
Union County,2020-04-25,21.78
Volusia County,2020-04-25,22.81
Wakulla County,2020-04-25,22.04
Walton County,2020-04-25,22.24
Washington County,2020-04-25,23.01
Alachua County,2020-04-26,24.23
Baker County,2020-04-26,24.24
Bay County,2020-04-26,22.3
Bradford County,2020-04-26,24.31
Brevard County,2020-04-26,25.01
Broward County,2020-04-26,27.68
Calhoun County,2020-04-26,22.55
Charlotte County,2020-04-26,26.25
Citrus County,2020-04-26,25.05
Clay County,2020-04-26,24.97
Collier County,2020-04-26,26.59
Columbia County,2020-04-26,23.75
DeSoto County,2020-04-26,25.55
Dixie County,2020-04-26,23.61
Duval County,2020-04-26,24.88
Escambia County,2020-04-26,22.12
Flagler County,2020-04-26,25.41
Franklin County,2020-04-26,22.48
Gadsden County,2020-04-26,22.5
Gilchrist County,2020-04-26,23.79
Glades County,2020-04-26,26.24
Gulf County,2020-04-26,22.33
Hamilton County,2020-04-26,23.03
Hardee County,2020-04-26,25.27
Hendry County,2020-04-26,26.45
Hernando County,2020-04-26,25.34
Highlands County,2020-04-26,25.72
Hillsborough County,2020-04-26,25.63
Holmes County,2020-04-26,22.65
Indian River County,2020-04-26,25.35
Jackson County,2020-04-26,22.83
Jefferson County,2020-04-26,22.77
Lafayette County,2020-04-26,23.66
Lake County,2020-04-26,25.4
Lee County,2020-04-26,26.62
Leon County,2020-04-26,22.71
Levy County,2020-04-26,24.11
Liberty County,2020-04-26,22.54
Madison County,2020-04-26,22.95
Manatee County,2020-04-26,25.26
Marion County,2020-04-26,25.19
Martin County,2020-04-26,26.27
Miami-Dade County,2020-04-26,27.9
Monroe County,2020-04-26,27.34
Nassau County,2020-04-26,24.78
Okaloosa County,2020-04-26,22.28
Okeechobee County,2020-04-26,25.76
Orange County,2020-04-26,25.43
Osceola County,2020-04-26,25.32
Palm Beach County,2020-04-26,26.99
Pasco County,2020-04-26,25.4
Pinellas County,2020-04-26,25.58
Polk County,2020-04-26,25.38
Putnam County,2020-04-26,25.31
St. Johns County,2020-04-26,25.15
St. Lucie County,2020-04-26,25.77
Santa Rosa County,2020-04-26,22.08
Sarasota County,2020-04-26,25.28
Seminole County,2020-04-26,25.35
Sumter County,2020-04-26,25.26
Suwannee County,2020-04-26,23.56
Taylor County,2020-04-26,23.35
Union County,2020-04-26,23.96
Volusia County,2020-04-26,25.27
Wakulla County,2020-04-26,22.77
Walton County,2020-04-26,22.37
Washington County,2020-04-26,22.75
Alachua County,2020-04-27,20.74
Baker County,2020-04-27,20.03
Bay County,2020-04-27,19.5
Bradford County,2020-04-27,20.77
Brevard County,2020-04-27,22.21
Broward County,2020-04-27,24.63
Calhoun County,2020-04-27,19.37
Charlotte County,2020-04-27,22.99
Citrus County,2020-04-27,22.74
Clay County,2020-04-27,21.9
Collier County,2020-04-27,23.62
Columbia County,2020-04-27,19.16
DeSoto County,2020-04-27,22.45
Dixie County,2020-04-27,19.53
Duval County,2020-04-27,21.83
Escambia County,2020-04-27,18.77
Flagler County,2020-04-27,23.06
Franklin County,2020-04-27,20.08
Gadsden County,2020-04-27,18.92
Gilchrist County,2020-04-27,19.58
Glades County,2020-04-27,22.37
Gulf County,2020-04-27,19.85
Hamilton County,2020-04-27,18.22
Hardee County,2020-04-27,22.79
Hendry County,2020-04-27,23.07
Hernando County,2020-04-27,23.51
Highlands County,2020-04-27,22.23
Hillsborough County,2020-04-27,24.16
Holmes County,2020-04-27,18.49
Indian River County,2020-04-27,21.61
Jackson County,2020-04-27,18.93
Jefferson County,2020-04-27,18.59
Lafayette County,2020-04-27,18.98
Lake County,2020-04-27,23.54
Lee County,2020-04-27,23.3
Leon County,2020-04-27,18.95
Levy County,2020-04-27,20.72
Liberty County,2020-04-27,19.58
Madison County,2020-04-27,18.34
Manatee County,2020-04-27,23.23
Marion County,2020-04-27,22.67
Martin County,2020-04-27,22.48
Miami-Dade County,2020-04-27,25.39
Monroe County,2020-04-27,25.38
Nassau County,2020-04-27,21.16
Okaloosa County,2020-04-27,18.77
Okeechobee County,2020-04-27,21.96
Orange County,2020-04-27,23.39
Osceola County,2020-04-27,22.71
Palm Beach County,2020-04-27,23.67
Pasco County,2020-04-27,23.84
Pinellas County,2020-04-27,24.55
Polk County,2020-04-27,23.4
Putnam County,2020-04-27,22.67
St. Johns County,2020-04-27,22.64
St. Lucie County,2020-04-27,21.76
Santa Rosa County,2020-04-27,18.69
Sarasota County,2020-04-27,22.75
Seminole County,2020-04-27,23.28
Sumter County,2020-04-27,23.33
Suwannee County,2020-04-27,18.75
Taylor County,2020-04-27,19.07
Union County,2020-04-27,19.92
Volusia County,2020-04-27,23.11
Wakulla County,2020-04-27,19.47
Walton County,2020-04-27,18.75
Washington County,2020-04-27,18.98
Alachua County,2020-04-28,17.74
Baker County,2020-04-28,17.42
Bay County,2020-04-28,18.36
Bradford County,2020-04-28,17.55
Brevard County,2020-04-28,19.23
Broward County,2020-04-28,23.12
Calhoun County,2020-04-28,18.13
Charlotte County,2020-04-28,21.43
Citrus County,2020-04-28,19.28
Clay County,2020-04-28,18.04
Collier County,2020-04-28,22.31
Columbia County,2020-04-28,17.11
DeSoto County,2020-04-28,20.7
Dixie County,2020-04-28,17.61
Duval County,2020-04-28,17.98
Escambia County,2020-04-28,18.01
Flagler County,2020-04-28,18.34
Franklin County,2020-04-28,18.3
Gadsden County,2020-04-28,17.68
Gilchrist County,2020-04-28,17.49
Glades County,2020-04-28,20.89
Gulf County,2020-04-28,18.2
Hamilton County,2020-04-28,16.66
Hardee County,2020-04-28,20.64
Hendry County,2020-04-28,21.58
Hernando County,2020-04-28,19.85
Highlands County,2020-04-28,20.58
Hillsborough County,2020-04-28,20.75
Holmes County,2020-04-28,17.9
Indian River County,2020-04-28,19.61
Jackson County,2020-04-28,18.18
Jefferson County,2020-04-28,17.29
Lafayette County,2020-04-28,17.37
Lake County,2020-04-28,19.69
Lee County,2020-04-28,22.04
Leon County,2020-04-28,17.48
Levy County,2020-04-28,18.1
Liberty County,2020-04-28,17.99
Madison County,2020-04-28,17.1
Manatee County,2020-04-28,20.47
Marion County,2020-04-28,18.94
Martin County,2020-04-28,20.59
Miami-Dade County,2020-04-28,24.2
Monroe County,2020-04-28,24.34
Nassau County,2020-04-28,17.96
Okaloosa County,2020-04-28,17.77
Okeechobee County,2020-04-28,20.09
Orange County,2020-04-28,19.82
Osceola County,2020-04-28,20.04
Palm Beach County,2020-04-28,21.8
Pasco County,2020-04-28,20.18
Pinellas County,2020-04-28,21.02
Polk County,2020-04-28,20.66
Putnam County,2020-04-28,18.46
St. Johns County,2020-04-28,18.14
St. Lucie County,2020-04-28,19.94
Santa Rosa County,2020-04-28,17.68
Sarasota County,2020-04-28,20.44
Seminole County,2020-04-28,19.26
Sumter County,2020-04-28,19.63
Suwannee County,2020-04-28,17.13
Taylor County,2020-04-28,17.51
Union County,2020-04-28,17.27
Volusia County,2020-04-28,18.61
Wakulla County,2020-04-28,17.71
Walton County,2020-04-28,17.87
Washington County,2020-04-28,18.07
Alachua County,2020-04-29,19.32
Baker County,2020-04-29,19.12
Bay County,2020-04-29,19.94
Bradford County,2020-04-29,19.01
Brevard County,2020-04-29,21.25
Broward County,2020-04-29,23.17
Calhoun County,2020-04-29,20.53
Charlotte County,2020-04-29,23.1
Citrus County,2020-04-29,21.04
Clay County,2020-04-29,19.36
Collier County,2020-04-29,22.76
Columbia County,2020-04-29,19.26
DeSoto County,2020-04-29,22.2
Dixie County,2020-04-29,19.96
Duval County,2020-04-29,19.37
Escambia County,2020-04-29,19.71
Flagler County,2020-04-29,20.05
Franklin County,2020-04-29,20.15
Gadsden County,2020-04-29,20.29
Gilchrist County,2020-04-29,19.56
Glades County,2020-04-29,22.05
Gulf County,2020-04-29,20.1
Hamilton County,2020-04-29,19.46
Hardee County,2020-04-29,21.98
Hendry County,2020-04-29,22.24
Hernando County,2020-04-29,21.54
Highlands County,2020-04-29,21.82
Hillsborough County,2020-04-29,22.46
Holmes County,2020-04-29,19.95
Indian River County,2020-04-29,21.52
Jackson County,2020-04-29,20.76
Jefferson County,2020-04-29,20.0
Lafayette County,2020-04-29,20.01
Lake County,2020-04-29,20.82
Lee County,2020-04-29,23.49
Leon County,2020-04-29,20.03
Levy County,2020-04-29,20.03
Liberty County,2020-04-29,20.33
Madison County,2020-04-29,20.02
Manatee County,2020-04-29,22.24
Marion County,2020-04-29,20.32
Martin County,2020-04-29,22.37
Miami-Dade County,2020-04-29,23.91
Monroe County,2020-04-29,24.63
Nassau County,2020-04-29,19.43
Okaloosa County,2020-04-29,19.14
Okeechobee County,2020-04-29,21.52
Orange County,2020-04-29,20.99
Osceola County,2020-04-29,21.23
Palm Beach County,2020-04-29,22.73
Pasco County,2020-04-29,21.8
Pinellas County,2020-04-29,22.96
Polk County,2020-04-29,21.77
Putnam County,2020-04-29,19.8
St. Johns County,2020-04-29,19.77
St. Lucie County,2020-04-29,21.94
Santa Rosa County,2020-04-29,19.23
Sarasota County,2020-04-29,22.35
Seminole County,2020-04-29,20.58
Sumter County,2020-04-29,20.95
Suwannee County,2020-04-29,19.79
Taylor County,2020-04-29,20.19
Union County,2020-04-29,18.96
Volusia County,2020-04-29,20.31
Wakulla County,2020-04-29,20.03
Walton County,2020-04-29,19.34
Washington County,2020-04-29,20.22
Alachua County,2020-04-30,22.35
Baker County,2020-04-30,21.74
Bay County,2020-04-30,20.93
Bradford County,2020-04-30,21.99
Brevard County,2020-04-30,23.42
Broward County,2020-04-30,24.9
Calhoun County,2020-04-30,21.0
Charlotte County,2020-04-30,24.78
Citrus County,2020-04-30,24.03
Clay County,2020-04-30,22.48
Collier County,2020-04-30,23.97
Columbia County,2020-04-30,21.58
DeSoto County,2020-04-30,24.39
Dixie County,2020-04-30,22.47
Duval County,2020-04-30,22.21
Escambia County,2020-04-30,18.76
Flagler County,2020-04-30,23.17
Franklin County,2020-04-30,22.01
Gadsden County,2020-04-30,21.13
Gilchrist County,2020-04-30,22.19
Glades County,2020-04-30,24.39
Gulf County,2020-04-30,21.45
Hamilton County,2020-04-30,21.1
Hardee County,2020-04-30,24.31
Hendry County,2020-04-30,23.99
Hernando County,2020-04-30,24.35
Highlands County,2020-04-30,24.51
Hillsborough County,2020-04-30,24.61
Holmes County,2020-04-30,19.41
Indian River County,2020-04-30,23.84
Jackson County,2020-04-30,20.6
Jefferson County,2020-04-30,21.61
Lafayette County,2020-04-30,22.12
Lake County,2020-04-30,23.87
Lee County,2020-04-30,24.75
Leon County,2020-04-30,21.52
Levy County,2020-04-30,22.93
Liberty County,2020-04-30,21.4
Madison County,2020-04-30,21.52
Manatee County,2020-04-30,24.04
Marion County,2020-04-30,23.58
Martin County,2020-04-30,24.37
Miami-Dade County,2020-04-30,25.53
Monroe County,2020-04-30,25.48
Nassau County,2020-04-30,22.14
Okaloosa County,2020-04-30,19.1
Okeechobee County,2020-04-30,24.19
Orange County,2020-04-30,23.72
Osceola County,2020-04-30,23.84
Palm Beach County,2020-04-30,24.55
Pasco County,2020-04-30,24.38
Pinellas County,2020-04-30,24.78
Polk County,2020-04-30,24.29
Putnam County,2020-04-30,23.13
St. Johns County,2020-04-30,22.73
St. Lucie County,2020-04-30,24.12
Santa Rosa County,2020-04-30,18.78
Sarasota County,2020-04-30,23.9
Seminole County,2020-04-30,23.47
Sumter County,2020-04-30,24.05
Suwannee County,2020-04-30,21.73
Taylor County,2020-04-30,22.25
Union County,2020-04-30,21.72
Volusia County,2020-04-30,23.26
Wakulla County,2020-04-30,21.92
Walton County,2020-04-30,19.48
Washington County,2020-04-30,20.2
Alachua County,2020-05-01,19.44
Baker County,2020-05-01,19.02
Bay County,2020-05-01,18.24
Bradford County,2020-05-01,19.66
Brevard County,2020-05-01,20.41
Broward County,2020-05-01,22.86
Calhoun County,2020-05-01,17.68
Charlotte County,2020-05-01,20.98
Citrus County,2020-05-01,20.46
Clay County,2020-05-01,20.71
Collier County,2020-05-01,21.92
Columbia County,2020-05-01,18.21
DeSoto County,2020-05-01,19.95
Dixie County,2020-05-01,18.73
Duval County,2020-05-01,21.07
Escambia County,2020-05-01,18.05
Flagler County,2020-05-01,20.76
Franklin County,2020-05-01,18.6
Gadsden County,2020-05-01,17.67
Gilchrist County,2020-05-01,18.61
Glades County,2020-05-01,20.71
Gulf County,2020-05-01,18.17
Hamilton County,2020-05-01,17.39
Hardee County,2020-05-01,19.81
Hendry County,2020-05-01,21.39
Hernando County,2020-05-01,20.96
Highlands County,2020-05-01,19.91
Hillsborough County,2020-05-01,21.55
Holmes County,2020-05-01,16.93
Indian River County,2020-05-01,20.23
Jackson County,2020-05-01,17.36
Jefferson County,2020-05-01,17.74
Lafayette County,2020-05-01,18.06
Lake County,2020-05-01,20.58
Lee County,2020-05-01,21.34
Leon County,2020-05-01,17.87
Levy County,2020-05-01,19.41
Liberty County,2020-05-01,17.84
Madison County,2020-05-01,17.44
Manatee County,2020-05-01,20.83
Marion County,2020-05-01,20.12
Martin County,2020-05-01,21.29
Miami-Dade County,2020-05-01,24.07
Monroe County,2020-05-01,24.43
Nassau County,2020-05-01,20.26
Okaloosa County,2020-05-01,17.6
Okeechobee County,2020-05-01,20.27
Orange County,2020-05-01,20.66
Osceola County,2020-05-01,20.22
Palm Beach County,2020-05-01,21.93
Pasco County,2020-05-01,21.18
Pinellas County,2020-05-01,22.83
Polk County,2020-05-01,20.43
Putnam County,2020-05-01,20.73
St. Johns County,2020-05-01,21.31
St. Lucie County,2020-05-01,20.61
Santa Rosa County,2020-05-01,17.75
Sarasota County,2020-05-01,20.78
Seminole County,2020-05-01,20.69
Sumter County,2020-05-01,20.35
Suwannee County,2020-05-01,17.9
Taylor County,2020-05-01,18.2
Union County,2020-05-01,18.91
Volusia County,2020-05-01,20.55
Wakulla County,2020-05-01,18.28
Walton County,2020-05-01,17.45
Washington County,2020-05-01,17.38
Alachua County,2020-05-02,19.03
Baker County,2020-05-02,18.51
Bay County,2020-05-02,18.84
Bradford County,2020-05-02,18.94
Brevard County,2020-05-02,20.3
Broward County,2020-05-02,22.32
Calhoun County,2020-05-02,18.68
Charlotte County,2020-05-02,21.28
Citrus County,2020-05-02,19.87
Clay County,2020-05-02,19.7
Collier County,2020-05-02,21.78
Columbia County,2020-05-02,18.18
DeSoto County,2020-05-02,20.48
Dixie County,2020-05-02,19.01
Duval County,2020-05-02,19.72
Escambia County,2020-05-02,18.72
Flagler County,2020-05-02,20.22
Franklin County,2020-05-02,18.95
Gadsden County,2020-05-02,18.74
Gilchrist County,2020-05-02,18.82
Glades County,2020-05-02,21.09
Gulf County,2020-05-02,18.64
Hamilton County,2020-05-02,17.67
Hardee County,2020-05-02,20.21
Hendry County,2020-05-02,21.51
Hernando County,2020-05-02,20.16
Highlands County,2020-05-02,20.48
Hillsborough County,2020-05-02,20.62
Holmes County,2020-05-02,18.5
Indian River County,2020-05-02,20.17
Jackson County,2020-05-02,18.64
Jefferson County,2020-05-02,18.52
Lafayette County,2020-05-02,18.6
Lake County,2020-05-02,20.46
Lee County,2020-05-02,21.59
Leon County,2020-05-02,18.82
Levy County,2020-05-02,19.28
Liberty County,2020-05-02,18.75
Madison County,2020-05-02,18.1
Manatee County,2020-05-02,20.39
Marion County,2020-05-02,19.78
Martin County,2020-05-02,21.01
Miami-Dade County,2020-05-02,23.03
Monroe County,2020-05-02,23.45
Nassau County,2020-05-02,19.23
Okaloosa County,2020-05-02,18.61
Okeechobee County,2020-05-02,20.45
Orange County,2020-05-02,20.67
Osceola County,2020-05-02,20.4
Palm Beach County,2020-05-02,21.62
Pasco County,2020-05-02,20.26
Pinellas County,2020-05-02,20.88
Polk County,2020-05-02,20.57
Putnam County,2020-05-02,20.06
St. Johns County,2020-05-02,20.24
St. Lucie County,2020-05-02,20.4
Santa Rosa County,2020-05-02,18.51
Sarasota County,2020-05-02,20.52
Seminole County,2020-05-02,20.66
Sumter County,2020-05-02,20.08
Suwannee County,2020-05-02,18.29
Taylor County,2020-05-02,18.77
Union County,2020-05-02,18.5
Volusia County,2020-05-02,20.3
Wakulla County,2020-05-02,19.01
Walton County,2020-05-02,18.61
Washington County,2020-05-02,18.6
Alachua County,2020-05-03,20.71
Baker County,2020-05-03,20.63
Bay County,2020-05-03,20.49
Bradford County,2020-05-03,20.74
Brevard County,2020-05-03,21.14
Broward County,2020-05-03,23.09
Calhoun County,2020-05-03,20.7
Charlotte County,2020-05-03,22.72
Citrus County,2020-05-03,21.27
Clay County,2020-05-03,21.33
Collier County,2020-05-03,22.46
Columbia County,2020-05-03,20.44
DeSoto County,2020-05-03,22.14
Dixie County,2020-05-03,20.89
Duval County,2020-05-03,21.34
Escambia County,2020-05-03,20.2
Flagler County,2020-05-03,21.4
Franklin County,2020-05-03,20.79
Gadsden County,2020-05-03,21.22
Gilchrist County,2020-05-03,20.67
Glades County,2020-05-03,22.22
Gulf County,2020-05-03,20.33
Hamilton County,2020-05-03,20.34
Hardee County,2020-05-03,21.98
Hendry County,2020-05-03,22.28
Hernando County,2020-05-03,21.61
Highlands County,2020-05-03,21.99
Hillsborough County,2020-05-03,22.24
Holmes County,2020-05-03,20.32
Indian River County,2020-05-03,21.41
Jackson County,2020-05-03,20.79
Jefferson County,2020-05-03,21.2
Lafayette County,2020-05-03,20.91
Lake County,2020-05-03,21.83
Lee County,2020-05-03,22.76
Leon County,2020-05-03,21.38
Levy County,2020-05-03,20.79
Liberty County,2020-05-03,20.83
Madison County,2020-05-03,20.83
Manatee County,2020-05-03,22.0
Marion County,2020-05-03,21.19
Martin County,2020-05-03,22.46
Miami-Dade County,2020-05-03,23.81
Monroe County,2020-05-03,24.15
Nassau County,2020-05-03,21.11
Okaloosa County,2020-05-03,20.11
Okeechobee County,2020-05-03,21.79
Orange County,2020-05-03,21.92
Osceola County,2020-05-03,21.73
Palm Beach County,2020-05-03,22.71
Pasco County,2020-05-03,21.77
Pinellas County,2020-05-03,22.23
Polk County,2020-05-03,22.21
Putnam County,2020-05-03,21.48
St. Johns County,2020-05-03,21.52
St. Lucie County,2020-05-03,21.81
Santa Rosa County,2020-05-03,20.05
Sarasota County,2020-05-03,22.03
Seminole County,2020-05-03,21.81
Sumter County,2020-05-03,21.5
Suwannee County,2020-05-03,20.75
Taylor County,2020-05-03,21.19
Union County,2020-05-03,20.46
Volusia County,2020-05-03,21.36
Wakulla County,2020-05-03,21.36
Walton County,2020-05-03,20.19
Washington County,2020-05-03,20.43
Alachua County,2020-05-04,21.89
Baker County,2020-05-04,21.81
Bay County,2020-05-04,21.08
Bradford County,2020-05-04,22.0
Brevard County,2020-05-04,22.33
Broward County,2020-05-04,23.39
Calhoun County,2020-05-04,21.66
Charlotte County,2020-05-04,24.08
Citrus County,2020-05-04,22.4
Clay County,2020-05-04,22.86
Collier County,2020-05-04,23.43
Columbia County,2020-05-04,21.43
DeSoto County,2020-05-04,23.49
Dixie County,2020-05-04,21.57
Duval County,2020-05-04,23.11
Escambia County,2020-05-04,21.2
Flagler County,2020-05-04,23.08
Franklin County,2020-05-04,21.53
Gadsden County,2020-05-04,22.25
Gilchrist County,2020-05-04,21.55
Glades County,2020-05-04,23.31
Gulf County,2020-05-04,21.06
Hamilton County,2020-05-04,21.27
Hardee County,2020-05-04,23.36
Hendry County,2020-05-04,23.29
Hernando County,2020-05-04,22.86
Highlands County,2020-05-04,23.12
Hillsborough County,2020-05-04,23.69
Holmes County,2020-05-04,21.21
Indian River County,2020-05-04,22.22
Jackson County,2020-05-04,21.97
Jefferson County,2020-05-04,21.88
Lafayette County,2020-05-04,21.57
Lake County,2020-05-04,23.31
Lee County,2020-05-04,24.06
Leon County,2020-05-04,22.2
Levy County,2020-05-04,21.73
Liberty County,2020-05-04,21.77
Madison County,2020-05-04,21.55
Manatee County,2020-05-04,23.59
Marion County,2020-05-04,22.57
Martin County,2020-05-04,22.8
Miami-Dade County,2020-05-04,24.13
Monroe County,2020-05-04,24.81
Nassau County,2020-05-04,22.9
Okaloosa County,2020-05-04,20.87
Okeechobee County,2020-05-04,22.65
Orange County,2020-05-04,23.27
Osceola County,2020-05-04,22.87
Palm Beach County,2020-05-04,23.01
Pasco County,2020-05-04,23.14
Pinellas County,2020-05-04,23.82
Polk County,2020-05-04,23.54
Putnam County,2020-05-04,23.1
St. Johns County,2020-05-04,23.29
St. Lucie County,2020-05-04,22.37
Santa Rosa County,2020-05-04,20.95
Sarasota County,2020-05-04,23.63
Seminole County,2020-05-04,23.29
Sumter County,2020-05-04,22.85
Suwannee County,2020-05-04,21.53
Taylor County,2020-05-04,21.74
Union County,2020-05-04,21.56
Volusia County,2020-05-04,22.95
Wakulla County,2020-05-04,22.06
Walton County,2020-05-04,20.81
Washington County,2020-05-04,21.2
Alachua County,2020-05-05,23.01
Baker County,2020-05-05,23.47
Bay County,2020-05-05,22.81
Bradford County,2020-05-05,23.35
Brevard County,2020-05-05,23.87
Broward County,2020-05-05,25.01
Calhoun County,2020-05-05,23.79
Charlotte County,2020-05-05,24.44
Citrus County,2020-05-05,23.07
Clay County,2020-05-05,24.22
Collier County,2020-05-05,24.31
Columbia County,2020-05-05,23.01
DeSoto County,2020-05-05,24.1
Dixie County,2020-05-05,22.3
Duval County,2020-05-05,24.4
Escambia County,2020-05-05,22.57
Flagler County,2020-05-05,24.47
Franklin County,2020-05-05,22.86
Gadsden County,2020-05-05,24.19
Gilchrist County,2020-05-05,22.57
Glades County,2020-05-05,24.62
Gulf County,2020-05-05,22.77
Hamilton County,2020-05-05,23.06
Hardee County,2020-05-05,24.1
Hendry County,2020-05-05,24.73
Hernando County,2020-05-05,23.59
Highlands County,2020-05-05,24.26
Hillsborough County,2020-05-05,24.15
Holmes County,2020-05-05,22.85
Indian River County,2020-05-05,23.94
Jackson County,2020-05-05,24.05
Jefferson County,2020-05-05,23.46
Lafayette County,2020-05-05,22.83
Lake County,2020-05-05,24.61
Lee County,2020-05-05,24.44
Leon County,2020-05-05,23.89
Levy County,2020-05-05,22.34
Liberty County,2020-05-05,23.71
Madison County,2020-05-05,23.23
Manatee County,2020-05-05,23.92
Marion County,2020-05-05,23.71
Martin County,2020-05-05,24.73
Miami-Dade County,2020-05-05,25.32
Monroe County,2020-05-05,25.37
Nassau County,2020-05-05,24.34
Okaloosa County,2020-05-05,22.18
Okeechobee County,2020-05-05,24.29
Orange County,2020-05-05,24.63
Osceola County,2020-05-05,24.22
Palm Beach County,2020-05-05,24.97
Pasco County,2020-05-05,23.86
Pinellas County,2020-05-05,24.05
Polk County,2020-05-05,24.51
Putnam County,2020-05-05,24.43
St. Johns County,2020-05-05,24.51
St. Lucie County,2020-05-05,24.21
Santa Rosa County,2020-05-05,22.22
Sarasota County,2020-05-05,23.76
Seminole County,2020-05-05,24.76
Sumter County,2020-05-05,23.94
Suwannee County,2020-05-05,23.04
Taylor County,2020-05-05,22.83
Union County,2020-05-05,22.98
Volusia County,2020-05-05,24.42
Wakulla County,2020-05-05,23.37
Walton County,2020-05-05,22.25
Washington County,2020-05-05,23.22
Alachua County,2020-05-06,23.96
Baker County,2020-05-06,24.74
Bay County,2020-05-06,24.88
Bradford County,2020-05-06,24.44
Brevard County,2020-05-06,24.96
Broward County,2020-05-06,25.94
Calhoun County,2020-05-06,25.11
Charlotte County,2020-05-06,25.31
Citrus County,2020-05-06,23.54
Clay County,2020-05-06,25.24
Collier County,2020-05-06,24.97
Columbia County,2020-05-06,24.33
DeSoto County,2020-05-06,24.8
Dixie County,2020-05-06,23.73
Duval County,2020-05-06,25.64
Escambia County,2020-05-06,24.06
Flagler County,2020-05-06,25.05
Franklin County,2020-05-06,24.95
Gadsden County,2020-05-06,25.35
Gilchrist County,2020-05-06,23.82
Glades County,2020-05-06,25.72
Gulf County,2020-05-06,24.67
Hamilton County,2020-05-06,24.17
Hardee County,2020-05-06,24.65
Hendry County,2020-05-06,25.71
Hernando County,2020-05-06,23.89
Highlands County,2020-05-06,25.2
Hillsborough County,2020-05-06,24.32
Holmes County,2020-05-06,24.77
Indian River County,2020-05-06,25.35
Jackson County,2020-05-06,25.1
Jefferson County,2020-05-06,24.84
Lafayette County,2020-05-06,24.32
Lake County,2020-05-06,24.9
Lee County,2020-05-06,25.48
Leon County,2020-05-06,25.45
Levy County,2020-05-06,23.26
Liberty County,2020-05-06,25.21
Madison County,2020-05-06,24.39
Manatee County,2020-05-06,24.15
Marion County,2020-05-06,24.19
Martin County,2020-05-06,26.41
Miami-Dade County,2020-05-06,25.76
Monroe County,2020-05-06,25.75
Nassau County,2020-05-06,25.6
Okaloosa County,2020-05-06,24.69
Okeechobee County,2020-05-06,25.59
Orange County,2020-05-06,25.16
Osceola County,2020-05-06,25.11
Palm Beach County,2020-05-06,26.36
Pasco County,2020-05-06,24.05
Pinellas County,2020-05-06,24.31
Polk County,2020-05-06,25.05
Putnam County,2020-05-06,25.08
St. Johns County,2020-05-06,25.47
St. Lucie County,2020-05-06,25.83
Santa Rosa County,2020-05-06,24.23
Sarasota County,2020-05-06,24.18
Seminole County,2020-05-06,25.2
Sumter County,2020-05-06,24.24
Suwannee County,2020-05-06,24.41
Taylor County,2020-05-06,24.57
Union County,2020-05-06,24.24
Volusia County,2020-05-06,24.87
Wakulla County,2020-05-06,25.37
Walton County,2020-05-06,24.74
Washington County,2020-05-06,24.93
Alachua County,2020-05-07,21.95
Baker County,2020-05-07,21.75
Bay County,2020-05-07,20.21
Bradford County,2020-05-07,22.27
Brevard County,2020-05-07,24.52
Broward County,2020-05-07,25.59
Calhoun County,2020-05-07,19.43
Charlotte County,2020-05-07,24.3
Citrus County,2020-05-07,23.09
Clay County,2020-05-07,23.46
Collier County,2020-05-07,24.14
Columbia County,2020-05-07,20.72
DeSoto County,2020-05-07,23.57
Dixie County,2020-05-07,21.15
Duval County,2020-05-07,23.72
Escambia County,2020-05-07,20.14
Flagler County,2020-05-07,23.71
Franklin County,2020-05-07,20.89
Gadsden County,2020-05-07,19.26
Gilchrist County,2020-05-07,21.07
Glades County,2020-05-07,24.04
Gulf County,2020-05-07,20.34
Hamilton County,2020-05-07,19.52
Hardee County,2020-05-07,23.5
Hendry County,2020-05-07,24.28
Hernando County,2020-05-07,23.7
Highlands County,2020-05-07,23.61
Hillsborough County,2020-05-07,24.5
Holmes County,2020-05-07,18.45
Indian River County,2020-05-07,24.47
Jackson County,2020-05-07,18.75
Jefferson County,2020-05-07,19.52
Lafayette County,2020-05-07,20.38
Lake County,2020-05-07,23.74
Lee County,2020-05-07,24.35
Leon County,2020-05-07,19.71
Levy County,2020-05-07,21.89
Liberty County,2020-05-07,19.82
Madison County,2020-05-07,19.27
Manatee County,2020-05-07,23.94
Marion County,2020-05-07,22.87
Martin County,2020-05-07,25.09
Miami-Dade County,2020-05-07,26.03
Monroe County,2020-05-07,25.86
Nassau County,2020-05-07,22.88
Okaloosa County,2020-05-07,19.75
Okeechobee County,2020-05-07,24.05
Orange County,2020-05-07,24.22
Osceola County,2020-05-07,24.09
Palm Beach County,2020-05-07,25.24
Pasco County,2020-05-07,24.01
Pinellas County,2020-05-07,25.38
Polk County,2020-05-07,24.03
Putnam County,2020-05-07,23.57
St. Johns County,2020-05-07,24.03
St. Lucie County,2020-05-07,24.72
Santa Rosa County,2020-05-07,19.96
Sarasota County,2020-05-07,23.89
Seminole County,2020-05-07,24.19
Sumter County,2020-05-07,23.28
Suwannee County,2020-05-07,20.17
Taylor County,2020-05-07,20.39
Union County,2020-05-07,21.48
Volusia County,2020-05-07,23.81
Wakulla County,2020-05-07,20.44
Walton County,2020-05-07,19.38
Washington County,2020-05-07,19.04
Alachua County,2020-05-08,16.28
Baker County,2020-05-08,16.01
Bay County,2020-05-08,17.46
Bradford County,2020-05-08,16.21
Brevard County,2020-05-08,18.41
Broward County,2020-05-08,23.1
Calhoun County,2020-05-08,16.65
Charlotte County,2020-05-08,21.36
Citrus County,2020-05-08,18.05
Clay County,2020-05-08,16.72
Collier County,2020-05-08,22.08
Columbia County,2020-05-08,15.71
DeSoto County,2020-05-08,20.08
Dixie County,2020-05-08,16.63
Duval County,2020-05-08,16.87
Escambia County,2020-05-08,17.23
Flagler County,2020-05-08,16.51
Franklin County,2020-05-08,17.36
Gadsden County,2020-05-08,16.54
Gilchrist County,2020-05-08,16.11
Glades County,2020-05-08,20.78
Gulf County,2020-05-08,17.17
Hamilton County,2020-05-08,15.42
Hardee County,2020-05-08,19.42
Hendry County,2020-05-08,21.49
Hernando County,2020-05-08,18.83
Highlands County,2020-05-08,19.71
Hillsborough County,2020-05-08,20.24
Holmes County,2020-05-08,16.16
Indian River County,2020-05-08,20.06
Jackson County,2020-05-08,16.41
Jefferson County,2020-05-08,16.42
Lafayette County,2020-05-08,16.07
Lake County,2020-05-08,17.52
Lee County,2020-05-08,21.8
Leon County,2020-05-08,16.67
Levy County,2020-05-08,16.9
Liberty County,2020-05-08,16.6
Madison County,2020-05-08,15.85
Manatee County,2020-05-08,20.36
Marion County,2020-05-08,16.87
Martin County,2020-05-08,21.96
Miami-Dade County,2020-05-08,24.25
Monroe County,2020-05-08,24.59
Nassau County,2020-05-08,16.62
Okaloosa County,2020-05-08,16.84
Okeechobee County,2020-05-08,20.13
Orange County,2020-05-08,17.77
Osceola County,2020-05-08,18.55
Palm Beach County,2020-05-08,22.31
Pasco County,2020-05-08,19.31
Pinellas County,2020-05-08,21.33
Polk County,2020-05-08,19.07
Putnam County,2020-05-08,16.75
St. Johns County,2020-05-08,16.92
St. Lucie County,2020-05-08,21.14
Santa Rosa County,2020-05-08,16.91
Sarasota County,2020-05-08,20.81
Seminole County,2020-05-08,17.24
Sumter County,2020-05-08,17.78
Suwannee County,2020-05-08,15.82
Taylor County,2020-05-08,16.59
Union County,2020-05-08,15.88
Volusia County,2020-05-08,16.58
Wakulla County,2020-05-08,17.0
Walton County,2020-05-08,16.78
Washington County,2020-05-08,16.61
Alachua County,2020-05-09,19.04
Baker County,2020-05-09,18.47
Bay County,2020-05-09,19.09
Bradford County,2020-05-09,18.82
Brevard County,2020-05-09,21.31
Broward County,2020-05-09,22.97
Calhoun County,2020-05-09,18.31
Charlotte County,2020-05-09,22.47
Citrus County,2020-05-09,20.42
Clay County,2020-05-09,19.57
Collier County,2020-05-09,22.14
Columbia County,2020-05-09,18.06
DeSoto County,2020-05-09,21.88
Dixie County,2020-05-09,19.12
Duval County,2020-05-09,19.57
Escambia County,2020-05-09,19.42
Flagler County,2020-05-09,20.52
Franklin County,2020-05-09,18.79
Gadsden County,2020-05-09,18.12
Gilchrist County,2020-05-09,18.9
Glades County,2020-05-09,22.36
Gulf County,2020-05-09,18.7
Hamilton County,2020-05-09,17.31
Hardee County,2020-05-09,21.47
Hendry County,2020-05-09,22.39
Hernando County,2020-05-09,20.73
Highlands County,2020-05-09,21.9
Hillsborough County,2020-05-09,21.24
Holmes County,2020-05-09,18.33
Indian River County,2020-05-09,21.58
Jackson County,2020-05-09,18.25
Jefferson County,2020-05-09,17.89
Lafayette County,2020-05-09,18.34
Lake County,2020-05-09,20.77
Lee County,2020-05-09,22.52
Leon County,2020-05-09,18.15
Levy County,2020-05-09,19.69
Liberty County,2020-05-09,18.24
Madison County,2020-05-09,17.51
Manatee County,2020-05-09,21.24
Marion County,2020-05-09,20.0
Martin County,2020-05-09,22.57
Miami-Dade County,2020-05-09,23.48
Monroe County,2020-05-09,23.72
Nassau County,2020-05-09,19.13
Okaloosa County,2020-05-09,19.21
Okeechobee County,2020-05-09,21.86
Orange County,2020-05-09,21.06
Osceola County,2020-05-09,21.21
Palm Beach County,2020-05-09,22.75
Pasco County,2020-05-09,20.81
Pinellas County,2020-05-09,21.52
Polk County,2020-05-09,21.39
Putnam County,2020-05-09,20.06
St. Johns County,2020-05-09,20.27
St. Lucie County,2020-05-09,22.01
Santa Rosa County,2020-05-09,19.3
Sarasota County,2020-05-09,21.48
Seminole County,2020-05-09,21.03
Sumter County,2020-05-09,20.51
Suwannee County,2020-05-09,17.97
Taylor County,2020-05-09,18.37
Union County,2020-05-09,18.38
Volusia County,2020-05-09,20.8
Wakulla County,2020-05-09,18.4
Walton County,2020-05-09,18.92
Washington County,2020-05-09,18.56
Alachua County,2020-05-10,20.99
Baker County,2020-05-10,19.38
Bay County,2020-05-10,19.82
Bradford County,2020-05-10,20.23
Brevard County,2020-05-10,23.43
Broward County,2020-05-10,24.84
Calhoun County,2020-05-10,19.33
Charlotte County,2020-05-10,25.59
Citrus County,2020-05-10,23.29
Clay County,2020-05-10,20.54
Collier County,2020-05-10,24.43
Columbia County,2020-05-10,19.58
DeSoto County,2020-05-10,25.28
Dixie County,2020-05-10,21.63
Duval County,2020-05-10,19.52
Escambia County,2020-05-10,17.67
Flagler County,2020-05-10,21.49
Franklin County,2020-05-10,20.88
Gadsden County,2020-05-10,19.48
Gilchrist County,2020-05-10,21.06
Glades County,2020-05-10,25.23
Gulf County,2020-05-10,20.13
Hamilton County,2020-05-10,19.13
Hardee County,2020-05-10,25.18
Hendry County,2020-05-10,24.77
Hernando County,2020-05-10,24.13
Highlands County,2020-05-10,25.23
Hillsborough County,2020-05-10,25.32
Holmes County,2020-05-10,18.19
Indian River County,2020-05-10,24.1
Jackson County,2020-05-10,18.64
Jefferson County,2020-05-10,20.07
Lafayette County,2020-05-10,20.83
Lake County,2020-05-10,23.68
Lee County,2020-05-10,25.22
Leon County,2020-05-10,20.13
Levy County,2020-05-10,22.04
Liberty County,2020-05-10,19.91
Madison County,2020-05-10,19.77
Manatee County,2020-05-10,25.25
Marion County,2020-05-10,22.34
Martin County,2020-05-10,24.84
Miami-Dade County,2020-05-10,25.22
Monroe County,2020-05-10,25.52
Nassau County,2020-05-10,18.89
Okaloosa County,2020-05-10,18.28
Okeechobee County,2020-05-10,24.94
Orange County,2020-05-10,24.15
Osceola County,2020-05-10,24.6
Palm Beach County,2020-05-10,24.89
Pasco County,2020-05-10,24.61
Pinellas County,2020-05-10,25.49
Polk County,2020-05-10,25.21
Putnam County,2020-05-10,21.57
St. Johns County,2020-05-10,20.57
St. Lucie County,2020-05-10,24.34
Santa Rosa County,2020-05-10,17.78
Sarasota County,2020-05-10,25.18
Seminole County,2020-05-10,23.61
Sumter County,2020-05-10,23.63
Suwannee County,2020-05-10,20.14
Taylor County,2020-05-10,21.01
Union County,2020-05-10,19.87
Volusia County,2020-05-10,22.37
Wakulla County,2020-05-10,20.79
Walton County,2020-05-10,18.65
Washington County,2020-05-10,18.85
Alachua County,2020-05-11,19.98
Baker County,2020-05-11,18.78
Bay County,2020-05-11,20.31
Bradford County,2020-05-11,19.56
Brevard County,2020-05-11,21.56
Broward County,2020-05-11,23.4
Calhoun County,2020-05-11,19.56
Charlotte County,2020-05-11,24.0
Citrus County,2020-05-11,21.93
Clay County,2020-05-11,20.25
Collier County,2020-05-11,22.41
Columbia County,2020-05-11,18.6
DeSoto County,2020-05-11,23.47
Dixie County,2020-05-11,19.98
Duval County,2020-05-11,19.65
Escambia County,2020-05-11,19.4
Flagler County,2020-05-11,21.22
Franklin County,2020-05-11,20.46
Gadsden County,2020-05-11,19.37
Gilchrist County,2020-05-11,19.64
Glades County,2020-05-11,22.98
Gulf County,2020-05-11,20.1
Hamilton County,2020-05-11,18.15
Hardee County,2020-05-11,23.24
Hendry County,2020-05-11,22.97
Hernando County,2020-05-11,22.71
Highlands County,2020-05-11,22.76
Hillsborough County,2020-05-11,23.72
Holmes County,2020-05-11,19.11
Indian River County,2020-05-11,21.7
Jackson County,2020-05-11,19.18
Jefferson County,2020-05-11,19.31
Lafayette County,2020-05-11,19.31
Lake County,2020-05-11,22.68
Lee County,2020-05-11,23.6
Leon County,2020-05-11,19.66
Levy County,2020-05-11,20.55
Liberty County,2020-05-11,19.71
Madison County,2020-05-11,18.77
Manatee County,2020-05-11,23.85
Marion County,2020-05-11,21.46
Martin County,2020-05-11,22.77
Miami-Dade County,2020-05-11,23.17
Monroe County,2020-05-11,22.94
Nassau County,2020-05-11,19.01
Okaloosa County,2020-05-11,19.63
Okeechobee County,2020-05-11,22.3
Orange County,2020-05-11,22.64
Osceola County,2020-05-11,22.38
Palm Beach County,2020-05-11,23.3
Pasco County,2020-05-11,23.13
Pinellas County,2020-05-11,24.22
Polk County,2020-05-11,23.23
Putnam County,2020-05-11,21.18
St. Johns County,2020-05-11,20.67
St. Lucie County,2020-05-11,22.04
Santa Rosa County,2020-05-11,19.34
Sarasota County,2020-05-11,23.94
Seminole County,2020-05-11,22.39
Sumter County,2020-05-11,22.5
Suwannee County,2020-05-11,18.85
Taylor County,2020-05-11,19.64
Union County,2020-05-11,19.02
Volusia County,2020-05-11,21.59
Wakulla County,2020-05-11,20.07
Walton County,2020-05-11,19.66
Washington County,2020-05-11,19.52
Alachua County,2020-05-12,20.61
Baker County,2020-05-12,19.68
Bay County,2020-05-12,21.52
Bradford County,2020-05-12,20.34
Brevard County,2020-05-12,22.03
Broward County,2020-05-12,24.63
Calhoun County,2020-05-12,20.3
Charlotte County,2020-05-12,24.53
Citrus County,2020-05-12,22.27
Clay County,2020-05-12,21.11
Collier County,2020-05-12,24.47
Columbia County,2020-05-12,19.38
DeSoto County,2020-05-12,23.66
Dixie County,2020-05-12,20.73
Duval County,2020-05-12,20.72
Escambia County,2020-05-12,20.07
Flagler County,2020-05-12,21.87
Franklin County,2020-05-12,21.59
Gadsden County,2020-05-12,19.82
Gilchrist County,2020-05-12,20.24
Glades County,2020-05-12,24.04
Gulf County,2020-05-12,21.29
Hamilton County,2020-05-12,18.82
Hardee County,2020-05-12,23.33
Hendry County,2020-05-12,24.3
Hernando County,2020-05-12,22.87
Highlands County,2020-05-12,23.43
Hillsborough County,2020-05-12,23.85
Holmes County,2020-05-12,19.57
Indian River County,2020-05-12,22.64
Jackson County,2020-05-12,19.67
Jefferson County,2020-05-12,20.02
Lafayette County,2020-05-12,19.99
Lake County,2020-05-12,22.72
Lee County,2020-05-12,24.76
Leon County,2020-05-12,20.23
Levy County,2020-05-12,21.14
Liberty County,2020-05-12,20.41
Madison County,2020-05-12,19.37
Manatee County,2020-05-12,23.74
Marion County,2020-05-12,21.8
Martin County,2020-05-12,23.91
Miami-Dade County,2020-05-12,25.01
Monroe County,2020-05-12,25.37
Nassau County,2020-05-12,20.08
Okaloosa County,2020-05-12,20.29
Okeechobee County,2020-05-12,23.25
Orange County,2020-05-12,22.73
Osceola County,2020-05-12,22.77
Palm Beach County,2020-05-12,24.33
Pasco County,2020-05-12,23.19
Pinellas County,2020-05-12,24.3
Polk County,2020-05-12,23.37
Putnam County,2020-05-12,21.83
St. Johns County,2020-05-12,21.58
St. Lucie County,2020-05-12,23.14
Santa Rosa County,2020-05-12,20.04
Sarasota County,2020-05-12,23.92
Seminole County,2020-05-12,22.55
Sumter County,2020-05-12,22.52
Suwannee County,2020-05-12,19.52
Taylor County,2020-05-12,20.53
Union County,2020-05-12,19.79
Volusia County,2020-05-12,21.94
Wakulla County,2020-05-12,20.99
Walton County,2020-05-12,20.43
Washington County,2020-05-12,20.2
Alachua County,2020-05-13,20.3
Baker County,2020-05-13,18.98
Bay County,2020-05-13,21.46
Bradford County,2020-05-13,19.68
Brevard County,2020-05-13,23.11
Broward County,2020-05-13,24.95
Calhoun County,2020-05-13,20.62
Charlotte County,2020-05-13,24.67
Citrus County,2020-05-13,22.51
Clay County,2020-05-13,20.1
Collier County,2020-05-13,24.2
Columbia County,2020-05-13,19.22
DeSoto County,2020-05-13,23.78
Dixie County,2020-05-13,21.04
Duval County,2020-05-13,19.48
Escambia County,2020-05-13,20.45
Flagler County,2020-05-13,21.47
Franklin County,2020-05-13,21.72
Gadsden County,2020-05-13,20.45
Gilchrist County,2020-05-13,20.35
Glades County,2020-05-13,24.06
Gulf County,2020-05-13,21.24
Hamilton County,2020-05-13,19.02
Hardee County,2020-05-13,23.55
Hendry County,2020-05-13,24.04
Hernando County,2020-05-13,23.15
Highlands County,2020-05-13,23.64
Hillsborough County,2020-05-13,24.13
Holmes County,2020-05-13,20.22
Indian River County,2020-05-13,23.58
Jackson County,2020-05-13,20.31
Jefferson County,2020-05-13,20.52
Lafayette County,2020-05-13,20.33
Lake County,2020-05-13,22.91
Lee County,2020-05-13,24.82
Leon County,2020-05-13,20.8
Levy County,2020-05-13,21.28
Liberty County,2020-05-13,20.74
Madison County,2020-05-13,19.86
Manatee County,2020-05-13,23.94
Marion County,2020-05-13,21.65
Martin County,2020-05-13,24.69
Miami-Dade County,2020-05-13,25.5
Monroe County,2020-05-13,25.9
Nassau County,2020-05-13,18.76
Okaloosa County,2020-05-13,20.38
Okeechobee County,2020-05-13,23.69
Orange County,2020-05-13,23.14
Osceola County,2020-05-13,23.26
Palm Beach County,2020-05-13,24.72
Pasco County,2020-05-13,23.45
Pinellas County,2020-05-13,24.7
Polk County,2020-05-13,23.71
Putnam County,2020-05-13,21.11
St. Johns County,2020-05-13,20.72
St. Lucie County,2020-05-13,24.1
Santa Rosa County,2020-05-13,20.2
Sarasota County,2020-05-13,24.15
Seminole County,2020-05-13,22.91
Sumter County,2020-05-13,22.75
Suwannee County,2020-05-13,19.79
Taylor County,2020-05-13,20.96
Union County,2020-05-13,19.39
Volusia County,2020-05-13,22.17
Wakulla County,2020-05-13,21.4
Walton County,2020-05-13,20.58
Washington County,2020-05-13,20.56
Alachua County,2020-05-14,21.28
Baker County,2020-05-14,20.27
Bay County,2020-05-14,23.08
Bradford County,2020-05-14,20.83
Brevard County,2020-05-14,24.13
Broward County,2020-05-14,24.92
Calhoun County,2020-05-14,23.15
Charlotte County,2020-05-14,25.12
Citrus County,2020-05-14,23.34
Clay County,2020-05-14,21.57
Collier County,2020-05-14,24.04
Columbia County,2020-05-14,20.29
DeSoto County,2020-05-14,24.35
Dixie County,2020-05-14,22.21
Duval County,2020-05-14,21.44
Escambia County,2020-05-14,22.19
Flagler County,2020-05-14,22.8
Franklin County,2020-05-14,23.43
Gadsden County,2020-05-14,23.28
Gilchrist County,2020-05-14,21.37
Glades County,2020-05-14,24.46
Gulf County,2020-05-14,23.0
Hamilton County,2020-05-14,20.42
Hardee County,2020-05-14,24.09
Hendry County,2020-05-14,24.15
Hernando County,2020-05-14,23.9
Highlands County,2020-05-14,24.18
Hillsborough County,2020-05-14,24.7
Holmes County,2020-05-14,22.57
Indian River County,2020-05-14,24.22
Jackson County,2020-05-14,23.22
Jefferson County,2020-05-14,22.74
Lafayette County,2020-05-14,21.64
Lake County,2020-05-14,23.57
Lee County,2020-05-14,25.03
Leon County,2020-05-14,23.28
Levy County,2020-05-14,22.27
Liberty County,2020-05-14,23.2
Madison County,2020-05-14,21.72
Manatee County,2020-05-14,24.55
Marion County,2020-05-14,22.52
Martin County,2020-05-14,25.14
Miami-Dade County,2020-05-14,25.08
Monroe County,2020-05-14,25.14
Nassau County,2020-05-14,20.86
Okaloosa County,2020-05-14,22.05
Okeechobee County,2020-05-14,24.26
Orange County,2020-05-14,23.91
Osceola County,2020-05-14,23.95
Palm Beach County,2020-05-14,24.99
Pasco County,2020-05-14,24.13
Pinellas County,2020-05-14,25.38
Polk County,2020-05-14,24.22
Putnam County,2020-05-14,22.33
St. Johns County,2020-05-14,22.47
St. Lucie County,2020-05-14,24.64
Santa Rosa County,2020-05-14,21.92
Sarasota County,2020-05-14,24.75
Seminole County,2020-05-14,23.75
Sumter County,2020-05-14,23.44
Suwannee County,2020-05-14,21.01
Taylor County,2020-05-14,22.59
Union County,2020-05-14,20.41
Volusia County,2020-05-14,23.25
Wakulla County,2020-05-14,23.51
Walton County,2020-05-14,22.31
Washington County,2020-05-14,22.81
Alachua County,2020-05-15,22.45
Baker County,2020-05-15,21.38
Bay County,2020-05-15,24.53
Bradford County,2020-05-15,21.95
Brevard County,2020-05-15,24.52
Broward County,2020-05-15,24.49
Calhoun County,2020-05-15,24.37
Charlotte County,2020-05-15,25.4
Citrus County,2020-05-15,24.03
Clay County,2020-05-15,22.42
Collier County,2020-05-15,23.58
Columbia County,2020-05-15,21.6
DeSoto County,2020-05-15,25.03
Dixie County,2020-05-15,23.44
Duval County,2020-05-15,21.94
Escambia County,2020-05-15,23.83
Flagler County,2020-05-15,23.42
Franklin County,2020-05-15,24.73
Gadsden County,2020-05-15,24.33
Gilchrist County,2020-05-15,22.69
Glades County,2020-05-15,25.03
Gulf County,2020-05-15,24.4
Hamilton County,2020-05-15,21.61
Hardee County,2020-05-15,24.84
Hendry County,2020-05-15,24.37
Hernando County,2020-05-15,24.52
Highlands County,2020-05-15,24.92
Hillsborough County,2020-05-15,25.32
Holmes County,2020-05-15,23.89
Indian River County,2020-05-15,24.78
Jackson County,2020-05-15,24.19
Jefferson County,2020-05-15,23.85
Lafayette County,2020-05-15,23.01
Lake County,2020-05-15,24.15
Lee County,2020-05-15,24.84
Leon County,2020-05-15,24.45
Levy County,2020-05-15,23.29
Liberty County,2020-05-15,24.43
Madison County,2020-05-15,22.88
Manatee County,2020-05-15,25.17
Marion County,2020-05-15,23.34
Martin County,2020-05-15,25.4
Miami-Dade County,2020-05-15,24.29
Monroe County,2020-05-15,24.01
Nassau County,2020-05-15,21.41
Okaloosa County,2020-05-15,23.8
Okeechobee County,2020-05-15,24.93
Orange County,2020-05-15,24.42
Osceola County,2020-05-15,24.53
Palm Beach County,2020-05-15,24.95
Pasco County,2020-05-15,24.77
Pinellas County,2020-05-15,25.86
Polk County,2020-05-15,24.84
Putnam County,2020-05-15,23.15
St. Johns County,2020-05-15,22.93
St. Lucie County,2020-05-15,25.07
Santa Rosa County,2020-05-15,23.72
Sarasota County,2020-05-15,25.13
Seminole County,2020-05-15,24.28
Sumter County,2020-05-15,24.04
Suwannee County,2020-05-15,22.36
Taylor County,2020-05-15,23.83
Union County,2020-05-15,21.68
Volusia County,2020-05-15,23.81
Wakulla County,2020-05-15,24.77
Walton County,2020-05-15,23.9
Washington County,2020-05-15,24.19
Alachua County,2020-05-16,23.77
Baker County,2020-05-16,22.82
Bay County,2020-05-16,24.02
Bradford County,2020-05-16,23.31
Brevard County,2020-05-16,24.78
Broward County,2020-05-16,25.18
Calhoun County,2020-05-16,24.35
Charlotte County,2020-05-16,26.04
Citrus County,2020-05-16,25.22
Clay County,2020-05-16,23.91
Collier County,2020-05-16,24.88
Columbia County,2020-05-16,22.98
DeSoto County,2020-05-16,25.65
Dixie County,2020-05-16,24.84
Duval County,2020-05-16,23.62
Escambia County,2020-05-16,23.18
Flagler County,2020-05-16,24.71
Franklin County,2020-05-16,24.67
Gadsden County,2020-05-16,24.59
Gilchrist County,2020-05-16,24.16
Glades County,2020-05-16,25.83
Gulf County,2020-05-16,24.13
Hamilton County,2020-05-16,22.82
Hardee County,2020-05-16,25.49
Hendry County,2020-05-16,25.55
Hernando County,2020-05-16,25.59
Highlands County,2020-05-16,25.49
Hillsborough County,2020-05-16,26.19
Holmes County,2020-05-16,23.82
Indian River County,2020-05-16,24.95
Jackson County,2020-05-16,24.31
Jefferson County,2020-05-16,24.41
Lafayette County,2020-05-16,24.28
Lake County,2020-05-16,24.86
Lee County,2020-05-16,25.66
Leon County,2020-05-16,24.78
Levy County,2020-05-16,24.77
Liberty County,2020-05-16,24.58
Madison County,2020-05-16,23.79
Manatee County,2020-05-16,25.85
Marion County,2020-05-16,24.48
Martin County,2020-05-16,25.51
Miami-Dade County,2020-05-16,25.14
Monroe County,2020-05-16,25.23
Nassau County,2020-05-16,23.11
Okaloosa County,2020-05-16,23.2
Okeechobee County,2020-05-16,25.32
Orange County,2020-05-16,24.8
Osceola County,2020-05-16,24.79
Palm Beach County,2020-05-16,25.36
Pasco County,2020-05-16,25.78
Pinellas County,2020-05-16,26.75
Polk County,2020-05-16,25.45
Putnam County,2020-05-16,24.51
St. Johns County,2020-05-16,24.56
St. Lucie County,2020-05-16,25.21
Santa Rosa County,2020-05-16,23.02
Sarasota County,2020-05-16,25.7
Seminole County,2020-05-16,24.79
Sumter County,2020-05-16,24.91
Suwannee County,2020-05-16,23.64
Taylor County,2020-05-16,24.73
Union County,2020-05-16,23.06
Volusia County,2020-05-16,24.64
Wakulla County,2020-05-16,25.04
Walton County,2020-05-16,23.45
Washington County,2020-05-16,24.04
Alachua County,2020-05-17,24.82
Baker County,2020-05-17,24.15
Bay County,2020-05-17,25.67
Bradford County,2020-05-17,24.64
Brevard County,2020-05-17,24.96
Broward County,2020-05-17,26.93
Calhoun County,2020-05-17,25.79
Charlotte County,2020-05-17,26.28
Citrus County,2020-05-17,25.86
Clay County,2020-05-17,25.4
Collier County,2020-05-17,25.83
Columbia County,2020-05-17,23.9
DeSoto County,2020-05-17,26.05
Dixie County,2020-05-17,24.94
Duval County,2020-05-17,25.16
Escambia County,2020-05-17,24.98
Flagler County,2020-05-17,25.76
Franklin County,2020-05-17,25.61
Gadsden County,2020-05-17,25.62
Gilchrist County,2020-05-17,24.69
Glades County,2020-05-17,26.13
Gulf County,2020-05-17,25.66
Hamilton County,2020-05-17,23.68
Hardee County,2020-05-17,26.12
Hendry County,2020-05-17,26.22
Hernando County,2020-05-17,26.42
Highlands County,2020-05-17,25.9
Hillsborough County,2020-05-17,27.01
Holmes County,2020-05-17,25.63
Indian River County,2020-05-17,25.27
Jackson County,2020-05-17,25.7
Jefferson County,2020-05-17,25.11
Lafayette County,2020-05-17,24.7
Lake County,2020-05-17,26.4
Lee County,2020-05-17,25.92
Leon County,2020-05-17,25.64
Levy County,2020-05-17,25.11
Liberty County,2020-05-17,25.81
Madison County,2020-05-17,24.49
Manatee County,2020-05-17,26.67
Marion County,2020-05-17,25.71
Martin County,2020-05-17,26.07
Miami-Dade County,2020-05-17,27.01
Monroe County,2020-05-17,26.48
Nassau County,2020-05-17,24.68
Okaloosa County,2020-05-17,25.01
Okeechobee County,2020-05-17,25.82
Orange County,2020-05-17,26.25
Osceola County,2020-05-17,25.87
Palm Beach County,2020-05-17,26.56
Pasco County,2020-05-17,26.74
Pinellas County,2020-05-17,27.2
Polk County,2020-05-17,26.51
Putnam County,2020-05-17,25.89
St. Johns County,2020-05-17,25.62
St. Lucie County,2020-05-17,25.52
Santa Rosa County,2020-05-17,24.8
Sarasota County,2020-05-17,26.32
Seminole County,2020-05-17,26.2
Sumter County,2020-05-17,26.18
Suwannee County,2020-05-17,24.26
Taylor County,2020-05-17,24.98
Union County,2020-05-17,24.16
Volusia County,2020-05-17,25.66
Wakulla County,2020-05-17,25.67
Walton County,2020-05-17,25.27
Washington County,2020-05-17,25.82
Alachua County,2020-05-18,25.69
Baker County,2020-05-18,24.76
Bay County,2020-05-18,25.47
Bradford County,2020-05-18,25.29
Brevard County,2020-05-18,26.24
Broward County,2020-05-18,27.38
Calhoun County,2020-05-18,25.93
Charlotte County,2020-05-18,26.17
Citrus County,2020-05-18,26.51
Clay County,2020-05-18,25.81
Collier County,2020-05-18,25.95
Columbia County,2020-05-18,24.66
DeSoto County,2020-05-18,26.48
Dixie County,2020-05-18,25.47
Duval County,2020-05-18,25.19
Escambia County,2020-05-18,25.29
Flagler County,2020-05-18,26.16
Franklin County,2020-05-18,25.29
Gadsden County,2020-05-18,25.83
Gilchrist County,2020-05-18,25.54
Glades County,2020-05-18,27.09
Gulf County,2020-05-18,25.4
Hamilton County,2020-05-18,24.47
Hardee County,2020-05-18,26.89
Hendry County,2020-05-18,26.61
Hernando County,2020-05-18,27.0
Highlands County,2020-05-18,27.34
Hillsborough County,2020-05-18,26.98
Holmes County,2020-05-18,25.68
Indian River County,2020-05-18,26.85
Jackson County,2020-05-18,25.94
Jefferson County,2020-05-18,25.42
Lafayette County,2020-05-18,25.51
Lake County,2020-05-18,27.85
Lee County,2020-05-18,25.79
Leon County,2020-05-18,25.81
Levy County,2020-05-18,25.74
Liberty County,2020-05-18,25.89
Madison County,2020-05-18,25.14
Manatee County,2020-05-18,26.2
Marion County,2020-05-18,26.81
Martin County,2020-05-18,27.31
Miami-Dade County,2020-05-18,27.65
Monroe County,2020-05-18,27.09
Nassau County,2020-05-18,24.93
Okaloosa County,2020-05-18,25.48
Okeechobee County,2020-05-18,27.53
Orange County,2020-05-18,27.9
Osceola County,2020-05-18,27.71
Palm Beach County,2020-05-18,27.47
Pasco County,2020-05-18,27.16
Pinellas County,2020-05-18,26.31
Polk County,2020-05-18,27.85
Putnam County,2020-05-18,26.57
St. Johns County,2020-05-18,25.47
St. Lucie County,2020-05-18,26.85
Santa Rosa County,2020-05-18,25.31
Sarasota County,2020-05-18,25.54
Seminole County,2020-05-18,27.74
Sumter County,2020-05-18,27.44
Suwannee County,2020-05-18,25.1
Taylor County,2020-05-18,25.37
Union County,2020-05-18,24.88
Volusia County,2020-05-18,26.61
Wakulla County,2020-05-18,25.62
Walton County,2020-05-18,25.45
Washington County,2020-05-18,25.87
Alachua County,2020-05-19,24.88
Baker County,2020-05-19,24.54
Bay County,2020-05-19,24.16
Bradford County,2020-05-19,24.88
Brevard County,2020-05-19,25.4
Broward County,2020-05-19,26.47
Calhoun County,2020-05-19,24.52
Charlotte County,2020-05-19,24.68
Citrus County,2020-05-19,24.52
Clay County,2020-05-19,25.61
Collier County,2020-05-19,25.51
Columbia County,2020-05-19,24.25
DeSoto County,2020-05-19,24.16
Dixie County,2020-05-19,24.54
Duval County,2020-05-19,25.22
Escambia County,2020-05-19,22.79
Flagler County,2020-05-19,26.25
Franklin County,2020-05-19,24.85
Gadsden County,2020-05-19,24.75
Gilchrist County,2020-05-19,24.61
Glades County,2020-05-19,25.34
Gulf County,2020-05-19,24.62
Hamilton County,2020-05-19,23.96
Hardee County,2020-05-19,24.09
Hendry County,2020-05-19,25.73
Hernando County,2020-05-19,24.52
Highlands County,2020-05-19,24.68
Hillsborough County,2020-05-19,24.41
Holmes County,2020-05-19,22.87
Indian River County,2020-05-19,25.42
Jackson County,2020-05-19,24.02
Jefferson County,2020-05-19,24.84
Lafayette County,2020-05-19,24.59
Lake County,2020-05-19,25.65
Lee County,2020-05-19,24.9
Leon County,2020-05-19,25.07
Levy County,2020-05-19,24.53
Liberty County,2020-05-19,24.88
Madison County,2020-05-19,24.45
Manatee County,2020-05-19,23.93
Marion County,2020-05-19,25.29
Martin County,2020-05-19,26.42
Miami-Dade County,2020-05-19,26.57
Monroe County,2020-05-19,26.47
Nassau County,2020-05-19,24.87
Okaloosa County,2020-05-19,22.73
Okeechobee County,2020-05-19,25.34
Orange County,2020-05-19,25.87
Osceola County,2020-05-19,25.3
Palm Beach County,2020-05-19,26.48
Pasco County,2020-05-19,24.46
Pinellas County,2020-05-19,24.33
Polk County,2020-05-19,24.93
Putnam County,2020-05-19,26.08
St. Johns County,2020-05-19,25.85
St. Lucie County,2020-05-19,25.81
Santa Rosa County,2020-05-19,22.66
Sarasota County,2020-05-19,23.89
Seminole County,2020-05-19,26.24
Sumter County,2020-05-19,24.86
Suwannee County,2020-05-19,24.38
Taylor County,2020-05-19,24.71
Union County,2020-05-19,24.47
Volusia County,2020-05-19,26.12
Wakulla County,2020-05-19,25.09
Walton County,2020-05-19,22.88
Washington County,2020-05-19,23.61
Alachua County,2020-05-20,25.09
Baker County,2020-05-20,25.2
Bay County,2020-05-20,24.76
Bradford County,2020-05-20,25.4
Brevard County,2020-05-20,25.92
Broward County,2020-05-20,26.94
Calhoun County,2020-05-20,24.93
Charlotte County,2020-05-20,24.91
Citrus County,2020-05-20,25.18
Clay County,2020-05-20,26.52
Collier County,2020-05-20,25.51
Columbia County,2020-05-20,24.58
DeSoto County,2020-05-20,24.33
Dixie County,2020-05-20,24.71
Duval County,2020-05-20,26.83
Escambia County,2020-05-20,23.53
Flagler County,2020-05-20,27.17
Franklin County,2020-05-20,25.28
Gadsden County,2020-05-20,25.36
Gilchrist County,2020-05-20,24.6
Glades County,2020-05-20,25.41
Gulf County,2020-05-20,24.74
Hamilton County,2020-05-20,24.29
Hardee County,2020-05-20,24.32
Hendry County,2020-05-20,25.82
Hernando County,2020-05-20,25.31
Highlands County,2020-05-20,24.74
Hillsborough County,2020-05-20,25.12
Holmes County,2020-05-20,24.28
Indian River County,2020-05-20,25.5
Jackson County,2020-05-20,24.88
Jefferson County,2020-05-20,25.36
Lafayette County,2020-05-20,24.79
Lake County,2020-05-20,26.34
Lee County,2020-05-20,25.1
Leon County,2020-05-20,25.79
Levy County,2020-05-20,24.67
Liberty County,2020-05-20,25.16
Madison County,2020-05-20,24.74
Manatee County,2020-05-20,24.32
Marion County,2020-05-20,25.79
Martin County,2020-05-20,26.67
Miami-Dade County,2020-05-20,27.12
Monroe County,2020-05-20,27.06
Nassau County,2020-05-20,26.32
Okaloosa County,2020-05-20,23.93
Okeechobee County,2020-05-20,25.34
Orange County,2020-05-20,26.33
Osceola County,2020-05-20,25.45
Palm Beach County,2020-05-20,26.9
Pasco County,2020-05-20,25.21
Pinellas County,2020-05-20,25.43
Polk County,2020-05-20,25.23
Putnam County,2020-05-20,26.76
St. Johns County,2020-05-20,27.25
St. Lucie County,2020-05-20,25.95
Santa Rosa County,2020-05-20,23.58
Sarasota County,2020-05-20,24.17
Seminole County,2020-05-20,26.81
Sumter County,2020-05-20,25.59
Suwannee County,2020-05-20,24.65
Taylor County,2020-05-20,25.25
Union County,2020-05-20,24.85
Volusia County,2020-05-20,26.95
Wakulla County,2020-05-20,25.88
Walton County,2020-05-20,24.15
Washington County,2020-05-20,24.62
Alachua County,2020-05-21,25.38
Baker County,2020-05-21,24.04
Bay County,2020-05-21,22.31
Bradford County,2020-05-21,24.92
Brevard County,2020-05-21,26.76
Broward County,2020-05-21,27.71
Calhoun County,2020-05-21,21.89
Charlotte County,2020-05-21,26.24
Citrus County,2020-05-21,26.22
Clay County,2020-05-21,25.37
Collier County,2020-05-21,26.79
Columbia County,2020-05-21,24.18
DeSoto County,2020-05-21,25.83
Dixie County,2020-05-21,25.18
Duval County,2020-05-21,24.47
Escambia County,2020-05-21,21.64
Flagler County,2020-05-21,26.49
Franklin County,2020-05-21,22.64
Gadsden County,2020-05-21,22.2
Gilchrist County,2020-05-21,25.19
Glades County,2020-05-21,26.98
Gulf County,2020-05-21,22.05
Hamilton County,2020-05-21,23.46
Hardee County,2020-05-21,25.86
Hendry County,2020-05-21,26.96
Hernando County,2020-05-21,26.46
Highlands County,2020-05-21,26.6
Hillsborough County,2020-05-21,26.25
Holmes County,2020-05-21,22.42
Indian River County,2020-05-21,26.95
Jackson County,2020-05-21,22.12
Jefferson County,2020-05-21,23.44
Lafayette County,2020-05-21,24.86
Lake County,2020-05-21,26.99
Lee County,2020-05-21,26.43
Leon County,2020-05-21,23.04
Levy County,2020-05-21,25.55
Liberty County,2020-05-21,21.97
Madison County,2020-05-21,23.65
Manatee County,2020-05-21,25.3
Marion County,2020-05-21,26.27
Martin County,2020-05-21,27.45
Miami-Dade County,2020-05-21,28.47
Monroe County,2020-05-21,28.34
Nassau County,2020-05-21,23.65
Okaloosa County,2020-05-21,21.97
Okeechobee County,2020-05-21,27.05
Orange County,2020-05-21,27.19
Osceola County,2020-05-21,26.97
Palm Beach County,2020-05-21,27.44
Pasco County,2020-05-21,26.41
Pinellas County,2020-05-21,26.38
Polk County,2020-05-21,26.78
Putnam County,2020-05-21,26.3
St. Johns County,2020-05-21,25.69
St. Lucie County,2020-05-21,27.09
Santa Rosa County,2020-05-21,21.68
Sarasota County,2020-05-21,25.1
Seminole County,2020-05-21,27.23
Sumter County,2020-05-21,26.53
Suwannee County,2020-05-21,24.49
Taylor County,2020-05-21,24.45
Union County,2020-05-21,24.57
Volusia County,2020-05-21,26.75
Wakulla County,2020-05-21,23.17
Walton County,2020-05-21,22.16
Washington County,2020-05-21,22.29
Alachua County,2020-05-22,26.16
Baker County,2020-05-22,25.42
Bay County,2020-05-22,24.75
Bradford County,2020-05-22,26.02
Brevard County,2020-05-22,27.01
Broward County,2020-05-22,27.71
Calhoun County,2020-05-22,24.57
Charlotte County,2020-05-22,27.4
Citrus County,2020-05-22,27.05
Clay County,2020-05-22,26.71
Collier County,2020-05-22,26.94
Columbia County,2020-05-22,25.31
DeSoto County,2020-05-22,27.16
Dixie County,2020-05-22,26.27
Duval County,2020-05-22,26.58
Escambia County,2020-05-22,24.4
Flagler County,2020-05-22,26.88
Franklin County,2020-05-22,25.36
Gadsden County,2020-05-22,25.02
Gilchrist County,2020-05-22,26.08
Glades County,2020-05-22,27.52
Gulf County,2020-05-22,24.9
Hamilton County,2020-05-22,24.77
Hardee County,2020-05-22,27.22
Hendry County,2020-05-22,27.27
Hernando County,2020-05-22,27.53
Highlands County,2020-05-22,27.38
Hillsborough County,2020-05-22,27.93
Holmes County,2020-05-22,23.85
Indian River County,2020-05-22,27.17
Jackson County,2020-05-22,24.33
Jefferson County,2020-05-22,25.57
Lafayette County,2020-05-22,26.04
Lake County,2020-05-22,27.59
Lee County,2020-05-22,27.14
Leon County,2020-05-22,25.64
Levy County,2020-05-22,26.37
Liberty County,2020-05-22,24.86
Madison County,2020-05-22,25.26
Manatee County,2020-05-22,27.31
Marion County,2020-05-22,26.85
Martin County,2020-05-22,27.77
Miami-Dade County,2020-05-22,28.07
Monroe County,2020-05-22,27.93
Nassau County,2020-05-22,25.86
Okaloosa County,2020-05-22,23.91
Okeechobee County,2020-05-22,27.5
Orange County,2020-05-22,27.78
Osceola County,2020-05-22,27.54
Palm Beach County,2020-05-22,27.7
Pasco County,2020-05-22,27.73
Pinellas County,2020-05-22,28.01
Polk County,2020-05-22,27.8
Putnam County,2020-05-22,27.01
St. Johns County,2020-05-22,26.85
St. Lucie County,2020-05-22,27.36
Santa Rosa County,2020-05-22,23.94
Sarasota County,2020-05-22,27.0
Seminole County,2020-05-22,27.72
Sumter County,2020-05-22,27.32
Suwannee County,2020-05-22,25.66
Taylor County,2020-05-22,26.08
Union County,2020-05-22,25.64
Volusia County,2020-05-22,27.09
Wakulla County,2020-05-22,25.79
Walton County,2020-05-22,24.02
Washington County,2020-05-22,24.33
Alachua County,2020-05-23,26.69
Baker County,2020-05-23,26.46
Bay County,2020-05-23,26.29
Bradford County,2020-05-23,26.61
Brevard County,2020-05-23,27.28
Broward County,2020-05-23,27.49
Calhoun County,2020-05-23,26.47
Charlotte County,2020-05-23,27.57
Citrus County,2020-05-23,27.37
Clay County,2020-05-23,27.21
Collier County,2020-05-23,26.91
Columbia County,2020-05-23,26.32
DeSoto County,2020-05-23,27.28
Dixie County,2020-05-23,26.88
Duval County,2020-05-23,27.14
Escambia County,2020-05-23,27.19
Flagler County,2020-05-23,27.33
Franklin County,2020-05-23,26.46
Gadsden County,2020-05-23,26.66
Gilchrist County,2020-05-23,26.75
Glades County,2020-05-23,27.41
Gulf County,2020-05-23,26.16
Hamilton County,2020-05-23,26.04
Hardee County,2020-05-23,27.43
Hendry County,2020-05-23,27.15
Hernando County,2020-05-23,27.72
Highlands County,2020-05-23,27.47
Hillsborough County,2020-05-23,28.05
Holmes County,2020-05-23,25.9
Indian River County,2020-05-23,27.3
Jackson County,2020-05-23,26.28
Jefferson County,2020-05-23,26.58
Lafayette County,2020-05-23,26.82
Lake County,2020-05-23,27.85
Lee County,2020-05-23,27.32
Leon County,2020-05-23,26.85
Levy County,2020-05-23,26.88
Liberty County,2020-05-23,26.63
Madison County,2020-05-23,26.36
Manatee County,2020-05-23,27.53
Marion County,2020-05-23,27.25
Martin County,2020-05-23,27.57
Miami-Dade County,2020-05-23,27.83
Monroe County,2020-05-23,27.79
Nassau County,2020-05-23,26.86
Okaloosa County,2020-05-23,26.43
Okeechobee County,2020-05-23,27.5
Orange County,2020-05-23,27.95
Osceola County,2020-05-23,27.71
Palm Beach County,2020-05-23,27.47
Pasco County,2020-05-23,27.84
Pinellas County,2020-05-23,27.98
Polk County,2020-05-23,27.99
Putnam County,2020-05-23,27.44
St. Johns County,2020-05-23,27.27
St. Lucie County,2020-05-23,27.29
Santa Rosa County,2020-05-23,26.76
Sarasota County,2020-05-23,27.28
Seminole County,2020-05-23,27.91
Sumter County,2020-05-23,27.64
Suwannee County,2020-05-23,26.59
Taylor County,2020-05-23,26.84
Union County,2020-05-23,26.37
Volusia County,2020-05-23,27.42
Wakulla County,2020-05-23,26.93
Walton County,2020-05-23,26.11
Washington County,2020-05-23,26.24
Alachua County,2020-05-24,27.22
Baker County,2020-05-24,26.8
Bay County,2020-05-24,26.95
Bradford County,2020-05-24,27.11
Brevard County,2020-05-24,27.53
Broward County,2020-05-24,26.62
Calhoun County,2020-05-24,26.74
Charlotte County,2020-05-24,27.27
Citrus County,2020-05-24,27.84
Clay County,2020-05-24,27.75
Collier County,2020-05-24,25.75
Columbia County,2020-05-24,26.67
DeSoto County,2020-05-24,27.29
Dixie County,2020-05-24,27.46
Duval County,2020-05-24,27.7
Escambia County,2020-05-24,26.02
Flagler County,2020-05-24,27.76
Franklin County,2020-05-24,27.07
Gadsden County,2020-05-24,26.72
Gilchrist County,2020-05-24,27.27
Glades County,2020-05-24,27.24
Gulf County,2020-05-24,26.81
Hamilton County,2020-05-24,26.26
Hardee County,2020-05-24,27.51
Hendry County,2020-05-24,26.41
Hernando County,2020-05-24,28.06
Highlands County,2020-05-24,27.58
Hillsborough County,2020-05-24,28.09
Holmes County,2020-05-24,26.41
Indian River County,2020-05-24,27.59
Jackson County,2020-05-24,26.58
Jefferson County,2020-05-24,26.85
Lafayette County,2020-05-24,27.29
Lake County,2020-05-24,28.12
Lee County,2020-05-24,26.64
Leon County,2020-05-24,27.02
Levy County,2020-05-24,27.45
Liberty County,2020-05-24,26.87
Madison County,2020-05-24,26.62
Manatee County,2020-05-24,27.34
Marion County,2020-05-24,27.71
Martin County,2020-05-24,27.66
Miami-Dade County,2020-05-24,26.75
Monroe County,2020-05-24,26.63
Nassau County,2020-05-24,27.27
Okaloosa County,2020-05-24,26.3
Okeechobee County,2020-05-24,27.69
Orange County,2020-05-24,28.16
Osceola County,2020-05-24,27.92
Palm Beach County,2020-05-24,27.08
Pasco County,2020-05-24,28.05
Pinellas County,2020-05-24,28.05
Polk County,2020-05-24,28.12
Putnam County,2020-05-24,27.96
St. Johns County,2020-05-24,27.86
St. Lucie County,2020-05-24,27.55
Santa Rosa County,2020-05-24,26.06
Sarasota County,2020-05-24,26.94
Seminole County,2020-05-24,28.15
Sumter County,2020-05-24,27.95
Suwannee County,2020-05-24,26.96
Taylor County,2020-05-24,27.32
Union County,2020-05-24,26.83
Volusia County,2020-05-24,27.73
Wakulla County,2020-05-24,27.29
Walton County,2020-05-24,26.47
Washington County,2020-05-24,26.69
Alachua County,2020-05-25,26.24
Baker County,2020-05-25,25.36
Bay County,2020-05-25,27.31
Bradford County,2020-05-25,25.88
Brevard County,2020-05-25,26.2
Broward County,2020-05-25,24.57
Calhoun County,2020-05-25,26.92
Charlotte County,2020-05-25,24.74
Citrus County,2020-05-25,27.21
Clay County,2020-05-25,26.47
Collier County,2020-05-25,23.7
Columbia County,2020-05-25,25.38
DeSoto County,2020-05-25,24.51
Dixie County,2020-05-25,26.86
Duval County,2020-05-25,26.4
Escambia County,2020-05-25,26.06
Flagler County,2020-05-25,26.88
Franklin County,2020-05-25,27.17
Gadsden County,2020-05-25,26.46
Gilchrist County,2020-05-25,26.43
Glades County,2020-05-25,24.77
Gulf County,2020-05-25,27.03
Hamilton County,2020-05-25,24.92
Hardee County,2020-05-25,24.99
Hendry County,2020-05-25,24.32
Hernando County,2020-05-25,27.27
Highlands County,2020-05-25,24.98
Hillsborough County,2020-05-25,26.68
Holmes County,2020-05-25,26.56
Indian River County,2020-05-25,25.77
Jackson County,2020-05-25,26.88
Jefferson County,2020-05-25,26.07
Lafayette County,2020-05-25,26.37
Lake County,2020-05-25,27.13
Lee County,2020-05-25,24.32
Leon County,2020-05-25,26.49
Levy County,2020-05-25,26.87
Liberty County,2020-05-25,26.85
Madison County,2020-05-25,25.61
Manatee County,2020-05-25,25.37
Marion County,2020-05-25,26.85
Martin County,2020-05-25,25.84
Miami-Dade County,2020-05-25,24.46
Monroe County,2020-05-25,24.7
Nassau County,2020-05-25,25.97
Okaloosa County,2020-05-25,26.18
Okeechobee County,2020-05-25,25.59
Orange County,2020-05-25,26.92
Osceola County,2020-05-25,26.21
Palm Beach County,2020-05-25,25.18
Pasco County,2020-05-25,27.05
Pinellas County,2020-05-25,27.2
Polk County,2020-05-25,26.32
Putnam County,2020-05-25,26.88
St. Johns County,2020-05-25,26.89
St. Lucie County,2020-05-25,25.72
Santa Rosa County,2020-05-25,25.94
Sarasota County,2020-05-25,24.83
Seminole County,2020-05-25,27.01
Sumter County,2020-05-25,27.07
Suwannee County,2020-05-25,25.81
Taylor County,2020-05-25,26.6
Union County,2020-05-25,25.6
Volusia County,2020-05-25,26.79
Wakulla County,2020-05-25,27.0
Walton County,2020-05-25,26.51
Washington County,2020-05-25,26.99
Alachua County,2020-05-26,24.88
Baker County,2020-05-26,24.49
Bay County,2020-05-26,26.06
Bradford County,2020-05-26,24.66
Brevard County,2020-05-26,24.12
Broward County,2020-05-26,25.57
Calhoun County,2020-05-26,25.77
Charlotte County,2020-05-26,26.35
Citrus County,2020-05-26,26.26
Clay County,2020-05-26,25.21
Collier County,2020-05-26,26.01
Columbia County,2020-05-26,24.33
DeSoto County,2020-05-26,25.48
Dixie County,2020-05-26,25.52
Duval County,2020-05-26,25.41
Escambia County,2020-05-26,26.44
Flagler County,2020-05-26,24.99
Franklin County,2020-05-26,26.08
Gadsden County,2020-05-26,26.09
Gilchrist County,2020-05-26,25.01
Glades County,2020-05-26,25.71
Gulf County,2020-05-26,25.81
Hamilton County,2020-05-26,24.22
Hardee County,2020-05-26,25.09
Hendry County,2020-05-26,25.94
Hernando County,2020-05-26,26.53
Highlands County,2020-05-26,24.97
Hillsborough County,2020-05-26,26.39
Holmes County,2020-05-26,25.73
Indian River County,2020-05-26,24.29
Jackson County,2020-05-26,25.77
Jefferson County,2020-05-26,25.96
Lafayette County,2020-05-26,25.22
Lake County,2020-05-26,25.51
Lee County,2020-05-26,26.44
Leon County,2020-05-26,26.38
Levy County,2020-05-26,25.52
Liberty County,2020-05-26,25.86
Madison County,2020-05-26,25.16
Manatee County,2020-05-26,25.9
Marion County,2020-05-26,25.47
Martin County,2020-05-26,25.44
Miami-Dade County,2020-05-26,25.69
Monroe County,2020-05-26,26.59
Nassau County,2020-05-26,25.28
Okaloosa County,2020-05-26,26.35
Okeechobee County,2020-05-26,24.79
Orange County,2020-05-26,24.8
Osceola County,2020-05-26,24.32
Palm Beach County,2020-05-26,25.6
Pasco County,2020-05-26,26.43
Pinellas County,2020-05-26,27.0
Polk County,2020-05-26,25.23
Putnam County,2020-05-26,25.3
St. Johns County,2020-05-26,25.37
St. Lucie County,2020-05-26,24.8
Santa Rosa County,2020-05-26,26.37
Sarasota County,2020-05-26,25.99
Seminole County,2020-05-26,24.77
Sumter County,2020-05-26,26.04
Suwannee County,2020-05-26,24.76
Taylor County,2020-05-26,25.83
Union County,2020-05-26,24.39
Volusia County,2020-05-26,24.69
Wakulla County,2020-05-26,26.41
Walton County,2020-05-26,26.09
Washington County,2020-05-26,25.81
Alachua County,2020-05-27,25.31
Baker County,2020-05-27,24.21
Bay County,2020-05-27,24.67
Bradford County,2020-05-27,24.87
Brevard County,2020-05-27,26.23
Broward County,2020-05-27,26.92
Calhoun County,2020-05-27,24.23
Charlotte County,2020-05-27,27.68
Citrus County,2020-05-27,27.1
Clay County,2020-05-27,25.5
Collier County,2020-05-27,26.58
Columbia County,2020-05-27,24.09
DeSoto County,2020-05-27,27.43
Dixie County,2020-05-27,25.4
Duval County,2020-05-27,25.26
Escambia County,2020-05-27,24.99
Flagler County,2020-05-27,26.08
Franklin County,2020-05-27,24.59
Gadsden County,2020-05-27,24.39
Gilchrist County,2020-05-27,25.15
Glades County,2020-05-27,27.66
Gulf County,2020-05-27,24.34
Hamilton County,2020-05-27,23.64
Hardee County,2020-05-27,27.4
Hendry County,2020-05-27,27.25
Hernando County,2020-05-27,27.58
Highlands County,2020-05-27,27.41
Hillsborough County,2020-05-27,27.86
Holmes County,2020-05-27,24.16
Indian River County,2020-05-27,26.68
Jackson County,2020-05-27,24.19
Jefferson County,2020-05-27,24.54
Lafayette County,2020-05-27,24.81
Lake County,2020-05-27,27.45
Lee County,2020-05-27,27.31
Leon County,2020-05-27,24.68
Levy County,2020-05-27,25.98
Liberty County,2020-05-27,24.25
Madison County,2020-05-27,24.17
Manatee County,2020-05-27,27.28
Marion County,2020-05-27,26.54
Martin County,2020-05-27,27.75
Miami-Dade County,2020-05-27,26.65
Monroe County,2020-05-27,27.2
Nassau County,2020-05-27,24.7
Okaloosa County,2020-05-27,25.0
Okeechobee County,2020-05-27,27.25
Orange County,2020-05-27,27.32
Osceola County,2020-05-27,27.04
Palm Beach County,2020-05-27,27.5
Pasco County,2020-05-27,27.67
Pinellas County,2020-05-27,27.54
Polk County,2020-05-27,27.82
Putnam County,2020-05-27,26.14
St. Johns County,2020-05-27,25.84
St. Lucie County,2020-05-27,27.19
Santa Rosa County,2020-05-27,24.89
Sarasota County,2020-05-27,27.07
Seminole County,2020-05-27,27.09
Sumter County,2020-05-27,27.47
Suwannee County,2020-05-27,24.37
Taylor County,2020-05-27,24.91
Union County,2020-05-27,24.42
Volusia County,2020-05-27,26.35
Wakulla County,2020-05-27,24.8
Walton County,2020-05-27,24.77
Washington County,2020-05-27,24.36
Alachua County,2020-05-28,26.67
Baker County,2020-05-28,26.31
Bay County,2020-05-28,26.11
Bradford County,2020-05-28,26.65
Brevard County,2020-05-28,25.99
Broward County,2020-05-28,27.9
Calhoun County,2020-05-28,25.6
Charlotte County,2020-05-28,27.87
Citrus County,2020-05-28,28.05
Clay County,2020-05-28,27.43
Collier County,2020-05-28,27.39
Columbia County,2020-05-28,25.86
DeSoto County,2020-05-28,27.54
Dixie County,2020-05-28,26.68
Duval County,2020-05-28,27.49
Escambia County,2020-05-28,23.93
Flagler County,2020-05-28,26.86
Franklin County,2020-05-28,26.44
Gadsden County,2020-05-28,25.79
Gilchrist County,2020-05-28,26.43
Glades County,2020-05-28,28.02
Gulf County,2020-05-28,26.04
Hamilton County,2020-05-28,25.36
Hardee County,2020-05-28,27.5
Hendry County,2020-05-28,27.89
Hernando County,2020-05-28,28.43
Highlands County,2020-05-28,27.59
Hillsborough County,2020-05-28,28.44
Holmes County,2020-05-28,24.81
Indian River County,2020-05-28,26.73
Jackson County,2020-05-28,25.37
Jefferson County,2020-05-28,26.06
Lafayette County,2020-05-28,26.23
Lake County,2020-05-28,27.55
Lee County,2020-05-28,27.68
Leon County,2020-05-28,26.2
Levy County,2020-05-28,27.07
Liberty County,2020-05-28,25.75
Madison County,2020-05-28,25.7
Manatee County,2020-05-28,27.63
Marion County,2020-05-28,27.4
Martin County,2020-05-28,27.85
Miami-Dade County,2020-05-28,28.12
Monroe County,2020-05-28,28.32
Nassau County,2020-05-28,27.05
Okaloosa County,2020-05-28,24.61
Okeechobee County,2020-05-28,27.44
Orange County,2020-05-28,26.92
Osceola County,2020-05-28,26.81
Palm Beach County,2020-05-28,27.96
Pasco County,2020-05-28,28.43
Pinellas County,2020-05-28,28.72
Polk County,2020-05-28,27.81
Putnam County,2020-05-28,27.46
St. Johns County,2020-05-28,27.51
St. Lucie County,2020-05-28,27.23
Santa Rosa County,2020-05-28,24.05
Sarasota County,2020-05-28,27.28
Seminole County,2020-05-28,26.63
Sumter County,2020-05-28,27.98
Suwannee County,2020-05-28,25.93
Taylor County,2020-05-28,26.42
Union County,2020-05-28,26.17
Volusia County,2020-05-28,26.3
Wakulla County,2020-05-28,26.47
Walton County,2020-05-28,25.06
Washington County,2020-05-28,25.35
Alachua County,2020-05-29,26.58
Baker County,2020-05-29,26.16
Bay County,2020-05-29,27.13
Bradford County,2020-05-29,26.4
Brevard County,2020-05-29,26.54
Broward County,2020-05-29,28.03
Calhoun County,2020-05-29,26.97
Charlotte County,2020-05-29,27.38
Citrus County,2020-05-29,27.38
Clay County,2020-05-29,27.03
Collier County,2020-05-29,27.61
Columbia County,2020-05-29,25.92
DeSoto County,2020-05-29,26.77
Dixie County,2020-05-29,26.96
Duval County,2020-05-29,27.02
Escambia County,2020-05-29,26.71
Flagler County,2020-05-29,26.16
Franklin County,2020-05-29,26.91
Gadsden County,2020-05-29,27.04
Gilchrist County,2020-05-29,26.7
Glades County,2020-05-29,27.44
Gulf County,2020-05-29,26.83
Hamilton County,2020-05-29,25.74
Hardee County,2020-05-29,26.59
Hendry County,2020-05-29,27.64
Hernando County,2020-05-29,27.64
Highlands County,2020-05-29,26.87
Hillsborough County,2020-05-29,27.47
Holmes County,2020-05-29,26.89
Indian River County,2020-05-29,26.87
Jackson County,2020-05-29,27.07
Jefferson County,2020-05-29,26.93
Lafayette County,2020-05-29,26.75
Lake County,2020-05-29,27.52
Lee County,2020-05-29,27.57
Leon County,2020-05-29,27.25
Levy County,2020-05-29,26.99
Liberty County,2020-05-29,26.88
Madison County,2020-05-29,26.44
Manatee County,2020-05-29,26.84
Marion County,2020-05-29,27.16
Martin County,2020-05-29,27.57
Miami-Dade County,2020-05-29,28.46
Monroe County,2020-05-29,28.8
Nassau County,2020-05-29,26.86
Okaloosa County,2020-05-29,27.06
Okeechobee County,2020-05-29,27.13
Orange County,2020-05-29,27.44
Osceola County,2020-05-29,27.09
Palm Beach County,2020-05-29,27.82
Pasco County,2020-05-29,27.62
Pinellas County,2020-05-29,27.78
Polk County,2020-05-29,27.2
Putnam County,2020-05-29,27.1
St. Johns County,2020-05-29,26.42
St. Lucie County,2020-05-29,27.06
Santa Rosa County,2020-05-29,26.83
Sarasota County,2020-05-29,26.71
Seminole County,2020-05-29,27.35
Sumter County,2020-05-29,27.49
Suwannee County,2020-05-29,26.32
Taylor County,2020-05-29,26.95
Union County,2020-05-29,26.06
Volusia County,2020-05-29,26.38
Wakulla County,2020-05-29,27.2
Walton County,2020-05-29,27.03
Washington County,2020-05-29,27.12
Alachua County,2020-05-30,25.77
Baker County,2020-05-30,24.98
Bay County,2020-05-30,26.01
Bradford County,2020-05-30,25.4
Brevard County,2020-05-30,26.84
Broward County,2020-05-30,28.31
Calhoun County,2020-05-30,25.88
Charlotte County,2020-05-30,27.23
Citrus County,2020-05-30,26.88
Clay County,2020-05-30,25.93
Collier County,2020-05-30,27.1
Columbia County,2020-05-30,24.86
DeSoto County,2020-05-30,27.06
Dixie County,2020-05-30,25.97
Duval County,2020-05-30,25.77
Escambia County,2020-05-30,26.19
Flagler County,2020-05-30,25.92
Franklin County,2020-05-30,25.86
Gadsden County,2020-05-30,26.03
Gilchrist County,2020-05-30,25.78
Glades County,2020-05-30,27.54
Gulf County,2020-05-30,25.58
Hamilton County,2020-05-30,24.54
Hardee County,2020-05-30,27.17
Hendry County,2020-05-30,27.52
Hernando County,2020-05-30,27.35
Highlands County,2020-05-30,27.38
Hillsborough County,2020-05-30,27.6
Holmes County,2020-05-30,26.05
Indian River County,2020-05-30,27.15
Jackson County,2020-05-30,26.02
Jefferson County,2020-05-30,25.8
Lafayette County,2020-05-30,25.69
Lake County,2020-05-30,27.56
Lee County,2020-05-30,27.0
Leon County,2020-05-30,26.14
Levy County,2020-05-30,26.18
Liberty County,2020-05-30,25.92
Madison County,2020-05-30,25.31
Manatee County,2020-05-30,27.13
Marion County,2020-05-30,26.68
Martin County,2020-05-30,27.77
Miami-Dade County,2020-05-30,28.45
Monroe County,2020-05-30,28.19
Nassau County,2020-05-30,25.67
Okaloosa County,2020-05-30,26.33
Okeechobee County,2020-05-30,27.52
Orange County,2020-05-30,27.71
Osceola County,2020-05-30,27.56
Palm Beach County,2020-05-30,28.09
Pasco County,2020-05-30,27.53
Pinellas County,2020-05-30,27.64
Polk County,2020-05-30,27.77
Putnam County,2020-05-30,26.41
St. Johns County,2020-05-30,25.69
St. Lucie County,2020-05-30,27.27
Santa Rosa County,2020-05-30,26.18
Sarasota County,2020-05-30,26.83
Seminole County,2020-05-30,27.51
Sumter County,2020-05-30,27.37
Suwannee County,2020-05-30,25.22
Taylor County,2020-05-30,25.84
Union County,2020-05-30,25.08
Volusia County,2020-05-30,26.47
Wakulla County,2020-05-30,26.13
Walton County,2020-05-30,26.16
Washington County,2020-05-30,26.05
Alachua County,2020-05-31,26.59
Baker County,2020-05-31,25.99
Bay County,2020-05-31,27.27
Bradford County,2020-05-31,26.4
Brevard County,2020-05-31,26.99
Broward County,2020-05-31,28.1
Calhoun County,2020-05-31,26.87
Charlotte County,2020-05-31,27.17
Citrus County,2020-05-31,27.26
Clay County,2020-05-31,27.08
Collier County,2020-05-31,27.02
Columbia County,2020-05-31,25.74
DeSoto County,2020-05-31,27.01
Dixie County,2020-05-31,26.94
Duval County,2020-05-31,27.11
Escambia County,2020-05-31,26.92
Flagler County,2020-05-31,27.1
Franklin County,2020-05-31,27.5
Gadsden County,2020-05-31,26.99
Gilchrist County,2020-05-31,26.58
Glades County,2020-05-31,27.52
Gulf County,2020-05-31,27.15
Hamilton County,2020-05-31,25.29
Hardee County,2020-05-31,27.09
Hendry County,2020-05-31,27.43
Hernando County,2020-05-31,27.54
Highlands County,2020-05-31,27.32
Hillsborough County,2020-05-31,27.7
Holmes County,2020-05-31,26.6
Indian River County,2020-05-31,27.23
Jackson County,2020-05-31,26.72
Jefferson County,2020-05-31,26.9
Lafayette County,2020-05-31,26.65
Lake County,2020-05-31,27.83
Lee County,2020-05-31,26.9
Leon County,2020-05-31,27.32
Levy County,2020-05-31,26.87
Liberty County,2020-05-31,27.14
Madison County,2020-05-31,26.18
Manatee County,2020-05-31,27.08
Marion County,2020-05-31,27.24
Martin County,2020-05-31,27.73
Miami-Dade County,2020-05-31,28.39
Monroe County,2020-05-31,28.24
Nassau County,2020-05-31,26.84
Okaloosa County,2020-05-31,26.96
Okeechobee County,2020-05-31,27.52
Orange County,2020-05-31,27.85
Osceola County,2020-05-31,27.56
Palm Beach County,2020-05-31,27.92
Pasco County,2020-05-31,27.64
Pinellas County,2020-05-31,27.75
Polk County,2020-05-31,27.71
Putnam County,2020-05-31,27.4
St. Johns County,2020-05-31,27.14
St. Lucie County,2020-05-31,27.33
Santa Rosa County,2020-05-31,26.85
Sarasota County,2020-05-31,26.74
Seminole County,2020-05-31,27.85
Sumter County,2020-05-31,27.52
Suwannee County,2020-05-31,26.08
Taylor County,2020-05-31,27.07
Union County,2020-05-31,26.02
Volusia County,2020-05-31,27.2
Wakulla County,2020-05-31,27.64
Walton County,2020-05-31,26.89
Washington County,2020-05-31,26.78
Alachua County,2020-06-01,27.22
Baker County,2020-06-01,27.08
Bay County,2020-06-01,27.51
Bradford County,2020-06-01,27.05
Brevard County,2020-06-01,27.2
Broward County,2020-06-01,28.19
Calhoun County,2020-06-01,26.62
Charlotte County,2020-06-01,28.14
Citrus County,2020-06-01,27.85
Clay County,2020-06-01,27.5
Collier County,2020-06-01,27.6
Columbia County,2020-06-01,27.03
DeSoto County,2020-06-01,27.75
Dixie County,2020-06-01,27.57
Duval County,2020-06-01,27.6
Escambia County,2020-06-01,26.82
Flagler County,2020-06-01,27.58
Franklin County,2020-06-01,26.96
Gadsden County,2020-06-01,25.82
Gilchrist County,2020-06-01,27.33
Glades County,2020-06-01,27.78
Gulf County,2020-06-01,26.95
Hamilton County,2020-06-01,26.56
Hardee County,2020-06-01,27.82
Hendry County,2020-06-01,27.79
Hernando County,2020-06-01,27.84
Highlands County,2020-06-01,27.78
Hillsborough County,2020-06-01,28.3
Holmes County,2020-06-01,26.38
Indian River County,2020-06-01,27.58
Jackson County,2020-06-01,26.45
Jefferson County,2020-06-01,26.55
Lafayette County,2020-06-01,27.39
Lake County,2020-06-01,27.93
Lee County,2020-06-01,27.81
Leon County,2020-06-01,26.17
Levy County,2020-06-01,27.48
Liberty County,2020-06-01,26.33
Madison County,2020-06-01,26.69
Manatee County,2020-06-01,28.03
Marion County,2020-06-01,27.67
Martin County,2020-06-01,28.4
Miami-Dade County,2020-06-01,28.25
Monroe County,2020-06-01,28.51
Nassau County,2020-06-01,27.78
Okaloosa County,2020-06-01,27.06
Okeechobee County,2020-06-01,27.94
Orange County,2020-06-01,27.88
Osceola County,2020-06-01,27.84
Palm Beach County,2020-06-01,28.37
Pasco County,2020-06-01,27.97
Pinellas County,2020-06-01,28.48
Polk County,2020-06-01,28.13
Putnam County,2020-06-01,27.85
St. Johns County,2020-06-01,27.73
St. Lucie County,2020-06-01,27.89
Santa Rosa County,2020-06-01,27.08
Sarasota County,2020-06-01,27.98
Seminole County,2020-06-01,27.88
Sumter County,2020-06-01,27.82
Suwannee County,2020-06-01,27.11
Taylor County,2020-06-01,27.43
Union County,2020-06-01,26.97
Volusia County,2020-06-01,27.45
Wakulla County,2020-06-01,26.68
Walton County,2020-06-01,26.93
Washington County,2020-06-01,26.86
Alachua County,2020-06-02,26.02
Baker County,2020-06-02,24.83
Bay County,2020-06-02,27.41
Bradford County,2020-06-02,25.42
Brevard County,2020-06-02,26.69
Broward County,2020-06-02,28.02
Calhoun County,2020-06-02,26.81
Charlotte County,2020-06-02,28.73
Citrus County,2020-06-02,27.68
Clay County,2020-06-02,25.81
Collier County,2020-06-02,27.95
Columbia County,2020-06-02,25.01
DeSoto County,2020-06-02,28.19
Dixie County,2020-06-02,26.53
Duval County,2020-06-02,25.38
Escambia County,2020-06-02,26.73
Flagler County,2020-06-02,26.73
Franklin County,2020-06-02,26.54
Gadsden County,2020-06-02,26.05
Gilchrist County,2020-06-02,26.05
Glades County,2020-06-02,28.12
Gulf County,2020-06-02,26.48
Hamilton County,2020-06-02,24.59
Hardee County,2020-06-02,28.08
Hendry County,2020-06-02,28.22
Hernando County,2020-06-02,27.86
Highlands County,2020-06-02,27.87
Hillsborough County,2020-06-02,28.52
Holmes County,2020-06-02,26.97
Indian River County,2020-06-02,26.75
Jackson County,2020-06-02,27.01
Jefferson County,2020-06-02,25.91
Lafayette County,2020-06-02,26.0
Lake County,2020-06-02,27.56
Lee County,2020-06-02,28.46
Leon County,2020-06-02,25.98
Levy County,2020-06-02,26.75
Liberty County,2020-06-02,26.25
Madison County,2020-06-02,25.47
Manatee County,2020-06-02,28.44
Marion County,2020-06-02,27.08
Martin County,2020-06-02,27.73
Miami-Dade County,2020-06-02,28.28
Monroe County,2020-06-02,28.81
Nassau County,2020-06-02,25.03
Okaloosa County,2020-06-02,26.96
Okeechobee County,2020-06-02,27.55
Orange County,2020-06-02,27.3
Osceola County,2020-06-02,27.23
Palm Beach County,2020-06-02,27.99
Pasco County,2020-06-02,28.07
Pinellas County,2020-06-02,29.19
Polk County,2020-06-02,28.0
Putnam County,2020-06-02,26.74
St. Johns County,2020-06-02,26.48
St. Lucie County,2020-06-02,27.11
Santa Rosa County,2020-06-02,26.86
Sarasota County,2020-06-02,28.5
Seminole County,2020-06-02,27.2
Sumter County,2020-06-02,27.69
Suwannee County,2020-06-02,25.4
Taylor County,2020-06-02,26.43
Union County,2020-06-02,25.18
Volusia County,2020-06-02,26.83
Wakulla County,2020-06-02,26.29
Walton County,2020-06-02,27.02
Washington County,2020-06-02,27.23
Alachua County,2020-06-03,24.62
Baker County,2020-06-03,23.78
Bay County,2020-06-03,25.99
Bradford County,2020-06-03,23.96
Brevard County,2020-06-03,25.36
Broward County,2020-06-03,27.22
Calhoun County,2020-06-03,25.48
Charlotte County,2020-06-03,27.79
Citrus County,2020-06-03,26.71
Clay County,2020-06-03,24.06
Collier County,2020-06-03,27.25
Columbia County,2020-06-03,24.16
DeSoto County,2020-06-03,27.03
Dixie County,2020-06-03,25.59
Duval County,2020-06-03,23.54
Escambia County,2020-06-03,26.92
Flagler County,2020-06-03,24.98
Franklin County,2020-06-03,26.4
Gadsden County,2020-06-03,25.32
Gilchrist County,2020-06-03,24.85
Glades County,2020-06-03,26.82
Gulf County,2020-06-03,26.13
Hamilton County,2020-06-03,24.22
Hardee County,2020-06-03,26.8
Hendry County,2020-06-03,27.02
Hernando County,2020-06-03,27.06
Highlands County,2020-06-03,26.45
Hillsborough County,2020-06-03,27.72
Holmes County,2020-06-03,24.36
Indian River County,2020-06-03,25.64
Jackson County,2020-06-03,24.8
Jefferson County,2020-06-03,25.83
Lafayette County,2020-06-03,25.21
Lake County,2020-06-03,26.3
Lee County,2020-06-03,27.66
Leon County,2020-06-03,25.8
Levy County,2020-06-03,25.57
Liberty County,2020-06-03,25.7
Madison County,2020-06-03,25.21
Manatee County,2020-06-03,27.48
Marion County,2020-06-03,25.67
Martin County,2020-06-03,26.86
Miami-Dade County,2020-06-03,27.61
Monroe County,2020-06-03,28.26
Nassau County,2020-06-03,23.58
Okaloosa County,2020-06-03,25.99
Okeechobee County,2020-06-03,26.22
Orange County,2020-06-03,26.12
Osceola County,2020-06-03,25.99
Palm Beach County,2020-06-03,27.07
Pasco County,2020-06-03,27.3
Pinellas County,2020-06-03,28.21
Polk County,2020-06-03,26.83
Putnam County,2020-06-03,24.97
St. Johns County,2020-06-03,24.36
St. Lucie County,2020-06-03,26.16
Santa Rosa County,2020-06-03,26.72
Sarasota County,2020-06-03,27.61
Seminole County,2020-06-03,25.94
Sumter County,2020-06-03,26.63
Suwannee County,2020-06-03,24.68
Taylor County,2020-06-03,26.04
Union County,2020-06-03,23.94
Volusia County,2020-06-03,25.4
Wakulla County,2020-06-03,26.22
Walton County,2020-06-03,25.3
Washington County,2020-06-03,25.05
Alachua County,2020-06-04,24.27
Baker County,2020-06-04,23.42
Bay County,2020-06-04,25.72
Bradford County,2020-06-04,23.75
Brevard County,2020-06-04,24.66
Broward County,2020-06-04,26.0
Calhoun County,2020-06-04,25.46
Charlotte County,2020-06-04,26.04
Citrus County,2020-06-04,25.83
Clay County,2020-06-04,24.08
Collier County,2020-06-04,25.96
Columbia County,2020-06-04,23.59
DeSoto County,2020-06-04,25.49
Dixie County,2020-06-04,24.74
Duval County,2020-06-04,23.66
Escambia County,2020-06-04,25.48
Flagler County,2020-06-04,25.23
Franklin County,2020-06-04,24.89
Gadsden County,2020-06-04,25.01
Gilchrist County,2020-06-04,24.31
Glades County,2020-06-04,25.44
Gulf County,2020-06-04,24.97
Hamilton County,2020-06-04,23.43
Hardee County,2020-06-04,25.58
Hendry County,2020-06-04,25.8
Hernando County,2020-06-04,26.0
Highlands County,2020-06-04,25.33
Hillsborough County,2020-06-04,26.32
Holmes County,2020-06-04,25.42
Indian River County,2020-06-04,24.3
Jackson County,2020-06-04,25.75
Jefferson County,2020-06-04,24.83
Lafayette County,2020-06-04,24.48
Lake County,2020-06-04,26.06
Lee County,2020-06-04,26.0
Leon County,2020-06-04,24.92
Levy County,2020-06-04,24.87
Liberty County,2020-06-04,24.95
Madison County,2020-06-04,24.33
Manatee County,2020-06-04,25.78
Marion County,2020-06-04,25.37
Martin County,2020-06-04,25.16
Miami-Dade County,2020-06-04,26.31
Monroe County,2020-06-04,26.6
Nassau County,2020-06-04,23.58
Okaloosa County,2020-06-04,25.61
Okeechobee County,2020-06-04,25.02
Orange County,2020-06-04,25.96
Osceola County,2020-06-04,25.5
Palm Beach County,2020-06-04,25.68
Pasco County,2020-06-04,26.12
Pinellas County,2020-06-04,26.45
Polk County,2020-06-04,26.11
Putnam County,2020-06-04,25.02
St. Johns County,2020-06-04,24.65
St. Lucie County,2020-06-04,24.45
Santa Rosa County,2020-06-04,25.68
Sarasota County,2020-06-04,25.68
Seminole County,2020-06-04,25.91
Sumter County,2020-06-04,25.99
Suwannee County,2020-06-04,23.99
Taylor County,2020-06-04,24.97
Union County,2020-06-04,23.57
Volusia County,2020-06-04,25.44
Wakulla County,2020-06-04,24.97
Walton County,2020-06-04,25.5
Washington County,2020-06-04,25.72
Alachua County,2020-06-05,24.88
Baker County,2020-06-05,25.05
Bay County,2020-06-05,26.2
Bradford County,2020-06-05,24.66
Brevard County,2020-06-05,23.93
Broward County,2020-06-05,26.47
Calhoun County,2020-06-05,26.09
Charlotte County,2020-06-05,25.68
Citrus County,2020-06-05,25.05
Clay County,2020-06-05,24.71
Collier County,2020-06-05,25.97
Columbia County,2020-06-05,25.42
DeSoto County,2020-06-05,25.19
Dixie County,2020-06-05,25.79
Duval County,2020-06-05,24.46
Escambia County,2020-06-05,26.32
Flagler County,2020-06-05,24.44
Franklin County,2020-06-05,25.32
Gadsden County,2020-06-05,25.57
Gilchrist County,2020-06-05,25.51
Glades County,2020-06-05,25.83
Gulf County,2020-06-05,25.44
Hamilton County,2020-06-05,25.56
Hardee County,2020-06-05,25.05
Hendry County,2020-06-05,26.22
Hernando County,2020-06-05,24.94
Highlands County,2020-06-05,25.3
Hillsborough County,2020-06-05,25.34
Holmes County,2020-06-05,26.26
Indian River County,2020-06-05,24.87
Jackson County,2020-06-05,26.42
Jefferson County,2020-06-05,25.94
Lafayette County,2020-06-05,26.11
Lake County,2020-06-05,24.6
Lee County,2020-06-05,25.65
Leon County,2020-06-05,25.68
Levy County,2020-06-05,25.18
Liberty County,2020-06-05,25.54
Madison County,2020-06-05,26.02
Manatee County,2020-06-05,25.11
Marion County,2020-06-05,24.77
Martin County,2020-06-05,26.24
Miami-Dade County,2020-06-05,26.51
Monroe County,2020-06-05,26.61
Nassau County,2020-06-05,24.79
Okaloosa County,2020-06-05,26.12
Okeechobee County,2020-06-05,25.6
Orange County,2020-06-05,24.4
Osceola County,2020-06-05,24.68
Palm Beach County,2020-06-05,26.5
Pasco County,2020-06-05,25.06
Pinellas County,2020-06-05,25.59
Polk County,2020-06-05,25.1
Putnam County,2020-06-05,24.88
St. Johns County,2020-06-05,24.58
St. Lucie County,2020-06-05,25.52
Santa Rosa County,2020-06-05,26.29
Sarasota County,2020-06-05,25.05
Seminole County,2020-06-05,24.32
Sumter County,2020-06-05,24.74
Suwannee County,2020-06-05,25.9
Taylor County,2020-06-05,26.23
Union County,2020-06-05,24.91
Volusia County,2020-06-05,24.08
Wakulla County,2020-06-05,25.65
Walton County,2020-06-05,26.05
Washington County,2020-06-05,26.48
Alachua County,2020-06-06,24.89
Baker County,2020-06-06,24.92
Bay County,2020-06-06,26.75
Bradford County,2020-06-06,24.69
Brevard County,2020-06-06,26.31
Broward County,2020-06-06,27.97
Calhoun County,2020-06-06,26.29
Charlotte County,2020-06-06,27.23
Citrus County,2020-06-06,26.16
Clay County,2020-06-06,25.2
Collier County,2020-06-06,27.28
Columbia County,2020-06-06,24.87
DeSoto County,2020-06-06,26.76
Dixie County,2020-06-06,25.34
Duval County,2020-06-06,25.26
Escambia County,2020-06-06,26.73
Flagler County,2020-06-06,25.9
Franklin County,2020-06-06,25.36
Gadsden County,2020-06-06,25.82
Gilchrist County,2020-06-06,24.98
Glades County,2020-06-06,27.03
Gulf County,2020-06-06,25.6
Hamilton County,2020-06-06,24.98
Hardee County,2020-06-06,26.7
Hendry County,2020-06-06,27.21
Hernando County,2020-06-06,26.41
Highlands County,2020-06-06,26.76
Hillsborough County,2020-06-06,27.07
Holmes County,2020-06-06,26.83
Indian River County,2020-06-06,26.49
Jackson County,2020-06-06,26.89
Jefferson County,2020-06-06,25.86
Lafayette County,2020-06-06,25.35
Lake County,2020-06-06,26.59
Lee County,2020-06-06,27.11
Leon County,2020-06-06,25.81
Levy County,2020-06-06,25.3
Liberty County,2020-06-06,25.54
Madison County,2020-06-06,25.54
Manatee County,2020-06-06,26.65
Marion County,2020-06-06,25.79
Martin County,2020-06-06,27.41
Miami-Dade County,2020-06-06,28.57
Monroe County,2020-06-06,28.58
Nassau County,2020-06-06,25.65
Okaloosa County,2020-06-06,26.69
Okeechobee County,2020-06-06,26.81
Orange County,2020-06-06,26.86
Osceola County,2020-06-06,26.79
Palm Beach County,2020-06-06,27.62
Pasco County,2020-06-06,26.65
Pinellas County,2020-06-06,26.98
Polk County,2020-06-06,27.04
Putnam County,2020-06-06,25.78
St. Johns County,2020-06-06,25.54
St. Lucie County,2020-06-06,26.82
Santa Rosa County,2020-06-06,26.84
Sarasota County,2020-06-06,26.59
Seminole County,2020-06-06,26.81
Sumter County,2020-06-06,26.39
Suwannee County,2020-06-06,25.12
Taylor County,2020-06-06,25.81
Union County,2020-06-06,24.59
Volusia County,2020-06-06,26.2
Wakulla County,2020-06-06,25.71
Walton County,2020-06-06,26.67
Washington County,2020-06-06,26.96
Alachua County,2020-06-07,24.68
Baker County,2020-06-07,24.05
Bay County,2020-06-07,25.66
Bradford County,2020-06-07,24.23
Brevard County,2020-06-07,26.12
Broward County,2020-06-07,29.01
Calhoun County,2020-06-07,25.37
Charlotte County,2020-06-07,27.04
Citrus County,2020-06-07,25.5
Clay County,2020-06-07,24.68
Collier County,2020-06-07,27.74
Columbia County,2020-06-07,24.14
DeSoto County,2020-06-07,26.45
Dixie County,2020-06-07,25.07
Duval County,2020-06-07,24.57
Escambia County,2020-06-07,25.86
Flagler County,2020-06-07,25.28
Franklin County,2020-06-07,24.88
Gadsden County,2020-06-07,24.55
Gilchrist County,2020-06-07,24.83
Glades County,2020-06-07,27.17
Gulf County,2020-06-07,25.06
Hamilton County,2020-06-07,23.99
Hardee County,2020-06-07,26.14
Hendry County,2020-06-07,27.63
Hernando County,2020-06-07,25.41
Highlands County,2020-06-07,26.64
Hillsborough County,2020-06-07,25.85
Holmes County,2020-06-07,25.63
Indian River County,2020-06-07,27.18
Jackson County,2020-06-07,25.54
Jefferson County,2020-06-07,24.67
Lafayette County,2020-06-07,24.76
Lake County,2020-06-07,25.59
Lee County,2020-06-07,27.16
Leon County,2020-06-07,24.6
Levy County,2020-06-07,25.18
Liberty County,2020-06-07,24.9
Madison County,2020-06-07,24.49
Manatee County,2020-06-07,25.88
Marion County,2020-06-07,25.31
Martin County,2020-06-07,28.73
Miami-Dade County,2020-06-07,29.38
Monroe County,2020-06-07,29.22
Nassau County,2020-06-07,24.65
Okaloosa County,2020-06-07,25.82
Okeechobee County,2020-06-07,27.29
Orange County,2020-06-07,25.84
Osceola County,2020-06-07,26.32
Palm Beach County,2020-06-07,28.87
Pasco County,2020-06-07,25.48
Pinellas County,2020-06-07,25.72
Polk County,2020-06-07,26.17
Putnam County,2020-06-07,25.32
St. Johns County,2020-06-07,25.16
St. Lucie County,2020-06-07,27.96
Santa Rosa County,2020-06-07,25.98
Sarasota County,2020-06-07,26.11
Seminole County,2020-06-07,25.72
Sumter County,2020-06-07,25.54
Suwannee County,2020-06-07,24.39
Taylor County,2020-06-07,24.99
Union County,2020-06-07,24.09
Volusia County,2020-06-07,25.27
Wakulla County,2020-06-07,24.81
Walton County,2020-06-07,25.61
Washington County,2020-06-07,25.73
Alachua County,2020-06-08,25.11
Baker County,2020-06-08,23.69
Bay County,2020-06-08,26.91
Bradford County,2020-06-08,24.31
Brevard County,2020-06-08,26.99
Broward County,2020-06-08,29.18
Calhoun County,2020-06-08,26.48
Charlotte County,2020-06-08,28.72
Citrus County,2020-06-08,26.93
Clay County,2020-06-08,24.8
Collier County,2020-06-08,28.62
Columbia County,2020-06-08,23.92
DeSoto County,2020-06-08,28.17
Dixie County,2020-06-08,25.79
Duval County,2020-06-08,24.49
Escambia County,2020-06-08,26.1
Flagler County,2020-06-08,26.22
Franklin County,2020-06-08,26.04
Gadsden County,2020-06-08,25.27
Gilchrist County,2020-06-08,25.27
Glades County,2020-06-08,28.26
Gulf County,2020-06-08,26.3
Hamilton County,2020-06-08,23.57
Hardee County,2020-06-08,27.96
Hendry County,2020-06-08,28.56
Hernando County,2020-06-08,27.04
Highlands County,2020-06-08,28.02
Hillsborough County,2020-06-08,27.85
Holmes County,2020-06-08,26.58
Indian River County,2020-06-08,27.38
Jackson County,2020-06-08,26.64
Jefferson County,2020-06-08,24.93
Lafayette County,2020-06-08,24.97
Lake County,2020-06-08,26.78
Lee County,2020-06-08,28.65
Leon County,2020-06-08,25.08
Levy County,2020-06-08,26.19
Liberty County,2020-06-08,25.88
Madison County,2020-06-08,24.45
Manatee County,2020-06-08,27.87
Marion County,2020-06-08,26.23
Martin County,2020-06-08,28.35
Miami-Dade County,2020-06-08,29.45
Monroe County,2020-06-08,29.55
Nassau County,2020-06-08,24.24
Okaloosa County,2020-06-08,26.63
Okeechobee County,2020-06-08,27.86
Orange County,2020-06-08,26.94
Osceola County,2020-06-08,27.33
Palm Beach County,2020-06-08,28.75
Pasco County,2020-06-08,27.25
Pinellas County,2020-06-08,28.03
Polk County,2020-06-08,27.74
Putnam County,2020-06-08,25.89
St. Johns County,2020-06-08,25.72
St. Lucie County,2020-06-08,27.74
Santa Rosa County,2020-06-08,26.55
Sarasota County,2020-06-08,28.03
Seminole County,2020-06-08,26.81
Sumter County,2020-06-08,26.83
Suwannee County,2020-06-08,24.29
Taylor County,2020-06-08,25.39
Union County,2020-06-08,24.07
Volusia County,2020-06-08,26.4
Wakulla County,2020-06-08,25.53
Walton County,2020-06-08,26.56
Washington County,2020-06-08,26.86
Alachua County,2020-06-09,27.2
Baker County,2020-06-09,26.82
Bay County,2020-06-09,28.51
Bradford County,2020-06-09,26.8
Brevard County,2020-06-09,28.16
Broward County,2020-06-09,28.98
Calhoun County,2020-06-09,28.39
Charlotte County,2020-06-09,29.24
Citrus County,2020-06-09,28.12
Clay County,2020-06-09,27.03
Collier County,2020-06-09,28.64
Columbia County,2020-06-09,27.09
DeSoto County,2020-06-09,28.77
Dixie County,2020-06-09,28.02
Duval County,2020-06-09,26.73
Escambia County,2020-06-09,27.08
Flagler County,2020-06-09,27.45
Franklin County,2020-06-09,28.22
Gadsden County,2020-06-09,27.9
Gilchrist County,2020-06-09,27.57
Glades County,2020-06-09,28.95
Gulf County,2020-06-09,28.1
Hamilton County,2020-06-09,26.98
Hardee County,2020-06-09,28.72
Hendry County,2020-06-09,28.94
Hernando County,2020-06-09,28.14
Highlands County,2020-06-09,28.86
Hillsborough County,2020-06-09,28.81
Holmes County,2020-06-09,28.03
Indian River County,2020-06-09,28.42
Jackson County,2020-06-09,28.5
Jefferson County,2020-06-09,28.06
Lafayette County,2020-06-09,27.88
Lake County,2020-06-09,27.89
Lee County,2020-06-09,29.05
Leon County,2020-06-09,28.03
Levy County,2020-06-09,27.76
Liberty County,2020-06-09,28.09
Madison County,2020-06-09,27.71
Manatee County,2020-06-09,28.6
Marion County,2020-06-09,27.6
Martin County,2020-06-09,29.2
Miami-Dade County,2020-06-09,28.76
Monroe County,2020-06-09,29.23
Nassau County,2020-06-09,26.84
Okaloosa County,2020-06-09,27.67
Okeechobee County,2020-06-09,28.82
Orange County,2020-06-09,28.08
Osceola County,2020-06-09,28.44
Palm Beach County,2020-06-09,29.15
Pasco County,2020-06-09,28.31
Pinellas County,2020-06-09,29.19
Polk County,2020-06-09,28.75
Putnam County,2020-06-09,27.55
St. Johns County,2020-06-09,27.34
St. Lucie County,2020-06-09,28.72
Santa Rosa County,2020-06-09,27.45
Sarasota County,2020-06-09,28.64
Seminole County,2020-06-09,27.91
Sumter County,2020-06-09,27.94
Suwannee County,2020-06-09,27.47
Taylor County,2020-06-09,28.33
Union County,2020-06-09,26.86
Volusia County,2020-06-09,27.51
Wakulla County,2020-06-09,28.23
Walton County,2020-06-09,27.84
Washington County,2020-06-09,28.4
Alachua County,2020-06-10,26.73
Baker County,2020-06-10,26.13
Bay County,2020-06-10,27.69
Bradford County,2020-06-10,26.35
Brevard County,2020-06-10,28.01
Broward County,2020-06-10,29.24
Calhoun County,2020-06-10,27.07
Charlotte County,2020-06-10,28.89
Citrus County,2020-06-10,28.21
Clay County,2020-06-10,26.93
Collier County,2020-06-10,28.4
Columbia County,2020-06-10,26.02
DeSoto County,2020-06-10,28.57
Dixie County,2020-06-10,26.93
Duval County,2020-06-10,26.89
Escambia County,2020-06-10,27.89
Flagler County,2020-06-10,27.92
Franklin County,2020-06-10,26.72
Gadsden County,2020-06-10,26.11
Gilchrist County,2020-06-10,26.65
Glades County,2020-06-10,28.66
Gulf County,2020-06-10,27.01
Hamilton County,2020-06-10,25.63
Hardee County,2020-06-10,28.62
Hendry County,2020-06-10,28.64
Hernando County,2020-06-10,28.42
Highlands County,2020-06-10,28.62
Hillsborough County,2020-06-10,29.03
Holmes County,2020-06-10,27.26
Indian River County,2020-06-10,28.32
Jackson County,2020-06-10,27.17
Jefferson County,2020-06-10,26.24
Lafayette County,2020-06-10,26.52
Lake County,2020-06-10,28.39
Lee County,2020-06-10,28.55
Leon County,2020-06-10,26.15
Levy County,2020-06-10,27.28
Liberty County,2020-06-10,26.53
Madison County,2020-06-10,26.06
Manatee County,2020-06-10,28.66
Marion County,2020-06-10,27.77
Martin County,2020-06-10,29.2
Miami-Dade County,2020-06-10,29.38
Monroe County,2020-06-10,29.38
Nassau County,2020-06-10,26.93
Okaloosa County,2020-06-10,27.74
Okeechobee County,2020-06-10,28.7
Orange County,2020-06-10,28.44
Osceola County,2020-06-10,28.5
Palm Beach County,2020-06-10,29.27
Pasco County,2020-06-10,28.64
Pinellas County,2020-06-10,29.14
Polk County,2020-06-10,28.84
Putnam County,2020-06-10,27.69
St. Johns County,2020-06-10,27.58
St. Lucie County,2020-06-10,28.65
Santa Rosa County,2020-06-10,27.98
Sarasota County,2020-06-10,28.52
Seminole County,2020-06-10,28.42
Sumter County,2020-06-10,28.32
Suwannee County,2020-06-10,26.12
Taylor County,2020-06-10,26.7
Union County,2020-06-10,26.09
Volusia County,2020-06-10,28.01
Wakulla County,2020-06-10,26.41
Walton County,2020-06-10,27.48
Washington County,2020-06-10,27.56
Alachua County,2020-06-11,27.51
Baker County,2020-06-11,27.16
Bay County,2020-06-11,27.99
Bradford County,2020-06-11,27.23
Brevard County,2020-06-11,27.68
Broward County,2020-06-11,28.69
Calhoun County,2020-06-11,28.01
Charlotte County,2020-06-11,28.95
Citrus County,2020-06-11,28.32
Clay County,2020-06-11,27.58
Collier County,2020-06-11,28.36
Columbia County,2020-06-11,27.21
DeSoto County,2020-06-11,28.56
Dixie County,2020-06-11,27.72
Duval County,2020-06-11,27.39
Escambia County,2020-06-11,26.39
Flagler County,2020-06-11,27.89
Franklin County,2020-06-11,27.58
Gadsden County,2020-06-11,27.53
Gilchrist County,2020-06-11,27.55
Glades County,2020-06-11,28.44
Gulf County,2020-06-11,27.62
Hamilton County,2020-06-11,27.03
Hardee County,2020-06-11,28.57
Hendry County,2020-06-11,28.5
Hernando County,2020-06-11,28.47
Highlands County,2020-06-11,28.38
Hillsborough County,2020-06-11,29.06
Holmes County,2020-06-11,27.41
Indian River County,2020-06-11,27.97
Jackson County,2020-06-11,28.05
Jefferson County,2020-06-11,27.66
Lafayette County,2020-06-11,27.66
Lake County,2020-06-11,28.45
Lee County,2020-06-11,28.64
Leon County,2020-06-11,27.59
Levy County,2020-06-11,27.75
Liberty County,2020-06-11,27.66
Madison County,2020-06-11,27.5
Manatee County,2020-06-11,28.89
Marion County,2020-06-11,28.12
Martin County,2020-06-11,28.73
Miami-Dade County,2020-06-11,28.72
Monroe County,2020-06-11,29.05
Nassau County,2020-06-11,27.52
Okaloosa County,2020-06-11,26.95
Okeechobee County,2020-06-11,28.37
Orange County,2020-06-11,28.32
Osceola County,2020-06-11,28.25
Palm Beach County,2020-06-11,28.76
Pasco County,2020-06-11,28.71
Pinellas County,2020-06-11,29.39
Polk County,2020-06-11,28.7
Putnam County,2020-06-11,28.12
St. Johns County,2020-06-11,27.73
St. Lucie County,2020-06-11,28.23
Santa Rosa County,2020-06-11,26.72
Sarasota County,2020-06-11,28.83
Seminole County,2020-06-11,28.32
Sumter County,2020-06-11,28.4
Suwannee County,2020-06-11,27.4
Taylor County,2020-06-11,27.85
Union County,2020-06-11,27.13
Volusia County,2020-06-11,27.91
Wakulla County,2020-06-11,27.62
Walton County,2020-06-11,27.21
Washington County,2020-06-11,27.96
Alachua County,2020-06-12,27.37
Baker County,2020-06-12,27.4
Bay County,2020-06-12,28.23
Bradford County,2020-06-12,27.05
Brevard County,2020-06-12,26.3
Broward County,2020-06-12,27.35
Calhoun County,2020-06-12,27.88
Charlotte County,2020-06-12,27.86
Citrus County,2020-06-12,28.1
Clay County,2020-06-12,27.04
Collier County,2020-06-12,27.07
Columbia County,2020-06-12,27.71
DeSoto County,2020-06-12,27.25
Dixie County,2020-06-12,28.22
Duval County,2020-06-12,26.87
Escambia County,2020-06-12,25.36
Flagler County,2020-06-12,26.87
Franklin County,2020-06-12,28.09
Gadsden County,2020-06-12,27.47
Gilchrist County,2020-06-12,27.86
Glades County,2020-06-12,27.11
Gulf County,2020-06-12,27.82
Hamilton County,2020-06-12,27.74
Hardee County,2020-06-12,27.28
Hendry County,2020-06-12,27.21
Hernando County,2020-06-12,28.03
Highlands County,2020-06-12,26.99
Hillsborough County,2020-06-12,28.21
Holmes County,2020-06-12,26.94
Indian River County,2020-06-12,26.45
Jackson County,2020-06-12,27.73
Jefferson County,2020-06-12,27.97
Lafayette County,2020-06-12,28.26
Lake County,2020-06-12,27.62
Lee County,2020-06-12,27.66
Leon County,2020-06-12,27.69
Levy County,2020-06-12,27.84
Liberty County,2020-06-12,27.66
Madison County,2020-06-12,28.04
Manatee County,2020-06-12,27.84
Marion County,2020-06-12,27.61
Martin County,2020-06-12,27.34
Miami-Dade County,2020-06-12,27.25
Monroe County,2020-06-12,27.79
Nassau County,2020-06-12,27.42
Okaloosa County,2020-06-12,26.33
Okeechobee County,2020-06-12,26.88
Orange County,2020-06-12,27.12
Osceola County,2020-06-12,26.84
Palm Beach County,2020-06-12,27.38
Pasco County,2020-06-12,28.06
Pinellas County,2020-06-12,29.06
Polk County,2020-06-12,27.56
Putnam County,2020-06-12,27.37
St. Johns County,2020-06-12,26.98
St. Lucie County,2020-06-12,26.82
Santa Rosa County,2020-06-12,25.76
Sarasota County,2020-06-12,27.82
Seminole County,2020-06-12,27.04
Sumter County,2020-06-12,27.85
Suwannee County,2020-06-12,28.07
Taylor County,2020-06-12,28.49
Union County,2020-06-12,27.26
Volusia County,2020-06-12,26.74
Wakulla County,2020-06-12,27.94
Walton County,2020-06-12,26.91
Washington County,2020-06-12,27.65
Alachua County,2020-06-13,26.2
Baker County,2020-06-13,25.96
Bay County,2020-06-13,27.83
Bradford County,2020-06-13,25.95
Brevard County,2020-06-13,26.28
Broward County,2020-06-13,27.55
Calhoun County,2020-06-13,27.34
Charlotte County,2020-06-13,27.63
Citrus County,2020-06-13,27.5
Clay County,2020-06-13,26.29
Collier County,2020-06-13,27.06
Columbia County,2020-06-13,25.93
DeSoto County,2020-06-13,27.0
Dixie County,2020-06-13,26.4
Duval County,2020-06-13,26.1
Escambia County,2020-06-13,26.18
Flagler County,2020-06-13,26.58
Franklin County,2020-06-13,27.18
Gadsden County,2020-06-13,26.74
Gilchrist County,2020-06-13,26.07
Glades County,2020-06-13,26.68
Gulf County,2020-06-13,27.17
Hamilton County,2020-06-13,25.84
Hardee County,2020-06-13,27.09
Hendry County,2020-06-13,26.93
Hernando County,2020-06-13,27.69
Highlands County,2020-06-13,26.67
Hillsborough County,2020-06-13,28.12
Holmes County,2020-06-13,26.94
Indian River County,2020-06-13,26.34
Jackson County,2020-06-13,27.33
Jefferson County,2020-06-13,26.71
Lafayette County,2020-06-13,26.17
Lake County,2020-06-13,27.55
Lee County,2020-06-13,27.46
Leon County,2020-06-13,26.8
Levy County,2020-06-13,26.55
Liberty County,2020-06-13,26.94
Madison County,2020-06-13,26.27
Manatee County,2020-06-13,27.66
Marion County,2020-06-13,27.05
Martin County,2020-06-13,27.3
Miami-Dade County,2020-06-13,27.58
Monroe County,2020-06-13,27.91
Nassau County,2020-06-13,26.31
Okaloosa County,2020-06-13,26.85
Okeechobee County,2020-06-13,26.62
Orange County,2020-06-13,27.3
Osceola County,2020-06-13,26.95
Palm Beach County,2020-06-13,27.43
Pasco County,2020-06-13,27.86
Pinellas County,2020-06-13,28.6
Polk County,2020-06-13,27.57
Putnam County,2020-06-13,26.88
St. Johns County,2020-06-13,26.43
St. Lucie County,2020-06-13,26.69
Santa Rosa County,2020-06-13,26.59
Sarasota County,2020-06-13,27.63
Seminole County,2020-06-13,27.22
Sumter County,2020-06-13,27.61
Suwannee County,2020-06-13,26.0
Taylor County,2020-06-13,26.77
Union County,2020-06-13,25.82
Volusia County,2020-06-13,26.7
Wakulla County,2020-06-13,27.07
Walton County,2020-06-13,27.05
Washington County,2020-06-13,27.44
Alachua County,2020-06-14,25.33
Baker County,2020-06-14,24.73
Bay County,2020-06-14,27.17
Bradford County,2020-06-14,24.97
Brevard County,2020-06-14,25.86
Broward County,2020-06-14,27.85
Calhoun County,2020-06-14,26.76
Charlotte County,2020-06-14,26.58
Citrus County,2020-06-14,26.49
Clay County,2020-06-14,25.5
Collier County,2020-06-14,26.92
Columbia County,2020-06-14,24.56
DeSoto County,2020-06-14,26.06
Dixie County,2020-06-14,25.83
Duval County,2020-06-14,25.4
Escambia County,2020-06-14,26.44
Flagler County,2020-06-14,26.08
Franklin County,2020-06-14,26.66
Gadsden County,2020-06-14,25.93
Gilchrist County,2020-06-14,25.34
Glades County,2020-06-14,26.55
Gulf County,2020-06-14,26.66
Hamilton County,2020-06-14,23.96
Hardee County,2020-06-14,26.1
Hendry County,2020-06-14,26.92
Hernando County,2020-06-14,26.47
Highlands County,2020-06-14,26.29
Hillsborough County,2020-06-14,26.68
Holmes County,2020-06-14,26.45
Indian River County,2020-06-14,26.28
Jackson County,2020-06-14,26.66
Jefferson County,2020-06-14,25.58
Lafayette County,2020-06-14,25.31
Lake County,2020-06-14,26.48
Lee County,2020-06-14,26.59
Leon County,2020-06-14,25.93
Levy County,2020-06-14,25.89
Liberty County,2020-06-14,26.43
Madison County,2020-06-14,24.84
Manatee County,2020-06-14,26.17
Marion County,2020-06-14,26.17
Martin County,2020-06-14,27.37
Miami-Dade County,2020-06-14,27.96
Monroe County,2020-06-14,28.05
Nassau County,2020-06-14,25.4
Okaloosa County,2020-06-14,26.59
Okeechobee County,2020-06-14,26.59
Orange County,2020-06-14,26.32
Osceola County,2020-06-14,26.3
Palm Beach County,2020-06-14,27.64
Pasco County,2020-06-14,26.52
Pinellas County,2020-06-14,27.06
Polk County,2020-06-14,26.53
Putnam County,2020-06-14,26.16
St. Johns County,2020-06-14,26.0
St. Lucie County,2020-06-14,26.71
Santa Rosa County,2020-06-14,26.6
Sarasota County,2020-06-14,26.07
Seminole County,2020-06-14,26.3
Sumter County,2020-06-14,26.47
Suwannee County,2020-06-14,24.67
Taylor County,2020-06-14,25.93
Union County,2020-06-14,24.73
Volusia County,2020-06-14,25.94
Wakulla County,2020-06-14,26.42
Walton County,2020-06-14,26.57
Washington County,2020-06-14,26.82
Alachua County,2020-06-15,25.34
Baker County,2020-06-15,24.6
Bay County,2020-06-15,26.9
Bradford County,2020-06-15,24.93
Brevard County,2020-06-15,26.21
Broward County,2020-06-15,27.55
Calhoun County,2020-06-15,26.36
Charlotte County,2020-06-15,27.7
Citrus County,2020-06-15,26.51
Clay County,2020-06-15,25.22
Collier County,2020-06-15,27.04
Columbia County,2020-06-15,24.51
DeSoto County,2020-06-15,27.48
Dixie County,2020-06-15,25.26
Duval County,2020-06-15,24.73
Escambia County,2020-06-15,26.36
Flagler County,2020-06-15,25.68
Franklin County,2020-06-15,26.05
Gadsden County,2020-06-15,25.06
Gilchrist County,2020-06-15,25.13
Glades County,2020-06-15,27.26
Gulf County,2020-06-15,26.42
Hamilton County,2020-06-15,23.81
Hardee County,2020-06-15,27.56
Hendry County,2020-06-15,27.16
Hernando County,2020-06-15,26.77
Highlands County,2020-06-15,27.41
Hillsborough County,2020-06-15,27.61
Holmes County,2020-06-15,26.08
Indian River County,2020-06-15,26.79
Jackson County,2020-06-15,26.19
Jefferson County,2020-06-15,24.63
Lafayette County,2020-06-15,24.79
Lake County,2020-06-15,26.85
Lee County,2020-06-15,27.29
Leon County,2020-06-15,24.93
Levy County,2020-06-15,25.65
Liberty County,2020-06-15,25.86
Madison County,2020-06-15,24.2
Manatee County,2020-06-15,27.54
Marion County,2020-06-15,26.24
Martin County,2020-06-15,27.52
Miami-Dade County,2020-06-15,27.7
Monroe County,2020-06-15,27.92
Nassau County,2020-06-15,24.76
Okaloosa County,2020-06-15,26.21
Okeechobee County,2020-06-15,27.31
Orange County,2020-06-15,26.89
Osceola County,2020-06-15,27.11
Palm Beach County,2020-06-15,27.57
Pasco County,2020-06-15,27.09
Pinellas County,2020-06-15,27.54
Polk County,2020-06-15,27.59
Putnam County,2020-06-15,25.99
St. Johns County,2020-06-15,25.21
St. Lucie County,2020-06-15,27.03
Santa Rosa County,2020-06-15,26.34
Sarasota County,2020-06-15,27.45
Seminole County,2020-06-15,26.76
Sumter County,2020-06-15,26.78
Suwannee County,2020-06-15,24.39
Taylor County,2020-06-15,25.06
Union County,2020-06-15,24.72
Volusia County,2020-06-15,26.03
Wakulla County,2020-06-15,25.46
Walton County,2020-06-15,26.21
Washington County,2020-06-15,26.58
Alachua County,2020-06-16,24.62
Baker County,2020-06-16,23.56
Bay County,2020-06-16,27.02
Bradford County,2020-06-16,23.92
Brevard County,2020-06-16,24.95
Broward County,2020-06-16,26.93
Calhoun County,2020-06-16,26.07
Charlotte County,2020-06-16,26.6
Citrus County,2020-06-16,26.29
Clay County,2020-06-16,24.07
Collier County,2020-06-16,26.54
Columbia County,2020-06-16,23.84
DeSoto County,2020-06-16,25.8
Dixie County,2020-06-16,25.48
Duval County,2020-06-16,23.53
Escambia County,2020-06-16,26.85
Flagler County,2020-06-16,24.67
Franklin County,2020-06-16,25.94
Gadsden County,2020-06-16,24.77
Gilchrist County,2020-06-16,24.89
Glades County,2020-06-16,25.56
Gulf County,2020-06-16,26.13
Hamilton County,2020-06-16,23.47
Hardee County,2020-06-16,25.85
Hendry County,2020-06-16,26.11
Hernando County,2020-06-16,26.49
Highlands County,2020-06-16,25.29
Hillsborough County,2020-06-16,27.07
Holmes County,2020-06-16,26.51
Indian River County,2020-06-16,25.11
Jackson County,2020-06-16,25.99
Jefferson County,2020-06-16,24.78
Lafayette County,2020-06-16,24.89
Lake County,2020-06-16,26.07
Lee County,2020-06-16,26.6
Leon County,2020-06-16,24.86
Levy County,2020-06-16,25.55
Liberty County,2020-06-16,25.5
Madison County,2020-06-16,24.29
Manatee County,2020-06-16,26.74
Marion County,2020-06-16,25.54
Martin County,2020-06-16,26.21
Miami-Dade County,2020-06-16,27.38
Monroe County,2020-06-16,27.75
Nassau County,2020-06-16,23.53
Okaloosa County,2020-06-16,26.97
Okeechobee County,2020-06-16,25.36
Orange County,2020-06-16,25.91
Osceola County,2020-06-16,25.62
Palm Beach County,2020-06-16,26.58
Pasco County,2020-06-16,26.74
Pinellas County,2020-06-16,27.82
Polk County,2020-06-16,26.26
Putnam County,2020-06-16,24.95
St. Johns County,2020-06-16,24.16
St. Lucie County,2020-06-16,25.5
Santa Rosa County,2020-06-16,26.98
Sarasota County,2020-06-16,26.75
Seminole County,2020-06-16,25.77
Sumter County,2020-06-16,26.19
Suwannee County,2020-06-16,24.24
Taylor County,2020-06-16,25.41
Union County,2020-06-16,23.85
Volusia County,2020-06-16,25.07
Wakulla County,2020-06-16,25.44
Walton County,2020-06-16,26.85
Washington County,2020-06-16,26.77
Alachua County,2020-06-17,23.49
Baker County,2020-06-17,22.22
Bay County,2020-06-17,25.35
Bradford County,2020-06-17,22.77
Brevard County,2020-06-17,24.39
Broward County,2020-06-17,26.96
Calhoun County,2020-06-17,24.06
Charlotte County,2020-06-17,26.48
Citrus County,2020-06-17,25.36
Clay County,2020-06-17,23.09
Collier County,2020-06-17,26.45
Columbia County,2020-06-17,22.5
DeSoto County,2020-06-17,25.73
Dixie County,2020-06-17,24.48
Duval County,2020-06-17,22.54
Escambia County,2020-06-17,24.83
Flagler County,2020-06-17,24.15
Franklin County,2020-06-17,24.89
Gadsden County,2020-06-17,22.72
Gilchrist County,2020-06-17,23.73
Glades County,2020-06-17,25.73
Gulf County,2020-06-17,24.93
Hamilton County,2020-06-17,22.03
Hardee County,2020-06-17,25.62
Hendry County,2020-06-17,26.14
Hernando County,2020-06-17,25.53
Highlands County,2020-06-17,25.43
Hillsborough County,2020-06-17,26.16
Holmes County,2020-06-17,23.64
Indian River County,2020-06-17,24.93
Jackson County,2020-06-17,23.37
Jefferson County,2020-06-17,23.25
Lafayette County,2020-06-17,23.82
Lake County,2020-06-17,25.29
Lee County,2020-06-17,26.51
Leon County,2020-06-17,23.12
Levy County,2020-06-17,24.49
Liberty County,2020-06-17,23.83
Madison County,2020-06-17,22.89
Manatee County,2020-06-17,25.93
Marion County,2020-06-17,24.62
Martin County,2020-06-17,26.27
Miami-Dade County,2020-06-17,27.29
Monroe County,2020-06-17,27.59
Nassau County,2020-06-17,22.21
Okaloosa County,2020-06-17,24.58
Okeechobee County,2020-06-17,25.41
Orange County,2020-06-17,25.21
Osceola County,2020-06-17,25.22
Palm Beach County,2020-06-17,26.67
Pasco County,2020-06-17,25.71
Pinellas County,2020-06-17,26.44
Polk County,2020-06-17,25.8
Putnam County,2020-06-17,24.13
St. Johns County,2020-06-17,23.57
St. Lucie County,2020-06-17,25.48
Santa Rosa County,2020-06-17,24.75
Sarasota County,2020-06-17,26.09
Seminole County,2020-06-17,25.06
Sumter County,2020-06-17,25.35
Suwannee County,2020-06-17,23.02
Taylor County,2020-06-17,24.32
Union County,2020-06-17,22.59
Volusia County,2020-06-17,24.42
Wakulla County,2020-06-17,24.09
Walton County,2020-06-17,24.46
Washington County,2020-06-17,24.34
Alachua County,2020-06-18,23.71
Baker County,2020-06-18,22.77
Bay County,2020-06-18,25.1
Bradford County,2020-06-18,23.15
Brevard County,2020-06-18,25.26
Broward County,2020-06-18,27.06
Calhoun County,2020-06-18,24.35
Charlotte County,2020-06-18,27.48
Citrus County,2020-06-18,25.92
Clay County,2020-06-18,23.64
Collier County,2020-06-18,26.86
Columbia County,2020-06-18,22.76
DeSoto County,2020-06-18,26.82
Dixie County,2020-06-18,23.98
Duval County,2020-06-18,23.25
Escambia County,2020-06-18,24.72
Flagler County,2020-06-18,25.02
Franklin County,2020-06-18,24.23
Gadsden County,2020-06-18,23.35
Gilchrist County,2020-06-18,23.56
Glades County,2020-06-18,26.63
Gulf County,2020-06-18,24.43
Hamilton County,2020-06-18,22.37
Hardee County,2020-06-18,26.73
Hendry County,2020-06-18,26.83
Hernando County,2020-06-18,26.32
Highlands County,2020-06-18,26.37
Hillsborough County,2020-06-18,27.19
Holmes County,2020-06-18,24.35
Indian River County,2020-06-18,25.55
Jackson County,2020-06-18,24.32
Jefferson County,2020-06-18,23.32
Lafayette County,2020-06-18,23.32
Lake County,2020-06-18,26.25
Lee County,2020-06-18,27.35
Leon County,2020-06-18,23.37
Levy County,2020-06-18,24.53
Liberty County,2020-06-18,23.84
Madison County,2020-06-18,22.92
Manatee County,2020-06-18,27.04
Marion County,2020-06-18,25.22
Martin County,2020-06-18,26.73
Miami-Dade County,2020-06-18,27.04
Monroe County,2020-06-18,27.55
Nassau County,2020-06-18,23.11
Okaloosa County,2020-06-18,24.56
Okeechobee County,2020-06-18,26.15
Orange County,2020-06-18,26.2
Osceola County,2020-06-18,26.09
Palm Beach County,2020-06-18,27.02
Pasco County,2020-06-18,26.64
Pinellas County,2020-06-18,27.32
Polk County,2020-06-18,26.87
Putnam County,2020-06-18,24.73
St. Johns County,2020-06-18,24.28
St. Lucie County,2020-06-18,26.01
Santa Rosa County,2020-06-18,24.69
Sarasota County,2020-06-18,27.18
Seminole County,2020-06-18,26.05
Sumter County,2020-06-18,26.24
Suwannee County,2020-06-18,22.88
Taylor County,2020-06-18,23.73
Union County,2020-06-18,22.87
Volusia County,2020-06-18,25.41
Wakulla County,2020-06-18,23.77
Walton County,2020-06-18,24.54
Washington County,2020-06-18,24.73
Alachua County,2020-06-19,25.41
Baker County,2020-06-19,25.04
Bay County,2020-06-19,26.32
Bradford County,2020-06-19,25.14
Brevard County,2020-06-19,26.55
Broward County,2020-06-19,26.86
Calhoun County,2020-06-19,26.11
Charlotte County,2020-06-19,27.66
Citrus County,2020-06-19,26.76
Clay County,2020-06-19,25.74
Collier County,2020-06-19,26.98
Columbia County,2020-06-19,24.98
DeSoto County,2020-06-19,27.16
Dixie County,2020-06-19,25.53
Duval County,2020-06-19,25.49
Escambia County,2020-06-19,25.41
Flagler County,2020-06-19,26.83
Franklin County,2020-06-19,25.34
Gadsden County,2020-06-19,25.45
Gilchrist County,2020-06-19,25.28
Glades County,2020-06-19,26.75
Gulf County,2020-06-19,25.55
Hamilton County,2020-06-19,24.88
Hardee County,2020-06-19,27.24
Hendry County,2020-06-19,26.8
Hernando County,2020-06-19,27.01
Highlands County,2020-06-19,26.83
Hillsborough County,2020-06-19,27.76
Holmes County,2020-06-19,26.07
Indian River County,2020-06-19,26.38
Jackson County,2020-06-19,26.45
Jefferson County,2020-06-19,25.45
Lafayette County,2020-06-19,25.43
Lake County,2020-06-19,27.34
Lee County,2020-06-19,27.48
Leon County,2020-06-19,25.4
Levy County,2020-06-19,25.73
Liberty County,2020-06-19,25.47
Madison County,2020-06-19,25.3
Manatee County,2020-06-19,27.36
Marion County,2020-06-19,26.54
Martin County,2020-06-19,26.63
Miami-Dade County,2020-06-19,27.29
Monroe County,2020-06-19,27.91
Nassau County,2020-06-19,25.47
Okaloosa County,2020-06-19,25.56
Okeechobee County,2020-06-19,26.58
Orange County,2020-06-19,27.33
Osceola County,2020-06-19,27.06
Palm Beach County,2020-06-19,26.6
Pasco County,2020-06-19,27.25
Pinellas County,2020-06-19,27.62
Polk County,2020-06-19,27.6
Putnam County,2020-06-19,26.58
St. Johns County,2020-06-19,26.35
St. Lucie County,2020-06-19,26.38
Santa Rosa County,2020-06-19,25.47
Sarasota County,2020-06-19,27.3
Seminole County,2020-06-19,27.33
Sumter County,2020-06-19,27.12
Suwannee County,2020-06-19,25.18
Taylor County,2020-06-19,25.69
Union County,2020-06-19,24.9
Volusia County,2020-06-19,26.91
Wakulla County,2020-06-19,25.46
Walton County,2020-06-19,25.81
Washington County,2020-06-19,26.41
Alachua County,2020-06-20,26.6
Baker County,2020-06-20,26.12
Bay County,2020-06-20,27.33
Bradford County,2020-06-20,26.09
Brevard County,2020-06-20,25.55
Broward County,2020-06-20,27.11
Calhoun County,2020-06-20,27.42
Charlotte County,2020-06-20,27.2
Citrus County,2020-06-20,27.69
Clay County,2020-06-20,26.15
Collier County,2020-06-20,26.97
Columbia County,2020-06-20,26.38
DeSoto County,2020-06-20,26.58
Dixie County,2020-06-20,27.09
Duval County,2020-06-20,25.66
Escambia County,2020-06-20,26.19
Flagler County,2020-06-20,26.46
Franklin County,2020-06-20,26.81
Gadsden County,2020-06-20,26.93
Gilchrist County,2020-06-20,26.86
Glades County,2020-06-20,26.35
Gulf County,2020-06-20,26.82
Hamilton County,2020-06-20,26.29
Hardee County,2020-06-20,26.59
Hendry County,2020-06-20,26.79
Hernando County,2020-06-20,27.69
Highlands County,2020-06-20,26.09
Hillsborough County,2020-06-20,27.71
Holmes County,2020-06-20,27.11
Indian River County,2020-06-20,25.33
Jackson County,2020-06-20,27.56
Jefferson County,2020-06-20,26.99
Lafayette County,2020-06-20,26.98
Lake County,2020-06-20,27.53
Lee County,2020-06-20,27.12
Leon County,2020-06-20,26.98
Levy County,2020-06-20,27.12
Liberty County,2020-06-20,27.01
Madison County,2020-06-20,26.8
Manatee County,2020-06-20,27.2
Marion County,2020-06-20,27.31
Martin County,2020-06-20,26.44
Miami-Dade County,2020-06-20,27.41
Monroe County,2020-06-20,28.08
Nassau County,2020-06-20,25.95
Okaloosa County,2020-06-20,26.41
Okeechobee County,2020-06-20,25.81
Orange County,2020-06-20,26.9
Osceola County,2020-06-20,26.14
Palm Beach County,2020-06-20,26.86
Pasco County,2020-06-20,27.7
Pinellas County,2020-06-20,28.14
Polk County,2020-06-20,27.0
Putnam County,2020-06-20,26.85
St. Johns County,2020-06-20,26.05
St. Lucie County,2020-06-20,25.68
Santa Rosa County,2020-06-20,26.25
Sarasota County,2020-06-20,27.1
Seminole County,2020-06-20,26.96
Sumter County,2020-06-20,27.7
Suwannee County,2020-06-20,26.67
Taylor County,2020-06-20,27.2
Union County,2020-06-20,26.14
Volusia County,2020-06-20,26.55
Wakulla County,2020-06-20,27.0
Walton County,2020-06-20,26.71
Washington County,2020-06-20,27.5
Alachua County,2020-06-21,26.6
Baker County,2020-06-21,26.24
Bay County,2020-06-21,28.28
Bradford County,2020-06-21,26.33
Brevard County,2020-06-21,27.04
Broward County,2020-06-21,28.2
Calhoun County,2020-06-21,28.21
Charlotte County,2020-06-21,28.3
Citrus County,2020-06-21,27.55
Clay County,2020-06-21,26.77
Collier County,2020-06-21,28.08
Columbia County,2020-06-21,26.27
DeSoto County,2020-06-21,27.8
Dixie County,2020-06-21,26.88
Duval County,2020-06-21,26.67
Escambia County,2020-06-21,27.56
Flagler County,2020-06-21,27.53
Franklin County,2020-06-21,27.46
Gadsden County,2020-06-21,27.6
Gilchrist County,2020-06-21,26.59
Glades County,2020-06-21,27.86
Gulf County,2020-06-21,27.61
Hamilton County,2020-06-21,26.13
Hardee County,2020-06-21,27.76
Hendry County,2020-06-21,28.05
Hernando County,2020-06-21,27.66
Highlands County,2020-06-21,27.71
Hillsborough County,2020-06-21,28.12
Holmes County,2020-06-21,28.11
Indian River County,2020-06-21,26.96
Jackson County,2020-06-21,28.54
Jefferson County,2020-06-21,27.31
Lafayette County,2020-06-21,26.84
Lake County,2020-06-21,27.93
Lee County,2020-06-21,28.19
Leon County,2020-06-21,27.48
Levy County,2020-06-21,26.84
Liberty County,2020-06-21,27.66
Madison County,2020-06-21,26.85
Manatee County,2020-06-21,27.82
Marion County,2020-06-21,27.39
Martin County,2020-06-21,27.59
Miami-Dade County,2020-06-21,28.36
Monroe County,2020-06-21,28.85
Nassau County,2020-06-21,26.71
Okaloosa County,2020-06-21,27.6
Okeechobee County,2020-06-21,27.49
Orange County,2020-06-21,27.85
Osceola County,2020-06-21,27.6
Palm Beach County,2020-06-21,27.94
Pasco County,2020-06-21,27.81
Pinellas County,2020-06-21,28.29
Polk County,2020-06-21,28.01
Putnam County,2020-06-21,27.42
St. Johns County,2020-06-21,27.23
St. Lucie County,2020-06-21,27.1
Santa Rosa County,2020-06-21,27.61
Sarasota County,2020-06-21,27.81
Seminole County,2020-06-21,27.94
Sumter County,2020-06-21,27.74
Suwannee County,2020-06-21,26.52
Taylor County,2020-06-21,27.32
Union County,2020-06-21,26.2
Volusia County,2020-06-21,27.62
Wakulla County,2020-06-21,27.54
Walton County,2020-06-21,27.77
Washington County,2020-06-21,28.42
Alachua County,2020-06-22,26.64
Baker County,2020-06-22,26.84
Bay County,2020-06-22,27.62
Bradford County,2020-06-22,26.62
Brevard County,2020-06-22,27.6
Broward County,2020-06-22,28.52
Calhoun County,2020-06-22,27.32
Charlotte County,2020-06-22,28.68
Citrus County,2020-06-22,27.26
Clay County,2020-06-22,27.18
Collier County,2020-06-22,28.28
Columbia County,2020-06-22,26.73
DeSoto County,2020-06-22,28.12
Dixie County,2020-06-22,26.58
Duval County,2020-06-22,27.27
Escambia County,2020-06-22,27.56
Flagler County,2020-06-22,27.81
Franklin County,2020-06-22,26.54
Gadsden County,2020-06-22,26.87
Gilchrist County,2020-06-22,26.52
Glades County,2020-06-22,28.26
Gulf County,2020-06-22,26.65
Hamilton County,2020-06-22,26.77
Hardee County,2020-06-22,28.1
Hendry County,2020-06-22,28.39
Hernando County,2020-06-22,27.43
Highlands County,2020-06-22,28.15
Hillsborough County,2020-06-22,28.23
Holmes County,2020-06-22,27.38
Indian River County,2020-06-22,27.86
Jackson County,2020-06-22,27.77
Jefferson County,2020-06-22,27.02
Lafayette County,2020-06-22,26.77
Lake County,2020-06-22,28.16
Lee County,2020-06-22,28.58
Leon County,2020-06-22,26.88
Levy County,2020-06-22,26.57
Liberty County,2020-06-22,26.68
Madison County,2020-06-22,26.97
Manatee County,2020-06-22,28.14
Marion County,2020-06-22,27.39
Martin County,2020-06-22,28.73
Miami-Dade County,2020-06-22,28.55
Monroe County,2020-06-22,29.01
Nassau County,2020-06-22,27.47
Okaloosa County,2020-06-22,27.15
Okeechobee County,2020-06-22,28.25
Orange County,2020-06-22,28.34
Osceola County,2020-06-22,28.25
Palm Beach County,2020-06-22,28.73
Pasco County,2020-06-22,27.7
Pinellas County,2020-06-22,28.24
Polk County,2020-06-22,28.41
Putnam County,2020-06-22,27.7
St. Johns County,2020-06-22,27.62
St. Lucie County,2020-06-22,28.16
Santa Rosa County,2020-06-22,27.39
Sarasota County,2020-06-22,28.23
Seminole County,2020-06-22,28.39
Sumter County,2020-06-22,27.69
Suwannee County,2020-06-22,26.8
Taylor County,2020-06-22,27.01
Union County,2020-06-22,26.5
Volusia County,2020-06-22,27.89
Wakulla County,2020-06-22,26.78
Walton County,2020-06-22,27.16
Washington County,2020-06-22,27.63
Alachua County,2020-06-23,27.05
Baker County,2020-06-23,27.04
Bay County,2020-06-23,27.27
Bradford County,2020-06-23,26.9
Brevard County,2020-06-23,27.6
Broward County,2020-06-23,29.2
Calhoun County,2020-06-23,27.31
Charlotte County,2020-06-23,28.53
Citrus County,2020-06-23,27.92
Clay County,2020-06-23,27.46
Collier County,2020-06-23,28.47
Columbia County,2020-06-23,26.98
DeSoto County,2020-06-23,28.18
Dixie County,2020-06-23,27.37
Duval County,2020-06-23,27.54
Escambia County,2020-06-23,26.33
Flagler County,2020-06-23,28.03
Franklin County,2020-06-23,26.67
Gadsden County,2020-06-23,27.01
Gilchrist County,2020-06-23,27.17
Glades County,2020-06-23,28.3
Gulf County,2020-06-23,26.61
Hamilton County,2020-06-23,26.84
Hardee County,2020-06-23,28.31
Hendry County,2020-06-23,28.51
Hernando County,2020-06-23,28.07
Highlands County,2020-06-23,28.3
Hillsborough County,2020-06-23,28.63
Holmes County,2020-06-23,27.19
Indian River County,2020-06-23,28.09
Jackson County,2020-06-23,27.66
Jefferson County,2020-06-23,27.28
Lafayette County,2020-06-23,27.41
Lake County,2020-06-23,28.45
Lee County,2020-06-23,28.37
Leon County,2020-06-23,27.1
Levy County,2020-06-23,27.31
Liberty County,2020-06-23,26.87
Madison County,2020-06-23,27.23
Manatee County,2020-06-23,28.3
Marion County,2020-06-23,27.84
Martin County,2020-06-23,29.21
Miami-Dade County,2020-06-23,29.16
Monroe County,2020-06-23,29.47
Nassau County,2020-06-23,27.73
Okaloosa County,2020-06-23,26.9
Okeechobee County,2020-06-23,28.43
Orange County,2020-06-23,28.41
Osceola County,2020-06-23,28.31
Palm Beach County,2020-06-23,29.31
Pasco County,2020-06-23,28.29
Pinellas County,2020-06-23,28.7
Polk County,2020-06-23,28.66
Putnam County,2020-06-23,27.99
St. Johns County,2020-06-23,27.88
St. Lucie County,2020-06-23,28.54
Santa Rosa County,2020-06-23,26.69
Sarasota County,2020-06-23,28.16
Seminole County,2020-06-23,28.44
Sumter County,2020-06-23,28.17
Suwannee County,2020-06-23,27.18
Taylor County,2020-06-23,27.54
Union County,2020-06-23,26.8
Volusia County,2020-06-23,27.99
Wakulla County,2020-06-23,27.03
Walton County,2020-06-23,26.99
Washington County,2020-06-23,27.44
Alachua County,2020-06-24,27.74
Baker County,2020-06-24,27.45
Bay County,2020-06-24,27.3
Bradford County,2020-06-24,27.57
Brevard County,2020-06-24,28.51
Broward County,2020-06-24,29.7
Calhoun County,2020-06-24,27.07
Charlotte County,2020-06-24,29.34
Citrus County,2020-06-24,28.59
Clay County,2020-06-24,28.26
Collier County,2020-06-24,29.32
Columbia County,2020-06-24,27.42
DeSoto County,2020-06-24,28.81
Dixie County,2020-06-24,28.0
Duval County,2020-06-24,28.44
Escambia County,2020-06-24,26.62
Flagler County,2020-06-24,29.11
Franklin County,2020-06-24,27.14
Gadsden County,2020-06-24,26.71
Gilchrist County,2020-06-24,27.75
Glades County,2020-06-24,29.04
Gulf County,2020-06-24,26.93
Hamilton County,2020-06-24,27.15
Hardee County,2020-06-24,28.74
Hendry County,2020-06-24,29.33
Hernando County,2020-06-24,28.59
Highlands County,2020-06-24,28.83
Hillsborough County,2020-06-24,29.05
Holmes County,2020-06-24,26.74
Indian River County,2020-06-24,28.58
Jackson County,2020-06-24,27.08
Jefferson County,2020-06-24,27.35
Lafayette County,2020-06-24,27.81
Lake County,2020-06-24,28.73
Lee County,2020-06-24,29.28
Leon County,2020-06-24,26.99
Levy County,2020-06-24,28.05
Liberty County,2020-06-24,26.85
Madison County,2020-06-24,27.41
Manatee County,2020-06-24,28.76
Marion County,2020-06-24,28.39
Martin County,2020-06-24,29.6
Miami-Dade County,2020-06-24,29.66
Monroe County,2020-06-24,30.11
Nassau County,2020-06-24,28.17
Okaloosa County,2020-06-24,26.75
Okeechobee County,2020-06-24,28.94
Orange County,2020-06-24,28.77
Osceola County,2020-06-24,28.69
Palm Beach County,2020-06-24,29.72
Pasco County,2020-06-24,28.7
Pinellas County,2020-06-24,29.44
Polk County,2020-06-24,28.92
Putnam County,2020-06-24,28.74
St. Johns County,2020-06-24,29.18
St. Lucie County,2020-06-24,28.99
Santa Rosa County,2020-06-24,26.7
Sarasota County,2020-06-24,28.78
Seminole County,2020-06-24,28.88
Sumter County,2020-06-24,28.52
Suwannee County,2020-06-24,27.57
Taylor County,2020-06-24,27.93
Union County,2020-06-24,27.37
Volusia County,2020-06-24,28.87
Wakulla County,2020-06-24,27.2
Walton County,2020-06-24,26.78
Washington County,2020-06-24,27.08
Alachua County,2020-06-25,28.41
Baker County,2020-06-25,27.6
Bay County,2020-06-25,28.51
Bradford County,2020-06-25,27.95
Brevard County,2020-06-25,28.66
Broward County,2020-06-25,30.1
Calhoun County,2020-06-25,28.25
Charlotte County,2020-06-25,29.67
Citrus County,2020-06-25,29.29
Clay County,2020-06-25,28.27
Collier County,2020-06-25,29.36
Columbia County,2020-06-25,27.87
DeSoto County,2020-06-25,29.33
Dixie County,2020-06-25,28.75
Duval County,2020-06-25,27.89
Escambia County,2020-06-25,26.83
Flagler County,2020-06-25,29.17
Franklin County,2020-06-25,28.05
Gadsden County,2020-06-25,27.56
Gilchrist County,2020-06-25,28.49
Glades County,2020-06-25,29.35
Gulf County,2020-06-25,28.03
Hamilton County,2020-06-25,27.57
Hardee County,2020-06-25,29.39
Hendry County,2020-06-25,29.5
Hernando County,2020-06-25,29.34
Highlands County,2020-06-25,29.32
Hillsborough County,2020-06-25,29.84
Holmes County,2020-06-25,27.71
Indian River County,2020-06-25,28.86
Jackson County,2020-06-25,28.18
Jefferson County,2020-06-25,27.95
Lafayette County,2020-06-25,28.56
Lake County,2020-06-25,29.38
Lee County,2020-06-25,29.39
Leon County,2020-06-25,27.7
Levy County,2020-06-25,28.77
Liberty County,2020-06-25,27.85
Madison County,2020-06-25,27.98
Manatee County,2020-06-25,29.5
Marion County,2020-06-25,29.06
Martin County,2020-06-25,29.99
Miami-Dade County,2020-06-25,30.05
Monroe County,2020-06-25,30.31
Nassau County,2020-06-25,27.8
Okaloosa County,2020-06-25,27.35
Okeechobee County,2020-06-25,29.34
Orange County,2020-06-25,29.31
Osceola County,2020-06-25,29.19
Palm Beach County,2020-06-25,30.19
Pasco County,2020-06-25,29.52
Pinellas County,2020-06-25,30.23
Polk County,2020-06-25,29.6
Putnam County,2020-06-25,29.06
St. Johns County,2020-06-25,28.76
St. Lucie County,2020-06-25,29.27
Santa Rosa County,2020-06-25,27.09
Sarasota County,2020-06-25,29.38
Seminole County,2020-06-25,29.4
Sumter County,2020-06-25,29.21
Suwannee County,2020-06-25,28.2
Taylor County,2020-06-25,28.64
Union County,2020-06-25,27.84
Volusia County,2020-06-25,29.17
Wakulla County,2020-06-25,27.99
Walton County,2020-06-25,27.65
Washington County,2020-06-25,28.27
Alachua County,2020-06-26,28.36
Baker County,2020-06-26,27.53
Bay County,2020-06-26,28.47
Bradford County,2020-06-26,27.81
Brevard County,2020-06-26,28.57
Broward County,2020-06-26,30.09
Calhoun County,2020-06-26,27.99
Charlotte County,2020-06-26,29.76
Citrus County,2020-06-26,29.62
Clay County,2020-06-26,28.0
Collier County,2020-06-26,29.39
Columbia County,2020-06-26,27.72
DeSoto County,2020-06-26,29.36
Dixie County,2020-06-26,28.7
Duval County,2020-06-26,27.54
Escambia County,2020-06-26,28.24
Flagler County,2020-06-26,28.5
Franklin County,2020-06-26,28.09
Gadsden County,2020-06-26,27.22
Gilchrist County,2020-06-26,28.48
Glades County,2020-06-26,29.28
Gulf County,2020-06-26,28.16
Hamilton County,2020-06-26,27.29
Hardee County,2020-06-26,29.47
Hendry County,2020-06-26,29.41
Hernando County,2020-06-26,29.7
Highlands County,2020-06-26,29.28
Hillsborough County,2020-06-26,30.02
Holmes County,2020-06-26,27.39
Indian River County,2020-06-26,28.78
Jackson County,2020-06-26,27.6
Jefferson County,2020-06-26,27.67
Lafayette County,2020-06-26,28.31
Lake County,2020-06-26,29.71
Lee County,2020-06-26,29.55
Leon County,2020-06-26,27.46
Levy County,2020-06-26,28.95
Liberty County,2020-06-26,27.75
Madison County,2020-06-26,27.65
Manatee County,2020-06-26,29.62
Marion County,2020-06-26,29.23
Martin County,2020-06-26,29.78
Miami-Dade County,2020-06-26,30.17
Monroe County,2020-06-26,30.41
Nassau County,2020-06-26,27.56
Okaloosa County,2020-06-26,28.02
Okeechobee County,2020-06-26,29.22
Orange County,2020-06-26,29.54
Osceola County,2020-06-26,29.32
Palm Beach County,2020-06-26,30.03
Pasco County,2020-06-26,29.81
Pinellas County,2020-06-26,30.08
Polk County,2020-06-26,29.85
Putnam County,2020-06-26,28.77
St. Johns County,2020-06-26,28.03
St. Lucie County,2020-06-26,29.09
Santa Rosa County,2020-06-26,28.22
Sarasota County,2020-06-26,29.5
Seminole County,2020-06-26,29.47
Sumter County,2020-06-26,29.74
Suwannee County,2020-06-26,27.92
Taylor County,2020-06-26,28.36
Union County,2020-06-26,27.72
Volusia County,2020-06-26,28.83
Wakulla County,2020-06-26,27.82
Walton County,2020-06-26,27.85
Washington County,2020-06-26,28.05
Alachua County,2020-06-27,28.69
Baker County,2020-06-27,28.28
Bay County,2020-06-27,28.23
Bradford County,2020-06-27,28.39
Brevard County,2020-06-27,28.32
Broward County,2020-06-27,29.81
Calhoun County,2020-06-27,27.92
Charlotte County,2020-06-27,29.97
Citrus County,2020-06-27,29.81
Clay County,2020-06-27,28.75
Collier County,2020-06-27,29.37
Columbia County,2020-06-27,28.3
DeSoto County,2020-06-27,29.3
Dixie County,2020-06-27,28.96
Duval County,2020-06-27,28.54
Escambia County,2020-06-27,27.11
Flagler County,2020-06-27,29.05
Franklin County,2020-06-27,28.2
Gadsden County,2020-06-27,27.59
Gilchrist County,2020-06-27,28.71
Glades County,2020-06-27,28.83
Gulf County,2020-06-27,27.97
Hamilton County,2020-06-27,28.0
Hardee County,2020-06-27,29.34
Hendry County,2020-06-27,29.1
Hernando County,2020-06-27,29.93
Highlands County,2020-06-27,28.82
Hillsborough County,2020-06-27,30.37
Holmes County,2020-06-27,27.33
Indian River County,2020-06-27,28.43
Jackson County,2020-06-27,27.83
Jefferson County,2020-06-27,28.27
Lafayette County,2020-06-27,28.76
Lake County,2020-06-27,29.65
Lee County,2020-06-27,29.83
Leon County,2020-06-27,27.92
Levy County,2020-06-27,29.07
Liberty County,2020-06-27,27.77
Madison County,2020-06-27,28.32
Manatee County,2020-06-27,30.01
Marion County,2020-06-27,29.41
Martin County,2020-06-27,29.5
Miami-Dade County,2020-06-27,30.03
Monroe County,2020-06-27,30.49
Nassau County,2020-06-27,28.61
Okaloosa County,2020-06-27,27.21
Okeechobee County,2020-06-27,28.7
Orange County,2020-06-27,29.21
Osceola County,2020-06-27,28.8
Palm Beach County,2020-06-27,29.6
Pasco County,2020-06-27,30.07
Pinellas County,2020-06-27,31.0
Polk County,2020-06-27,29.57
Putnam County,2020-06-27,29.31
St. Johns County,2020-06-27,28.98
St. Lucie County,2020-06-27,28.86
Santa Rosa County,2020-06-27,27.16
Sarasota County,2020-06-27,29.98
Seminole County,2020-06-27,29.25
Sumter County,2020-06-27,29.76
Suwannee County,2020-06-27,28.47
Taylor County,2020-06-27,28.87
Union County,2020-06-27,28.26
Volusia County,2020-06-27,28.94
Wakulla County,2020-06-27,28.14
Walton County,2020-06-27,27.35
Washington County,2020-06-27,27.86
Alachua County,2020-06-28,27.83
Baker County,2020-06-28,27.02
Bay County,2020-06-28,29.24
Bradford County,2020-06-28,27.36
Brevard County,2020-06-28,28.72
Broward County,2020-06-28,29.61
Calhoun County,2020-06-28,28.86
Charlotte County,2020-06-28,29.83
Citrus County,2020-06-28,29.79
Clay County,2020-06-28,28.09
Collier County,2020-06-28,29.44
Columbia County,2020-06-28,26.78
DeSoto County,2020-06-28,29.19
Dixie County,2020-06-28,28.37
Duval County,2020-06-28,28.13
Escambia County,2020-06-28,27.3
Flagler County,2020-06-28,29.19
Franklin County,2020-06-28,28.94
Gadsden County,2020-06-28,28.3
Gilchrist County,2020-06-28,27.67
Glades County,2020-06-28,28.89
Gulf County,2020-06-28,28.86
Hamilton County,2020-06-28,26.66
Hardee County,2020-06-28,29.28
Hendry County,2020-06-28,29.13
Hernando County,2020-06-28,30.01
Highlands County,2020-06-28,28.89
Hillsborough County,2020-06-28,30.35
Holmes County,2020-06-28,28.26
Indian River County,2020-06-28,28.56
Jackson County,2020-06-28,28.81
Jefferson County,2020-06-28,28.35
Lafayette County,2020-06-28,27.84
Lake County,2020-06-28,29.9
Lee County,2020-06-28,29.74
Leon County,2020-06-28,28.41
Levy County,2020-06-28,28.6
Liberty County,2020-06-28,28.56
Madison County,2020-06-28,27.73
Manatee County,2020-06-28,29.79
Marion County,2020-06-28,29.23
Martin County,2020-06-28,29.41
Miami-Dade County,2020-06-28,29.91
Monroe County,2020-06-28,30.54
Nassau County,2020-06-28,28.22
Okaloosa County,2020-06-28,27.72
Okeechobee County,2020-06-28,28.8
Orange County,2020-06-28,29.65
Osceola County,2020-06-28,29.17
Palm Beach County,2020-06-28,29.5
Pasco County,2020-06-28,30.14
Pinellas County,2020-06-28,30.83
Polk County,2020-06-28,29.76
Putnam County,2020-06-28,29.0
St. Johns County,2020-06-28,28.85
St. Lucie County,2020-06-28,28.83
Santa Rosa County,2020-06-28,27.5
Sarasota County,2020-06-28,29.74
Seminole County,2020-06-28,29.69
Sumter County,2020-06-28,29.9
Suwannee County,2020-06-28,27.16
Taylor County,2020-06-28,28.59
Union County,2020-06-28,26.91
Volusia County,2020-06-28,29.3
Wakulla County,2020-06-28,28.75
Walton County,2020-06-28,28.11
Washington County,2020-06-28,28.79
Alachua County,2020-06-29,28.91
Baker County,2020-06-29,28.63
Bay County,2020-06-29,29.67
Bradford County,2020-06-29,28.63
Brevard County,2020-06-29,28.99
Broward County,2020-06-29,29.59
Calhoun County,2020-06-29,29.32
Charlotte County,2020-06-29,29.25
Citrus County,2020-06-29,29.99
Clay County,2020-06-29,29.27
Collier County,2020-06-29,28.76
Columbia County,2020-06-29,28.57
DeSoto County,2020-06-29,28.9
Dixie County,2020-06-29,29.27
Duval County,2020-06-29,29.48
Escambia County,2020-06-29,28.54
Flagler County,2020-06-29,30.15
Franklin County,2020-06-29,28.98
Gadsden County,2020-06-29,28.71
Gilchrist County,2020-06-29,28.97
Glades County,2020-06-29,28.67
Gulf County,2020-06-29,28.96
Hamilton County,2020-06-29,28.44
Hardee County,2020-06-29,29.11
Hendry County,2020-06-29,28.81
Hernando County,2020-06-29,29.9
Highlands County,2020-06-29,28.77
Hillsborough County,2020-06-29,29.99
Holmes County,2020-06-29,29.03
Indian River County,2020-06-29,28.57
Jackson County,2020-06-29,29.5
Jefferson County,2020-06-29,28.96
Lafayette County,2020-06-29,28.98
Lake County,2020-06-29,30.14
Lee County,2020-06-29,28.89
Leon County,2020-06-29,28.79
Levy County,2020-06-29,29.41
Liberty County,2020-06-29,28.83
Madison County,2020-06-29,28.81
Manatee County,2020-06-29,29.43
Marion County,2020-06-29,29.78
Martin County,2020-06-29,29.39
Miami-Dade County,2020-06-29,29.8
Monroe County,2020-06-29,30.02
Nassau County,2020-06-29,29.55
Okaloosa County,2020-06-29,28.82
Okeechobee County,2020-06-29,28.78
Orange County,2020-06-29,29.85
Osceola County,2020-06-29,29.25
Palm Beach County,2020-06-29,29.53
Pasco County,2020-06-29,29.87
Pinellas County,2020-06-29,30.29
Polk County,2020-06-29,29.67
Putnam County,2020-06-29,29.89
St. Johns County,2020-06-29,30.1
St. Lucie County,2020-06-29,28.8
Santa Rosa County,2020-06-29,28.74
Sarasota County,2020-06-29,29.25
Seminole County,2020-06-29,30.05
Sumter County,2020-06-29,30.02
Suwannee County,2020-06-29,28.73
Taylor County,2020-06-29,29.29
Union County,2020-06-29,28.47
Volusia County,2020-06-29,29.98
Wakulla County,2020-06-29,28.96
Walton County,2020-06-29,28.95
Washington County,2020-06-29,29.45
Alachua County,2020-06-30,29.33
Baker County,2020-06-30,29.37
Bay County,2020-06-30,29.32
Bradford County,2020-06-30,29.25
Brevard County,2020-06-30,28.92
Broward County,2020-06-30,29.23
Calhoun County,2020-06-30,29.44
Charlotte County,2020-06-30,29.08
Citrus County,2020-06-30,29.94
Clay County,2020-06-30,29.84
Collier County,2020-06-30,28.66
Columbia County,2020-06-30,29.18
DeSoto County,2020-06-30,28.87
Dixie County,2020-06-30,29.25
Duval County,2020-06-30,30.04
Escambia County,2020-06-30,28.96
Flagler County,2020-06-30,30.15
Franklin County,2020-06-30,28.83
Gadsden County,2020-06-30,29.03
Gilchrist County,2020-06-30,29.21
Glades County,2020-06-30,29.05
Gulf County,2020-06-30,28.78
Hamilton County,2020-06-30,28.9
Hardee County,2020-06-30,29.18
Hendry County,2020-06-30,29.03
Hernando County,2020-06-30,29.9
Highlands County,2020-06-30,29.17
Hillsborough County,2020-06-30,29.9
Holmes County,2020-06-30,29.2
Indian River County,2020-06-30,29.03
Jackson County,2020-06-30,29.82
Jefferson County,2020-06-30,29.15
Lafayette County,2020-06-30,29.25
Lake County,2020-06-30,30.24
Lee County,2020-06-30,28.75
Leon County,2020-06-30,29.02
Levy County,2020-06-30,29.35
Liberty County,2020-06-30,29.0
Madison County,2020-06-30,29.1
Manatee County,2020-06-30,29.17
Marion County,2020-06-30,29.99
Martin County,2020-06-30,29.77
Miami-Dade County,2020-06-30,28.98
Monroe County,2020-06-30,29.47
Nassau County,2020-06-30,30.22
Okaloosa County,2020-06-30,28.77
Okeechobee County,2020-06-30,29.35
Orange County,2020-06-30,29.81
Osceola County,2020-06-30,29.44
Palm Beach County,2020-06-30,29.6
Pasco County,2020-06-30,29.9
Pinellas County,2020-06-30,30.24
Polk County,2020-06-30,29.8
Putnam County,2020-06-30,30.27
St. Johns County,2020-06-30,30.33
St. Lucie County,2020-06-30,29.3
Santa Rosa County,2020-06-30,28.92
Sarasota County,2020-06-30,28.83
Seminole County,2020-06-30,29.96
Sumter County,2020-06-30,30.11
Suwannee County,2020-06-30,29.14
Taylor County,2020-06-30,29.36
Union County,2020-06-30,29.11
Volusia County,2020-06-30,29.79
Wakulla County,2020-06-30,29.0
Walton County,2020-06-30,28.78
Washington County,2020-06-30,29.48
Alachua County,2020-07-01,28.67
Baker County,2020-07-01,27.87
Bay County,2020-07-01,29.25
Bradford County,2020-07-01,28.32
Brevard County,2020-07-01,29.55
Broward County,2020-07-01,29.97
Calhoun County,2020-07-01,29.15
Charlotte County,2020-07-01,29.47
Citrus County,2020-07-01,29.69
Clay County,2020-07-01,28.88
Collier County,2020-07-01,29.58
Columbia County,2020-07-01,27.61
DeSoto County,2020-07-01,29.05
Dixie County,2020-07-01,28.66
Duval County,2020-07-01,29.09
Escambia County,2020-07-01,29.45
Flagler County,2020-07-01,29.69
Franklin County,2020-07-01,29.1
Gadsden County,2020-07-01,28.74
Gilchrist County,2020-07-01,28.36
Glades County,2020-07-01,29.36
Gulf County,2020-07-01,29.14
Hamilton County,2020-07-01,27.35
Hardee County,2020-07-01,29.16
Hendry County,2020-07-01,29.52
Hernando County,2020-07-01,29.8
Highlands County,2020-07-01,29.25
Hillsborough County,2020-07-01,29.89
Holmes County,2020-07-01,28.74
Indian River County,2020-07-01,29.23
Jackson County,2020-07-01,29.11
Jefferson County,2020-07-01,28.31
Lafayette County,2020-07-01,28.13
Lake County,2020-07-01,30.23
Lee County,2020-07-01,29.54
Leon County,2020-07-01,28.7
Levy County,2020-07-01,29.0
Liberty County,2020-07-01,29.02
Madison County,2020-07-01,27.88
Manatee County,2020-07-01,29.43
Marion County,2020-07-01,29.49
Martin County,2020-07-01,29.91
Miami-Dade County,2020-07-01,29.94
Monroe County,2020-07-01,29.92
Nassau County,2020-07-01,28.95
Okaloosa County,2020-07-01,28.9
Okeechobee County,2020-07-01,29.48
Orange County,2020-07-01,30.32
Osceola County,2020-07-01,29.93
Palm Beach County,2020-07-01,29.95
Pasco County,2020-07-01,29.9
Pinellas County,2020-07-01,30.06
Polk County,2020-07-01,29.85
Putnam County,2020-07-01,29.4
St. Johns County,2020-07-01,29.27
St. Lucie County,2020-07-01,29.42
Santa Rosa County,2020-07-01,28.98
Sarasota County,2020-07-01,29.46
Seminole County,2020-07-01,30.53
Sumter County,2020-07-01,29.88
Suwannee County,2020-07-01,27.72
Taylor County,2020-07-01,28.51
Union County,2020-07-01,27.95
Volusia County,2020-07-01,30.15
Wakulla County,2020-07-01,28.94
Walton County,2020-07-01,28.78
Washington County,2020-07-01,29.13
Alachua County,2020-07-02,27.53
Baker County,2020-07-02,27.08
Bay County,2020-07-02,27.25
Bradford County,2020-07-02,27.23
Brevard County,2020-07-02,28.55
Broward County,2020-07-02,29.36
Calhoun County,2020-07-02,26.97
Charlotte County,2020-07-02,29.65
Citrus County,2020-07-02,29.07
Clay County,2020-07-02,27.65
Collier County,2020-07-02,29.62
Columbia County,2020-07-02,27.04
DeSoto County,2020-07-02,28.94
Dixie County,2020-07-02,28.0
Duval County,2020-07-02,28.08
Escambia County,2020-07-02,27.71
Flagler County,2020-07-02,27.97
Franklin County,2020-07-02,27.32
Gadsden County,2020-07-02,26.98
Gilchrist County,2020-07-02,27.56
Glades County,2020-07-02,29.03
Gulf County,2020-07-02,27.04
Hamilton County,2020-07-02,27.11
Hardee County,2020-07-02,28.9
Hendry County,2020-07-02,29.23
Hernando County,2020-07-02,29.38
Highlands County,2020-07-02,28.88
Hillsborough County,2020-07-02,29.76
Holmes County,2020-07-02,26.97
Indian River County,2020-07-02,28.79
Jackson County,2020-07-02,27.11
Jefferson County,2020-07-02,27.41
Lafayette County,2020-07-02,27.6
Lake County,2020-07-02,29.05
Lee County,2020-07-02,29.88
Leon County,2020-07-02,27.26
Levy County,2020-07-02,28.16
Liberty County,2020-07-02,26.93
Madison County,2020-07-02,27.42
Manatee County,2020-07-02,29.37
Marion County,2020-07-02,28.22
Martin County,2020-07-02,29.45
Miami-Dade County,2020-07-02,29.55
Monroe County,2020-07-02,30.01
Nassau County,2020-07-02,28.01
Okaloosa County,2020-07-02,27.38
Okeechobee County,2020-07-02,28.96
Orange County,2020-07-02,29.08
Osceola County,2020-07-02,29.07
Palm Beach County,2020-07-02,29.21
Pasco County,2020-07-02,29.59
Pinellas County,2020-07-02,30.29
Polk County,2020-07-02,29.34
Putnam County,2020-07-02,27.89
St. Johns County,2020-07-02,27.96
St. Lucie County,2020-07-02,29.15
Santa Rosa County,2020-07-02,27.42
Sarasota County,2020-07-02,29.6
Seminole County,2020-07-02,28.94
Sumter County,2020-07-02,29.09
Suwannee County,2020-07-02,27.36
Taylor County,2020-07-02,27.84
Union County,2020-07-02,27.08
Volusia County,2020-07-02,28.37
Wakulla County,2020-07-02,27.38
Walton County,2020-07-02,27.12
Washington County,2020-07-02,27.1
Alachua County,2020-07-03,27.24
Baker County,2020-07-03,26.91
Bay County,2020-07-03,27.91
Bradford County,2020-07-03,27.05
Brevard County,2020-07-03,29.24
Broward County,2020-07-03,29.19
Calhoun County,2020-07-03,27.58
Charlotte County,2020-07-03,29.19
Citrus County,2020-07-03,28.77
Clay County,2020-07-03,27.68
Collier County,2020-07-03,29.14
Columbia County,2020-07-03,26.77
DeSoto County,2020-07-03,28.45
Dixie County,2020-07-03,27.81
Duval County,2020-07-03,28.13
Escambia County,2020-07-03,27.08
Flagler County,2020-07-03,28.53
Franklin County,2020-07-03,28.1
Gadsden County,2020-07-03,27.4
Gilchrist County,2020-07-03,27.15
Glades County,2020-07-03,28.72
Gulf County,2020-07-03,27.81
Hamilton County,2020-07-03,26.96
Hardee County,2020-07-03,28.46
Hendry County,2020-07-03,28.75
Hernando County,2020-07-03,29.04
Highlands County,2020-07-03,28.64
Hillsborough County,2020-07-03,29.51
Holmes County,2020-07-03,27.3
Indian River County,2020-07-03,29.23
Jackson County,2020-07-03,27.58
Jefferson County,2020-07-03,27.58
Lafayette County,2020-07-03,27.36
Lake County,2020-07-03,28.93
Lee County,2020-07-03,29.37
Leon County,2020-07-03,27.62
Levy County,2020-07-03,27.85
Liberty County,2020-07-03,27.56
Madison County,2020-07-03,27.36
Manatee County,2020-07-03,28.96
Marion County,2020-07-03,28.02
Martin County,2020-07-03,29.64
Miami-Dade County,2020-07-03,29.59
Monroe County,2020-07-03,30.05
Nassau County,2020-07-03,27.97
Okaloosa County,2020-07-03,27.32
Okeechobee County,2020-07-03,29.06
Orange County,2020-07-03,29.29
Osceola County,2020-07-03,29.32
Palm Beach County,2020-07-03,29.17
Pasco County,2020-07-03,29.24
Pinellas County,2020-07-03,30.14
Polk County,2020-07-03,29.1
Putnam County,2020-07-03,28.04
St. Johns County,2020-07-03,28.37
St. Lucie County,2020-07-03,29.43
Santa Rosa County,2020-07-03,27.02
Sarasota County,2020-07-03,29.15
Seminole County,2020-07-03,29.31
Sumter County,2020-07-03,28.68
Suwannee County,2020-07-03,27.09
Taylor County,2020-07-03,27.94
Union County,2020-07-03,26.79
Volusia County,2020-07-03,28.93
Wakulla County,2020-07-03,28.01
Walton County,2020-07-03,27.39
Washington County,2020-07-03,27.53
Alachua County,2020-07-04,27.33
Baker County,2020-07-04,26.94
Bay County,2020-07-04,28.27
Bradford County,2020-07-04,27.13
Brevard County,2020-07-04,28.37
Broward County,2020-07-04,29.55
Calhoun County,2020-07-04,28.22
Charlotte County,2020-07-04,29.65
Citrus County,2020-07-04,28.12
Clay County,2020-07-04,27.54
Collier County,2020-07-04,29.56
Columbia County,2020-07-04,26.86
DeSoto County,2020-07-04,28.94
Dixie County,2020-07-04,27.61
Duval County,2020-07-04,27.64
Escambia County,2020-07-04,27.74
Flagler County,2020-07-04,27.57
Franklin County,2020-07-04,28.31
Gadsden County,2020-07-04,27.92
Gilchrist County,2020-07-04,27.25
Glades County,2020-07-04,28.95
Gulf County,2020-07-04,28.31
Hamilton County,2020-07-04,27.06
Hardee County,2020-07-04,28.73
Hendry County,2020-07-04,29.18
Hernando County,2020-07-04,28.35
Highlands County,2020-07-04,28.76
Hillsborough County,2020-07-04,28.99
Holmes County,2020-07-04,28.1
Indian River County,2020-07-04,28.73
Jackson County,2020-07-04,28.18
Jefferson County,2020-07-04,27.87
Lafayette County,2020-07-04,27.44
Lake County,2020-07-04,28.31
Lee County,2020-07-04,29.88
Leon County,2020-07-04,28.05
Levy County,2020-07-04,27.58
Liberty County,2020-07-04,28.19
Madison County,2020-07-04,27.6
Manatee County,2020-07-04,29.07
Marion County,2020-07-04,27.72
Martin County,2020-07-04,29.47
Miami-Dade County,2020-07-04,29.86
Monroe County,2020-07-04,30.13
Nassau County,2020-07-04,27.44
Okaloosa County,2020-07-04,27.89
Okeechobee County,2020-07-04,28.84
Orange County,2020-07-04,28.5
Osceola County,2020-07-04,28.73
Palm Beach County,2020-07-04,29.34
Pasco County,2020-07-04,28.63
Pinellas County,2020-07-04,29.29
Polk County,2020-07-04,28.83
Putnam County,2020-07-04,27.72
St. Johns County,2020-07-04,27.59
St. Lucie County,2020-07-04,29.08
Santa Rosa County,2020-07-04,27.58
Sarasota County,2020-07-04,29.47
Seminole County,2020-07-04,28.37
Sumter County,2020-07-04,28.21
Suwannee County,2020-07-04,27.18
Taylor County,2020-07-04,27.86
Union County,2020-07-04,26.92
Volusia County,2020-07-04,27.85
Wakulla County,2020-07-04,28.16
Walton County,2020-07-04,27.96
Washington County,2020-07-04,28.32
Alachua County,2020-07-05,26.52
Baker County,2020-07-05,26.34
Bay County,2020-07-05,27.4
Bradford County,2020-07-05,26.48
Brevard County,2020-07-05,27.74
Broward County,2020-07-05,29.31
Calhoun County,2020-07-05,27.49
Charlotte County,2020-07-05,29.08
Citrus County,2020-07-05,27.37
Clay County,2020-07-05,27.01
Collier County,2020-07-05,28.91
Columbia County,2020-07-05,26.03
DeSoto County,2020-07-05,28.71
Dixie County,2020-07-05,26.33
Duval County,2020-07-05,27.16
Escambia County,2020-07-05,27.03
Flagler County,2020-07-05,27.17
Franklin County,2020-07-05,27.15
Gadsden County,2020-07-05,27.36
Gilchrist County,2020-07-05,26.12
Glades County,2020-07-05,28.85
Gulf County,2020-07-05,27.13
Hamilton County,2020-07-05,26.29
Hardee County,2020-07-05,28.74
Hendry County,2020-07-05,28.9
Hernando County,2020-07-05,27.86
Highlands County,2020-07-05,28.83
Hillsborough County,2020-07-05,28.86
Holmes County,2020-07-05,27.34
Indian River County,2020-07-05,28.21
Jackson County,2020-07-05,27.68
Jefferson County,2020-07-05,26.91
Lafayette County,2020-07-05,26.3
Lake County,2020-07-05,28.07
Lee County,2020-07-05,29.1
Leon County,2020-07-05,27.23
Levy County,2020-07-05,26.45
Liberty County,2020-07-05,27.31
Madison County,2020-07-05,26.66
Manatee County,2020-07-05,28.87
Marion County,2020-07-05,27.15
Martin County,2020-07-05,28.91
Miami-Dade County,2020-07-05,29.58
Monroe County,2020-07-05,29.7
Nassau County,2020-07-05,27.16
Okaloosa County,2020-07-05,27.13
Okeechobee County,2020-07-05,28.76
Orange County,2020-07-05,28.29
Osceola County,2020-07-05,28.65
Palm Beach County,2020-07-05,29.06
Pasco County,2020-07-05,28.34
Pinellas County,2020-07-05,29.14
Polk County,2020-07-05,28.87
Putnam County,2020-07-05,27.27
St. Johns County,2020-07-05,27.05
St. Lucie County,2020-07-05,28.45
Santa Rosa County,2020-07-05,26.8
Sarasota County,2020-07-05,28.98
Seminole County,2020-07-05,28.13
Sumter County,2020-07-05,27.77
Suwannee County,2020-07-05,26.22
Taylor County,2020-07-05,26.7
Union County,2020-07-05,26.14
Volusia County,2020-07-05,27.49
Wakulla County,2020-07-05,27.16
Walton County,2020-07-05,27.18
Washington County,2020-07-05,27.44
Alachua County,2020-07-06,26.6
Baker County,2020-07-06,25.61
Bay County,2020-07-06,26.71
Bradford County,2020-07-06,26.12
Brevard County,2020-07-06,27.47
Broward County,2020-07-06,28.36
Calhoun County,2020-07-06,26.87
Charlotte County,2020-07-06,28.71
Citrus County,2020-07-06,27.37
Clay County,2020-07-06,26.49
Collier County,2020-07-06,28.51
Columbia County,2020-07-06,25.77
DeSoto County,2020-07-06,28.31
Dixie County,2020-07-06,26.73
Duval County,2020-07-06,26.37
Escambia County,2020-07-06,25.92
Flagler County,2020-07-06,26.98
Franklin County,2020-07-06,27.34
Gadsden County,2020-07-06,26.71
Gilchrist County,2020-07-06,26.46
Glades County,2020-07-06,28.33
Gulf County,2020-07-06,27.01
Hamilton County,2020-07-06,25.81
Hardee County,2020-07-06,28.29
Hendry County,2020-07-06,28.37
Hernando County,2020-07-06,27.59
Highlands County,2020-07-06,28.33
Hillsborough County,2020-07-06,28.25
Holmes County,2020-07-06,26.29
Indian River County,2020-07-06,27.64
Jackson County,2020-07-06,26.8
Jefferson County,2020-07-06,26.48
Lafayette County,2020-07-06,26.46
Lake County,2020-07-06,27.97
Lee County,2020-07-06,28.75
Leon County,2020-07-06,26.78
Levy County,2020-07-06,26.81
Liberty County,2020-07-06,27.07
Madison County,2020-07-06,26.26
Manatee County,2020-07-06,28.33
Marion County,2020-07-06,27.21
Martin County,2020-07-06,28.22
Miami-Dade County,2020-07-06,28.72
Monroe County,2020-07-06,29.24
Nassau County,2020-07-06,26.13
Okaloosa County,2020-07-06,25.85
Okeechobee County,2020-07-06,28.15
Orange County,2020-07-06,28.1
Osceola County,2020-07-06,28.26
Palm Beach County,2020-07-06,28.16
Pasco County,2020-07-06,27.89
Pinellas County,2020-07-06,28.4
Polk County,2020-07-06,28.47
Putnam County,2020-07-06,27.07
St. Johns County,2020-07-06,26.69
St. Lucie County,2020-07-06,27.83
Santa Rosa County,2020-07-06,25.57
Sarasota County,2020-07-06,28.54
Seminole County,2020-07-06,28.0
Sumter County,2020-07-06,27.69
Suwannee County,2020-07-06,26.15
Taylor County,2020-07-06,26.76
Union County,2020-07-06,25.88
Volusia County,2020-07-06,27.4
Wakulla County,2020-07-06,27.09
Walton County,2020-07-06,26.01
Washington County,2020-07-06,26.46
Alachua County,2020-07-07,26.46
Baker County,2020-07-07,26.15
Bay County,2020-07-07,27.17
Bradford County,2020-07-07,26.35
Brevard County,2020-07-07,27.46
Broward County,2020-07-07,28.07
Calhoun County,2020-07-07,27.24
Charlotte County,2020-07-07,28.71
Citrus County,2020-07-07,27.4
Clay County,2020-07-07,26.92
Collier County,2020-07-07,28.27
Columbia County,2020-07-07,25.85
DeSoto County,2020-07-07,28.16
Dixie County,2020-07-07,26.5
Duval County,2020-07-07,27.11
Escambia County,2020-07-07,26.53
Flagler County,2020-07-07,27.15
Franklin County,2020-07-07,27.63
Gadsden County,2020-07-07,27.07
Gilchrist County,2020-07-07,26.15
Glades County,2020-07-07,27.98
Gulf County,2020-07-07,27.43
Hamilton County,2020-07-07,25.91
Hardee County,2020-07-07,28.04
Hendry County,2020-07-07,28.12
Hernando County,2020-07-07,27.71
Highlands County,2020-07-07,27.86
Hillsborough County,2020-07-07,28.47
Holmes County,2020-07-07,26.79
Indian River County,2020-07-07,27.51
Jackson County,2020-07-07,27.11
Jefferson County,2020-07-07,26.78
Lafayette County,2020-07-07,26.15
Lake County,2020-07-07,27.83
Lee County,2020-07-07,28.68
Leon County,2020-07-07,27.15
Levy County,2020-07-07,26.66
Liberty County,2020-07-07,27.39
Madison County,2020-07-07,26.34
Manatee County,2020-07-07,28.54
Marion County,2020-07-07,27.07
Martin County,2020-07-07,27.91
Miami-Dade County,2020-07-07,28.71
Monroe County,2020-07-07,29.11
Nassau County,2020-07-07,26.94
Okaloosa County,2020-07-07,26.64
Okeechobee County,2020-07-07,27.74
Orange County,2020-07-07,27.97
Osceola County,2020-07-07,28.0
Palm Beach County,2020-07-07,27.78
Pasco County,2020-07-07,28.06
Pinellas County,2020-07-07,28.88
Polk County,2020-07-07,28.18
Putnam County,2020-07-07,27.17
St. Johns County,2020-07-07,27.09
St. Lucie County,2020-07-07,27.64
Santa Rosa County,2020-07-07,26.35
Sarasota County,2020-07-07,28.81
Seminole County,2020-07-07,27.93
Sumter County,2020-07-07,27.57
Suwannee County,2020-07-07,25.96
Taylor County,2020-07-07,26.71
Union County,2020-07-07,26.03
Volusia County,2020-07-07,27.44
Wakulla County,2020-07-07,27.38
Walton County,2020-07-07,26.68
Washington County,2020-07-07,26.99
Alachua County,2020-07-08,26.83
Baker County,2020-07-08,25.85
Bay County,2020-07-08,26.54
Bradford County,2020-07-08,26.26
Brevard County,2020-07-08,28.36
Broward County,2020-07-08,28.82
Calhoun County,2020-07-08,26.14
Charlotte County,2020-07-08,29.03
Citrus County,2020-07-08,27.91
Clay County,2020-07-08,26.73
Collier County,2020-07-08,29.19
Columbia County,2020-07-08,26.04
DeSoto County,2020-07-08,28.21
Dixie County,2020-07-08,27.26
Duval County,2020-07-08,26.93
Escambia County,2020-07-08,26.68
Flagler County,2020-07-08,27.7
Franklin County,2020-07-08,26.68
Gadsden County,2020-07-08,25.97
Gilchrist County,2020-07-08,26.83
Glades County,2020-07-08,28.44
Gulf County,2020-07-08,26.36
Hamilton County,2020-07-08,26.24
Hardee County,2020-07-08,27.91
Hendry County,2020-07-08,28.76
Hernando County,2020-07-08,27.9
Highlands County,2020-07-08,28.06
Hillsborough County,2020-07-08,28.25
Holmes County,2020-07-08,26.21
Indian River County,2020-07-08,28.04
Jackson County,2020-07-08,26.28
Jefferson County,2020-07-08,26.43
Lafayette County,2020-07-08,26.77
Lake County,2020-07-08,28.06
Lee County,2020-07-08,29.35
Leon County,2020-07-08,26.24
Levy County,2020-07-08,27.43
Liberty County,2020-07-08,26.12
Madison County,2020-07-08,26.54
Manatee County,2020-07-08,28.25
Marion County,2020-07-08,27.48
Martin County,2020-07-08,28.43
Miami-Dade County,2020-07-08,29.51
Monroe County,2020-07-08,30.04
Nassau County,2020-07-08,26.73
Okaloosa County,2020-07-08,26.48
Okeechobee County,2020-07-08,28.11
Orange County,2020-07-08,28.28
Osceola County,2020-07-08,28.23
Palm Beach County,2020-07-08,28.39
Pasco County,2020-07-08,27.98
Pinellas County,2020-07-08,28.67
Polk County,2020-07-08,28.11
Putnam County,2020-07-08,27.33
St. Johns County,2020-07-08,27.39
St. Lucie County,2020-07-08,28.15
Santa Rosa County,2020-07-08,26.47
Sarasota County,2020-07-08,28.73
Seminole County,2020-07-08,28.39
Sumter County,2020-07-08,27.82
Suwannee County,2020-07-08,26.48
Taylor County,2020-07-08,27.0
Union County,2020-07-08,26.04
Volusia County,2020-07-08,28.14
Wakulla County,2020-07-08,26.55
Walton County,2020-07-08,26.28
Washington County,2020-07-08,26.26
Alachua County,2020-07-09,27.95
Baker County,2020-07-09,27.47
Bay County,2020-07-09,27.99
Bradford County,2020-07-09,27.72
Brevard County,2020-07-09,28.23
Broward County,2020-07-09,29.47
Calhoun County,2020-07-09,27.51
Charlotte County,2020-07-09,29.21
Citrus County,2020-07-09,28.39
Clay County,2020-07-09,28.04
Collier County,2020-07-09,29.45
Columbia County,2020-07-09,27.48
DeSoto County,2020-07-09,28.43
Dixie County,2020-07-09,28.22
Duval County,2020-07-09,28.14
Escambia County,2020-07-09,26.9
Flagler County,2020-07-09,27.75
Franklin County,2020-07-09,28.0
Gadsden County,2020-07-09,27.04
Gilchrist County,2020-07-09,27.94
Glades County,2020-07-09,28.65
Gulf County,2020-07-09,27.92
Hamilton County,2020-07-09,27.41
Hardee County,2020-07-09,28.19
Hendry County,2020-07-09,28.93
Hernando County,2020-07-09,28.41
Highlands County,2020-07-09,28.29
Hillsborough County,2020-07-09,28.84
Holmes County,2020-07-09,27.31
Indian River County,2020-07-09,28.51
Jackson County,2020-07-09,27.33
Jefferson County,2020-07-09,27.42
Lafayette County,2020-07-09,27.92
Lake County,2020-07-09,28.12
Lee County,2020-07-09,29.49
Leon County,2020-07-09,27.3
Levy County,2020-07-09,28.19
Liberty County,2020-07-09,27.47
Madison County,2020-07-09,27.55
Manatee County,2020-07-09,28.73
Marion County,2020-07-09,27.96
Martin County,2020-07-09,29.29
Miami-Dade County,2020-07-09,30.05
Monroe County,2020-07-09,30.33
Nassau County,2020-07-09,27.87
Okaloosa County,2020-07-09,27.46
Okeechobee County,2020-07-09,28.55
Orange County,2020-07-09,28.22
Osceola County,2020-07-09,28.4
Palm Beach County,2020-07-09,29.2
Pasco County,2020-07-09,28.56
Pinellas County,2020-07-09,29.36
Polk County,2020-07-09,28.38
Putnam County,2020-07-09,28.07
St. Johns County,2020-07-09,27.95
St. Lucie County,2020-07-09,28.85
Santa Rosa County,2020-07-09,26.99
Sarasota County,2020-07-09,29.08
Seminole County,2020-07-09,28.19
Sumter County,2020-07-09,28.1
Suwannee County,2020-07-09,27.71
Taylor County,2020-07-09,28.02
Union County,2020-07-09,27.58
Volusia County,2020-07-09,27.88
Wakulla County,2020-07-09,27.68
Walton County,2020-07-09,27.54
Washington County,2020-07-09,27.61
Alachua County,2020-07-10,28.8
Baker County,2020-07-10,28.05
Bay County,2020-07-10,27.71
Bradford County,2020-07-10,28.44
Brevard County,2020-07-10,29.6
Broward County,2020-07-10,29.77
Calhoun County,2020-07-10,27.38
Charlotte County,2020-07-10,29.95
Citrus County,2020-07-10,29.21
Clay County,2020-07-10,28.69
Collier County,2020-07-10,29.48
Columbia County,2020-07-10,28.14
DeSoto County,2020-07-10,29.4
Dixie County,2020-07-10,28.94
Duval County,2020-07-10,28.62
Escambia County,2020-07-10,27.87
Flagler County,2020-07-10,28.97
Franklin County,2020-07-10,27.71
Gadsden County,2020-07-10,27.36
Gilchrist County,2020-07-10,28.76
Glades County,2020-07-10,29.45
Gulf County,2020-07-10,27.48
Hamilton County,2020-07-10,28.04
Hardee County,2020-07-10,29.31
Hendry County,2020-07-10,29.35
Hernando County,2020-07-10,29.11
Highlands County,2020-07-10,29.41
Hillsborough County,2020-07-10,29.63
Holmes County,2020-07-10,27.36
Indian River County,2020-07-10,29.48
Jackson County,2020-07-10,27.58
Jefferson County,2020-07-10,27.95
Lafayette County,2020-07-10,28.58
Lake County,2020-07-10,29.19
Lee County,2020-07-10,29.95
Leon County,2020-07-10,27.64
Levy County,2020-07-10,29.08
Liberty County,2020-07-10,27.31
Madison County,2020-07-10,28.17
Manatee County,2020-07-10,29.54
Marion County,2020-07-10,28.94
Martin County,2020-07-10,30.04
Miami-Dade County,2020-07-10,30.03
Monroe County,2020-07-10,30.15
Nassau County,2020-07-10,28.32
Okaloosa County,2020-07-10,27.58
Okeechobee County,2020-07-10,29.52
Orange County,2020-07-10,29.43
Osceola County,2020-07-10,29.51
Palm Beach County,2020-07-10,29.73
Pasco County,2020-07-10,29.22
Pinellas County,2020-07-10,29.84
Polk County,2020-07-10,29.45
Putnam County,2020-07-10,28.99
St. Johns County,2020-07-10,28.83
St. Lucie County,2020-07-10,29.71
Santa Rosa County,2020-07-10,27.48
Sarasota County,2020-07-10,29.79
Seminole County,2020-07-10,29.55
Sumter County,2020-07-10,28.98
Suwannee County,2020-07-10,28.38
Taylor County,2020-07-10,28.54
Union County,2020-07-10,28.28
Volusia County,2020-07-10,29.3
Wakulla County,2020-07-10,27.75
Walton County,2020-07-10,27.49
Washington County,2020-07-10,27.49
Alachua County,2020-07-11,29.14
Baker County,2020-07-11,28.67
Bay County,2020-07-11,29.7
Bradford County,2020-07-11,28.9
Brevard County,2020-07-11,28.71
Broward County,2020-07-11,29.81
Calhoun County,2020-07-11,29.25
Charlotte County,2020-07-11,30.75
Citrus County,2020-07-11,29.09
Clay County,2020-07-11,29.19
Collier County,2020-07-11,30.27
Columbia County,2020-07-11,28.66
DeSoto County,2020-07-11,29.86
Dixie County,2020-07-11,29.17
Duval County,2020-07-11,29.38
Escambia County,2020-07-11,29.05
Flagler County,2020-07-11,28.64
Franklin County,2020-07-11,29.15
Gadsden County,2020-07-11,28.67
Gilchrist County,2020-07-11,29.08
Glades County,2020-07-11,29.81
Gulf County,2020-07-11,29.25
Hamilton County,2020-07-11,28.62
Hardee County,2020-07-11,29.36
Hendry County,2020-07-11,29.99
Hernando County,2020-07-11,28.99
Highlands County,2020-07-11,29.35
Hillsborough County,2020-07-11,29.53
Holmes County,2020-07-11,29.4
Indian River County,2020-07-11,28.9
Jackson County,2020-07-11,29.34
Jefferson County,2020-07-11,28.59
Lafayette County,2020-07-11,29.0
Lake County,2020-07-11,28.86
Lee County,2020-07-11,31.05
Leon County,2020-07-11,28.63
Levy County,2020-07-11,29.15
Liberty County,2020-07-11,28.96
Madison County,2020-07-11,28.7
Manatee County,2020-07-11,29.89
Marion County,2020-07-11,28.96
Martin County,2020-07-11,29.86
Miami-Dade County,2020-07-11,29.66
Monroe County,2020-07-11,30.03
Nassau County,2020-07-11,29.4
Okaloosa County,2020-07-11,29.48
Okeechobee County,2020-07-11,29.21
Orange County,2020-07-11,28.75
Osceola County,2020-07-11,28.85
Palm Beach County,2020-07-11,29.82
Pasco County,2020-07-11,29.13
Pinellas County,2020-07-11,29.98
Polk County,2020-07-11,29.1
Putnam County,2020-07-11,29.16
St. Johns County,2020-07-11,29.05
St. Lucie County,2020-07-11,29.32
Santa Rosa County,2020-07-11,28.99
Sarasota County,2020-07-11,30.47
Seminole County,2020-07-11,28.76
Sumter County,2020-07-11,28.86
Suwannee County,2020-07-11,28.85
Taylor County,2020-07-11,29.01
Union County,2020-07-11,28.75
Volusia County,2020-07-11,28.55
Wakulla County,2020-07-11,28.82
Walton County,2020-07-11,29.56
Washington County,2020-07-11,29.54
Alachua County,2020-07-12,29.08
Baker County,2020-07-12,29.0
Bay County,2020-07-12,29.06
Bradford County,2020-07-12,29.1
Brevard County,2020-07-12,29.0
Broward County,2020-07-12,28.38
Calhoun County,2020-07-12,28.46
Charlotte County,2020-07-12,30.06
Citrus County,2020-07-12,28.89
Clay County,2020-07-12,29.48
Collier County,2020-07-12,29.09
Columbia County,2020-07-12,28.66
DeSoto County,2020-07-12,29.49
Dixie County,2020-07-12,28.94
Duval County,2020-07-12,29.86
Escambia County,2020-07-12,28.77
Flagler County,2020-07-12,28.78
Franklin County,2020-07-12,28.88
Gadsden County,2020-07-12,28.0
Gilchrist County,2020-07-12,28.88
Glades County,2020-07-12,29.2
Gulf County,2020-07-12,28.84
Hamilton County,2020-07-12,28.46
Hardee County,2020-07-12,29.29
Hendry County,2020-07-12,28.91
Hernando County,2020-07-12,28.82
Highlands County,2020-07-12,29.22
Hillsborough County,2020-07-12,29.39
Holmes County,2020-07-12,28.19
Indian River County,2020-07-12,29.11
Jackson County,2020-07-12,28.28
Jefferson County,2020-07-12,28.16
Lafayette County,2020-07-12,28.77
Lake County,2020-07-12,28.92
Lee County,2020-07-12,30.07
Leon County,2020-07-12,28.11
Levy County,2020-07-12,28.92
Liberty County,2020-07-12,28.38
Madison County,2020-07-12,28.36
Manatee County,2020-07-12,29.59
Marion County,2020-07-12,28.88
Martin County,2020-07-12,29.36
Miami-Dade County,2020-07-12,28.49
Monroe County,2020-07-12,29.27
Nassau County,2020-07-12,29.91
Okaloosa County,2020-07-12,28.64
Okeechobee County,2020-07-12,29.2
Orange County,2020-07-12,29.01
Osceola County,2020-07-12,29.21
Palm Beach County,2020-07-12,28.75
Pasco County,2020-07-12,28.98
Pinellas County,2020-07-12,29.64
Polk County,2020-07-12,29.26
Putnam County,2020-07-12,29.23
St. Johns County,2020-07-12,29.27
St. Lucie County,2020-07-12,29.21
Santa Rosa County,2020-07-12,28.41
Sarasota County,2020-07-12,29.97
Seminole County,2020-07-12,29.02
Sumter County,2020-07-12,28.77
Suwannee County,2020-07-12,28.67
Taylor County,2020-07-12,28.73
Union County,2020-07-12,28.86
Volusia County,2020-07-12,28.77
Wakulla County,2020-07-12,28.45
Walton County,2020-07-12,28.63
Washington County,2020-07-12,28.47
Alachua County,2020-07-13,28.45
Baker County,2020-07-13,28.27
Bay County,2020-07-13,28.08
Bradford County,2020-07-13,28.43
Brevard County,2020-07-13,28.97
Broward County,2020-07-13,28.12
Calhoun County,2020-07-13,27.83
Charlotte County,2020-07-13,29.09
Citrus County,2020-07-13,28.64
Clay County,2020-07-13,28.79
Collier County,2020-07-13,27.54
Columbia County,2020-07-13,28.12
DeSoto County,2020-07-13,28.97
Dixie County,2020-07-13,28.18
Duval County,2020-07-13,28.83
Escambia County,2020-07-13,27.9
Flagler County,2020-07-13,28.78
Franklin County,2020-07-13,27.96
Gadsden County,2020-07-13,27.73
Gilchrist County,2020-07-13,28.15
Glades County,2020-07-13,28.37
Gulf County,2020-07-13,27.82
Hamilton County,2020-07-13,28.13
Hardee County,2020-07-13,29.21
Hendry County,2020-07-13,27.94
Hernando County,2020-07-13,28.87
Highlands County,2020-07-13,28.82
Hillsborough County,2020-07-13,29.59
Holmes County,2020-07-13,27.8
Indian River County,2020-07-13,28.49
Jackson County,2020-07-13,27.94
Jefferson County,2020-07-13,28.05
Lafayette County,2020-07-13,28.22
Lake County,2020-07-13,29.27
Lee County,2020-07-13,28.61
Leon County,2020-07-13,27.93
Levy County,2020-07-13,28.2
Liberty County,2020-07-13,27.74
Madison County,2020-07-13,28.19
Manatee County,2020-07-13,29.43
Marion County,2020-07-13,28.65
Martin County,2020-07-13,28.63
Miami-Dade County,2020-07-13,28.3
Monroe County,2020-07-13,28.2
Nassau County,2020-07-13,28.71
Okaloosa County,2020-07-13,27.88
Okeechobee County,2020-07-13,28.63
Orange County,2020-07-13,29.53
Osceola County,2020-07-13,29.43
Palm Beach County,2020-07-13,28.28
Pasco County,2020-07-13,29.21
Pinellas County,2020-07-13,29.77
Polk County,2020-07-13,29.58
Putnam County,2020-07-13,28.92
St. Johns County,2020-07-13,28.75
St. Lucie County,2020-07-13,28.39
Santa Rosa County,2020-07-13,27.64
Sarasota County,2020-07-13,29.37
Seminole County,2020-07-13,29.54
Sumter County,2020-07-13,28.87
Suwannee County,2020-07-13,28.22
Taylor County,2020-07-13,28.26
Union County,2020-07-13,28.22
Volusia County,2020-07-13,29.1
Wakulla County,2020-07-13,27.94
Walton County,2020-07-13,27.85
Washington County,2020-07-13,27.94
Alachua County,2020-07-14,28.52
Baker County,2020-07-14,28.46
Bay County,2020-07-14,28.2
Bradford County,2020-07-14,28.48
Brevard County,2020-07-14,29.81
Broward County,2020-07-14,29.36
Calhoun County,2020-07-14,28.25
Charlotte County,2020-07-14,29.82
Citrus County,2020-07-14,28.82
Clay County,2020-07-14,28.91
Collier County,2020-07-14,29.24
Columbia County,2020-07-14,28.28
DeSoto County,2020-07-14,29.43
Dixie County,2020-07-14,28.61
Duval County,2020-07-14,29.22
Escambia County,2020-07-14,28.24
Flagler County,2020-07-14,28.96
Franklin County,2020-07-14,28.24
Gadsden County,2020-07-14,28.31
Gilchrist County,2020-07-14,28.43
Glades County,2020-07-14,29.43
Gulf County,2020-07-14,28.02
Hamilton County,2020-07-14,28.42
Hardee County,2020-07-14,29.51
Hendry County,2020-07-14,29.31
Hernando County,2020-07-14,28.95
Highlands County,2020-07-14,29.55
Hillsborough County,2020-07-14,29.64
Holmes County,2020-07-14,28.34
Indian River County,2020-07-14,29.61
Jackson County,2020-07-14,28.47
Jefferson County,2020-07-14,28.51
Lafayette County,2020-07-14,28.55
Lake County,2020-07-14,29.24
Lee County,2020-07-14,29.81
Leon County,2020-07-14,28.45
Levy County,2020-07-14,28.56
Liberty County,2020-07-14,28.2
Madison County,2020-07-14,28.59
Manatee County,2020-07-14,29.48
Marion County,2020-07-14,28.65
Martin County,2020-07-14,29.81
Miami-Dade County,2020-07-14,29.47
Monroe County,2020-07-14,29.68
Nassau County,2020-07-14,29.16
Okaloosa County,2020-07-14,28.24
Okeechobee County,2020-07-14,29.65
Orange County,2020-07-14,29.72
Osceola County,2020-07-14,29.97
Palm Beach County,2020-07-14,29.5
Pasco County,2020-07-14,29.23
Pinellas County,2020-07-14,29.83
Polk County,2020-07-14,29.87
Putnam County,2020-07-14,28.93
St. Johns County,2020-07-14,29.08
St. Lucie County,2020-07-14,29.59
Santa Rosa County,2020-07-14,27.98
Sarasota County,2020-07-14,29.61
Seminole County,2020-07-14,29.65
Sumter County,2020-07-14,28.87
Suwannee County,2020-07-14,28.47
Taylor County,2020-07-14,28.68
Union County,2020-07-14,28.3
Volusia County,2020-07-14,29.26
Wakulla County,2020-07-14,28.39
Walton County,2020-07-14,28.2
Washington County,2020-07-14,28.32
Alachua County,2020-07-15,29.21
Baker County,2020-07-15,29.17
Bay County,2020-07-15,28.91
Bradford County,2020-07-15,29.21
Brevard County,2020-07-15,28.65
Broward County,2020-07-15,29.73
Calhoun County,2020-07-15,29.07
Charlotte County,2020-07-15,29.34
Citrus County,2020-07-15,29.15
Clay County,2020-07-15,29.44
Collier County,2020-07-15,29.58
Columbia County,2020-07-15,28.92
DeSoto County,2020-07-15,28.82
Dixie County,2020-07-15,28.79
Duval County,2020-07-15,29.56
Escambia County,2020-07-15,28.7
Flagler County,2020-07-15,28.83
Franklin County,2020-07-15,28.84
Gadsden County,2020-07-15,28.87
Gilchrist County,2020-07-15,28.89
Glades County,2020-07-15,29.08
Gulf County,2020-07-15,28.86
Hamilton County,2020-07-15,28.86
Hardee County,2020-07-15,28.87
Hendry County,2020-07-15,29.29
Hernando County,2020-07-15,29.24
Highlands County,2020-07-15,28.91
Hillsborough County,2020-07-15,29.5
Holmes County,2020-07-15,28.84
Indian River County,2020-07-15,28.73
Jackson County,2020-07-15,29.24
Jefferson County,2020-07-15,28.62
Lafayette County,2020-07-15,28.85
Lake County,2020-07-15,29.55
Lee County,2020-07-15,29.56
Leon County,2020-07-15,28.77
Levy County,2020-07-15,28.85
Liberty County,2020-07-15,28.99
Madison County,2020-07-15,28.75
Manatee County,2020-07-15,29.14
Marion County,2020-07-15,29.22
Martin County,2020-07-15,29.47
Miami-Dade County,2020-07-15,30.0
Monroe County,2020-07-15,30.09
Nassau County,2020-07-15,29.66
Okaloosa County,2020-07-15,28.69
Okeechobee County,2020-07-15,29.04
Orange County,2020-07-15,29.54
Osceola County,2020-07-15,29.35
Palm Beach County,2020-07-15,29.51
Pasco County,2020-07-15,29.42
Pinellas County,2020-07-15,29.65
Polk County,2020-07-15,29.44
Putnam County,2020-07-15,29.36
St. Johns County,2020-07-15,28.97
St. Lucie County,2020-07-15,28.98
Santa Rosa County,2020-07-15,28.41
Sarasota County,2020-07-15,29.19
Seminole County,2020-07-15,29.54
Sumter County,2020-07-15,29.33
Suwannee County,2020-07-15,28.9
Taylor County,2020-07-15,28.8
Union County,2020-07-15,29.04
Volusia County,2020-07-15,29.03
Wakulla County,2020-07-15,28.81
Walton County,2020-07-15,28.7
Washington County,2020-07-15,28.96
Alachua County,2020-07-16,28.22
Baker County,2020-07-16,28.41
Bay County,2020-07-16,27.65
Bradford County,2020-07-16,28.28
Brevard County,2020-07-16,27.91
Broward County,2020-07-16,28.66
Calhoun County,2020-07-16,27.71
Charlotte County,2020-07-16,29.35
Citrus County,2020-07-16,28.26
Clay County,2020-07-16,28.63
Collier County,2020-07-16,28.97
Columbia County,2020-07-16,28.11
DeSoto County,2020-07-16,28.47
Dixie County,2020-07-16,28.12
Duval County,2020-07-16,29.01
Escambia County,2020-07-16,26.36
Flagler County,2020-07-16,28.01
Franklin County,2020-07-16,27.83
Gadsden County,2020-07-16,27.61
Gilchrist County,2020-07-16,28.04
Glades County,2020-07-16,28.15
Gulf County,2020-07-16,27.7
Hamilton County,2020-07-16,28.15
Hardee County,2020-07-16,28.19
Hendry County,2020-07-16,28.35
Hernando County,2020-07-16,28.25
Highlands County,2020-07-16,27.94
Hillsborough County,2020-07-16,28.77
Holmes County,2020-07-16,27.41
Indian River County,2020-07-16,27.83
Jackson County,2020-07-16,27.73
Jefferson County,2020-07-16,28.02
Lafayette County,2020-07-16,28.13
Lake County,2020-07-16,28.34
Lee County,2020-07-16,29.58
Leon County,2020-07-16,27.9
Levy County,2020-07-16,28.07
Liberty County,2020-07-16,27.7
Madison County,2020-07-16,28.14
Manatee County,2020-07-16,28.8
Marion County,2020-07-16,28.15
Martin County,2020-07-16,28.4
Miami-Dade County,2020-07-16,29.25
Monroe County,2020-07-16,29.67
Nassau County,2020-07-16,29.22
Okaloosa County,2020-07-16,26.77
Okeechobee County,2020-07-16,27.79
Orange County,2020-07-16,28.35
Osceola County,2020-07-16,28.19
Palm Beach County,2020-07-16,28.26
Pasco County,2020-07-16,28.38
Pinellas County,2020-07-16,28.85
Polk County,2020-07-16,28.37
Putnam County,2020-07-16,28.42
St. Johns County,2020-07-16,28.39
St. Lucie County,2020-07-16,28.06
Santa Rosa County,2020-07-16,26.23
Sarasota County,2020-07-16,29.26
Seminole County,2020-07-16,28.34
Sumter County,2020-07-16,28.23
Suwannee County,2020-07-16,28.13
Taylor County,2020-07-16,28.24
Union County,2020-07-16,28.13
Volusia County,2020-07-16,28.01
Wakulla County,2020-07-16,27.99
Walton County,2020-07-16,27.13
Washington County,2020-07-16,27.62
Alachua County,2020-07-17,28.18
Baker County,2020-07-17,27.84
Bay County,2020-07-17,28.06
Bradford County,2020-07-17,27.95
Brevard County,2020-07-17,28.19
Broward County,2020-07-17,28.56
Calhoun County,2020-07-17,28.19
Charlotte County,2020-07-17,29.24
Citrus County,2020-07-17,28.45
Clay County,2020-07-17,28.18
Collier County,2020-07-17,28.68
Columbia County,2020-07-17,27.82
DeSoto County,2020-07-17,28.56
Dixie County,2020-07-17,28.56
Duval County,2020-07-17,28.24
Escambia County,2020-07-17,27.15
Flagler County,2020-07-17,27.94
Franklin County,2020-07-17,28.49
Gadsden County,2020-07-17,28.35
Gilchrist County,2020-07-17,28.24
Glades County,2020-07-17,28.38
Gulf County,2020-07-17,28.09
Hamilton County,2020-07-17,27.95
Hardee County,2020-07-17,28.41
Hendry County,2020-07-17,28.42
Hernando County,2020-07-17,28.4
Highlands County,2020-07-17,28.26
Hillsborough County,2020-07-17,28.88
Holmes County,2020-07-17,27.82
Indian River County,2020-07-17,28.15
Jackson County,2020-07-17,28.3
Jefferson County,2020-07-17,28.54
Lafayette County,2020-07-17,28.38
Lake County,2020-07-17,28.41
Lee County,2020-07-17,29.28
Leon County,2020-07-17,28.61
Levy County,2020-07-17,28.39
Liberty County,2020-07-17,28.3
Madison County,2020-07-17,28.37
Manatee County,2020-07-17,28.94
Marion County,2020-07-17,28.2
Martin County,2020-07-17,28.75
Miami-Dade County,2020-07-17,28.82
Monroe County,2020-07-17,29.18
Nassau County,2020-07-17,28.26
Okaloosa County,2020-07-17,27.36
Okeechobee County,2020-07-17,28.24
Orange County,2020-07-17,28.47
Osceola County,2020-07-17,28.45
Palm Beach County,2020-07-17,28.51
Pasco County,2020-07-17,28.54
Pinellas County,2020-07-17,29.27
Polk County,2020-07-17,28.58
Putnam County,2020-07-17,28.26
St. Johns County,2020-07-17,28.07
St. Lucie County,2020-07-17,28.4
Santa Rosa County,2020-07-17,26.97
Sarasota County,2020-07-17,29.31
Seminole County,2020-07-17,28.44
Sumter County,2020-07-17,28.3
Suwannee County,2020-07-17,28.13
Taylor County,2020-07-17,28.74
Union County,2020-07-17,27.83
Volusia County,2020-07-17,28.09
Wakulla County,2020-07-17,28.73
Walton County,2020-07-17,27.57
Washington County,2020-07-17,27.99
Alachua County,2020-07-18,28.15
Baker County,2020-07-18,27.54
Bay County,2020-07-18,29.06
Bradford County,2020-07-18,27.84
Brevard County,2020-07-18,28.12
Broward County,2020-07-18,27.53
Calhoun County,2020-07-18,28.64
Charlotte County,2020-07-18,28.61
Citrus County,2020-07-18,28.98
Clay County,2020-07-18,28.27
Collier County,2020-07-18,27.82
Columbia County,2020-07-18,27.37
DeSoto County,2020-07-18,28.16
Dixie County,2020-07-18,28.51
Duval County,2020-07-18,28.39
Escambia County,2020-07-18,28.65
Flagler County,2020-07-18,28.54
Franklin County,2020-07-18,28.97
Gadsden County,2020-07-18,28.42
Gilchrist County,2020-07-18,28.02
Glades County,2020-07-18,27.85
Gulf County,2020-07-18,28.73
Hamilton County,2020-07-18,27.34
Hardee County,2020-07-18,28.24
Hendry County,2020-07-18,27.77
Hernando County,2020-07-18,28.99
Highlands County,2020-07-18,27.9
Hillsborough County,2020-07-18,29.24
Holmes County,2020-07-18,28.62
Indian River County,2020-07-18,27.46
Jackson County,2020-07-18,28.73
Jefferson County,2020-07-18,28.3
Lafayette County,2020-07-18,27.98
Lake County,2020-07-18,28.87
Lee County,2020-07-18,28.48
Leon County,2020-07-18,28.54
Levy County,2020-07-18,28.6
Liberty County,2020-07-18,28.57
Madison County,2020-07-18,27.88
Manatee County,2020-07-18,28.8
Marion County,2020-07-18,28.55
Martin County,2020-07-18,27.63
Miami-Dade County,2020-07-18,27.66
Monroe County,2020-07-18,27.87
Nassau County,2020-07-18,28.26
Okaloosa County,2020-07-18,28.72
Okeechobee County,2020-07-18,27.63
Orange County,2020-07-18,28.78
Osceola County,2020-07-18,28.36
Palm Beach County,2020-07-18,27.46
Pasco County,2020-07-18,29.09
Pinellas County,2020-07-18,29.67
Polk County,2020-07-18,28.69
Putnam County,2020-07-18,28.58
St. Johns County,2020-07-18,28.54
St. Lucie County,2020-07-18,27.41
Santa Rosa County,2020-07-18,28.46
Sarasota County,2020-07-18,28.81
Seminole County,2020-07-18,28.88
Sumter County,2020-07-18,28.79
Suwannee County,2020-07-18,27.59
Taylor County,2020-07-18,28.53
Union County,2020-07-18,27.56
Volusia County,2020-07-18,28.67
Wakulla County,2020-07-18,28.86
Walton County,2020-07-18,28.72
Washington County,2020-07-18,28.75
Alachua County,2020-07-19,27.82
Baker County,2020-07-19,27.28
Bay County,2020-07-19,29.51
Bradford County,2020-07-19,27.47
Brevard County,2020-07-19,28.24
Broward County,2020-07-19,26.74
Calhoun County,2020-07-19,29.13
Charlotte County,2020-07-19,28.53
Citrus County,2020-07-19,28.54
Clay County,2020-07-19,27.83
Collier County,2020-07-19,27.6
Columbia County,2020-07-19,27.33
DeSoto County,2020-07-19,28.01
Dixie County,2020-07-19,28.61
Duval County,2020-07-19,27.99
Escambia County,2020-07-19,28.63
Flagler County,2020-07-19,28.23
Franklin County,2020-07-19,29.24
Gadsden County,2020-07-19,28.85
Gilchrist County,2020-07-19,27.99
Glades County,2020-07-19,27.76
Gulf County,2020-07-19,29.12
Hamilton County,2020-07-19,27.62
Hardee County,2020-07-19,28.0
Hendry County,2020-07-19,27.57
Hernando County,2020-07-19,28.45
Highlands County,2020-07-19,27.88
Hillsborough County,2020-07-19,28.69
Holmes County,2020-07-19,29.13
Indian River County,2020-07-19,27.56
Jackson County,2020-07-19,29.26
Jefferson County,2020-07-19,28.75
Lafayette County,2020-07-19,28.3
Lake County,2020-07-19,28.45
Lee County,2020-07-19,28.47
Leon County,2020-07-19,28.93
Levy County,2020-07-19,28.37
Liberty County,2020-07-19,28.95
Madison County,2020-07-19,28.37
Manatee County,2020-07-19,28.29
Marion County,2020-07-19,28.08
Martin County,2020-07-19,27.29
Miami-Dade County,2020-07-19,27.02
Monroe County,2020-07-19,27.69
Nassau County,2020-07-19,27.89
Okaloosa County,2020-07-19,28.88
Okeechobee County,2020-07-19,27.65
Orange County,2020-07-19,28.62
Osceola County,2020-07-19,28.4
Palm Beach County,2020-07-19,26.79
Pasco County,2020-07-19,28.47
Pinellas County,2020-07-19,28.95
Polk County,2020-07-19,28.46
Putnam County,2020-07-19,28.08
St. Johns County,2020-07-19,28.16
St. Lucie County,2020-07-19,27.35
Santa Rosa County,2020-07-19,28.52
Sarasota County,2020-07-19,28.43
Seminole County,2020-07-19,28.68
Sumter County,2020-07-19,28.29
Suwannee County,2020-07-19,27.87
Taylor County,2020-07-19,28.92
Union County,2020-07-19,27.31
Volusia County,2020-07-19,28.45
Wakulla County,2020-07-19,29.2
Walton County,2020-07-19,29.09
Washington County,2020-07-19,29.29
Alachua County,2020-07-20,28.38
Baker County,2020-07-20,27.97
Bay County,2020-07-20,29.35
Bradford County,2020-07-20,28.05
Brevard County,2020-07-20,28.12
Broward County,2020-07-20,28.63
Calhoun County,2020-07-20,29.26
Charlotte County,2020-07-20,28.66
Citrus County,2020-07-20,28.9
Clay County,2020-07-20,28.3
Collier County,2020-07-20,28.26
Columbia County,2020-07-20,28.14
DeSoto County,2020-07-20,28.23
Dixie County,2020-07-20,28.68
Duval County,2020-07-20,28.27
Escambia County,2020-07-20,28.21
Flagler County,2020-07-20,28.36
Franklin County,2020-07-20,29.13
Gadsden County,2020-07-20,29.11
Gilchrist County,2020-07-20,28.39
Glades County,2020-07-20,28.01
Gulf County,2020-07-20,29.04
Hamilton County,2020-07-20,28.56
Hardee County,2020-07-20,28.29
Hendry County,2020-07-20,28.03
Hernando County,2020-07-20,28.9
Highlands County,2020-07-20,28.12
Hillsborough County,2020-07-20,29.03
Holmes County,2020-07-20,29.16
Indian River County,2020-07-20,27.97
Jackson County,2020-07-20,29.46
Jefferson County,2020-07-20,29.1
Lafayette County,2020-07-20,28.65
Lake County,2020-07-20,28.93
Lee County,2020-07-20,28.61
Leon County,2020-07-20,29.16
Levy County,2020-07-20,28.57
Liberty County,2020-07-20,29.07
Madison County,2020-07-20,28.97
Manatee County,2020-07-20,28.7
Marion County,2020-07-20,28.63
Martin County,2020-07-20,28.33
Miami-Dade County,2020-07-20,29.06
Monroe County,2020-07-20,29.14
Nassau County,2020-07-20,28.29
Okaloosa County,2020-07-20,28.7
Okeechobee County,2020-07-20,28.09
Orange County,2020-07-20,28.77
Osceola County,2020-07-20,28.58
Palm Beach County,2020-07-20,28.25
Pasco County,2020-07-20,28.95
Pinellas County,2020-07-20,29.39
Polk County,2020-07-20,28.75
Putnam County,2020-07-20,28.58
St. Johns County,2020-07-20,28.34
St. Lucie County,2020-07-20,28.05
Santa Rosa County,2020-07-20,28.2
Sarasota County,2020-07-20,28.76
Seminole County,2020-07-20,28.76
Sumter County,2020-07-20,28.87
Suwannee County,2020-07-20,28.54
Taylor County,2020-07-20,29.03
Union County,2020-07-20,27.97
Volusia County,2020-07-20,28.44
Wakulla County,2020-07-20,29.14
Walton County,2020-07-20,28.95
Washington County,2020-07-20,29.3
Alachua County,2020-07-21,28.55
Baker County,2020-07-21,28.44
Bay County,2020-07-21,29.79
Bradford County,2020-07-21,28.34
Brevard County,2020-07-21,28.27
Broward County,2020-07-21,27.91
Calhoun County,2020-07-21,29.5
Charlotte County,2020-07-21,29.07
Citrus County,2020-07-21,29.07
Clay County,2020-07-21,28.41
Collier County,2020-07-21,28.18
Columbia County,2020-07-21,28.58
DeSoto County,2020-07-21,28.5
Dixie County,2020-07-21,29.06
Duval County,2020-07-21,28.24
Escambia County,2020-07-21,28.71
Flagler County,2020-07-21,28.28
Franklin County,2020-07-21,29.76
Gadsden County,2020-07-21,29.34
Gilchrist County,2020-07-21,28.67
Glades County,2020-07-21,28.36
Gulf County,2020-07-21,29.48
Hamilton County,2020-07-21,28.94
Hardee County,2020-07-21,28.45
Hendry County,2020-07-21,28.15
Hernando County,2020-07-21,29.08
Highlands County,2020-07-21,28.33
Hillsborough County,2020-07-21,29.29
Holmes County,2020-07-21,29.31
Indian River County,2020-07-21,28.19
Jackson County,2020-07-21,29.61
Jefferson County,2020-07-21,29.41
Lafayette County,2020-07-21,29.07
Lake County,2020-07-21,28.89
Lee County,2020-07-21,29.0
Leon County,2020-07-21,29.47
Levy County,2020-07-21,28.76
Liberty County,2020-07-21,29.41
Madison County,2020-07-21,29.29
Manatee County,2020-07-21,28.99
Marion County,2020-07-21,28.65
Martin County,2020-07-21,28.83
Miami-Dade County,2020-07-21,27.91
Monroe County,2020-07-21,28.51
Nassau County,2020-07-21,28.32
Okaloosa County,2020-07-21,28.96
Okeechobee County,2020-07-21,28.31
Orange County,2020-07-21,28.66
Osceola County,2020-07-21,28.47
Palm Beach County,2020-07-21,28.27
Pasco County,2020-07-21,29.14
Pinellas County,2020-07-21,29.89
Polk County,2020-07-21,28.76
Putnam County,2020-07-21,28.56
St. Johns County,2020-07-21,28.22
St. Lucie County,2020-07-21,28.5
Santa Rosa County,2020-07-21,28.56
Sarasota County,2020-07-21,29.15
Seminole County,2020-07-21,28.67
Sumter County,2020-07-21,28.93
Suwannee County,2020-07-21,28.96
Taylor County,2020-07-21,29.53
Union County,2020-07-21,28.37
Volusia County,2020-07-21,28.44
Wakulla County,2020-07-21,29.7
Walton County,2020-07-21,29.2
Washington County,2020-07-21,29.49
Alachua County,2020-07-22,28.45
Baker County,2020-07-22,27.76
Bay County,2020-07-22,28.5
Bradford County,2020-07-22,28.09
Brevard County,2020-07-22,28.56
Broward County,2020-07-22,27.11
Calhoun County,2020-07-22,28.2
Charlotte County,2020-07-22,28.69
Citrus County,2020-07-22,28.98
Clay County,2020-07-22,28.29
Collier County,2020-07-22,27.32
Columbia County,2020-07-22,27.77
DeSoto County,2020-07-22,28.23
Dixie County,2020-07-22,28.49
Duval County,2020-07-22,28.12
Escambia County,2020-07-22,28.49
Flagler County,2020-07-22,28.67
Franklin County,2020-07-22,27.94
Gadsden County,2020-07-22,27.9
Gilchrist County,2020-07-22,28.3
Glades County,2020-07-22,27.59
Gulf County,2020-07-22,27.89
Hamilton County,2020-07-22,27.74
Hardee County,2020-07-22,28.32
Hendry County,2020-07-22,27.29
Hernando County,2020-07-22,28.91
Highlands County,2020-07-22,27.92
Hillsborough County,2020-07-22,29.15
Holmes County,2020-07-22,28.91
Indian River County,2020-07-22,27.81
Jackson County,2020-07-22,28.67
Jefferson County,2020-07-22,28.08
Lafayette County,2020-07-22,28.17
Lake County,2020-07-22,28.92
Lee County,2020-07-22,28.39
Leon County,2020-07-22,28.0
Levy County,2020-07-22,28.67
Liberty County,2020-07-22,27.82
Madison County,2020-07-22,28.04
Manatee County,2020-07-22,28.85
Marion County,2020-07-22,28.69
Martin County,2020-07-22,27.72
Miami-Dade County,2020-07-22,27.18
Monroe County,2020-07-22,27.52
Nassau County,2020-07-22,27.93
Okaloosa County,2020-07-22,28.67
Okeechobee County,2020-07-22,27.72
Orange County,2020-07-22,28.88
Osceola County,2020-07-22,28.54
Palm Beach County,2020-07-22,27.21
Pasco County,2020-07-22,28.95
Pinellas County,2020-07-22,29.57
Polk County,2020-07-22,28.73
Putnam County,2020-07-22,28.65
St. Johns County,2020-07-22,28.45
St. Lucie County,2020-07-22,27.66
Santa Rosa County,2020-07-22,28.34
Sarasota County,2020-07-22,29.01
Seminole County,2020-07-22,29.0
Sumter County,2020-07-22,28.81
Suwannee County,2020-07-22,27.95
Taylor County,2020-07-22,28.32
Union County,2020-07-22,27.91
Volusia County,2020-07-22,28.91
Wakulla County,2020-07-22,27.99
Walton County,2020-07-22,28.71
Washington County,2020-07-22,28.79
Alachua County,2020-07-23,27.61
Baker County,2020-07-23,26.96
Bay County,2020-07-23,28.82
Bradford County,2020-07-23,27.23
Brevard County,2020-07-23,27.27
Broward County,2020-07-23,26.53
Calhoun County,2020-07-23,28.54
Charlotte County,2020-07-23,27.78
Citrus County,2020-07-23,28.2
Clay County,2020-07-23,27.61
Collier County,2020-07-23,27.28
Columbia County,2020-07-23,27.0
DeSoto County,2020-07-23,27.09
Dixie County,2020-07-23,28.02
Duval County,2020-07-23,27.6
Escambia County,2020-07-23,27.88
Flagler County,2020-07-23,28.17
Franklin County,2020-07-23,28.46
Gadsden County,2020-07-23,28.27
Gilchrist County,2020-07-23,27.57
Glades County,2020-07-23,26.83
Gulf County,2020-07-23,28.34
Hamilton County,2020-07-23,27.44
Hardee County,2020-07-23,26.95
Hendry County,2020-07-23,26.9
Hernando County,2020-07-23,27.95
Highlands County,2020-07-23,26.73
Hillsborough County,2020-07-23,27.69
Holmes County,2020-07-23,28.68
Indian River County,2020-07-23,26.56
Jackson County,2020-07-23,28.82
Jefferson County,2020-07-23,28.27
Lafayette County,2020-07-23,27.78
Lake County,2020-07-23,28.32
Lee County,2020-07-23,27.92
Leon County,2020-07-23,28.36
Levy County,2020-07-23,27.96
Liberty County,2020-07-23,28.27
Madison County,2020-07-23,28.03
Manatee County,2020-07-23,27.31
Marion County,2020-07-23,28.07
Martin County,2020-07-23,26.96
Miami-Dade County,2020-07-23,27.09
Monroe County,2020-07-23,27.97
Nassau County,2020-07-23,27.47
Okaloosa County,2020-07-23,28.17
Okeechobee County,2020-07-23,26.55
Orange County,2020-07-23,28.03
Osceola County,2020-07-23,27.25
Palm Beach County,2020-07-23,26.44
Pasco County,2020-07-23,27.78
Pinellas County,2020-07-23,28.12
Polk County,2020-07-23,27.4
Putnam County,2020-07-23,28.08
St. Johns County,2020-07-23,27.91
St. Lucie County,2020-07-23,26.78
Santa Rosa County,2020-07-23,27.75
Sarasota County,2020-07-23,27.6
Seminole County,2020-07-23,28.36
Sumter County,2020-07-23,28.09
Suwannee County,2020-07-23,27.51
Taylor County,2020-07-23,28.31
Union County,2020-07-23,27.0
Volusia County,2020-07-23,28.36
Wakulla County,2020-07-23,28.46
Walton County,2020-07-23,28.44
Washington County,2020-07-23,28.81
Alachua County,2020-07-24,27.18
Baker County,2020-07-24,26.95
Bay County,2020-07-24,27.58
Bradford County,2020-07-24,27.05
Brevard County,2020-07-24,27.01
Broward County,2020-07-24,27.18
Calhoun County,2020-07-24,27.22
Charlotte County,2020-07-24,27.81
Citrus County,2020-07-24,27.24
Clay County,2020-07-24,27.41
Collier County,2020-07-24,27.54
Columbia County,2020-07-24,26.79
DeSoto County,2020-07-24,27.07
Dixie County,2020-07-24,27.38
Duval County,2020-07-24,27.73
Escambia County,2020-07-24,27.17
Flagler County,2020-07-24,27.34
Franklin County,2020-07-24,27.02
Gadsden County,2020-07-24,26.91
Gilchrist County,2020-07-24,27.11
Glades County,2020-07-24,27.11
Gulf County,2020-07-24,26.91
Hamilton County,2020-07-24,26.82
Hardee County,2020-07-24,26.76
Hendry County,2020-07-24,27.29
Hernando County,2020-07-24,27.03
Highlands County,2020-07-24,26.77
Hillsborough County,2020-07-24,27.39
Holmes County,2020-07-24,27.96
Indian River County,2020-07-24,26.91
Jackson County,2020-07-24,27.76
Jefferson County,2020-07-24,27.17
Lafayette County,2020-07-24,27.11
Lake County,2020-07-24,26.81
Lee County,2020-07-24,27.91
Leon County,2020-07-24,27.08
Levy County,2020-07-24,27.32
Liberty County,2020-07-24,26.81
Madison County,2020-07-24,27.1
Manatee County,2020-07-24,27.35
Marion County,2020-07-24,26.97
Martin County,2020-07-24,27.79
Miami-Dade County,2020-07-24,27.47
Monroe County,2020-07-24,27.93
Nassau County,2020-07-24,27.71
Okaloosa County,2020-07-24,27.49
Okeechobee County,2020-07-24,26.91
Orange County,2020-07-24,26.78
Osceola County,2020-07-24,26.73
Palm Beach County,2020-07-24,27.32
Pasco County,2020-07-24,27.06
Pinellas County,2020-07-24,28.1
Polk County,2020-07-24,26.76
Putnam County,2020-07-24,27.35
St. Johns County,2020-07-24,27.67
St. Lucie County,2020-07-24,27.38
Santa Rosa County,2020-07-24,27.06
Sarasota County,2020-07-24,27.73
Seminole County,2020-07-24,26.96
Sumter County,2020-07-24,26.73
Suwannee County,2020-07-24,26.95
Taylor County,2020-07-24,27.38
Union County,2020-07-24,26.89
Volusia County,2020-07-24,27.17
Wakulla County,2020-07-24,27.13
Walton County,2020-07-24,27.66
Washington County,2020-07-24,27.9
Alachua County,2020-07-25,28.29
Baker County,2020-07-25,27.75
Bay County,2020-07-25,27.9
Bradford County,2020-07-25,28.08
Brevard County,2020-07-25,28.16
Broward County,2020-07-25,27.75
Calhoun County,2020-07-25,27.81
Charlotte County,2020-07-25,28.74
Citrus County,2020-07-25,28.44
Clay County,2020-07-25,28.47
Collier County,2020-07-25,28.25
Columbia County,2020-07-25,27.66
DeSoto County,2020-07-25,28.22
Dixie County,2020-07-25,28.35
Duval County,2020-07-25,28.53
Escambia County,2020-07-25,25.77
Flagler County,2020-07-25,28.7
Franklin County,2020-07-25,28.06
Gadsden County,2020-07-25,27.59
Gilchrist County,2020-07-25,28.17
Glades County,2020-07-25,27.99
Gulf County,2020-07-25,27.85
Hamilton County,2020-07-25,27.58
Hardee County,2020-07-25,28.19
Hendry County,2020-07-25,28.02
Hernando County,2020-07-25,28.32
Highlands County,2020-07-25,28.0
Hillsborough County,2020-07-25,28.64
Holmes County,2020-07-25,27.72
Indian River County,2020-07-25,27.68
Jackson County,2020-07-25,27.94
Jefferson County,2020-07-25,27.81
Lafayette County,2020-07-25,28.07
Lake County,2020-07-25,28.59
Lee County,2020-07-25,28.74
Leon County,2020-07-25,27.79
Levy County,2020-07-25,28.38
Liberty County,2020-07-25,27.77
Madison County,2020-07-25,27.81
Manatee County,2020-07-25,28.56
Marion County,2020-07-25,28.42
Martin County,2020-07-25,27.97
Miami-Dade County,2020-07-25,27.96
Monroe County,2020-07-25,28.63
Nassau County,2020-07-25,28.32
Okaloosa County,2020-07-25,26.62
Okeechobee County,2020-07-25,27.85
Orange County,2020-07-25,28.53
Osceola County,2020-07-25,28.27
Palm Beach County,2020-07-25,27.68
Pasco County,2020-07-25,28.41
Pinellas County,2020-07-25,29.0
Polk County,2020-07-25,28.43
Putnam County,2020-07-25,28.69
St. Johns County,2020-07-25,28.68
St. Lucie County,2020-07-25,27.74
Santa Rosa County,2020-07-25,25.82
Sarasota County,2020-07-25,28.78
Seminole County,2020-07-25,28.74
Sumter County,2020-07-25,28.32
Suwannee County,2020-07-25,27.86
Taylor County,2020-07-25,28.19
Union County,2020-07-25,27.85
Volusia County,2020-07-25,28.73
Wakulla County,2020-07-25,27.98
Walton County,2020-07-25,27.21
Washington County,2020-07-25,27.87
Alachua County,2020-07-26,28.0
Baker County,2020-07-26,27.36
Bay County,2020-07-26,28.2
Bradford County,2020-07-26,27.73
Brevard County,2020-07-26,28.18
Broward County,2020-07-26,27.62
Calhoun County,2020-07-26,28.04
Charlotte County,2020-07-26,29.29
Citrus County,2020-07-26,28.66
Clay County,2020-07-26,28.22
Collier County,2020-07-26,28.48
Columbia County,2020-07-26,27.13
DeSoto County,2020-07-26,28.64
Dixie County,2020-07-26,28.38
Duval County,2020-07-26,28.59
Escambia County,2020-07-26,26.83
Flagler County,2020-07-26,28.44
Franklin County,2020-07-26,28.18
Gadsden County,2020-07-26,28.02
Gilchrist County,2020-07-26,27.88
Glades County,2020-07-26,28.33
Gulf County,2020-07-26,27.88
Hamilton County,2020-07-26,26.99
Hardee County,2020-07-26,28.42
Hendry County,2020-07-26,28.2
Hernando County,2020-07-26,28.54
Highlands County,2020-07-26,28.3
Hillsborough County,2020-07-26,28.89
Holmes County,2020-07-26,28.2
Indian River County,2020-07-26,27.88
Jackson County,2020-07-26,28.34
Jefferson County,2020-07-26,28.11
Lafayette County,2020-07-26,27.86
Lake County,2020-07-26,28.5
Lee County,2020-07-26,29.28
Leon County,2020-07-26,28.25
Levy County,2020-07-26,28.43
Liberty County,2020-07-26,27.92
Madison County,2020-07-26,27.66
Manatee County,2020-07-26,28.74
Marion County,2020-07-26,28.25
Martin County,2020-07-26,28.0
Miami-Dade County,2020-07-26,28.03
Monroe County,2020-07-26,28.79
Nassau County,2020-07-26,28.43
Okaloosa County,2020-07-26,27.58
Okeechobee County,2020-07-26,28.07
Orange County,2020-07-26,28.61
Osceola County,2020-07-26,28.5
Palm Beach County,2020-07-26,27.57
Pasco County,2020-07-26,28.57
Pinellas County,2020-07-26,29.01
Polk County,2020-07-26,28.65
Putnam County,2020-07-26,28.37
St. Johns County,2020-07-26,28.64
St. Lucie County,2020-07-26,27.91
Santa Rosa County,2020-07-26,27.02
Sarasota County,2020-07-26,29.11
Seminole County,2020-07-26,28.62
Sumter County,2020-07-26,28.38
Suwannee County,2020-07-26,27.39
Taylor County,2020-07-26,28.41
Union County,2020-07-26,27.41
Volusia County,2020-07-26,28.44
Wakulla County,2020-07-26,28.49
Walton County,2020-07-26,27.91
Washington County,2020-07-26,28.23
Alachua County,2020-07-27,28.04
Baker County,2020-07-27,27.68
Bay County,2020-07-27,27.65
Bradford County,2020-07-27,27.85
Brevard County,2020-07-27,27.43
Broward County,2020-07-27,28.55
Calhoun County,2020-07-27,27.67
Charlotte County,2020-07-27,28.87
Citrus County,2020-07-27,28.19
Clay County,2020-07-27,27.97
Collier County,2020-07-27,28.84
Columbia County,2020-07-27,27.77
DeSoto County,2020-07-27,28.35
Dixie County,2020-07-27,28.11
Duval County,2020-07-27,27.83
Escambia County,2020-07-27,27.32
Flagler County,2020-07-27,27.59
Franklin County,2020-07-27,27.58
Gadsden County,2020-07-27,27.86
Gilchrist County,2020-07-27,27.99
Glades County,2020-07-27,28.36
Gulf County,2020-07-27,27.38
Hamilton County,2020-07-27,27.97
Hardee County,2020-07-27,28.27
Hendry County,2020-07-27,28.52
Hernando County,2020-07-27,28.21
Highlands County,2020-07-27,28.24
Hillsborough County,2020-07-27,28.62
Holmes County,2020-07-27,27.72
Indian River County,2020-07-27,27.53
Jackson County,2020-07-27,27.91
Jefferson County,2020-07-27,28.21
Lafayette County,2020-07-27,28.17
Lake County,2020-07-27,28.25
Lee County,2020-07-27,29.02
Leon County,2020-07-27,28.06
Levy County,2020-07-27,28.0
Liberty County,2020-07-27,27.57
Madison County,2020-07-27,28.28
Manatee County,2020-07-27,28.42
Marion County,2020-07-27,28.02
Martin County,2020-07-27,28.06
Miami-Dade County,2020-07-27,28.86
Monroe County,2020-07-27,29.26
Nassau County,2020-07-27,27.73
Okaloosa County,2020-07-27,27.54
Okeechobee County,2020-07-27,28.01
Orange County,2020-07-27,28.17
Osceola County,2020-07-27,28.2
Palm Beach County,2020-07-27,28.17
Pasco County,2020-07-27,28.36
Pinellas County,2020-07-27,28.74
Polk County,2020-07-27,28.53
Putnam County,2020-07-27,28.04
St. Johns County,2020-07-27,27.69
St. Lucie County,2020-07-27,27.68
Santa Rosa County,2020-07-27,27.21
Sarasota County,2020-07-27,28.59
Seminole County,2020-07-27,28.08
Sumter County,2020-07-27,28.15
Suwannee County,2020-07-27,28.1
Taylor County,2020-07-27,28.3
Union County,2020-07-27,27.76
Volusia County,2020-07-27,27.68
Wakulla County,2020-07-27,27.9
Walton County,2020-07-27,27.6
Washington County,2020-07-27,27.75
Alachua County,2020-07-28,27.99
Baker County,2020-07-28,27.92
Bay County,2020-07-28,27.74
Bradford County,2020-07-28,27.95
Brevard County,2020-07-28,27.69
Broward County,2020-07-28,28.65
Calhoun County,2020-07-28,27.9
Charlotte County,2020-07-28,28.94
Citrus County,2020-07-28,28.12
Clay County,2020-07-28,28.29
Collier County,2020-07-28,28.82
Columbia County,2020-07-28,27.64
DeSoto County,2020-07-28,28.42
Dixie County,2020-07-28,27.83
Duval County,2020-07-28,28.44
Escambia County,2020-07-28,25.47
Flagler County,2020-07-28,28.1
Franklin County,2020-07-28,27.75
Gadsden County,2020-07-28,27.76
Gilchrist County,2020-07-28,27.79
Glades County,2020-07-28,28.22
Gulf County,2020-07-28,27.64
Hamilton County,2020-07-28,27.49
Hardee County,2020-07-28,28.31
Hendry County,2020-07-28,28.42
Hernando County,2020-07-28,28.11
Highlands County,2020-07-28,28.17
Hillsborough County,2020-07-28,28.55
Holmes County,2020-07-28,27.47
Indian River County,2020-07-28,27.34
Jackson County,2020-07-28,28.14
Jefferson County,2020-07-28,27.45
Lafayette County,2020-07-28,27.67
Lake County,2020-07-28,28.46
Lee County,2020-07-28,29.02
Leon County,2020-07-28,27.63
Levy County,2020-07-28,27.92
Liberty County,2020-07-28,27.75
Madison County,2020-07-28,27.45
Manatee County,2020-07-28,28.53
Marion County,2020-07-28,28.13
Martin County,2020-07-28,27.74
Miami-Dade County,2020-07-28,29.2
Monroe County,2020-07-28,29.39
Nassau County,2020-07-28,28.5
Okaloosa County,2020-07-28,26.35
Okeechobee County,2020-07-28,27.83
Orange County,2020-07-28,28.44
Osceola County,2020-07-28,28.25
Palm Beach County,2020-07-28,28.0
Pasco County,2020-07-28,28.25
Pinellas County,2020-07-28,28.72
Polk County,2020-07-28,28.48
Putnam County,2020-07-28,28.34
St. Johns County,2020-07-28,28.18
St. Lucie County,2020-07-28,27.37
Santa Rosa County,2020-07-28,25.58
Sarasota County,2020-07-28,28.77
Seminole County,2020-07-28,28.53
Sumter County,2020-07-28,28.17
Suwannee County,2020-07-28,27.6
Taylor County,2020-07-28,27.71
Union County,2020-07-28,27.75
Volusia County,2020-07-28,28.24
Wakulla County,2020-07-28,27.7
Walton County,2020-07-28,26.95
Washington County,2020-07-28,27.7
Alachua County,2020-07-29,26.88
Baker County,2020-07-29,27.15
Bay County,2020-07-29,25.67
Bradford County,2020-07-29,27.03
Brevard County,2020-07-29,27.3
Broward County,2020-07-29,28.87
Calhoun County,2020-07-29,25.56
Charlotte County,2020-07-29,28.88
Citrus County,2020-07-29,27.23
Clay County,2020-07-29,27.59
Collier County,2020-07-29,28.88
Columbia County,2020-07-29,26.81
DeSoto County,2020-07-29,28.14
Dixie County,2020-07-29,26.7
Duval County,2020-07-29,28.14
Escambia County,2020-07-29,26.55
Flagler County,2020-07-29,27.59
Franklin County,2020-07-29,25.95
Gadsden County,2020-07-29,25.9
Gilchrist County,2020-07-29,26.55
Glades County,2020-07-29,28.27
Gulf County,2020-07-29,25.45
Hamilton County,2020-07-29,27.04
Hardee County,2020-07-29,27.88
Hendry County,2020-07-29,28.46
Hernando County,2020-07-29,27.42
Highlands County,2020-07-29,28.02
Hillsborough County,2020-07-29,28.12
Holmes County,2020-07-29,26.05
Indian River County,2020-07-29,27.4
Jackson County,2020-07-29,25.87
Jefferson County,2020-07-29,26.73
Lafayette County,2020-07-29,26.85
Lake County,2020-07-29,27.74
Lee County,2020-07-29,29.14
Leon County,2020-07-29,26.38
Levy County,2020-07-29,26.64
Liberty County,2020-07-29,25.64
Madison County,2020-07-29,27.01
Manatee County,2020-07-29,28.09
Marion County,2020-07-29,27.14
Martin County,2020-07-29,28.14
Miami-Dade County,2020-07-29,29.53
Monroe County,2020-07-29,29.91
Nassau County,2020-07-29,28.2
Okaloosa County,2020-07-29,26.29
Okeechobee County,2020-07-29,27.88
Orange County,2020-07-29,27.85
Osceola County,2020-07-29,27.9
Palm Beach County,2020-07-29,28.32
Pasco County,2020-07-29,27.65
Pinellas County,2020-07-29,28.39
Polk County,2020-07-29,28.04
Putnam County,2020-07-29,27.54
St. Johns County,2020-07-29,27.92
St. Lucie County,2020-07-29,27.7
Santa Rosa County,2020-07-29,26.26
Sarasota County,2020-07-29,28.46
Seminole County,2020-07-29,27.82
Sumter County,2020-07-29,27.43
Suwannee County,2020-07-29,26.93
Taylor County,2020-07-29,26.99
Union County,2020-07-29,26.78
Volusia County,2020-07-29,27.57
Wakulla County,2020-07-29,26.35
Walton County,2020-07-29,26.0
Washington County,2020-07-29,25.79
Alachua County,2020-07-30,27.01
Baker County,2020-07-30,26.3
Bay County,2020-07-30,27.47
Bradford County,2020-07-30,26.8
Brevard County,2020-07-30,27.78
Broward County,2020-07-30,29.15
Calhoun County,2020-07-30,27.08
Charlotte County,2020-07-30,29.66
Citrus County,2020-07-30,27.84
Clay County,2020-07-30,27.33
Collier County,2020-07-30,29.33
Columbia County,2020-07-30,26.18
DeSoto County,2020-07-30,29.09
Dixie County,2020-07-30,26.97
Duval County,2020-07-30,27.31
Escambia County,2020-07-30,26.74
Flagler County,2020-07-30,27.79
Franklin County,2020-07-30,27.27
Gadsden County,2020-07-30,26.93
Gilchrist County,2020-07-30,26.66
Glades County,2020-07-30,28.85
Gulf County,2020-07-30,27.15
Hamilton County,2020-07-30,26.3
Hardee County,2020-07-30,28.82
Hendry County,2020-07-30,28.99
Hernando County,2020-07-30,28.05
Highlands County,2020-07-30,28.68
Hillsborough County,2020-07-30,28.84
Holmes County,2020-07-30,26.95
Indian River County,2020-07-30,27.94
Jackson County,2020-07-30,27.19
Jefferson County,2020-07-30,26.97
Lafayette County,2020-07-30,26.68
Lake County,2020-07-30,28.29
Lee County,2020-07-30,29.71
Leon County,2020-07-30,27.01
Levy County,2020-07-30,27.15
Liberty County,2020-07-30,26.91
Madison County,2020-07-30,26.77
Manatee County,2020-07-30,29.0
Marion County,2020-07-30,27.61
Martin County,2020-07-30,28.63
Miami-Dade County,2020-07-30,29.62
Monroe County,2020-07-30,30.06
Nassau County,2020-07-30,26.9
Okaloosa County,2020-07-30,27.01
Okeechobee County,2020-07-30,28.4
Orange County,2020-07-30,28.41
Osceola County,2020-07-30,28.49
Palm Beach County,2020-07-30,28.74
Pasco County,2020-07-30,28.33
Pinellas County,2020-07-30,29.05
Polk County,2020-07-30,28.77
Putnam County,2020-07-30,27.76
St. Johns County,2020-07-30,27.73
St. Lucie County,2020-07-30,28.21
Santa Rosa County,2020-07-30,26.66
Sarasota County,2020-07-30,29.38
Seminole County,2020-07-30,28.35
Sumter County,2020-07-30,27.98
Suwannee County,2020-07-30,26.47
Taylor County,2020-07-30,27.08
Union County,2020-07-30,26.42
Volusia County,2020-07-30,27.91
Wakulla County,2020-07-30,27.13
Walton County,2020-07-30,27.07
Washington County,2020-07-30,27.18
Alachua County,2020-07-31,27.54
Baker County,2020-07-31,26.42
Bay County,2020-07-31,28.89
Bradford County,2020-07-31,27.07
Brevard County,2020-07-31,28.73
Broward County,2020-07-31,29.72
Calhoun County,2020-07-31,28.4
Charlotte County,2020-07-31,29.94
Citrus County,2020-07-31,28.59
Clay County,2020-07-31,27.52
Collier County,2020-07-31,29.65
Columbia County,2020-07-31,26.56
DeSoto County,2020-07-31,29.47
Dixie County,2020-07-31,27.82
Duval County,2020-07-31,27.34
Escambia County,2020-07-31,28.56
Flagler County,2020-07-31,28.49
Franklin County,2020-07-31,28.3
Gadsden County,2020-07-31,28.0
Gilchrist County,2020-07-31,27.42
Glades County,2020-07-31,29.35
Gulf County,2020-07-31,28.35
Hamilton County,2020-07-31,26.81
Hardee County,2020-07-31,29.32
Hendry County,2020-07-31,29.54
Hernando County,2020-07-31,28.76
Highlands County,2020-07-31,29.19
Hillsborough County,2020-07-31,29.29
Holmes County,2020-07-31,28.6
Indian River County,2020-07-31,28.64
Jackson County,2020-07-31,28.62
Jefferson County,2020-07-31,27.81
Lafayette County,2020-07-31,27.53
Lake County,2020-07-31,29.23
Lee County,2020-07-31,29.98
Leon County,2020-07-31,27.97
Levy County,2020-07-31,27.93
Liberty County,2020-07-31,28.05
Madison County,2020-07-31,27.55
Manatee County,2020-07-31,29.36
Marion County,2020-07-31,28.38
Martin County,2020-07-31,29.26
Miami-Dade County,2020-07-31,29.87
Monroe County,2020-07-31,30.1
Nassau County,2020-07-31,26.9
Okaloosa County,2020-07-31,28.69
Okeechobee County,2020-07-31,29.03
Orange County,2020-07-31,29.34
Osceola County,2020-07-31,29.25
Palm Beach County,2020-07-31,29.39
Pasco County,2020-07-31,28.97
Pinellas County,2020-07-31,29.36
Polk County,2020-07-31,29.46
Putnam County,2020-07-31,28.23
St. Johns County,2020-07-31,27.96
St. Lucie County,2020-07-31,28.85
Santa Rosa County,2020-07-31,28.4
Sarasota County,2020-07-31,29.65
Seminole County,2020-07-31,29.39
Sumter County,2020-07-31,28.86
Suwannee County,2020-07-31,27.15
Taylor County,2020-07-31,27.93
Union County,2020-07-31,26.75
Volusia County,2020-07-31,28.97
Wakulla County,2020-07-31,28.07
Walton County,2020-07-31,28.71
Washington County,2020-07-31,28.76
Alachua County,2020-08-01,28.72
Baker County,2020-08-01,28.1
Bay County,2020-08-01,28.64
Bradford County,2020-08-01,28.44
Brevard County,2020-08-01,28.9
Broward County,2020-08-01,29.15
Calhoun County,2020-08-01,28.6
Charlotte County,2020-08-01,30.06
Citrus County,2020-08-01,29.13
Clay County,2020-08-01,28.83
Collier County,2020-08-01,29.59
Columbia County,2020-08-01,27.9
DeSoto County,2020-08-01,29.69
Dixie County,2020-08-01,28.4
Duval County,2020-08-01,28.7
Escambia County,2020-08-01,28.28
Flagler County,2020-08-01,28.79
Franklin County,2020-08-01,28.74
Gadsden County,2020-08-01,28.42
Gilchrist County,2020-08-01,28.38
Glades County,2020-08-01,29.68
Gulf County,2020-08-01,28.53
Hamilton County,2020-08-01,27.49
Hardee County,2020-08-01,29.68
Hendry County,2020-08-01,29.51
Hernando County,2020-08-01,29.35
Highlands County,2020-08-01,29.78
Hillsborough County,2020-08-01,29.77
Holmes County,2020-08-01,28.4
Indian River County,2020-08-01,29.29
Jackson County,2020-08-01,28.64
Jefferson County,2020-08-01,28.26
Lafayette County,2020-08-01,28.17
Lake County,2020-08-01,29.69
Lee County,2020-08-01,30.07
Leon County,2020-08-01,28.43
Levy County,2020-08-01,28.64
Liberty County,2020-08-01,28.63
Madison County,2020-08-01,27.96
Manatee County,2020-08-01,29.72
Marion County,2020-08-01,29.23
Martin County,2020-08-01,29.48
Miami-Dade County,2020-08-01,29.09
Monroe County,2020-08-01,29.75
Nassau County,2020-08-01,28.57
Okaloosa County,2020-08-01,28.44
Okeechobee County,2020-08-01,29.8
Orange County,2020-08-01,29.55
Osceola County,2020-08-01,29.59
Palm Beach County,2020-08-01,29.21
Pasco County,2020-08-01,29.56
Pinellas County,2020-08-01,30.1
Polk County,2020-08-01,29.83
Putnam County,2020-08-01,29.16
St. Johns County,2020-08-01,28.66
St. Lucie County,2020-08-01,29.46
Santa Rosa County,2020-08-01,28.11
Sarasota County,2020-08-01,29.95
Seminole County,2020-08-01,29.52
Sumter County,2020-08-01,29.47
Suwannee County,2020-08-01,27.88
Taylor County,2020-08-01,28.44
Union County,2020-08-01,28.17
Volusia County,2020-08-01,29.02
Wakulla County,2020-08-01,28.56
Walton County,2020-08-01,28.41
Washington County,2020-08-01,28.49
Alachua County,2020-08-02,28.56
Baker County,2020-08-02,27.94
Bay County,2020-08-02,28.2
Bradford County,2020-08-02,28.38
Brevard County,2020-08-02,28.87
Broward County,2020-08-02,28.5
Calhoun County,2020-08-02,28.25
Charlotte County,2020-08-02,29.71
Citrus County,2020-08-02,29.12
Clay County,2020-08-02,28.98
Collier County,2020-08-02,28.7
Columbia County,2020-08-02,27.56
DeSoto County,2020-08-02,29.36
Dixie County,2020-08-02,28.13
Duval County,2020-08-02,28.94
Escambia County,2020-08-02,27.85
Flagler County,2020-08-02,29.25
Franklin County,2020-08-02,28.44
Gadsden County,2020-08-02,28.2
Gilchrist County,2020-08-02,28.0
Glades County,2020-08-02,28.98
Gulf County,2020-08-02,28.18
Hamilton County,2020-08-02,27.07
Hardee County,2020-08-02,29.53
Hendry County,2020-08-02,28.64
Hernando County,2020-08-02,29.41
Highlands County,2020-08-02,29.37
Hillsborough County,2020-08-02,30.02
Holmes County,2020-08-02,28.3
Indian River County,2020-08-02,28.88
Jackson County,2020-08-02,28.46
Jefferson County,2020-08-02,28.09
Lafayette County,2020-08-02,27.77
Lake County,2020-08-02,29.58
Lee County,2020-08-02,29.58
Leon County,2020-08-02,28.27
Levy County,2020-08-02,28.48
Liberty County,2020-08-02,28.3
Madison County,2020-08-02,27.61
Manatee County,2020-08-02,29.65
Marion County,2020-08-02,29.12
Martin County,2020-08-02,28.91
Miami-Dade County,2020-08-02,28.6
Monroe County,2020-08-02,29.09
Nassau County,2020-08-02,28.72
Okaloosa County,2020-08-02,28.0
Okeechobee County,2020-08-02,29.25
Orange County,2020-08-02,29.57
Osceola County,2020-08-02,29.5
Palm Beach County,2020-08-02,28.62
Pasco County,2020-08-02,29.68
Pinellas County,2020-08-02,30.37
Polk County,2020-08-02,29.82
Putnam County,2020-08-02,29.35
St. Johns County,2020-08-02,29.14
St. Lucie County,2020-08-02,28.89
Santa Rosa County,2020-08-02,27.69
Sarasota County,2020-08-02,29.73
Seminole County,2020-08-02,29.6
Sumter County,2020-08-02,29.29
Suwannee County,2020-08-02,27.44
Taylor County,2020-08-02,28.23
Union County,2020-08-02,27.95
Volusia County,2020-08-02,29.28
Wakulla County,2020-08-02,28.45
Walton County,2020-08-02,28.06
Washington County,2020-08-02,28.19
Alachua County,2020-08-03,27.84
Baker County,2020-08-03,27.5
Bay County,2020-08-03,29.05
Bradford County,2020-08-03,27.46
Brevard County,2020-08-03,26.8
Broward County,2020-08-03,28.43
Calhoun County,2020-08-03,28.96
Charlotte County,2020-08-03,28.75
Citrus County,2020-08-03,28.54
Clay County,2020-08-03,27.88
Collier County,2020-08-03,28.68
Columbia County,2020-08-03,27.67
DeSoto County,2020-08-03,28.09
Dixie County,2020-08-03,28.69
Duval County,2020-08-03,28.14
Escambia County,2020-08-03,27.86
Flagler County,2020-08-03,27.88
Franklin County,2020-08-03,29.3
Gadsden County,2020-08-03,28.68
Gilchrist County,2020-08-03,28.16
Glades County,2020-08-03,27.82
Gulf County,2020-08-03,29.1
Hamilton County,2020-08-03,28.04
Hardee County,2020-08-03,28.03
Hendry County,2020-08-03,28.24
Hernando County,2020-08-03,28.65
Highlands County,2020-08-03,27.64
Hillsborough County,2020-08-03,28.81
Holmes County,2020-08-03,28.7
Indian River County,2020-08-03,26.72
Jackson County,2020-08-03,29.08
Jefferson County,2020-08-03,28.87
Lafayette County,2020-08-03,28.6
Lake County,2020-08-03,28.62
Lee County,2020-08-03,28.92
Leon County,2020-08-03,28.83
Levy County,2020-08-03,28.35
Liberty County,2020-08-03,28.95
Madison County,2020-08-03,28.69
Manatee County,2020-08-03,28.65
Marion County,2020-08-03,28.25
Martin County,2020-08-03,27.48
Miami-Dade County,2020-08-03,28.75
Monroe County,2020-08-03,29.25
Nassau County,2020-08-03,28.15
Okaloosa County,2020-08-03,28.09
Okeechobee County,2020-08-03,27.38
Orange County,2020-08-03,28.23
Osceola County,2020-08-03,27.73
Palm Beach County,2020-08-03,28.02
Pasco County,2020-08-03,28.78
Pinellas County,2020-08-03,29.39
Polk County,2020-08-03,28.31
Putnam County,2020-08-03,28.1
St. Johns County,2020-08-03,28.0
St. Lucie County,2020-08-03,26.99
Santa Rosa County,2020-08-03,27.62
Sarasota County,2020-08-03,28.95
Seminole County,2020-08-03,28.26
Sumter County,2020-08-03,28.54
Suwannee County,2020-08-03,28.25
Taylor County,2020-08-03,29.15
Union County,2020-08-03,27.41
Volusia County,2020-08-03,27.85
Wakulla County,2020-08-03,29.1
Walton County,2020-08-03,28.4
Washington County,2020-08-03,28.81
Alachua County,2020-08-04,28.86
Baker County,2020-08-04,28.02
Bay County,2020-08-04,29.73
Bradford County,2020-08-04,28.37
Brevard County,2020-08-04,29.51
Broward County,2020-08-04,29.44
Calhoun County,2020-08-04,29.34
Charlotte County,2020-08-04,29.38
Citrus County,2020-08-04,28.88
Clay County,2020-08-04,28.6
Collier County,2020-08-04,29.37
Columbia County,2020-08-04,28.2
DeSoto County,2020-08-04,29.02
Dixie County,2020-08-04,29.24
Duval County,2020-08-04,28.26
Escambia County,2020-08-04,28.1
Flagler County,2020-08-04,29.06
Franklin County,2020-08-04,29.77
Gadsden County,2020-08-04,28.96
Gilchrist County,2020-08-04,28.92
Glades County,2020-08-04,29.23
Gulf County,2020-08-04,29.63
Hamilton County,2020-08-04,28.19
Hardee County,2020-08-04,29.07
Hendry County,2020-08-04,29.28
Hernando County,2020-08-04,28.76
Highlands County,2020-08-04,29.26
Hillsborough County,2020-08-04,28.99
Holmes County,2020-08-04,29.06
Indian River County,2020-08-04,29.53
Jackson County,2020-08-04,29.28
Jefferson County,2020-08-04,29.15
Lafayette County,2020-08-04,29.05
Lake County,2020-08-04,29.42
Lee County,2020-08-04,29.43
Leon County,2020-08-04,29.15
Levy County,2020-08-04,29.05
Liberty County,2020-08-04,29.31
Madison County,2020-08-04,28.88
Manatee County,2020-08-04,28.89
Marion County,2020-08-04,29.08
Martin County,2020-08-04,29.82
Miami-Dade County,2020-08-04,29.63
Monroe County,2020-08-04,29.85
Nassau County,2020-08-04,27.94
Okaloosa County,2020-08-04,28.63
Okeechobee County,2020-08-04,29.64
Orange County,2020-08-04,29.69
Osceola County,2020-08-04,29.66
Palm Beach County,2020-08-04,29.47
Pasco County,2020-08-04,28.81
Pinellas County,2020-08-04,29.02
Polk County,2020-08-04,29.46
Putnam County,2020-08-04,29.06
St. Johns County,2020-08-04,28.67
St. Lucie County,2020-08-04,29.72
Santa Rosa County,2020-08-04,28.0
Sarasota County,2020-08-04,29.15
Seminole County,2020-08-04,29.79
Sumter County,2020-08-04,28.96
Suwannee County,2020-08-04,28.62
Taylor County,2020-08-04,29.53
Union County,2020-08-04,28.24
Volusia County,2020-08-04,29.46
Wakulla County,2020-08-04,29.5
Walton County,2020-08-04,29.02
Washington County,2020-08-04,29.29
Alachua County,2020-08-05,28.99
Baker County,2020-08-05,28.02
Bay County,2020-08-05,29.34
Bradford County,2020-08-05,28.52
Brevard County,2020-08-05,28.59
Broward County,2020-08-05,29.4
Calhoun County,2020-08-05,29.0
Charlotte County,2020-08-05,29.55
Citrus County,2020-08-05,29.14
Clay County,2020-08-05,28.74
Collier County,2020-08-05,29.36
Columbia County,2020-08-05,28.22
DeSoto County,2020-08-05,29.06
Dixie County,2020-08-05,29.23
Duval County,2020-08-05,28.34
Escambia County,2020-08-05,27.99
Flagler County,2020-08-05,28.72
Franklin County,2020-08-05,29.54
Gadsden County,2020-08-05,28.61
Gilchrist County,2020-08-05,28.96
Glades County,2020-08-05,29.34
Gulf County,2020-08-05,29.33
Hamilton County,2020-08-05,28.08
Hardee County,2020-08-05,28.99
Hendry County,2020-08-05,29.27
Hernando County,2020-08-05,29.06
Highlands County,2020-08-05,29.26
Hillsborough County,2020-08-05,29.17
Holmes County,2020-08-05,28.58
Indian River County,2020-08-05,29.17
Jackson County,2020-08-05,28.87
Jefferson County,2020-08-05,28.87
Lafayette County,2020-08-05,28.99
Lake County,2020-08-05,29.31
Lee County,2020-08-05,29.67
Leon County,2020-08-05,28.77
Levy County,2020-08-05,29.14
Liberty County,2020-08-05,29.04
Madison County,2020-08-05,28.7
Manatee County,2020-08-05,28.95
Marion County,2020-08-05,29.19
Martin County,2020-08-05,29.9
Miami-Dade County,2020-08-05,29.58
Monroe County,2020-08-05,29.98
Nassau County,2020-08-05,27.96
Okaloosa County,2020-08-05,28.32
Okeechobee County,2020-08-05,29.54
Orange County,2020-08-05,29.18
Osceola County,2020-08-05,29.17
Palm Beach County,2020-08-05,29.52
Pasco County,2020-08-05,29.1
Pinellas County,2020-08-05,29.65
Polk County,2020-08-05,29.25
Putnam County,2020-08-05,29.15
St. Johns County,2020-08-05,28.61
St. Lucie County,2020-08-05,29.69
Santa Rosa County,2020-08-05,27.82
Sarasota County,2020-08-05,29.25
Seminole County,2020-08-05,29.19
Sumter County,2020-08-05,29.1
Suwannee County,2020-08-05,28.6
Taylor County,2020-08-05,29.35
Union County,2020-08-05,28.36
Volusia County,2020-08-05,28.8
Wakulla County,2020-08-05,29.16
Walton County,2020-08-05,28.6
Washington County,2020-08-05,28.82
Alachua County,2020-08-06,28.63
Baker County,2020-08-06,27.94
Bay County,2020-08-06,29.04
Bradford County,2020-08-06,28.18
Brevard County,2020-08-06,27.46
Broward County,2020-08-06,28.73
Calhoun County,2020-08-06,28.62
Charlotte County,2020-08-06,28.77
Citrus County,2020-08-06,28.94
Clay County,2020-08-06,28.42
Collier County,2020-08-06,28.92
Columbia County,2020-08-06,28.16
DeSoto County,2020-08-06,28.13
Dixie County,2020-08-06,29.32
Duval County,2020-08-06,28.35
Escambia County,2020-08-06,28.04
Flagler County,2020-08-06,28.3
Franklin County,2020-08-06,29.45
Gadsden County,2020-08-06,28.42
Gilchrist County,2020-08-06,28.82
Glades County,2020-08-06,28.42
Gulf County,2020-08-06,29.08
Hamilton County,2020-08-06,28.12
Hardee County,2020-08-06,27.87
Hendry County,2020-08-06,28.6
Hernando County,2020-08-06,28.74
Highlands County,2020-08-06,28.07
Hillsborough County,2020-08-06,28.55
Holmes County,2020-08-06,28.44
Indian River County,2020-08-06,27.67
Jackson County,2020-08-06,28.61
Jefferson County,2020-08-06,28.99
Lafayette County,2020-08-06,28.98
Lake County,2020-08-06,28.49
Lee County,2020-08-06,28.94
Leon County,2020-08-06,28.82
Levy County,2020-08-06,29.07
Liberty County,2020-08-06,28.73
Madison County,2020-08-06,28.73
Manatee County,2020-08-06,28.17
Marion County,2020-08-06,28.65
Martin County,2020-08-06,28.68
Miami-Dade County,2020-08-06,28.99
Monroe County,2020-08-06,29.65
Nassau County,2020-08-06,28.14
Okaloosa County,2020-08-06,28.26
Okeechobee County,2020-08-06,28.15
Orange County,2020-08-06,28.18
Osceola County,2020-08-06,27.89
Palm Beach County,2020-08-06,28.67
Pasco County,2020-08-06,28.63
Pinellas County,2020-08-06,29.2
Polk County,2020-08-06,28.1
Putnam County,2020-08-06,28.63
St. Johns County,2020-08-06,28.43
St. Lucie County,2020-08-06,28.23
Santa Rosa County,2020-08-06,27.89
Sarasota County,2020-08-06,28.54
Seminole County,2020-08-06,28.3
Sumter County,2020-08-06,28.49
Suwannee County,2020-08-06,28.56
Taylor County,2020-08-06,29.56
Union County,2020-08-06,28.13
Volusia County,2020-08-06,28.14
Wakulla County,2020-08-06,29.33
Walton County,2020-08-06,28.45
Washington County,2020-08-06,28.54
Alachua County,2020-08-07,28.21
Baker County,2020-08-07,27.26
Bay County,2020-08-07,28.99
Bradford County,2020-08-07,27.63
Brevard County,2020-08-07,28.15
Broward County,2020-08-07,28.73
Calhoun County,2020-08-07,28.64
Charlotte County,2020-08-07,28.96
Citrus County,2020-08-07,28.66
Clay County,2020-08-07,27.72
Collier County,2020-08-07,28.96
Columbia County,2020-08-07,27.58
DeSoto County,2020-08-07,28.57
Dixie County,2020-08-07,28.71
Duval County,2020-08-07,27.44
Escambia County,2020-08-07,28.04
Flagler County,2020-08-07,27.62
Franklin County,2020-08-07,28.96
Gadsden County,2020-08-07,28.26
Gilchrist County,2020-08-07,28.36
Glades County,2020-08-07,28.84
Gulf County,2020-08-07,28.87
Hamilton County,2020-08-07,27.54
Hardee County,2020-08-07,28.52
Hendry County,2020-08-07,28.76
Hernando County,2020-08-07,28.67
Highlands County,2020-08-07,28.81
Hillsborough County,2020-08-07,28.69
Holmes County,2020-08-07,28.65
Indian River County,2020-08-07,28.54
Jackson County,2020-08-07,28.74
Jefferson County,2020-08-07,28.53
Lafayette County,2020-08-07,28.52
Lake County,2020-08-07,28.7
Lee County,2020-08-07,29.04
Leon County,2020-08-07,28.45
Levy County,2020-08-07,28.55
Liberty County,2020-08-07,28.56
Madison County,2020-08-07,28.29
Manatee County,2020-08-07,28.37
Marion County,2020-08-07,28.43
Martin County,2020-08-07,29.08
Miami-Dade County,2020-08-07,29.12
Monroe County,2020-08-07,29.79
Nassau County,2020-08-07,27.28
Okaloosa County,2020-08-07,28.42
Okeechobee County,2020-08-07,29.0
Orange County,2020-08-07,28.74
Osceola County,2020-08-07,28.79
Palm Beach County,2020-08-07,28.8
Pasco County,2020-08-07,28.69
Pinellas County,2020-08-07,28.78
Polk County,2020-08-07,28.88
Putnam County,2020-08-07,28.06
St. Johns County,2020-08-07,27.41
St. Lucie County,2020-08-07,28.87
Santa Rosa County,2020-08-07,27.97
Sarasota County,2020-08-07,28.61
Seminole County,2020-08-07,28.65
Sumter County,2020-08-07,28.66
Suwannee County,2020-08-07,28.07
Taylor County,2020-08-07,28.95
Union County,2020-08-07,27.6
Volusia County,2020-08-07,28.04
Wakulla County,2020-08-07,28.79
Walton County,2020-08-07,28.61
Washington County,2020-08-07,28.74
Alachua County,2020-08-08,27.4
Baker County,2020-08-08,26.77
Bay County,2020-08-08,28.51
Bradford County,2020-08-08,26.99
Brevard County,2020-08-08,27.92
Broward County,2020-08-08,29.51
Calhoun County,2020-08-08,28.08
Charlotte County,2020-08-08,29.09
Citrus County,2020-08-08,28.17
Clay County,2020-08-08,27.14
Collier County,2020-08-08,29.27
Columbia County,2020-08-08,26.79
DeSoto County,2020-08-08,28.71
Dixie County,2020-08-08,27.22
Duval County,2020-08-08,26.99
Escambia County,2020-08-08,27.78
Flagler County,2020-08-08,26.89
Franklin County,2020-08-08,27.89
Gadsden County,2020-08-08,27.33
Gilchrist County,2020-08-08,27.15
Glades County,2020-08-08,28.96
Gulf County,2020-08-08,28.11
Hamilton County,2020-08-08,26.67
Hardee County,2020-08-08,28.72
Hendry County,2020-08-08,29.11
Hernando County,2020-08-08,28.54
Highlands County,2020-08-08,28.84
Hillsborough County,2020-08-08,28.95
Holmes County,2020-08-08,28.6
Indian River County,2020-08-08,28.48
Jackson County,2020-08-08,28.33
Jefferson County,2020-08-08,27.17
Lafayette County,2020-08-08,27.02
Lake County,2020-08-08,28.64
Lee County,2020-08-08,29.19
Leon County,2020-08-08,27.23
Levy County,2020-08-08,27.49
Liberty County,2020-08-08,27.74
Madison County,2020-08-08,27.01
Manatee County,2020-08-08,28.72
Marion County,2020-08-08,27.92
Martin County,2020-08-08,29.28
Miami-Dade County,2020-08-08,29.75
Monroe County,2020-08-08,30.1
Nassau County,2020-08-08,27.07
Okaloosa County,2020-08-08,28.14
Okeechobee County,2020-08-08,29.01
Orange County,2020-08-08,28.77
Osceola County,2020-08-08,28.84
Palm Beach County,2020-08-08,29.38
Pasco County,2020-08-08,28.83
Pinellas County,2020-08-08,29.2
Polk County,2020-08-08,29.05
Putnam County,2020-08-08,27.46
St. Johns County,2020-08-08,26.64
St. Lucie County,2020-08-08,28.89
Santa Rosa County,2020-08-08,27.61
Sarasota County,2020-08-08,28.91
Seminole County,2020-08-08,28.58
Sumter County,2020-08-08,28.52
Suwannee County,2020-08-08,26.85
Taylor County,2020-08-08,27.3
Union County,2020-08-08,26.87
Volusia County,2020-08-08,27.59
Wakulla County,2020-08-08,27.42
Walton County,2020-08-08,28.39
Washington County,2020-08-08,28.53
Alachua County,2020-08-09,27.26
Baker County,2020-08-09,26.63
Bay County,2020-08-09,28.68
Bradford County,2020-08-09,26.84
Brevard County,2020-08-09,28.45
Broward County,2020-08-09,29.52
Calhoun County,2020-08-09,28.61
Charlotte County,2020-08-09,29.59
Citrus County,2020-08-09,28.18
Clay County,2020-08-09,27.23
Collier County,2020-08-09,29.53
Columbia County,2020-08-09,26.57
DeSoto County,2020-08-09,29.21
Dixie County,2020-08-09,27.45
Duval County,2020-08-09,27.29
Escambia County,2020-08-09,28.28
Flagler County,2020-08-09,27.52
Franklin County,2020-08-09,28.3
Gadsden County,2020-08-09,28.23
Gilchrist County,2020-08-09,27.14
Glades County,2020-08-09,29.13
Gulf County,2020-08-09,28.37
Hamilton County,2020-08-09,26.54
Hardee County,2020-08-09,29.11
Hendry County,2020-08-09,29.18
Hernando County,2020-08-09,28.52
Highlands County,2020-08-09,29.14
Hillsborough County,2020-08-09,29.17
Holmes County,2020-08-09,28.88
Indian River County,2020-08-09,28.78
Jackson County,2020-08-09,28.93
Jefferson County,2020-08-09,27.82
Lafayette County,2020-08-09,27.15
Lake County,2020-08-09,28.72
Lee County,2020-08-09,29.59
Leon County,2020-08-09,28.07
Levy County,2020-08-09,27.6
Liberty County,2020-08-09,28.37
Madison County,2020-08-09,27.3
Manatee County,2020-08-09,29.17
Marion County,2020-08-09,27.92
Martin County,2020-08-09,29.26
Miami-Dade County,2020-08-09,30.06
Monroe County,2020-08-09,30.45
Nassau County,2020-08-09,27.3
Okaloosa County,2020-08-09,28.51
Okeechobee County,2020-08-09,29.17
Orange County,2020-08-09,29.01
Osceola County,2020-08-09,29.11
Palm Beach County,2020-08-09,29.28
Pasco County,2020-08-09,28.82
Pinellas County,2020-08-09,29.23
Polk County,2020-08-09,29.24
Putnam County,2020-08-09,27.62
St. Johns County,2020-08-09,27.17
St. Lucie County,2020-08-09,29.02
Santa Rosa County,2020-08-09,28.13
Sarasota County,2020-08-09,29.47
Seminole County,2020-08-09,28.91
Sumter County,2020-08-09,28.46
Suwannee County,2020-08-09,26.78
Taylor County,2020-08-09,27.74
Union County,2020-08-09,26.64
Volusia County,2020-08-09,28.16
Wakulla County,2020-08-09,28.17
Walton County,2020-08-09,28.65
Washington County,2020-08-09,28.8
Alachua County,2020-08-10,28.45
Baker County,2020-08-10,27.86
Bay County,2020-08-10,28.89
Bradford County,2020-08-10,28.06
Brevard County,2020-08-10,28.45
Broward County,2020-08-10,29.21
Calhoun County,2020-08-10,28.9
Charlotte County,2020-08-10,29.45
Citrus County,2020-08-10,28.75
Clay County,2020-08-10,28.17
Collier County,2020-08-10,28.99
Columbia County,2020-08-10,28.03
DeSoto County,2020-08-10,29.14
Dixie County,2020-08-10,28.68
Duval County,2020-08-10,27.93
Escambia County,2020-08-10,28.59
Flagler County,2020-08-10,27.89
Franklin County,2020-08-10,28.77
Gadsden County,2020-08-10,28.73
Gilchrist County,2020-08-10,28.48
Glades County,2020-08-10,28.79
Gulf County,2020-08-10,28.75
Hamilton County,2020-08-10,28.0
Hardee County,2020-08-10,29.13
Hendry County,2020-08-10,28.68
Hernando County,2020-08-10,28.88
Highlands County,2020-08-10,28.97
Hillsborough County,2020-08-10,29.4
Holmes County,2020-08-10,28.89
Indian River County,2020-08-10,28.7
Jackson County,2020-08-10,29.22
Jefferson County,2020-08-10,28.73
Lafayette County,2020-08-10,28.6
Lake County,2020-08-10,28.82
Lee County,2020-08-10,29.25
Leon County,2020-08-10,28.73
Levy County,2020-08-10,28.61
Liberty County,2020-08-10,28.74
Madison County,2020-08-10,28.52
Manatee County,2020-08-10,29.31
Marion County,2020-08-10,28.55
Martin County,2020-08-10,29.07
Miami-Dade County,2020-08-10,29.84
Monroe County,2020-08-10,30.19
Nassau County,2020-08-10,27.87
Okaloosa County,2020-08-10,28.59
Okeechobee County,2020-08-10,28.97
Orange County,2020-08-10,28.94
Osceola County,2020-08-10,29.04
Palm Beach County,2020-08-10,29.02
Pasco County,2020-08-10,29.07
Pinellas County,2020-08-10,29.35
Polk County,2020-08-10,29.27
Putnam County,2020-08-10,28.37
St. Johns County,2020-08-10,27.75
St. Lucie County,2020-08-10,28.87
Santa Rosa County,2020-08-10,28.29
Sarasota County,2020-08-10,29.53
Seminole County,2020-08-10,28.84
Sumter County,2020-08-10,28.74
Suwannee County,2020-08-10,28.33
Taylor County,2020-08-10,28.94
Union County,2020-08-10,28.01
Volusia County,2020-08-10,28.25
Wakulla County,2020-08-10,28.83
Walton County,2020-08-10,28.73
Washington County,2020-08-10,28.9
Alachua County,2020-08-11,28.52
Baker County,2020-08-11,27.68
Bay County,2020-08-11,28.62
Bradford County,2020-08-11,28.05
Brevard County,2020-08-11,28.56
Broward County,2020-08-11,29.42
Calhoun County,2020-08-11,28.57
Charlotte County,2020-08-11,29.23
Citrus County,2020-08-11,28.85
Clay County,2020-08-11,28.25
Collier County,2020-08-11,29.24
Columbia County,2020-08-11,27.89
DeSoto County,2020-08-11,28.81
Dixie County,2020-08-11,29.04
Duval County,2020-08-11,28.12
Escambia County,2020-08-11,29.02
Flagler County,2020-08-11,28.25
Franklin County,2020-08-11,28.77
Gadsden County,2020-08-11,28.4
Gilchrist County,2020-08-11,28.71
Glades County,2020-08-11,28.79
Gulf County,2020-08-11,28.6
Hamilton County,2020-08-11,27.64
Hardee County,2020-08-11,28.77
Hendry County,2020-08-11,28.86
Hernando County,2020-08-11,28.84
Highlands County,2020-08-11,28.79
Hillsborough County,2020-08-11,29.14
Holmes County,2020-08-11,28.69
Indian River County,2020-08-11,28.74
Jackson County,2020-08-11,28.72
Jefferson County,2020-08-11,28.57
Lafayette County,2020-08-11,28.73
Lake County,2020-08-11,28.7
Lee County,2020-08-11,29.28
Leon County,2020-08-11,28.55
Levy County,2020-08-11,28.92
Liberty County,2020-08-11,28.56
Madison County,2020-08-11,28.32
Manatee County,2020-08-11,28.82
Marion County,2020-08-11,28.57
Martin County,2020-08-11,29.33
Miami-Dade County,2020-08-11,29.91
Monroe County,2020-08-11,30.44
Nassau County,2020-08-11,27.83
Okaloosa County,2020-08-11,28.82
Okeechobee County,2020-08-11,28.94
Orange County,2020-08-11,28.85
Osceola County,2020-08-11,28.89
Palm Beach County,2020-08-11,29.26
Pasco County,2020-08-11,28.93
Pinellas County,2020-08-11,29.36
Polk County,2020-08-11,29.02
Putnam County,2020-08-11,28.45
St. Johns County,2020-08-11,28.21
St. Lucie County,2020-08-11,29.07
Santa Rosa County,2020-08-11,28.66
Sarasota County,2020-08-11,29.01
Seminole County,2020-08-11,28.8
Sumter County,2020-08-11,28.6
Suwannee County,2020-08-11,28.26
Taylor County,2020-08-11,29.06
Union County,2020-08-11,27.97
Volusia County,2020-08-11,28.44
Wakulla County,2020-08-11,28.79
Walton County,2020-08-11,28.71
Washington County,2020-08-11,28.62
Alachua County,2020-08-12,27.72
Baker County,2020-08-12,27.15
Bay County,2020-08-12,27.8
Bradford County,2020-08-12,27.43
Brevard County,2020-08-12,27.99
Broward County,2020-08-12,29.31
Calhoun County,2020-08-12,27.75
Charlotte County,2020-08-12,28.91
Citrus County,2020-08-12,28.25
Clay County,2020-08-12,27.75
Collier County,2020-08-12,29.05
Columbia County,2020-08-12,27.12
DeSoto County,2020-08-12,28.58
Dixie County,2020-08-12,27.34
Duval County,2020-08-12,27.51
Escambia County,2020-08-12,27.75
Flagler County,2020-08-12,27.87
Franklin County,2020-08-12,27.67
Gadsden County,2020-08-12,27.18
Gilchrist County,2020-08-12,27.36
Glades County,2020-08-12,28.64
Gulf County,2020-08-12,27.71
Hamilton County,2020-08-12,27.03
Hardee County,2020-08-12,28.64
Hendry County,2020-08-12,28.75
Hernando County,2020-08-12,28.56
Highlands County,2020-08-12,28.65
Hillsborough County,2020-08-12,28.94
Holmes County,2020-08-12,28.01
Indian River County,2020-08-12,28.26
Jackson County,2020-08-12,27.85
Jefferson County,2020-08-12,27.19
Lafayette County,2020-08-12,27.29
Lake County,2020-08-12,28.88
Lee County,2020-08-12,28.96
Leon County,2020-08-12,27.2
Levy County,2020-08-12,27.58
Liberty County,2020-08-12,27.63
Madison County,2020-08-12,27.21
Manatee County,2020-08-12,28.64
Marion County,2020-08-12,28.27
Martin County,2020-08-12,28.92
Miami-Dade County,2020-08-12,30.02
Monroe County,2020-08-12,30.11
Nassau County,2020-08-12,27.32
Okaloosa County,2020-08-12,27.83
Okeechobee County,2020-08-12,28.67
Orange County,2020-08-12,28.82
Osceola County,2020-08-12,28.68
Palm Beach County,2020-08-12,28.9
Pasco County,2020-08-12,28.8
Pinellas County,2020-08-12,29.13
Polk County,2020-08-12,28.98
Putnam County,2020-08-12,28.15
St. Johns County,2020-08-12,27.62
St. Lucie County,2020-08-12,28.64
Santa Rosa County,2020-08-12,27.49
Sarasota County,2020-08-12,28.75
Seminole County,2020-08-12,28.76
Sumter County,2020-08-12,28.66
Suwannee County,2020-08-12,27.2
Taylor County,2020-08-12,27.45
Union County,2020-08-12,27.22
Volusia County,2020-08-12,28.2
Wakulla County,2020-08-12,27.4
Walton County,2020-08-12,27.84
Washington County,2020-08-12,27.93
Alachua County,2020-08-13,27.28
Baker County,2020-08-13,26.6
Bay County,2020-08-13,28.32
Bradford County,2020-08-13,26.89
Brevard County,2020-08-13,28.38
Broward County,2020-08-13,29.21
Calhoun County,2020-08-13,28.21
Charlotte County,2020-08-13,29.18
Citrus County,2020-08-13,28.06
Clay County,2020-08-13,27.38
Collier County,2020-08-13,28.92
Columbia County,2020-08-13,26.63
DeSoto County,2020-08-13,28.72
Dixie County,2020-08-13,27.53
Duval County,2020-08-13,27.41
Escambia County,2020-08-13,27.87
Flagler County,2020-08-13,27.83
Franklin County,2020-08-13,28.16
Gadsden County,2020-08-13,27.63
Gilchrist County,2020-08-13,27.18
Glades County,2020-08-13,28.73
Gulf County,2020-08-13,28.26
Hamilton County,2020-08-13,26.8
Hardee County,2020-08-13,28.67
Hendry County,2020-08-13,28.64
Hernando County,2020-08-13,28.3
Highlands County,2020-08-13,28.78
Hillsborough County,2020-08-13,28.79
Holmes County,2020-08-13,28.11
Indian River County,2020-08-13,28.66
Jackson County,2020-08-13,28.29
Jefferson County,2020-08-13,27.54
Lafayette County,2020-08-13,27.32
Lake County,2020-08-13,28.6
Lee County,2020-08-13,29.22
Leon County,2020-08-13,27.57
Levy County,2020-08-13,27.58
Liberty County,2020-08-13,28.02
Madison County,2020-08-13,27.36
Manatee County,2020-08-13,28.65
Marion County,2020-08-13,27.9
Martin County,2020-08-13,29.29
Miami-Dade County,2020-08-13,29.61
Monroe County,2020-08-13,29.96
Nassau County,2020-08-13,27.27
Okaloosa County,2020-08-13,27.79
Okeechobee County,2020-08-13,28.93
Orange County,2020-08-13,28.89
Osceola County,2020-08-13,28.93
Palm Beach County,2020-08-13,29.13
Pasco County,2020-08-13,28.53
Pinellas County,2020-08-13,28.96
Polk County,2020-08-13,28.96
Putnam County,2020-08-13,27.82
St. Johns County,2020-08-13,27.54
St. Lucie County,2020-08-13,29.0
Santa Rosa County,2020-08-13,27.54
Sarasota County,2020-08-13,28.98
Seminole County,2020-08-13,28.85
Sumter County,2020-08-13,28.25
Suwannee County,2020-08-13,27.02
Taylor County,2020-08-13,27.77
Union County,2020-08-13,26.64
Volusia County,2020-08-13,28.25
Wakulla County,2020-08-13,27.83
Walton County,2020-08-13,27.95
Washington County,2020-08-13,28.21
Alachua County,2020-08-14,28.03
Baker County,2020-08-14,27.41
Bay County,2020-08-14,28.19
Bradford County,2020-08-14,27.69
Brevard County,2020-08-14,28.72
Broward County,2020-08-14,29.64
Calhoun County,2020-08-14,28.21
Charlotte County,2020-08-14,29.28
Citrus County,2020-08-14,28.59
Clay County,2020-08-14,28.02
Collier County,2020-08-14,29.3
Columbia County,2020-08-14,27.45
DeSoto County,2020-08-14,28.85
Dixie County,2020-08-14,28.32
Duval County,2020-08-14,28.01
Escambia County,2020-08-14,27.76
Flagler County,2020-08-14,28.04
Franklin County,2020-08-14,28.21
Gadsden County,2020-08-14,28.06
Gilchrist County,2020-08-14,28.0
Glades County,2020-08-14,28.6
Gulf County,2020-08-14,28.07
Hamilton County,2020-08-14,27.28
Hardee County,2020-08-14,28.89
Hendry County,2020-08-14,28.71
Hernando County,2020-08-14,28.71
Highlands County,2020-08-14,28.79
Hillsborough County,2020-08-14,29.29
Holmes County,2020-08-14,28.43
Indian River County,2020-08-14,28.89
Jackson County,2020-08-14,28.57
Jefferson County,2020-08-14,28.17
Lafayette County,2020-08-14,27.98
Lake County,2020-08-14,28.42
Lee County,2020-08-14,29.27
Leon County,2020-08-14,28.17
Levy County,2020-08-14,28.37
Liberty County,2020-08-14,28.08
Madison County,2020-08-14,27.84
Manatee County,2020-08-14,29.05
Marion County,2020-08-14,28.16
Martin County,2020-08-14,29.47
Miami-Dade County,2020-08-14,30.12
Monroe County,2020-08-14,30.54
Nassau County,2020-08-14,27.67
Okaloosa County,2020-08-14,28.02
Okeechobee County,2020-08-14,28.94
Orange County,2020-08-14,28.73
Osceola County,2020-08-14,28.94
Palm Beach County,2020-08-14,29.34
Pasco County,2020-08-14,28.9
Pinellas County,2020-08-14,29.59
Polk County,2020-08-14,29.08
Putnam County,2020-08-14,28.16
St. Johns County,2020-08-14,28.13
St. Lucie County,2020-08-14,29.22
Santa Rosa County,2020-08-14,27.62
Sarasota County,2020-08-14,29.3
Seminole County,2020-08-14,28.58
Sumter County,2020-08-14,28.36
Suwannee County,2020-08-14,27.65
Taylor County,2020-08-14,28.44
Union County,2020-08-14,27.54
Volusia County,2020-08-14,28.2
Wakulla County,2020-08-14,28.32
Walton County,2020-08-14,28.17
Washington County,2020-08-14,28.35
Alachua County,2020-08-15,28.18
Baker County,2020-08-15,27.29
Bay County,2020-08-15,27.63
Bradford County,2020-08-15,27.77
Brevard County,2020-08-15,28.95
Broward County,2020-08-15,29.31
Calhoun County,2020-08-15,27.5
Charlotte County,2020-08-15,29.32
Citrus County,2020-08-15,29.09
Clay County,2020-08-15,28.25
Collier County,2020-08-15,29.32
Columbia County,2020-08-15,27.19
DeSoto County,2020-08-15,29.04
Dixie County,2020-08-15,28.22
Duval County,2020-08-15,28.23
Escambia County,2020-08-15,27.54
Flagler County,2020-08-15,28.5
Franklin County,2020-08-15,27.73
Gadsden County,2020-08-15,27.29
Gilchrist County,2020-08-15,27.98
Glades County,2020-08-15,28.67
Gulf County,2020-08-15,27.64
Hamilton County,2020-08-15,26.77
Hardee County,2020-08-15,29.21
Hendry County,2020-08-15,28.67
Hernando County,2020-08-15,29.29
Highlands County,2020-08-15,29.05
Hillsborough County,2020-08-15,29.66
Holmes County,2020-08-15,27.38
Indian River County,2020-08-15,29.1
Jackson County,2020-08-15,27.56
Jefferson County,2020-08-15,27.49
Lafayette County,2020-08-15,27.75
Lake County,2020-08-15,29.27
Lee County,2020-08-15,29.28
Leon County,2020-08-15,27.44
Levy County,2020-08-15,28.54
Liberty County,2020-08-15,27.49
Madison County,2020-08-15,27.26
Manatee County,2020-08-15,29.2
Marion County,2020-08-15,28.75
Martin County,2020-08-15,29.34
Miami-Dade County,2020-08-15,30.02
Monroe County,2020-08-15,30.62
Nassau County,2020-08-15,27.9
Okaloosa County,2020-08-15,27.56
Okeechobee County,2020-08-15,29.12
Orange County,2020-08-15,29.47
Osceola County,2020-08-15,29.46
Palm Beach County,2020-08-15,29.01
Pasco County,2020-08-15,29.45
Pinellas County,2020-08-15,29.55
Polk County,2020-08-15,29.64
Putnam County,2020-08-15,28.6
St. Johns County,2020-08-15,28.33
St. Lucie County,2020-08-15,29.27
Santa Rosa County,2020-08-15,27.32
Sarasota County,2020-08-15,29.3
Seminole County,2020-08-15,29.38
Sumter County,2020-08-15,29.14
Suwannee County,2020-08-15,27.32
Taylor County,2020-08-15,28.01
Union County,2020-08-15,27.47
Volusia County,2020-08-15,28.82
Wakulla County,2020-08-15,27.72
Walton County,2020-08-15,27.52
Washington County,2020-08-15,27.49
Alachua County,2020-08-16,27.58
Baker County,2020-08-16,26.87
Bay County,2020-08-16,27.94
Bradford County,2020-08-16,27.17
Brevard County,2020-08-16,28.91
Broward County,2020-08-16,28.92
Calhoun County,2020-08-16,27.7
Charlotte County,2020-08-16,29.19
Citrus County,2020-08-16,28.64
Clay County,2020-08-16,27.62
Collier County,2020-08-16,28.9
Columbia County,2020-08-16,26.85
DeSoto County,2020-08-16,28.88
Dixie County,2020-08-16,27.89
Duval County,2020-08-16,27.74
Escambia County,2020-08-16,27.17
Flagler County,2020-08-16,28.2
Franklin County,2020-08-16,28.02
Gadsden County,2020-08-16,27.51
Gilchrist County,2020-08-16,27.5
Glades County,2020-08-16,28.76
Gulf County,2020-08-16,27.74
Hamilton County,2020-08-16,26.72
Hardee County,2020-08-16,29.0
Hendry County,2020-08-16,28.69
Hernando County,2020-08-16,28.89
Highlands County,2020-08-16,29.02
Hillsborough County,2020-08-16,29.24
Holmes County,2020-08-16,27.82
Indian River County,2020-08-16,29.04
Jackson County,2020-08-16,27.77
Jefferson County,2020-08-16,27.68
Lafayette County,2020-08-16,27.55
Lake County,2020-08-16,29.05
Lee County,2020-08-16,29.15
Leon County,2020-08-16,27.69
Levy County,2020-08-16,28.01
Liberty County,2020-08-16,27.71
Madison County,2020-08-16,27.37
Manatee County,2020-08-16,28.92
Marion County,2020-08-16,28.29
Martin County,2020-08-16,29.48
Miami-Dade County,2020-08-16,28.98
Monroe County,2020-08-16,29.63
Nassau County,2020-08-16,27.58
Okaloosa County,2020-08-16,27.82
Okeechobee County,2020-08-16,29.17
Orange County,2020-08-16,29.28
Osceola County,2020-08-16,29.28
Palm Beach County,2020-08-16,29.1
Pasco County,2020-08-16,29.05
Pinellas County,2020-08-16,29.41
Polk County,2020-08-16,29.38
Putnam County,2020-08-16,28.05
St. Johns County,2020-08-16,27.93
St. Lucie County,2020-08-16,29.32
Santa Rosa County,2020-08-16,27.25
Sarasota County,2020-08-16,29.11
Seminole County,2020-08-16,29.2
Sumter County,2020-08-16,28.83
Suwannee County,2020-08-16,27.13
Taylor County,2020-08-16,28.04
Union County,2020-08-16,26.95
Volusia County,2020-08-16,28.67
Wakulla County,2020-08-16,27.99
Walton County,2020-08-16,27.92
Washington County,2020-08-16,27.82
Alachua County,2020-08-17,28.43
Baker County,2020-08-17,27.9
Bay County,2020-08-17,29.15
Bradford County,2020-08-17,28.16
Brevard County,2020-08-17,29.32
Broward County,2020-08-17,29.44
Calhoun County,2020-08-17,28.29
Charlotte County,2020-08-17,29.09
Citrus County,2020-08-17,28.99
Clay County,2020-08-17,28.7
Collier County,2020-08-17,29.26
Columbia County,2020-08-17,27.83
DeSoto County,2020-08-17,28.37
Dixie County,2020-08-17,28.87
Duval County,2020-08-17,28.97
Escambia County,2020-08-17,28.27
Flagler County,2020-08-17,29.25
Franklin County,2020-08-17,29.22
Gadsden County,2020-08-17,28.03
Gilchrist County,2020-08-17,28.34
Glades County,2020-08-17,28.53
Gulf County,2020-08-17,28.94
Hamilton County,2020-08-17,27.67
Hardee County,2020-08-17,28.34
Hendry County,2020-08-17,28.7
Hernando County,2020-08-17,28.92
Highlands County,2020-08-17,28.47
Hillsborough County,2020-08-17,28.98
Holmes County,2020-08-17,28.17
Indian River County,2020-08-17,29.24
Jackson County,2020-08-17,28.21
Jefferson County,2020-08-17,28.6
Lafayette County,2020-08-17,28.47
Lake County,2020-08-17,29.19
Lee County,2020-08-17,29.35
Leon County,2020-08-17,28.46
Levy County,2020-08-17,28.77
Liberty County,2020-08-17,28.29
Madison County,2020-08-17,28.24
Manatee County,2020-08-17,28.49
Marion County,2020-08-17,28.8
Martin County,2020-08-17,29.67
Miami-Dade County,2020-08-17,29.58
Monroe County,2020-08-17,30.07
Nassau County,2020-08-17,28.62
Okaloosa County,2020-08-17,28.55
Okeechobee County,2020-08-17,29.01
Orange County,2020-08-17,29.44
Osceola County,2020-08-17,29.25
Palm Beach County,2020-08-17,29.37
Pasco County,2020-08-17,28.87
Pinellas County,2020-08-17,29.3
Polk County,2020-08-17,28.98
Putnam County,2020-08-17,28.96
St. Johns County,2020-08-17,29.25
St. Lucie County,2020-08-17,29.51
Santa Rosa County,2020-08-17,28.19
Sarasota County,2020-08-17,28.87
Seminole County,2020-08-17,29.56
Sumter County,2020-08-17,28.84
Suwannee County,2020-08-17,28.08
Taylor County,2020-08-17,29.15
Union County,2020-08-17,27.92
Volusia County,2020-08-17,29.38
Wakulla County,2020-08-17,29.01
Walton County,2020-08-17,28.63
Washington County,2020-08-17,28.41
Alachua County,2020-08-18,27.85
Baker County,2020-08-18,27.55
Bay County,2020-08-18,29.16
Bradford County,2020-08-18,27.6
Brevard County,2020-08-18,28.05
Broward County,2020-08-18,29.29
Calhoun County,2020-08-18,28.78
Charlotte County,2020-08-18,28.78
Citrus County,2020-08-18,27.85
Clay County,2020-08-18,27.85
Collier County,2020-08-18,28.92
Columbia County,2020-08-18,27.63
DeSoto County,2020-08-18,28.36
Dixie County,2020-08-18,28.09
Duval County,2020-08-18,27.8
Escambia County,2020-08-18,28.31
Flagler County,2020-08-18,27.68
Franklin County,2020-08-18,28.74
Gadsden County,2020-08-18,28.25
Gilchrist County,2020-08-18,27.93
Glades County,2020-08-18,28.3
Gulf County,2020-08-18,28.89
Hamilton County,2020-08-18,27.53
Hardee County,2020-08-18,28.38
Hendry County,2020-08-18,28.51
Hernando County,2020-08-18,27.94
Highlands County,2020-08-18,28.34
Hillsborough County,2020-08-18,28.38
Holmes County,2020-08-18,28.86
Indian River County,2020-08-18,28.28
Jackson County,2020-08-18,28.88
Jefferson County,2020-08-18,28.23
Lafayette County,2020-08-18,28.12
Lake County,2020-08-18,28.27
Lee County,2020-08-18,28.89
Leon County,2020-08-18,28.3
Levy County,2020-08-18,27.85
Liberty County,2020-08-18,28.55
Madison County,2020-08-18,28.01
Manatee County,2020-08-18,28.34
Marion County,2020-08-18,27.89
Martin County,2020-08-18,28.88
Miami-Dade County,2020-08-18,29.55
Monroe County,2020-08-18,29.62
Nassau County,2020-08-18,27.7
Okaloosa County,2020-08-18,28.65
Okeechobee County,2020-08-18,28.56
Orange County,2020-08-18,28.52
Osceola County,2020-08-18,28.64
Palm Beach County,2020-08-18,29.0
Pasco County,2020-08-18,28.13
Pinellas County,2020-08-18,28.31
Polk County,2020-08-18,28.69
Putnam County,2020-08-18,27.95
St. Johns County,2020-08-18,27.67
St. Lucie County,2020-08-18,28.54
Santa Rosa County,2020-08-18,28.15
Sarasota County,2020-08-18,28.64
Seminole County,2020-08-18,28.42
Sumter County,2020-08-18,28.01
Suwannee County,2020-08-18,27.86
Taylor County,2020-08-18,28.45
Union County,2020-08-18,27.57
Volusia County,2020-08-18,27.92
Wakulla County,2020-08-18,28.49
Walton County,2020-08-18,28.88
Washington County,2020-08-18,29.0
Alachua County,2020-08-19,27.28
Baker County,2020-08-19,26.84
Bay County,2020-08-19,27.74
Bradford County,2020-08-19,26.98
Brevard County,2020-08-19,27.69
Broward County,2020-08-19,29.4
Calhoun County,2020-08-19,27.41
Charlotte County,2020-08-19,28.49
Citrus County,2020-08-19,27.74
Clay County,2020-08-19,27.25
Collier County,2020-08-19,28.48
Columbia County,2020-08-19,26.88
DeSoto County,2020-08-19,28.1
Dixie County,2020-08-19,27.37
Duval County,2020-08-19,27.23
Escambia County,2020-08-19,28.3
Flagler County,2020-08-19,26.97
Franklin County,2020-08-19,27.4
Gadsden County,2020-08-19,27.17
Gilchrist County,2020-08-19,27.22
Glades County,2020-08-19,27.98
Gulf County,2020-08-19,27.4
Hamilton County,2020-08-19,26.84
Hardee County,2020-08-19,28.15
Hendry County,2020-08-19,28.14
Hernando County,2020-08-19,27.97
Highlands County,2020-08-19,28.15
Hillsborough County,2020-08-19,28.35
Holmes County,2020-08-19,27.89
Indian River County,2020-08-19,28.19
Jackson County,2020-08-19,27.77
Jefferson County,2020-08-19,27.41
Lafayette County,2020-08-19,27.28
Lake County,2020-08-19,27.96
Lee County,2020-08-19,28.49
Leon County,2020-08-19,27.34
Levy County,2020-08-19,27.39
Liberty County,2020-08-19,27.18
Madison County,2020-08-19,27.26
Manatee County,2020-08-19,28.24
Marion County,2020-08-19,27.53
Martin County,2020-08-19,28.98
Miami-Dade County,2020-08-19,29.65
Monroe County,2020-08-19,29.43
Nassau County,2020-08-19,27.09
Okaloosa County,2020-08-19,28.05
Okeechobee County,2020-08-19,28.42
Orange County,2020-08-19,28.11
Osceola County,2020-08-19,28.28
Palm Beach County,2020-08-19,29.09
Pasco County,2020-08-19,28.18
Pinellas County,2020-08-19,28.59
Polk County,2020-08-19,28.4
Putnam County,2020-08-19,27.38
St. Johns County,2020-08-19,27.02
St. Lucie County,2020-08-19,28.59
Santa Rosa County,2020-08-19,27.94
Sarasota County,2020-08-19,28.51
Seminole County,2020-08-19,27.95
Sumter County,2020-08-19,27.87
Suwannee County,2020-08-19,27.08
Taylor County,2020-08-19,27.59
Union County,2020-08-19,26.88
Volusia County,2020-08-19,27.26
Wakulla County,2020-08-19,27.38
Walton County,2020-08-19,27.91
Washington County,2020-08-19,27.82
Alachua County,2020-08-20,26.74
Baker County,2020-08-20,26.0
Bay County,2020-08-20,27.05
Bradford County,2020-08-20,26.32
Brevard County,2020-08-20,27.24
Broward County,2020-08-20,28.86
Calhoun County,2020-08-20,26.73
Charlotte County,2020-08-20,27.48
Citrus County,2020-08-20,27.2
Clay County,2020-08-20,26.68
Collier County,2020-08-20,28.37
Columbia County,2020-08-20,26.07
DeSoto County,2020-08-20,26.68
Dixie County,2020-08-20,26.97
Duval County,2020-08-20,26.63
Escambia County,2020-08-20,26.79
Flagler County,2020-08-20,27.07
Franklin County,2020-08-20,27.04
Gadsden County,2020-08-20,26.24
Gilchrist County,2020-08-20,26.72
Glades County,2020-08-20,27.25
Gulf County,2020-08-20,26.97
Hamilton County,2020-08-20,25.95
Hardee County,2020-08-20,26.35
Hendry County,2020-08-20,27.87
Hernando County,2020-08-20,27.07
Highlands County,2020-08-20,26.71
Hillsborough County,2020-08-20,26.85
Holmes County,2020-08-20,26.75
Indian River County,2020-08-20,27.29
Jackson County,2020-08-20,26.64
Jefferson County,2020-08-20,26.51
Lafayette County,2020-08-20,26.63
Lake County,2020-08-20,27.31
Lee County,2020-08-20,27.9
Leon County,2020-08-20,26.4
Levy County,2020-08-20,27.07
Liberty County,2020-08-20,26.68
Madison County,2020-08-20,26.4
Manatee County,2020-08-20,26.7
Marion County,2020-08-20,27.13
Martin County,2020-08-20,28.34
Miami-Dade County,2020-08-20,29.24
Monroe County,2020-08-20,29.56
Nassau County,2020-08-20,26.38
Okaloosa County,2020-08-20,26.85
Okeechobee County,2020-08-20,27.3
Orange County,2020-08-20,27.34
Osceola County,2020-08-20,27.02
Palm Beach County,2020-08-20,28.52
Pasco County,2020-08-20,26.95
Pinellas County,2020-08-20,27.49
Polk County,2020-08-20,26.66
Putnam County,2020-08-20,27.04
St. Johns County,2020-08-20,26.85
St. Lucie County,2020-08-20,27.86
Santa Rosa County,2020-08-20,26.52
Sarasota County,2020-08-20,27.2
Seminole County,2020-08-20,27.56
Sumter County,2020-08-20,27.1
Suwannee County,2020-08-20,26.31
Taylor County,2020-08-20,26.94
Union County,2020-08-20,26.14
Volusia County,2020-08-20,27.36
Wakulla County,2020-08-20,26.72
Walton County,2020-08-20,26.87
Washington County,2020-08-20,26.81
Alachua County,2020-08-21,26.77
Baker County,2020-08-21,26.04
Bay County,2020-08-21,24.09
Bradford County,2020-08-21,26.41
Brevard County,2020-08-21,27.22
Broward County,2020-08-21,28.99
Calhoun County,2020-08-21,24.35
Charlotte County,2020-08-21,28.27
Citrus County,2020-08-21,27.22
Clay County,2020-08-21,26.78
Collier County,2020-08-21,28.58
Columbia County,2020-08-21,26.01
DeSoto County,2020-08-21,27.78
Dixie County,2020-08-21,26.53
Duval County,2020-08-21,26.61
Escambia County,2020-08-21,23.91
Flagler County,2020-08-21,27.14
Franklin County,2020-08-21,25.05
Gadsden County,2020-08-21,24.83
Gilchrist County,2020-08-21,26.51
Glades County,2020-08-21,27.92
Gulf County,2020-08-21,24.45
Hamilton County,2020-08-21,25.74
Hardee County,2020-08-21,27.68
Hendry County,2020-08-21,28.25
Hernando County,2020-08-21,27.35
Highlands County,2020-08-21,27.73
Hillsborough County,2020-08-21,27.81
Holmes County,2020-08-21,23.94
Indian River County,2020-08-21,27.44
Jackson County,2020-08-21,24.45
Jefferson County,2020-08-21,25.8
Lafayette County,2020-08-21,26.27
Lake County,2020-08-21,27.7
Lee County,2020-08-21,28.42
Leon County,2020-08-21,25.33
Levy County,2020-08-21,26.83
Liberty County,2020-08-21,24.69
Madison County,2020-08-21,25.95
Manatee County,2020-08-21,27.75
Marion County,2020-08-21,27.22
Martin County,2020-08-21,28.38
Miami-Dade County,2020-08-21,29.16
Monroe County,2020-08-21,29.38
Nassau County,2020-08-21,26.33
Okaloosa County,2020-08-21,23.7
Okeechobee County,2020-08-21,27.88
Orange County,2020-08-21,27.8
Osceola County,2020-08-21,27.74
Palm Beach County,2020-08-21,28.68
Pasco County,2020-08-21,27.53
Pinellas County,2020-08-21,27.94
Polk County,2020-08-21,27.87
Putnam County,2020-08-21,27.19
St. Johns County,2020-08-21,26.87
St. Lucie County,2020-08-21,27.89
Santa Rosa County,2020-08-21,23.51
Sarasota County,2020-08-21,28.08
Seminole County,2020-08-21,27.82
Sumter County,2020-08-21,27.4
Suwannee County,2020-08-21,26.07
Taylor County,2020-08-21,26.31
Union County,2020-08-21,26.19
Volusia County,2020-08-21,27.42
Wakulla County,2020-08-21,25.38
Walton County,2020-08-21,23.73
Washington County,2020-08-21,23.95
Alachua County,2020-08-22,25.91
Baker County,2020-08-22,24.68
Bay County,2020-08-22,25.7
Bradford County,2020-08-22,25.36
Brevard County,2020-08-22,28.27
Broward County,2020-08-22,29.26
Calhoun County,2020-08-22,25.18
Charlotte County,2020-08-22,28.71
Citrus County,2020-08-22,26.99
Clay County,2020-08-22,25.93
Collier County,2020-08-22,28.72
Columbia County,2020-08-22,24.64
DeSoto County,2020-08-22,28.24
Dixie County,2020-08-22,26.16
Duval County,2020-08-22,25.98
Escambia County,2020-08-22,25.92
Flagler County,2020-08-22,26.69
Franklin County,2020-08-22,25.81
Gadsden County,2020-08-22,24.89
Gilchrist County,2020-08-22,25.74
Glades County,2020-08-22,28.31
Gulf County,2020-08-22,25.52
Hamilton County,2020-08-22,24.38
Hardee County,2020-08-22,28.05
Hendry County,2020-08-22,28.49
Hernando County,2020-08-22,27.15
Highlands County,2020-08-22,28.13
Hillsborough County,2020-08-22,27.83
Holmes County,2020-08-22,25.41
Indian River County,2020-08-22,28.45
Jackson County,2020-08-22,25.21
Jefferson County,2020-08-22,25.29
Lafayette County,2020-08-22,25.48
Lake County,2020-08-22,27.2
Lee County,2020-08-22,28.76
Leon County,2020-08-22,25.16
Levy County,2020-08-22,26.51
Liberty County,2020-08-22,25.21
Madison County,2020-08-22,25.04
Manatee County,2020-08-22,27.87
Marion County,2020-08-22,26.59
Martin County,2020-08-22,29.23
Miami-Dade County,2020-08-22,29.66
Monroe County,2020-08-22,29.93
Nassau County,2020-08-22,25.38
Okaloosa County,2020-08-22,25.64
Okeechobee County,2020-08-22,28.42
Orange County,2020-08-22,27.71
Osceola County,2020-08-22,28.09
Palm Beach County,2020-08-22,29.15
Pasco County,2020-08-22,27.33
Pinellas County,2020-08-22,27.82
Polk County,2020-08-22,28.05
Putnam County,2020-08-22,26.42
St. Johns County,2020-08-22,26.56
St. Lucie County,2020-08-22,28.88
Santa Rosa County,2020-08-22,25.51
Sarasota County,2020-08-22,28.26
Seminole County,2020-08-22,27.51
Sumter County,2020-08-22,27.03
Suwannee County,2020-08-22,24.94
Taylor County,2020-08-22,25.91
Union County,2020-08-22,24.97
Volusia County,2020-08-22,27.09
Wakulla County,2020-08-22,25.61
Walton County,2020-08-22,25.58
Washington County,2020-08-22,25.38
Alachua County,2020-08-23,25.62
Baker County,2020-08-23,24.63
Bay County,2020-08-23,25.81
Bradford County,2020-08-23,25.43
Brevard County,2020-08-23,28.6
Broward County,2020-08-23,29.39
Calhoun County,2020-08-23,25.05
Charlotte County,2020-08-23,28.29
Citrus County,2020-08-23,26.25
Clay County,2020-08-23,26.23
Collier County,2020-08-23,28.71
Columbia County,2020-08-23,24.2
DeSoto County,2020-08-23,27.74
Dixie County,2020-08-23,24.72
Duval County,2020-08-23,26.16
Escambia County,2020-08-23,26.74
Flagler County,2020-08-23,27.2
Franklin County,2020-08-23,24.87
Gadsden County,2020-08-23,23.75
Gilchrist County,2020-08-23,24.76
Glades County,2020-08-23,28.4
Gulf County,2020-08-23,25.27
Hamilton County,2020-08-23,23.51
Hardee County,2020-08-23,27.38
Hendry County,2020-08-23,28.55
Hernando County,2020-08-23,26.39
Highlands County,2020-08-23,28.07
Hillsborough County,2020-08-23,27.04
Holmes County,2020-08-23,26.01
Indian River County,2020-08-23,28.95
Jackson County,2020-08-23,25.23
Jefferson County,2020-08-23,23.51
Lafayette County,2020-08-23,24.05
Lake County,2020-08-23,26.99
Lee County,2020-08-23,28.47
Leon County,2020-08-23,23.54
Levy County,2020-08-23,25.52
Liberty County,2020-08-23,24.5
Madison County,2020-08-23,23.47
Manatee County,2020-08-23,27.03
Marion County,2020-08-23,26.37
Martin County,2020-08-23,29.66
Miami-Dade County,2020-08-23,29.73
Monroe County,2020-08-23,30.01
Nassau County,2020-08-23,25.34
Okaloosa County,2020-08-23,26.47
Okeechobee County,2020-08-23,28.79
Orange County,2020-08-23,27.68
Osceola County,2020-08-23,28.08
Palm Beach County,2020-08-23,29.33
Pasco County,2020-08-23,26.54
Pinellas County,2020-08-23,27.1
Polk County,2020-08-23,27.43
Putnam County,2020-08-23,26.76
St. Johns County,2020-08-23,26.97
St. Lucie County,2020-08-23,29.45
Santa Rosa County,2020-08-23,26.39
Sarasota County,2020-08-23,27.52
Seminole County,2020-08-23,27.77
Sumter County,2020-08-23,26.44
Suwannee County,2020-08-23,23.88
Taylor County,2020-08-23,24.16
Union County,2020-08-23,24.83
Volusia County,2020-08-23,27.53
Wakulla County,2020-08-23,24.1
Walton County,2020-08-23,26.25
Washington County,2020-08-23,25.8
Alachua County,2020-08-24,28.03
Baker County,2020-08-24,26.51
Bay County,2020-08-24,25.72
Bradford County,2020-08-24,27.33
Brevard County,2020-08-24,29.07
Broward County,2020-08-24,29.87
Calhoun County,2020-08-24,25.37
Charlotte County,2020-08-24,30.09
Citrus County,2020-08-24,28.72
Clay County,2020-08-24,27.62
Collier County,2020-08-24,29.82
Columbia County,2020-08-24,26.7
DeSoto County,2020-08-24,29.66
Dixie County,2020-08-24,27.9
Duval County,2020-08-24,27.08
Escambia County,2020-08-24,25.91
Flagler County,2020-08-24,28.23
Franklin County,2020-08-24,25.71
Gadsden County,2020-08-24,24.79
Gilchrist County,2020-08-24,27.89
Glades County,2020-08-24,29.59
Gulf County,2020-08-24,25.53
Hamilton County,2020-08-24,26.08
Hardee County,2020-08-24,29.43
Hendry County,2020-08-24,29.57
Hernando County,2020-08-24,28.71
Highlands County,2020-08-24,29.5
Hillsborough County,2020-08-24,29.21
Holmes County,2020-08-24,26.06
Indian River County,2020-08-24,29.17
Jackson County,2020-08-24,25.59
Jefferson County,2020-08-24,25.54
Lafayette County,2020-08-24,27.21
Lake County,2020-08-24,28.93
Lee County,2020-08-24,30.1
Leon County,2020-08-24,25.03
Levy County,2020-08-24,28.48
Liberty County,2020-08-24,25.25
Madison County,2020-08-24,26.03
Manatee County,2020-08-24,29.31
Marion County,2020-08-24,28.54
Martin County,2020-08-24,29.83
Miami-Dade County,2020-08-24,30.15
Monroe County,2020-08-24,30.57
Nassau County,2020-08-24,26.33
Okaloosa County,2020-08-24,26.19
Okeechobee County,2020-08-24,29.48
Orange County,2020-08-24,29.22
Osceola County,2020-08-24,29.33
Palm Beach County,2020-08-24,29.76
Pasco County,2020-08-24,28.82
Pinellas County,2020-08-24,29.18
Polk County,2020-08-24,29.4
Putnam County,2020-08-24,28.25
St. Johns County,2020-08-24,27.84
St. Lucie County,2020-08-24,29.53
Santa Rosa County,2020-08-24,25.78
Sarasota County,2020-08-24,29.73
Seminole County,2020-08-24,29.13
Sumter County,2020-08-24,28.74
Suwannee County,2020-08-24,26.82
Taylor County,2020-08-24,26.84
Union County,2020-08-24,27.07
Volusia County,2020-08-24,28.66
Wakulla County,2020-08-24,25.48
Walton County,2020-08-24,26.1
Washington County,2020-08-24,25.8
Alachua County,2020-08-25,29.04
Baker County,2020-08-25,28.01
Bay County,2020-08-25,25.31
Bradford County,2020-08-25,28.72
Brevard County,2020-08-25,29.96
Broward County,2020-08-25,29.48
Calhoun County,2020-08-25,25.5
Charlotte County,2020-08-25,29.66
Citrus County,2020-08-25,29.34
Clay County,2020-08-25,29.14
Collier County,2020-08-25,29.45
Columbia County,2020-08-25,27.93
DeSoto County,2020-08-25,29.11
Dixie County,2020-08-25,28.67
Duval County,2020-08-25,28.91
Escambia County,2020-08-25,25.21
Flagler County,2020-08-25,29.62
Franklin County,2020-08-25,26.86
Gadsden County,2020-08-25,26.15
Gilchrist County,2020-08-25,28.6
Glades County,2020-08-25,29.37
Gulf County,2020-08-25,25.88
Hamilton County,2020-08-25,27.27
Hardee County,2020-08-25,29.1
Hendry County,2020-08-25,29.41
Hernando County,2020-08-25,29.31
Highlands County,2020-08-25,29.29
Hillsborough County,2020-08-25,29.5
Holmes County,2020-08-25,24.77
Indian River County,2020-08-25,29.96
Jackson County,2020-08-25,25.22
Jefferson County,2020-08-25,27.54
Lafayette County,2020-08-25,28.27
Lake County,2020-08-25,29.68
Lee County,2020-08-25,29.77
Leon County,2020-08-25,27.06
Levy County,2020-08-25,28.99
Liberty County,2020-08-25,26.16
Madison County,2020-08-25,27.55
Manatee County,2020-08-25,29.1
Marion County,2020-08-25,29.4
Martin County,2020-08-25,30.4
Miami-Dade County,2020-08-25,29.22
Monroe County,2020-08-25,29.59
Nassau County,2020-08-25,28.19
Okaloosa County,2020-08-25,25.01
Okeechobee County,2020-08-25,29.79
Orange County,2020-08-25,29.88
Osceola County,2020-08-25,29.78
Palm Beach County,2020-08-25,29.81
Pasco County,2020-08-25,29.3
Pinellas County,2020-08-25,29.57
Polk County,2020-08-25,29.6
Putnam County,2020-08-25,29.53
St. Johns County,2020-08-25,29.51
St. Lucie County,2020-08-25,30.32
Santa Rosa County,2020-08-25,24.8
Sarasota County,2020-08-25,29.36
Seminole County,2020-08-25,29.94
Sumter County,2020-08-25,29.4
Suwannee County,2020-08-25,27.93
Taylor County,2020-08-25,28.42
Union County,2020-08-25,28.37
Volusia County,2020-08-25,29.79
Wakulla County,2020-08-25,27.43
Walton County,2020-08-25,24.94
Washington County,2020-08-25,24.97
Alachua County,2020-08-26,29.62
Baker County,2020-08-26,29.21
Bay County,2020-08-26,28.71
Bradford County,2020-08-26,29.4
Brevard County,2020-08-26,29.52
Broward County,2020-08-26,29.82
Calhoun County,2020-08-26,28.22
Charlotte County,2020-08-26,30.31
Citrus County,2020-08-26,29.79
Clay County,2020-08-26,29.73
Collier County,2020-08-26,30.0
Columbia County,2020-08-26,29.24
DeSoto County,2020-08-26,29.76
Dixie County,2020-08-26,29.72
Duval County,2020-08-26,29.81
Escambia County,2020-08-26,27.87
Flagler County,2020-08-26,29.64
Franklin County,2020-08-26,28.81
Gadsden County,2020-08-26,28.33
Gilchrist County,2020-08-26,29.54
Glades County,2020-08-26,29.52
Gulf County,2020-08-26,28.4
Hamilton County,2020-08-26,29.13
Hardee County,2020-08-26,29.81
Hendry County,2020-08-26,29.63
Hernando County,2020-08-26,29.84
Highlands County,2020-08-26,29.5
Hillsborough County,2020-08-26,30.42
Holmes County,2020-08-26,28.52
Indian River County,2020-08-26,29.42
Jackson County,2020-08-26,28.52
Jefferson County,2020-08-26,29.39
Lafayette County,2020-08-26,29.56
Lake County,2020-08-26,29.82
Lee County,2020-08-26,30.33
Leon County,2020-08-26,28.92
Levy County,2020-08-26,29.69
Liberty County,2020-08-26,28.14
Madison County,2020-08-26,29.42
Manatee County,2020-08-26,30.19
Marion County,2020-08-26,29.62
Martin County,2020-08-26,29.93
Miami-Dade County,2020-08-26,29.9
Monroe County,2020-08-26,30.51
Nassau County,2020-08-26,29.49
Okaloosa County,2020-08-26,28.29
Okeechobee County,2020-08-26,29.5
Orange County,2020-08-26,29.86
Osceola County,2020-08-26,29.68
Palm Beach County,2020-08-26,29.71
Pasco County,2020-08-26,30.01
Pinellas County,2020-08-26,30.8
Polk County,2020-08-26,30.07
Putnam County,2020-08-26,29.77
St. Johns County,2020-08-26,29.87
St. Lucie County,2020-08-26,29.79
Santa Rosa County,2020-08-26,27.81
Sarasota County,2020-08-26,30.42
Seminole County,2020-08-26,29.83
Sumter County,2020-08-26,29.66
Suwannee County,2020-08-26,29.4
Taylor County,2020-08-26,29.85
Union County,2020-08-26,29.28
Volusia County,2020-08-26,29.65
Wakulla County,2020-08-26,29.02
Walton County,2020-08-26,28.48
Washington County,2020-08-26,28.56
Alachua County,2020-08-27,29.48
Baker County,2020-08-27,28.75
Bay County,2020-08-27,29.14
Bradford County,2020-08-27,29.02
Brevard County,2020-08-27,29.15
Broward County,2020-08-27,29.68
Calhoun County,2020-08-27,28.85
Charlotte County,2020-08-27,29.53
Citrus County,2020-08-27,30.02
Clay County,2020-08-27,29.23
Collier County,2020-08-27,29.53
Columbia County,2020-08-27,28.91
DeSoto County,2020-08-27,28.96
Dixie County,2020-08-27,29.83
Duval County,2020-08-27,29.08
Escambia County,2020-08-27,28.36
Flagler County,2020-08-27,29.52
Franklin County,2020-08-27,29.38
Gadsden County,2020-08-27,28.8
Gilchrist County,2020-08-27,29.51
Glades County,2020-08-27,29.02
Gulf County,2020-08-27,29.03
Hamilton County,2020-08-27,28.74
Hardee County,2020-08-27,29.02
Hendry County,2020-08-27,29.27
Hernando County,2020-08-27,29.99
Highlands County,2020-08-27,28.9
Hillsborough County,2020-08-27,30.02
Holmes County,2020-08-27,28.94
Indian River County,2020-08-27,28.89
Jackson County,2020-08-27,29.03
Jefferson County,2020-08-27,29.36
Lafayette County,2020-08-27,29.52
Lake County,2020-08-27,29.95
Lee County,2020-08-27,29.61
Leon County,2020-08-27,29.14
Levy County,2020-08-27,29.82
Liberty County,2020-08-27,28.87
Madison County,2020-08-27,29.22
Manatee County,2020-08-27,29.51
Marion County,2020-08-27,29.74
Martin County,2020-08-27,29.57
Miami-Dade County,2020-08-27,29.62
Monroe County,2020-08-27,30.1
Nassau County,2020-08-27,28.85
Okaloosa County,2020-08-27,28.83
Okeechobee County,2020-08-27,29.09
Orange County,2020-08-27,29.86
Osceola County,2020-08-27,29.43
Palm Beach County,2020-08-27,29.62
Pasco County,2020-08-27,29.98
Pinellas County,2020-08-27,30.51
Polk County,2020-08-27,29.61
Putnam County,2020-08-27,29.57
St. Johns County,2020-08-27,29.38
St. Lucie County,2020-08-27,29.22
Santa Rosa County,2020-08-27,28.36
Sarasota County,2020-08-27,29.68
Seminole County,2020-08-27,29.89
Sumter County,2020-08-27,29.86
Suwannee County,2020-08-27,29.18
Taylor County,2020-08-27,29.88
Union County,2020-08-27,28.94
Volusia County,2020-08-27,29.65
Wakulla County,2020-08-27,29.42
Walton County,2020-08-27,28.93
Washington County,2020-08-27,28.93
Alachua County,2020-08-28,29.08
Baker County,2020-08-28,28.41
Bay County,2020-08-28,28.71
Bradford County,2020-08-28,28.71
Brevard County,2020-08-28,28.47
Broward County,2020-08-28,29.82
Calhoun County,2020-08-28,28.61
Charlotte County,2020-08-28,29.89
Citrus County,2020-08-28,29.53
Clay County,2020-08-28,28.9
Collier County,2020-08-28,29.79
Columbia County,2020-08-28,28.5
DeSoto County,2020-08-28,29.37
Dixie County,2020-08-28,29.13
Duval County,2020-08-28,28.69
Escambia County,2020-08-28,28.19
Flagler County,2020-08-28,28.86
Franklin County,2020-08-28,28.86
Gadsden County,2020-08-28,28.5
Gilchrist County,2020-08-28,28.94
Glades County,2020-08-28,29.26
Gulf County,2020-08-28,28.6
Hamilton County,2020-08-28,28.31
Hardee County,2020-08-28,29.29
Hendry County,2020-08-28,29.48
Hernando County,2020-08-28,29.61
Highlands County,2020-08-28,29.1
Hillsborough County,2020-08-28,29.86
Holmes County,2020-08-28,28.61
Indian River County,2020-08-28,28.72
Jackson County,2020-08-28,28.83
Jefferson County,2020-08-28,28.82
Lafayette County,2020-08-28,28.92
Lake County,2020-08-28,29.44
Lee County,2020-08-28,29.95
Leon County,2020-08-28,28.71
Levy County,2020-08-28,29.21
Liberty County,2020-08-28,28.55
Madison County,2020-08-28,28.7
Manatee County,2020-08-28,29.59
Marion County,2020-08-28,29.3
Martin County,2020-08-28,29.67
Miami-Dade County,2020-08-28,30.14
Monroe County,2020-08-28,30.59
Nassau County,2020-08-28,28.45
Okaloosa County,2020-08-28,28.37
Okeechobee County,2020-08-28,29.12
Orange County,2020-08-28,29.16
Osceola County,2020-08-28,28.96
Palm Beach County,2020-08-28,29.63
Pasco County,2020-08-28,29.7
Pinellas County,2020-08-28,30.29
Polk County,2020-08-28,29.46
Putnam County,2020-08-28,29.16
St. Johns County,2020-08-28,28.85
St. Lucie County,2020-08-28,29.27
Santa Rosa County,2020-08-28,28.03
Sarasota County,2020-08-28,29.82
Seminole County,2020-08-28,29.14
Sumter County,2020-08-28,29.44
Suwannee County,2020-08-28,28.68
Taylor County,2020-08-28,29.23
Union County,2020-08-28,28.59
Volusia County,2020-08-28,28.89
Wakulla County,2020-08-28,28.9
Walton County,2020-08-28,28.48
Washington County,2020-08-28,28.67
Alachua County,2020-08-29,28.31
Baker County,2020-08-29,27.75
Bay County,2020-08-29,28.39
Bradford County,2020-08-29,28.06
Brevard County,2020-08-29,29.55
Broward County,2020-08-29,29.98
Calhoun County,2020-08-29,28.29
Charlotte County,2020-08-29,30.01
Citrus County,2020-08-29,28.95
Clay County,2020-08-29,28.64
Collier County,2020-08-29,29.93
Columbia County,2020-08-29,27.65
DeSoto County,2020-08-29,29.5
Dixie County,2020-08-29,28.37
Duval County,2020-08-29,28.75
Escambia County,2020-08-29,27.85
Flagler County,2020-08-29,29.2
Franklin County,2020-08-29,28.41
Gadsden County,2020-08-29,28.13
Gilchrist County,2020-08-29,28.11
Glades County,2020-08-29,29.55
Gulf County,2020-08-29,28.21
Hamilton County,2020-08-29,27.52
Hardee County,2020-08-29,29.42
Hendry County,2020-08-29,29.64
Hernando County,2020-08-29,29.11
Highlands County,2020-08-29,29.54
Hillsborough County,2020-08-29,29.57
Holmes County,2020-08-29,28.4
Indian River County,2020-08-29,29.6
Jackson County,2020-08-29,28.55
Jefferson County,2020-08-29,28.23
Lafayette County,2020-08-29,28.13
Lake County,2020-08-29,29.42
Lee County,2020-08-29,30.11
Leon County,2020-08-29,28.2
Levy County,2020-08-29,28.48
Liberty County,2020-08-29,28.21
Madison County,2020-08-29,28.02
Manatee County,2020-08-29,29.43
Marion County,2020-08-29,28.86
Martin County,2020-08-29,30.16
Miami-Dade County,2020-08-29,30.14
Monroe County,2020-08-29,30.7
Nassau County,2020-08-29,28.39
Okaloosa County,2020-08-29,28.1
Okeechobee County,2020-08-29,29.73
Orange County,2020-08-29,29.63
Osceola County,2020-08-29,29.6
Palm Beach County,2020-08-29,29.97
Pasco County,2020-08-29,29.27
Pinellas County,2020-08-29,29.86
Polk County,2020-08-29,29.61
Putnam County,2020-08-29,28.99
St. Johns County,2020-08-29,29.08
St. Lucie County,2020-08-29,29.94
Santa Rosa County,2020-08-29,27.66
Sarasota County,2020-08-29,29.77
Seminole County,2020-08-29,29.7
Sumter County,2020-08-29,29.09
Suwannee County,2020-08-29,27.84
Taylor County,2020-08-29,28.51
Union County,2020-08-29,27.78
Volusia County,2020-08-29,29.45
Wakulla County,2020-08-29,28.37
Walton County,2020-08-29,28.26
Washington County,2020-08-29,28.39
Alachua County,2020-08-30,27.62
Baker County,2020-08-30,26.98
Bay County,2020-08-30,26.12
Bradford County,2020-08-30,27.37
Brevard County,2020-08-30,29.18
Broward County,2020-08-30,29.51
Calhoun County,2020-08-30,26.11
Charlotte County,2020-08-30,29.71
Citrus County,2020-08-30,28.55
Clay County,2020-08-30,28.08
Collier County,2020-08-30,29.59
Columbia County,2020-08-30,26.62
DeSoto County,2020-08-30,29.26
Dixie County,2020-08-30,27.3
Duval County,2020-08-30,28.28
Escambia County,2020-08-30,26.54
Flagler County,2020-08-30,28.79
Franklin County,2020-08-30,26.4
Gadsden County,2020-08-30,26.0
Gilchrist County,2020-08-30,27.13
Glades County,2020-08-30,29.19
Gulf County,2020-08-30,26.01
Hamilton County,2020-08-30,26.23
Hardee County,2020-08-30,29.24
Hendry County,2020-08-30,29.17
Hernando County,2020-08-30,28.8
Highlands County,2020-08-30,29.33
Hillsborough County,2020-08-30,29.36
Holmes County,2020-08-30,26.48
Indian River County,2020-08-30,29.16
Jackson County,2020-08-30,26.47
Jefferson County,2020-08-30,26.36
Lafayette County,2020-08-30,26.78
Lake County,2020-08-30,29.04
Lee County,2020-08-30,29.78
Leon County,2020-08-30,26.17
Levy County,2020-08-30,27.81
Liberty County,2020-08-30,26.11
Madison County,2020-08-30,26.36
Manatee County,2020-08-30,29.17
Marion County,2020-08-30,28.37
Martin County,2020-08-30,29.61
Miami-Dade County,2020-08-30,29.77
Monroe County,2020-08-30,30.32
Nassau County,2020-08-30,27.97
Okaloosa County,2020-08-30,26.44
Okeechobee County,2020-08-30,29.39
Orange County,2020-08-30,29.32
Osceola County,2020-08-30,29.39
Palm Beach County,2020-08-30,29.39
Pasco County,2020-08-30,29.02
Pinellas County,2020-08-30,29.68
Polk County,2020-08-30,29.42
Putnam County,2020-08-30,28.5
St. Johns County,2020-08-30,28.63
St. Lucie County,2020-08-30,29.41
Santa Rosa County,2020-08-30,26.19
Sarasota County,2020-08-30,29.48
Seminole County,2020-08-30,29.36
Sumter County,2020-08-30,28.69
Suwannee County,2020-08-30,26.53
Taylor County,2020-08-30,26.97
Union County,2020-08-30,26.94
Volusia County,2020-08-30,29.06
Wakulla County,2020-08-30,26.46
Walton County,2020-08-30,26.36
Washington County,2020-08-30,26.21
Alachua County,2020-08-31,27.18
Baker County,2020-08-31,26.83
Bay County,2020-08-31,26.85
Bradford County,2020-08-31,26.96
Brevard County,2020-08-31,27.61
Broward County,2020-08-31,29.35
Calhoun County,2020-08-31,26.96
Charlotte County,2020-08-31,28.51
Citrus County,2020-08-31,27.11
Clay County,2020-08-31,27.41
Collier County,2020-08-31,29.2
Columbia County,2020-08-31,26.63
DeSoto County,2020-08-31,27.8
Dixie County,2020-08-31,27.19
Duval County,2020-08-31,27.61
Escambia County,2020-08-31,27.25
Flagler County,2020-08-31,27.19
Franklin County,2020-08-31,27.27
Gadsden County,2020-08-31,26.96
Gilchrist County,2020-08-31,27.03
Glades County,2020-08-31,28.7
Gulf County,2020-08-31,26.94
Hamilton County,2020-08-31,26.46
Hardee County,2020-08-31,27.28
Hendry County,2020-08-31,28.98
Hernando County,2020-08-31,26.91
Highlands County,2020-08-31,28.12
Hillsborough County,2020-08-31,26.93
Holmes County,2020-08-31,26.92
Indian River County,2020-08-31,28.5
Jackson County,2020-08-31,27.07
Jefferson County,2020-08-31,27.11
Lafayette County,2020-08-31,26.88
Lake County,2020-08-31,27.13
Lee County,2020-08-31,28.9
Leon County,2020-08-31,27.14
Levy County,2020-08-31,27.25
Liberty County,2020-08-31,27.12
Madison County,2020-08-31,26.83
Manatee County,2020-08-31,27.11
Marion County,2020-08-31,27.18
Martin County,2020-08-31,29.73
Miami-Dade County,2020-08-31,29.54
Monroe County,2020-08-31,29.98
Nassau County,2020-08-31,27.54
Okaloosa County,2020-08-31,27.16
Okeechobee County,2020-08-31,28.75
Orange County,2020-08-31,27.33
Osceola County,2020-08-31,27.72
Palm Beach County,2020-08-31,29.46
Pasco County,2020-08-31,26.85
Pinellas County,2020-08-31,27.35
Polk County,2020-08-31,27.24
Putnam County,2020-08-31,27.45
St. Johns County,2020-08-31,27.52
St. Lucie County,2020-08-31,29.31
Santa Rosa County,2020-08-31,27.04
Sarasota County,2020-08-31,27.77
Seminole County,2020-08-31,27.3
Sumter County,2020-08-31,26.95
Suwannee County,2020-08-31,26.63
Taylor County,2020-08-31,27.3
Union County,2020-08-31,26.74
Volusia County,2020-08-31,27.09
Wakulla County,2020-08-31,27.35
Walton County,2020-08-31,26.9
Washington County,2020-08-31,26.8
Alachua County,2020-09-01,26.49
Baker County,2020-09-01,26.02
Bay County,2020-09-01,28.71
Bradford County,2020-09-01,26.05
Brevard County,2020-09-01,27.82
Broward County,2020-09-01,29.33
Calhoun County,2020-09-01,28.73
Charlotte County,2020-09-01,28.17
Citrus County,2020-09-01,27.16
Clay County,2020-09-01,26.34
Collier County,2020-09-01,28.72
Columbia County,2020-09-01,26.53
DeSoto County,2020-09-01,27.75
Dixie County,2020-09-01,27.58
Duval County,2020-09-01,26.49
Escambia County,2020-09-01,28.25
Flagler County,2020-09-01,26.59
Franklin County,2020-09-01,29.08
Gadsden County,2020-09-01,28.06
Gilchrist County,2020-09-01,27.02
Glades County,2020-09-01,28.07
Gulf County,2020-09-01,28.99
Hamilton County,2020-09-01,27.05
Hardee County,2020-09-01,27.51
Hendry County,2020-09-01,28.46
Hernando County,2020-09-01,27.25
Highlands County,2020-09-01,27.67
Hillsborough County,2020-09-01,27.41
Holmes County,2020-09-01,28.26
Indian River County,2020-09-01,28.28
Jackson County,2020-09-01,28.46
Jefferson County,2020-09-01,27.89
Lafayette County,2020-09-01,27.62
Lake County,2020-09-01,26.98
Lee County,2020-09-01,28.26
Leon County,2020-09-01,27.99
Levy County,2020-09-01,27.11
Liberty County,2020-09-01,28.76
Madison County,2020-09-01,27.76
Manatee County,2020-09-01,27.55
Marion County,2020-09-01,26.53
Martin County,2020-09-01,29.15
Miami-Dade County,2020-09-01,29.68
Monroe County,2020-09-01,30.01
Nassau County,2020-09-01,26.51
Okaloosa County,2020-09-01,28.08
Okeechobee County,2020-09-01,28.17
Orange County,2020-09-01,27.36
Osceola County,2020-09-01,27.71
Palm Beach County,2020-09-01,29.1
Pasco County,2020-09-01,27.23
Pinellas County,2020-09-01,27.79
Polk County,2020-09-01,27.43
Putnam County,2020-09-01,26.54
St. Johns County,2020-09-01,26.75
St. Lucie County,2020-09-01,28.82
Santa Rosa County,2020-09-01,27.98
Sarasota County,2020-09-01,27.88
Seminole County,2020-09-01,27.13
Sumter County,2020-09-01,26.92
Suwannee County,2020-09-01,27.29
Taylor County,2020-09-01,28.2
Union County,2020-09-01,26.13
Volusia County,2020-09-01,26.81
Wakulla County,2020-09-01,28.49
Walton County,2020-09-01,28.17
Washington County,2020-09-01,28.43
Alachua County,2020-09-02,26.78
Baker County,2020-09-02,27.01
Bay County,2020-09-02,29.04
Bradford County,2020-09-02,26.77
Brevard County,2020-09-02,28.7
Broward County,2020-09-02,29.56
Calhoun County,2020-09-02,29.08
Charlotte County,2020-09-02,29.46
Citrus County,2020-09-02,27.59
Clay County,2020-09-02,27.51
Collier County,2020-09-02,29.52
Columbia County,2020-09-02,26.9
DeSoto County,2020-09-02,29.07
Dixie County,2020-09-02,27.32
Duval County,2020-09-02,28.28
Escambia County,2020-09-02,28.16
Flagler County,2020-09-02,27.84
Franklin County,2020-09-02,29.23
Gadsden County,2020-09-02,28.36
Gilchrist County,2020-09-02,26.87
Glades County,2020-09-02,28.95
Gulf County,2020-09-02,29.28
Hamilton County,2020-09-02,27.35
Hardee County,2020-09-02,28.8
Hendry County,2020-09-02,29.18
Hernando County,2020-09-02,27.89
Highlands County,2020-09-02,28.77
Hillsborough County,2020-09-02,28.44
Holmes County,2020-09-02,28.6
Indian River County,2020-09-02,28.62
Jackson County,2020-09-02,28.83
Jefferson County,2020-09-02,28.06
Lafayette County,2020-09-02,27.32
Lake County,2020-09-02,28.04
Lee County,2020-09-02,29.47
Leon County,2020-09-02,28.26
Levy County,2020-09-02,27.15
Liberty County,2020-09-02,29.0
Madison County,2020-09-02,27.78
Manatee County,2020-09-02,28.63
Marion County,2020-09-02,27.13
Martin County,2020-09-02,28.93
Miami-Dade County,2020-09-02,30.03
Monroe County,2020-09-02,30.59
Nassau County,2020-09-02,28.39
Okaloosa County,2020-09-02,28.15
Okeechobee County,2020-09-02,28.77
Orange County,2020-09-02,28.64
Osceola County,2020-09-02,28.84
Palm Beach County,2020-09-02,29.08
Pasco County,2020-09-02,28.01
Pinellas County,2020-09-02,28.53
Polk County,2020-09-02,28.65
Putnam County,2020-09-02,27.46
St. Johns County,2020-09-02,28.07
St. Lucie County,2020-09-02,28.76
Santa Rosa County,2020-09-02,28.01
Sarasota County,2020-09-02,29.0
Seminole County,2020-09-02,28.54
Sumter County,2020-09-02,27.65
Suwannee County,2020-09-02,27.21
Taylor County,2020-09-02,28.04
Union County,2020-09-02,26.61
Volusia County,2020-09-02,28.19
Wakulla County,2020-09-02,28.67
Walton County,2020-09-02,28.37
Washington County,2020-09-02,28.8
Alachua County,2020-09-03,28.49
Baker County,2020-09-03,28.17
Bay County,2020-09-03,28.39
Bradford County,2020-09-03,28.28
Brevard County,2020-09-03,28.71
Broward County,2020-09-03,29.7
Calhoun County,2020-09-03,28.57
Charlotte County,2020-09-03,29.66
Citrus County,2020-09-03,28.96
Clay County,2020-09-03,28.7
Collier County,2020-09-03,29.68
Columbia County,2020-09-03,28.34
DeSoto County,2020-09-03,29.38
Dixie County,2020-09-03,28.28
Duval County,2020-09-03,28.96
Escambia County,2020-09-03,27.79
Flagler County,2020-09-03,28.4
Franklin County,2020-09-03,29.12
Gadsden County,2020-09-03,28.12
Gilchrist County,2020-09-03,28.31
Glades County,2020-09-03,29.18
Gulf County,2020-09-03,28.9
Hamilton County,2020-09-03,28.3
Hardee County,2020-09-03,29.41
Hendry County,2020-09-03,29.45
Hernando County,2020-09-03,29.28
Highlands County,2020-09-03,29.1
Hillsborough County,2020-09-03,29.58
Holmes County,2020-09-03,27.89
Indian River County,2020-09-03,28.85
Jackson County,2020-09-03,28.18
Jefferson County,2020-09-03,28.29
Lafayette County,2020-09-03,28.38
Lake County,2020-09-03,29.26
Lee County,2020-09-03,29.62
Leon County,2020-09-03,28.28
Levy County,2020-09-03,28.39
Liberty County,2020-09-03,28.78
Madison County,2020-09-03,28.33
Manatee County,2020-09-03,29.53
Marion County,2020-09-03,28.68
Martin County,2020-09-03,29.28
Miami-Dade County,2020-09-03,29.91
Monroe County,2020-09-03,30.52
Nassau County,2020-09-03,29.07
Okaloosa County,2020-09-03,27.55
Okeechobee County,2020-09-03,29.1
Orange County,2020-09-03,29.29
Osceola County,2020-09-03,29.29
Palm Beach County,2020-09-03,29.36
Pasco County,2020-09-03,29.39
Pinellas County,2020-09-03,29.78
Polk County,2020-09-03,29.51
Putnam County,2020-09-03,28.79
St. Johns County,2020-09-03,28.77
St. Lucie County,2020-09-03,29.07
Santa Rosa County,2020-09-03,27.49
Sarasota County,2020-09-03,29.63
Seminole County,2020-09-03,29.03
Sumter County,2020-09-03,29.18
Suwannee County,2020-09-03,28.4
Taylor County,2020-09-03,28.6
Union County,2020-09-03,28.2
Volusia County,2020-09-03,28.5
Wakulla County,2020-09-03,28.68
Walton County,2020-09-03,27.67
Washington County,2020-09-03,28.1
Alachua County,2020-09-04,29.25
Baker County,2020-09-04,29.02
Bay County,2020-09-04,28.8
Bradford County,2020-09-04,29.09
Brevard County,2020-09-04,29.15
Broward County,2020-09-04,30.0
Calhoun County,2020-09-04,28.99
Charlotte County,2020-09-04,29.67
Citrus County,2020-09-04,29.38
Clay County,2020-09-04,29.27
Collier County,2020-09-04,29.96
Columbia County,2020-09-04,29.26
DeSoto County,2020-09-04,29.43
Dixie County,2020-09-04,29.24
Duval County,2020-09-04,29.2
Escambia County,2020-09-04,27.56
Flagler County,2020-09-04,28.74
Franklin County,2020-09-04,29.8
Gadsden County,2020-09-04,28.66
Gilchrist County,2020-09-04,29.26
Glades County,2020-09-04,29.4
Gulf County,2020-09-04,29.45
Hamilton County,2020-09-04,29.12
Hardee County,2020-09-04,29.56
Hendry County,2020-09-04,29.66
Hernando County,2020-09-04,29.61
Highlands County,2020-09-04,29.35
Hillsborough County,2020-09-04,29.75
Holmes County,2020-09-04,28.11
Indian River County,2020-09-04,29.44
Jackson County,2020-09-04,28.48
Jefferson County,2020-09-04,29.04
Lafayette County,2020-09-04,29.46
Lake County,2020-09-04,29.67
Lee County,2020-09-04,29.68
Leon County,2020-09-04,28.95
Levy County,2020-09-04,29.1
Liberty County,2020-09-04,29.34
Madison County,2020-09-04,29.2
Manatee County,2020-09-04,29.59
Marion County,2020-09-04,29.19
Martin County,2020-09-04,29.86
Miami-Dade County,2020-09-04,30.36
Monroe County,2020-09-04,30.96
Nassau County,2020-09-04,29.17
Okaloosa County,2020-09-04,27.6
Okeechobee County,2020-09-04,29.61
Orange County,2020-09-04,29.72
Osceola County,2020-09-04,29.75
Palm Beach County,2020-09-04,29.78
Pasco County,2020-09-04,29.65
Pinellas County,2020-09-04,29.85
Polk County,2020-09-04,29.85
Putnam County,2020-09-04,29.28
St. Johns County,2020-09-04,29.04
St. Lucie County,2020-09-04,29.7
Santa Rosa County,2020-09-04,27.34
Sarasota County,2020-09-04,29.63
Seminole County,2020-09-04,29.45
Sumter County,2020-09-04,29.57
Suwannee County,2020-09-04,29.41
Taylor County,2020-09-04,29.57
Union County,2020-09-04,29.13
Volusia County,2020-09-04,28.86
Wakulla County,2020-09-04,29.43
Walton County,2020-09-04,27.89
Washington County,2020-09-04,28.4
Alachua County,2020-09-05,29.02
Baker County,2020-09-05,28.33
Bay County,2020-09-05,29.92
Bradford County,2020-09-05,28.58
Brevard County,2020-09-05,29.14
Broward County,2020-09-05,30.13
Calhoun County,2020-09-05,29.86
Charlotte County,2020-09-05,29.85
Citrus County,2020-09-05,29.81
Clay County,2020-09-05,28.82
Collier County,2020-09-05,29.69
Columbia County,2020-09-05,28.69
DeSoto County,2020-09-05,29.69
Dixie County,2020-09-05,29.7
Duval County,2020-09-05,28.96
Escambia County,2020-09-05,28.24
Flagler County,2020-09-05,28.67
Franklin County,2020-09-05,30.95
Gadsden County,2020-09-05,28.99
Gilchrist County,2020-09-05,29.3
Glades County,2020-09-05,29.4
Gulf County,2020-09-05,30.73
Hamilton County,2020-09-05,28.63
Hardee County,2020-09-05,29.81
Hendry County,2020-09-05,29.53
Hernando County,2020-09-05,30.06
Highlands County,2020-09-05,29.42
Hillsborough County,2020-09-05,30.21
Holmes County,2020-09-05,28.66
Indian River County,2020-09-05,29.27
Jackson County,2020-09-05,28.99
Jefferson County,2020-09-05,29.15
Lafayette County,2020-09-05,29.56
Lake County,2020-09-05,29.56
Lee County,2020-09-05,29.68
Leon County,2020-09-05,29.18
Levy County,2020-09-05,29.48
Liberty County,2020-09-05,30.22
Madison County,2020-09-05,29.12
Manatee County,2020-09-05,30.05
Marion County,2020-09-05,29.12
Martin County,2020-09-05,29.81
Miami-Dade County,2020-09-05,30.41
Monroe County,2020-09-05,30.68
Nassau County,2020-09-05,28.9
Okaloosa County,2020-09-05,28.29
Okeechobee County,2020-09-05,29.49
Orange County,2020-09-05,29.53
Osceola County,2020-09-05,29.56
Palm Beach County,2020-09-05,29.86
Pasco County,2020-09-05,30.13
Pinellas County,2020-09-05,30.68
Polk County,2020-09-05,29.91
Putnam County,2020-09-05,28.94
St. Johns County,2020-09-05,28.93
St. Lucie County,2020-09-05,29.56
Santa Rosa County,2020-09-05,28.05
Sarasota County,2020-09-05,30.06
Seminole County,2020-09-05,29.29
Sumter County,2020-09-05,29.69
Suwannee County,2020-09-05,29.17
Taylor County,2020-09-05,29.9
Union County,2020-09-05,28.59
Volusia County,2020-09-05,28.89
Wakulla County,2020-09-05,30.0
Walton County,2020-09-05,28.61
Washington County,2020-09-05,29.14
Alachua County,2020-09-06,29.17
Baker County,2020-09-06,28.65
Bay County,2020-09-06,29.39
Bradford County,2020-09-06,28.88
Brevard County,2020-09-06,28.98
Broward County,2020-09-06,28.85
Calhoun County,2020-09-06,28.77
Charlotte County,2020-09-06,29.18
Citrus County,2020-09-06,29.76
Clay County,2020-09-06,29.15
Collier County,2020-09-06,28.73
Columbia County,2020-09-06,28.79
DeSoto County,2020-09-06,28.88
Dixie County,2020-09-06,29.47
Duval County,2020-09-06,29.27
Escambia County,2020-09-06,28.54
Flagler County,2020-09-06,28.99
Franklin County,2020-09-06,29.97
Gadsden County,2020-09-06,28.36
Gilchrist County,2020-09-06,29.18
Glades County,2020-09-06,28.56
Gulf County,2020-09-06,29.57
Hamilton County,2020-09-06,28.57
Hardee County,2020-09-06,28.94
Hendry County,2020-09-06,28.47
Hernando County,2020-09-06,29.84
Highlands County,2020-09-06,28.7
Hillsborough County,2020-09-06,29.58
Holmes County,2020-09-06,28.21
Indian River County,2020-09-06,28.95
Jackson County,2020-09-06,28.37
Jefferson County,2020-09-06,28.76
Lafayette County,2020-09-06,29.35
Lake County,2020-09-06,29.65
Lee County,2020-09-06,29.0
Leon County,2020-09-06,28.65
Levy County,2020-09-06,29.4
Liberty County,2020-09-06,29.02
Madison County,2020-09-06,28.81
Manatee County,2020-09-06,29.19
Marion County,2020-09-06,29.29
Martin County,2020-09-06,29.13
Miami-Dade County,2020-09-06,29.11
Monroe County,2020-09-06,29.78
Nassau County,2020-09-06,29.3
Okaloosa County,2020-09-06,28.42
Okeechobee County,2020-09-06,28.89
Orange County,2020-09-06,29.56
Osceola County,2020-09-06,29.29
Palm Beach County,2020-09-06,28.82
Pasco County,2020-09-06,29.69
Pinellas County,2020-09-06,30.0
Polk County,2020-09-06,29.32
Putnam County,2020-09-06,29.25
St. Johns County,2020-09-06,29.21
St. Lucie County,2020-09-06,29.09
Santa Rosa County,2020-09-06,28.37
Sarasota County,2020-09-06,29.27
Seminole County,2020-09-06,29.43
Sumter County,2020-09-06,29.62
Suwannee County,2020-09-06,29.05
Taylor County,2020-09-06,29.62
Union County,2020-09-06,28.78
Volusia County,2020-09-06,29.1
Wakulla County,2020-09-06,29.38
Walton County,2020-09-06,28.52
Washington County,2020-09-06,28.53
Alachua County,2020-09-07,28.49
Baker County,2020-09-07,27.45
Bay County,2020-09-07,27.94
Bradford County,2020-09-07,28.07
Brevard County,2020-09-07,27.52
Broward County,2020-09-07,27.58
Calhoun County,2020-09-07,27.49
Charlotte County,2020-09-07,27.47
Citrus County,2020-09-07,29.13
Clay County,2020-09-07,28.2
Collier County,2020-09-07,26.96
Columbia County,2020-09-07,27.78
DeSoto County,2020-09-07,27.3
Dixie County,2020-09-07,28.38
Duval County,2020-09-07,27.69
Escambia County,2020-09-07,26.76
Flagler County,2020-09-07,28.28
Franklin County,2020-09-07,28.52
Gadsden County,2020-09-07,26.78
Gilchrist County,2020-09-07,28.27
Glades County,2020-09-07,26.6
Gulf County,2020-09-07,28.23
Hamilton County,2020-09-07,27.4
Hardee County,2020-09-07,27.63
Hendry County,2020-09-07,26.64
Hernando County,2020-09-07,29.16
Highlands County,2020-09-07,26.96
Hillsborough County,2020-09-07,28.79
Holmes County,2020-09-07,26.85
Indian River County,2020-09-07,27.16
Jackson County,2020-09-07,26.87
Jefferson County,2020-09-07,27.32
Lafayette County,2020-09-07,28.1
Lake County,2020-09-07,28.78
Lee County,2020-09-07,27.13
Leon County,2020-09-07,27.12
Levy County,2020-09-07,28.65
Liberty County,2020-09-07,27.65
Madison County,2020-09-07,27.47
Manatee County,2020-09-07,28.0
Marion County,2020-09-07,28.64
Martin County,2020-09-07,27.6
Miami-Dade County,2020-09-07,28.14
Monroe County,2020-09-07,28.56
Nassau County,2020-09-07,27.22
Okaloosa County,2020-09-07,26.79
Okeechobee County,2020-09-07,26.99
Orange County,2020-09-07,28.42
Osceola County,2020-09-07,27.8
Palm Beach County,2020-09-07,27.3
Pasco County,2020-09-07,28.93
Pinellas County,2020-09-07,29.19
Polk County,2020-09-07,28.24
Putnam County,2020-09-07,28.55
St. Johns County,2020-09-07,28.3
St. Lucie County,2020-09-07,27.43
Santa Rosa County,2020-09-07,26.6
Sarasota County,2020-09-07,27.82
Seminole County,2020-09-07,28.31
Sumter County,2020-09-07,28.88
Suwannee County,2020-09-07,27.92
Taylor County,2020-09-07,28.25
Union County,2020-09-07,27.94
Volusia County,2020-09-07,28.21
Wakulla County,2020-09-07,27.89
Walton County,2020-09-07,27.05
Washington County,2020-09-07,27.25
Alachua County,2020-09-08,27.28
Baker County,2020-09-08,26.68
Bay County,2020-09-08,27.82
Bradford County,2020-09-08,26.99
Brevard County,2020-09-08,27.01
Broward County,2020-09-08,27.61
Calhoun County,2020-09-08,27.37
Charlotte County,2020-09-08,27.6
Citrus County,2020-09-08,27.97
Clay County,2020-09-08,27.18
Collier County,2020-09-08,27.33
Columbia County,2020-09-08,26.91
DeSoto County,2020-09-08,27.35
Dixie County,2020-09-08,27.31
Duval County,2020-09-08,27.04
Escambia County,2020-09-08,26.49
Flagler County,2020-09-08,27.03
Franklin County,2020-09-08,27.97
Gadsden County,2020-09-08,26.55
Gilchrist County,2020-09-08,27.18
Glades County,2020-09-08,27.04
Gulf County,2020-09-08,28.0
Hamilton County,2020-09-08,26.69
Hardee County,2020-09-08,27.45
Hendry County,2020-09-08,27.18
Hernando County,2020-09-08,28.17
Highlands County,2020-09-08,27.12
Hillsborough County,2020-09-08,28.03
Holmes County,2020-09-08,26.98
Indian River County,2020-09-08,27.01
Jackson County,2020-09-08,26.91
Jefferson County,2020-09-08,26.86
Lafayette County,2020-09-08,27.27
Lake County,2020-09-08,27.94
Lee County,2020-09-08,27.44
Leon County,2020-09-08,26.7
Levy County,2020-09-08,27.4
Liberty County,2020-09-08,27.29
Madison County,2020-09-08,26.93
Manatee County,2020-09-08,27.67
Marion County,2020-09-08,27.49
Martin County,2020-09-08,27.43
Miami-Dade County,2020-09-08,27.63
Monroe County,2020-09-08,27.93
Nassau County,2020-09-08,26.87
Okaloosa County,2020-09-08,26.83
Okeechobee County,2020-09-08,27.23
Orange County,2020-09-08,27.82
Osceola County,2020-09-08,27.6
Palm Beach County,2020-09-08,27.41
Pasco County,2020-09-08,28.08
Pinellas County,2020-09-08,28.24
Polk County,2020-09-08,27.82
Putnam County,2020-09-08,27.35
St. Johns County,2020-09-08,27.15
St. Lucie County,2020-09-08,27.22
Santa Rosa County,2020-09-08,26.48
Sarasota County,2020-09-08,27.69
Seminole County,2020-09-08,27.61
Sumter County,2020-09-08,27.98
Suwannee County,2020-09-08,27.1
Taylor County,2020-09-08,27.47
Union County,2020-09-08,26.91
Volusia County,2020-09-08,27.2
Wakulla County,2020-09-08,27.23
Walton County,2020-09-08,27.1
Washington County,2020-09-08,27.24
Alachua County,2020-09-09,27.23
Baker County,2020-09-09,26.59
Bay County,2020-09-09,27.78
Bradford County,2020-09-09,26.89
Brevard County,2020-09-09,27.35
Broward County,2020-09-09,27.99
Calhoun County,2020-09-09,27.32
Charlotte County,2020-09-09,27.85
Citrus County,2020-09-09,27.92
Clay County,2020-09-09,27.12
Collier County,2020-09-09,27.57
Columbia County,2020-09-09,26.82
DeSoto County,2020-09-09,27.68
Dixie County,2020-09-09,27.33
Duval County,2020-09-09,26.93
Escambia County,2020-09-09,27.05
Flagler County,2020-09-09,27.22
Franklin County,2020-09-09,28.07
Gadsden County,2020-09-09,26.41
Gilchrist County,2020-09-09,27.19
Glades County,2020-09-09,27.2
Gulf County,2020-09-09,28.09
Hamilton County,2020-09-09,26.55
Hardee County,2020-09-09,27.81
Hendry County,2020-09-09,27.23
Hernando County,2020-09-09,28.11
Highlands County,2020-09-09,27.39
Hillsborough County,2020-09-09,28.2
Holmes County,2020-09-09,26.8
Indian River County,2020-09-09,27.34
Jackson County,2020-09-09,26.72
Jefferson County,2020-09-09,26.74
Lafayette County,2020-09-09,27.16
Lake County,2020-09-09,28.0
Lee County,2020-09-09,27.64
Leon County,2020-09-09,26.65
Levy County,2020-09-09,27.45
Liberty County,2020-09-09,27.35
Madison County,2020-09-09,26.75
Manatee County,2020-09-09,27.9
Marion County,2020-09-09,27.45
Martin County,2020-09-09,27.58
Miami-Dade County,2020-09-09,28.37
Monroe County,2020-09-09,28.52
Nassau County,2020-09-09,26.69
Okaloosa County,2020-09-09,26.9
Okeechobee County,2020-09-09,27.39
Orange County,2020-09-09,28.05
Osceola County,2020-09-09,27.91
Palm Beach County,2020-09-09,27.55
Pasco County,2020-09-09,28.09
Pinellas County,2020-09-09,28.21
Polk County,2020-09-09,28.12
Putnam County,2020-09-09,27.37
St. Johns County,2020-09-09,27.21
St. Lucie County,2020-09-09,27.48
Santa Rosa County,2020-09-09,26.82
Sarasota County,2020-09-09,27.9
Seminole County,2020-09-09,27.83
Sumter County,2020-09-09,27.95
Suwannee County,2020-09-09,26.96
Taylor County,2020-09-09,27.4
Union County,2020-09-09,26.83
Volusia County,2020-09-09,27.39
Wakulla County,2020-09-09,27.29
Walton County,2020-09-09,27.01
Washington County,2020-09-09,27.12
Alachua County,2020-09-10,27.68
Baker County,2020-09-10,26.8
Bay County,2020-09-10,27.9
Bradford County,2020-09-10,27.3
Brevard County,2020-09-10,27.88
Broward County,2020-09-10,27.62
Calhoun County,2020-09-10,27.42
Charlotte County,2020-09-10,26.96
Citrus County,2020-09-10,28.26
Clay County,2020-09-10,27.47
Collier County,2020-09-10,26.55
Columbia County,2020-09-10,26.99
DeSoto County,2020-09-10,27.07
Dixie County,2020-09-10,27.37
Duval County,2020-09-10,27.13
Escambia County,2020-09-10,27.21
Flagler County,2020-09-10,27.6
Franklin County,2020-09-10,28.05
Gadsden County,2020-09-10,26.48
Gilchrist County,2020-09-10,27.42
Glades County,2020-09-10,26.82
Gulf County,2020-09-10,28.12
Hamilton County,2020-09-10,26.54
Hardee County,2020-09-10,27.38
Hendry County,2020-09-10,26.8
Hernando County,2020-09-10,28.4
Highlands County,2020-09-10,27.02
Hillsborough County,2020-09-10,28.15
Holmes County,2020-09-10,26.79
Indian River County,2020-09-10,27.74
Jackson County,2020-09-10,26.81
Jefferson County,2020-09-10,26.48
Lafayette County,2020-09-10,27.12
Lake County,2020-09-10,28.31
Lee County,2020-09-10,26.44
Leon County,2020-09-10,26.49
Levy County,2020-09-10,27.75
Liberty County,2020-09-10,27.43
Madison County,2020-09-10,26.57
Manatee County,2020-09-10,27.58
Marion County,2020-09-10,27.92
Martin County,2020-09-10,27.92
Miami-Dade County,2020-09-10,27.81
Monroe County,2020-09-10,27.78
Nassau County,2020-09-10,26.83
Okaloosa County,2020-09-10,26.98
Okeechobee County,2020-09-10,27.46
Orange County,2020-09-10,28.34
Osceola County,2020-09-10,28.02
Palm Beach County,2020-09-10,27.61
Pasco County,2020-09-10,28.3
Pinellas County,2020-09-10,28.46
Polk County,2020-09-10,27.92
Putnam County,2020-09-10,27.8
St. Johns County,2020-09-10,27.47
St. Lucie County,2020-09-10,27.85
Santa Rosa County,2020-09-10,26.93
Sarasota County,2020-09-10,27.31
Seminole County,2020-09-10,28.26
Sumter County,2020-09-10,28.23
Suwannee County,2020-09-10,26.98
Taylor County,2020-09-10,27.15
Union County,2020-09-10,27.17
Volusia County,2020-09-10,27.87
Wakulla County,2020-09-10,27.11
Walton County,2020-09-10,27.07
Washington County,2020-09-10,27.18
Alachua County,2020-09-11,28.16
Baker County,2020-09-11,27.45
Bay County,2020-09-11,27.64
Bradford County,2020-09-11,27.8
Brevard County,2020-09-11,28.28
Broward County,2020-09-11,27.66
Calhoun County,2020-09-11,27.57
Charlotte County,2020-09-11,28.04
Citrus County,2020-09-11,28.57
Clay County,2020-09-11,28.01
Collier County,2020-09-11,27.65
Columbia County,2020-09-11,27.81
DeSoto County,2020-09-11,27.77
Dixie County,2020-09-11,28.32
Duval County,2020-09-11,27.89
Escambia County,2020-09-11,27.33
Flagler County,2020-09-11,28.04
Franklin County,2020-09-11,28.42
Gadsden County,2020-09-11,27.41
Gilchrist County,2020-09-11,28.2
Glades County,2020-09-11,27.37
Gulf County,2020-09-11,28.08
Hamilton County,2020-09-11,27.71
Hardee County,2020-09-11,27.91
Hendry County,2020-09-11,27.4
Hernando County,2020-09-11,28.61
Highlands County,2020-09-11,27.5
Hillsborough County,2020-09-11,28.48
Holmes County,2020-09-11,26.8
Indian River County,2020-09-11,28.1
Jackson County,2020-09-11,27.23
Jefferson County,2020-09-11,27.87
Lafayette County,2020-09-11,28.29
Lake County,2020-09-11,28.36
Lee County,2020-09-11,27.86
Leon County,2020-09-11,27.68
Levy County,2020-09-11,28.32
Liberty County,2020-09-11,27.83
Madison County,2020-09-11,27.97
Manatee County,2020-09-11,28.12
Marion County,2020-09-11,28.15
Martin County,2020-09-11,28.22
Miami-Dade County,2020-09-11,28.14
Monroe County,2020-09-11,28.64
Nassau County,2020-09-11,27.66
Okaloosa County,2020-09-11,27.08
Okeechobee County,2020-09-11,27.75
Orange County,2020-09-11,28.33
Osceola County,2020-09-11,28.13
Palm Beach County,2020-09-11,27.63
Pasco County,2020-09-11,28.47
Pinellas County,2020-09-11,28.73
Polk County,2020-09-11,28.24
Putnam County,2020-09-11,28.19
St. Johns County,2020-09-11,28.21
St. Lucie County,2020-09-11,28.28
Santa Rosa County,2020-09-11,27.1
Sarasota County,2020-09-11,28.16
Seminole County,2020-09-11,28.24
Sumter County,2020-09-11,28.4
Suwannee County,2020-09-11,28.11
Taylor County,2020-09-11,28.45
Union County,2020-09-11,27.77
Volusia County,2020-09-11,28.12
Wakulla County,2020-09-11,28.07
Walton County,2020-09-11,26.98
Washington County,2020-09-11,27.07
Alachua County,2020-09-12,27.51
Baker County,2020-09-12,26.69
Bay County,2020-09-12,28.14
Bradford County,2020-09-12,27.05
Brevard County,2020-09-12,28.41
Broward County,2020-09-12,28.06
Calhoun County,2020-09-12,28.07
Charlotte County,2020-09-12,28.7
Citrus County,2020-09-12,28.7
Clay County,2020-09-12,27.61
Collier County,2020-09-12,28.14
Columbia County,2020-09-12,26.99
DeSoto County,2020-09-12,28.32
Dixie County,2020-09-12,28.17
Duval County,2020-09-12,27.82
Escambia County,2020-09-12,27.44
Flagler County,2020-09-12,28.27
Franklin County,2020-09-12,28.65
Gadsden County,2020-09-12,27.29
Gilchrist County,2020-09-12,27.66
Glades County,2020-09-12,27.99
Gulf County,2020-09-12,28.46
Hamilton County,2020-09-12,27.22
Hardee County,2020-09-12,28.35
Hendry County,2020-09-12,27.88
Hernando County,2020-09-12,28.84
Highlands County,2020-09-12,28.02
Hillsborough County,2020-09-12,28.88
Holmes County,2020-09-12,27.42
Indian River County,2020-09-12,28.23
Jackson County,2020-09-12,27.68
Jefferson County,2020-09-12,27.54
Lafayette County,2020-09-12,27.93
Lake County,2020-09-12,28.53
Lee County,2020-09-12,28.6
Leon County,2020-09-12,27.39
Levy County,2020-09-12,28.16
Liberty County,2020-09-12,28.11
Madison County,2020-09-12,27.66
Manatee County,2020-09-12,28.52
Marion County,2020-09-12,28.0
Martin County,2020-09-12,28.5
Miami-Dade County,2020-09-12,28.31
Monroe County,2020-09-12,28.96
Nassau County,2020-09-12,27.53
Okaloosa County,2020-09-12,27.34
Okeechobee County,2020-09-12,28.16
Orange County,2020-09-12,28.55
Osceola County,2020-09-12,28.37
Palm Beach County,2020-09-12,28.05
Pasco County,2020-09-12,28.75
Pinellas County,2020-09-12,29.15
Polk County,2020-09-12,28.56
Putnam County,2020-09-12,27.99
St. Johns County,2020-09-12,28.4
St. Lucie County,2020-09-12,28.48
Santa Rosa County,2020-09-12,27.28
Sarasota County,2020-09-12,28.63
Seminole County,2020-09-12,28.45
Sumter County,2020-09-12,28.54
Suwannee County,2020-09-12,27.58
Taylor County,2020-09-12,28.3
Union County,2020-09-12,26.88
Volusia County,2020-09-12,28.34
Wakulla County,2020-09-12,28.05
Walton County,2020-09-12,27.4
Washington County,2020-09-12,27.72
Alachua County,2020-09-13,27.47
Baker County,2020-09-13,26.64
Bay County,2020-09-13,28.73
Bradford County,2020-09-13,26.97
Brevard County,2020-09-13,27.35
Broward County,2020-09-13,26.13
Calhoun County,2020-09-13,28.71
Charlotte County,2020-09-13,26.95
Citrus County,2020-09-13,27.99
Clay County,2020-09-13,27.36
Collier County,2020-09-13,26.05
Columbia County,2020-09-13,27.18
DeSoto County,2020-09-13,26.92
Dixie County,2020-09-13,28.02
Duval County,2020-09-13,27.56
Escambia County,2020-09-13,27.59
Flagler County,2020-09-13,27.73
Franklin County,2020-09-13,29.28
Gadsden County,2020-09-13,28.19
Gilchrist County,2020-09-13,27.64
Glades County,2020-09-13,26.98
Gulf County,2020-09-13,28.96
Hamilton County,2020-09-13,27.36
Hardee County,2020-09-13,27.07
Hendry County,2020-09-13,26.69
Hernando County,2020-09-13,27.91
Highlands County,2020-09-13,27.06
Hillsborough County,2020-09-13,27.53
Holmes County,2020-09-13,28.24
Indian River County,2020-09-13,27.14
Jackson County,2020-09-13,28.34
Jefferson County,2020-09-13,28.09
Lafayette County,2020-09-13,27.95
Lake County,2020-09-13,27.82
Lee County,2020-09-13,26.52
Leon County,2020-09-13,28.24
Levy County,2020-09-13,27.83
Liberty County,2020-09-13,28.85
Madison County,2020-09-13,27.89
Manatee County,2020-09-13,26.99
Marion County,2020-09-13,27.59
Martin County,2020-09-13,27.34
Miami-Dade County,2020-09-13,26.39
Monroe County,2020-09-13,27.02
Nassau County,2020-09-13,27.36
Okaloosa County,2020-09-13,27.95
Okeechobee County,2020-09-13,27.28
Orange County,2020-09-13,27.71
Osceola County,2020-09-13,27.46
Palm Beach County,2020-09-13,26.71
Pasco County,2020-09-13,27.66
Pinellas County,2020-09-13,27.9
Polk County,2020-09-13,27.44
Putnam County,2020-09-13,27.66
St. Johns County,2020-09-13,27.99
St. Lucie County,2020-09-13,27.32
Santa Rosa County,2020-09-13,27.67
Sarasota County,2020-09-13,26.86
Seminole County,2020-09-13,27.69
Sumter County,2020-09-13,27.73
Suwannee County,2020-09-13,27.68
Taylor County,2020-09-13,28.5
Union County,2020-09-13,26.94
Volusia County,2020-09-13,27.67
Wakulla County,2020-09-13,28.83
Walton County,2020-09-13,28.13
Washington County,2020-09-13,28.36
Alachua County,2020-09-14,27.35
Baker County,2020-09-14,26.4
Bay County,2020-09-14,27.82
Bradford County,2020-09-14,26.95
Brevard County,2020-09-14,26.96
Broward County,2020-09-14,27.71
Calhoun County,2020-09-14,28.09
Charlotte County,2020-09-14,25.1
Citrus County,2020-09-14,26.94
Clay County,2020-09-14,27.11
Collier County,2020-09-14,26.51
Columbia County,2020-09-14,26.87
DeSoto County,2020-09-14,24.97
Dixie County,2020-09-14,27.45
Duval County,2020-09-14,27.0
Escambia County,2020-09-14,28.05
Flagler County,2020-09-14,27.12
Franklin County,2020-09-14,28.33
Gadsden County,2020-09-14,27.72
Gilchrist County,2020-09-14,27.41
Glades County,2020-09-14,26.14
Gulf County,2020-09-14,28.09
Hamilton County,2020-09-14,26.73
Hardee County,2020-09-14,25.06
Hendry County,2020-09-14,26.66
Hernando County,2020-09-14,26.47
Highlands County,2020-09-14,25.78
Hillsborough County,2020-09-14,25.16
Holmes County,2020-09-14,27.62
Indian River County,2020-09-14,26.96
Jackson County,2020-09-14,27.85
Jefferson County,2020-09-14,27.58
Lafayette County,2020-09-14,27.57
Lake County,2020-09-14,26.97
Lee County,2020-09-14,25.31
Leon County,2020-09-14,27.74
Levy County,2020-09-14,27.24
Liberty County,2020-09-14,28.2
Madison County,2020-09-14,27.38
Manatee County,2020-09-14,24.45
Marion County,2020-09-14,27.12
Martin County,2020-09-14,27.47
Miami-Dade County,2020-09-14,28.0
Monroe County,2020-09-14,28.1
Nassau County,2020-09-14,26.65
Okaloosa County,2020-09-14,27.63
Okeechobee County,2020-09-14,26.74
Orange County,2020-09-14,26.91
Osceola County,2020-09-14,26.7
Palm Beach County,2020-09-14,27.42
Pasco County,2020-09-14,25.86
Pinellas County,2020-09-14,25.22
Polk County,2020-09-14,25.9
Putnam County,2020-09-14,27.32
St. Johns County,2020-09-14,27.46
St. Lucie County,2020-09-14,27.27
Santa Rosa County,2020-09-14,27.77
Sarasota County,2020-09-14,24.38
Seminole County,2020-09-14,26.92
Sumter County,2020-09-14,26.84
Suwannee County,2020-09-14,27.29
Taylor County,2020-09-14,27.89
Union County,2020-09-14,26.92
Volusia County,2020-09-14,26.95
Wakulla County,2020-09-14,28.1
Walton County,2020-09-14,27.46
Washington County,2020-09-14,27.73
Alachua County,2020-09-15,27.28
Baker County,2020-09-15,26.79
Bay County,2020-09-15,24.48
Bradford County,2020-09-15,27.09
Brevard County,2020-09-15,27.8
Broward County,2020-09-15,28.78
Calhoun County,2020-09-15,25.52
Charlotte County,2020-09-15,27.47
Citrus County,2020-09-15,27.14
Clay County,2020-09-15,27.31
Collier County,2020-09-15,27.76
Columbia County,2020-09-15,26.97
DeSoto County,2020-09-15,27.68
Dixie County,2020-09-15,26.48
Duval County,2020-09-15,27.21
Escambia County,2020-09-15,25.33
Flagler County,2020-09-15,27.31
Franklin County,2020-09-15,25.64
Gadsden County,2020-09-15,25.81
Gilchrist County,2020-09-15,26.95
Glades County,2020-09-15,28.06
Gulf County,2020-09-15,25.15
Hamilton County,2020-09-15,26.68
Hardee County,2020-09-15,27.81
Hendry County,2020-09-15,28.16
Hernando County,2020-09-15,27.32
Highlands County,2020-09-15,27.99
Hillsborough County,2020-09-15,27.24
Holmes County,2020-09-15,25.23
Indian River County,2020-09-15,27.94
Jackson County,2020-09-15,25.61
Jefferson County,2020-09-15,26.24
Lafayette County,2020-09-15,26.88
Lake County,2020-09-15,27.98
Lee County,2020-09-15,27.18
Leon County,2020-09-15,26.06
Levy County,2020-09-15,26.69
Liberty County,2020-09-15,25.9
Madison County,2020-09-15,26.61
Manatee County,2020-09-15,27.14
Marion County,2020-09-15,27.38
Martin County,2020-09-15,28.52
Miami-Dade County,2020-09-15,29.06
Monroe County,2020-09-15,28.98
Nassau County,2020-09-15,27.07
Okaloosa County,2020-09-15,24.75
Okeechobee County,2020-09-15,28.23
Orange County,2020-09-15,28.17
Osceola County,2020-09-15,28.23
Palm Beach County,2020-09-15,28.59
Pasco County,2020-09-15,27.3
Pinellas County,2020-09-15,26.76
Polk County,2020-09-15,28.07
Putnam County,2020-09-15,27.52
St. Johns County,2020-09-15,27.39
St. Lucie County,2020-09-15,28.22
Santa Rosa County,2020-09-15,24.96
Sarasota County,2020-09-15,27.07
Seminole County,2020-09-15,27.97
Sumter County,2020-09-15,27.72
Suwannee County,2020-09-15,26.97
Taylor County,2020-09-15,26.6
Union County,2020-09-15,27.03
Volusia County,2020-09-15,27.5
Wakulla County,2020-09-15,26.0
Walton County,2020-09-15,24.51
Washington County,2020-09-15,24.94
Alachua County,2020-09-16,26.45
Baker County,2020-09-16,25.96
Bay County,2020-09-16,24.34
Bradford County,2020-09-16,26.34
Brevard County,2020-09-16,27.68
Broward County,2020-09-16,28.98
Calhoun County,2020-09-16,24.35
Charlotte County,2020-09-16,28.05
Citrus County,2020-09-16,26.79
Clay County,2020-09-16,26.78
Collier County,2020-09-16,28.5
Columbia County,2020-09-16,25.96
DeSoto County,2020-09-16,27.87
Dixie County,2020-09-16,25.79
Duval County,2020-09-16,26.78
Escambia County,2020-09-16,24.08
Flagler County,2020-09-16,26.84
Franklin County,2020-09-16,25.14
Gadsden County,2020-09-16,24.02
Gilchrist County,2020-09-16,26.04
Glades County,2020-09-16,28.2
Gulf County,2020-09-16,24.81
Hamilton County,2020-09-16,25.48
Hardee County,2020-09-16,27.83
Hendry County,2020-09-16,28.35
Hernando County,2020-09-16,27.04
Highlands County,2020-09-16,28.05
Hillsborough County,2020-09-16,27.33
Holmes County,2020-09-16,23.91
Indian River County,2020-09-16,28.15
Jackson County,2020-09-16,23.99
Jefferson County,2020-09-16,24.74
Lafayette County,2020-09-16,25.82
Lake County,2020-09-16,27.38
Lee County,2020-09-16,28.12
Leon County,2020-09-16,24.37
Levy County,2020-09-16,26.15
Liberty County,2020-09-16,24.62
Madison County,2020-09-16,25.21
Manatee County,2020-09-16,27.23
Marion County,2020-09-16,26.69
Martin County,2020-09-16,28.84
Miami-Dade County,2020-09-16,29.28
Monroe County,2020-09-16,29.63
Nassau County,2020-09-16,26.35
Okaloosa County,2020-09-16,23.76
Okeechobee County,2020-09-16,28.34
Orange County,2020-09-16,27.69
Osceola County,2020-09-16,28.05
Palm Beach County,2020-09-16,28.75
Pasco County,2020-09-16,27.06
Pinellas County,2020-09-16,26.87
Polk County,2020-09-16,27.95
Putnam County,2020-09-16,26.91
St. Johns County,2020-09-16,27.1
St. Lucie County,2020-09-16,28.58
Santa Rosa County,2020-09-16,23.79
Sarasota County,2020-09-16,27.35
Seminole County,2020-09-16,27.38
Sumter County,2020-09-16,27.2
Suwannee County,2020-09-16,25.85
Taylor County,2020-09-16,25.59
Union County,2020-09-16,26.14
Volusia County,2020-09-16,26.95
Wakulla County,2020-09-16,24.83
Walton County,2020-09-16,23.78
Washington County,2020-09-16,24.0
Alachua County,2020-09-17,27.66
Baker County,2020-09-17,26.41
Bay County,2020-09-17,24.99
Bradford County,2020-09-17,27.25
Brevard County,2020-09-17,27.76
Broward County,2020-09-17,28.89
Calhoun County,2020-09-17,24.36
Charlotte County,2020-09-17,28.83
Citrus County,2020-09-17,28.27
Clay County,2020-09-17,27.48
Collier County,2020-09-17,28.64
Columbia County,2020-09-17,26.69
DeSoto County,2020-09-17,28.65
Dixie County,2020-09-17,27.35
Duval County,2020-09-17,27.02
Escambia County,2020-09-17,22.96
Flagler County,2020-09-17,27.5
Franklin County,2020-09-17,25.63
Gadsden County,2020-09-17,23.9
Gilchrist County,2020-09-17,27.46
Glades County,2020-09-17,28.34
Gulf County,2020-09-17,25.21
Hamilton County,2020-09-17,25.8
Hardee County,2020-09-17,28.67
Hendry County,2020-09-17,28.45
Hernando County,2020-09-17,28.48
Highlands County,2020-09-17,28.23
Hillsborough County,2020-09-17,28.68
Holmes County,2020-09-17,24.02
Indian River County,2020-09-17,27.83
Jackson County,2020-09-17,23.98
Jefferson County,2020-09-17,25.26
Lafayette County,2020-09-17,27.03
Lake County,2020-09-17,28.33
Lee County,2020-09-17,28.7
Leon County,2020-09-17,24.62
Levy County,2020-09-17,27.75
Liberty County,2020-09-17,24.42
Madison County,2020-09-17,25.75
Manatee County,2020-09-17,28.53
Marion County,2020-09-17,27.87
Martin County,2020-09-17,28.69
Miami-Dade County,2020-09-17,29.21
Monroe County,2020-09-17,29.74
Nassau County,2020-09-17,26.27
Okaloosa County,2020-09-17,23.41
Okeechobee County,2020-09-17,27.95
Orange County,2020-09-17,28.28
Osceola County,2020-09-17,28.15
Palm Beach County,2020-09-17,28.66
Pasco County,2020-09-17,28.49
Pinellas County,2020-09-17,28.67
Polk County,2020-09-17,28.69
Putnam County,2020-09-17,27.81
St. Johns County,2020-09-17,27.64
St. Lucie County,2020-09-17,28.32
Santa Rosa County,2020-09-17,23.0
Sarasota County,2020-09-17,28.6
Seminole County,2020-09-17,27.96
Sumter County,2020-09-17,28.35
Suwannee County,2020-09-17,26.75
Taylor County,2020-09-17,26.66
Union County,2020-09-17,27.08
Volusia County,2020-09-17,27.57
Wakulla County,2020-09-17,25.18
Walton County,2020-09-17,23.89
Washington County,2020-09-17,24.43
Alachua County,2020-09-18,26.54
Baker County,2020-09-18,26.06
Bay County,2020-09-18,24.45
Bradford County,2020-09-18,26.37
Brevard County,2020-09-18,29.01
Broward County,2020-09-18,29.17
Calhoun County,2020-09-18,24.06
Charlotte County,2020-09-18,29.02
Citrus County,2020-09-18,27.55
Clay County,2020-09-18,27.14
Collier County,2020-09-18,28.87
Columbia County,2020-09-18,25.9
DeSoto County,2020-09-18,28.76
Dixie County,2020-09-18,26.19
Duval County,2020-09-18,27.46
Escambia County,2020-09-18,25.39
Flagler County,2020-09-18,28.21
Franklin County,2020-09-18,25.17
Gadsden County,2020-09-18,23.49
Gilchrist County,2020-09-18,26.16
Glades County,2020-09-18,28.81
Gulf County,2020-09-18,24.87
Hamilton County,2020-09-18,25.65
Hardee County,2020-09-18,28.6
Hendry County,2020-09-18,28.82
Hernando County,2020-09-18,27.88
Highlands County,2020-09-18,28.64
Hillsborough County,2020-09-18,28.32
Holmes County,2020-09-18,23.9
Indian River County,2020-09-18,29.13
Jackson County,2020-09-18,23.53
Jefferson County,2020-09-18,24.64
Lafayette County,2020-09-18,26.01
Lake County,2020-09-18,28.38
Lee County,2020-09-18,28.9
Leon County,2020-09-18,24.07
Levy County,2020-09-18,26.64
Liberty County,2020-09-18,24.29
Madison County,2020-09-18,25.28
Manatee County,2020-09-18,28.38
Marion County,2020-09-18,27.32
Martin County,2020-09-18,29.72
Miami-Dade County,2020-09-18,29.23
Monroe County,2020-09-18,29.63
Nassau County,2020-09-18,27.2
Okaloosa County,2020-09-18,24.6
Okeechobee County,2020-09-18,28.94
Orange County,2020-09-18,28.84
Osceola County,2020-09-18,28.83
Palm Beach County,2020-09-18,29.23
Pasco County,2020-09-18,27.95
Pinellas County,2020-09-18,28.09
Polk County,2020-09-18,28.61
Putnam County,2020-09-18,27.56
St. Johns County,2020-09-18,28.02
St. Lucie County,2020-09-18,29.6
Santa Rosa County,2020-09-18,24.99
Sarasota County,2020-09-18,28.63
Seminole County,2020-09-18,28.81
Sumter County,2020-09-18,27.93
Suwannee County,2020-09-18,25.93
Taylor County,2020-09-18,25.81
Union County,2020-09-18,26.01
Volusia County,2020-09-18,28.58
Wakulla County,2020-09-18,24.71
Walton County,2020-09-18,24.2
Washington County,2020-09-18,24.0
Alachua County,2020-09-19,26.4
Baker County,2020-09-19,24.88
Bay County,2020-09-19,26.56
Bradford County,2020-09-19,25.85
Brevard County,2020-09-19,27.94
Broward County,2020-09-19,29.5
Calhoun County,2020-09-19,26.26
Charlotte County,2020-09-19,27.88
Citrus County,2020-09-19,27.45
Clay County,2020-09-19,26.22
Collier County,2020-09-19,28.74
Columbia County,2020-09-19,25.13
DeSoto County,2020-09-19,27.38
Dixie County,2020-09-19,26.38
Duval County,2020-09-19,25.62
Escambia County,2020-09-19,25.6
Flagler County,2020-09-19,27.05
Franklin County,2020-09-19,27.42
Gadsden County,2020-09-19,25.24
Gilchrist County,2020-09-19,26.14
Glades County,2020-09-19,27.99
Gulf County,2020-09-19,27.2
Hamilton County,2020-09-19,24.37
Hardee County,2020-09-19,27.31
Hendry County,2020-09-19,28.56
Hernando County,2020-09-19,27.71
Highlands County,2020-09-19,27.46
Hillsborough County,2020-09-19,27.76
Holmes County,2020-09-19,25.21
Indian River County,2020-09-19,28.51
Jackson County,2020-09-19,25.35
Jefferson County,2020-09-19,25.07
Lafayette County,2020-09-19,25.88
Lake County,2020-09-19,27.67
Lee County,2020-09-19,28.11
Leon County,2020-09-19,25.4
Levy County,2020-09-19,26.7
Liberty County,2020-09-19,26.6
Madison County,2020-09-19,24.82
Manatee County,2020-09-19,27.48
Marion County,2020-09-19,27.02
Martin County,2020-09-19,29.72
Miami-Dade County,2020-09-19,29.46
Monroe County,2020-09-19,29.8
Nassau County,2020-09-19,24.9
Okaloosa County,2020-09-19,25.59
Okeechobee County,2020-09-19,28.32
Orange County,2020-09-19,27.82
Osceola County,2020-09-19,27.86
Palm Beach County,2020-09-19,29.54
Pasco County,2020-09-19,27.7
Pinellas County,2020-09-19,28.19
Polk County,2020-09-19,27.61
Putnam County,2020-09-19,26.95
St. Johns County,2020-09-19,26.63
St. Lucie County,2020-09-19,29.29
Santa Rosa County,2020-09-19,25.57
Sarasota County,2020-09-19,27.63
Seminole County,2020-09-19,27.71
Sumter County,2020-09-19,27.54
Suwannee County,2020-09-19,25.34
Taylor County,2020-09-19,26.14
Union County,2020-09-19,25.57
Volusia County,2020-09-19,27.39
Wakulla County,2020-09-19,26.44
Walton County,2020-09-19,25.53
Washington County,2020-09-19,25.75
Alachua County,2020-09-20,23.71
Baker County,2020-09-20,22.03
Bay County,2020-09-20,22.44
Bradford County,2020-09-20,23.22
Brevard County,2020-09-20,27.89
Broward County,2020-09-20,29.54
Calhoun County,2020-09-20,22.47
Charlotte County,2020-09-20,28.49
Citrus County,2020-09-20,26.07
Clay County,2020-09-20,24.08
Collier County,2020-09-20,28.78
Columbia County,2020-09-20,21.83
DeSoto County,2020-09-20,28.21
Dixie County,2020-09-20,22.95
Duval County,2020-09-20,23.55
Escambia County,2020-09-20,20.73
Flagler County,2020-09-20,26.11
Franklin County,2020-09-20,23.78
Gadsden County,2020-09-20,21.32
Gilchrist County,2020-09-20,22.78
Glades County,2020-09-20,28.47
Gulf County,2020-09-20,23.54
Hamilton County,2020-09-20,20.89
Hardee County,2020-09-20,28.07
Hendry County,2020-09-20,28.8
Hernando County,2020-09-20,26.96
Highlands County,2020-09-20,28.16
Hillsborough County,2020-09-20,27.89
Holmes County,2020-09-20,21.2
Indian River County,2020-09-20,28.3
Jackson County,2020-09-20,21.45
Jefferson County,2020-09-20,21.19
Lafayette County,2020-09-20,22.07
Lake County,2020-09-20,27.23
Lee County,2020-09-20,28.46
Leon County,2020-09-20,21.47
Levy County,2020-09-20,24.07
Liberty County,2020-09-20,22.88
Madison County,2020-09-20,21.01
Manatee County,2020-09-20,27.98
Marion County,2020-09-20,25.47
Martin County,2020-09-20,29.13
Miami-Dade County,2020-09-20,29.46
Monroe County,2020-09-20,29.56
Nassau County,2020-09-20,22.5
Okaloosa County,2020-09-20,20.84
Okeechobee County,2020-09-20,28.51
Orange County,2020-09-20,27.83
Osceola County,2020-09-20,28.2
Palm Beach County,2020-09-20,29.33
Pasco County,2020-09-20,27.38
Pinellas County,2020-09-20,28.07
Polk County,2020-09-20,28.03
Putnam County,2020-09-20,25.31
St. Johns County,2020-09-20,25.21
St. Lucie County,2020-09-20,28.74
Santa Rosa County,2020-09-20,20.62
Sarasota County,2020-09-20,28.19
Seminole County,2020-09-20,27.58
Sumter County,2020-09-20,26.81
Suwannee County,2020-09-20,21.63
Taylor County,2020-09-20,22.27
Union County,2020-09-20,22.54
Volusia County,2020-09-20,26.9
Wakulla County,2020-09-20,22.59
Walton County,2020-09-20,21.12
Washington County,2020-09-20,21.7
Alachua County,2020-09-21,22.72
Baker County,2020-09-21,20.85
Bay County,2020-09-21,20.04
Bradford County,2020-09-21,22.2
Brevard County,2020-09-21,27.19
Broward County,2020-09-21,28.48
Calhoun County,2020-09-21,20.19
Charlotte County,2020-09-21,28.09
Citrus County,2020-09-21,25.11
Clay County,2020-09-21,23.18
Collier County,2020-09-21,27.96
Columbia County,2020-09-21,20.83
DeSoto County,2020-09-21,27.7
Dixie County,2020-09-21,22.13
Duval County,2020-09-21,22.63
Escambia County,2020-09-21,18.65
Flagler County,2020-09-21,25.49
Franklin County,2020-09-21,21.82
Gadsden County,2020-09-21,19.6
Gilchrist County,2020-09-21,21.96
Glades County,2020-09-21,27.57
Gulf County,2020-09-21,21.18
Hamilton County,2020-09-21,19.94
Hardee County,2020-09-21,27.52
Hendry County,2020-09-21,27.64
Hernando County,2020-09-21,25.98
Highlands County,2020-09-21,27.4
Hillsborough County,2020-09-21,27.24
Holmes County,2020-09-21,18.88
Indian River County,2020-09-21,27.67
Jackson County,2020-09-21,19.34
Jefferson County,2020-09-21,19.97
Lafayette County,2020-09-21,21.26
Lake County,2020-09-21,26.21
Lee County,2020-09-21,28.02
Leon County,2020-09-21,19.93
Levy County,2020-09-21,23.19
Liberty County,2020-09-21,20.78
Madison County,2020-09-21,20.05
Manatee County,2020-09-21,27.65
Marion County,2020-09-21,24.51
Martin County,2020-09-21,28.37
Miami-Dade County,2020-09-21,28.92
Monroe County,2020-09-21,29.33
Nassau County,2020-09-21,21.33
Okaloosa County,2020-09-21,18.5
Okeechobee County,2020-09-21,27.74
Orange County,2020-09-21,26.76
Osceola County,2020-09-21,27.24
Palm Beach County,2020-09-21,28.25
Pasco County,2020-09-21,26.43
Pinellas County,2020-09-21,27.44
Polk County,2020-09-21,27.18
Putnam County,2020-09-21,24.5
St. Johns County,2020-09-21,24.66
St. Lucie County,2020-09-21,28.12
Santa Rosa County,2020-09-21,18.45
Sarasota County,2020-09-21,27.97
Seminole County,2020-09-21,26.53
Sumter County,2020-09-21,25.81
Suwannee County,2020-09-21,20.82
Taylor County,2020-09-21,21.28
Union County,2020-09-21,21.54
Volusia County,2020-09-21,26.08
Wakulla County,2020-09-21,20.95
Walton County,2020-09-21,18.69
Washington County,2020-09-21,19.28
Alachua County,2020-09-22,23.65
Baker County,2020-09-22,21.61
Bay County,2020-09-22,20.26
Bradford County,2020-09-22,23.03
Brevard County,2020-09-22,26.44
Broward County,2020-09-22,26.75
Calhoun County,2020-09-22,19.94
Charlotte County,2020-09-22,26.02
Citrus County,2020-09-22,25.63
Clay County,2020-09-22,23.64
Collier County,2020-09-22,26.17
Columbia County,2020-09-22,21.69
DeSoto County,2020-09-22,25.47
Dixie County,2020-09-22,23.06
Duval County,2020-09-22,22.9
Escambia County,2020-09-22,19.24
Flagler County,2020-09-22,25.05
Franklin County,2020-09-22,21.72
Gadsden County,2020-09-22,19.74
Gilchrist County,2020-09-22,22.9
Glades County,2020-09-22,25.28
Gulf County,2020-09-22,20.95
Hamilton County,2020-09-22,20.72
Hardee County,2020-09-22,25.56
Hendry County,2020-09-22,25.64
Hernando County,2020-09-22,26.15
Highlands County,2020-09-22,25.11
Hillsborough County,2020-09-22,26.59
Holmes County,2020-09-22,19.38
Indian River County,2020-09-22,26.48
Jackson County,2020-09-22,19.42
Jefferson County,2020-09-22,20.8
Lafayette County,2020-09-22,22.14
Lake County,2020-09-22,25.83
Lee County,2020-09-22,26.04
Leon County,2020-09-22,20.42
Levy County,2020-09-22,24.11
Liberty County,2020-09-22,20.4
Madison County,2020-09-22,20.91
Manatee County,2020-09-22,26.23
Marion County,2020-09-22,24.86
Martin County,2020-09-22,26.98
Miami-Dade County,2020-09-22,27.48
Monroe County,2020-09-22,28.04
Nassau County,2020-09-22,21.65
Okaloosa County,2020-09-22,19.28
Okeechobee County,2020-09-22,25.81
Orange County,2020-09-22,26.1
Osceola County,2020-09-22,26.04
Palm Beach County,2020-09-22,26.54
Pasco County,2020-09-22,26.29
Pinellas County,2020-09-22,27.21
Polk County,2020-09-22,25.93
Putnam County,2020-09-22,24.67
St. Johns County,2020-09-22,24.55
St. Lucie County,2020-09-22,26.88
Santa Rosa County,2020-09-22,19.1
Sarasota County,2020-09-22,26.34
Seminole County,2020-09-22,25.88
Sumter County,2020-09-22,25.77
Suwannee County,2020-09-22,21.66
Taylor County,2020-09-22,22.15
Union County,2020-09-22,22.45
Volusia County,2020-09-22,25.5
Wakulla County,2020-09-22,21.23
Walton County,2020-09-22,19.42
Washington County,2020-09-22,19.58
Alachua County,2020-09-23,23.14
Baker County,2020-09-23,21.53
Bay County,2020-09-23,21.94
Bradford County,2020-09-23,22.56
Brevard County,2020-09-23,25.84
Broward County,2020-09-23,26.83
Calhoun County,2020-09-23,21.5
Charlotte County,2020-09-23,25.83
Citrus County,2020-09-23,24.47
Clay County,2020-09-23,22.99
Collier County,2020-09-23,26.11
Columbia County,2020-09-23,21.9
DeSoto County,2020-09-23,25.2
Dixie County,2020-09-23,23.19
Duval County,2020-09-23,22.36
Escambia County,2020-09-23,21.22
Flagler County,2020-09-23,24.46
Franklin County,2020-09-23,23.1
Gadsden County,2020-09-23,21.09
Gilchrist County,2020-09-23,22.87
Glades County,2020-09-23,25.35
Gulf County,2020-09-23,22.64
Hamilton County,2020-09-23,21.41
Hardee County,2020-09-23,25.04
Hendry County,2020-09-23,25.66
Hernando County,2020-09-23,24.76
Highlands County,2020-09-23,25.07
Hillsborough County,2020-09-23,25.25
Holmes County,2020-09-23,20.26
Indian River County,2020-09-23,26.04
Jackson County,2020-09-23,20.61
Jefferson County,2020-09-23,21.76
Lafayette County,2020-09-23,22.65
Lake County,2020-09-23,24.82
Lee County,2020-09-23,25.99
Leon County,2020-09-23,21.49
Levy County,2020-09-23,23.58
Liberty County,2020-09-23,21.93
Madison County,2020-09-23,21.82
Manatee County,2020-09-23,25.23
Marion County,2020-09-23,23.92
Martin County,2020-09-23,26.85
Miami-Dade County,2020-09-23,27.38
Monroe County,2020-09-23,27.82
Nassau County,2020-09-23,21.31
Okaloosa County,2020-09-23,20.58
Okeechobee County,2020-09-23,25.64
Orange County,2020-09-23,25.27
Osceola County,2020-09-23,25.42
Palm Beach County,2020-09-23,26.51
Pasco County,2020-09-23,24.81
Pinellas County,2020-09-23,25.75
Polk County,2020-09-23,25.13
Putnam County,2020-09-23,23.86
St. Johns County,2020-09-23,23.89
St. Lucie County,2020-09-23,26.61
Santa Rosa County,2020-09-23,20.72
Sarasota County,2020-09-23,25.6
Seminole County,2020-09-23,25.15
Sumter County,2020-09-23,24.5
Suwannee County,2020-09-23,22.23
Taylor County,2020-09-23,22.85
Union County,2020-09-23,22.25
Volusia County,2020-09-23,24.95
Wakulla County,2020-09-23,22.3
Walton County,2020-09-23,20.62
Washington County,2020-09-23,20.81
Alachua County,2020-09-24,23.78
Baker County,2020-09-24,22.18
Bay County,2020-09-24,25.09
Bradford County,2020-09-24,23.04
Brevard County,2020-09-24,26.22
Broward County,2020-09-24,26.98
Calhoun County,2020-09-24,24.37
Charlotte County,2020-09-24,26.51
Citrus County,2020-09-24,25.15
Clay County,2020-09-24,23.21
Collier County,2020-09-24,26.55
Columbia County,2020-09-24,22.84
DeSoto County,2020-09-24,25.83
Dixie County,2020-09-24,24.53
Duval County,2020-09-24,22.45
Escambia County,2020-09-24,23.85
Flagler County,2020-09-24,24.56
Franklin County,2020-09-24,25.46
Gadsden County,2020-09-24,23.59
Gilchrist County,2020-09-24,23.92
Glades County,2020-09-24,25.73
Gulf County,2020-09-24,25.29
Hamilton County,2020-09-24,22.69
Hardee County,2020-09-24,25.64
Hendry County,2020-09-24,25.98
Hernando County,2020-09-24,25.37
Highlands County,2020-09-24,25.57
Hillsborough County,2020-09-24,25.86
Holmes County,2020-09-24,23.91
Indian River County,2020-09-24,26.37
Jackson County,2020-09-24,23.87
Jefferson County,2020-09-24,23.91
Lafayette County,2020-09-24,24.07
Lake County,2020-09-24,25.13
Lee County,2020-09-24,26.65
Leon County,2020-09-24,23.9
Levy County,2020-09-24,24.54
Liberty County,2020-09-24,24.38
Madison County,2020-09-24,23.58
Manatee County,2020-09-24,25.88
Marion County,2020-09-24,24.33
Martin County,2020-09-24,27.15
Miami-Dade County,2020-09-24,27.48
Monroe County,2020-09-24,28.07
Nassau County,2020-09-24,21.65
Okaloosa County,2020-09-24,23.95
Okeechobee County,2020-09-24,26.02
Orange County,2020-09-24,25.68
Osceola County,2020-09-24,25.89
Palm Beach County,2020-09-24,26.76
Pasco County,2020-09-24,25.4
Pinellas County,2020-09-24,26.25
Polk County,2020-09-24,25.69
Putnam County,2020-09-24,24.05
St. Johns County,2020-09-24,23.9
St. Lucie County,2020-09-24,26.93
Santa Rosa County,2020-09-24,23.74
Sarasota County,2020-09-24,26.33
Seminole County,2020-09-24,25.46
Sumter County,2020-09-24,24.97
Suwannee County,2020-09-24,23.49
Taylor County,2020-09-24,24.68
Union County,2020-09-24,22.94
Volusia County,2020-09-24,25.14
Wakulla County,2020-09-24,24.68
Walton County,2020-09-24,24.17
Washington County,2020-09-24,24.33
Alachua County,2020-09-25,25.95
Baker County,2020-09-25,24.71
Bay County,2020-09-25,25.19
Bradford County,2020-09-25,25.44
Brevard County,2020-09-25,26.91
Broward County,2020-09-25,26.78
Calhoun County,2020-09-25,24.22
Charlotte County,2020-09-25,27.3
Citrus County,2020-09-25,26.74
Clay County,2020-09-25,25.64
Collier County,2020-09-25,26.98
Columbia County,2020-09-25,25.14
DeSoto County,2020-09-25,27.02
Dixie County,2020-09-25,25.89
Duval County,2020-09-25,25.02
Escambia County,2020-09-25,24.79
Flagler County,2020-09-25,26.52
Franklin County,2020-09-25,25.34
Gadsden County,2020-09-25,23.5
Gilchrist County,2020-09-25,25.8
Glades County,2020-09-25,26.9
Gulf County,2020-09-25,25.15
Hamilton County,2020-09-25,24.66
Hardee County,2020-09-25,27.0
Hendry County,2020-09-25,26.9
Hernando County,2020-09-25,26.85
Highlands County,2020-09-25,26.87
Hillsborough County,2020-09-25,27.0
Holmes County,2020-09-25,24.1
Indian River County,2020-09-25,26.73
Jackson County,2020-09-25,23.79
Jefferson County,2020-09-25,24.42
Lafayette County,2020-09-25,25.52
Lake County,2020-09-25,27.03
Lee County,2020-09-25,27.26
Leon County,2020-09-25,23.96
Levy County,2020-09-25,26.22
Liberty County,2020-09-25,24.15
Madison County,2020-09-25,24.73
Manatee County,2020-09-25,26.66
Marion County,2020-09-25,26.37
Martin County,2020-09-25,27.06
Miami-Dade County,2020-09-25,27.25
Monroe County,2020-09-25,28.26
Nassau County,2020-09-25,24.27
Okaloosa County,2020-09-25,24.66
Okeechobee County,2020-09-25,26.75
Orange County,2020-09-25,27.17
Osceola County,2020-09-25,26.99
Palm Beach County,2020-09-25,26.66
Pasco County,2020-09-25,26.77
Pinellas County,2020-09-25,27.19
Polk County,2020-09-25,27.16
Putnam County,2020-09-25,26.3
St. Johns County,2020-09-25,26.16
St. Lucie County,2020-09-25,27.04
Santa Rosa County,2020-09-25,24.72
Sarasota County,2020-09-25,26.76
Seminole County,2020-09-25,27.06
Sumter County,2020-09-25,26.75
Suwannee County,2020-09-25,25.3
Taylor County,2020-09-25,25.47
Union County,2020-09-25,25.32
Volusia County,2020-09-25,26.83
Wakulla County,2020-09-25,24.58
Walton County,2020-09-25,24.53
Washington County,2020-09-25,24.44
Alachua County,2020-09-26,27.58
Baker County,2020-09-26,27.27
Bay County,2020-09-26,25.44
Bradford County,2020-09-26,27.49
Brevard County,2020-09-26,27.23
Broward County,2020-09-26,28.23
Calhoun County,2020-09-26,25.28
Charlotte County,2020-09-26,27.73
Citrus County,2020-09-26,27.82
Clay County,2020-09-26,27.84
Collier County,2020-09-26,28.1
Columbia County,2020-09-26,27.28
DeSoto County,2020-09-26,27.41
Dixie County,2020-09-26,27.16
Duval County,2020-09-26,27.82
Escambia County,2020-09-26,23.05
Flagler County,2020-09-26,27.71
Franklin County,2020-09-26,26.49
Gadsden County,2020-09-26,24.95
Gilchrist County,2020-09-26,27.3
Glades County,2020-09-26,27.68
Gulf County,2020-09-26,26.04
Hamilton County,2020-09-26,26.78
Hardee County,2020-09-26,27.45
Hendry County,2020-09-26,28.02
Hernando County,2020-09-26,27.92
Highlands County,2020-09-26,27.36
Hillsborough County,2020-09-26,27.81
Holmes County,2020-09-26,24.12
Indian River County,2020-09-26,27.31
Jackson County,2020-09-26,24.61
Jefferson County,2020-09-26,25.88
Lafayette County,2020-09-26,27.12
Lake County,2020-09-26,28.14
Lee County,2020-09-26,27.85
Leon County,2020-09-26,25.43
Levy County,2020-09-26,27.39
Liberty County,2020-09-26,25.66
Madison County,2020-09-26,26.38
Manatee County,2020-09-26,27.27
Marion County,2020-09-26,27.7
Martin County,2020-09-26,28.26
Miami-Dade County,2020-09-26,28.32
Monroe County,2020-09-26,29.06
Nassau County,2020-09-26,27.64
Okaloosa County,2020-09-26,23.62
Okeechobee County,2020-09-26,27.5
Orange County,2020-09-26,28.02
Osceola County,2020-09-26,27.59
Palm Beach County,2020-09-26,28.2
Pasco County,2020-09-26,27.82
Pinellas County,2020-09-26,27.81
Polk County,2020-09-26,27.84
Putnam County,2020-09-26,27.94
St. Johns County,2020-09-26,27.86
St. Lucie County,2020-09-26,27.89
Santa Rosa County,2020-09-26,23.13
Sarasota County,2020-09-26,27.26
Seminole County,2020-09-26,27.99
Sumter County,2020-09-26,27.92
Suwannee County,2020-09-26,27.14
Taylor County,2020-09-26,26.92
Union County,2020-09-26,27.37
Volusia County,2020-09-26,27.75
Wakulla County,2020-09-26,26.07
Walton County,2020-09-26,24.12
Washington County,2020-09-26,24.7
Alachua County,2020-09-27,27.59
Baker County,2020-09-27,26.97
Bay County,2020-09-27,25.58
Bradford County,2020-09-27,27.5
Brevard County,2020-09-27,27.73
Broward County,2020-09-27,28.45
Calhoun County,2020-09-27,25.62
Charlotte County,2020-09-27,27.81
Citrus County,2020-09-27,27.96
Clay County,2020-09-27,27.94
Collier County,2020-09-27,28.6
Columbia County,2020-09-27,26.88
DeSoto County,2020-09-27,27.49
Dixie County,2020-09-27,26.82
Duval County,2020-09-27,27.63
Escambia County,2020-09-27,23.67
Flagler County,2020-09-27,28.14
Franklin County,2020-09-27,26.61
Gadsden County,2020-09-27,25.15
Gilchrist County,2020-09-27,27.04
Glades County,2020-09-27,27.83
Gulf County,2020-09-27,26.24
Hamilton County,2020-09-27,26.0
Hardee County,2020-09-27,27.57
Hendry County,2020-09-27,28.2
Hernando County,2020-09-27,28.13
Highlands County,2020-09-27,27.64
Hillsborough County,2020-09-27,27.9
Holmes County,2020-09-27,24.73
Indian River County,2020-09-27,27.81
Jackson County,2020-09-27,25.02
Jefferson County,2020-09-27,25.45
Lafayette County,2020-09-27,26.69
Lake County,2020-09-27,28.65
Lee County,2020-09-27,28.04
Leon County,2020-09-27,25.42
Levy County,2020-09-27,27.23
Liberty County,2020-09-27,25.98
Madison County,2020-09-27,25.67
Manatee County,2020-09-27,27.27
Marion County,2020-09-27,28.03
Martin County,2020-09-27,28.16
Miami-Dade County,2020-09-27,28.91
Monroe County,2020-09-27,29.58
Nassau County,2020-09-27,27.13
Okaloosa County,2020-09-27,24.17
Okeechobee County,2020-09-27,27.91
Orange County,2020-09-27,28.57
Osceola County,2020-09-27,28.2
Palm Beach County,2020-09-27,28.09
Pasco County,2020-09-27,28.0
Pinellas County,2020-09-27,27.64
Polk County,2020-09-27,28.16
Putnam County,2020-09-27,28.28
St. Johns County,2020-09-27,28.04
St. Lucie County,2020-09-27,28.05
Santa Rosa County,2020-09-27,23.81
Sarasota County,2020-09-27,27.23
Seminole County,2020-09-27,28.55
Sumter County,2020-09-27,28.35
Suwannee County,2020-09-27,26.61
Taylor County,2020-09-27,26.52
Union County,2020-09-27,27.25
Volusia County,2020-09-27,28.21
Wakulla County,2020-09-27,26.18
Walton County,2020-09-27,24.54
Washington County,2020-09-27,25.03
Alachua County,2020-09-28,25.67
Baker County,2020-09-28,24.44
Bay County,2020-09-28,24.56
Bradford County,2020-09-28,25.21
Brevard County,2020-09-28,27.65
Broward County,2020-09-28,28.62
Calhoun County,2020-09-28,23.81
Charlotte County,2020-09-28,28.62
Citrus County,2020-09-28,27.14
Clay County,2020-09-28,25.71
Collier County,2020-09-28,28.78
Columbia County,2020-09-28,24.51
DeSoto County,2020-09-28,28.12
Dixie County,2020-09-28,25.21
Duval County,2020-09-28,25.45
Escambia County,2020-09-28,26.72
Flagler County,2020-09-28,26.75
Franklin County,2020-09-28,24.68
Gadsden County,2020-09-28,22.68
Gilchrist County,2020-09-28,25.22
Glades County,2020-09-28,28.17
Gulf County,2020-09-28,24.87
Hamilton County,2020-09-28,23.83
Hardee County,2020-09-28,27.91
Hendry County,2020-09-28,28.43
Hernando County,2020-09-28,27.57
Highlands County,2020-09-28,27.86
Hillsborough County,2020-09-28,28.07
Holmes County,2020-09-28,24.07
Indian River County,2020-09-28,27.99
Jackson County,2020-09-28,23.31
Jefferson County,2020-09-28,23.27
Lafayette County,2020-09-28,24.64
Lake County,2020-09-28,27.56
Lee County,2020-09-28,28.68
Leon County,2020-09-28,22.93
Levy County,2020-09-28,26.01
Liberty County,2020-09-28,23.78
Madison County,2020-09-28,23.66
Manatee County,2020-09-28,28.08
Marion County,2020-09-28,26.57
Martin County,2020-09-28,28.56
Miami-Dade County,2020-09-28,28.76
Monroe County,2020-09-28,29.38
Nassau County,2020-09-28,24.88
Okaloosa County,2020-09-28,25.81
Okeechobee County,2020-09-28,28.11
Orange County,2020-09-28,27.89
Osceola County,2020-09-28,27.99
Palm Beach County,2020-09-28,28.45
Pasco County,2020-09-28,27.69
Pinellas County,2020-09-28,27.9
Polk County,2020-09-28,27.97
Putnam County,2020-09-28,26.41
St. Johns County,2020-09-28,26.33
St. Lucie County,2020-09-28,28.39
Santa Rosa County,2020-09-28,26.51
Sarasota County,2020-09-28,28.4
Seminole County,2020-09-28,27.68
Sumter County,2020-09-28,27.42
Suwannee County,2020-09-28,24.41
Taylor County,2020-09-28,24.41
Union County,2020-09-28,24.87
Volusia County,2020-09-28,27.18
Wakulla County,2020-09-28,23.69
Walton County,2020-09-28,24.85
Washington County,2020-09-28,24.07
Alachua County,2020-09-29,25.47
Baker County,2020-09-29,24.76
Bay County,2020-09-29,26.18
Bradford County,2020-09-29,25.19
Brevard County,2020-09-29,27.78
Broward County,2020-09-29,28.57
Calhoun County,2020-09-29,26.88
Charlotte County,2020-09-29,27.95
Citrus County,2020-09-29,26.53
Clay County,2020-09-29,25.91
Collier County,2020-09-29,28.06
Columbia County,2020-09-29,24.79
DeSoto County,2020-09-29,27.75
Dixie County,2020-09-29,25.75
Duval County,2020-09-29,26.01
Escambia County,2020-09-29,24.77
Flagler County,2020-09-29,26.95
Franklin County,2020-09-29,27.46
Gadsden County,2020-09-29,26.4
Gilchrist County,2020-09-29,25.31
Glades County,2020-09-29,27.82
Gulf County,2020-09-29,27.27
Hamilton County,2020-09-29,24.73
Hardee County,2020-09-29,27.71
Hendry County,2020-09-29,27.97
Hernando County,2020-09-29,26.98
Highlands County,2020-09-29,27.69
Hillsborough County,2020-09-29,27.6
Holmes County,2020-09-29,25.34
Indian River County,2020-09-29,28.09
Jackson County,2020-09-29,26.01
Jefferson County,2020-09-29,25.93
Lafayette County,2020-09-29,25.64
Lake County,2020-09-29,27.22
Lee County,2020-09-29,27.85
Leon County,2020-09-29,26.53
Levy County,2020-09-29,25.73
Liberty County,2020-09-29,27.35
Madison County,2020-09-29,25.37
Manatee County,2020-09-29,27.62
Marion County,2020-09-29,26.19
Martin County,2020-09-29,28.49
Miami-Dade County,2020-09-29,28.72
Monroe County,2020-09-29,28.97
Nassau County,2020-09-29,25.61
Okaloosa County,2020-09-29,24.98
Okeechobee County,2020-09-29,28.04
Orange County,2020-09-29,27.75
Osceola County,2020-09-29,27.98
Palm Beach County,2020-09-29,28.36
Pasco County,2020-09-29,27.19
Pinellas County,2020-09-29,27.33
Polk County,2020-09-29,27.8
Putnam County,2020-09-29,26.41
St. Johns County,2020-09-29,26.72
St. Lucie County,2020-09-29,28.38
Santa Rosa County,2020-09-29,24.79
Sarasota County,2020-09-29,27.74
Seminole County,2020-09-29,27.59
Sumter County,2020-09-29,26.87
Suwannee County,2020-09-29,25.18
Taylor County,2020-09-29,26.33
Union County,2020-09-29,24.86
Volusia County,2020-09-29,27.23
Wakulla County,2020-09-29,27.17
Walton County,2020-09-29,25.16
Washington County,2020-09-29,25.97
Alachua County,2020-09-30,22.52
Baker County,2020-09-30,21.83
Bay County,2020-09-30,17.49
Bradford County,2020-09-30,22.37
Brevard County,2020-09-30,25.65
Broward County,2020-09-30,28.14
Calhoun County,2020-09-30,17.61
Charlotte County,2020-09-30,26.4
Citrus County,2020-09-30,23.87
Clay County,2020-09-30,23.05
Collier County,2020-09-30,27.34
Columbia County,2020-09-30,21.68
DeSoto County,2020-09-30,25.64
Dixie County,2020-09-30,22.11
Duval County,2020-09-30,23.03
Escambia County,2020-09-30,17.12
Flagler County,2020-09-30,23.95
Franklin County,2020-09-30,20.25
Gadsden County,2020-09-30,17.92
Gilchrist County,2020-09-30,22.01
Glades County,2020-09-30,26.42
Gulf County,2020-09-30,19.15
Hamilton County,2020-09-30,21.17
Hardee County,2020-09-30,25.28
Hendry County,2020-09-30,26.92
Hernando County,2020-09-30,24.56
Highlands County,2020-09-30,25.61
Hillsborough County,2020-09-30,25.5
Holmes County,2020-09-30,15.65
Indian River County,2020-09-30,26.32
Jackson County,2020-09-30,16.31
Jefferson County,2020-09-30,19.96
Lafayette County,2020-09-30,21.92
Lake County,2020-09-30,24.57
Lee County,2020-09-30,26.81
Leon County,2020-09-30,19.02
Levy County,2020-09-30,22.55
Liberty County,2020-09-30,18.79
Madison County,2020-09-30,20.84
Manatee County,2020-09-30,25.6
Marion County,2020-09-30,23.37
Martin County,2020-09-30,27.95
Miami-Dade County,2020-09-30,28.39
Monroe County,2020-09-30,28.82
Nassau County,2020-09-30,22.53
Okaloosa County,2020-09-30,16.32
Okeechobee County,2020-09-30,26.31
Orange County,2020-09-30,25.13
Osceola County,2020-09-30,25.38
Palm Beach County,2020-09-30,28.0
Pasco County,2020-09-30,24.9
Pinellas County,2020-09-30,26.18
Polk County,2020-09-30,25.12
Putnam County,2020-09-30,23.52
St. Johns County,2020-09-30,23.62
St. Lucie County,2020-09-30,27.3
Santa Rosa County,2020-09-30,16.65
Sarasota County,2020-09-30,25.95
Seminole County,2020-09-30,25.01
Sumter County,2020-09-30,24.18
Suwannee County,2020-09-30,21.73
Taylor County,2020-09-30,21.54
Union County,2020-09-30,21.95
Volusia County,2020-09-30,24.6
Wakulla County,2020-09-30,19.78
Walton County,2020-09-30,16.08
Washington County,2020-09-30,16.25
Alachua County,2020-10-01,19.98
Baker County,2020-10-01,19.2
Bay County,2020-10-01,18.92
Bradford County,2020-10-01,19.97
Brevard County,2020-10-01,22.16
Broward County,2020-10-01,27.28
Calhoun County,2020-10-01,18.59
Charlotte County,2020-10-01,24.18
Citrus County,2020-10-01,20.26
Clay County,2020-10-01,20.44
Collier County,2020-10-01,26.4
Columbia County,2020-10-01,18.93
DeSoto County,2020-10-01,23.11
Dixie County,2020-10-01,19.05
Duval County,2020-10-01,20.25
Escambia County,2020-10-01,18.41
Flagler County,2020-10-01,21.09
Franklin County,2020-10-01,19.35
Gadsden County,2020-10-01,18.54
Gilchrist County,2020-10-01,19.26
Glades County,2020-10-01,24.72
Gulf County,2020-10-01,19.07
Hamilton County,2020-10-01,18.04
Hardee County,2020-10-01,22.25
Hendry County,2020-10-01,25.93
Hernando County,2020-10-01,20.64
Highlands County,2020-10-01,23.16
Hillsborough County,2020-10-01,21.61
Holmes County,2020-10-01,17.94
Indian River County,2020-10-01,22.85
Jackson County,2020-10-01,18.41
Jefferson County,2020-10-01,18.47
Lafayette County,2020-10-01,18.57
Lake County,2020-10-01,21.0
Lee County,2020-10-01,25.06
Leon County,2020-10-01,18.59
Levy County,2020-10-01,19.8
Liberty County,2020-10-01,18.75
Madison County,2020-10-01,18.22
Manatee County,2020-10-01,22.05
Marion County,2020-10-01,20.19
Martin County,2020-10-01,25.36
Miami-Dade County,2020-10-01,28.19
Monroe County,2020-10-01,28.16
Nassau County,2020-10-01,19.61
Okaloosa County,2020-10-01,18.13
Okeechobee County,2020-10-01,23.55
Orange County,2020-10-01,21.58
Osceola County,2020-10-01,22.06
Palm Beach County,2020-10-01,26.46
Pasco County,2020-10-01,20.92
Pinellas County,2020-10-01,22.08
Polk County,2020-10-01,21.81
Putnam County,2020-10-01,20.69
St. Johns County,2020-10-01,21.08
St. Lucie County,2020-10-01,24.08
Santa Rosa County,2020-10-01,18.15
Sarasota County,2020-10-01,22.82
Seminole County,2020-10-01,21.43
Sumter County,2020-10-01,20.53
Suwannee County,2020-10-01,18.48
Taylor County,2020-10-01,18.82
Union County,2020-10-01,19.55
Volusia County,2020-10-01,21.32
Wakulla County,2020-10-01,18.85
Walton County,2020-10-01,18.11
Washington County,2020-10-01,18.22
Alachua County,2020-10-02,20.73
Baker County,2020-10-02,19.99
Bay County,2020-10-02,20.78
Bradford County,2020-10-02,20.43
Brevard County,2020-10-02,23.87
Broward County,2020-10-02,26.88
Calhoun County,2020-10-02,20.3
Charlotte County,2020-10-02,26.05
Citrus County,2020-10-02,21.61
Clay County,2020-10-02,20.84
Collier County,2020-10-02,26.61
Columbia County,2020-10-02,20.05
DeSoto County,2020-10-02,25.23
Dixie County,2020-10-02,21.18
Duval County,2020-10-02,20.84
Escambia County,2020-10-02,20.97
Flagler County,2020-10-02,21.85
Franklin County,2020-10-02,20.92
Gadsden County,2020-10-02,20.34
Gilchrist County,2020-10-02,20.85
Glades County,2020-10-02,25.87
Gulf County,2020-10-02,20.59
Hamilton County,2020-10-02,19.49
Hardee County,2020-10-02,24.73
Hendry County,2020-10-02,26.13
Hernando County,2020-10-02,22.16
Highlands County,2020-10-02,25.16
Hillsborough County,2020-10-02,24.05
Holmes County,2020-10-02,20.13
Indian River County,2020-10-02,24.77
Jackson County,2020-10-02,20.32
Jefferson County,2020-10-02,20.42
Lafayette County,2020-10-02,20.6
Lake County,2020-10-02,22.18
Lee County,2020-10-02,26.43
Leon County,2020-10-02,20.47
Levy County,2020-10-02,21.44
Liberty County,2020-10-02,20.38
Madison County,2020-10-02,20.09
Manatee County,2020-10-02,24.68
Marion County,2020-10-02,21.0
Martin County,2020-10-02,26.56
Miami-Dade County,2020-10-02,27.16
Monroe County,2020-10-02,27.67
Nassau County,2020-10-02,20.52
Okaloosa County,2020-10-02,20.7
Okeechobee County,2020-10-02,25.21
Orange County,2020-10-02,23.16
Osceola County,2020-10-02,24.06
Palm Beach County,2020-10-02,26.83
Pasco County,2020-10-02,22.72
Pinellas County,2020-10-02,23.97
Polk County,2020-10-02,24.13
Putnam County,2020-10-02,21.17
St. Johns County,2020-10-02,21.65
St. Lucie County,2020-10-02,25.7
Santa Rosa County,2020-10-02,20.84
Sarasota County,2020-10-02,25.28
Seminole County,2020-10-02,22.78
Sumter County,2020-10-02,21.73
Suwannee County,2020-10-02,20.14
Taylor County,2020-10-02,21.02
Union County,2020-10-02,20.25
Volusia County,2020-10-02,22.3
Wakulla County,2020-10-02,20.75
Walton County,2020-10-02,20.48
Washington County,2020-10-02,20.31
Alachua County,2020-10-03,20.92
Baker County,2020-10-03,19.89
Bay County,2020-10-03,18.32
Bradford County,2020-10-03,20.77
Brevard County,2020-10-03,24.03
Broward County,2020-10-03,25.54
Calhoun County,2020-10-03,17.54
Charlotte County,2020-10-03,24.31
Citrus County,2020-10-03,21.66
Clay County,2020-10-03,21.3
Collier County,2020-10-03,24.5
Columbia County,2020-10-03,19.55
DeSoto County,2020-10-03,24.01
Dixie County,2020-10-03,20.13
Duval County,2020-10-03,21.17
Escambia County,2020-10-03,18.9
Flagler County,2020-10-03,22.11
Franklin County,2020-10-03,18.81
Gadsden County,2020-10-03,17.51
Gilchrist County,2020-10-03,20.31
Glades County,2020-10-03,24.62
Gulf County,2020-10-03,18.28
Hamilton County,2020-10-03,18.18
Hardee County,2020-10-03,23.95
Hendry County,2020-10-03,24.75
Hernando County,2020-10-03,22.19
Highlands County,2020-10-03,24.34
Hillsborough County,2020-10-03,23.65
Holmes County,2020-10-03,16.94
Indian River County,2020-10-03,24.28
Jackson County,2020-10-03,17.27
Jefferson County,2020-10-03,17.93
Lafayette County,2020-10-03,19.23
Lake County,2020-10-03,22.53
Lee County,2020-10-03,24.16
Leon County,2020-10-03,17.74
Levy County,2020-10-03,21.13
Liberty County,2020-10-03,17.85
Madison County,2020-10-03,18.04
Manatee County,2020-10-03,23.75
Marion County,2020-10-03,21.34
Martin County,2020-10-03,25.18
Miami-Dade County,2020-10-03,26.0
Monroe County,2020-10-03,25.83
Nassau County,2020-10-03,20.47
Okaloosa County,2020-10-03,18.3
Okeechobee County,2020-10-03,24.59
Orange County,2020-10-03,23.57
Osceola County,2020-10-03,24.21
Palm Beach County,2020-10-03,25.35
Pasco County,2020-10-03,22.64
Pinellas County,2020-10-03,23.65
Polk County,2020-10-03,23.93
Putnam County,2020-10-03,21.63
St. Johns County,2020-10-03,21.99
St. Lucie County,2020-10-03,24.68
Santa Rosa County,2020-10-03,18.66
Sarasota County,2020-10-03,23.89
Seminole County,2020-10-03,23.25
Sumter County,2020-10-03,21.95
Suwannee County,2020-10-03,18.97
Taylor County,2020-10-03,19.09
Union County,2020-10-03,20.31
Volusia County,2020-10-03,22.67
Wakulla County,2020-10-03,18.32
Walton County,2020-10-03,17.83
Washington County,2020-10-03,17.31
Alachua County,2020-10-04,21.49
Baker County,2020-10-04,19.53
Bay County,2020-10-04,18.44
Bradford County,2020-10-04,21.07
Brevard County,2020-10-04,24.41
Broward County,2020-10-04,26.34
Calhoun County,2020-10-04,17.65
Charlotte County,2020-10-04,25.97
Citrus County,2020-10-04,22.76
Clay County,2020-10-04,21.81
Collier County,2020-10-04,26.37
Columbia County,2020-10-04,19.23
DeSoto County,2020-10-04,25.16
Dixie County,2020-10-04,20.6
Duval County,2020-10-04,21.39
Escambia County,2020-10-04,18.38
Flagler County,2020-10-04,23.38
Franklin County,2020-10-04,19.08
Gadsden County,2020-10-04,17.55
Gilchrist County,2020-10-04,20.66
Glades County,2020-10-04,26.01
Gulf County,2020-10-04,18.52
Hamilton County,2020-10-04,17.66
Hardee County,2020-10-04,24.54
Hendry County,2020-10-04,26.18
Hernando County,2020-10-04,23.01
Highlands County,2020-10-04,25.26
Hillsborough County,2020-10-04,23.96
Holmes County,2020-10-04,17.29
Indian River County,2020-10-04,24.82
Jackson County,2020-10-04,17.5
Jefferson County,2020-10-04,17.88
Lafayette County,2020-10-04,19.19
Lake County,2020-10-04,23.08
Lee County,2020-10-04,26.32
Leon County,2020-10-04,17.73
Levy County,2020-10-04,22.04
Liberty County,2020-10-04,17.93
Madison County,2020-10-04,17.78
Manatee County,2020-10-04,24.26
Marion County,2020-10-04,22.29
Martin County,2020-10-04,26.42
Miami-Dade County,2020-10-04,26.62
Monroe County,2020-10-04,27.46
Nassau County,2020-10-04,20.13
Okaloosa County,2020-10-04,18.01
Okeechobee County,2020-10-04,25.38
Orange County,2020-10-04,23.6
Osceola County,2020-10-04,24.17
Palm Beach County,2020-10-04,26.52
Pasco County,2020-10-04,23.15
Pinellas County,2020-10-04,24.1
Polk County,2020-10-04,24.1
Putnam County,2020-10-04,22.58
St. Johns County,2020-10-04,23.27
St. Lucie County,2020-10-04,25.68
Santa Rosa County,2020-10-04,18.24
Sarasota County,2020-10-04,24.92
Seminole County,2020-10-04,23.37
Sumter County,2020-10-04,22.82
Suwannee County,2020-10-04,18.7
Taylor County,2020-10-04,19.18
Union County,2020-10-04,20.35
Volusia County,2020-10-04,23.39
Wakulla County,2020-10-04,18.44
Walton County,2020-10-04,17.8
Washington County,2020-10-04,17.49
Alachua County,2020-10-05,20.25
Baker County,2020-10-05,18.62
Bay County,2020-10-05,19.0
Bradford County,2020-10-05,19.77
Brevard County,2020-10-05,25.59
Broward County,2020-10-05,28.18
Calhoun County,2020-10-05,18.46
Charlotte County,2020-10-05,25.79
Citrus County,2020-10-05,21.58
Clay County,2020-10-05,20.69
Collier County,2020-10-05,27.15
Columbia County,2020-10-05,18.74
DeSoto County,2020-10-05,25.3
Dixie County,2020-10-05,19.74
Duval County,2020-10-05,20.51
Escambia County,2020-10-05,19.1
Flagler County,2020-10-05,23.55
Franklin County,2020-10-05,19.64
Gadsden County,2020-10-05,18.51
Gilchrist County,2020-10-05,19.64
Glades County,2020-10-05,26.34
Gulf County,2020-10-05,19.22
Hamilton County,2020-10-05,18.24
Hardee County,2020-10-05,24.77
Hendry County,2020-10-05,26.91
Hernando County,2020-10-05,22.14
Highlands County,2020-10-05,25.65
Hillsborough County,2020-10-05,23.42
Holmes County,2020-10-05,17.99
Indian River County,2020-10-05,25.71
Jackson County,2020-10-05,18.07
Jefferson County,2020-10-05,18.98
Lafayette County,2020-10-05,19.08
Lake County,2020-10-05,23.42
Lee County,2020-10-05,26.13
Leon County,2020-10-05,18.93
Levy County,2020-10-05,20.62
Liberty County,2020-10-05,18.78
Madison County,2020-10-05,18.71
Manatee County,2020-10-05,23.93
Marion County,2020-10-05,21.61
Martin County,2020-10-05,27.06
Miami-Dade County,2020-10-05,28.77
Monroe County,2020-10-05,28.71
Nassau County,2020-10-05,19.59
Okaloosa County,2020-10-05,18.85
Okeechobee County,2020-10-05,25.97
Orange County,2020-10-05,24.65
Osceola County,2020-10-05,25.19
Palm Beach County,2020-10-05,27.68
Pasco County,2020-10-05,22.51
Pinellas County,2020-10-05,22.96
Polk County,2020-10-05,24.47
Putnam County,2020-10-05,21.94
St. Johns County,2020-10-05,22.58
St. Lucie County,2020-10-05,26.29
Santa Rosa County,2020-10-05,19.01
Sarasota County,2020-10-05,24.5
Seminole County,2020-10-05,24.63
Sumter County,2020-10-05,22.41
Suwannee County,2020-10-05,18.76
Taylor County,2020-10-05,19.51
Union County,2020-10-05,19.19
Volusia County,2020-10-05,24.33
Wakulla County,2020-10-05,19.32
Walton County,2020-10-05,18.55
Washington County,2020-10-05,18.24
Alachua County,2020-10-06,22.75
Baker County,2020-10-06,20.74
Bay County,2020-10-06,20.58
Bradford County,2020-10-06,22.29
Brevard County,2020-10-06,26.65
Broward County,2020-10-06,28.49
Calhoun County,2020-10-06,20.22
Charlotte County,2020-10-06,28.42
Citrus County,2020-10-06,24.58
Clay County,2020-10-06,23.08
Collier County,2020-10-06,28.38
Columbia County,2020-10-06,20.6
DeSoto County,2020-10-06,27.81
Dixie County,2020-10-06,21.89
Duval County,2020-10-06,22.54
Escambia County,2020-10-06,21.06
Flagler County,2020-10-06,25.27
Franklin County,2020-10-06,21.3
Gadsden County,2020-10-06,20.27
Gilchrist County,2020-10-06,21.84
Glades County,2020-10-06,27.89
Gulf County,2020-10-06,20.95
Hamilton County,2020-10-06,19.45
Hardee County,2020-10-06,27.37
Hendry County,2020-10-06,28.12
Hernando County,2020-10-06,25.34
Highlands County,2020-10-06,27.42
Hillsborough County,2020-10-06,26.86
Holmes County,2020-10-06,19.38
Indian River County,2020-10-06,26.9
Jackson County,2020-10-06,19.91
Jefferson County,2020-10-06,20.37
Lafayette County,2020-10-06,20.87
Lake County,2020-10-06,25.76
Lee County,2020-10-06,28.5
Leon County,2020-10-06,20.42
Levy County,2020-10-06,23.19
Liberty County,2020-10-06,20.49
Madison County,2020-10-06,19.98
Manatee County,2020-10-06,27.27
Marion County,2020-10-06,24.16
Martin County,2020-10-06,28.18
Miami-Dade County,2020-10-06,28.55
Monroe County,2020-10-06,28.87
Nassau County,2020-10-06,21.32
Okaloosa County,2020-10-06,20.22
Okeechobee County,2020-10-06,27.25
Orange County,2020-10-06,26.47
Osceola County,2020-10-06,26.78
Palm Beach County,2020-10-06,28.41
Pasco County,2020-10-06,25.82
Pinellas County,2020-10-06,26.52
Polk County,2020-10-06,26.97
Putnam County,2020-10-06,24.23
St. Johns County,2020-10-06,24.52
St. Lucie County,2020-10-06,27.54
Santa Rosa County,2020-10-06,20.62
Sarasota County,2020-10-06,27.8
Seminole County,2020-10-06,26.23
Sumter County,2020-10-06,25.24
Suwannee County,2020-10-06,20.37
Taylor County,2020-10-06,21.14
Union County,2020-10-06,21.54
Volusia County,2020-10-06,25.79
Wakulla County,2020-10-06,20.87
Walton County,2020-10-06,19.92
Washington County,2020-10-06,19.79
Alachua County,2020-10-07,27.27
Baker County,2020-10-07,25.21
Bay County,2020-10-07,24.56
Bradford County,2020-10-07,26.7
Brevard County,2020-10-07,28.01
Broward County,2020-10-07,28.65
Calhoun County,2020-10-07,24.49
Charlotte County,2020-10-07,29.05
Citrus County,2020-10-07,28.37
Clay County,2020-10-07,26.91
Collier County,2020-10-07,28.79
Columbia County,2020-10-07,25.34
DeSoto County,2020-10-07,28.5
Dixie County,2020-10-07,26.7
Duval County,2020-10-07,25.88
Escambia County,2020-10-07,23.27
Flagler County,2020-10-07,27.73
Franklin County,2020-10-07,25.97
Gadsden County,2020-10-07,24.75
Gilchrist County,2020-10-07,26.66
Glades County,2020-10-07,28.39
Gulf County,2020-10-07,25.39
Hamilton County,2020-10-07,24.3
Hardee County,2020-10-07,28.4
Hendry County,2020-10-07,28.52
Hernando County,2020-10-07,28.71
Highlands County,2020-10-07,28.16
Hillsborough County,2020-10-07,29.1
Holmes County,2020-10-07,22.33
Indian River County,2020-10-07,27.88
Jackson County,2020-10-07,23.56
Jefferson County,2020-10-07,25.1
Lafayette County,2020-10-07,25.81
Lake County,2020-10-07,28.51
Lee County,2020-10-07,29.01
Leon County,2020-10-07,25.07
Levy County,2020-10-07,27.68
Liberty County,2020-10-07,25.16
Madison County,2020-10-07,24.85
Manatee County,2020-10-07,28.8
Marion County,2020-10-07,27.89
Martin County,2020-10-07,28.74
Miami-Dade County,2020-10-07,28.81
Monroe County,2020-10-07,29.24
Nassau County,2020-10-07,24.79
Okaloosa County,2020-10-07,23.08
Okeechobee County,2020-10-07,28.11
Orange County,2020-10-07,28.5
Osceola County,2020-10-07,28.25
Palm Beach County,2020-10-07,28.73
Pasco County,2020-10-07,28.8
Pinellas County,2020-10-07,29.23
Polk County,2020-10-07,28.64
Putnam County,2020-10-07,27.69
St. Johns County,2020-10-07,27.31
St. Lucie County,2020-10-07,28.26
Santa Rosa County,2020-10-07,23.18
Sarasota County,2020-10-07,28.99
Seminole County,2020-10-07,28.28
Sumter County,2020-10-07,28.48
Suwannee County,2020-10-07,25.29
Taylor County,2020-10-07,26.02
Union County,2020-10-07,26.18
Volusia County,2020-10-07,27.95
Wakulla County,2020-10-07,25.65
Walton County,2020-10-07,23.03
Washington County,2020-10-07,23.3
Alachua County,2020-10-08,27.47
Baker County,2020-10-08,25.3
Bay County,2020-10-08,27.01
Bradford County,2020-10-08,26.5
Brevard County,2020-10-08,27.54
Broward County,2020-10-08,28.41
Calhoun County,2020-10-08,26.57
Charlotte County,2020-10-08,28.51
Citrus County,2020-10-08,28.54
Clay County,2020-10-08,26.46
Collier County,2020-10-08,28.36
Columbia County,2020-10-08,26.02
DeSoto County,2020-10-08,28.1
Dixie County,2020-10-08,27.41
Duval County,2020-10-08,25.48
Escambia County,2020-10-08,26.48
Flagler County,2020-10-08,27.3
Franklin County,2020-10-08,27.2
Gadsden County,2020-10-08,26.3
Gilchrist County,2020-10-08,27.35
Glades County,2020-10-08,27.99
Gulf County,2020-10-08,26.99
Hamilton County,2020-10-08,25.52
Hardee County,2020-10-08,28.17
Hendry County,2020-10-08,28.15
Hernando County,2020-10-08,28.83
Highlands County,2020-10-08,27.88
Hillsborough County,2020-10-08,28.9
Holmes County,2020-10-08,26.15
Indian River County,2020-10-08,27.23
Jackson County,2020-10-08,26.41
Jefferson County,2020-10-08,26.39
Lafayette County,2020-10-08,26.8
Lake County,2020-10-08,28.69
Lee County,2020-10-08,28.48
Leon County,2020-10-08,26.39
Levy County,2020-10-08,28.08
Liberty County,2020-10-08,26.62
Madison County,2020-10-08,26.21
Manatee County,2020-10-08,28.53
Marion County,2020-10-08,28.06
Martin County,2020-10-08,28.07
Miami-Dade County,2020-10-08,28.49
Monroe County,2020-10-08,28.9
Nassau County,2020-10-08,24.92
Okaloosa County,2020-10-08,26.43
Okeechobee County,2020-10-08,27.65
Orange County,2020-10-08,28.5
Osceola County,2020-10-08,28.09
Palm Beach County,2020-10-08,28.33
Pasco County,2020-10-08,28.9
Pinellas County,2020-10-08,29.39
Polk County,2020-10-08,28.54
Putnam County,2020-10-08,27.47
St. Johns County,2020-10-08,26.71
St. Lucie County,2020-10-08,27.51
Santa Rosa County,2020-10-08,26.33
Sarasota County,2020-10-08,28.58
Seminole County,2020-10-08,28.28
Sumter County,2020-10-08,28.73
Suwannee County,2020-10-08,26.32
Taylor County,2020-10-08,27.0
Union County,2020-10-08,26.33
Volusia County,2020-10-08,27.74
Wakulla County,2020-10-08,26.68
Walton County,2020-10-08,26.41
Washington County,2020-10-08,26.53
Alachua County,2020-10-09,27.63
Baker County,2020-10-09,26.36
Bay County,2020-10-09,27.39
Bradford County,2020-10-09,27.11
Brevard County,2020-10-09,27.59
Broward County,2020-10-09,28.1
Calhoun County,2020-10-09,26.79
Charlotte County,2020-10-09,28.68
Citrus County,2020-10-09,28.32
Clay County,2020-10-09,27.13
Collier County,2020-10-09,28.27
Columbia County,2020-10-09,26.76
DeSoto County,2020-10-09,28.15
Dixie County,2020-10-09,27.76
Duval County,2020-10-09,26.61
Escambia County,2020-10-09,26.78
Flagler County,2020-10-09,27.46
Franklin County,2020-10-09,27.48
Gadsden County,2020-10-09,26.68
Gilchrist County,2020-10-09,27.57
Glades County,2020-10-09,28.17
Gulf County,2020-10-09,27.21
Hamilton County,2020-10-09,26.21
Hardee County,2020-10-09,28.1
Hendry County,2020-10-09,28.1
Hernando County,2020-10-09,28.5
Highlands County,2020-10-09,28.03
Hillsborough County,2020-10-09,28.77
Holmes County,2020-10-09,26.46
Indian River County,2020-10-09,27.35
Jackson County,2020-10-09,26.77
Jefferson County,2020-10-09,26.97
Lafayette County,2020-10-09,27.22
Lake County,2020-10-09,28.22
Lee County,2020-10-09,28.66
Leon County,2020-10-09,26.87
Levy County,2020-10-09,28.15
Liberty County,2020-10-09,26.76
Madison County,2020-10-09,26.74
Manatee County,2020-10-09,28.33
Marion County,2020-10-09,27.74
Martin County,2020-10-09,28.16
Miami-Dade County,2020-10-09,28.38
Monroe County,2020-10-09,28.88
Nassau County,2020-10-09,26.2
Okaloosa County,2020-10-09,26.82
Okeechobee County,2020-10-09,27.8
Orange County,2020-10-09,28.25
Osceola County,2020-10-09,28.03
Palm Beach County,2020-10-09,28.16
Pasco County,2020-10-09,28.53
Pinellas County,2020-10-09,29.15
Polk County,2020-10-09,28.4
Putnam County,2020-10-09,27.57
St. Johns County,2020-10-09,27.33
St. Lucie County,2020-10-09,27.69
Santa Rosa County,2020-10-09,26.82
Sarasota County,2020-10-09,28.49
Seminole County,2020-10-09,28.05
Sumter County,2020-10-09,28.2
Suwannee County,2020-10-09,26.87
Taylor County,2020-10-09,27.6
Union County,2020-10-09,27.01
Volusia County,2020-10-09,27.67
Wakulla County,2020-10-09,27.22
Walton County,2020-10-09,26.78
Washington County,2020-10-09,26.85
Alachua County,2020-10-10,27.1
Baker County,2020-10-10,25.76
Bay County,2020-10-10,26.9
Bradford County,2020-10-10,26.49
Brevard County,2020-10-10,27.59
Broward County,2020-10-10,27.84
Calhoun County,2020-10-10,26.4
Charlotte County,2020-10-10,28.63
Citrus County,2020-10-10,27.94
Clay County,2020-10-10,26.43
Collier County,2020-10-10,28.31
Columbia County,2020-10-10,26.26
DeSoto County,2020-10-10,28.02
Dixie County,2020-10-10,27.68
Duval County,2020-10-10,25.93
Escambia County,2020-10-10,26.23
Flagler County,2020-10-10,26.67
Franklin County,2020-10-10,27.4
Gadsden County,2020-10-10,26.52
Gilchrist County,2020-10-10,27.29
Glades County,2020-10-10,28.0
Gulf County,2020-10-10,26.93
Hamilton County,2020-10-10,25.95
Hardee County,2020-10-10,27.84
Hendry County,2020-10-10,27.98
Hernando County,2020-10-10,28.09
Highlands County,2020-10-10,27.77
Hillsborough County,2020-10-10,28.4
Holmes County,2020-10-10,25.91
Indian River County,2020-10-10,27.44
Jackson County,2020-10-10,26.24
Jefferson County,2020-10-10,27.12
Lafayette County,2020-10-10,27.12
Lake County,2020-10-10,27.51
Lee County,2020-10-10,28.66
Leon County,2020-10-10,26.93
Levy County,2020-10-10,27.9
Liberty County,2020-10-10,26.67
Madison County,2020-10-10,26.81
Manatee County,2020-10-10,28.06
Marion County,2020-10-10,27.1
Martin County,2020-10-10,28.08
Miami-Dade County,2020-10-10,28.21
Monroe County,2020-10-10,28.87
Nassau County,2020-10-10,25.53
Okaloosa County,2020-10-10,26.06
Okeechobee County,2020-10-10,27.67
Orange County,2020-10-10,27.67
Osceola County,2020-10-10,27.71
Palm Beach County,2020-10-10,27.94
Pasco County,2020-10-10,28.11
Pinellas County,2020-10-10,28.7
Polk County,2020-10-10,27.98
Putnam County,2020-10-10,26.79
St. Johns County,2020-10-10,26.62
St. Lucie County,2020-10-10,27.74
Santa Rosa County,2020-10-10,26.1
Sarasota County,2020-10-10,28.34
Seminole County,2020-10-10,27.38
Sumter County,2020-10-10,27.67
Suwannee County,2020-10-10,26.63
Taylor County,2020-10-10,27.68
Union County,2020-10-10,26.44
Volusia County,2020-10-10,26.97
Wakulla County,2020-10-10,27.31
Walton County,2020-10-10,26.12
Washington County,2020-10-10,26.32
Alachua County,2020-10-11,27.32
Baker County,2020-10-11,26.46
Bay County,2020-10-11,26.43
Bradford County,2020-10-11,26.95
Brevard County,2020-10-11,27.24
Broward County,2020-10-11,28.1
Calhoun County,2020-10-11,26.24
Charlotte County,2020-10-11,28.38
Citrus County,2020-10-11,27.97
Clay County,2020-10-11,27.12
Collier County,2020-10-11,28.1
Columbia County,2020-10-11,26.57
DeSoto County,2020-10-11,28.0
Dixie County,2020-10-11,27.58
Duval County,2020-10-11,27.0
Escambia County,2020-10-11,25.58
Flagler County,2020-10-11,27.08
Franklin County,2020-10-11,26.91
Gadsden County,2020-10-11,26.27
Gilchrist County,2020-10-11,27.4
Glades County,2020-10-11,27.77
Gulf County,2020-10-11,26.5
Hamilton County,2020-10-11,25.91
Hardee County,2020-10-11,27.94
Hendry County,2020-10-11,27.76
Hernando County,2020-10-11,28.11
Highlands County,2020-10-11,27.75
Hillsborough County,2020-10-11,28.29
Holmes County,2020-10-11,25.81
Indian River County,2020-10-11,27.16
Jackson County,2020-10-11,26.27
Jefferson County,2020-10-11,26.52
Lafayette County,2020-10-11,26.99
Lake County,2020-10-11,27.75
Lee County,2020-10-11,28.3
Leon County,2020-10-11,26.46
Levy County,2020-10-11,27.96
Liberty County,2020-10-11,26.46
Madison County,2020-10-11,26.34
Manatee County,2020-10-11,27.94
Marion County,2020-10-11,27.34
Martin County,2020-10-11,27.87
Miami-Dade County,2020-10-11,28.52
Monroe County,2020-10-11,28.66
Nassau County,2020-10-11,26.81
Okaloosa County,2020-10-11,25.73
Okeechobee County,2020-10-11,27.45
Orange County,2020-10-11,27.83
Osceola County,2020-10-11,27.77
Palm Beach County,2020-10-11,27.92
Pasco County,2020-10-11,28.12
Pinellas County,2020-10-11,28.25
Polk County,2020-10-11,28.14
Putnam County,2020-10-11,27.25
St. Johns County,2020-10-11,27.24
St. Lucie County,2020-10-11,27.44
Santa Rosa County,2020-10-11,25.66
Sarasota County,2020-10-11,28.1
Seminole County,2020-10-11,27.56
Sumter County,2020-10-11,27.85
Suwannee County,2020-10-11,26.57
Taylor County,2020-10-11,27.26
Union County,2020-10-11,26.83
Volusia County,2020-10-11,27.16
Wakulla County,2020-10-11,26.86
Walton County,2020-10-11,25.8
Washington County,2020-10-11,26.05
Alachua County,2020-10-12,26.61
Baker County,2020-10-12,26.49
Bay County,2020-10-12,25.71
Bradford County,2020-10-12,26.8
Brevard County,2020-10-12,27.7
Broward County,2020-10-12,28.28
Calhoun County,2020-10-12,25.45
Charlotte County,2020-10-12,28.02
Citrus County,2020-10-12,26.22
Clay County,2020-10-12,27.23
Collier County,2020-10-12,27.85
Columbia County,2020-10-12,26.27
DeSoto County,2020-10-12,27.53
Dixie County,2020-10-12,26.22
Duval County,2020-10-12,27.46
Escambia County,2020-10-12,24.67
Flagler County,2020-10-12,27.13
Franklin County,2020-10-12,26.7
Gadsden County,2020-10-12,25.71
Gilchrist County,2020-10-12,26.24
Glades County,2020-10-12,27.62
Gulf County,2020-10-12,26.16
Hamilton County,2020-10-12,25.62
Hardee County,2020-10-12,27.33
Hendry County,2020-10-12,27.6
Hernando County,2020-10-12,26.44
Highlands County,2020-10-12,27.44
Hillsborough County,2020-10-12,27.32
Holmes County,2020-10-12,24.16
Indian River County,2020-10-12,27.61
Jackson County,2020-10-12,25.01
Jefferson County,2020-10-12,26.16
Lafayette County,2020-10-12,26.07
Lake County,2020-10-12,26.6
Lee County,2020-10-12,27.98
Leon County,2020-10-12,26.16
Levy County,2020-10-12,26.32
Liberty County,2020-10-12,25.95
Madison County,2020-10-12,25.85
Manatee County,2020-10-12,27.36
Marion County,2020-10-12,26.18
Martin County,2020-10-12,28.36
Miami-Dade County,2020-10-12,28.52
Monroe County,2020-10-12,28.47
Nassau County,2020-10-12,27.16
Okaloosa County,2020-10-12,24.58
Okeechobee County,2020-10-12,27.57
Orange County,2020-10-12,27.22
Osceola County,2020-10-12,27.49
Palm Beach County,2020-10-12,28.27
Pasco County,2020-10-12,26.67
Pinellas County,2020-10-12,27.51
Polk County,2020-10-12,27.3
Putnam County,2020-10-12,27.0
St. Johns County,2020-10-12,27.66
St. Lucie County,2020-10-12,27.95
Santa Rosa County,2020-10-12,24.58
Sarasota County,2020-10-12,27.7
Seminole County,2020-10-12,27.1
Sumter County,2020-10-12,26.24
Suwannee County,2020-10-12,25.99
Taylor County,2020-10-12,26.57
Union County,2020-10-12,26.59
Volusia County,2020-10-12,27.03
Wakulla County,2020-10-12,26.6
Walton County,2020-10-12,24.58
Washington County,2020-10-12,24.77
Alachua County,2020-10-13,25.34
Baker County,2020-10-13,24.35
Bay County,2020-10-13,26.08
Bradford County,2020-10-13,25.23
Brevard County,2020-10-13,26.38
Broward County,2020-10-13,27.23
Calhoun County,2020-10-13,25.61
Charlotte County,2020-10-13,25.89
Citrus County,2020-10-13,25.3
Clay County,2020-10-13,25.69
Collier County,2020-10-13,26.29
Columbia County,2020-10-13,24.28
DeSoto County,2020-10-13,25.52
Dixie County,2020-10-13,24.99
Duval County,2020-10-13,25.5
Escambia County,2020-10-13,26.16
Flagler County,2020-10-13,26.35
Franklin County,2020-10-13,26.08
Gadsden County,2020-10-13,25.06
Gilchrist County,2020-10-13,24.94
Glades County,2020-10-13,25.74
Gulf County,2020-10-13,26.09
Hamilton County,2020-10-13,23.48
Hardee County,2020-10-13,25.66
Hendry County,2020-10-13,25.94
Hernando County,2020-10-13,25.54
Highlands County,2020-10-13,25.61
Hillsborough County,2020-10-13,26.19
Holmes County,2020-10-13,25.04
Indian River County,2020-10-13,26.24
Jackson County,2020-10-13,25.07
Jefferson County,2020-10-13,24.66
Lafayette County,2020-10-13,24.63
Lake County,2020-10-13,25.96
Lee County,2020-10-13,25.89
Leon County,2020-10-13,25.02
Levy County,2020-10-13,25.26
Liberty County,2020-10-13,25.7
Madison County,2020-10-13,24.17
Manatee County,2020-10-13,25.9
Marion County,2020-10-13,25.36
Martin County,2020-10-13,27.37
Miami-Dade County,2020-10-13,27.8
Monroe County,2020-10-13,27.79
Nassau County,2020-10-13,24.73
Okaloosa County,2020-10-13,26.15
Okeechobee County,2020-10-13,26.15
Orange County,2020-10-13,26.41
Osceola County,2020-10-13,26.27
Palm Beach County,2020-10-13,27.3
Pasco County,2020-10-13,25.75
Pinellas County,2020-10-13,26.39
Polk County,2020-10-13,26.12
Putnam County,2020-10-13,25.94
St. Johns County,2020-10-13,26.37
St. Lucie County,2020-10-13,26.76
Santa Rosa County,2020-10-13,26.25
Sarasota County,2020-10-13,25.93
Seminole County,2020-10-13,26.42
Sumter County,2020-10-13,25.45
Suwannee County,2020-10-13,24.23
Taylor County,2020-10-13,25.09
Union County,2020-10-13,24.85
Volusia County,2020-10-13,26.39
Wakulla County,2020-10-13,25.5
Walton County,2020-10-13,25.76
Washington County,2020-10-13,25.48
Alachua County,2020-10-14,25.55
Baker County,2020-10-14,24.52
Bay County,2020-10-14,24.97
Bradford County,2020-10-14,25.23
Brevard County,2020-10-14,25.39
Broward County,2020-10-14,26.77
Calhoun County,2020-10-14,24.68
Charlotte County,2020-10-14,26.03
Citrus County,2020-10-14,26.15
Clay County,2020-10-14,25.52
Collier County,2020-10-14,26.51
Columbia County,2020-10-14,24.59
DeSoto County,2020-10-14,25.24
Dixie County,2020-10-14,25.89
Duval County,2020-10-14,25.38
Escambia County,2020-10-14,22.89
Flagler County,2020-10-14,25.82
Franklin County,2020-10-14,26.83
Gadsden County,2020-10-14,24.49
Gilchrist County,2020-10-14,25.47
Glades County,2020-10-14,25.42
Gulf County,2020-10-14,26.26
Hamilton County,2020-10-14,23.96
Hardee County,2020-10-14,25.2
Hendry County,2020-10-14,25.9
Hernando County,2020-10-14,26.25
Highlands County,2020-10-14,24.96
Hillsborough County,2020-10-14,26.33
Holmes County,2020-10-14,22.28
Indian River County,2020-10-14,25.08
Jackson County,2020-10-14,23.32
Jefferson County,2020-10-14,24.88
Lafayette County,2020-10-14,25.2
Lake County,2020-10-14,26.0
Lee County,2020-10-14,26.29
Leon County,2020-10-14,24.91
Levy County,2020-10-14,26.12
Liberty County,2020-10-14,25.57
Madison County,2020-10-14,24.55
Manatee County,2020-10-14,25.87
Marion County,2020-10-14,25.64
Martin County,2020-10-14,26.37
Miami-Dade County,2020-10-14,27.43
Monroe County,2020-10-14,27.95
Nassau County,2020-10-14,24.99
Okaloosa County,2020-10-14,23.06
Okeechobee County,2020-10-14,25.22
Orange County,2020-10-14,26.0
Osceola County,2020-10-14,25.51
Palm Beach County,2020-10-14,26.64
Pasco County,2020-10-14,26.22
Pinellas County,2020-10-14,26.96
Polk County,2020-10-14,25.71
Putnam County,2020-10-14,25.75
St. Johns County,2020-10-14,25.95
St. Lucie County,2020-10-14,25.64
Santa Rosa County,2020-10-14,22.99
Sarasota County,2020-10-14,26.1
Seminole County,2020-10-14,25.95
Sumter County,2020-10-14,25.89
Suwannee County,2020-10-14,24.68
Taylor County,2020-10-14,25.78
Union County,2020-10-14,24.96
Volusia County,2020-10-14,25.82
Wakulla County,2020-10-14,25.88
Walton County,2020-10-14,23.1
Washington County,2020-10-14,23.34
Alachua County,2020-10-15,25.74
Baker County,2020-10-15,24.49
Bay County,2020-10-15,23.53
Bradford County,2020-10-15,25.35
Brevard County,2020-10-15,25.68
Broward County,2020-10-15,26.88
Calhoun County,2020-10-15,23.14
Charlotte County,2020-10-15,26.56
Citrus County,2020-10-15,26.41
Clay County,2020-10-15,25.63
Collier County,2020-10-15,26.96
Columbia County,2020-10-15,24.54
DeSoto County,2020-10-15,25.79
Dixie County,2020-10-15,25.73
Duval County,2020-10-15,25.31
Escambia County,2020-10-15,20.39
Flagler County,2020-10-15,26.0
Franklin County,2020-10-15,24.72
Gadsden County,2020-10-15,23.47
Gilchrist County,2020-10-15,25.56
Glades County,2020-10-15,25.96
Gulf County,2020-10-15,24.07
Hamilton County,2020-10-15,23.82
Hardee County,2020-10-15,25.78
Hendry County,2020-10-15,26.46
Hernando County,2020-10-15,26.56
Highlands County,2020-10-15,25.53
Hillsborough County,2020-10-15,26.78
Holmes County,2020-10-15,21.61
Indian River County,2020-10-15,25.59
Jackson County,2020-10-15,22.67
Jefferson County,2020-10-15,24.42
Lafayette County,2020-10-15,25.01
Lake County,2020-10-15,26.27
Lee County,2020-10-15,26.83
Leon County,2020-10-15,24.06
Levy County,2020-10-15,26.28
Liberty County,2020-10-15,23.56
Madison County,2020-10-15,24.31
Manatee County,2020-10-15,26.43
Marion County,2020-10-15,25.92
Martin County,2020-10-15,26.77
Miami-Dade County,2020-10-15,27.27
Monroe County,2020-10-15,27.9
Nassau County,2020-10-15,24.79
Okaloosa County,2020-10-15,21.13
Okeechobee County,2020-10-15,25.76
Orange County,2020-10-15,26.19
Osceola County,2020-10-15,25.86
Palm Beach County,2020-10-15,26.81
Pasco County,2020-10-15,26.59
Pinellas County,2020-10-15,27.51
Polk County,2020-10-15,26.18
Putnam County,2020-10-15,25.98
St. Johns County,2020-10-15,26.09
St. Lucie County,2020-10-15,26.17
Santa Rosa County,2020-10-15,20.65
Sarasota County,2020-10-15,26.65
Seminole County,2020-10-15,26.06
Sumter County,2020-10-15,26.22
Suwannee County,2020-10-15,24.56
Taylor County,2020-10-15,25.25
Union County,2020-10-15,25.03
Volusia County,2020-10-15,25.94
Wakulla County,2020-10-15,24.39
Walton County,2020-10-15,21.69
Washington County,2020-10-15,22.44
Alachua County,2020-10-16,25.6
Baker County,2020-10-16,25.12
Bay County,2020-10-16,24.16
Bradford County,2020-10-16,25.53
Brevard County,2020-10-16,26.28
Broward County,2020-10-16,27.37
Calhoun County,2020-10-16,24.12
Charlotte County,2020-10-16,27.44
Citrus County,2020-10-16,26.04
Clay County,2020-10-16,25.85
Collier County,2020-10-16,27.51
Columbia County,2020-10-16,24.97
DeSoto County,2020-10-16,26.77
Dixie County,2020-10-16,25.17
Duval County,2020-10-16,25.75
Escambia County,2020-10-16,22.57
Flagler County,2020-10-16,26.06
Franklin County,2020-10-16,25.28
Gadsden County,2020-10-16,24.08
Gilchrist County,2020-10-16,25.25
Glades County,2020-10-16,26.98
Gulf County,2020-10-16,24.85
Hamilton County,2020-10-16,24.24
Hardee County,2020-10-16,26.58
Hendry County,2020-10-16,27.26
Hernando County,2020-10-16,26.41
Highlands County,2020-10-16,26.51
Hillsborough County,2020-10-16,26.93
Holmes County,2020-10-16,22.54
Indian River County,2020-10-16,26.33
Jackson County,2020-10-16,23.42
Jefferson County,2020-10-16,24.39
Lafayette County,2020-10-16,24.81
Lake County,2020-10-16,26.47
Lee County,2020-10-16,27.63
Leon County,2020-10-16,24.39
Levy County,2020-10-16,25.66
Liberty County,2020-10-16,24.61
Madison County,2020-10-16,24.33
Manatee County,2020-10-16,26.86
Marion County,2020-10-16,25.78
Martin County,2020-10-16,27.51
Miami-Dade County,2020-10-16,27.59
Monroe County,2020-10-16,28.01
Nassau County,2020-10-16,25.48
Okaloosa County,2020-10-16,22.57
Okeechobee County,2020-10-16,26.61
Orange County,2020-10-16,26.51
Osceola County,2020-10-16,26.37
Palm Beach County,2020-10-16,27.47
Pasco County,2020-10-16,26.6
Pinellas County,2020-10-16,27.35
Polk County,2020-10-16,26.66
Putnam County,2020-10-16,26.0
St. Johns County,2020-10-16,26.2
St. Lucie County,2020-10-16,26.94
Santa Rosa County,2020-10-16,22.54
Sarasota County,2020-10-16,27.17
Seminole County,2020-10-16,26.34
Sumter County,2020-10-16,26.3
Suwannee County,2020-10-16,24.66
Taylor County,2020-10-16,25.01
Union County,2020-10-16,25.3
Volusia County,2020-10-16,26.13
Wakulla County,2020-10-16,24.81
Walton County,2020-10-16,22.69
Washington County,2020-10-16,23.25
Alachua County,2020-10-17,24.81
Baker County,2020-10-17,23.63
Bay County,2020-10-17,20.44
Bradford County,2020-10-17,24.69
Brevard County,2020-10-17,26.7
Broward County,2020-10-17,26.49
Calhoun County,2020-10-17,20.16
Charlotte County,2020-10-17,27.85
Citrus County,2020-10-17,25.63
Clay County,2020-10-17,25.31
Collier County,2020-10-17,26.91
Columbia County,2020-10-17,22.96
DeSoto County,2020-10-17,27.17
Dixie County,2020-10-17,23.56
Duval County,2020-10-17,25.12
Escambia County,2020-10-17,18.3
Flagler County,2020-10-17,25.98
Franklin County,2020-10-17,22.19
Gadsden County,2020-10-17,20.06
Gilchrist County,2020-10-17,23.78
Glades County,2020-10-17,26.8
Gulf County,2020-10-17,21.36
Hamilton County,2020-10-17,21.23
Hardee County,2020-10-17,26.9
Hendry County,2020-10-17,26.7
Hernando County,2020-10-17,26.07
Highlands County,2020-10-17,26.64
Hillsborough County,2020-10-17,27.2
Holmes County,2020-10-17,18.22
Indian River County,2020-10-17,26.41
Jackson County,2020-10-17,19.07
Jefferson County,2020-10-17,20.79
Lafayette County,2020-10-17,22.39
Lake County,2020-10-17,26.1
Lee County,2020-10-17,27.68
Leon County,2020-10-17,20.68
Levy County,2020-10-17,24.89
Liberty County,2020-10-17,20.97
Madison County,2020-10-17,20.82
Manatee County,2020-10-17,27.45
Marion County,2020-10-17,25.31
Martin County,2020-10-17,26.98
Miami-Dade County,2020-10-17,26.63
Monroe County,2020-10-17,27.32
Nassau County,2020-10-17,24.37
Okaloosa County,2020-10-17,18.61
Okeechobee County,2020-10-17,26.51
Orange County,2020-10-17,26.62
Osceola County,2020-10-17,26.65
Palm Beach County,2020-10-17,26.73
Pasco County,2020-10-17,26.39
Pinellas County,2020-10-17,27.46
Polk County,2020-10-17,26.77
Putnam County,2020-10-17,25.65
St. Johns County,2020-10-17,25.92
St. Lucie County,2020-10-17,26.69
Santa Rosa County,2020-10-17,18.43
Sarasota County,2020-10-17,27.96
Seminole County,2020-10-17,26.5
Sumter County,2020-10-17,25.79
Suwannee County,2020-10-17,22.06
Taylor County,2020-10-17,22.31
Union County,2020-10-17,24.01
Volusia County,2020-10-17,26.29
Wakulla County,2020-10-17,21.7
Walton County,2020-10-17,18.81
Washington County,2020-10-17,19.14
Alachua County,2020-10-18,22.65
Baker County,2020-10-18,20.29
Bay County,2020-10-18,19.2
Bradford County,2020-10-18,21.83
Brevard County,2020-10-18,26.15
Broward County,2020-10-18,26.95
Calhoun County,2020-10-18,18.4
Charlotte County,2020-10-18,26.9
Citrus County,2020-10-18,24.41
Clay County,2020-10-18,22.01
Collier County,2020-10-18,26.85
Columbia County,2020-10-18,20.71
DeSoto County,2020-10-18,26.29
Dixie County,2020-10-18,22.21
Duval County,2020-10-18,20.97
Escambia County,2020-10-18,17.87
Flagler County,2020-10-18,24.03
Franklin County,2020-10-18,20.22
Gadsden County,2020-10-18,18.35
Gilchrist County,2020-10-18,22.21
Glades County,2020-10-18,26.66
Gulf County,2020-10-18,19.64
Hamilton County,2020-10-18,19.59
Hardee County,2020-10-18,26.07
Hendry County,2020-10-18,26.74
Hernando County,2020-10-18,25.0
Highlands County,2020-10-18,26.26
Hillsborough County,2020-10-18,26.09
Holmes County,2020-10-18,17.69
Indian River County,2020-10-18,26.29
Jackson County,2020-10-18,17.78
Jefferson County,2020-10-18,19.54
Lafayette County,2020-10-18,21.14
Lake County,2020-10-18,25.02
Lee County,2020-10-18,27.0
Leon County,2020-10-18,19.0
Levy County,2020-10-18,23.4
Liberty County,2020-10-18,18.93
Madison County,2020-10-18,19.8
Manatee County,2020-10-18,26.11
Marion County,2020-10-18,23.68
Martin County,2020-10-18,27.38
Miami-Dade County,2020-10-18,27.06
Monroe County,2020-10-18,27.43
Nassau County,2020-10-18,19.81
Okaloosa County,2020-10-18,18.2
Okeechobee County,2020-10-18,26.43
Orange County,2020-10-18,25.71
Osceola County,2020-10-18,26.03
Palm Beach County,2020-10-18,27.19
Pasco County,2020-10-18,25.33
Pinellas County,2020-10-18,26.06
Polk County,2020-10-18,26.06
Putnam County,2020-10-18,23.21
St. Johns County,2020-10-18,22.95
St. Lucie County,2020-10-18,26.86
Santa Rosa County,2020-10-18,18.03
Sarasota County,2020-10-18,26.45
Seminole County,2020-10-18,25.44
Sumter County,2020-10-18,24.75
Suwannee County,2020-10-18,20.68
Taylor County,2020-10-18,20.97
Union County,2020-10-18,21.46
Volusia County,2020-10-18,24.95
Wakulla County,2020-10-18,19.68
Walton County,2020-10-18,18.26
Washington County,2020-10-18,18.18
Alachua County,2020-10-19,24.16
Baker County,2020-10-19,22.09
Bay County,2020-10-19,22.15
Bradford County,2020-10-19,23.64
Brevard County,2020-10-19,26.2
Broward County,2020-10-19,26.68
Calhoun County,2020-10-19,21.5
Charlotte County,2020-10-19,27.48
Citrus County,2020-10-19,25.34
Clay County,2020-10-19,23.96
Collier County,2020-10-19,26.62
Columbia County,2020-10-19,22.17
DeSoto County,2020-10-19,27.04
Dixie County,2020-10-19,23.54
Duval County,2020-10-19,23.04
Escambia County,2020-10-19,20.91
Flagler County,2020-10-19,24.95
Franklin County,2020-10-19,22.97
Gadsden County,2020-10-19,21.54
Gilchrist County,2020-10-19,23.51
Glades County,2020-10-19,26.71
Gulf County,2020-10-19,22.5
Hamilton County,2020-10-19,20.97
Hardee County,2020-10-19,26.87
Hendry County,2020-10-19,26.38
Hernando County,2020-10-19,25.85
Highlands County,2020-10-19,26.77
Hillsborough County,2020-10-19,26.9
Holmes County,2020-10-19,20.64
Indian River County,2020-10-19,26.48
Jackson County,2020-10-19,21.03
Jefferson County,2020-10-19,22.05
Lafayette County,2020-10-19,22.53
Lake County,2020-10-19,25.64
Lee County,2020-10-19,27.28
Leon County,2020-10-19,22.01
Levy County,2020-10-19,24.58
Liberty County,2020-10-19,21.86
Madison County,2020-10-19,21.62
Manatee County,2020-10-19,27.02
Marion County,2020-10-19,24.81
Martin County,2020-10-19,27.09
Miami-Dade County,2020-10-19,26.93
Monroe County,2020-10-19,27.07
Nassau County,2020-10-19,21.85
Okaloosa County,2020-10-19,21.2
Okeechobee County,2020-10-19,26.65
Orange County,2020-10-19,26.05
Osceola County,2020-10-19,26.46
Palm Beach County,2020-10-19,26.82
Pasco County,2020-10-19,26.19
Pinellas County,2020-10-19,27.08
Polk County,2020-10-19,26.67
Putnam County,2020-10-19,24.76
St. Johns County,2020-10-19,24.56
St. Lucie County,2020-10-19,26.78
Santa Rosa County,2020-10-19,21.04
Sarasota County,2020-10-19,27.34
Seminole County,2020-10-19,25.71
Sumter County,2020-10-19,25.52
Suwannee County,2020-10-19,21.99
Taylor County,2020-10-19,22.85
Union County,2020-10-19,23.12
Volusia County,2020-10-19,25.27
Wakulla County,2020-10-19,22.52
Walton County,2020-10-19,21.2
Washington County,2020-10-19,21.15
Alachua County,2020-10-20,25.68
Baker County,2020-10-20,23.68
Bay County,2020-10-20,23.87
Bradford County,2020-10-20,24.99
Brevard County,2020-10-20,25.62
Broward County,2020-10-20,25.27
Calhoun County,2020-10-20,23.07
Charlotte County,2020-10-20,25.2
Citrus County,2020-10-20,26.45
Clay County,2020-10-20,25.11
Collier County,2020-10-20,24.89
Columbia County,2020-10-20,24.0
DeSoto County,2020-10-20,24.87
Dixie County,2020-10-20,25.87
Duval County,2020-10-20,24.31
Escambia County,2020-10-20,22.69
Flagler County,2020-10-20,25.83
Franklin County,2020-10-20,24.46
Gadsden County,2020-10-20,23.1
Gilchrist County,2020-10-20,25.61
Glades County,2020-10-20,24.32
Gulf County,2020-10-20,23.92
Hamilton County,2020-10-20,22.97
Hardee County,2020-10-20,25.16
Hendry County,2020-10-20,24.51
Hernando County,2020-10-20,26.47
Highlands County,2020-10-20,24.5
Hillsborough County,2020-10-20,26.47
Holmes County,2020-10-20,22.72
Indian River County,2020-10-20,24.94
Jackson County,2020-10-20,22.87
Jefferson County,2020-10-20,23.84
Lafayette County,2020-10-20,24.85
Lake County,2020-10-20,26.0
Lee County,2020-10-20,24.94
Leon County,2020-10-20,23.62
Levy County,2020-10-20,26.49
Liberty County,2020-10-20,23.3
Madison County,2020-10-20,23.63
Manatee County,2020-10-20,25.79
Marion County,2020-10-20,25.84
Martin County,2020-10-20,25.31
Miami-Dade County,2020-10-20,25.77
Monroe County,2020-10-20,25.7
Nassau County,2020-10-20,23.34
Okaloosa County,2020-10-20,22.84
Okeechobee County,2020-10-20,24.57
Orange County,2020-10-20,25.94
Osceola County,2020-10-20,25.38
Palm Beach County,2020-10-20,25.11
Pasco County,2020-10-20,26.41
Pinellas County,2020-10-20,26.88
Polk County,2020-10-20,25.74
Putnam County,2020-10-20,25.7
St. Johns County,2020-10-20,25.62
St. Lucie County,2020-10-20,25.11
Santa Rosa County,2020-10-20,22.59
Sarasota County,2020-10-20,25.66
Seminole County,2020-10-20,25.89
Sumter County,2020-10-20,26.06
Suwannee County,2020-10-20,24.15
Taylor County,2020-10-20,25.06
Union County,2020-10-20,24.67
Volusia County,2020-10-20,25.87
Wakulla County,2020-10-20,24.21
Walton County,2020-10-20,23.08
Washington County,2020-10-20,23.08
Alachua County,2020-10-21,25.97
Baker County,2020-10-21,23.91
Bay County,2020-10-21,25.46
Bradford County,2020-10-21,25.34
Brevard County,2020-10-21,25.46
Broward County,2020-10-21,24.97
Calhoun County,2020-10-21,24.53
Charlotte County,2020-10-21,25.64
Citrus County,2020-10-21,26.96
Clay County,2020-10-21,25.69
Collier County,2020-10-21,24.81
Columbia County,2020-10-21,24.12
DeSoto County,2020-10-21,24.96
Dixie County,2020-10-21,26.18
Duval County,2020-10-21,25.18
Escambia County,2020-10-21,23.65
Flagler County,2020-10-21,26.39
Franklin County,2020-10-21,25.86
Gadsden County,2020-10-21,24.25
Gilchrist County,2020-10-21,25.72
Glades County,2020-10-21,24.63
Gulf County,2020-10-21,25.31
Hamilton County,2020-10-21,23.26
Hardee County,2020-10-21,25.12
Hendry County,2020-10-21,24.52
Hernando County,2020-10-21,26.89
Highlands County,2020-10-21,24.71
Hillsborough County,2020-10-21,26.64
Holmes County,2020-10-21,24.09
Indian River County,2020-10-21,24.84
Jackson County,2020-10-21,24.34
Jefferson County,2020-10-21,24.59
Lafayette County,2020-10-21,25.07
Lake County,2020-10-21,26.26
Lee County,2020-10-21,25.55
Leon County,2020-10-21,24.56
Levy County,2020-10-21,26.81
Liberty County,2020-10-21,24.58
Madison County,2020-10-21,24.13
Manatee County,2020-10-21,25.88
Marion County,2020-10-21,26.24
Martin County,2020-10-21,25.53
Miami-Dade County,2020-10-21,25.06
Monroe County,2020-10-21,25.15
Nassau County,2020-10-21,24.08
Okaloosa County,2020-10-21,24.08
Okeechobee County,2020-10-21,24.78
Orange County,2020-10-21,25.95
Osceola County,2020-10-21,25.36
Palm Beach County,2020-10-21,25.17
Pasco County,2020-10-21,26.67
Pinellas County,2020-10-21,27.45
Polk County,2020-10-21,25.77
Putnam County,2020-10-21,26.23
St. Johns County,2020-10-21,26.59
St. Lucie County,2020-10-21,25.17
Santa Rosa County,2020-10-21,23.79
Sarasota County,2020-10-21,25.98
Seminole County,2020-10-21,25.84
Sumter County,2020-10-21,26.45
Suwannee County,2020-10-21,24.34
Taylor County,2020-10-21,25.66
Union County,2020-10-21,24.87
Volusia County,2020-10-21,26.03
Wakulla County,2020-10-21,25.35
Walton County,2020-10-21,24.41
Washington County,2020-10-21,24.55
Alachua County,2020-10-22,25.69
Baker County,2020-10-22,23.89
Bay County,2020-10-22,24.95
Bradford County,2020-10-22,24.97
Brevard County,2020-10-22,25.85
Broward County,2020-10-22,24.54
Calhoun County,2020-10-22,24.57
Charlotte County,2020-10-22,25.54
Citrus County,2020-10-22,26.27
Clay County,2020-10-22,25.28
Collier County,2020-10-22,24.7
Columbia County,2020-10-22,24.47
DeSoto County,2020-10-22,25.15
Dixie County,2020-10-22,26.08
Duval County,2020-10-22,24.88
Escambia County,2020-10-22,24.58
Flagler County,2020-10-22,26.16
Franklin County,2020-10-22,26.09
Gadsden County,2020-10-22,24.84
Gilchrist County,2020-10-22,25.71
Glades County,2020-10-22,24.8
Gulf County,2020-10-22,25.42
Hamilton County,2020-10-22,24.01
Hardee County,2020-10-22,25.22
Hendry County,2020-10-22,24.73
Hernando County,2020-10-22,26.19
Highlands County,2020-10-22,24.98
Hillsborough County,2020-10-22,25.93
Holmes County,2020-10-22,23.46
Indian River County,2020-10-22,25.07
Jackson County,2020-10-22,24.12
Jefferson County,2020-10-22,25.37
Lafayette County,2020-10-22,25.45
Lake County,2020-10-22,26.17
Lee County,2020-10-22,25.36
Leon County,2020-10-22,25.33
Levy County,2020-10-22,26.33
Liberty County,2020-10-22,25.07
Madison County,2020-10-22,24.93
Manatee County,2020-10-22,25.43
Marion County,2020-10-22,25.9
Martin County,2020-10-22,25.49
Miami-Dade County,2020-10-22,24.54
Monroe County,2020-10-22,24.92
Nassau County,2020-10-22,24.0
Okaloosa County,2020-10-22,24.01
Okeechobee County,2020-10-22,24.95
Orange County,2020-10-22,26.14
Osceola County,2020-10-22,25.62
Palm Beach County,2020-10-22,24.96
Pasco County,2020-10-22,25.98
Pinellas County,2020-10-22,26.38
Polk County,2020-10-22,25.72
Putnam County,2020-10-22,25.9
St. Johns County,2020-10-22,26.16
St. Lucie County,2020-10-22,25.23
Santa Rosa County,2020-10-22,24.3
Sarasota County,2020-10-22,25.56
Seminole County,2020-10-22,26.11
Sumter County,2020-10-22,26.1
Suwannee County,2020-10-22,24.85
Taylor County,2020-10-22,26.05
Union County,2020-10-22,24.74
Volusia County,2020-10-22,26.14
Wakulla County,2020-10-22,25.85
Walton County,2020-10-22,23.83
Washington County,2020-10-22,23.94
Alachua County,2020-10-23,25.69
Baker County,2020-10-23,24.49
Bay County,2020-10-23,25.51
Bradford County,2020-10-23,25.24
Brevard County,2020-10-23,26.25
Broward County,2020-10-23,26.02
Calhoun County,2020-10-23,24.9
Charlotte County,2020-10-23,26.26
Citrus County,2020-10-23,26.67
Clay County,2020-10-23,25.51
Collier County,2020-10-23,26.14
Columbia County,2020-10-23,24.74
DeSoto County,2020-10-23,25.47
Dixie County,2020-10-23,26.09
Duval County,2020-10-23,25.11
Escambia County,2020-10-23,24.63
Flagler County,2020-10-23,25.85
Franklin County,2020-10-23,26.05
Gadsden County,2020-10-23,25.02
Gilchrist County,2020-10-23,25.69
Glades County,2020-10-23,25.65
Gulf County,2020-10-23,25.44
Hamilton County,2020-10-23,24.34
Hardee County,2020-10-23,25.43
Hendry County,2020-10-23,25.78
Hernando County,2020-10-23,26.77
Highlands County,2020-10-23,25.38
Hillsborough County,2020-10-23,26.62
Holmes County,2020-10-23,24.5
Indian River County,2020-10-23,25.9
Jackson County,2020-10-23,24.84
Jefferson County,2020-10-23,25.48
Lafayette County,2020-10-23,25.42
Lake County,2020-10-23,26.27
Lee County,2020-10-23,26.45
Leon County,2020-10-23,25.43
Levy County,2020-10-23,26.45
Liberty County,2020-10-23,25.14
Madison County,2020-10-23,25.08
Manatee County,2020-10-23,26.0
Marion County,2020-10-23,25.93
Martin County,2020-10-23,26.46
Miami-Dade County,2020-10-23,26.12
Monroe County,2020-10-23,26.52
Nassau County,2020-10-23,24.36
Okaloosa County,2020-10-23,24.67
Okeechobee County,2020-10-23,25.66
Orange County,2020-10-23,26.27
Osceola County,2020-10-23,25.97
Palm Beach County,2020-10-23,26.15
Pasco County,2020-10-23,26.64
Pinellas County,2020-10-23,27.38
Polk County,2020-10-23,25.98
Putnam County,2020-10-23,25.85
St. Johns County,2020-10-23,25.98
St. Lucie County,2020-10-23,26.22
Santa Rosa County,2020-10-23,24.63
Sarasota County,2020-10-23,26.24
Seminole County,2020-10-23,26.1
Sumter County,2020-10-23,26.42
Suwannee County,2020-10-23,24.95
Taylor County,2020-10-23,26.06
Union County,2020-10-23,25.02
Volusia County,2020-10-23,25.89
Wakulla County,2020-10-23,25.9
Walton County,2020-10-23,24.71
Washington County,2020-10-23,24.79
Alachua County,2020-10-24,25.6
Baker County,2020-10-24,24.32
Bay County,2020-10-24,25.35
Bradford County,2020-10-24,25.19
Brevard County,2020-10-24,25.47
Broward County,2020-10-24,26.75
Calhoun County,2020-10-24,25.01
Charlotte County,2020-10-24,26.1
Citrus County,2020-10-24,26.34
Clay County,2020-10-24,25.4
Collier County,2020-10-24,26.46
Columbia County,2020-10-24,24.54
DeSoto County,2020-10-24,25.31
Dixie County,2020-10-24,25.67
Duval County,2020-10-24,24.89
Escambia County,2020-10-24,24.87
Flagler County,2020-10-24,25.92
Franklin County,2020-10-24,26.06
Gadsden County,2020-10-24,24.92
Gilchrist County,2020-10-24,25.4
Glades County,2020-10-24,25.69
Gulf County,2020-10-24,25.62
Hamilton County,2020-10-24,23.85
Hardee County,2020-10-24,25.21
Hendry County,2020-10-24,25.96
Hernando County,2020-10-24,26.4
Highlands County,2020-10-24,25.3
Hillsborough County,2020-10-24,26.29
Holmes County,2020-10-24,24.46
Indian River County,2020-10-24,25.5
Jackson County,2020-10-24,24.71
Jefferson County,2020-10-24,25.1
Lafayette County,2020-10-24,24.97
Lake County,2020-10-24,25.93
Lee County,2020-10-24,26.38
Leon County,2020-10-24,25.25
Levy County,2020-10-24,26.12
Liberty County,2020-10-24,25.36
Madison County,2020-10-24,24.54
Manatee County,2020-10-24,25.64
Marion County,2020-10-24,25.72
Martin County,2020-10-24,26.65
Miami-Dade County,2020-10-24,27.01
Monroe County,2020-10-24,27.24
Nassau County,2020-10-24,24.04
Okaloosa County,2020-10-24,24.7
Okeechobee County,2020-10-24,25.57
Orange County,2020-10-24,25.76
Osceola County,2020-10-24,25.51
Palm Beach County,2020-10-24,26.62
Pasco County,2020-10-24,26.28
Pinellas County,2020-10-24,26.92
Polk County,2020-10-24,25.69
Putnam County,2020-10-24,25.79
St. Johns County,2020-10-24,25.96
St. Lucie County,2020-10-24,26.13
Santa Rosa County,2020-10-24,24.8
Sarasota County,2020-10-24,25.88
Seminole County,2020-10-24,25.67
Sumter County,2020-10-24,26.05
Suwannee County,2020-10-24,24.54
Taylor County,2020-10-24,25.61
Union County,2020-10-24,24.97
Volusia County,2020-10-24,25.76
Wakulla County,2020-10-24,25.78
Walton County,2020-10-24,24.63
Washington County,2020-10-24,24.8
Alachua County,2020-10-25,25.25
Baker County,2020-10-25,24.06
Bay County,2020-10-25,22.26
Bradford County,2020-10-25,24.86
Brevard County,2020-10-25,25.84
Broward County,2020-10-25,26.37
Calhoun County,2020-10-25,22.49
Charlotte County,2020-10-25,26.79
Citrus County,2020-10-25,26.19
Clay County,2020-10-25,25.15
Collier County,2020-10-25,26.66
Columbia County,2020-10-25,24.2
DeSoto County,2020-10-25,26.12
Dixie County,2020-10-25,24.97
Duval County,2020-10-25,24.61
Escambia County,2020-10-25,22.97
Flagler County,2020-10-25,26.0
Franklin County,2020-10-25,23.68
Gadsden County,2020-10-25,23.2
Gilchrist County,2020-10-25,24.9
Glades County,2020-10-25,26.47
Gulf County,2020-10-25,22.87
Hamilton County,2020-10-25,23.57
Hardee County,2020-10-25,25.93
Hendry County,2020-10-25,26.41
Hernando County,2020-10-25,26.38
Highlands County,2020-10-25,26.12
Hillsborough County,2020-10-25,26.55
Holmes County,2020-10-25,21.45
Indian River County,2020-10-25,25.75
Jackson County,2020-10-25,22.41
Jefferson County,2020-10-25,23.97
Lafayette County,2020-10-25,24.36
Lake County,2020-10-25,26.1
Lee County,2020-10-25,26.9
Leon County,2020-10-25,23.68
Levy County,2020-10-25,25.68
Liberty County,2020-10-25,23.12
Madison County,2020-10-25,23.89
Manatee County,2020-10-25,26.1
Marion County,2020-10-25,25.64
Martin County,2020-10-25,26.66
Miami-Dade County,2020-10-25,26.76
Monroe County,2020-10-25,27.51
Nassau County,2020-10-25,23.94
Okaloosa County,2020-10-25,22.38
Okeechobee County,2020-10-25,26.14
Orange County,2020-10-25,26.08
Osceola County,2020-10-25,25.98
Palm Beach County,2020-10-25,26.56
Pasco County,2020-10-25,26.35
Pinellas County,2020-10-25,26.81
Polk County,2020-10-25,26.16
Putnam County,2020-10-25,25.72
St. Johns County,2020-10-25,25.82
St. Lucie County,2020-10-25,26.2
Santa Rosa County,2020-10-25,22.77
Sarasota County,2020-10-25,26.39
Seminole County,2020-10-25,25.99
Sumter County,2020-10-25,26.13
Suwannee County,2020-10-25,24.11
Taylor County,2020-10-25,24.64
Union County,2020-10-25,24.59
Volusia County,2020-10-25,25.95
Wakulla County,2020-10-25,23.94
Walton County,2020-10-25,21.8
Washington County,2020-10-25,21.69
Alachua County,2020-10-26,25.54
Baker County,2020-10-26,24.18
Bay County,2020-10-26,22.8
Bradford County,2020-10-26,25.24
Brevard County,2020-10-26,26.42
Broward County,2020-10-26,26.5
Calhoun County,2020-10-26,22.23
Charlotte County,2020-10-26,26.92
Citrus County,2020-10-26,26.2
Clay County,2020-10-26,25.74
Collier County,2020-10-26,26.14
Columbia County,2020-10-26,24.05
DeSoto County,2020-10-26,26.78
Dixie County,2020-10-26,24.83
Duval County,2020-10-26,25.48
Escambia County,2020-10-26,22.2
Flagler County,2020-10-26,26.42
Franklin County,2020-10-26,23.36
Gadsden County,2020-10-26,22.33
Gilchrist County,2020-10-26,24.96
Glades County,2020-10-26,26.61
Gulf County,2020-10-26,22.8
Hamilton County,2020-10-26,22.85
Hardee County,2020-10-26,26.86
Hendry County,2020-10-26,26.39
Hernando County,2020-10-26,26.48
Highlands County,2020-10-26,26.65
Hillsborough County,2020-10-26,27.14
Holmes County,2020-10-26,22.08
Indian River County,2020-10-26,26.23
Jackson County,2020-10-26,22.15
Jefferson County,2020-10-26,23.19
Lafayette County,2020-10-26,24.05
Lake County,2020-10-26,26.59
Lee County,2020-10-26,26.47
Leon County,2020-10-26,22.84
Levy County,2020-10-26,25.73
Liberty County,2020-10-26,22.53
Madison County,2020-10-26,23.11
Manatee County,2020-10-26,26.87
Marion County,2020-10-26,25.93
Martin County,2020-10-26,26.88
Miami-Dade County,2020-10-26,26.71
Monroe County,2020-10-26,26.92
Nassau County,2020-10-26,24.64
Okaloosa County,2020-10-26,22.96
Okeechobee County,2020-10-26,26.51
Orange County,2020-10-26,26.73
Osceola County,2020-10-26,26.67
Palm Beach County,2020-10-26,26.76
Pasco County,2020-10-26,26.65
Pinellas County,2020-10-26,26.88
Polk County,2020-10-26,27.01
Putnam County,2020-10-26,26.18
St. Johns County,2020-10-26,26.46
St. Lucie County,2020-10-26,26.5
Santa Rosa County,2020-10-26,22.81
Sarasota County,2020-10-26,26.88
Seminole County,2020-10-26,26.61
Sumter County,2020-10-26,26.43
Suwannee County,2020-10-26,23.69
Taylor County,2020-10-26,24.13
Union County,2020-10-26,24.8
Volusia County,2020-10-26,26.44
Wakulla County,2020-10-26,23.28
Walton County,2020-10-26,22.61
Washington County,2020-10-26,22.19
Alachua County,2020-10-27,25.72
Baker County,2020-10-27,24.3
Bay County,2020-10-27,24.33
Bradford County,2020-10-27,25.24
Brevard County,2020-10-27,26.68
Broward County,2020-10-27,27.55
Calhoun County,2020-10-27,23.78
Charlotte County,2020-10-27,27.71
Citrus County,2020-10-27,26.91
Clay County,2020-10-27,25.52
Collier County,2020-10-27,27.55
Columbia County,2020-10-27,24.57
DeSoto County,2020-10-27,27.32
Dixie County,2020-10-27,25.76
Duval County,2020-10-27,25.1
Escambia County,2020-10-27,23.6
Flagler County,2020-10-27,26.41
Franklin County,2020-10-27,24.83
Gadsden County,2020-10-27,24.23
Gilchrist County,2020-10-27,25.49
Glades County,2020-10-27,27.37
Gulf County,2020-10-27,24.24
Hamilton County,2020-10-27,24.02
Hardee County,2020-10-27,27.3
Hendry County,2020-10-27,27.4
Hernando County,2020-10-27,27.25
Highlands County,2020-10-27,27.37
Hillsborough County,2020-10-27,27.8
Holmes County,2020-10-27,23.79
Indian River County,2020-10-27,26.56
Jackson County,2020-10-27,24.04
Jefferson County,2020-10-27,25.03
Lafayette County,2020-10-27,25.08
Lake County,2020-10-27,26.73
Lee County,2020-10-27,27.61
Leon County,2020-10-27,24.76
Levy County,2020-10-27,26.35
Liberty County,2020-10-27,23.93
Madison County,2020-10-27,24.7
Manatee County,2020-10-27,27.34
Marion County,2020-10-27,26.09
Martin County,2020-10-27,27.41
Miami-Dade County,2020-10-27,27.69
Monroe County,2020-10-27,28.07
Nassau County,2020-10-27,24.3
Okaloosa County,2020-10-27,24.08
Okeechobee County,2020-10-27,27.16
Orange County,2020-10-27,26.89
Osceola County,2020-10-27,27.06
Palm Beach County,2020-10-27,27.52
Pasco County,2020-10-27,27.38
Pinellas County,2020-10-27,28.07
Polk County,2020-10-27,27.46
Putnam County,2020-10-27,26.05
St. Johns County,2020-10-27,26.39
St. Lucie County,2020-10-27,26.91
Santa Rosa County,2020-10-27,23.89
Sarasota County,2020-10-27,27.43
Seminole County,2020-10-27,26.59
Sumter County,2020-10-27,26.82
Suwannee County,2020-10-27,24.69
Taylor County,2020-10-27,25.59
Union County,2020-10-27,24.98
Volusia County,2020-10-27,26.43
Wakulla County,2020-10-27,24.94
Walton County,2020-10-27,24.0
Washington County,2020-10-27,23.83
Alachua County,2020-10-28,27.12
Baker County,2020-10-28,25.25
Bay County,2020-10-28,24.59
Bradford County,2020-10-28,26.49
Brevard County,2020-10-28,27.24
Broward County,2020-10-28,27.89
Calhoun County,2020-10-28,24.19
Charlotte County,2020-10-28,28.17
Citrus County,2020-10-28,28.21
Clay County,2020-10-28,26.76
Collier County,2020-10-28,28.02
Columbia County,2020-10-28,25.52
DeSoto County,2020-10-28,27.58
Dixie County,2020-10-28,27.41
Duval County,2020-10-28,26.36
Escambia County,2020-10-28,24.78
Flagler County,2020-10-28,27.3
Franklin County,2020-10-28,25.53
Gadsden County,2020-10-28,24.92
Gilchrist County,2020-10-28,26.99
Glades County,2020-10-28,27.71
Gulf County,2020-10-28,24.71
Hamilton County,2020-10-28,24.81
Hardee County,2020-10-28,27.56
Hendry County,2020-10-28,27.77
Hernando County,2020-10-28,28.33
Highlands County,2020-10-28,27.49
Hillsborough County,2020-10-28,28.5
Holmes County,2020-10-28,24.09
Indian River County,2020-10-28,27.03
Jackson County,2020-10-28,24.37
Jefferson County,2020-10-28,26.16
Lafayette County,2020-10-28,26.53
Lake County,2020-10-28,27.48
Lee County,2020-10-28,28.21
Leon County,2020-10-28,25.74
Levy County,2020-10-28,27.96
Liberty County,2020-10-28,24.49
Madison County,2020-10-28,25.79
Manatee County,2020-10-28,27.84
Marion County,2020-10-28,27.28
Martin County,2020-10-28,28.01
Miami-Dade County,2020-10-28,28.06
Monroe County,2020-10-28,28.66
Nassau County,2020-10-28,25.43
Okaloosa County,2020-10-28,24.62
Okeechobee County,2020-10-28,27.39
Orange County,2020-10-28,27.47
Osceola County,2020-10-28,27.42
Palm Beach County,2020-10-28,28.05
Pasco County,2020-10-28,28.29
Pinellas County,2020-10-28,28.91
Polk County,2020-10-28,27.9
Putnam County,2020-10-28,27.18
St. Johns County,2020-10-28,27.48
St. Lucie County,2020-10-28,27.47
Santa Rosa County,2020-10-28,24.82
Sarasota County,2020-10-28,27.97
Seminole County,2020-10-28,27.21
Sumter County,2020-10-28,27.74
Suwannee County,2020-10-28,25.84
Taylor County,2020-10-28,27.02
Union County,2020-10-28,26.13
Volusia County,2020-10-28,27.18
Wakulla County,2020-10-28,25.94
Walton County,2020-10-28,24.33
Washington County,2020-10-28,24.21
Alachua County,2020-10-29,27.38
Baker County,2020-10-29,25.93
Bay County,2020-10-29,26.32
Bradford County,2020-10-29,26.81
Brevard County,2020-10-29,27.12
Broward County,2020-10-29,27.89
Calhoun County,2020-10-29,26.08
Charlotte County,2020-10-29,27.74
Citrus County,2020-10-29,28.39
Clay County,2020-10-29,26.86
Collier County,2020-10-29,27.96
Columbia County,2020-10-29,26.42
DeSoto County,2020-10-29,27.03
Dixie County,2020-10-29,28.2
Duval County,2020-10-29,26.24
Escambia County,2020-10-29,25.41
Flagler County,2020-10-29,27.51
Franklin County,2020-10-29,27.78
Gadsden County,2020-10-29,26.47
Gilchrist County,2020-10-29,27.6
Glades County,2020-10-29,27.07
Gulf County,2020-10-29,26.84
Hamilton County,2020-10-29,25.65
Hardee County,2020-10-29,27.11
Hendry County,2020-10-29,27.43
Hernando County,2020-10-29,28.48
Highlands County,2020-10-29,26.83
Hillsborough County,2020-10-29,28.47
Holmes County,2020-10-29,24.62
Indian River County,2020-10-29,26.45
Jackson County,2020-10-29,25.81
Jefferson County,2020-10-29,26.8
Lafayette County,2020-10-29,27.4
Lake County,2020-10-29,27.87
Lee County,2020-10-29,27.93
Leon County,2020-10-29,26.86
Levy County,2020-10-29,28.32
Liberty County,2020-10-29,26.61
Madison County,2020-10-29,26.36
Manatee County,2020-10-29,27.64
Marion County,2020-10-29,27.5
Martin County,2020-10-29,27.54
Miami-Dade County,2020-10-29,28.17
Monroe County,2020-10-29,28.77
Nassau County,2020-10-29,25.51
Okaloosa County,2020-10-29,25.03
Okeechobee County,2020-10-29,26.74
Orange County,2020-10-29,27.84
Osceola County,2020-10-29,27.34
Palm Beach County,2020-10-29,27.82
Pasco County,2020-10-29,28.4
Pinellas County,2020-10-29,29.21
Polk County,2020-10-29,27.74
Putnam County,2020-10-29,27.35
St. Johns County,2020-10-29,27.44
St. Lucie County,2020-10-29,26.83
Santa Rosa County,2020-10-29,25.25
Sarasota County,2020-10-29,27.71
Seminole County,2020-10-29,27.67
Sumter County,2020-10-29,27.93
Suwannee County,2020-10-29,26.73
Taylor County,2020-10-29,28.01
Union County,2020-10-29,26.71
Volusia County,2020-10-29,27.52
Wakulla County,2020-10-29,27.65
Walton County,2020-10-29,24.94
Washington County,2020-10-29,25.2
Alachua County,2020-10-30,23.93
Baker County,2020-10-30,23.08
Bay County,2020-10-30,18.74
Bradford County,2020-10-30,24.38
Brevard County,2020-10-30,27.05
Broward County,2020-10-30,27.39
Calhoun County,2020-10-30,19.04
Charlotte County,2020-10-30,27.55
Citrus County,2020-10-30,24.37
Clay County,2020-10-30,25.5
Collier County,2020-10-30,27.42
Columbia County,2020-10-30,21.91
DeSoto County,2020-10-30,26.63
Dixie County,2020-10-30,21.39
Duval County,2020-10-30,25.56
Escambia County,2020-10-30,18.45
Flagler County,2020-10-30,26.13
Franklin County,2020-10-30,20.01
Gadsden County,2020-10-30,19.36
Gilchrist County,2020-10-30,22.02
Glades County,2020-10-30,26.93
Gulf County,2020-10-30,19.25
Hamilton County,2020-10-30,20.09
Hardee County,2020-10-30,26.14
Hendry County,2020-10-30,27.06
Hernando County,2020-10-30,25.1
Highlands County,2020-10-30,26.31
Hillsborough County,2020-10-30,26.62
Holmes County,2020-10-30,18.39
Indian River County,2020-10-30,26.86
Jackson County,2020-10-30,18.91
Jefferson County,2020-10-30,19.62
Lafayette County,2020-10-30,20.59
Lake County,2020-10-30,25.64
Lee County,2020-10-30,27.72
Leon County,2020-10-30,19.67
Levy County,2020-10-30,23.03
Liberty County,2020-10-30,19.56
Madison County,2020-10-30,19.54
Manatee County,2020-10-30,26.62
Marion County,2020-10-30,24.52
Martin County,2020-10-30,27.87
Miami-Dade County,2020-10-30,27.61
Monroe County,2020-10-30,28.2
Nassau County,2020-10-30,24.19
Okaloosa County,2020-10-30,18.55
Okeechobee County,2020-10-30,26.62
Orange County,2020-10-30,26.58
Osceola County,2020-10-30,26.66
Palm Beach County,2020-10-30,27.62
Pasco County,2020-10-30,25.61
Pinellas County,2020-10-30,27.0
Polk County,2020-10-30,26.24
Putnam County,2020-10-30,25.61
St. Johns County,2020-10-30,26.43
St. Lucie County,2020-10-30,27.38
Santa Rosa County,2020-10-30,18.58
Sarasota County,2020-10-30,27.12
Seminole County,2020-10-30,26.46
Sumter County,2020-10-30,24.9
Suwannee County,2020-10-30,20.64
Taylor County,2020-10-30,20.51
Union County,2020-10-30,23.33
Volusia County,2020-10-30,26.27
Wakulla County,2020-10-30,20.13
Walton County,2020-10-30,18.38
Washington County,2020-10-30,18.52
Alachua County,2020-10-31,18.87
Baker County,2020-10-31,17.61
Bay County,2020-10-31,15.14
Bradford County,2020-10-31,18.69
Brevard County,2020-10-31,22.55
Broward County,2020-10-31,27.44
Calhoun County,2020-10-31,15.18
Charlotte County,2020-10-31,24.37
Citrus County,2020-10-31,19.77
Clay County,2020-10-31,19.18
Collier County,2020-10-31,26.55
Columbia County,2020-10-31,17.49
DeSoto County,2020-10-31,23.69
Dixie County,2020-10-31,17.66
Duval County,2020-10-31,18.67
Escambia County,2020-10-31,14.14
Flagler County,2020-10-31,20.51
Franklin County,2020-10-31,15.79
Gadsden County,2020-10-31,15.38
Gilchrist County,2020-10-31,18.12
Glades County,2020-10-31,24.94
Gulf County,2020-10-31,15.31
Hamilton County,2020-10-31,16.06
Hardee County,2020-10-31,23.05
Hendry County,2020-10-31,25.9
Hernando County,2020-10-31,20.47
Highlands County,2020-10-31,23.96
Hillsborough County,2020-10-31,21.9
Holmes County,2020-10-31,14.84
Indian River County,2020-10-31,24.04
Jackson County,2020-10-31,15.15
Jefferson County,2020-10-31,15.83
Lafayette County,2020-10-31,16.94
Lake County,2020-10-31,20.7
Lee County,2020-10-31,25.06
Leon County,2020-10-31,15.65
Levy County,2020-10-31,18.87
Liberty County,2020-10-31,15.44
Madison County,2020-10-31,15.93
Manatee County,2020-10-31,22.43
Marion County,2020-10-31,19.5
Martin County,2020-10-31,26.57
Miami-Dade County,2020-10-31,27.79
Monroe County,2020-10-31,27.92
Nassau County,2020-10-31,17.7
Okaloosa County,2020-10-31,14.67
Okeechobee County,2020-10-31,24.53
Orange County,2020-10-31,21.52
Osceola County,2020-10-31,22.62
Palm Beach County,2020-10-31,27.15
Pasco County,2020-10-31,20.99
Pinellas County,2020-10-31,22.01
Polk County,2020-10-31,22.36
Putnam County,2020-10-31,19.82
St. Johns County,2020-10-31,20.05
St. Lucie County,2020-10-31,25.4
Santa Rosa County,2020-10-31,14.48
Sarasota County,2020-10-31,23.02
Seminole County,2020-10-31,21.27
Sumter County,2020-10-31,20.24
Suwannee County,2020-10-31,16.84
Taylor County,2020-10-31,16.63
Union County,2020-10-31,18.29
Volusia County,2020-10-31,20.94
Wakulla County,2020-10-31,15.75
Walton County,2020-10-31,14.7
Washington County,2020-10-31,15.08
Alachua County,2020-11-01,20.1
Baker County,2020-11-01,18.99
Bay County,2020-11-01,18.07
Bradford County,2020-11-01,20.03
Brevard County,2020-11-01,24.79
Broward County,2020-11-01,26.97
Calhoun County,2020-11-01,17.7
Charlotte County,2020-11-01,25.03
Citrus County,2020-11-01,21.5
Clay County,2020-11-01,21.28
Collier County,2020-11-01,26.44
Columbia County,2020-11-01,18.64
DeSoto County,2020-11-01,24.48
Dixie County,2020-11-01,19.5
Duval County,2020-11-01,20.97
Escambia County,2020-11-01,16.0
Flagler County,2020-11-01,23.38
Franklin County,2020-11-01,18.56
Gadsden County,2020-11-01,17.41
Gilchrist County,2020-11-01,19.44
Glades County,2020-11-01,25.45
Gulf County,2020-11-01,18.44
Hamilton County,2020-11-01,17.9
Hardee County,2020-11-01,24.1
Hendry County,2020-11-01,25.87
Hernando County,2020-11-01,21.86
Highlands County,2020-11-01,24.87
Hillsborough County,2020-11-01,22.95
Holmes County,2020-11-01,16.3
Indian River County,2020-11-01,25.51
Jackson County,2020-11-01,16.83
Jefferson County,2020-11-01,17.92
Lafayette County,2020-11-01,18.82
Lake County,2020-11-01,22.38
Lee County,2020-11-01,25.72
Leon County,2020-11-01,17.72
Levy County,2020-11-01,20.25
Liberty County,2020-11-01,18.01
Madison County,2020-11-01,17.92
Manatee County,2020-11-01,23.51
Marion County,2020-11-01,21.26
Martin County,2020-11-01,26.75
Miami-Dade County,2020-11-01,27.67
Monroe County,2020-11-01,28.09
Nassau County,2020-11-01,19.54
Okaloosa County,2020-11-01,16.23
Okeechobee County,2020-11-01,25.48
Orange County,2020-11-01,23.29
Osceola County,2020-11-01,24.14
Palm Beach County,2020-11-01,26.99
Pasco County,2020-11-01,22.07
Pinellas County,2020-11-01,23.13
Polk County,2020-11-01,23.45
Putnam County,2020-11-01,21.94
St. Johns County,2020-11-01,23.1
St. Lucie County,2020-11-01,26.21
Santa Rosa County,2020-11-01,15.94
Sarasota County,2020-11-01,23.82
Seminole County,2020-11-01,23.24
Sumter County,2020-11-01,21.71
Suwannee County,2020-11-01,18.49
Taylor County,2020-11-01,18.92
Union County,2020-11-01,19.27
Volusia County,2020-11-01,23.41
Wakulla County,2020-11-01,18.23
Walton County,2020-11-01,16.54
Washington County,2020-11-01,17.06
Alachua County,2020-11-02,19.77
Baker County,2020-11-02,18.3
Bay County,2020-11-02,18.13
Bradford County,2020-11-02,19.75
Brevard County,2020-11-02,22.97
Broward County,2020-11-02,26.37
Calhoun County,2020-11-02,17.89
Charlotte County,2020-11-02,24.93
Citrus County,2020-11-02,21.86
Clay County,2020-11-02,21.04
Collier County,2020-11-02,25.72
Columbia County,2020-11-02,17.53
DeSoto County,2020-11-02,24.25
Dixie County,2020-11-02,18.84
Duval County,2020-11-02,20.93
Escambia County,2020-11-02,16.98
Flagler County,2020-11-02,21.93
Franklin County,2020-11-02,19.52
Gadsden County,2020-11-02,17.14
Gilchrist County,2020-11-02,18.56
Glades County,2020-11-02,24.48
Gulf County,2020-11-02,19.38
Hamilton County,2020-11-02,16.34
Hardee County,2020-11-02,23.95
Hendry County,2020-11-02,24.75
Hernando County,2020-11-02,22.73
Highlands County,2020-11-02,24.02
Hillsborough County,2020-11-02,24.46
Holmes County,2020-11-02,15.52
Indian River County,2020-11-02,23.72
Jackson County,2020-11-02,16.14
Jefferson County,2020-11-02,17.06
Lafayette County,2020-11-02,17.65
Lake County,2020-11-02,21.83
Lee County,2020-11-02,25.37
Leon County,2020-11-02,17.47
Levy County,2020-11-02,19.93
Liberty County,2020-11-02,18.64
Madison County,2020-11-02,16.48
Manatee County,2020-11-02,24.65
Marion County,2020-11-02,20.91
Martin County,2020-11-02,25.56
Miami-Dade County,2020-11-02,27.24
Monroe County,2020-11-02,27.49
Nassau County,2020-11-02,19.35
Okaloosa County,2020-11-02,16.77
Okeechobee County,2020-11-02,24.07
Orange County,2020-11-02,22.28
Osceola County,2020-11-02,22.78
Palm Beach County,2020-11-02,26.09
Pasco County,2020-11-02,23.36
Pinellas County,2020-11-02,25.8
Polk County,2020-11-02,23.07
Putnam County,2020-11-02,21.33
St. Johns County,2020-11-02,22.04
St. Lucie County,2020-11-02,24.73
Santa Rosa County,2020-11-02,16.94
Sarasota County,2020-11-02,24.66
Seminole County,2020-11-02,22.24
Sumter County,2020-11-02,21.64
Suwannee County,2020-11-02,17.09
Taylor County,2020-11-02,18.21
Union County,2020-11-02,18.7
Volusia County,2020-11-02,22.2
Wakulla County,2020-11-02,18.64
Walton County,2020-11-02,16.44
Washington County,2020-11-02,16.63
Alachua County,2020-11-03,13.22
Baker County,2020-11-03,11.31
Bay County,2020-11-03,12.76
Bradford County,2020-11-03,12.65
Brevard County,2020-11-03,19.36
Broward County,2020-11-03,23.95
Calhoun County,2020-11-03,12.0
Charlotte County,2020-11-03,19.96
Citrus County,2020-11-03,16.89
Clay County,2020-11-03,13.91
Collier County,2020-11-03,22.22
Columbia County,2020-11-03,11.05
DeSoto County,2020-11-03,19.22
Dixie County,2020-11-03,12.88
Duval County,2020-11-03,13.3
Escambia County,2020-11-03,12.5
Flagler County,2020-11-03,16.54
Franklin County,2020-11-03,12.6
Gadsden County,2020-11-03,11.28
Gilchrist County,2020-11-03,12.43
Glades County,2020-11-03,20.78
Gulf County,2020-11-03,12.79
Hamilton County,2020-11-03,10.53
Hardee County,2020-11-03,18.81
Hendry County,2020-11-03,21.65
Hernando County,2020-11-03,17.78
Highlands County,2020-11-03,19.71
Hillsborough County,2020-11-03,18.66
Holmes County,2020-11-03,11.32
Indian River County,2020-11-03,20.56
Jackson County,2020-11-03,11.21
Jefferson County,2020-11-03,11.35
Lafayette County,2020-11-03,11.71
Lake County,2020-11-03,17.67
Lee County,2020-11-03,20.83
Leon County,2020-11-03,11.35
Levy County,2020-11-03,14.22
Liberty County,2020-11-03,12.01
Madison County,2020-11-03,10.99
Manatee County,2020-11-03,18.7
Marion County,2020-11-03,15.73
Martin County,2020-11-03,22.97
Miami-Dade County,2020-11-03,24.52
Monroe County,2020-11-03,24.5
Nassau County,2020-11-03,11.85
Okaloosa County,2020-11-03,12.43
Okeechobee County,2020-11-03,20.69
Orange County,2020-11-03,18.33
Osceola County,2020-11-03,18.92
Palm Beach County,2020-11-03,23.76
Pasco County,2020-11-03,18.04
Pinellas County,2020-11-03,19.08
Polk County,2020-11-03,18.44
Putnam County,2020-11-03,15.24
St. Johns County,2020-11-03,15.5
St. Lucie County,2020-11-03,21.89
Santa Rosa County,2020-11-03,12.53
Sarasota County,2020-11-03,18.87
Seminole County,2020-11-03,18.13
Sumter County,2020-11-03,17.42
Suwannee County,2020-11-03,11.11
Taylor County,2020-11-03,12.17
Union County,2020-11-03,11.75
Volusia County,2020-11-03,17.53
Wakulla County,2020-11-03,11.94
Walton County,2020-11-03,12.09
Washington County,2020-11-03,11.82
Alachua County,2020-11-04,14.26
Baker County,2020-11-04,12.52
Bay County,2020-11-04,14.36
Bradford County,2020-11-04,13.74
Brevard County,2020-11-04,20.7
Broward County,2020-11-04,23.64
Calhoun County,2020-11-04,13.48
Charlotte County,2020-11-04,20.72
Citrus County,2020-11-04,17.51
Clay County,2020-11-04,14.91
Collier County,2020-11-04,22.34
Columbia County,2020-11-04,12.45
DeSoto County,2020-11-04,20.04
Dixie County,2020-11-04,14.37
Duval County,2020-11-04,14.44
Escambia County,2020-11-04,13.33
Flagler County,2020-11-04,18.08
Franklin County,2020-11-04,14.29
Gadsden County,2020-11-04,13.03
Gilchrist County,2020-11-04,13.7
Glades County,2020-11-04,21.44
Gulf County,2020-11-04,14.24
Hamilton County,2020-11-04,12.14
Hardee County,2020-11-04,19.63
Hendry County,2020-11-04,21.91
Hernando County,2020-11-04,18.17
Highlands County,2020-11-04,20.69
Hillsborough County,2020-11-04,19.02
Holmes County,2020-11-04,12.61
Indian River County,2020-11-04,21.46
Jackson County,2020-11-04,12.83
Jefferson County,2020-11-04,13.24
Lafayette County,2020-11-04,13.39
Lake County,2020-11-04,18.45
Lee County,2020-11-04,21.48
Leon County,2020-11-04,13.17
Levy County,2020-11-04,15.24
Liberty County,2020-11-04,13.48
Madison County,2020-11-04,12.81
Manatee County,2020-11-04,19.1
Marion County,2020-11-04,16.49
Martin County,2020-11-04,23.29
Miami-Dade County,2020-11-04,24.37
Monroe County,2020-11-04,24.47
Nassau County,2020-11-04,13.1
Okaloosa County,2020-11-04,12.97
Okeechobee County,2020-11-04,21.53
Orange County,2020-11-04,19.4
Osceola County,2020-11-04,19.99
Palm Beach County,2020-11-04,23.62
Pasco County,2020-11-04,18.32
Pinellas County,2020-11-04,19.31
Polk County,2020-11-04,19.29
Putnam County,2020-11-04,16.22
St. Johns County,2020-11-04,16.88
St. Lucie County,2020-11-04,22.53
Santa Rosa County,2020-11-04,13.02
Sarasota County,2020-11-04,19.36
Seminole County,2020-11-04,19.35
Sumter County,2020-11-04,17.91
Suwannee County,2020-11-04,12.77
Taylor County,2020-11-04,14.1
Union County,2020-11-04,12.96
Volusia County,2020-11-04,19.11
Wakulla County,2020-11-04,13.83
Walton County,2020-11-04,13.09
Washington County,2020-11-04,13.2
Alachua County,2020-11-05,17.3
Baker County,2020-11-05,15.6
Bay County,2020-11-05,16.4
Bradford County,2020-11-05,16.8
Brevard County,2020-11-05,23.45
Broward County,2020-11-05,24.73
Calhoun County,2020-11-05,16.1
Charlotte County,2020-11-05,23.03
Citrus County,2020-11-05,20.56
Clay County,2020-11-05,17.77
Collier County,2020-11-05,23.6
Columbia County,2020-11-05,15.68
DeSoto County,2020-11-05,22.42
Dixie County,2020-11-05,17.5
Duval County,2020-11-05,17.26
Escambia County,2020-11-05,15.09
Flagler County,2020-11-05,20.28
Franklin County,2020-11-05,16.59
Gadsden County,2020-11-05,16.13
Gilchrist County,2020-11-05,16.89
Glades County,2020-11-05,23.24
Gulf County,2020-11-05,16.49
Hamilton County,2020-11-05,15.4
Hardee County,2020-11-05,22.01
Hendry County,2020-11-05,23.48
Hernando County,2020-11-05,21.31
Highlands County,2020-11-05,22.62
Hillsborough County,2020-11-05,21.96
Holmes County,2020-11-05,14.35
Indian River County,2020-11-05,23.44
Jackson County,2020-11-05,15.44
Jefferson County,2020-11-05,16.38
Lafayette County,2020-11-05,16.72
Lake County,2020-11-05,20.85
Lee County,2020-11-05,23.44
Leon County,2020-11-05,16.08
Levy County,2020-11-05,18.26
Liberty County,2020-11-05,16.12
Madison County,2020-11-05,16.18
Manatee County,2020-11-05,22.0
Marion County,2020-11-05,19.2
Martin County,2020-11-05,24.85
Miami-Dade County,2020-11-05,25.22
Monroe County,2020-11-05,25.16
Nassau County,2020-11-05,15.92
Okaloosa County,2020-11-05,14.44
Okeechobee County,2020-11-05,23.21
Orange County,2020-11-05,21.76
Osceola County,2020-11-05,22.15
Palm Beach County,2020-11-05,24.98
Pasco County,2020-11-05,21.45
Pinellas County,2020-11-05,22.95
Polk County,2020-11-05,21.58
Putnam County,2020-11-05,18.82
St. Johns County,2020-11-05,19.43
St. Lucie County,2020-11-05,24.2
Santa Rosa County,2020-11-05,14.61
Sarasota County,2020-11-05,22.22
Seminole County,2020-11-05,21.61
Sumter County,2020-11-05,20.66
Suwannee County,2020-11-05,16.14
Taylor County,2020-11-05,17.16
Union County,2020-11-05,16.13
Volusia County,2020-11-05,21.38
Wakulla County,2020-11-05,16.31
Walton County,2020-11-05,14.6
Washington County,2020-11-05,15.16
Alachua County,2020-11-06,20.69
Baker County,2020-11-06,19.97
Bay County,2020-11-06,20.28
Bradford County,2020-11-06,20.74
Brevard County,2020-11-06,24.06
Broward County,2020-11-06,25.68
Calhoun County,2020-11-06,19.89
Charlotte County,2020-11-06,24.38
Citrus County,2020-11-06,22.65
Clay County,2020-11-06,21.75
Collier County,2020-11-06,25.06
Columbia County,2020-11-06,19.54
DeSoto County,2020-11-06,24.01
Dixie County,2020-11-06,20.01
Duval County,2020-11-06,21.54
Escambia County,2020-11-06,18.26
Flagler County,2020-11-06,22.59
Franklin County,2020-11-06,20.16
Gadsden County,2020-11-06,19.78
Gilchrist County,2020-11-06,19.82
Glades County,2020-11-06,24.49
Gulf County,2020-11-06,20.35
Hamilton County,2020-11-06,19.46
Hardee County,2020-11-06,24.04
Hendry County,2020-11-06,24.71
Hernando County,2020-11-06,23.43
Highlands County,2020-11-06,24.19
Hillsborough County,2020-11-06,24.18
Holmes County,2020-11-06,18.78
Indian River County,2020-11-06,24.5
Jackson County,2020-11-06,19.41
Jefferson County,2020-11-06,20.31
Lafayette County,2020-11-06,19.91
Lake County,2020-11-06,23.4
Lee County,2020-11-06,24.75
Leon County,2020-11-06,20.11
Levy County,2020-11-06,20.57
Liberty County,2020-11-06,19.76
Madison County,2020-11-06,20.0
Manatee County,2020-11-06,23.93
Marion County,2020-11-06,22.06
Martin County,2020-11-06,25.77
Miami-Dade County,2020-11-06,26.08
Monroe County,2020-11-06,26.27
Nassau County,2020-11-06,20.69
Okaloosa County,2020-11-06,17.91
Okeechobee County,2020-11-06,24.49
Orange County,2020-11-06,23.77
Osceola County,2020-11-06,23.9
Palm Beach County,2020-11-06,25.82
Pasco County,2020-11-06,23.68
Pinellas County,2020-11-06,24.29
Polk County,2020-11-06,23.98
Putnam County,2020-11-06,22.13
St. Johns County,2020-11-06,22.42
St. Lucie County,2020-11-06,25.21
Santa Rosa County,2020-11-06,17.95
Sarasota County,2020-11-06,23.78
Seminole County,2020-11-06,23.55
Sumter County,2020-11-06,23.19
Suwannee County,2020-11-06,19.67
Taylor County,2020-11-06,20.5
Union County,2020-11-06,19.98
Volusia County,2020-11-06,23.08
Wakulla County,2020-11-06,20.15
Walton County,2020-11-06,18.48
Washington County,2020-11-06,19.52
Alachua County,2020-11-07,22.97
Baker County,2020-11-07,22.07
Bay County,2020-11-07,21.75
Bradford County,2020-11-07,22.78
Brevard County,2020-11-07,24.8
Broward County,2020-11-07,25.44
Calhoun County,2020-11-07,21.44
Charlotte County,2020-11-07,24.9
Citrus County,2020-11-07,24.32
Clay County,2020-11-07,23.62
Collier County,2020-11-07,24.83
Columbia County,2020-11-07,21.81
DeSoto County,2020-11-07,24.62
Dixie County,2020-11-07,22.79
Duval County,2020-11-07,23.34
Escambia County,2020-11-07,21.09
Flagler County,2020-11-07,24.25
Franklin County,2020-11-07,22.22
Gadsden County,2020-11-07,21.59
Gilchrist County,2020-11-07,22.54
Glades County,2020-11-07,24.81
Gulf County,2020-11-07,22.0
Hamilton County,2020-11-07,21.52
Hardee County,2020-11-07,24.6
Hendry County,2020-11-07,24.61
Hernando County,2020-11-07,24.49
Highlands County,2020-11-07,24.78
Hillsborough County,2020-11-07,24.69
Holmes County,2020-11-07,20.34
Indian River County,2020-11-07,25.12
Jackson County,2020-11-07,20.78
Jefferson County,2020-11-07,22.1
Lafayette County,2020-11-07,22.24
Lake County,2020-11-07,24.28
Lee County,2020-11-07,25.03
Leon County,2020-11-07,21.97
Levy County,2020-11-07,23.25
Liberty County,2020-11-07,21.82
Madison County,2020-11-07,21.84
Manatee County,2020-11-07,24.58
Marion County,2020-11-07,23.78
Martin County,2020-11-07,26.0
Miami-Dade County,2020-11-07,25.74
Monroe County,2020-11-07,25.78
Nassau County,2020-11-07,22.62
Okaloosa County,2020-11-07,20.82
Okeechobee County,2020-11-07,25.08
Orange County,2020-11-07,24.39
Osceola County,2020-11-07,24.51
Palm Beach County,2020-11-07,25.81
Pasco County,2020-11-07,24.42
Pinellas County,2020-11-07,25.08
Polk County,2020-11-07,24.4
Putnam County,2020-11-07,23.93
St. Johns County,2020-11-07,24.34
St. Lucie County,2020-11-07,25.65
Santa Rosa County,2020-11-07,20.89
Sarasota County,2020-11-07,24.52
Seminole County,2020-11-07,24.32
Sumter County,2020-11-07,24.23
Suwannee County,2020-11-07,21.87
Taylor County,2020-11-07,22.68
Union County,2020-11-07,22.19
Volusia County,2020-11-07,24.24
Wakulla County,2020-11-07,22.28
Walton County,2020-11-07,20.73
Washington County,2020-11-07,20.88
Alachua County,2020-11-08,23.92
Baker County,2020-11-08,23.2
Bay County,2020-11-08,22.8
Bradford County,2020-11-08,23.76
Brevard County,2020-11-08,25.25
Broward County,2020-11-08,24.75
Calhoun County,2020-11-08,22.76
Charlotte County,2020-11-08,24.55
Citrus County,2020-11-08,24.91
Clay County,2020-11-08,24.53
Collier County,2020-11-08,24.07
Columbia County,2020-11-08,23.06
DeSoto County,2020-11-08,24.64
Dixie County,2020-11-08,23.91
Duval County,2020-11-08,24.26
Escambia County,2020-11-08,21.79
Flagler County,2020-11-08,25.03
Franklin County,2020-11-08,23.16
Gadsden County,2020-11-08,22.82
Gilchrist County,2020-11-08,23.7
Glades County,2020-11-08,24.53
Gulf County,2020-11-08,23.04
Hamilton County,2020-11-08,22.89
Hardee County,2020-11-08,24.95
Hendry County,2020-11-08,24.16
Hernando County,2020-11-08,25.05
Highlands County,2020-11-08,24.84
Hillsborough County,2020-11-08,25.21
Holmes County,2020-11-08,21.82
Indian River County,2020-11-08,25.0
Jackson County,2020-11-08,22.21
Jefferson County,2020-11-08,23.6
Lafayette County,2020-11-08,23.66
Lake County,2020-11-08,25.07
Lee County,2020-11-08,24.34
Leon County,2020-11-08,23.3
Levy County,2020-11-08,24.1
Liberty County,2020-11-08,23.07
Madison County,2020-11-08,23.4
Manatee County,2020-11-08,24.78
Marion County,2020-11-08,24.54
Martin County,2020-11-08,25.33
Miami-Dade County,2020-11-08,25.0
Monroe County,2020-11-08,24.79
Nassau County,2020-11-08,23.65
Okaloosa County,2020-11-08,21.79
Okeechobee County,2020-11-08,24.93
Orange County,2020-11-08,25.25
Osceola County,2020-11-08,25.09
Palm Beach County,2020-11-08,25.14
Pasco County,2020-11-08,25.0
Pinellas County,2020-11-08,25.28
Polk County,2020-11-08,25.05
Putnam County,2020-11-08,24.78
St. Johns County,2020-11-08,25.07
St. Lucie County,2020-11-08,25.15
Santa Rosa County,2020-11-08,21.71
Sarasota County,2020-11-08,24.34
Seminole County,2020-11-08,25.26
Sumter County,2020-11-08,24.87
Suwannee County,2020-11-08,23.26
Taylor County,2020-11-08,24.08
Union County,2020-11-08,23.31
Volusia County,2020-11-08,25.09
Wakulla County,2020-11-08,23.49
Walton County,2020-11-08,21.87
Washington County,2020-11-08,22.3
Alachua County,2020-11-09,24.41
Baker County,2020-11-09,23.79
Bay County,2020-11-09,24.7
Bradford County,2020-11-09,24.23
Brevard County,2020-11-09,24.76
Broward County,2020-11-09,24.4
Calhoun County,2020-11-09,24.35
Charlotte County,2020-11-09,24.19
Citrus County,2020-11-09,25.84
Clay County,2020-11-09,25.06
Collier County,2020-11-09,24.03
Columbia County,2020-11-09,23.71
DeSoto County,2020-11-09,23.88
Dixie County,2020-11-09,24.93
Duval County,2020-11-09,24.96
Escambia County,2020-11-09,23.34
Flagler County,2020-11-09,25.22
Franklin County,2020-11-09,24.93
Gadsden County,2020-11-09,24.19
Gilchrist County,2020-11-09,24.38
Glades County,2020-11-09,23.88
Gulf County,2020-11-09,24.84
Hamilton County,2020-11-09,23.75
Hardee County,2020-11-09,24.09
Hendry County,2020-11-09,23.94
Hernando County,2020-11-09,25.8
Highlands County,2020-11-09,23.96
Hillsborough County,2020-11-09,25.27
Holmes County,2020-11-09,22.96
Indian River County,2020-11-09,24.29
Jackson County,2020-11-09,23.67
Jefferson County,2020-11-09,24.7
Lafayette County,2020-11-09,24.45
Lake County,2020-11-09,25.03
Lee County,2020-11-09,24.26
Leon County,2020-11-09,24.57
Levy County,2020-11-09,25.02
Liberty County,2020-11-09,24.5
Madison County,2020-11-09,24.33
Manatee County,2020-11-09,24.44
Marion County,2020-11-09,24.95
Martin County,2020-11-09,24.65
Miami-Dade County,2020-11-09,24.72
Monroe County,2020-11-09,25.11
Nassau County,2020-11-09,24.29
Okaloosa County,2020-11-09,23.21
Okeechobee County,2020-11-09,24.16
Orange County,2020-11-09,24.79
Osceola County,2020-11-09,24.43
Palm Beach County,2020-11-09,24.64
Pasco County,2020-11-09,25.46
Pinellas County,2020-11-09,26.15
Polk County,2020-11-09,24.41
Putnam County,2020-11-09,25.12
St. Johns County,2020-11-09,25.7
St. Lucie County,2020-11-09,24.42
Santa Rosa County,2020-11-09,23.18
Sarasota County,2020-11-09,24.11
Seminole County,2020-11-09,24.81
Sumter County,2020-11-09,25.28
Suwannee County,2020-11-09,24.02
Taylor County,2020-11-09,25.19
Union County,2020-11-09,23.83
Volusia County,2020-11-09,24.91
Wakulla County,2020-11-09,24.96
Walton County,2020-11-09,23.32
Washington County,2020-11-09,23.78
Alachua County,2020-11-10,24.61
Baker County,2020-11-10,24.23
Bay County,2020-11-10,25.27
Bradford County,2020-11-10,24.47
Brevard County,2020-11-10,25.71
Broward County,2020-11-10,26.19
Calhoun County,2020-11-10,25.29
Charlotte County,2020-11-10,25.84
Citrus County,2020-11-10,25.79
Clay County,2020-11-10,25.09
Collier County,2020-11-10,26.08
Columbia County,2020-11-10,24.31
DeSoto County,2020-11-10,25.73
Dixie County,2020-11-10,25.14
Duval County,2020-11-10,25.04
Escambia County,2020-11-10,24.32
Flagler County,2020-11-10,24.96
Franklin County,2020-11-10,25.35
Gadsden County,2020-11-10,24.94
Gilchrist County,2020-11-10,24.75
Glades County,2020-11-10,26.08
Gulf County,2020-11-10,25.6
Hamilton County,2020-11-10,24.42
Hardee County,2020-11-10,25.78
Hendry County,2020-11-10,25.93
Hernando County,2020-11-10,26.0
Highlands County,2020-11-10,26.04
Hillsborough County,2020-11-10,26.16
Holmes County,2020-11-10,24.05
Indian River County,2020-11-10,26.07
Jackson County,2020-11-10,24.57
Jefferson County,2020-11-10,25.26
Lafayette County,2020-11-10,24.98
Lake County,2020-11-10,25.18
Lee County,2020-11-10,25.96
Leon County,2020-11-10,25.22
Levy County,2020-11-10,25.06
Liberty County,2020-11-10,25.37
Madison County,2020-11-10,24.95
Manatee County,2020-11-10,25.63
Marion County,2020-11-10,24.86
Martin County,2020-11-10,26.48
Miami-Dade County,2020-11-10,26.8
Monroe County,2020-11-10,26.94
Nassau County,2020-11-10,24.53
Okaloosa County,2020-11-10,24.07
Okeechobee County,2020-11-10,26.25
Orange County,2020-11-10,25.43
Osceola County,2020-11-10,25.79
Palm Beach County,2020-11-10,26.39
Pasco County,2020-11-10,25.98
Pinellas County,2020-11-10,26.49
Polk County,2020-11-10,25.7
Putnam County,2020-11-10,24.96
St. Johns County,2020-11-10,25.39
St. Lucie County,2020-11-10,26.29
Santa Rosa County,2020-11-10,24.2
Sarasota County,2020-11-10,25.28
Seminole County,2020-11-10,25.22
Sumter County,2020-11-10,25.37
Suwannee County,2020-11-10,24.66
Taylor County,2020-11-10,25.58
Union County,2020-11-10,24.26
Volusia County,2020-11-10,24.9
Wakulla County,2020-11-10,25.48
Walton County,2020-11-10,24.11
Washington County,2020-11-10,24.76
Alachua County,2020-11-11,25.07
Baker County,2020-11-11,24.69
Bay County,2020-11-11,25.88
Bradford County,2020-11-11,25.06
Brevard County,2020-11-11,25.5
Broward County,2020-11-11,26.68
Calhoun County,2020-11-11,25.8
Charlotte County,2020-11-11,26.43
Citrus County,2020-11-11,26.48
Clay County,2020-11-11,25.84
Collier County,2020-11-11,26.58
Columbia County,2020-11-11,24.59
DeSoto County,2020-11-11,26.08
Dixie County,2020-11-11,25.07
Duval County,2020-11-11,25.61
Escambia County,2020-11-11,24.66
Flagler County,2020-11-11,26.03
Franklin County,2020-11-11,25.91
Gadsden County,2020-11-11,25.69
Gilchrist County,2020-11-11,24.77
Glades County,2020-11-11,25.96
Gulf County,2020-11-11,26.13
Hamilton County,2020-11-11,24.77
Hardee County,2020-11-11,26.03
Hendry County,2020-11-11,26.11
Hernando County,2020-11-11,26.84
Highlands County,2020-11-11,25.77
Hillsborough County,2020-11-11,26.92
Holmes County,2020-11-11,24.65
Indian River County,2020-11-11,25.48
Jackson County,2020-11-11,25.06
Jefferson County,2020-11-11,25.86
Lafayette County,2020-11-11,25.07
Lake County,2020-11-11,26.2
Lee County,2020-11-11,26.59
Leon County,2020-11-11,25.96
Levy County,2020-11-11,25.18
Liberty County,2020-11-11,26.02
Madison County,2020-11-11,25.36
Manatee County,2020-11-11,26.48
Marion County,2020-11-11,25.77
Martin County,2020-11-11,26.36
Miami-Dade County,2020-11-11,27.04
Monroe County,2020-11-11,27.31
Nassau County,2020-11-11,24.95
Okaloosa County,2020-11-11,24.99
Okeechobee County,2020-11-11,25.72
Orange County,2020-11-11,25.95
Osceola County,2020-11-11,25.62
Palm Beach County,2020-11-11,26.73
Pasco County,2020-11-11,26.82
Pinellas County,2020-11-11,27.36
Polk County,2020-11-11,25.92
Putnam County,2020-11-11,25.95
St. Johns County,2020-11-11,26.23
St. Lucie County,2020-11-11,25.87
Santa Rosa County,2020-11-11,24.83
Sarasota County,2020-11-11,26.26
Seminole County,2020-11-11,25.94
Sumter County,2020-11-11,26.39
Suwannee County,2020-11-11,24.86
Taylor County,2020-11-11,25.83
Union County,2020-11-11,24.67
Volusia County,2020-11-11,25.83
Wakulla County,2020-11-11,26.11
Walton County,2020-11-11,24.99
Washington County,2020-11-11,25.31
Alachua County,2020-11-12,24.66
Baker County,2020-11-12,25.01
Bay County,2020-11-12,25.52
Bradford County,2020-11-12,25.07
Brevard County,2020-11-12,25.97
Broward County,2020-11-12,26.59
Calhoun County,2020-11-12,25.78
Charlotte County,2020-11-12,25.57
Citrus County,2020-11-12,24.69
Clay County,2020-11-12,25.99
Collier County,2020-11-12,26.06
Columbia County,2020-11-12,24.57
DeSoto County,2020-11-12,25.68
Dixie County,2020-11-12,23.93
Duval County,2020-11-12,26.01
Escambia County,2020-11-12,24.64
Flagler County,2020-11-12,25.91
Franklin County,2020-11-12,25.37
Gadsden County,2020-11-12,25.51
Gilchrist County,2020-11-12,24.12
Glades County,2020-11-12,26.27
Gulf County,2020-11-12,25.81
Hamilton County,2020-11-12,24.7
Hardee County,2020-11-12,25.69
Hendry County,2020-11-12,26.19
Hernando County,2020-11-12,24.94
Highlands County,2020-11-12,26.19
Hillsborough County,2020-11-12,25.04
Holmes County,2020-11-12,24.66
Indian River County,2020-11-12,26.32
Jackson County,2020-11-12,25.01
Jefferson County,2020-11-12,25.22
Lafayette County,2020-11-12,24.43
Lake County,2020-11-12,25.68
Lee County,2020-11-12,25.67
Leon County,2020-11-12,25.55
Levy County,2020-11-12,23.88
Liberty County,2020-11-12,25.95
Madison County,2020-11-12,24.9
Manatee County,2020-11-12,25.09
Marion County,2020-11-12,25.05
Martin County,2020-11-12,26.95
Miami-Dade County,2020-11-12,26.74
Monroe County,2020-11-12,26.7
Nassau County,2020-11-12,25.6
Okaloosa County,2020-11-12,25.13
Okeechobee County,2020-11-12,26.56
Orange County,2020-11-12,25.96
Osceola County,2020-11-12,26.04
Palm Beach County,2020-11-12,27.01
Pasco County,2020-11-12,24.98
Pinellas County,2020-11-12,24.96
Polk County,2020-11-12,25.56
Putnam County,2020-11-12,25.82
St. Johns County,2020-11-12,26.23
St. Lucie County,2020-11-12,26.62
Santa Rosa County,2020-11-12,24.89
Sarasota County,2020-11-12,24.86
Seminole County,2020-11-12,26.02
Sumter County,2020-11-12,25.2
Suwannee County,2020-11-12,24.51
Taylor County,2020-11-12,24.91
Union County,2020-11-12,24.63
Volusia County,2020-11-12,25.82
Wakulla County,2020-11-12,25.49
Walton County,2020-11-12,24.94
Washington County,2020-11-12,25.21
Alachua County,2020-11-13,22.61
Baker County,2020-11-13,22.7
Bay County,2020-11-13,21.98
Bradford County,2020-11-13,22.93
Brevard County,2020-11-13,25.44
Broward County,2020-11-13,26.35
Calhoun County,2020-11-13,22.26
Charlotte County,2020-11-13,25.03
Citrus County,2020-11-13,23.77
Clay County,2020-11-13,24.01
Collier County,2020-11-13,26.02
Columbia County,2020-11-13,22.16
DeSoto County,2020-11-13,24.92
Dixie County,2020-11-13,21.96
Duval County,2020-11-13,23.96
Escambia County,2020-11-13,19.38
Flagler County,2020-11-13,24.71
Franklin County,2020-11-13,23.32
Gadsden County,2020-11-13,21.7
Gilchrist County,2020-11-13,21.89
Glades County,2020-11-13,25.69
Gulf County,2020-11-13,23.41
Hamilton County,2020-11-13,21.95
Hardee County,2020-11-13,24.9
Hendry County,2020-11-13,25.8
Hernando County,2020-11-13,24.33
Highlands County,2020-11-13,25.43
Hillsborough County,2020-11-13,24.77
Holmes County,2020-11-13,19.25
Indian River County,2020-11-13,25.78
Jackson County,2020-11-13,20.6
Jefferson County,2020-11-13,21.78
Lafayette County,2020-11-13,21.96
Lake County,2020-11-13,24.56
Lee County,2020-11-13,25.32
Leon County,2020-11-13,21.93
Levy County,2020-11-13,22.23
Liberty County,2020-11-13,23.0
Madison County,2020-11-13,21.73
Manatee County,2020-11-13,24.53
Marion County,2020-11-13,23.54
Martin County,2020-11-13,26.69
Miami-Dade County,2020-11-13,26.89
Monroe County,2020-11-13,27.17
Nassau County,2020-11-13,23.37
Okaloosa County,2020-11-13,19.29
Okeechobee County,2020-11-13,25.93
Orange County,2020-11-13,25.01
Osceola County,2020-11-13,25.23
Palm Beach County,2020-11-13,26.71
Pasco County,2020-11-13,24.49
Pinellas County,2020-11-13,24.96
Polk County,2020-11-13,24.83
Putnam County,2020-11-13,24.13
St. Johns County,2020-11-13,24.74
St. Lucie County,2020-11-13,26.27
Santa Rosa County,2020-11-13,19.1
Sarasota County,2020-11-13,24.3
Seminole County,2020-11-13,24.98
Sumter County,2020-11-13,24.22
Suwannee County,2020-11-13,21.94
Taylor County,2020-11-13,22.35
Union County,2020-11-13,22.36
Volusia County,2020-11-13,24.82
Wakulla County,2020-11-13,22.71
Walton County,2020-11-13,19.62
Washington County,2020-11-13,20.59
Alachua County,2020-11-14,20.69
Baker County,2020-11-14,19.8
Bay County,2020-11-14,20.22
Bradford County,2020-11-14,20.47
Brevard County,2020-11-14,24.46
Broward County,2020-11-14,26.08
Calhoun County,2020-11-14,19.73
Charlotte County,2020-11-14,25.41
Citrus County,2020-11-14,23.22
Clay County,2020-11-14,21.63
Collier County,2020-11-14,26.18
Columbia County,2020-11-14,19.47
DeSoto County,2020-11-14,24.84
Dixie County,2020-11-14,21.07
Duval County,2020-11-14,21.83
Escambia County,2020-11-14,18.81
Flagler County,2020-11-14,22.84
Franklin County,2020-11-14,20.87
Gadsden County,2020-11-14,19.59
Gilchrist County,2020-11-14,20.47
Glades County,2020-11-14,25.27
Gulf County,2020-11-14,20.58
Hamilton County,2020-11-14,19.06
Hardee County,2020-11-14,24.51
Hendry County,2020-11-14,25.67
Hernando County,2020-11-14,23.72
Highlands County,2020-11-14,24.78
Hillsborough County,2020-11-14,24.51
Holmes County,2020-11-14,18.3
Indian River County,2020-11-14,24.62
Jackson County,2020-11-14,18.81
Jefferson County,2020-11-14,19.92
Lafayette County,2020-11-14,20.04
Lake County,2020-11-14,23.03
Lee County,2020-11-14,25.88
Leon County,2020-11-14,19.88
Levy County,2020-11-14,21.71
Liberty County,2020-11-14,20.13
Madison County,2020-11-14,19.49
Manatee County,2020-11-14,24.62
Marion County,2020-11-14,21.98
Martin County,2020-11-14,25.68
Miami-Dade County,2020-11-14,26.67
Monroe County,2020-11-14,27.21
Nassau County,2020-11-14,20.91
Okaloosa County,2020-11-14,18.71
Okeechobee County,2020-11-14,24.86
Orange County,2020-11-14,23.55
Osceola County,2020-11-14,24.02
Palm Beach County,2020-11-14,26.08
Pasco County,2020-11-14,23.89
Pinellas County,2020-11-14,25.27
Polk County,2020-11-14,23.93
Putnam County,2020-11-14,21.99
St. Johns County,2020-11-14,22.94
St. Lucie County,2020-11-14,25.12
Santa Rosa County,2020-11-14,18.61
Sarasota County,2020-11-14,24.71
Seminole County,2020-11-14,23.35
Sumter County,2020-11-14,23.01
Suwannee County,2020-11-14,19.51
Taylor County,2020-11-14,20.71
Union County,2020-11-14,19.86
Volusia County,2020-11-14,23.18
Wakulla County,2020-11-14,20.52
Walton County,2020-11-14,18.8
Washington County,2020-11-14,18.97
Alachua County,2020-11-15,21.51
Baker County,2020-11-15,20.38
Bay County,2020-11-15,20.28
Bradford County,2020-11-15,21.25
Brevard County,2020-11-15,24.58
Broward County,2020-11-15,26.27
Calhoun County,2020-11-15,19.83
Charlotte County,2020-11-15,25.5
Citrus County,2020-11-15,23.3
Clay County,2020-11-15,22.13
Collier County,2020-11-15,26.11
Columbia County,2020-11-15,20.12
DeSoto County,2020-11-15,25.38
Dixie County,2020-11-15,20.8
Duval County,2020-11-15,21.53
Escambia County,2020-11-15,20.14
Flagler County,2020-11-15,23.23
Franklin County,2020-11-15,20.3
Gadsden County,2020-11-15,19.49
Gilchrist County,2020-11-15,20.89
Glades County,2020-11-15,25.93
Gulf County,2020-11-15,20.46
Hamilton County,2020-11-15,19.51
Hardee County,2020-11-15,25.19
Hendry County,2020-11-15,26.02
Hernando County,2020-11-15,23.82
Highlands County,2020-11-15,25.63
Hillsborough County,2020-11-15,24.47
Holmes County,2020-11-15,19.0
Indian River County,2020-11-15,25.33
Jackson County,2020-11-15,19.06
Jefferson County,2020-11-15,19.72
Lafayette County,2020-11-15,20.19
Lake County,2020-11-15,23.99
Lee County,2020-11-15,25.75
Leon County,2020-11-15,19.68
Levy County,2020-11-15,21.73
Liberty County,2020-11-15,20.06
Madison County,2020-11-15,19.59
Manatee County,2020-11-15,24.76
Marion County,2020-11-15,22.84
Martin County,2020-11-15,26.33
Miami-Dade County,2020-11-15,26.74
Monroe County,2020-11-15,27.03
Nassau County,2020-11-15,20.57
Okaloosa County,2020-11-15,19.73
Okeechobee County,2020-11-15,25.81
Orange County,2020-11-15,24.35
Osceola County,2020-11-15,24.82
Palm Beach County,2020-11-15,26.54
Pasco County,2020-11-15,24.03
Pinellas County,2020-11-15,24.53
Polk County,2020-11-15,24.68
Putnam County,2020-11-15,22.79
St. Johns County,2020-11-15,22.82
St. Lucie County,2020-11-15,25.89
Santa Rosa County,2020-11-15,19.89
Sarasota County,2020-11-15,24.72
Seminole County,2020-11-15,24.16
Sumter County,2020-11-15,23.76
Suwannee County,2020-11-15,19.92
Taylor County,2020-11-15,20.3
Union County,2020-11-15,20.65
Volusia County,2020-11-15,23.66
Wakulla County,2020-11-15,19.96
Walton County,2020-11-15,19.47
Washington County,2020-11-15,19.47
Alachua County,2020-11-16,22.0
Baker County,2020-11-16,21.7
Bay County,2020-11-16,20.9
Bradford County,2020-11-16,22.25
Brevard County,2020-11-16,24.92
Broward County,2020-11-16,25.98
Calhoun County,2020-11-16,20.32
Charlotte County,2020-11-16,26.0
Citrus County,2020-11-16,23.51
Clay County,2020-11-16,23.44
Collier County,2020-11-16,26.09
Columbia County,2020-11-16,21.25
DeSoto County,2020-11-16,25.97
Dixie County,2020-11-16,21.28
Duval County,2020-11-16,23.14
Escambia County,2020-11-16,19.7
Flagler County,2020-11-16,24.71
Franklin County,2020-11-16,21.45
Gadsden County,2020-11-16,19.72
Gilchrist County,2020-11-16,21.22
Glades County,2020-11-16,25.88
Gulf County,2020-11-16,21.48
Hamilton County,2020-11-16,20.82
Hardee County,2020-11-16,26.09
Hendry County,2020-11-16,25.91
Hernando County,2020-11-16,24.45
Highlands County,2020-11-16,25.92
Hillsborough County,2020-11-16,25.71
Holmes County,2020-11-16,18.48
Indian River County,2020-11-16,24.81
Jackson County,2020-11-16,19.03
Jefferson County,2020-11-16,20.89
Lafayette County,2020-11-16,21.45
Lake County,2020-11-16,25.27
Lee County,2020-11-16,26.05
Leon County,2020-11-16,20.43
Levy County,2020-11-16,21.5
Liberty County,2020-11-16,20.72
Madison County,2020-11-16,20.96
Manatee County,2020-11-16,25.98
Marion County,2020-11-16,23.51
Martin County,2020-11-16,25.64
Miami-Dade County,2020-11-16,26.27
Monroe County,2020-11-16,26.89
Nassau County,2020-11-16,22.23
Okaloosa County,2020-11-16,19.46
Okeechobee County,2020-11-16,25.57
Orange County,2020-11-16,25.57
Osceola County,2020-11-16,25.45
Palm Beach County,2020-11-16,26.15
Pasco County,2020-11-16,24.97
Pinellas County,2020-11-16,25.8
Polk County,2020-11-16,25.74
Putnam County,2020-11-16,24.0
St. Johns County,2020-11-16,24.32
St. Lucie County,2020-11-16,25.09
Santa Rosa County,2020-11-16,19.52
Sarasota County,2020-11-16,25.77
Seminole County,2020-11-16,25.58
Sumter County,2020-11-16,24.58
Suwannee County,2020-11-16,21.23
Taylor County,2020-11-16,21.75
Union County,2020-11-16,21.6
Volusia County,2020-11-16,25.11
Wakulla County,2020-11-16,21.02
Walton County,2020-11-16,19.29
Washington County,2020-11-16,19.61
Alachua County,2020-11-17,16.89
Baker County,2020-11-17,15.21
Bay County,2020-11-17,16.19
Bradford County,2020-11-17,16.56
Brevard County,2020-11-17,21.79
Broward County,2020-11-17,25.19
Calhoun County,2020-11-17,14.71
Charlotte County,2020-11-17,24.09
Citrus County,2020-11-17,20.65
Clay County,2020-11-17,17.74
Collier County,2020-11-17,24.81
Columbia County,2020-11-17,14.66
DeSoto County,2020-11-17,23.31
Dixie County,2020-11-17,16.19
Duval County,2020-11-17,17.31
Escambia County,2020-11-17,13.75
Flagler County,2020-11-17,19.42
Franklin County,2020-11-17,16.19
Gadsden County,2020-11-17,14.18
Gilchrist County,2020-11-17,15.71
Glades County,2020-11-17,24.03
Gulf County,2020-11-17,16.26
Hamilton County,2020-11-17,13.96
Hardee County,2020-11-17,22.88
Hendry County,2020-11-17,24.27
Hernando County,2020-11-17,21.82
Highlands County,2020-11-17,23.26
Hillsborough County,2020-11-17,23.29
Holmes County,2020-11-17,13.76
Indian River County,2020-11-17,23.44
Jackson County,2020-11-17,13.83
Jefferson County,2020-11-17,14.84
Lafayette County,2020-11-17,15.0
Lake County,2020-11-17,20.77
Lee County,2020-11-17,24.58
Leon County,2020-11-17,14.67
Levy County,2020-11-17,17.6
Liberty County,2020-11-17,14.74
Madison County,2020-11-17,14.34
Manatee County,2020-11-17,23.45
Marion County,2020-11-17,19.11
Martin County,2020-11-17,25.61
Miami-Dade County,2020-11-17,25.54
Monroe County,2020-11-17,26.06
Nassau County,2020-11-17,15.96
Okaloosa County,2020-11-17,13.94
Okeechobee County,2020-11-17,23.78
Orange County,2020-11-17,21.06
Osceola County,2020-11-17,21.86
Palm Beach County,2020-11-17,25.67
Pasco County,2020-11-17,22.34
Pinellas County,2020-11-17,24.1
Polk County,2020-11-17,22.11
Putnam County,2020-11-17,18.64
St. Johns County,2020-11-17,18.92
St. Lucie County,2020-11-17,24.76
Santa Rosa County,2020-11-17,13.72
Sarasota County,2020-11-17,23.6
Seminole County,2020-11-17,20.62
Sumter County,2020-11-17,20.99
Suwannee County,2020-11-17,14.48
Taylor County,2020-11-17,15.69
Union County,2020-11-17,15.54
Volusia County,2020-11-17,20.05
Wakulla County,2020-11-17,15.38
Walton County,2020-11-17,14.37
Washington County,2020-11-17,14.55
Alachua County,2020-11-18,15.14
Baker County,2020-11-18,14.22
Bay County,2020-11-18,15.02
Bradford County,2020-11-18,15.0
Brevard County,2020-11-18,19.58
Broward County,2020-11-18,23.71
Calhoun County,2020-11-18,14.35
Charlotte County,2020-11-18,19.89
Citrus County,2020-11-18,16.92
Clay County,2020-11-18,16.01
Collier County,2020-11-18,22.27
Columbia County,2020-11-18,13.96
DeSoto County,2020-11-18,19.14
Dixie County,2020-11-18,14.87
Duval County,2020-11-18,15.89
Escambia County,2020-11-18,14.29
Flagler County,2020-11-18,17.55
Franklin County,2020-11-18,15.07
Gadsden County,2020-11-18,13.78
Gilchrist County,2020-11-18,14.57
Glades County,2020-11-18,20.89
Gulf County,2020-11-18,15.11
Hamilton County,2020-11-18,13.51
Hardee County,2020-11-18,18.8
Hendry County,2020-11-18,21.57
Hernando County,2020-11-18,17.4
Highlands County,2020-11-18,19.94
Hillsborough County,2020-11-18,18.34
Holmes County,2020-11-18,13.19
Indian River County,2020-11-18,20.97
Jackson County,2020-11-18,13.68
Jefferson County,2020-11-18,14.18
Lafayette County,2020-11-18,14.37
Lake County,2020-11-18,17.65
Lee County,2020-11-18,20.87
Leon County,2020-11-18,14.02
Levy County,2020-11-18,15.35
Liberty County,2020-11-18,14.38
Madison County,2020-11-18,13.87
Manatee County,2020-11-18,18.46
Marion County,2020-11-18,16.39
Martin County,2020-11-18,23.49
Miami-Dade County,2020-11-18,24.43
Monroe County,2020-11-18,24.62
Nassau County,2020-11-18,15.02
Okaloosa County,2020-11-18,13.57
Okeechobee County,2020-11-18,21.02
Orange County,2020-11-18,18.27
Osceola County,2020-11-18,19.02
Palm Beach County,2020-11-18,23.78
Pasco County,2020-11-18,17.59
Pinellas County,2020-11-18,18.7
Polk County,2020-11-18,18.43
Putnam County,2020-11-18,16.59
St. Johns County,2020-11-18,17.25
St. Lucie County,2020-11-18,22.43
Santa Rosa County,2020-11-18,13.88
Sarasota County,2020-11-18,18.63
Seminole County,2020-11-18,18.17
Sumter County,2020-11-18,17.24
Suwannee County,2020-11-18,14.0
Taylor County,2020-11-18,14.93
Union County,2020-11-18,14.4
Volusia County,2020-11-18,17.97
Wakulla County,2020-11-18,14.63
Walton County,2020-11-18,13.54
Washington County,2020-11-18,13.89
Alachua County,2020-11-19,14.49
Baker County,2020-11-19,12.64
Bay County,2020-11-19,14.02
Bradford County,2020-11-19,13.95
Brevard County,2020-11-19,20.75
Broward County,2020-11-19,22.96
Calhoun County,2020-11-19,13.02
Charlotte County,2020-11-19,20.54
Citrus County,2020-11-19,16.94
Clay County,2020-11-19,14.95
Collier County,2020-11-19,21.65
Columbia County,2020-11-19,12.75
DeSoto County,2020-11-19,19.81
Dixie County,2020-11-19,14.65
Duval County,2020-11-19,14.29
Escambia County,2020-11-19,13.1
Flagler County,2020-11-19,17.71
Franklin County,2020-11-19,14.62
Gadsden County,2020-11-19,12.74
Gilchrist County,2020-11-19,14.05
Glades County,2020-11-19,21.02
Gulf County,2020-11-19,14.24
Hamilton County,2020-11-19,12.4
Hardee County,2020-11-19,19.27
Hendry County,2020-11-19,21.35
Hernando County,2020-11-19,17.33
Highlands County,2020-11-19,20.3
Hillsborough County,2020-11-19,18.32
Holmes County,2020-11-19,11.56
Indian River County,2020-11-19,21.08
Jackson County,2020-11-19,11.96
Jefferson County,2020-11-19,13.38
Lafayette County,2020-11-19,13.69
Lake County,2020-11-19,17.62
Lee County,2020-11-19,21.19
Leon County,2020-11-19,13.25
Levy County,2020-11-19,15.3
Liberty County,2020-11-19,13.39
Madison County,2020-11-19,12.98
Manatee County,2020-11-19,18.82
Marion County,2020-11-19,16.13
Martin County,2020-11-19,22.92
Miami-Dade County,2020-11-19,23.35
Monroe County,2020-11-19,23.6
Nassau County,2020-11-19,12.7
Okaloosa County,2020-11-19,12.29
Okeechobee County,2020-11-19,21.01
Orange County,2020-11-19,18.74
Osceola County,2020-11-19,19.46
Palm Beach County,2020-11-19,23.21
Pasco County,2020-11-19,17.43
Pinellas County,2020-11-19,18.79
Polk County,2020-11-19,18.61
Putnam County,2020-11-19,16.09
St. Johns County,2020-11-19,16.87
St. Lucie County,2020-11-19,22.1
Santa Rosa County,2020-11-19,12.67
Sarasota County,2020-11-19,19.29
Seminole County,2020-11-19,18.66
Sumter County,2020-11-19,17.1
Suwannee County,2020-11-19,13.11
Taylor County,2020-11-19,14.42
Union County,2020-11-19,13.27
Volusia County,2020-11-19,18.55
Wakulla County,2020-11-19,14.1
Walton County,2020-11-19,12.23
Washington County,2020-11-19,12.36
Alachua County,2020-11-20,15.42
Baker County,2020-11-20,13.62
Bay County,2020-11-20,16.19
Bradford County,2020-11-20,14.93
Brevard County,2020-11-20,21.66
Broward County,2020-11-20,22.9
Calhoun County,2020-11-20,15.38
Charlotte County,2020-11-20,20.35
Citrus County,2020-11-20,17.85
Clay County,2020-11-20,16.05
Collier County,2020-11-20,22.06
Columbia County,2020-11-20,13.68
DeSoto County,2020-11-20,19.84
Dixie County,2020-11-20,15.54
Duval County,2020-11-20,15.22
Escambia County,2020-11-20,14.21
Flagler County,2020-11-20,19.12
Franklin County,2020-11-20,16.4
Gadsden County,2020-11-20,15.13
Gilchrist County,2020-11-20,14.89
Glades County,2020-11-20,21.2
Gulf County,2020-11-20,16.42
Hamilton County,2020-11-20,13.57
Hardee County,2020-11-20,19.59
Hendry County,2020-11-20,21.55
Hernando County,2020-11-20,18.29
Highlands County,2020-11-20,20.7
Hillsborough County,2020-11-20,18.85
Holmes County,2020-11-20,13.44
Indian River County,2020-11-20,21.84
Jackson County,2020-11-20,14.37
Jefferson County,2020-11-20,15.28
Lafayette County,2020-11-20,14.87
Lake County,2020-11-20,19.19
Lee County,2020-11-20,21.13
Leon County,2020-11-20,15.32
Levy County,2020-11-20,16.06
Liberty County,2020-11-20,15.57
Madison County,2020-11-20,14.62
Manatee County,2020-11-20,18.71
Marion County,2020-11-20,17.4
Martin County,2020-11-20,22.94
Miami-Dade County,2020-11-20,23.63
Monroe County,2020-11-20,24.02
Nassau County,2020-11-20,13.77
Okaloosa County,2020-11-20,13.78
Okeechobee County,2020-11-20,21.56
Orange County,2020-11-20,20.34
Osceola County,2020-11-20,20.72
Palm Beach County,2020-11-20,23.01
Pasco County,2020-11-20,18.32
Pinellas County,2020-11-20,18.95
Polk County,2020-11-20,19.59
Putnam County,2020-11-20,17.45
St. Johns County,2020-11-20,17.89
St. Lucie County,2020-11-20,22.45
Santa Rosa County,2020-11-20,13.83
Sarasota County,2020-11-20,18.81
Seminole County,2020-11-20,20.39
Sumter County,2020-11-20,18.33
Suwannee County,2020-11-20,14.21
Taylor County,2020-11-20,15.79
Union County,2020-11-20,14.16
Volusia County,2020-11-20,20.04
Wakulla County,2020-11-20,15.9
Walton County,2020-11-20,14.06
Washington County,2020-11-20,14.52
Alachua County,2020-11-21,19.05
Baker County,2020-11-21,18.18
Bay County,2020-11-21,19.03
Bradford County,2020-11-21,18.93
Brevard County,2020-11-21,22.3
Broward County,2020-11-21,23.61
Calhoun County,2020-11-21,18.42
Charlotte County,2020-11-21,22.29
Citrus County,2020-11-21,20.47
Clay County,2020-11-21,19.91
Collier County,2020-11-21,22.96
Columbia County,2020-11-21,18.02
DeSoto County,2020-11-21,21.95
Dixie County,2020-11-21,18.96
Duval County,2020-11-21,19.64
Escambia County,2020-11-21,17.75
Flagler County,2020-11-21,21.01
Franklin County,2020-11-21,19.19
Gadsden County,2020-11-21,18.05
Gilchrist County,2020-11-21,18.67
Glades County,2020-11-21,22.51
Gulf County,2020-11-21,19.33
Hamilton County,2020-11-21,17.78
Hardee County,2020-11-21,21.89
Hendry County,2020-11-21,22.62
Hernando County,2020-11-21,20.84
Highlands County,2020-11-21,22.28
Hillsborough County,2020-11-21,21.59
Holmes County,2020-11-21,16.85
Indian River County,2020-11-21,22.7
Jackson County,2020-11-21,17.33
Jefferson County,2020-11-21,18.34
Lafayette County,2020-11-21,18.53
Lake County,2020-11-21,21.02
Lee County,2020-11-21,22.62
Leon County,2020-11-21,18.28
Levy County,2020-11-21,19.33
Liberty County,2020-11-21,18.66
Madison County,2020-11-21,18.11
Manatee County,2020-11-21,21.68
Marion County,2020-11-21,20.04
Martin County,2020-11-21,23.67
Miami-Dade County,2020-11-21,24.41
Monroe County,2020-11-21,24.75
Nassau County,2020-11-21,18.73
Okaloosa County,2020-11-21,17.37
Okeechobee County,2020-11-21,22.71
Orange County,2020-11-21,21.64
Osceola County,2020-11-21,21.99
Palm Beach County,2020-11-21,23.74
Pasco County,2020-11-21,20.98
Pinellas County,2020-11-21,21.79
Polk County,2020-11-21,21.64
Putnam County,2020-11-21,20.34
St. Johns County,2020-11-21,20.89
St. Lucie County,2020-11-21,23.24
Santa Rosa County,2020-11-21,17.45
Sarasota County,2020-11-21,21.64
Seminole County,2020-11-21,21.54
Sumter County,2020-11-21,20.57
Suwannee County,2020-11-21,18.18
Taylor County,2020-11-21,18.97
Union County,2020-11-21,18.32
Volusia County,2020-11-21,21.24
Wakulla County,2020-11-21,18.75
Walton County,2020-11-21,17.46
Washington County,2020-11-21,17.83
Alachua County,2020-11-22,20.59
Baker County,2020-11-22,19.61
Bay County,2020-11-22,20.5
Bradford County,2020-11-22,20.61
Brevard County,2020-11-22,22.06
Broward County,2020-11-22,24.17
Calhoun County,2020-11-22,19.52
Charlotte County,2020-11-22,22.11
Citrus County,2020-11-22,21.41
Clay County,2020-11-22,21.7
Collier County,2020-11-22,23.69
Columbia County,2020-11-22,19.13
DeSoto County,2020-11-22,21.49
Dixie County,2020-11-22,19.79
Duval County,2020-11-22,21.35
Escambia County,2020-11-22,18.94
Flagler County,2020-11-22,22.55
Franklin County,2020-11-22,20.13
Gadsden County,2020-11-22,18.7
Gilchrist County,2020-11-22,19.78
Glades County,2020-11-22,22.55
Gulf County,2020-11-22,20.51
Hamilton County,2020-11-22,18.48
Hardee County,2020-11-22,21.17
Hendry County,2020-11-22,23.13
Hernando County,2020-11-22,21.39
Highlands County,2020-11-22,21.86
Hillsborough County,2020-11-22,21.19
Holmes County,2020-11-22,18.55
Indian River County,2020-11-22,22.36
Jackson County,2020-11-22,18.49
Jefferson County,2020-11-22,18.8
Lafayette County,2020-11-22,19.21
Lake County,2020-11-22,21.83
Lee County,2020-11-22,22.84
Leon County,2020-11-22,18.83
Levy County,2020-11-22,20.47
Liberty County,2020-11-22,19.56
Madison County,2020-11-22,18.58
Manatee County,2020-11-22,21.04
Marion County,2020-11-22,21.43
Martin County,2020-11-22,23.96
Miami-Dade County,2020-11-22,24.48
Monroe County,2020-11-22,24.95
Nassau County,2020-11-22,20.24
Okaloosa County,2020-11-22,19.2
Okeechobee County,2020-11-22,22.48
Orange County,2020-11-22,21.98
Osceola County,2020-11-22,21.74
Palm Beach County,2020-11-22,24.38
Pasco County,2020-11-22,21.16
Pinellas County,2020-11-22,21.75
Polk County,2020-11-22,21.15
Putnam County,2020-11-22,22.06
St. Johns County,2020-11-22,22.58
St. Lucie County,2020-11-22,23.17
Santa Rosa County,2020-11-22,18.97
Sarasota County,2020-11-22,21.17
Seminole County,2020-11-22,22.2
Sumter County,2020-11-22,21.34
Suwannee County,2020-11-22,18.91
Taylor County,2020-11-22,19.51
Union County,2020-11-22,19.81
Volusia County,2020-11-22,22.35
Wakulla County,2020-11-22,19.43
Walton County,2020-11-22,19.33
Washington County,2020-11-22,19.35
Alachua County,2020-11-23,19.86
Baker County,2020-11-23,19.03
Bay County,2020-11-23,19.59
Bradford County,2020-11-23,19.7
Brevard County,2020-11-23,21.72
Broward County,2020-11-23,23.94
Calhoun County,2020-11-23,19.3
Charlotte County,2020-11-23,23.24
Citrus County,2020-11-23,21.02
Clay County,2020-11-23,20.51
Collier County,2020-11-23,23.65
Columbia County,2020-11-23,18.84
DeSoto County,2020-11-23,23.16
Dixie County,2020-11-23,19.38
Duval County,2020-11-23,20.09
Escambia County,2020-11-23,18.39
Flagler County,2020-11-23,20.97
Franklin County,2020-11-23,19.8
Gadsden County,2020-11-23,18.8
Gilchrist County,2020-11-23,19.39
Glades County,2020-11-23,23.42
Gulf County,2020-11-23,20.0
Hamilton County,2020-11-23,18.44
Hardee County,2020-11-23,22.98
Hendry County,2020-11-23,23.41
Hernando County,2020-11-23,21.47
Highlands County,2020-11-23,23.19
Hillsborough County,2020-11-23,22.2
Holmes County,2020-11-23,17.82
Indian River County,2020-11-23,22.63
Jackson County,2020-11-23,18.35
Jefferson County,2020-11-23,18.89
Lafayette County,2020-11-23,19.09
Lake County,2020-11-23,21.65
Lee County,2020-11-23,23.41
Leon County,2020-11-23,19.01
Levy County,2020-11-23,19.84
Liberty County,2020-11-23,19.57
Madison County,2020-11-23,18.64
Manatee County,2020-11-23,22.59
Marion County,2020-11-23,20.73
Martin County,2020-11-23,23.94
Miami-Dade County,2020-11-23,24.45
Monroe County,2020-11-23,24.7
Nassau County,2020-11-23,19.31
Okaloosa County,2020-11-23,18.26
Okeechobee County,2020-11-23,23.21
Orange County,2020-11-23,21.91
Osceola County,2020-11-23,22.32
Palm Beach County,2020-11-23,24.22
Pasco County,2020-11-23,21.7
Pinellas County,2020-11-23,22.1
Polk County,2020-11-23,22.41
Putnam County,2020-11-23,20.86
St. Johns County,2020-11-23,20.92
St. Lucie County,2020-11-23,23.32
Santa Rosa County,2020-11-23,18.24
Sarasota County,2020-11-23,22.59
Seminole County,2020-11-23,21.67
Sumter County,2020-11-23,21.45
Suwannee County,2020-11-23,18.81
Taylor County,2020-11-23,19.4
Union County,2020-11-23,19.21
Volusia County,2020-11-23,21.14
Wakulla County,2020-11-23,19.45
Walton County,2020-11-23,18.23
Washington County,2020-11-23,18.58
Alachua County,2020-11-24,17.65
Baker County,2020-11-24,16.49
Bay County,2020-11-24,15.51
Bradford County,2020-11-24,17.44
Brevard County,2020-11-24,20.21
Broward County,2020-11-24,22.74
Calhoun County,2020-11-24,14.53
Charlotte County,2020-11-24,21.36
Citrus County,2020-11-24,19.7
Clay County,2020-11-24,18.58
Collier County,2020-11-24,22.27
Columbia County,2020-11-24,16.13
DeSoto County,2020-11-24,20.96
Dixie County,2020-11-24,17.39
Duval County,2020-11-24,18.4
Escambia County,2020-11-24,12.21
Flagler County,2020-11-24,19.71
Franklin County,2020-11-24,16.43
Gadsden County,2020-11-24,14.16
Gilchrist County,2020-11-24,17.08
Glades County,2020-11-24,21.32
Gulf County,2020-11-24,16.19
Hamilton County,2020-11-24,15.53
Hardee County,2020-11-24,20.92
Hendry County,2020-11-24,21.76
Hernando County,2020-11-24,20.12
Highlands County,2020-11-24,21.02
Hillsborough County,2020-11-24,20.95
Holmes County,2020-11-24,12.65
Indian River County,2020-11-24,20.5
Jackson County,2020-11-24,13.3
Jefferson County,2020-11-24,15.54
Lafayette County,2020-11-24,16.42
Lake County,2020-11-24,19.84
Lee County,2020-11-24,21.79
Leon County,2020-11-24,14.96
Levy County,2020-11-24,18.22
Liberty County,2020-11-24,14.93
Madison County,2020-11-24,15.56
Manatee County,2020-11-24,20.86
Marion County,2020-11-24,18.89
Martin County,2020-11-24,21.97
Miami-Dade County,2020-11-24,23.35
Monroe County,2020-11-24,24.0
Nassau County,2020-11-24,17.21
Okaloosa County,2020-11-24,12.38
Okeechobee County,2020-11-24,20.99
Orange County,2020-11-24,20.04
Osceola County,2020-11-24,20.29
Palm Beach County,2020-11-24,22.65
Pasco County,2020-11-24,20.29
Pinellas County,2020-11-24,21.42
Polk County,2020-11-24,20.54
Putnam County,2020-11-24,19.07
St. Johns County,2020-11-24,19.81
St. Lucie County,2020-11-24,21.18
Santa Rosa County,2020-11-24,12.1
Sarasota County,2020-11-24,20.75
Seminole County,2020-11-24,19.89
Sumter County,2020-11-24,19.69
Suwannee County,2020-11-24,16.03
Taylor County,2020-11-24,16.74
Union County,2020-11-24,16.72
Volusia County,2020-11-24,19.72
Wakulla County,2020-11-24,15.74
Walton County,2020-11-24,12.99
Washington County,2020-11-24,13.67
Alachua County,2020-11-25,17.9
Baker County,2020-11-25,16.39
Bay County,2020-11-25,16.66
Bradford County,2020-11-25,17.36
Brevard County,2020-11-25,21.27
Broward County,2020-11-25,23.45
Calhoun County,2020-11-25,16.21
Charlotte County,2020-11-25,21.43
Citrus County,2020-11-25,19.83
Clay County,2020-11-25,18.18
Collier County,2020-11-25,22.38
Columbia County,2020-11-25,16.62
DeSoto County,2020-11-25,21.0
Dixie County,2020-11-25,18.36
Duval County,2020-11-25,17.61
Escambia County,2020-11-25,14.37
Flagler County,2020-11-25,20.15
Franklin County,2020-11-25,17.47
Gadsden County,2020-11-25,16.72
Gilchrist County,2020-11-25,17.83
Glades County,2020-11-25,21.73
Gulf County,2020-11-25,17.05
Hamilton County,2020-11-25,16.65
Hardee County,2020-11-25,20.9
Hendry County,2020-11-25,21.96
Hernando County,2020-11-25,20.0
Highlands County,2020-11-25,21.43
Hillsborough County,2020-11-25,20.49
Holmes County,2020-11-25,14.13
Indian River County,2020-11-25,21.5
Jackson County,2020-11-25,15.54
Jefferson County,2020-11-25,17.87
Lafayette County,2020-11-25,17.65
Lake County,2020-11-25,20.11
Lee County,2020-11-25,21.94
Leon County,2020-11-25,17.35
Levy County,2020-11-25,18.77
Liberty County,2020-11-25,16.56
Madison County,2020-11-25,17.54
Manatee County,2020-11-25,20.5
Marion County,2020-11-25,19.11
Martin County,2020-11-25,23.09
Miami-Dade County,2020-11-25,23.96
Monroe County,2020-11-25,24.09
Nassau County,2020-11-25,16.4
Okaloosa County,2020-11-25,13.55
Okeechobee County,2020-11-25,21.79
Orange County,2020-11-25,20.59
Osceola County,2020-11-25,20.91
Palm Beach County,2020-11-25,23.52
Pasco County,2020-11-25,19.98
Pinellas County,2020-11-25,20.91
Polk County,2020-11-25,20.64
Putnam County,2020-11-25,19.05
St. Johns County,2020-11-25,19.62
St. Lucie County,2020-11-25,22.26
Santa Rosa County,2020-11-25,13.68
Sarasota County,2020-11-25,20.55
Seminole County,2020-11-25,20.57
Sumter County,2020-11-25,19.75
Suwannee County,2020-11-25,17.12
Taylor County,2020-11-25,18.32
Union County,2020-11-25,16.89
Volusia County,2020-11-25,20.52
Wakulla County,2020-11-25,17.5
Walton County,2020-11-25,14.1
Washington County,2020-11-25,15.15
Alachua County,2020-11-26,20.48
Baker County,2020-11-26,19.86
Bay County,2020-11-26,20.85
Bradford County,2020-11-26,20.42
Brevard County,2020-11-26,21.86
Broward County,2020-11-26,23.12
Calhoun County,2020-11-26,20.26
Charlotte County,2020-11-26,21.79
Citrus County,2020-11-26,21.45
Clay County,2020-11-26,21.39
Collier County,2020-11-26,22.33
Columbia County,2020-11-26,19.72
DeSoto County,2020-11-26,21.27
Dixie County,2020-11-26,20.5
Duval County,2020-11-26,21.21
Escambia County,2020-11-26,21.69
Flagler County,2020-11-26,22.03
Franklin County,2020-11-26,20.96
Gadsden County,2020-11-26,20.12
Gilchrist County,2020-11-26,20.23
Glades County,2020-11-26,21.57
Gulf County,2020-11-26,21.17
Hamilton County,2020-11-26,19.69
Hardee County,2020-11-26,21.29
Hendry County,2020-11-26,21.88
Hernando County,2020-11-26,21.55
Highlands County,2020-11-26,21.3
Hillsborough County,2020-11-26,21.71
Holmes County,2020-11-26,18.78
Indian River County,2020-11-26,21.88
Jackson County,2020-11-26,19.36
Jefferson County,2020-11-26,20.55
Lafayette County,2020-11-26,20.27
Lake County,2020-11-26,21.74
Lee County,2020-11-26,22.19
Leon County,2020-11-26,20.4
Levy County,2020-11-26,20.64
Liberty County,2020-11-26,20.56
Madison County,2020-11-26,20.26
Manatee County,2020-11-26,21.54
Marion County,2020-11-26,21.18
Martin County,2020-11-26,23.27
Miami-Dade County,2020-11-26,23.48
Monroe County,2020-11-26,24.03
Nassau County,2020-11-26,20.38
Okaloosa County,2020-11-26,20.17
Okeechobee County,2020-11-26,21.74
Orange County,2020-11-26,21.87
Osceola County,2020-11-26,21.57
Palm Beach County,2020-11-26,23.43
Pasco County,2020-11-26,21.46
Pinellas County,2020-11-26,22.06
Polk County,2020-11-26,21.39
Putnam County,2020-11-26,21.64
St. Johns County,2020-11-26,22.18
St. Lucie County,2020-11-26,22.57
Santa Rosa County,2020-11-26,20.96
Sarasota County,2020-11-26,21.5
Seminole County,2020-11-26,21.94
Sumter County,2020-11-26,21.44
Suwannee County,2020-11-26,19.96
Taylor County,2020-11-26,20.83
Union County,2020-11-26,19.93
Volusia County,2020-11-26,21.91
Wakulla County,2020-11-26,20.67
Walton County,2020-11-26,19.6
Washington County,2020-11-26,19.61
Alachua County,2020-11-27,21.06
Baker County,2020-11-27,20.62
Bay County,2020-11-27,22.76
Bradford County,2020-11-27,20.95
Brevard County,2020-11-27,22.23
Broward County,2020-11-27,23.53
Calhoun County,2020-11-27,22.52
Charlotte County,2020-11-27,22.4
Citrus County,2020-11-27,22.29
Clay County,2020-11-27,21.8
Collier County,2020-11-27,23.21
Columbia County,2020-11-27,20.58
DeSoto County,2020-11-27,21.93
Dixie County,2020-11-27,21.5
Duval County,2020-11-27,21.89
Escambia County,2020-11-27,21.99
Flagler County,2020-11-27,22.46
Franklin County,2020-11-27,22.58
Gadsden County,2020-11-27,22.23
Gilchrist County,2020-11-27,21.05
Glades County,2020-11-27,22.11
Gulf County,2020-11-27,22.93
Hamilton County,2020-11-27,20.77
Hardee County,2020-11-27,21.96
Hendry County,2020-11-27,22.5
Hernando County,2020-11-27,22.44
Highlands County,2020-11-27,21.87
Hillsborough County,2020-11-27,22.49
Holmes County,2020-11-27,21.57
Indian River County,2020-11-27,21.92
Jackson County,2020-11-27,21.86
Jefferson County,2020-11-27,22.05
Lafayette County,2020-11-27,21.33
Lake County,2020-11-27,22.24
Lee County,2020-11-27,22.86
Leon County,2020-11-27,22.27
Levy County,2020-11-27,21.46
Liberty County,2020-11-27,22.62
Madison County,2020-11-27,21.48
Manatee County,2020-11-27,22.17
Marion County,2020-11-27,21.71
Martin County,2020-11-27,22.93
Miami-Dade County,2020-11-27,24.07
Monroe County,2020-11-27,24.65
Nassau County,2020-11-27,21.33
Okaloosa County,2020-11-27,22.26
Okeechobee County,2020-11-27,22.01
Orange County,2020-11-27,22.28
Osceola County,2020-11-27,21.98
Palm Beach County,2020-11-27,23.43
Pasco County,2020-11-27,22.35
Pinellas County,2020-11-27,22.94
Polk County,2020-11-27,22.0
Putnam County,2020-11-27,21.95
St. Johns County,2020-11-27,22.63
St. Lucie County,2020-11-27,22.32
Santa Rosa County,2020-11-27,22.15
Sarasota County,2020-11-27,22.06
Seminole County,2020-11-27,22.37
Sumter County,2020-11-27,22.13
Suwannee County,2020-11-27,20.96
Taylor County,2020-11-27,22.11
Union County,2020-11-27,20.58
Volusia County,2020-11-27,22.41
Wakulla County,2020-11-27,22.44
Walton County,2020-11-27,22.08
Washington County,2020-11-27,22.21
Alachua County,2020-11-28,21.52
Baker County,2020-11-28,20.92
Bay County,2020-11-28,22.89
Bradford County,2020-11-28,21.41
Brevard County,2020-11-28,22.43
Broward County,2020-11-28,23.29
Calhoun County,2020-11-28,22.33
Charlotte County,2020-11-28,22.3
Citrus County,2020-11-28,22.38
Clay County,2020-11-28,22.27
Collier County,2020-11-28,23.2
Columbia County,2020-11-28,20.92
DeSoto County,2020-11-28,21.92
Dixie County,2020-11-28,22.0
Duval County,2020-11-28,21.98
Escambia County,2020-11-28,21.17
Flagler County,2020-11-28,22.84
Franklin County,2020-11-28,22.84
Gadsden County,2020-11-28,22.06
Gilchrist County,2020-11-28,21.53
Glades County,2020-11-28,22.08
Gulf County,2020-11-28,22.95
Hamilton County,2020-11-28,20.87
Hardee County,2020-11-28,21.99
Hendry County,2020-11-28,22.46
Hernando County,2020-11-28,22.45
Highlands County,2020-11-28,21.92
Hillsborough County,2020-11-28,22.45
Holmes County,2020-11-28,21.21
Indian River County,2020-11-28,22.14
Jackson County,2020-11-28,21.49
Jefferson County,2020-11-28,22.18
Lafayette County,2020-11-28,21.95
Lake County,2020-11-28,22.56
Lee County,2020-11-28,22.71
Leon County,2020-11-28,22.37
Levy County,2020-11-28,21.72
Liberty County,2020-11-28,22.58
Madison County,2020-11-28,21.65
Manatee County,2020-11-28,22.11
Marion County,2020-11-28,22.1
Martin County,2020-11-28,22.86
Miami-Dade County,2020-11-28,24.11
Monroe County,2020-11-28,24.69
Nassau County,2020-11-28,21.25
Okaloosa County,2020-11-28,21.68
Okeechobee County,2020-11-28,22.13
Orange County,2020-11-28,22.59
Osceola County,2020-11-28,22.21
Palm Beach County,2020-11-28,23.16
Pasco County,2020-11-28,22.33
Pinellas County,2020-11-28,22.77
Polk County,2020-11-28,22.1
Putnam County,2020-11-28,22.52
St. Johns County,2020-11-28,22.91
St. Lucie County,2020-11-28,22.45
Santa Rosa County,2020-11-28,21.34
Sarasota County,2020-11-28,21.94
Seminole County,2020-11-28,22.74
Sumter County,2020-11-28,22.32
Suwannee County,2020-11-28,21.42
Taylor County,2020-11-28,22.66
Union County,2020-11-28,21.03
Volusia County,2020-11-28,22.75
Wakulla County,2020-11-28,22.78
Walton County,2020-11-28,21.79
Washington County,2020-11-28,22.0
Alachua County,2020-11-29,20.93
Baker County,2020-11-29,19.18
Bay County,2020-11-29,20.41
Bradford County,2020-11-29,20.57
Brevard County,2020-11-29,23.01
Broward County,2020-11-29,23.23
Calhoun County,2020-11-29,20.12
Charlotte County,2020-11-29,22.28
Citrus County,2020-11-29,22.21
Clay County,2020-11-29,21.55
Collier County,2020-11-29,23.08
Columbia County,2020-11-29,19.09
DeSoto County,2020-11-29,21.95
Dixie County,2020-11-29,20.56
Duval County,2020-11-29,20.62
Escambia County,2020-11-29,18.27
Flagler County,2020-11-29,23.1
Franklin County,2020-11-29,21.01
Gadsden County,2020-11-29,19.58
Gilchrist County,2020-11-29,20.34
Glades County,2020-11-29,22.29
Gulf County,2020-11-29,21.14
Hamilton County,2020-11-29,18.39
Hardee County,2020-11-29,21.92
Hendry County,2020-11-29,22.56
Hernando County,2020-11-29,22.25
Highlands County,2020-11-29,22.08
Hillsborough County,2020-11-29,22.14
Holmes County,2020-11-29,18.32
Indian River County,2020-11-29,22.65
Jackson County,2020-11-29,18.85
Jefferson County,2020-11-29,19.68
Lafayette County,2020-11-29,19.91
Lake County,2020-11-29,22.8
Lee County,2020-11-29,22.63
Leon County,2020-11-29,19.92
Levy County,2020-11-29,21.12
Liberty County,2020-11-29,20.58
Madison County,2020-11-29,19.09
Manatee County,2020-11-29,21.85
Marion County,2020-11-29,22.13
Martin County,2020-11-29,23.33
Miami-Dade County,2020-11-29,23.66
Monroe County,2020-11-29,24.16
Nassau County,2020-11-29,19.02
Okaloosa County,2020-11-29,18.78
Okeechobee County,2020-11-29,22.46
Orange County,2020-11-29,22.99
Osceola County,2020-11-29,22.51
Palm Beach County,2020-11-29,23.43
Pasco County,2020-11-29,22.05
Pinellas County,2020-11-29,22.16
Polk County,2020-11-29,22.07
Putnam County,2020-11-29,22.41
St. Johns County,2020-11-29,22.53
St. Lucie County,2020-11-29,22.96
Santa Rosa County,2020-11-29,18.53
Sarasota County,2020-11-29,21.73
Seminole County,2020-11-29,23.27
Sumter County,2020-11-29,22.37
Suwannee County,2020-11-29,19.26
Taylor County,2020-11-29,20.43
Union County,2020-11-29,19.83
Volusia County,2020-11-29,23.28
Wakulla County,2020-11-29,20.62
Walton County,2020-11-29,18.89
Washington County,2020-11-29,19.3
Alachua County,2020-11-30,19.31
Baker County,2020-11-30,17.92
Bay County,2020-11-30,18.28
Bradford County,2020-11-30,19.09
Brevard County,2020-11-30,23.33
Broward County,2020-11-30,23.32
Calhoun County,2020-11-30,17.42
Charlotte County,2020-11-30,22.84
Citrus County,2020-11-30,21.55
Clay County,2020-11-30,20.34
Collier County,2020-11-30,22.64
Columbia County,2020-11-30,17.65
DeSoto County,2020-11-30,22.72
Dixie County,2020-11-30,18.6
Duval County,2020-11-30,19.68
Escambia County,2020-11-30,15.86
Flagler County,2020-11-30,22.56
Franklin County,2020-11-30,18.64
Gadsden County,2020-11-30,16.93
Gilchrist County,2020-11-30,18.38
Glades County,2020-11-30,22.88
Gulf County,2020-11-30,18.79
Hamilton County,2020-11-30,17.43
Hardee County,2020-11-30,22.65
Hendry County,2020-11-30,22.52
Hernando County,2020-11-30,22.13
Highlands County,2020-11-30,22.88
Hillsborough County,2020-11-30,22.57
Holmes County,2020-11-30,15.6
Indian River County,2020-11-30,23.1
Jackson County,2020-11-30,16.0
Jefferson County,2020-11-30,17.98
Lafayette County,2020-11-30,18.13
Lake County,2020-11-30,22.72
Lee County,2020-11-30,22.84
Leon County,2020-11-30,17.66
Levy County,2020-11-30,19.44
Liberty County,2020-11-30,17.78
Madison County,2020-11-30,17.82
Manatee County,2020-11-30,22.39
Marion County,2020-11-30,21.22
Martin County,2020-11-30,23.76
Miami-Dade County,2020-11-30,23.66
Monroe County,2020-11-30,23.63
Nassau County,2020-11-30,18.29
Okaloosa County,2020-11-30,16.2
Okeechobee County,2020-11-30,23.05
Orange County,2020-11-30,23.17
Osceola County,2020-11-30,22.93
Palm Beach County,2020-11-30,23.71
Pasco County,2020-11-30,22.23
Pinellas County,2020-11-30,22.51
Polk County,2020-11-30,22.57
Putnam County,2020-11-30,21.41
St. Johns County,2020-11-30,21.68
St. Lucie County,2020-11-30,23.42
Santa Rosa County,2020-11-30,15.96
Sarasota County,2020-11-30,22.26
Seminole County,2020-11-30,23.33
Sumter County,2020-11-30,22.19
Suwannee County,2020-11-30,17.78
Taylor County,2020-11-30,18.65
Union County,2020-11-30,18.22
Volusia County,2020-11-30,23.11
Wakulla County,2020-11-30,18.23
Walton County,2020-11-30,16.42
Washington County,2020-11-30,16.76
Alachua County,2020-12-01,12.51
Baker County,2020-12-01,11.17
Bay County,2020-12-01,9.14
Bradford County,2020-12-01,12.67
Brevard County,2020-12-01,16.03
Broward County,2020-12-01,20.82
Calhoun County,2020-12-01,8.35
Charlotte County,2020-12-01,18.45
Citrus County,2020-12-01,14.0
Clay County,2020-12-01,14.07
Collier County,2020-12-01,19.63
Columbia County,2020-12-01,9.86
DeSoto County,2020-12-01,17.36
Dixie County,2020-12-01,10.69
Duval County,2020-12-01,14.02
Escambia County,2020-12-01,6.13
Flagler County,2020-12-01,14.58
Franklin County,2020-12-01,10.28
Gadsden County,2020-12-01,7.69
Gilchrist County,2020-12-01,10.78
Glades County,2020-12-01,18.08
Gulf County,2020-12-01,10.0
Hamilton County,2020-12-01,8.05
Hardee County,2020-12-01,16.76
Hendry County,2020-12-01,18.47
Hernando County,2020-12-01,15.27
Highlands County,2020-12-01,17.05
Hillsborough County,2020-12-01,17.79
Holmes County,2020-12-01,6.76
Indian River County,2020-12-01,17.35
Jackson County,2020-12-01,7.22
Jefferson County,2020-12-01,8.42
Lafayette County,2020-12-01,9.33
Lake County,2020-12-01,14.73
Lee County,2020-12-01,19.35
Leon County,2020-12-01,8.34
Levy County,2020-12-01,12.34
Liberty County,2020-12-01,8.92
Madison County,2020-12-01,8.01
Manatee County,2020-12-01,18.14
Marion County,2020-12-01,13.53
Martin County,2020-12-01,19.82
Miami-Dade County,2020-12-01,21.7
Monroe County,2020-12-01,21.34
Nassau County,2020-12-01,12.7
Okaloosa County,2020-12-01,6.33
Okeechobee County,2020-12-01,17.88
Orange County,2020-12-01,15.64
Osceola County,2020-12-01,16.41
Palm Beach County,2020-12-01,20.26
Pasco County,2020-12-01,16.43
Pinellas County,2020-12-01,19.45
Polk County,2020-12-01,16.28
Putnam County,2020-12-01,14.31
St. Johns County,2020-12-01,14.85
St. Lucie County,2020-12-01,18.68
Santa Rosa County,2020-12-01,5.97
Sarasota County,2020-12-01,18.48
Seminole County,2020-12-01,15.65
Sumter County,2020-12-01,14.28
Suwannee County,2020-12-01,8.84
Taylor County,2020-12-01,9.68
Union County,2020-12-01,11.37
Volusia County,2020-12-01,14.97
Wakulla County,2020-12-01,9.36
Walton County,2020-12-01,7.02
Washington County,2020-12-01,7.56
Alachua County,2020-12-02,5.11
Baker County,2020-12-02,4.18
Bay County,2020-12-02,6.66
Bradford County,2020-12-02,5.07
Brevard County,2020-12-02,9.06
Broward County,2020-12-02,14.58
Calhoun County,2020-12-02,6.02
Charlotte County,2020-12-02,11.83
Citrus County,2020-12-02,7.4
Clay County,2020-12-02,6.35
Collier County,2020-12-02,13.98
Columbia County,2020-12-02,3.55
DeSoto County,2020-12-02,10.77
Dixie County,2020-12-02,4.69
Duval County,2020-12-02,6.44
Escambia County,2020-12-02,5.55
Flagler County,2020-12-02,7.52
Franklin County,2020-12-02,6.35
Gadsden County,2020-12-02,4.84
Gilchrist County,2020-12-02,4.26
Glades County,2020-12-02,11.77
Gulf County,2020-12-02,6.82
Hamilton County,2020-12-02,3.11
Hardee County,2020-12-02,10.42
Hendry County,2020-12-02,13.03
Hernando County,2020-12-02,8.82
Highlands County,2020-12-02,10.28
Hillsborough County,2020-12-02,11.28
Holmes County,2020-12-02,5.29
Indian River County,2020-12-02,9.98
Jackson County,2020-12-02,5.19
Jefferson County,2020-12-02,4.51
Lafayette County,2020-12-02,3.85
Lake County,2020-12-02,8.09
Lee County,2020-12-02,13.08
Leon County,2020-12-02,4.71
Levy County,2020-12-02,5.63
Liberty County,2020-12-02,5.92
Madison County,2020-12-02,3.86
Manatee County,2020-12-02,11.17
Marion County,2020-12-02,6.41
Martin County,2020-12-02,12.67
Miami-Dade County,2020-12-02,15.49
Monroe County,2020-12-02,16.38
Nassau County,2020-12-02,5.59
Okaloosa County,2020-12-02,5.4
Okeechobee County,2020-12-02,10.66
Orange County,2020-12-02,8.79
Osceola County,2020-12-02,9.48
Palm Beach County,2020-12-02,13.74
Pasco County,2020-12-02,10.01
Pinellas County,2020-12-02,12.59
Polk County,2020-12-02,10.11
Putnam County,2020-12-02,6.81
St. Johns County,2020-12-02,7.56
St. Lucie County,2020-12-02,11.32
Santa Rosa County,2020-12-02,5.22
Sarasota County,2020-12-02,11.28
Seminole County,2020-12-02,8.62
Sumter County,2020-12-02,7.78
Suwannee County,2020-12-02,3.43
Taylor County,2020-12-02,4.75
Union County,2020-12-02,4.2
Volusia County,2020-12-02,7.98
Wakulla County,2020-12-02,5.26
Walton County,2020-12-02,5.68
Washington County,2020-12-02,5.78
Alachua County,2020-12-03,6.85
Baker County,2020-12-03,5.87
Bay County,2020-12-03,8.86
Bradford County,2020-12-03,6.66
Brevard County,2020-12-03,11.45
Broward County,2020-12-03,16.52
Calhoun County,2020-12-03,8.35
Charlotte County,2020-12-03,12.68
Citrus County,2020-12-03,8.22
Clay County,2020-12-03,7.62
Collier County,2020-12-03,15.25
Columbia County,2020-12-03,5.62
DeSoto County,2020-12-03,11.74
Dixie County,2020-12-03,6.26
Duval County,2020-12-03,7.55
Escambia County,2020-12-03,7.72
Flagler County,2020-12-03,9.46
Franklin County,2020-12-03,7.82
Gadsden County,2020-12-03,7.53
Gilchrist County,2020-12-03,6.23
Glades County,2020-12-03,13.38
Gulf County,2020-12-03,8.48
Hamilton County,2020-12-03,5.32
Hardee County,2020-12-03,10.97
Hendry County,2020-12-03,14.69
Hernando County,2020-12-03,8.79
Highlands County,2020-12-03,11.82
Hillsborough County,2020-12-03,10.27
Holmes County,2020-12-03,7.7
Indian River County,2020-12-03,11.88
Jackson County,2020-12-03,7.97
Jefferson County,2020-12-03,6.9
Lafayette County,2020-12-03,5.9
Lake County,2020-12-03,9.23
Lee County,2020-12-03,13.93
Leon County,2020-12-03,7.2
Levy County,2020-12-03,7.07
Liberty County,2020-12-03,7.99
Madison County,2020-12-03,6.2
Manatee County,2020-12-03,10.94
Marion County,2020-12-03,7.93
Martin County,2020-12-03,14.21
Miami-Dade County,2020-12-03,17.98
Monroe County,2020-12-03,17.8
Nassau County,2020-12-03,6.69
Okaloosa County,2020-12-03,7.29
Okeechobee County,2020-12-03,12.46
Orange County,2020-12-03,10.3
Osceola County,2020-12-03,11.02
Palm Beach County,2020-12-03,15.34
Pasco County,2020-12-03,9.29
Pinellas County,2020-12-03,10.32
Polk County,2020-12-03,10.54
Putnam County,2020-12-03,8.21
St. Johns County,2020-12-03,9.08
St. Lucie County,2020-12-03,13.02
Santa Rosa County,2020-12-03,7.12
Sarasota County,2020-12-03,11.51
Seminole County,2020-12-03,10.4
Sumter County,2020-12-03,8.78
Suwannee County,2020-12-03,5.63
Taylor County,2020-12-03,6.69
Union County,2020-12-03,6.06
Volusia County,2020-12-03,10.2
Wakulla County,2020-12-03,7.28
Walton County,2020-12-03,7.78
Washington County,2020-12-03,8.13
Alachua County,2020-12-04,12.61
Baker County,2020-12-04,10.64
Bay County,2020-12-04,11.6
Bradford County,2020-12-04,12.09
Brevard County,2020-12-04,16.77
Broward County,2020-12-04,18.95
Calhoun County,2020-12-04,10.04
Charlotte County,2020-12-04,17.54
Citrus County,2020-12-04,14.82
Clay County,2020-12-04,13.2
Collier County,2020-12-04,18.05
Columbia County,2020-12-04,10.41
DeSoto County,2020-12-04,16.7
Dixie County,2020-12-04,12.0
Duval County,2020-12-04,12.92
Escambia County,2020-12-04,12.1
Flagler County,2020-12-04,15.65
Franklin County,2020-12-04,11.57
Gadsden County,2020-12-04,10.58
Gilchrist County,2020-12-04,11.79
Glades County,2020-12-04,17.54
Gulf County,2020-12-04,11.12
Hamilton County,2020-12-04,9.46
Hardee County,2020-12-04,15.99
Hendry County,2020-12-04,17.96
Hernando County,2020-12-04,14.92
Highlands County,2020-12-04,16.42
Hillsborough County,2020-12-04,15.52
Holmes County,2020-12-04,9.16
Indian River County,2020-12-04,16.46
Jackson County,2020-12-04,9.6
Jefferson County,2020-12-04,11.43
Lafayette County,2020-12-04,10.92
Lake County,2020-12-04,15.38
Lee County,2020-12-04,18.32
Leon County,2020-12-04,11.18
Levy County,2020-12-04,13.34
Liberty County,2020-12-04,10.28
Madison County,2020-12-04,10.54
Manatee County,2020-12-04,15.81
Marion County,2020-12-04,14.31
Martin County,2020-12-04,18.3
Miami-Dade County,2020-12-04,19.42
Monroe County,2020-12-04,19.84
Nassau County,2020-12-04,11.53
Okaloosa County,2020-12-04,10.62
Okeechobee County,2020-12-04,16.56
Orange County,2020-12-04,15.83
Osceola County,2020-12-04,15.87
Palm Beach County,2020-12-04,18.53
Pasco County,2020-12-04,14.87
Pinellas County,2020-12-04,15.36
Polk County,2020-12-04,15.75
Putnam County,2020-12-04,14.25
St. Johns County,2020-12-04,15.34
St. Lucie County,2020-12-04,17.45
Santa Rosa County,2020-12-04,11.16
Sarasota County,2020-12-04,16.38
Seminole County,2020-12-04,15.96
Sumter County,2020-12-04,15.18
Suwannee County,2020-12-04,10.34
Taylor County,2020-12-04,11.83
Union County,2020-12-04,11.27
Volusia County,2020-12-04,16.03
Wakulla County,2020-12-04,11.43
Walton County,2020-12-04,10.38
Washington County,2020-12-04,9.76
Alachua County,2020-12-05,17.01
Baker County,2020-12-05,15.38
Bay County,2020-12-05,13.95
Bradford County,2020-12-05,17.06
Brevard County,2020-12-05,20.47
Broward County,2020-12-05,21.97
Calhoun County,2020-12-05,13.2
Charlotte County,2020-12-05,20.62
Citrus County,2020-12-05,17.71
Clay County,2020-12-05,18.61
Collier County,2020-12-05,21.28
Columbia County,2020-12-05,14.39
DeSoto County,2020-12-05,20.06
Dixie County,2020-12-05,15.06
Duval County,2020-12-05,18.24
Escambia County,2020-12-05,11.26
Flagler County,2020-12-05,20.14
Franklin County,2020-12-05,14.18
Gadsden County,2020-12-05,13.14
Gilchrist County,2020-12-05,15.34
Glades County,2020-12-05,20.92
Gulf County,2020-12-05,14.07
Hamilton County,2020-12-05,13.1
Hardee County,2020-12-05,19.73
Hendry County,2020-12-05,21.2
Hernando County,2020-12-05,18.26
Highlands County,2020-12-05,20.2
Hillsborough County,2020-12-05,19.67
Holmes County,2020-12-05,10.95
Indian River County,2020-12-05,20.59
Jackson County,2020-12-05,12.24
Jefferson County,2020-12-05,13.8
Lafayette County,2020-12-05,14.2
Lake County,2020-12-05,19.46
Lee County,2020-12-05,21.3
Leon County,2020-12-05,13.51
Levy County,2020-12-05,16.55
Liberty County,2020-12-05,13.5
Madison County,2020-12-05,13.46
Manatee County,2020-12-05,19.55
Marion County,2020-12-05,18.31
Martin County,2020-12-05,21.86
Miami-Dade County,2020-12-05,22.2
Monroe County,2020-12-05,22.34
Nassau County,2020-12-05,16.6
Okaloosa County,2020-12-05,11.54
Okeechobee County,2020-12-05,20.67
Orange County,2020-12-05,20.16
Osceola County,2020-12-05,20.27
Palm Beach County,2020-12-05,21.85
Pasco County,2020-12-05,18.77
Pinellas County,2020-12-05,19.45
Polk County,2020-12-05,19.91
Putnam County,2020-12-05,19.33
St. Johns County,2020-12-05,20.06
St. Lucie County,2020-12-05,21.29
Santa Rosa County,2020-12-05,11.29
Sarasota County,2020-12-05,19.68
Seminole County,2020-12-05,20.41
Sumter County,2020-12-05,18.55
Suwannee County,2020-12-05,13.79
Taylor County,2020-12-05,14.54
Union County,2020-12-05,15.73
Volusia County,2020-12-05,20.26
Wakulla County,2020-12-05,13.95
Walton County,2020-12-05,11.93
Washington County,2020-12-05,12.28
Alachua County,2020-12-06,12.57
Baker County,2020-12-06,11.42
Bay County,2020-12-06,12.73
Bradford County,2020-12-06,12.36
Brevard County,2020-12-06,16.01
Broward County,2020-12-06,23.78
Calhoun County,2020-12-06,11.77
Charlotte County,2020-12-06,19.19
Citrus County,2020-12-06,14.88
Clay County,2020-12-06,13.38
Collier County,2020-12-06,22.52
Columbia County,2020-12-06,11.08
DeSoto County,2020-12-06,18.05
Dixie County,2020-12-06,12.22
Duval County,2020-12-06,13.3
Escambia County,2020-12-06,10.61
Flagler County,2020-12-06,14.22
Franklin County,2020-12-06,13.04
Gadsden County,2020-12-06,11.11
Gilchrist County,2020-12-06,11.93
Glades County,2020-12-06,20.04
Gulf County,2020-12-06,13.38
Hamilton County,2020-12-06,10.44
Hardee County,2020-12-06,17.28
Hendry County,2020-12-06,21.62
Hernando County,2020-12-06,16.03
Highlands County,2020-12-06,18.05
Hillsborough County,2020-12-06,17.75
Holmes County,2020-12-06,10.21
Indian River County,2020-12-06,18.18
Jackson County,2020-12-06,10.56
Jefferson County,2020-12-06,11.55
Lafayette County,2020-12-06,11.52
Lake County,2020-12-06,15.5
Lee County,2020-12-06,20.78
Leon County,2020-12-06,11.41
Levy County,2020-12-06,13.14
Liberty County,2020-12-06,12.14
Madison County,2020-12-06,11.11
Manatee County,2020-12-06,17.69
Marion County,2020-12-06,13.89
Martin County,2020-12-06,22.09
Miami-Dade County,2020-12-06,24.01
Monroe County,2020-12-06,23.57
Nassau County,2020-12-06,12.27
Okaloosa County,2020-12-06,10.76
Okeechobee County,2020-12-06,18.97
Orange County,2020-12-06,16.18
Osceola County,2020-12-06,16.96
Palm Beach County,2020-12-06,23.11
Pasco County,2020-12-06,16.88
Pinellas County,2020-12-06,18.21
Polk County,2020-12-06,17.18
Putnam County,2020-12-06,13.82
St. Johns County,2020-12-06,14.25
St. Lucie County,2020-12-06,20.33
Santa Rosa County,2020-12-06,10.59
Sarasota County,2020-12-06,17.94
Seminole County,2020-12-06,15.79
Sumter County,2020-12-06,15.41
Suwannee County,2020-12-06,11.06
Taylor County,2020-12-06,12.13
Union County,2020-12-06,11.67
Volusia County,2020-12-06,14.74
Wakulla County,2020-12-06,12.01
Walton County,2020-12-06,11.01
Washington County,2020-12-06,11.03
Alachua County,2020-12-07,12.57
Baker County,2020-12-07,11.25
Bay County,2020-12-07,13.31
Bradford County,2020-12-07,12.18
Brevard County,2020-12-07,16.64
Broward County,2020-12-07,21.64
Calhoun County,2020-12-07,12.78
Charlotte County,2020-12-07,17.82
Citrus County,2020-12-07,14.44
Clay County,2020-12-07,13.14
Collier County,2020-12-07,20.08
Columbia County,2020-12-07,10.99
DeSoto County,2020-12-07,17.44
Dixie County,2020-12-07,12.04
Duval County,2020-12-07,12.78
Escambia County,2020-12-07,11.93
Flagler County,2020-12-07,14.76
Franklin County,2020-12-07,13.19
Gadsden County,2020-12-07,12.01
Gilchrist County,2020-12-07,11.97
Glades County,2020-12-07,18.81
Gulf County,2020-12-07,13.59
Hamilton County,2020-12-07,10.45
Hardee County,2020-12-07,17.0
Hendry County,2020-12-07,19.5
Hernando County,2020-12-07,15.12
Highlands County,2020-12-07,17.82
Hillsborough County,2020-12-07,16.15
Holmes County,2020-12-07,11.32
Indian River County,2020-12-07,17.72
Jackson County,2020-12-07,11.98
Jefferson County,2020-12-07,12.01
Lafayette County,2020-12-07,11.48
Lake County,2020-12-07,15.97
Lee County,2020-12-07,18.79
Leon County,2020-12-07,12.09
Levy County,2020-12-07,13.02
Liberty County,2020-12-07,12.86
Madison County,2020-12-07,11.32
Manatee County,2020-12-07,16.41
Marion County,2020-12-07,14.22
Martin County,2020-12-07,20.12
Miami-Dade County,2020-12-07,22.68
Monroe County,2020-12-07,21.61
Nassau County,2020-12-07,11.98
Okaloosa County,2020-12-07,12.06
Okeechobee County,2020-12-07,18.39
Orange County,2020-12-07,16.89
Osceola County,2020-12-07,17.38
Palm Beach County,2020-12-07,20.73
Pasco County,2020-12-07,15.58
Pinellas County,2020-12-07,15.45
Polk County,2020-12-07,17.06
Putnam County,2020-12-07,14.0
St. Johns County,2020-12-07,14.12
St. Lucie County,2020-12-07,19.0
Santa Rosa County,2020-12-07,11.97
Sarasota County,2020-12-07,16.55
Seminole County,2020-12-07,16.72
Sumter County,2020-12-07,15.49
Suwannee County,2020-12-07,10.99
Taylor County,2020-12-07,12.24
Union County,2020-12-07,11.51
Volusia County,2020-12-07,15.67
Wakulla County,2020-12-07,12.53
Walton County,2020-12-07,12.02
Washington County,2020-12-07,12.09
Alachua County,2020-12-08,10.57
Baker County,2020-12-08,9.55
Bay County,2020-12-08,9.13
Bradford County,2020-12-08,10.74
Brevard County,2020-12-08,12.0
Broward County,2020-12-08,17.14
Calhoun County,2020-12-08,8.43
Charlotte County,2020-12-08,15.31
Citrus County,2020-12-08,10.74
Clay County,2020-12-08,11.94
Collier County,2020-12-08,17.06
Columbia County,2020-12-08,8.9
DeSoto County,2020-12-08,14.04
Dixie County,2020-12-08,9.43
Duval County,2020-12-08,12.09
Escambia County,2020-12-08,8.47
Flagler County,2020-12-08,11.76
Franklin County,2020-12-08,9.34
Gadsden County,2020-12-08,8.22
Gilchrist County,2020-12-08,9.52
Glades County,2020-12-08,15.15
Gulf County,2020-12-08,9.37
Hamilton County,2020-12-08,7.96
Hardee County,2020-12-08,13.09
Hendry County,2020-12-08,15.95
Hernando County,2020-12-08,11.48
Highlands County,2020-12-08,13.34
Hillsborough County,2020-12-08,13.62
Holmes County,2020-12-08,7.4
Indian River County,2020-12-08,12.93
Jackson County,2020-12-08,7.76
Jefferson County,2020-12-08,8.99
Lafayette County,2020-12-08,8.85
Lake County,2020-12-08,11.18
Lee County,2020-12-08,16.52
Leon County,2020-12-08,8.78
Levy County,2020-12-08,10.2
Liberty County,2020-12-08,8.65
Madison County,2020-12-08,8.51
Manatee County,2020-12-08,14.05
Marion County,2020-12-08,10.67
Martin County,2020-12-08,15.85
Miami-Dade County,2020-12-08,18.33
Monroe County,2020-12-08,18.44
Nassau County,2020-12-08,10.82
Okaloosa County,2020-12-08,8.1
Okeechobee County,2020-12-08,13.64
Orange County,2020-12-08,11.76
Osceola County,2020-12-08,12.15
Palm Beach County,2020-12-08,16.26
Pasco County,2020-12-08,12.34
Pinellas County,2020-12-08,14.58
Polk County,2020-12-08,12.41
Putnam County,2020-12-08,11.76
St. Johns County,2020-12-08,12.69
St. Lucie County,2020-12-08,14.56
Santa Rosa County,2020-12-08,8.21
Sarasota County,2020-12-08,14.55
Seminole County,2020-12-08,11.77
Sumter County,2020-12-08,10.84
Suwannee County,2020-12-08,8.53
Taylor County,2020-12-08,9.44
Union County,2020-12-08,9.84
Volusia County,2020-12-08,11.51
Wakulla County,2020-12-08,9.13
Walton County,2020-12-08,8.08
Washington County,2020-12-08,8.1
Alachua County,2020-12-09,7.79
Baker County,2020-12-09,6.32
Bay County,2020-12-09,9.03
Bradford County,2020-12-09,7.34
Brevard County,2020-12-09,9.39
Broward County,2020-12-09,13.29
Calhoun County,2020-12-09,7.74
Charlotte County,2020-12-09,10.65
Citrus County,2020-12-09,8.23
Clay County,2020-12-09,8.03
Collier County,2020-12-09,12.82
Columbia County,2020-12-09,6.34
DeSoto County,2020-12-09,9.74
Dixie County,2020-12-09,8.15
Duval County,2020-12-09,7.77
Escambia County,2020-12-09,8.61
Flagler County,2020-12-09,8.77
Franklin County,2020-12-09,8.49
Gadsden County,2020-12-09,6.97
Gilchrist County,2020-12-09,7.83
Glades County,2020-12-09,10.64
Gulf County,2020-12-09,8.91
Hamilton County,2020-12-09,5.69
Hardee County,2020-12-09,9.35
Hendry County,2020-12-09,11.85
Hernando County,2020-12-09,8.4
Highlands County,2020-12-09,9.41
Hillsborough County,2020-12-09,9.54
Holmes County,2020-12-09,6.86
Indian River County,2020-12-09,9.69
Jackson County,2020-12-09,6.88
Jefferson County,2020-12-09,7.32
Lafayette County,2020-12-09,7.37
Lake County,2020-12-09,8.69
Lee County,2020-12-09,11.89
Leon County,2020-12-09,7.15
Levy County,2020-12-09,8.49
Liberty County,2020-12-09,7.69
Madison County,2020-12-09,6.79
Manatee County,2020-12-09,9.61
Marion County,2020-12-09,8.05
Martin County,2020-12-09,11.91
Miami-Dade County,2020-12-09,13.94
Monroe County,2020-12-09,14.67
Nassau County,2020-12-09,6.85
Okaloosa County,2020-12-09,8.06
Okeechobee County,2020-12-09,10.0
Orange County,2020-12-09,9.37
Osceola County,2020-12-09,9.51
Palm Beach County,2020-12-09,12.64
Pasco County,2020-12-09,8.78
Pinellas County,2020-12-09,9.61
Polk County,2020-12-09,9.49
Putnam County,2020-12-09,8.32
St. Johns County,2020-12-09,8.89
St. Lucie County,2020-12-09,10.79
Santa Rosa County,2020-12-09,8.25
Sarasota County,2020-12-09,9.86
Seminole County,2020-12-09,9.37
Sumter County,2020-12-09,8.27
Suwannee County,2020-12-09,6.62
Taylor County,2020-12-09,7.96
Union County,2020-12-09,6.85
Volusia County,2020-12-09,9.01
Wakulla County,2020-12-09,7.66
Walton County,2020-12-09,7.96
Washington County,2020-12-09,7.55
Alachua County,2020-12-10,9.28
Baker County,2020-12-10,8.43
Bay County,2020-12-10,11.95
Bradford County,2020-12-10,9.01
Brevard County,2020-12-10,10.37
Broward County,2020-12-10,13.49
Calhoun County,2020-12-10,11.12
Charlotte County,2020-12-10,11.85
Citrus County,2020-12-10,9.95
Clay County,2020-12-10,9.54
Collier County,2020-12-10,13.37
Columbia County,2020-12-10,8.56
DeSoto County,2020-12-10,10.62
Dixie County,2020-12-10,9.8
Duval County,2020-12-10,9.48
Escambia County,2020-12-10,11.97
Flagler County,2020-12-10,9.8
Franklin County,2020-12-10,11.04
Gadsden County,2020-12-10,10.71
Gilchrist County,2020-12-10,9.36
Glades County,2020-12-10,11.61
Gulf County,2020-12-10,11.39
Hamilton County,2020-12-10,8.5
Hardee County,2020-12-10,10.03
Hendry County,2020-12-10,12.69
Hernando County,2020-12-10,10.11
Highlands County,2020-12-10,10.21
Hillsborough County,2020-12-10,10.81
Holmes County,2020-12-10,10.66
Indian River County,2020-12-10,10.35
Jackson County,2020-12-10,10.91
Jefferson County,2020-12-10,10.33
Lafayette County,2020-12-10,9.55
Lake County,2020-12-10,9.83
Lee County,2020-12-10,13.13
Leon County,2020-12-10,10.36
Levy County,2020-12-10,9.81
Liberty County,2020-12-10,10.83
Madison County,2020-12-10,9.71
Manatee County,2020-12-10,10.83
Marion County,2020-12-10,9.47
Martin County,2020-12-10,12.15
Miami-Dade County,2020-12-10,13.42
Monroe County,2020-12-10,14.65
Nassau County,2020-12-10,8.93
Okaloosa County,2020-12-10,11.29
Okeechobee County,2020-12-10,10.62
Orange County,2020-12-10,10.0
Osceola County,2020-12-10,10.0
Palm Beach County,2020-12-10,13.03
Pasco County,2020-12-10,10.31
Pinellas County,2020-12-10,11.64
Polk County,2020-12-10,10.08
Putnam County,2020-12-10,9.61
St. Johns County,2020-12-10,10.29
St. Lucie County,2020-12-10,11.19
Santa Rosa County,2020-12-10,11.44
Sarasota County,2020-12-10,11.23
Seminole County,2020-12-10,10.01
Sumter County,2020-12-10,9.8
Suwannee County,2020-12-10,9.07
Taylor County,2020-12-10,10.42
Union County,2020-12-10,8.69
Volusia County,2020-12-10,9.9
Wakulla County,2020-12-10,10.51
Walton County,2020-12-10,11.25
Washington County,2020-12-10,10.95
Alachua County,2020-12-11,13.33
Baker County,2020-12-11,12.46
Bay County,2020-12-11,14.03
Bradford County,2020-12-11,13.16
Brevard County,2020-12-11,13.2
Broward County,2020-12-11,15.97
Calhoun County,2020-12-11,13.82
Charlotte County,2020-12-11,14.7
Citrus County,2020-12-11,13.81
Clay County,2020-12-11,13.8
Collier County,2020-12-11,15.59
Columbia County,2020-12-11,12.26
DeSoto County,2020-12-11,14.19
Dixie County,2020-12-11,12.96
Duval County,2020-12-11,13.62
Escambia County,2020-12-11,13.26
Flagler County,2020-12-11,13.8
Franklin County,2020-12-11,13.85
Gadsden County,2020-12-11,13.3
Gilchrist County,2020-12-11,12.96
Glades County,2020-12-11,14.18
Gulf County,2020-12-11,14.19
Hamilton County,2020-12-11,11.77
Hardee County,2020-12-11,14.07
Hendry County,2020-12-11,15.05
Hernando County,2020-12-11,14.0
Highlands County,2020-12-11,13.57
Hillsborough County,2020-12-11,14.62
Holmes County,2020-12-11,12.88
Indian River County,2020-12-11,13.11
Jackson County,2020-12-11,13.2
Jefferson County,2020-12-11,12.93
Lafayette County,2020-12-11,12.69
Lake County,2020-12-11,14.06
Lee County,2020-12-11,15.35
Leon County,2020-12-11,13.08
Levy County,2020-12-11,13.44
Liberty County,2020-12-11,13.84
Madison County,2020-12-11,12.46
Manatee County,2020-12-11,14.58
Marion County,2020-12-11,13.78
Martin County,2020-12-11,14.53
Miami-Dade County,2020-12-11,16.33
Monroe County,2020-12-11,17.01
Nassau County,2020-12-11,13.05
Okaloosa County,2020-12-11,13.01
Okeechobee County,2020-12-11,13.56
Orange County,2020-12-11,13.8
Osceola County,2020-12-11,13.55
Palm Beach County,2020-12-11,15.39
Pasco County,2020-12-11,14.21
Pinellas County,2020-12-11,14.58
Polk County,2020-12-11,14.17
Putnam County,2020-12-11,13.91
St. Johns County,2020-12-11,14.29
St. Lucie County,2020-12-11,13.71
Santa Rosa County,2020-12-11,12.91
Sarasota County,2020-12-11,14.54
Seminole County,2020-12-11,13.82
Sumter County,2020-12-11,14.08
Suwannee County,2020-12-11,12.32
Taylor County,2020-12-11,13.21
Union County,2020-12-11,12.66
Volusia County,2020-12-11,13.64
Wakulla County,2020-12-11,13.37
Walton County,2020-12-11,13.18
Washington County,2020-12-11,13.27
Alachua County,2020-12-12,13.97
Baker County,2020-12-12,13.03
Bay County,2020-12-12,15.84
Bradford County,2020-12-12,13.7
Brevard County,2020-12-12,16.23
Broward County,2020-12-12,19.44
Calhoun County,2020-12-12,14.83
Charlotte County,2020-12-12,18.15
Citrus County,2020-12-12,14.6
Clay County,2020-12-12,14.33
Collier County,2020-12-12,19.26
Columbia County,2020-12-12,12.96
DeSoto County,2020-12-12,17.49
Dixie County,2020-12-12,14.17
Duval County,2020-12-12,14.23
Escambia County,2020-12-12,15.93
Flagler County,2020-12-12,14.63
Franklin County,2020-12-12,15.07
Gadsden County,2020-12-12,13.81
Gilchrist County,2020-12-12,13.94
Glades County,2020-12-12,18.43
Gulf County,2020-12-12,15.61
Hamilton County,2020-12-12,12.43
Hardee County,2020-12-12,16.82
Hendry County,2020-12-12,18.99
Hernando County,2020-12-12,14.9
Highlands County,2020-12-12,17.44
Hillsborough County,2020-12-12,16.16
Holmes County,2020-12-12,14.52
Indian River County,2020-12-12,17.07
Jackson County,2020-12-12,14.31
Jefferson County,2020-12-12,13.6
Lafayette County,2020-12-12,13.65
Lake County,2020-12-12,14.73
Lee County,2020-12-12,19.07
Leon County,2020-12-12,13.62
Levy County,2020-12-12,14.49
Liberty County,2020-12-12,14.64
Madison County,2020-12-12,13.21
Manatee County,2020-12-12,16.61
Marion County,2020-12-12,14.2
Martin County,2020-12-12,18.71
Miami-Dade County,2020-12-12,19.83
Monroe County,2020-12-12,20.06
Nassau County,2020-12-12,13.58
Okaloosa County,2020-12-12,15.05
Okeechobee County,2020-12-12,17.71
Orange County,2020-12-12,15.4
Osceola County,2020-12-12,16.32
Palm Beach County,2020-12-12,19.18
Pasco County,2020-12-12,15.32
Pinellas County,2020-12-12,16.44
Polk County,2020-12-12,16.23
Putnam County,2020-12-12,14.4
St. Johns County,2020-12-12,15.0
St. Lucie County,2020-12-12,17.95
Santa Rosa County,2020-12-12,15.23
Sarasota County,2020-12-12,16.97
Seminole County,2020-12-12,15.27
Sumter County,2020-12-12,14.6
Suwannee County,2020-12-12,13.13
Taylor County,2020-12-12,14.16
Union County,2020-12-12,13.3
Volusia County,2020-12-12,14.9
Wakulla County,2020-12-12,14.11
Walton County,2020-12-12,15.08
Washington County,2020-12-12,14.84
Alachua County,2020-12-13,15.93
Baker County,2020-12-13,14.51
Bay County,2020-12-13,19.79
Bradford County,2020-12-13,15.18
Brevard County,2020-12-13,18.46
Broward County,2020-12-13,22.05
Calhoun County,2020-12-13,18.31
Charlotte County,2020-12-13,20.87
Citrus County,2020-12-13,18.09
Clay County,2020-12-13,15.63
Collier County,2020-12-13,21.68
Columbia County,2020-12-13,14.83
DeSoto County,2020-12-13,20.03
Dixie County,2020-12-13,17.11
Duval County,2020-12-13,15.65
Escambia County,2020-12-13,19.81
Flagler County,2020-12-13,16.14
Franklin County,2020-12-13,18.51
Gadsden County,2020-12-13,16.56
Gilchrist County,2020-12-13,16.39
Glades County,2020-12-13,20.39
Gulf County,2020-12-13,19.34
Hamilton County,2020-12-13,14.44
Hardee County,2020-12-13,19.56
Hendry County,2020-12-13,21.07
Hernando County,2020-12-13,18.57
Highlands County,2020-12-13,19.53
Hillsborough County,2020-12-13,19.9
Holmes County,2020-12-13,18.7
Indian River County,2020-12-13,18.87
Jackson County,2020-12-13,17.81
Jefferson County,2020-12-13,16.06
Lafayette County,2020-12-13,16.05
Lake County,2020-12-13,17.18
Lee County,2020-12-13,21.71
Leon County,2020-12-13,16.23
Levy County,2020-12-13,17.54
Liberty County,2020-12-13,17.86
Madison County,2020-12-13,15.45
Manatee County,2020-12-13,20.1
Marion County,2020-12-13,16.51
Martin County,2020-12-13,20.56
Miami-Dade County,2020-12-13,22.15
Monroe County,2020-12-13,22.42
Nassau County,2020-12-13,15.11
Okaloosa County,2020-12-13,19.76
Okeechobee County,2020-12-13,19.46
Orange County,2020-12-13,17.7
Osceola County,2020-12-13,18.58
Palm Beach County,2020-12-13,21.41
Pasco County,2020-12-13,19.04
Pinellas County,2020-12-13,20.56
Polk County,2020-12-13,19.07
Putnam County,2020-12-13,15.87
St. Johns County,2020-12-13,16.5
St. Lucie County,2020-12-13,19.65
Santa Rosa County,2020-12-13,19.76
Sarasota County,2020-12-13,20.38
Seminole County,2020-12-13,17.25
Sumter County,2020-12-13,17.68
Suwannee County,2020-12-13,15.27
Taylor County,2020-12-13,16.82
Union County,2020-12-13,14.98
Volusia County,2020-12-13,16.64
Wakulla County,2020-12-13,17.06
Walton County,2020-12-13,19.57
Washington County,2020-12-13,18.89
Alachua County,2020-12-14,18.97
Baker County,2020-12-14,19.15
Bay County,2020-12-14,20.69
Bradford County,2020-12-14,19.34
Brevard County,2020-12-14,20.6
Broward County,2020-12-14,23.29
Calhoun County,2020-12-14,20.1
Charlotte County,2020-12-14,21.86
Citrus County,2020-12-14,18.75
Clay County,2020-12-14,20.26
Collier County,2020-12-14,22.95
Columbia County,2020-12-14,18.71
DeSoto County,2020-12-14,21.57
Dixie County,2020-12-14,17.97
Duval County,2020-12-14,20.31
Escambia County,2020-12-14,18.09
Flagler County,2020-12-14,19.75
Franklin County,2020-12-14,19.58
Gadsden County,2020-12-14,18.3
Gilchrist County,2020-12-14,18.39
Glades County,2020-12-14,22.01
Gulf County,2020-12-14,20.7
Hamilton County,2020-12-14,18.35
Hardee County,2020-12-14,21.23
Hendry County,2020-12-14,22.5
Hernando County,2020-12-14,19.42
Highlands County,2020-12-14,21.39
Hillsborough County,2020-12-14,20.81
Holmes County,2020-12-14,18.72
Indian River County,2020-12-14,21.06
Jackson County,2020-12-14,19.18
Jefferson County,2020-12-14,17.95
Lafayette County,2020-12-14,18.43
Lake County,2020-12-14,19.98
Lee County,2020-12-14,22.54
Leon County,2020-12-14,17.99
Levy County,2020-12-14,18.18
Liberty County,2020-12-14,19.72
Madison County,2020-12-14,18.2
Manatee County,2020-12-14,21.11
Marion County,2020-12-14,19.17
Martin County,2020-12-14,22.19
Miami-Dade County,2020-12-14,23.43
Monroe County,2020-12-14,23.52
Nassau County,2020-12-14,19.88
Okaloosa County,2020-12-14,18.67
Okeechobee County,2020-12-14,21.5
Orange County,2020-12-14,20.53
Osceola County,2020-12-14,21.01
Palm Beach County,2020-12-14,22.8
Pasco County,2020-12-14,20.1
Pinellas County,2020-12-14,20.7
Polk County,2020-12-14,20.96
Putnam County,2020-12-14,20.03
St. Johns County,2020-12-14,20.31
St. Lucie County,2020-12-14,21.54
Santa Rosa County,2020-12-14,18.18
Sarasota County,2020-12-14,21.14
Seminole County,2020-12-14,20.54
Sumter County,2020-12-14,19.58
Suwannee County,2020-12-14,18.53
Taylor County,2020-12-14,18.42
Union County,2020-12-14,18.9
Volusia County,2020-12-14,19.88
Wakulla County,2020-12-14,18.43
Walton County,2020-12-14,19.14
Washington County,2020-12-14,19.75
Alachua County,2020-12-15,18.47
Baker County,2020-12-15,17.76
Bay County,2020-12-15,13.79
Bradford County,2020-12-15,18.74
Brevard County,2020-12-15,21.53
Broward County,2020-12-15,23.43
Calhoun County,2020-12-15,13.15
Charlotte County,2020-12-15,22.51
Citrus County,2020-12-15,18.98
Clay County,2020-12-15,19.98
Collier County,2020-12-15,23.37
Columbia County,2020-12-15,16.92
DeSoto County,2020-12-15,21.96
Dixie County,2020-12-15,16.94
Duval County,2020-12-15,20.19
Escambia County,2020-12-15,11.28
Flagler County,2020-12-15,20.19
Franklin County,2020-12-15,15.24
Gadsden County,2020-12-15,13.13
Gilchrist County,2020-12-15,17.28
Glades County,2020-12-15,22.76
Gulf County,2020-12-15,14.72
Hamilton County,2020-12-15,15.67
Hardee County,2020-12-15,21.53
Hendry County,2020-12-15,23.13
Hernando County,2020-12-15,19.64
Highlands County,2020-12-15,22.06
Hillsborough County,2020-12-15,21.2
Holmes County,2020-12-15,11.09
Indian River County,2020-12-15,22.13
Jackson County,2020-12-15,11.86
Jefferson County,2020-12-15,15.05
Lafayette County,2020-12-15,16.4
Lake County,2020-12-15,19.81
Lee County,2020-12-15,23.29
Leon County,2020-12-15,14.24
Levy County,2020-12-15,17.98
Liberty County,2020-12-15,13.93
Madison County,2020-12-15,15.38
Manatee County,2020-12-15,21.38
Marion County,2020-12-15,19.0
Martin County,2020-12-15,23.18
Miami-Dade County,2020-12-15,23.52
Monroe County,2020-12-15,23.88
Nassau County,2020-12-15,19.07
Okaloosa County,2020-12-15,11.49
Okeechobee County,2020-12-15,22.41
Orange County,2020-12-15,20.61
Osceola County,2020-12-15,21.5
Palm Beach County,2020-12-15,23.27
Pasco County,2020-12-15,20.28
Pinellas County,2020-12-15,21.69
Polk County,2020-12-15,21.21
Putnam County,2020-12-15,19.93
St. Johns County,2020-12-15,20.96
St. Lucie County,2020-12-15,22.71
Santa Rosa County,2020-12-15,11.32
Sarasota County,2020-12-15,21.57
Seminole County,2020-12-15,20.55
Sumter County,2020-12-15,19.43
Suwannee County,2020-12-15,16.28
Taylor County,2020-12-15,16.37
Union County,2020-12-15,17.87
Volusia County,2020-12-15,20.19
Wakulla County,2020-12-15,14.88
Walton County,2020-12-15,11.73
Washington County,2020-12-15,12.09
Alachua County,2020-12-16,16.37
Baker County,2020-12-16,13.52
Bay County,2020-12-16,13.1
Bradford County,2020-12-16,15.63
Brevard County,2020-12-16,19.47
Broward County,2020-12-16,23.86
Calhoun County,2020-12-16,12.23
Charlotte County,2020-12-16,19.93
Citrus County,2020-12-16,17.39
Clay County,2020-12-16,16.52
Collier County,2020-12-16,22.97
Columbia County,2020-12-16,13.5
DeSoto County,2020-12-16,19.3
Dixie County,2020-12-16,15.0
Duval County,2020-12-16,15.23
Escambia County,2020-12-16,9.54
Flagler County,2020-12-16,18.11
Franklin County,2020-12-16,13.11
Gadsden County,2020-12-16,11.58
Gilchrist County,2020-12-16,15.41
Glades County,2020-12-16,20.86
Gulf County,2020-12-16,13.26
Hamilton County,2020-12-16,12.22
Hardee County,2020-12-16,18.97
Hendry County,2020-12-16,22.21
Hernando County,2020-12-16,17.73
Highlands County,2020-12-16,19.68
Hillsborough County,2020-12-16,18.34
Holmes County,2020-12-16,11.26
Indian River County,2020-12-16,20.04
Jackson County,2020-12-16,11.62
Jefferson County,2020-12-16,12.83
Lafayette County,2020-12-16,14.17
Lake County,2020-12-16,18.88
Lee County,2020-12-16,21.32
Leon County,2020-12-16,12.24
Levy County,2020-12-16,16.44
Liberty County,2020-12-16,12.26
Madison County,2020-12-16,12.88
Manatee County,2020-12-16,18.44
Marion County,2020-12-16,17.72
Martin County,2020-12-16,22.11
Miami-Dade County,2020-12-16,24.0
Monroe County,2020-12-16,23.75
Nassau County,2020-12-16,13.3
Okaloosa County,2020-12-16,10.13
Okeechobee County,2020-12-16,20.45
Orange County,2020-12-16,19.72
Osceola County,2020-12-16,20.01
Palm Beach County,2020-12-16,23.13
Pasco County,2020-12-16,18.01
Pinellas County,2020-12-16,17.7
Polk County,2020-12-16,19.44
Putnam County,2020-12-16,17.72
St. Johns County,2020-12-16,17.46
St. Lucie County,2020-12-16,20.99
Santa Rosa County,2020-12-16,9.41
Sarasota County,2020-12-16,18.65
Seminole County,2020-12-16,19.61
Sumter County,2020-12-16,18.35
Suwannee County,2020-12-16,13.5
Taylor County,2020-12-16,14.01
Union County,2020-12-16,14.69
Volusia County,2020-12-16,18.76
Wakulla County,2020-12-16,12.64
Walton County,2020-12-16,11.18
Washington County,2020-12-16,12.01
Alachua County,2020-12-17,14.9
Baker County,2020-12-17,11.63
Bay County,2020-12-17,11.99
Bradford County,2020-12-17,13.94
Brevard County,2020-12-17,20.52
Broward County,2020-12-17,23.21
Calhoun County,2020-12-17,10.42
Charlotte County,2020-12-17,21.7
Citrus County,2020-12-17,16.83
Clay County,2020-12-17,14.62
Collier County,2020-12-17,22.99
Columbia County,2020-12-17,11.5
DeSoto County,2020-12-17,20.9
Dixie County,2020-12-17,14.04
Duval County,2020-12-17,13.25
Escambia County,2020-12-17,9.5
Flagler County,2020-12-17,16.62
Franklin County,2020-12-17,12.22
Gadsden County,2020-12-17,9.41
Gilchrist County,2020-12-17,14.04
Glades County,2020-12-17,21.79
Gulf County,2020-12-17,12.29
Hamilton County,2020-12-17,9.44
Hardee County,2020-12-17,20.12
Hendry County,2020-12-17,22.36
Hernando County,2020-12-17,17.55
Highlands County,2020-12-17,20.61
Hillsborough County,2020-12-17,19.15
Holmes County,2020-12-17,10.21
Indian River County,2020-12-17,21.39
Jackson County,2020-12-17,9.16
Jefferson County,2020-12-17,10.74
Lafayette County,2020-12-17,12.52
Lake County,2020-12-17,18.08
Lee County,2020-12-17,22.7
Leon County,2020-12-17,10.36
Levy County,2020-12-17,15.58
Liberty County,2020-12-17,10.72
Madison County,2020-12-17,10.35
Manatee County,2020-12-17,19.99
Marion County,2020-12-17,16.35
Martin County,2020-12-17,23.29
Miami-Dade County,2020-12-17,23.46
Monroe County,2020-12-17,23.4
Nassau County,2020-12-17,11.38
Okaloosa County,2020-12-17,10.38
Okeechobee County,2020-12-17,21.34
Orange County,2020-12-17,19.9
Osceola County,2020-12-17,20.69
Palm Beach County,2020-12-17,23.23
Pasco County,2020-12-17,18.19
Pinellas County,2020-12-17,18.82
Polk County,2020-12-17,19.89
Putnam County,2020-12-17,15.92
St. Johns County,2020-12-17,15.55
St. Lucie County,2020-12-17,22.48
Santa Rosa County,2020-12-17,9.71
Sarasota County,2020-12-17,20.65
Seminole County,2020-12-17,19.52
Sumter County,2020-12-17,17.55
Suwannee County,2020-12-17,11.34
Taylor County,2020-12-17,12.55
Union County,2020-12-17,13.0
Volusia County,2020-12-17,18.07
Wakulla County,2020-12-17,11.34
Walton County,2020-12-17,10.92
Washington County,2020-12-17,10.6
Alachua County,2020-12-18,8.84
Baker County,2020-12-18,6.51
Bay County,2020-12-18,4.51
Bradford County,2020-12-18,8.5
Brevard County,2020-12-18,12.4
Broward County,2020-12-18,19.1
Calhoun County,2020-12-18,3.75
Charlotte County,2020-12-18,15.42
Citrus County,2020-12-18,10.72
Clay County,2020-12-18,9.31
Collier County,2020-12-18,18.07
Columbia County,2020-12-18,5.72
DeSoto County,2020-12-18,14.16
Dixie County,2020-12-18,6.71
Duval County,2020-12-18,8.56
Escambia County,2020-12-18,4.25
Flagler County,2020-12-18,9.39
Franklin County,2020-12-18,4.59
Gadsden County,2020-12-18,3.43
Gilchrist County,2020-12-18,7.14
Glades County,2020-12-18,15.4
Gulf County,2020-12-18,4.57
Hamilton County,2020-12-18,4.1
Hardee County,2020-12-18,13.38
Hendry County,2020-12-18,16.69
Hernando County,2020-12-18,12.04
Highlands County,2020-12-18,13.73
Hillsborough County,2020-12-18,14.14
Holmes County,2020-12-18,3.84
Indian River County,2020-12-18,13.91
Jackson County,2020-12-18,3.15
Jefferson County,2020-12-18,4.55
Lafayette County,2020-12-18,5.52
Lake County,2020-12-18,10.99
Lee County,2020-12-18,16.69
Leon County,2020-12-18,4.06
Levy County,2020-12-18,8.75
Liberty County,2020-12-18,3.93
Madison County,2020-12-18,4.43
Manatee County,2020-12-18,14.74
Marion County,2020-12-18,9.86
Martin County,2020-12-18,16.89
Miami-Dade County,2020-12-18,20.28
Monroe County,2020-12-18,20.04
Nassau County,2020-12-18,7.07
Okaloosa County,2020-12-18,4.35
Okeechobee County,2020-12-18,14.35
Orange County,2020-12-18,12.03
Osceola County,2020-12-18,12.98
Palm Beach County,2020-12-18,17.96
Pasco County,2020-12-18,13.12
Pinellas County,2020-12-18,15.57
Polk County,2020-12-18,12.94
Putnam County,2020-12-18,9.74
St. Johns County,2020-12-18,9.49
St. Lucie County,2020-12-18,15.44
Santa Rosa County,2020-12-18,4.17
Sarasota County,2020-12-18,15.28
Seminole County,2020-12-18,11.53
Sumter County,2020-12-18,11.08
Suwannee County,2020-12-18,5.04
Taylor County,2020-12-18,5.43
Union County,2020-12-18,7.32
Volusia County,2020-12-18,10.21
Wakulla County,2020-12-18,4.23
Walton County,2020-12-18,4.33
Washington County,2020-12-18,4.06
Alachua County,2020-12-19,8.01
Baker County,2020-12-19,6.27
Bay County,2020-12-19,7.8
Bradford County,2020-12-19,7.37
Brevard County,2020-12-19,10.51
Broward County,2020-12-19,16.64
Calhoun County,2020-12-19,7.19
Charlotte County,2020-12-19,12.48
Citrus County,2020-12-19,9.67
Clay County,2020-12-19,8.05
Collier County,2020-12-19,15.33
Columbia County,2020-12-19,6.18
DeSoto County,2020-12-19,11.99
Dixie County,2020-12-19,7.46
Duval County,2020-12-19,7.54
Escambia County,2020-12-19,6.67
Flagler County,2020-12-19,8.82
Franklin County,2020-12-19,7.33
Gadsden County,2020-12-19,6.59
Gilchrist County,2020-12-19,7.64
Glades County,2020-12-19,13.56
Gulf County,2020-12-19,7.71
Hamilton County,2020-12-19,5.33
Hardee County,2020-12-19,11.57
Hendry County,2020-12-19,14.82
Hernando County,2020-12-19,9.94
Highlands County,2020-12-19,12.18
Hillsborough County,2020-12-19,10.65
Holmes County,2020-12-19,6.67
Indian River County,2020-12-19,12.03
Jackson County,2020-12-19,6.63
Jefferson County,2020-12-19,6.54
Lafayette County,2020-12-19,6.67
Lake County,2020-12-19,9.97
Lee County,2020-12-19,13.73
Leon County,2020-12-19,6.59
Levy County,2020-12-19,8.7
Liberty County,2020-12-19,7.21
Madison County,2020-12-19,6.1
Manatee County,2020-12-19,11.0
Marion County,2020-12-19,9.21
Martin County,2020-12-19,14.82
Miami-Dade County,2020-12-19,17.58
Monroe County,2020-12-19,17.62
Nassau County,2020-12-19,6.69
Okaloosa County,2020-12-19,6.56
Okeechobee County,2020-12-19,12.91
Orange County,2020-12-19,10.28
Osceola County,2020-12-19,11.18
Palm Beach County,2020-12-19,15.95
Pasco County,2020-12-19,10.16
Pinellas County,2020-12-19,9.86
Polk County,2020-12-19,11.29
Putnam County,2020-12-19,8.69
St. Johns County,2020-12-19,8.66
St. Lucie County,2020-12-19,13.42
Santa Rosa County,2020-12-19,6.27
Sarasota County,2020-12-19,11.13
Seminole County,2020-12-19,10.02
Sumter County,2020-12-19,10.18
Suwannee County,2020-12-19,6.12
Taylor County,2020-12-19,6.91
Union County,2020-12-19,6.81
Volusia County,2020-12-19,9.29
Wakulla County,2020-12-19,6.78
Walton County,2020-12-19,6.95
Washington County,2020-12-19,7.04
Alachua County,2020-12-20,12.79
Baker County,2020-12-20,9.87
Bay County,2020-12-20,9.46
Bradford County,2020-12-20,11.96
Brevard County,2020-12-20,16.14
Broward County,2020-12-20,19.36
Calhoun County,2020-12-20,8.37
Charlotte County,2020-12-20,16.03
Citrus County,2020-12-20,14.45
Clay County,2020-12-20,12.92
Collier County,2020-12-20,17.94
Columbia County,2020-12-20,9.97
DeSoto County,2020-12-20,15.95
Dixie County,2020-12-20,12.07
Duval County,2020-12-20,11.75
Escambia County,2020-12-20,10.37
Flagler County,2020-12-20,15.28
Franklin County,2020-12-20,9.72
Gadsden County,2020-12-20,8.39
Gilchrist County,2020-12-20,12.15
Glades County,2020-12-20,16.82
Gulf County,2020-12-20,9.58
Hamilton County,2020-12-20,8.94
Hardee County,2020-12-20,16.2
Hendry County,2020-12-20,17.54
Hernando County,2020-12-20,14.75
Highlands County,2020-12-20,16.68
Hillsborough County,2020-12-20,15.46
Holmes County,2020-12-20,7.9
Indian River County,2020-12-20,16.44
Jackson County,2020-12-20,7.53
Jefferson County,2020-12-20,9.68
Lafayette County,2020-12-20,11.1
Lake County,2020-12-20,15.54
Lee County,2020-12-20,16.94
Leon County,2020-12-20,8.92
Levy County,2020-12-20,13.43
Liberty County,2020-12-20,8.81
Madison County,2020-12-20,9.82
Manatee County,2020-12-20,15.2
Marion County,2020-12-20,14.44
Martin County,2020-12-20,18.16
Miami-Dade County,2020-12-20,19.99
Monroe County,2020-12-20,20.0
Nassau County,2020-12-20,9.81
Okaloosa County,2020-12-20,9.49
Okeechobee County,2020-12-20,17.01
Orange County,2020-12-20,15.98
Osceola County,2020-12-20,16.42
Palm Beach County,2020-12-20,18.88
Pasco County,2020-12-20,14.98
Pinellas County,2020-12-20,14.9
Polk County,2020-12-20,16.42
Putnam County,2020-12-20,14.3
St. Johns County,2020-12-20,14.46
St. Lucie County,2020-12-20,17.16
Santa Rosa County,2020-12-20,9.84
Sarasota County,2020-12-20,14.91
Seminole County,2020-12-20,16.05
Sumter County,2020-12-20,15.11
Suwannee County,2020-12-20,10.3
Taylor County,2020-12-20,10.92
Union County,2020-12-20,11.02
Volusia County,2020-12-20,15.77
Wakulla County,2020-12-20,9.19
Walton County,2020-12-20,9.01
Washington County,2020-12-20,8.09
Alachua County,2020-12-21,15.69
Baker County,2020-12-21,13.14
Bay County,2020-12-21,13.41
Bradford County,2020-12-21,14.95
Brevard County,2020-12-21,19.47
Broward County,2020-12-21,21.26
Calhoun County,2020-12-21,12.88
Charlotte County,2020-12-21,20.16
Citrus County,2020-12-21,16.63
Clay County,2020-12-21,15.81
Collier County,2020-12-21,20.88
Columbia County,2020-12-21,12.96
DeSoto County,2020-12-21,19.64
Dixie County,2020-12-21,15.79
Duval County,2020-12-21,15.25
Escambia County,2020-12-21,11.78
Flagler County,2020-12-21,17.42
Franklin County,2020-12-21,14.01
Gadsden County,2020-12-21,12.47
Gilchrist County,2020-12-21,15.52
Glades County,2020-12-21,20.51
Gulf County,2020-12-21,13.99
Hamilton County,2020-12-21,11.18
Hardee County,2020-12-21,18.92
Hendry County,2020-12-21,20.36
Hernando County,2020-12-21,16.71
Highlands County,2020-12-21,19.86
Hillsborough County,2020-12-21,17.6
Holmes County,2020-12-21,11.31
Indian River County,2020-12-21,19.5
Jackson County,2020-12-21,11.85
Jefferson County,2020-12-21,12.87
Lafayette County,2020-12-21,14.38
Lake County,2020-12-21,17.46
Lee County,2020-12-21,21.02
Leon County,2020-12-21,12.75
Levy County,2020-12-21,16.66
Liberty County,2020-12-21,13.22
Madison County,2020-12-21,12.36
Manatee County,2020-12-21,17.92
Marion County,2020-12-21,16.44
Martin County,2020-12-21,21.19
Miami-Dade County,2020-12-21,21.97
Monroe County,2020-12-21,22.1
Nassau County,2020-12-21,13.79
Okaloosa County,2020-12-21,12.0
Okeechobee County,2020-12-21,19.94
Orange County,2020-12-21,18.88
Osceola County,2020-12-21,19.35
Palm Beach County,2020-12-21,21.2
Pasco County,2020-12-21,16.91
Pinellas County,2020-12-21,17.05
Polk County,2020-12-21,18.75
Putnam County,2020-12-21,16.5
St. Johns County,2020-12-21,17.0
St. Lucie County,2020-12-21,20.37
Santa Rosa County,2020-12-21,11.88
Sarasota County,2020-12-21,18.38
Seminole County,2020-12-21,18.83
Sumter County,2020-12-21,16.8
Suwannee County,2020-12-21,13.07
Taylor County,2020-12-21,14.49
Union County,2020-12-21,14.15
Volusia County,2020-12-21,18.25
Wakulla County,2020-12-21,13.51
Walton County,2020-12-21,12.09
Washington County,2020-12-21,12.11
Alachua County,2020-12-22,12.61
Baker County,2020-12-22,11.25
Bay County,2020-12-22,12.55
Bradford County,2020-12-22,12.59
Brevard County,2020-12-22,15.5
Broward County,2020-12-22,19.41
Calhoun County,2020-12-22,11.69
Charlotte County,2020-12-22,16.16
Citrus County,2020-12-22,13.98
Clay County,2020-12-22,13.77
Collier County,2020-12-22,18.67
Columbia County,2020-12-22,10.44
DeSoto County,2020-12-22,15.2
Dixie County,2020-12-22,11.54
Duval County,2020-12-22,13.64
Escambia County,2020-12-22,11.5
Flagler County,2020-12-22,14.38
Franklin County,2020-12-22,12.33
Gadsden County,2020-12-22,10.94
Gilchrist County,2020-12-22,11.46
Glades County,2020-12-22,16.22
Gulf County,2020-12-22,12.63
Hamilton County,2020-12-22,9.31
Hardee County,2020-12-22,14.98
Hendry County,2020-12-22,17.47
Hernando County,2020-12-22,14.74
Highlands County,2020-12-22,15.11
Hillsborough County,2020-12-22,15.9
Holmes County,2020-12-22,10.36
Indian River County,2020-12-22,15.87
Jackson County,2020-12-22,10.97
Jefferson County,2020-12-22,10.51
Lafayette County,2020-12-22,10.59
Lake County,2020-12-22,14.59
Lee County,2020-12-22,17.4
Leon County,2020-12-22,10.65
Levy County,2020-12-22,12.73
Liberty County,2020-12-22,11.67
Madison County,2020-12-22,9.94
Manatee County,2020-12-22,15.6
Marion County,2020-12-22,13.59
Martin County,2020-12-22,17.91
Miami-Dade County,2020-12-22,20.54
Monroe County,2020-12-22,20.54
Nassau County,2020-12-22,12.55
Okaloosa County,2020-12-22,10.83
Okeechobee County,2020-12-22,15.89
Orange County,2020-12-22,15.33
Osceola County,2020-12-22,15.57
Palm Beach County,2020-12-22,18.57
Pasco County,2020-12-22,15.33
Pinellas County,2020-12-22,16.73
Polk County,2020-12-22,15.41
Putnam County,2020-12-22,14.08
St. Johns County,2020-12-22,14.73
St. Lucie County,2020-12-22,16.84
Santa Rosa County,2020-12-22,10.9
Sarasota County,2020-12-22,15.72
Seminole County,2020-12-22,15.16
Sumter County,2020-12-22,14.29
Suwannee County,2020-12-22,10.07
Taylor County,2020-12-22,11.13
Union County,2020-12-22,11.53
Volusia County,2020-12-22,14.56
Wakulla County,2020-12-22,11.24
Walton County,2020-12-22,11.05
Washington County,2020-12-22,11.08
Alachua County,2020-12-23,12.85
Baker County,2020-12-23,11.96
Bay County,2020-12-23,13.53
Bradford County,2020-12-23,12.88
Brevard County,2020-12-23,14.28
Broward County,2020-12-23,18.74
Calhoun County,2020-12-23,12.72
Charlotte County,2020-12-23,15.19
Citrus County,2020-12-23,13.89
Clay County,2020-12-23,13.67
Collier County,2020-12-23,17.62
Columbia County,2020-12-23,11.46
DeSoto County,2020-12-23,14.24
Dixie County,2020-12-23,11.84
Duval County,2020-12-23,13.33
Escambia County,2020-12-23,12.54
Flagler County,2020-12-23,13.69
Franklin County,2020-12-23,13.06
Gadsden County,2020-12-23,12.1
Gilchrist County,2020-12-23,11.89
Glades County,2020-12-23,15.35
Gulf County,2020-12-23,13.36
Hamilton County,2020-12-23,10.75
Hardee County,2020-12-23,14.23
Hendry County,2020-12-23,16.78
Hernando County,2020-12-23,14.53
Highlands County,2020-12-23,14.26
Hillsborough County,2020-12-23,15.49
Holmes County,2020-12-23,11.87
Indian River County,2020-12-23,14.82
Jackson County,2020-12-23,12.23
Jefferson County,2020-12-23,11.78
Lafayette County,2020-12-23,11.34
Lake County,2020-12-23,14.26
Lee County,2020-12-23,16.44
Leon County,2020-12-23,11.88
Levy County,2020-12-23,12.75
Liberty County,2020-12-23,12.57
Madison County,2020-12-23,11.26
Manatee County,2020-12-23,14.88
Marion County,2020-12-23,13.48
Martin County,2020-12-23,17.12
Miami-Dade County,2020-12-23,19.72
Monroe County,2020-12-23,20.01
Nassau County,2020-12-23,12.52
Okaloosa County,2020-12-23,12.15
Okeechobee County,2020-12-23,15.06
Orange County,2020-12-23,14.63
Osceola County,2020-12-23,14.79
Palm Beach County,2020-12-23,17.95
Pasco County,2020-12-23,15.0
Pinellas County,2020-12-23,16.26
Polk County,2020-12-23,14.93
Putnam County,2020-12-23,13.79
St. Johns County,2020-12-23,14.19
St. Lucie County,2020-12-23,15.95
Santa Rosa County,2020-12-23,12.11
Sarasota County,2020-12-23,14.79
Seminole County,2020-12-23,14.33
Sumter County,2020-12-23,14.18
Suwannee County,2020-12-23,11.14
Taylor County,2020-12-23,12.0
Union County,2020-12-23,12.16
Volusia County,2020-12-23,13.69
Wakulla County,2020-12-23,12.25
Walton County,2020-12-23,12.37
Washington County,2020-12-23,12.33
Alachua County,2020-12-24,13.44
Baker County,2020-12-24,12.2
Bay County,2020-12-24,14.56
Bradford County,2020-12-24,13.16
Brevard County,2020-12-24,17.23
Broward County,2020-12-24,20.51
Calhoun County,2020-12-24,13.5
Charlotte County,2020-12-24,17.94
Citrus County,2020-12-24,14.74
Clay County,2020-12-24,14.17
Collier County,2020-12-24,19.31
Columbia County,2020-12-24,11.96
DeSoto County,2020-12-24,17.29
Dixie County,2020-12-24,13.07
Duval County,2020-12-24,14.04
Escambia County,2020-12-24,14.74
Flagler County,2020-12-24,15.51
Franklin County,2020-12-24,13.97
Gadsden County,2020-12-24,12.7
Gilchrist County,2020-12-24,12.92
Glades County,2020-12-24,18.41
Gulf County,2020-12-24,14.53
Hamilton County,2020-12-24,11.29
Hardee County,2020-12-24,16.65
Hendry County,2020-12-24,18.89
Hernando County,2020-12-24,15.1
Highlands County,2020-12-24,17.46
Hillsborough County,2020-12-24,16.11
Holmes County,2020-12-24,12.93
Indian River County,2020-12-24,17.69
Jackson County,2020-12-24,12.99
Jefferson County,2020-12-24,12.49
Lafayette County,2020-12-24,12.46
Lake County,2020-12-24,15.45
Lee County,2020-12-24,18.86
Leon County,2020-12-24,12.58
Levy County,2020-12-24,13.83
Liberty County,2020-12-24,13.45
Madison County,2020-12-24,11.97
Manatee County,2020-12-24,16.3
Marion County,2020-12-24,14.47
Martin County,2020-12-24,19.36
Miami-Dade County,2020-12-24,21.29
Monroe County,2020-12-24,20.86
Nassau County,2020-12-24,13.12
Okaloosa County,2020-12-24,13.78
Okeechobee County,2020-12-24,18.11
Orange County,2020-12-24,16.24
Osceola County,2020-12-24,16.89
Palm Beach County,2020-12-24,19.87
Pasco County,2020-12-24,15.4
Pinellas County,2020-12-24,15.96
Polk County,2020-12-24,16.41
Putnam County,2020-12-24,14.7
St. Johns County,2020-12-24,15.36
St. Lucie County,2020-12-24,18.56
Santa Rosa County,2020-12-24,14.26
Sarasota County,2020-12-24,16.65
Seminole County,2020-12-24,16.3
Sumter County,2020-12-24,15.12
Suwannee County,2020-12-24,11.99
Taylor County,2020-12-24,13.04
Union County,2020-12-24,12.51
Volusia County,2020-12-24,16.03
Wakulla County,2020-12-24,13.1
Walton County,2020-12-24,13.59
Washington County,2020-12-24,13.27
Alachua County,2020-12-25,13.82
Baker County,2020-12-25,12.77
Bay County,2020-12-25,11.21
Bradford County,2020-12-25,14.06
Brevard County,2020-12-25,16.09
Broward County,2020-12-25,19.37
Calhoun County,2020-12-25,10.26
Charlotte County,2020-12-25,17.98
Citrus County,2020-12-25,14.57
Clay County,2020-12-25,15.49
Collier County,2020-12-25,18.75
Columbia County,2020-12-25,11.37
DeSoto County,2020-12-25,17.08
Dixie County,2020-12-25,11.97
Duval County,2020-12-25,15.87
Escambia County,2020-12-25,10.42
Flagler County,2020-12-25,15.11
Franklin County,2020-12-25,11.31
Gadsden County,2020-12-25,9.15
Gilchrist County,2020-12-25,12.32
Glades County,2020-12-25,17.36
Gulf County,2020-12-25,11.56
Hamilton County,2020-12-25,9.46
Hardee County,2020-12-25,16.47
Hendry County,2020-12-25,17.7
Hernando County,2020-12-25,15.45
Highlands County,2020-12-25,16.36
Hillsborough County,2020-12-25,17.52
Holmes County,2020-12-25,9.26
Indian River County,2020-12-25,17.03
Jackson County,2020-12-25,9.24
Jefferson County,2020-12-25,9.38
Lafayette County,2020-12-25,10.65
Lake County,2020-12-25,14.58
Lee County,2020-12-25,18.59
Leon County,2020-12-25,9.37
Levy County,2020-12-25,13.61
Liberty County,2020-12-25,10.5
Madison County,2020-12-25,9.19
Manatee County,2020-12-25,18.06
Marion County,2020-12-25,14.21
Martin County,2020-12-25,18.66
Miami-Dade County,2020-12-25,20.3
Monroe County,2020-12-25,20.07
Nassau County,2020-12-25,14.78
Okaloosa County,2020-12-25,10.14
Okeechobee County,2020-12-25,17.18
Orange County,2020-12-25,15.21
Osceola County,2020-12-25,15.91
Palm Beach County,2020-12-25,18.89
Pasco County,2020-12-25,16.41
Pinellas County,2020-12-25,18.75
Polk County,2020-12-25,15.84
Putnam County,2020-12-25,15.2
St. Johns County,2020-12-25,16.01
St. Lucie County,2020-12-25,17.91
Santa Rosa County,2020-12-25,10.23
Sarasota County,2020-12-25,18.4
Seminole County,2020-12-25,15.34
Sumter County,2020-12-25,14.51
Suwannee County,2020-12-25,10.25
Taylor County,2020-12-25,10.65
Union County,2020-12-25,12.86
Volusia County,2020-12-25,15.04
Wakulla County,2020-12-25,10.28
Walton County,2020-12-25,10.09
Washington County,2020-12-25,9.88
Alachua County,2020-12-26,5.14
Baker County,2020-12-26,3.65
Bay County,2020-12-26,6.02
Bradford County,2020-12-26,4.85
Brevard County,2020-12-26,7.28
Broward County,2020-12-26,12.29
Calhoun County,2020-12-26,4.1
Charlotte County,2020-12-26,10.25
Citrus County,2020-12-26,6.54
Clay County,2020-12-26,5.93
Collier County,2020-12-26,12.94
Columbia County,2020-12-26,3.37
DeSoto County,2020-12-26,8.61
Dixie County,2020-12-26,5.14
Duval County,2020-12-26,5.75
Escambia County,2020-12-26,4.35
Flagler County,2020-12-26,7.19
Franklin County,2020-12-26,5.43
Gadsden County,2020-12-26,2.83
Gilchrist County,2020-12-26,4.73
Glades County,2020-12-26,9.63
Gulf County,2020-12-26,5.8
Hamilton County,2020-12-26,2.34
Hardee County,2020-12-26,7.63
Hendry County,2020-12-26,11.37
Hernando County,2020-12-26,7.12
Highlands County,2020-12-26,7.78
Hillsborough County,2020-12-26,8.78
Holmes County,2020-12-26,3.54
Indian River County,2020-12-26,7.75
Jackson County,2020-12-26,3.14
Jefferson County,2020-12-26,3.36
Lafayette County,2020-12-26,3.99
Lake County,2020-12-26,6.42
Lee County,2020-12-26,11.88
Leon County,2020-12-26,3.08
Levy County,2020-12-26,5.9
Liberty County,2020-12-26,4.05
Madison County,2020-12-26,3.01
Manatee County,2020-12-26,9.09
Marion County,2020-12-26,5.82
Martin County,2020-12-26,10.26
Miami-Dade County,2020-12-26,12.55
Monroe County,2020-12-26,14.0
Nassau County,2020-12-26,4.44
Okaloosa County,2020-12-26,4.23
Okeechobee County,2020-12-26,8.31
Orange County,2020-12-26,6.83
Osceola County,2020-12-26,7.1
Palm Beach County,2020-12-26,11.54
Pasco County,2020-12-26,7.77
Pinellas County,2020-12-26,10.22
Polk County,2020-12-26,7.17
Putnam County,2020-12-26,6.37
St. Johns County,2020-12-26,7.41
St. Lucie County,2020-12-26,8.96
Santa Rosa County,2020-12-26,4.09
Sarasota County,2020-12-26,9.75
Seminole County,2020-12-26,6.97
Sumter County,2020-12-26,6.26
Suwannee County,2020-12-26,3.32
Taylor County,2020-12-26,4.5
Union County,2020-12-26,4.15
Volusia County,2020-12-26,6.97
Wakulla County,2020-12-26,4.01
Walton County,2020-12-26,4.55
Washington County,2020-12-26,4.2
Alachua County,2020-12-27,4.3
Baker County,2020-12-27,3.13
Bay County,2020-12-27,5.06
Bradford County,2020-12-27,4.0
Brevard County,2020-12-27,7.74
Broward County,2020-12-27,12.61
Calhoun County,2020-12-27,4.18
Charlotte County,2020-12-27,9.12
Citrus County,2020-12-27,5.54
Clay County,2020-12-27,4.79
Collier County,2020-12-27,12.18
Columbia County,2020-12-27,2.93
DeSoto County,2020-12-27,8.07
Dixie County,2020-12-27,4.02
Duval County,2020-12-27,4.68
Escambia County,2020-12-27,4.73
Flagler County,2020-12-27,5.74
Franklin County,2020-12-27,4.57
Gadsden County,2020-12-27,3.78
Gilchrist County,2020-12-27,3.87
Glades County,2020-12-27,9.65
Gulf County,2020-12-27,4.84
Hamilton County,2020-12-27,2.51
Hardee County,2020-12-27,7.24
Hendry County,2020-12-27,11.19
Hernando County,2020-12-27,5.77
Highlands County,2020-12-27,8.06
Hillsborough County,2020-12-27,6.73
Holmes County,2020-12-27,3.51
Indian River County,2020-12-27,8.26
Jackson County,2020-12-27,3.64
Jefferson County,2020-12-27,3.78
Lafayette County,2020-12-27,3.43
Lake County,2020-12-27,5.78
Lee County,2020-12-27,10.67
Leon County,2020-12-27,3.7
Levy County,2020-12-27,4.8
Liberty County,2020-12-27,4.15
Madison County,2020-12-27,3.3
Manatee County,2020-12-27,7.03
Marion County,2020-12-27,5.06
Martin County,2020-12-27,10.47
Miami-Dade County,2020-12-27,13.72
Monroe County,2020-12-27,14.4
Nassau County,2020-12-27,3.9
Okaloosa County,2020-12-27,4.14
Okeechobee County,2020-12-27,8.67
Orange County,2020-12-27,6.66
Osceola County,2020-12-27,7.37
Palm Beach County,2020-12-27,11.63
Pasco County,2020-12-27,5.99
Pinellas County,2020-12-27,6.55
Polk County,2020-12-27,6.94
Putnam County,2020-12-27,5.13
St. Johns County,2020-12-27,5.81
St. Lucie County,2020-12-27,9.3
Santa Rosa County,2020-12-27,4.19
Sarasota County,2020-12-27,7.5
Seminole County,2020-12-27,6.62
Sumter County,2020-12-27,5.66
Suwannee County,2020-12-27,3.02
Taylor County,2020-12-27,4.08
Union County,2020-12-27,3.4
Volusia County,2020-12-27,6.24
Wakulla County,2020-12-27,4.02
Walton County,2020-12-27,4.22
Washington County,2020-12-27,3.88
Alachua County,2020-12-28,9.17
Baker County,2020-12-28,6.97
Bay County,2020-12-28,8.32
Bradford County,2020-12-28,8.35
Brevard County,2020-12-28,13.16
Broward County,2020-12-28,17.12
Calhoun County,2020-12-28,7.72
Charlotte County,2020-12-28,14.2
Citrus County,2020-12-28,11.39
Clay County,2020-12-28,8.9
Collier County,2020-12-28,16.44
Columbia County,2020-12-28,7.07
DeSoto County,2020-12-28,13.52
Dixie County,2020-12-28,8.9
Duval County,2020-12-28,7.98
Escambia County,2020-12-28,8.01
Flagler County,2020-12-28,10.56
Franklin County,2020-12-28,8.49
Gadsden County,2020-12-28,7.31
Gilchrist County,2020-12-28,8.73
Glades County,2020-12-28,14.98
Gulf County,2020-12-28,8.73
Hamilton County,2020-12-28,6.37
Hardee County,2020-12-28,13.01
Hendry County,2020-12-28,15.95
Hernando County,2020-12-28,11.8
Highlands County,2020-12-28,13.82
Hillsborough County,2020-12-28,12.55
Holmes County,2020-12-28,6.42
Indian River County,2020-12-28,13.84
Jackson County,2020-12-28,6.83
Jefferson County,2020-12-28,7.69
Lafayette County,2020-12-28,7.76
Lake County,2020-12-28,11.64
Lee County,2020-12-28,15.37
Leon County,2020-12-28,7.46
Levy County,2020-12-28,10.22
Liberty County,2020-12-28,7.91
Madison County,2020-12-28,7.24
Manatee County,2020-12-28,12.51
Marion County,2020-12-28,10.54
Martin County,2020-12-28,15.62
Miami-Dade County,2020-12-28,17.96
Monroe County,2020-12-28,17.9
Nassau County,2020-12-28,6.88
Okaloosa County,2020-12-28,7.22
Okeechobee County,2020-12-28,14.33
Orange County,2020-12-28,12.43
Osceola County,2020-12-28,13.16
Palm Beach County,2020-12-28,16.35
Pasco County,2020-12-28,12.05
Pinellas County,2020-12-28,12.28
Polk County,2020-12-28,12.96
Putnam County,2020-12-28,9.9
St. Johns County,2020-12-28,9.82
St. Lucie County,2020-12-28,14.76
Santa Rosa County,2020-12-28,7.49
Sarasota County,2020-12-28,12.73
Seminole County,2020-12-28,12.2
Sumter County,2020-12-28,11.63
Suwannee County,2020-12-28,7.14
Taylor County,2020-12-28,8.25
Union County,2020-12-28,7.73
Volusia County,2020-12-28,11.49
Wakulla County,2020-12-28,7.84
Walton County,2020-12-28,7.14
Washington County,2020-12-28,7.01
Alachua County,2020-12-29,13.58
Baker County,2020-12-29,12.08
Bay County,2020-12-29,12.32
Bradford County,2020-12-29,13.16
Brevard County,2020-12-29,17.24
Broward County,2020-12-29,19.92
Calhoun County,2020-12-29,11.61
Charlotte County,2020-12-29,17.61
Citrus County,2020-12-29,15.07
Clay County,2020-12-29,13.81
Collier County,2020-12-29,19.07
Columbia County,2020-12-29,12.11
DeSoto County,2020-12-29,17.07
Dixie County,2020-12-29,13.13
Duval County,2020-12-29,13.12
Escambia County,2020-12-29,12.69
Flagler County,2020-12-29,15.38
Franklin County,2020-12-29,12.88
Gadsden County,2020-12-29,11.66
Gilchrist County,2020-12-29,13.09
Glades County,2020-12-29,17.85
Gulf County,2020-12-29,12.8
Hamilton County,2020-12-29,11.47
Hardee County,2020-12-29,16.76
Hendry County,2020-12-29,18.76
Hernando County,2020-12-29,15.82
Highlands County,2020-12-29,16.88
Hillsborough County,2020-12-29,17.07
Holmes County,2020-12-29,10.24
Indian River County,2020-12-29,17.21
Jackson County,2020-12-29,10.78
Jefferson County,2020-12-29,12.48
Lafayette County,2020-12-29,12.63
Lake County,2020-12-29,16.15
Lee County,2020-12-29,18.33
Leon County,2020-12-29,12.12
Levy County,2020-12-29,13.92
Liberty County,2020-12-29,12.12
Madison County,2020-12-29,12.22
Manatee County,2020-12-29,17.22
Marion County,2020-12-29,14.72
Martin County,2020-12-29,18.73
Miami-Dade County,2020-12-29,20.43
Monroe County,2020-12-29,20.36
Nassau County,2020-12-29,12.14
Okaloosa County,2020-12-29,11.2
Okeechobee County,2020-12-29,17.44
Orange County,2020-12-29,16.95
Osceola County,2020-12-29,17.06
Palm Beach County,2020-12-29,19.48
Pasco County,2020-12-29,16.41
Pinellas County,2020-12-29,17.27
Polk County,2020-12-29,16.84
Putnam County,2020-12-29,14.6
St. Johns County,2020-12-29,14.71
St. Lucie County,2020-12-29,17.86
Santa Rosa County,2020-12-29,11.83
Sarasota County,2020-12-29,17.29
Seminole County,2020-12-29,16.94
Sumter County,2020-12-29,15.75
Suwannee County,2020-12-29,12.2
Taylor County,2020-12-29,13.03
Union County,2020-12-29,12.64
Volusia County,2020-12-29,16.28
Wakulla County,2020-12-29,12.43
Walton County,2020-12-29,10.95
Washington County,2020-12-29,10.87
Alachua County,2020-12-30,14.02
Baker County,2020-12-30,12.04
Bay County,2020-12-30,14.63
Bradford County,2020-12-30,13.26
Brevard County,2020-12-30,18.37
Broward County,2020-12-30,21.22
Calhoun County,2020-12-30,14.02
Charlotte County,2020-12-30,18.3
Citrus County,2020-12-30,16.03
Clay County,2020-12-30,13.89
Collier County,2020-12-30,19.69
Columbia County,2020-12-30,12.34
DeSoto County,2020-12-30,17.84
Dixie County,2020-12-30,14.14
Duval County,2020-12-30,12.93
Escambia County,2020-12-30,14.38
Flagler County,2020-12-30,16.12
Franklin County,2020-12-30,15.2
Gadsden County,2020-12-30,13.67
Gilchrist County,2020-12-30,13.8
Glades County,2020-12-30,18.76
Gulf County,2020-12-30,15.4
Hamilton County,2020-12-30,12.03
Hardee County,2020-12-30,17.67
Hendry County,2020-12-30,19.51
Hernando County,2020-12-30,16.76
Highlands County,2020-12-30,17.91
Hillsborough County,2020-12-30,17.83
Holmes County,2020-12-30,12.46
Indian River County,2020-12-30,18.91
Jackson County,2020-12-30,12.87
Jefferson County,2020-12-30,13.78
Lafayette County,2020-12-30,13.53
Lake County,2020-12-30,17.24
Lee County,2020-12-30,19.03
Leon County,2020-12-30,13.82
Levy County,2020-12-30,14.82
Liberty County,2020-12-30,14.54
Madison County,2020-12-30,13.23
Manatee County,2020-12-30,17.79
Marion County,2020-12-30,15.56
Martin County,2020-12-30,20.89
Miami-Dade County,2020-12-30,21.39
Monroe County,2020-12-30,21.14
Nassau County,2020-12-30,11.9
Okaloosa County,2020-12-30,13.15
Okeechobee County,2020-12-30,18.85
Orange County,2020-12-30,18.03
Osceola County,2020-12-30,18.21
Palm Beach County,2020-12-30,21.17
Pasco County,2020-12-30,17.29
Pinellas County,2020-12-30,17.92
Polk County,2020-12-30,17.94
Putnam County,2020-12-30,15.13
St. Johns County,2020-12-30,14.9
St. Lucie County,2020-12-30,19.98
Santa Rosa County,2020-12-30,13.61
Sarasota County,2020-12-30,17.8
Seminole County,2020-12-30,18.07
Sumter County,2020-12-30,16.75
Suwannee County,2020-12-30,12.84
Taylor County,2020-12-30,14.18
Union County,2020-12-30,12.75
Volusia County,2020-12-30,17.32
Wakulla County,2020-12-30,14.29
Walton County,2020-12-30,13.07
Washington County,2020-12-30,13.0
Alachua County,2020-12-31,17.89
Baker County,2020-12-31,16.65
Bay County,2020-12-31,17.49
Bradford County,2020-12-31,17.43
Brevard County,2020-12-31,21.42
Broward County,2020-12-31,22.18
Calhoun County,2020-12-31,16.7
Charlotte County,2020-12-31,20.11
Citrus County,2020-12-31,19.0
Clay County,2020-12-31,17.97
Collier County,2020-12-31,20.78
Columbia County,2020-12-31,16.91
DeSoto County,2020-12-31,19.67
Dixie County,2020-12-31,18.0
Duval County,2020-12-31,17.59
Escambia County,2020-12-31,17.86
Flagler County,2020-12-31,18.7
Franklin County,2020-12-31,17.35
Gadsden County,2020-12-31,16.31
Gilchrist County,2020-12-31,17.91
Glades County,2020-12-31,19.85
Gulf County,2020-12-31,17.68
Hamilton County,2020-12-31,16.59
Hardee County,2020-12-31,19.6
Hendry County,2020-12-31,19.88
Hernando County,2020-12-31,19.42
Highlands County,2020-12-31,19.75
Hillsborough County,2020-12-31,20.09
Holmes County,2020-12-31,16.1
Indian River County,2020-12-31,21.97
Jackson County,2020-12-31,16.2
Jefferson County,2020-12-31,17.12
Lafayette County,2020-12-31,17.62
Lake County,2020-12-31,19.3
Lee County,2020-12-31,20.76
Leon County,2020-12-31,16.63
Levy County,2020-12-31,18.49
Liberty County,2020-12-31,16.78
Madison County,2020-12-31,17.21
Manatee County,2020-12-31,19.78
Marion County,2020-12-31,18.43
Martin County,2020-12-31,22.48
Miami-Dade County,2020-12-31,23.06
Monroe County,2020-12-31,22.74
Nassau County,2020-12-31,16.83
Okaloosa County,2020-12-31,15.84
Okeechobee County,2020-12-31,20.92
Orange County,2020-12-31,20.25
Osceola County,2020-12-31,20.9
Palm Beach County,2020-12-31,21.91
Pasco County,2020-12-31,19.76
Pinellas County,2020-12-31,20.41
Polk County,2020-12-31,20.12
Putnam County,2020-12-31,18.36
St. Johns County,2020-12-31,18.74
St. Lucie County,2020-12-31,22.32
Santa Rosa County,2020-12-31,16.56
Sarasota County,2020-12-31,19.76
Seminole County,2020-12-31,20.0
Sumter County,2020-12-31,19.17
Suwannee County,2020-12-31,17.24
Taylor County,2020-12-31,17.78
Union County,2020-12-31,17.12
Volusia County,2020-12-31,19.26
Wakulla County,2020-12-31,16.8
Walton County,2020-12-31,16.04
Washington County,2020-12-31,16.61
