region_name,date,value
Alachua County,2020-01-01,18.21
Baker County,2020-01-01,18.31
Bay County,2020-01-01,19.82
Bradford County,2020-01-01,18.57
Brevard County,2020-01-01,20.05
Broward County,2020-01-01,26.83
Calhoun County,2020-01-01,19.71
Charlotte County,2020-01-01,24.42
Citrus County,2020-01-01,18.61
Clay County,2020-01-01,19.65
Collier County,2020-01-01,27.06
Columbia County,2020-01-01,17.61
DeSoto County,2020-01-01,23.64
Dixie County,2020-01-01,17.28
Duval County,2020-01-01,20.27
Escambia County,2020-01-01,16.96
Flagler County,2020-01-01,19.86
Franklin County,2020-01-01,18.0
Gadsden County,2020-01-01,17.57
Gilchrist County,2020-01-01,17.67
Glades County,2020-01-01,24.86
Gulf County,2020-01-01,18.99
Hamilton County,2020-01-01,17.33
Hardee County,2020-01-01,22.21
Hendry County,2020-01-01,26.35
Hernando County,2020-01-01,19.1
Highlands County,2020-01-01,22.93
Hillsborough County,2020-01-01,20.07
Holmes County,2020-01-01,21.21
Indian River County,2020-01-01,21.57
Jackson County,2020-01-01,19.99
Jefferson County,2020-01-01,17.01
Lafayette County,2020-01-01,17.8
Lake County,2020-01-01,19.49
Lee County,2020-01-01,25.66
Leon County,2020-01-01,17.26
Levy County,2020-01-01,17.46
Liberty County,2020-01-01,18.65
Madison County,2020-01-01,17.29
Manatee County,2020-01-01,21.35
Marion County,2020-01-01,18.8
Martin County,2020-01-01,24.33
Miami-Dade County,2020-01-01,27.48
Monroe County,2020-01-01,27.82
Nassau County,2020-01-01,19.83
Okaloosa County,2020-01-01,17.77
Okeechobee County,2020-01-01,22.69
Orange County,2020-01-01,19.76
Osceola County,2020-01-01,20.48
Palm Beach County,2020-01-01,25.95
Pasco County,2020-01-01,19.39
Pinellas County,2020-01-01,19.73
Polk County,2020-01-01,20.42
Putnam County,2020-01-01,19.63
St. Johns County,2020-01-01,20.64
St. Lucie County,2020-01-01,22.96
Santa Rosa County,2020-01-01,16.84
Sarasota County,2020-01-01,22.39
Seminole County,2020-01-01,19.58
Sumter County,2020-01-01,19.4
Suwannee County,2020-01-01,17.72
Taylor County,2020-01-01,17.55
Union County,2020-01-01,18.06
Volusia County,2020-01-01,19.52
Wakulla County,2020-01-01,17.52
Walton County,2020-01-01,19.32
Washington County,2020-01-01,21.66
Alachua County,2020-01-02,18.43
Baker County,2020-01-02,17.26
Bay County,2020-01-02,19.51
Bradford County,2020-01-02,17.93
Brevard County,2020-01-02,20.96
Broward County,2020-01-02,26.29
Calhoun County,2020-01-02,19.29
Charlotte County,2020-01-02,23.89
Citrus County,2020-01-02,19.94
Clay County,2020-01-02,18.31
Collier County,2020-01-02,25.97
Columbia County,2020-01-02,17.49
DeSoto County,2020-01-02,23.36
Dixie County,2020-01-02,18.35
Duval County,2020-01-02,17.49
Escambia County,2020-01-02,17.63
Flagler County,2020-01-02,19.75
Franklin County,2020-01-02,19.01
Gadsden County,2020-01-02,17.85
Gilchrist County,2020-01-02,18.45
Glades County,2020-01-02,23.67
Gulf County,2020-01-02,19.83
Hamilton County,2020-01-02,17.83
Hardee County,2020-01-02,23.12
Hendry County,2020-01-02,24.89
Hernando County,2020-01-02,20.73
Highlands County,2020-01-02,23.08
Hillsborough County,2020-01-02,22.0
Holmes County,2020-01-02,19.02
Indian River County,2020-01-02,22.03
Jackson County,2020-01-02,18.6
Jefferson County,2020-01-02,18.4
Lafayette County,2020-01-02,18.51
Lake County,2020-01-02,20.73
Lee County,2020-01-02,24.82
Leon County,2020-01-02,18.16
Levy County,2020-01-02,18.69
Liberty County,2020-01-02,18.92
Madison County,2020-01-02,18.57
Manatee County,2020-01-02,22.51
Marion County,2020-01-02,19.44
Martin County,2020-01-02,23.74
Miami-Dade County,2020-01-02,27.32
Monroe County,2020-01-02,27.16
Nassau County,2020-01-02,17.01
Okaloosa County,2020-01-02,16.84
Okeechobee County,2020-01-02,22.72
Orange County,2020-01-02,21.38
Osceola County,2020-01-02,22.17
Palm Beach County,2020-01-02,25.07
Pasco County,2020-01-02,21.26
Pinellas County,2020-01-02,21.24
Polk County,2020-01-02,22.5
Putnam County,2020-01-02,19.19
St. Johns County,2020-01-02,18.93
St. Lucie County,2020-01-02,22.75
Santa Rosa County,2020-01-02,16.71
Sarasota County,2020-01-02,22.98
Seminole County,2020-01-02,20.81
Sumter County,2020-01-02,20.71
Suwannee County,2020-01-02,18.2
Taylor County,2020-01-02,18.5
Union County,2020-01-02,17.69
Volusia County,2020-01-02,20.19
Wakulla County,2020-01-02,18.25
Walton County,2020-01-02,17.94
Washington County,2020-01-02,19.96
Alachua County,2020-01-03,24.97
Baker County,2020-01-03,23.96
Bay County,2020-01-03,24.53
Bradford County,2020-01-03,24.65
Brevard County,2020-01-03,25.81
Broward County,2020-01-03,28.42
Calhoun County,2020-01-03,25.25
Charlotte County,2020-01-03,28.44
Citrus County,2020-01-03,25.85
Clay County,2020-01-03,24.72
Collier County,2020-01-03,29.01
Columbia County,2020-01-03,24.14
DeSoto County,2020-01-03,28.48
Dixie County,2020-01-03,24.22
Duval County,2020-01-03,23.3
Escambia County,2020-01-03,23.2
Flagler County,2020-01-03,24.68
Franklin County,2020-01-03,24.9
Gadsden County,2020-01-03,24.71
Gilchrist County,2020-01-03,24.78
Glades County,2020-01-03,28.51
Gulf County,2020-01-03,25.6
Hamilton County,2020-01-03,24.2
Hardee County,2020-01-03,28.52
Hendry County,2020-01-03,28.86
Hernando County,2020-01-03,26.71
Highlands County,2020-01-03,28.5
Hillsborough County,2020-01-03,27.51
Holmes County,2020-01-03,23.84
Indian River County,2020-01-03,27.46
Jackson County,2020-01-03,24.31
Jefferson County,2020-01-03,24.33
Lafayette County,2020-01-03,24.85
Lake County,2020-01-03,26.57
Lee County,2020-01-03,28.76
Leon County,2020-01-03,24.49
Levy County,2020-01-03,24.56
Liberty County,2020-01-03,25.51
Madison County,2020-01-03,24.63
Manatee County,2020-01-03,27.91
Marion County,2020-01-03,25.68
Martin County,2020-01-03,28.16
Miami-Dade County,2020-01-03,28.49
Monroe County,2020-01-03,28.54
Nassau County,2020-01-03,22.83
Okaloosa County,2020-01-03,22.57
Okeechobee County,2020-01-03,28.32
Orange County,2020-01-03,26.79
Osceola County,2020-01-03,27.73
Palm Beach County,2020-01-03,28.41
Pasco County,2020-01-03,27.2
Pinellas County,2020-01-03,26.38
Polk County,2020-01-03,28.11
Putnam County,2020-01-03,25.3
St. Johns County,2020-01-03,24.16
St. Lucie County,2020-01-03,27.74
Santa Rosa County,2020-01-03,22.53
Sarasota County,2020-01-03,28.02
Seminole County,2020-01-03,25.93
Sumter County,2020-01-03,26.94
Suwannee County,2020-01-03,24.68
Taylor County,2020-01-03,24.38
Union County,2020-01-03,24.42
Volusia County,2020-01-03,24.86
Wakulla County,2020-01-03,24.36
Walton County,2020-01-03,23.15
Washington County,2020-01-03,24.67
Alachua County,2020-01-04,27.28
Baker County,2020-01-04,26.76
Bay County,2020-01-04,27.39
Bradford County,2020-01-04,27.38
Brevard County,2020-01-04,29.24
Broward County,2020-01-04,29.48
Calhoun County,2020-01-04,26.88
Charlotte County,2020-01-04,29.72
Citrus County,2020-01-04,28.3
Clay County,2020-01-04,27.97
Collier County,2020-01-04,29.79
Columbia County,2020-01-04,26.04
DeSoto County,2020-01-04,29.96
Dixie County,2020-01-04,25.51
Duval County,2020-01-04,27.41
Escambia County,2020-01-04,23.19
Flagler County,2020-01-04,28.7
Franklin County,2020-01-04,26.36
Gadsden County,2020-01-04,25.05
Gilchrist County,2020-01-04,26.24
Glades County,2020-01-04,29.96
Gulf County,2020-01-04,27.43
Hamilton County,2020-01-04,25.3
Hardee County,2020-01-04,30.14
Hendry County,2020-01-04,30.03
Hernando County,2020-01-04,28.97
Highlands County,2020-01-04,30.05
Hillsborough County,2020-01-04,29.42
Holmes County,2020-01-04,27.16
Indian River County,2020-01-04,29.76
Jackson County,2020-01-04,26.36
Jefferson County,2020-01-04,24.23
Lafayette County,2020-01-04,25.67
Lake County,2020-01-04,29.15
Lee County,2020-01-04,29.8
Leon County,2020-01-04,24.59
Levy County,2020-01-04,26.5
Liberty County,2020-01-04,26.47
Madison County,2020-01-04,24.68
Manatee County,2020-01-04,29.11
Marion County,2020-01-04,28.28
Martin County,2020-01-04,30.02
Miami-Dade County,2020-01-04,29.29
Monroe County,2020-01-04,29.25
Nassau County,2020-01-04,27.11
Okaloosa County,2020-01-04,25.68
Okeechobee County,2020-01-04,29.99
Orange County,2020-01-04,29.37
Osceola County,2020-01-04,29.78
Palm Beach County,2020-01-04,29.71
Pasco County,2020-01-04,29.18
Pinellas County,2020-01-04,27.89
Polk County,2020-01-04,30.02
Putnam County,2020-01-04,28.41
St. Johns County,2020-01-04,28.27
St. Lucie County,2020-01-04,29.9
Santa Rosa County,2020-01-04,24.29
Sarasota County,2020-01-04,28.97
Seminole County,2020-01-04,29.01
Sumter County,2020-01-04,29.35
Suwannee County,2020-01-04,25.68
Taylor County,2020-01-04,25.06
Union County,2020-01-04,26.76
Volusia County,2020-01-04,28.79
Wakulla County,2020-01-04,25.24
Walton County,2020-01-04,26.72
Washington County,2020-01-04,27.64
Alachua County,2020-01-05,23.16
Baker County,2020-01-05,22.95
Bay County,2020-01-05,19.72
Bradford County,2020-01-05,23.17
Brevard County,2020-01-05,28.48
Broward County,2020-01-05,30.52
Calhoun County,2020-01-05,20.12
Charlotte County,2020-01-05,28.35
Citrus County,2020-01-05,23.85
Clay County,2020-01-05,23.78
Collier County,2020-01-05,29.31
Columbia County,2020-01-05,22.58
DeSoto County,2020-01-05,28.47
Dixie County,2020-01-05,22.03
Duval County,2020-01-05,23.68
Escambia County,2020-01-05,17.65
Flagler County,2020-01-05,25.04
Franklin County,2020-01-05,20.89
Gadsden County,2020-01-05,19.54
Gilchrist County,2020-01-05,22.79
Glades County,2020-01-05,29.33
Gulf County,2020-01-05,20.98
Hamilton County,2020-01-05,22.16
Hardee County,2020-01-05,28.12
Hendry County,2020-01-05,29.73
Hernando County,2020-01-05,24.47
Highlands County,2020-01-05,28.94
Hillsborough County,2020-01-05,25.68
Holmes County,2020-01-05,18.34
Indian River County,2020-01-05,29.54
Jackson County,2020-01-05,18.9
Jefferson County,2020-01-05,19.93
Lafayette County,2020-01-05,22.21
Lake County,2020-01-05,25.53
Lee County,2020-01-05,28.64
Leon County,2020-01-05,19.76
Levy County,2020-01-05,22.73
Liberty County,2020-01-05,20.74
Madison County,2020-01-05,20.98
Manatee County,2020-01-05,26.51
Marion County,2020-01-05,24.01
Martin County,2020-01-05,30.55
Miami-Dade County,2020-01-05,30.29
Monroe County,2020-01-05,29.39
Nassau County,2020-01-05,23.38
Okaloosa County,2020-01-05,17.56
Okeechobee County,2020-01-05,29.52
Orange County,2020-01-05,27.08
Osceola County,2020-01-05,28.41
Palm Beach County,2020-01-05,30.65
Pasco County,2020-01-05,24.89
Pinellas County,2020-01-05,24.21
Polk County,2020-01-05,27.39
Putnam County,2020-01-05,24.2
St. Johns County,2020-01-05,24.55
St. Lucie County,2020-01-05,30.04
Santa Rosa County,2020-01-05,17.31
Sarasota County,2020-01-05,26.94
Seminole County,2020-01-05,26.63
Sumter County,2020-01-05,25.02
Suwannee County,2020-01-05,22.41
Taylor County,2020-01-05,21.23
Union County,2020-01-05,22.85
Volusia County,2020-01-05,25.9
Wakulla County,2020-01-05,20.32
Walton County,2020-01-05,18.04
Washington County,2020-01-05,19.26
Alachua County,2020-01-06,17.54
Baker County,2020-01-06,15.82
Bay County,2020-01-06,18.35
Bradford County,2020-01-06,16.66
Brevard County,2020-01-06,16.03
Broward County,2020-01-06,21.57
Calhoun County,2020-01-06,17.17
Charlotte County,2020-01-06,20.63
Citrus County,2020-01-06,18.89
Clay County,2020-01-06,16.74
Collier County,2020-01-06,22.3
Columbia County,2020-01-06,15.89
DeSoto County,2020-01-06,19.9
Dixie County,2020-01-06,17.76
Duval County,2020-01-06,15.86
Escambia County,2020-01-06,16.32
Flagler County,2020-01-06,16.31
Franklin County,2020-01-06,18.27
Gadsden County,2020-01-06,15.72
Gilchrist County,2020-01-06,17.82
Glades County,2020-01-06,20.69
Gulf County,2020-01-06,18.91
Hamilton County,2020-01-06,15.52
Hardee County,2020-01-06,19.39
Hendry County,2020-01-06,21.51
Hernando County,2020-01-06,18.95
Highlands County,2020-01-06,19.74
Hillsborough County,2020-01-06,18.76
Holmes County,2020-01-06,15.87
Indian River County,2020-01-06,17.5
Jackson County,2020-01-06,15.72
Jefferson County,2020-01-06,15.79
Lafayette County,2020-01-06,16.85
Lake County,2020-01-06,18.33
Lee County,2020-01-06,21.55
Leon County,2020-01-06,15.82
Levy County,2020-01-06,18.57
Liberty County,2020-01-06,17.36
Madison County,2020-01-06,15.87
Manatee County,2020-01-06,19.14
Marion County,2020-01-06,18.1
Martin County,2020-01-06,19.1
Miami-Dade County,2020-01-06,23.23
Monroe County,2020-01-06,24.02
Nassau County,2020-01-06,15.58
Okaloosa County,2020-01-06,15.76
Okeechobee County,2020-01-06,19.07
Orange County,2020-01-06,18.32
Osceola County,2020-01-06,18.74
Palm Beach County,2020-01-06,20.47
Pasco County,2020-01-06,18.88
Pinellas County,2020-01-06,18.42
Polk County,2020-01-06,19.12
Putnam County,2020-01-06,17.22
St. Johns County,2020-01-06,16.39
St. Lucie County,2020-01-06,18.13
Santa Rosa County,2020-01-06,15.68
Sarasota County,2020-01-06,19.79
Seminole County,2020-01-06,17.35
Sumter County,2020-01-06,18.94
Suwannee County,2020-01-06,16.2
Taylor County,2020-01-06,16.66
Union County,2020-01-06,16.38
Volusia County,2020-01-06,16.15
Wakulla County,2020-01-06,16.67
Walton County,2020-01-06,16.29
Washington County,2020-01-06,17.02
Alachua County,2020-01-07,19.84
Baker County,2020-01-07,19.94
Bay County,2020-01-07,20.54
Bradford County,2020-01-07,19.88
Brevard County,2020-01-07,18.88
Broward County,2020-01-07,23.11
Calhoun County,2020-01-07,21.33
Charlotte County,2020-01-07,21.73
Citrus County,2020-01-07,19.1
Clay County,2020-01-07,20.17
Collier County,2020-01-07,23.78
Columbia County,2020-01-07,19.65
DeSoto County,2020-01-07,21.1
Dixie County,2020-01-07,19.09
Duval County,2020-01-07,19.62
Escambia County,2020-01-07,20.22
Flagler County,2020-01-07,19.54
Franklin County,2020-01-07,20.9
Gadsden County,2020-01-07,20.59
Gilchrist County,2020-01-07,19.74
Glades County,2020-01-07,21.59
Gulf County,2020-01-07,21.57
Hamilton County,2020-01-07,19.74
Hardee County,2020-01-07,20.68
Hendry County,2020-01-07,22.73
Hernando County,2020-01-07,19.12
Highlands County,2020-01-07,20.88
Hillsborough County,2020-01-07,19.48
Holmes County,2020-01-07,20.04
Indian River County,2020-01-07,20.05
Jackson County,2020-01-07,20.48
Jefferson County,2020-01-07,19.54
Lafayette County,2020-01-07,19.59
Lake County,2020-01-07,19.66
Lee County,2020-01-07,22.74
Leon County,2020-01-07,20.23
Levy County,2020-01-07,19.18
Liberty County,2020-01-07,21.62
Madison County,2020-01-07,19.55
Manatee County,2020-01-07,20.15
Marion County,2020-01-07,19.69
Martin County,2020-01-07,21.24
Miami-Dade County,2020-01-07,24.39
Monroe County,2020-01-07,24.44
Nassau County,2020-01-07,19.86
Okaloosa County,2020-01-07,19.33
Okeechobee County,2020-01-07,20.65
Orange County,2020-01-07,19.66
Osceola County,2020-01-07,20.06
Palm Beach County,2020-01-07,21.95
Pasco County,2020-01-07,19.19
Pinellas County,2020-01-07,18.53
Polk County,2020-01-07,20.12
Putnam County,2020-01-07,20.16
St. Johns County,2020-01-07,19.74
St. Lucie County,2020-01-07,20.65
Santa Rosa County,2020-01-07,19.51
Sarasota County,2020-01-07,20.77
Seminole County,2020-01-07,19.34
Sumter County,2020-01-07,19.68
Suwannee County,2020-01-07,19.67
Taylor County,2020-01-07,19.42
Union County,2020-01-07,19.71
Volusia County,2020-01-07,19.02
Wakulla County,2020-01-07,20.38
Walton County,2020-01-07,19.48
Washington County,2020-01-07,20.68
Alachua County,2020-01-08,21.86
Baker County,2020-01-08,20.46
Bay County,2020-01-08,19.17
Bradford County,2020-01-08,21.26
Brevard County,2020-01-08,21.57
Broward County,2020-01-08,25.23
Calhoun County,2020-01-08,19.09
Charlotte County,2020-01-08,23.28
Citrus County,2020-01-08,22.43
Clay County,2020-01-08,21.59
Collier County,2020-01-08,24.6
Columbia County,2020-01-08,20.45
DeSoto County,2020-01-08,22.89
Dixie County,2020-01-08,22.0
Duval County,2020-01-08,21.07
Escambia County,2020-01-08,18.56
Flagler County,2020-01-08,21.84
Franklin County,2020-01-08,20.47
Gadsden County,2020-01-08,18.97
Gilchrist County,2020-01-08,22.09
Glades County,2020-01-08,22.95
Gulf County,2020-01-08,20.41
Hamilton County,2020-01-08,19.96
Hardee County,2020-01-08,22.84
Hendry County,2020-01-08,23.65
Hernando County,2020-01-08,22.34
Highlands County,2020-01-08,22.7
Hillsborough County,2020-01-08,22.37
Holmes County,2020-01-08,17.66
Indian River County,2020-01-08,22.23
Jackson County,2020-01-08,18.09
Jefferson County,2020-01-08,19.89
Lafayette County,2020-01-08,21.59
Lake County,2020-01-08,22.16
Lee County,2020-01-08,23.91
Leon County,2020-01-08,19.62
Levy County,2020-01-08,22.35
Liberty County,2020-01-08,19.74
Madison County,2020-01-08,20.19
Manatee County,2020-01-08,22.3
Marion County,2020-01-08,22.13
Martin County,2020-01-08,23.57
Miami-Dade County,2020-01-08,26.27
Monroe County,2020-01-08,25.31
Nassau County,2020-01-08,20.7
Okaloosa County,2020-01-08,17.86
Okeechobee County,2020-01-08,22.38
Orange County,2020-01-08,22.23
Osceola County,2020-01-08,22.37
Palm Beach County,2020-01-08,24.16
Pasco County,2020-01-08,22.25
Pinellas County,2020-01-08,21.41
Polk County,2020-01-08,22.71
Putnam County,2020-01-08,22.0
St. Johns County,2020-01-08,21.87
St. Lucie County,2020-01-08,22.82
Santa Rosa County,2020-01-08,18.14
Sarasota County,2020-01-08,22.59
Seminole County,2020-01-08,21.86
Sumter County,2020-01-08,22.43
Suwannee County,2020-01-08,20.92
Taylor County,2020-01-08,21.19
Union County,2020-01-08,20.94
Volusia County,2020-01-08,21.56
Wakulla County,2020-01-08,20.15
Walton County,2020-01-08,17.79
Washington County,2020-01-08,18.49
Alachua County,2020-01-09,19.64
Baker County,2020-01-09,18.58
Bay County,2020-01-09,19.33
Bradford County,2020-01-09,19.17
Brevard County,2020-01-09,21.14
Broward County,2020-01-09,25.44
Calhoun County,2020-01-09,19.57
Charlotte County,2020-01-09,22.24
Citrus County,2020-01-09,19.69
Clay County,2020-01-09,19.45
Collier County,2020-01-09,24.74
Columbia County,2020-01-09,18.46
DeSoto County,2020-01-09,21.69
Dixie County,2020-01-09,19.28
Duval County,2020-01-09,18.87
Escambia County,2020-01-09,18.42
Flagler County,2020-01-09,20.16
Franklin County,2020-01-09,20.52
Gadsden County,2020-01-09,18.84
Gilchrist County,2020-01-09,19.65
Glades County,2020-01-09,22.93
Gulf County,2020-01-09,20.75
Hamilton County,2020-01-09,18.07
Hardee County,2020-01-09,21.38
Hendry County,2020-01-09,24.23
Hernando County,2020-01-09,19.68
Highlands County,2020-01-09,22.14
Hillsborough County,2020-01-09,20.08
Holmes County,2020-01-09,18.13
Indian River County,2020-01-09,22.03
Jackson County,2020-01-09,18.27
Jefferson County,2020-01-09,18.57
Lafayette County,2020-01-09,18.89
Lake County,2020-01-09,20.72
Lee County,2020-01-09,23.29
Leon County,2020-01-09,18.94
Levy County,2020-01-09,19.75
Liberty County,2020-01-09,20.29
Madison County,2020-01-09,18.4
Manatee County,2020-01-09,20.58
Marion County,2020-01-09,19.96
Martin County,2020-01-09,23.89
Miami-Dade County,2020-01-09,25.85
Monroe County,2020-01-09,25.44
Nassau County,2020-01-09,18.63
Okaloosa County,2020-01-09,17.77
Okeechobee County,2020-01-09,22.57
Orange County,2020-01-09,21.82
Osceola County,2020-01-09,22.27
Palm Beach County,2020-01-09,24.87
Pasco County,2020-01-09,19.79
Pinellas County,2020-01-09,19.54
Polk County,2020-01-09,21.35
Putnam County,2020-01-09,19.98
St. Johns County,2020-01-09,19.66
St. Lucie County,2020-01-09,22.82
Santa Rosa County,2020-01-09,17.81
Sarasota County,2020-01-09,21.14
Seminole County,2020-01-09,21.45
Sumter County,2020-01-09,20.14
Suwannee County,2020-01-09,18.52
Taylor County,2020-01-09,18.86
Union County,2020-01-09,18.93
Volusia County,2020-01-09,20.63
Wakulla County,2020-01-09,19.51
Walton County,2020-01-09,17.93
Washington County,2020-01-09,18.74
Alachua County,2020-01-10,23.66
Baker County,2020-01-10,22.72
Bay County,2020-01-10,22.07
Bradford County,2020-01-10,23.18
Brevard County,2020-01-10,24.2
Broward County,2020-01-10,26.03
Calhoun County,2020-01-10,22.31
Charlotte County,2020-01-10,26.19
Citrus County,2020-01-10,24.81
Clay County,2020-01-10,23.39
Collier County,2020-01-10,26.41
Columbia County,2020-01-10,22.85
DeSoto County,2020-01-10,25.98
Dixie County,2020-01-10,23.43
Duval County,2020-01-10,22.62
Escambia County,2020-01-10,20.15
Flagler County,2020-01-10,23.78
Franklin County,2020-01-10,23.1
Gadsden County,2020-01-10,21.78
Gilchrist County,2020-01-10,23.74
Glades County,2020-01-10,25.68
Gulf County,2020-01-10,23.29
Hamilton County,2020-01-10,22.78
Hardee County,2020-01-10,26.07
Hendry County,2020-01-10,26.1
Hernando County,2020-01-10,25.36
Highlands County,2020-01-10,25.68
Hillsborough County,2020-01-10,25.84
Holmes County,2020-01-10,20.91
Indian River County,2020-01-10,24.92
Jackson County,2020-01-10,21.3
Jefferson County,2020-01-10,22.47
Lafayette County,2020-01-10,23.56
Lake County,2020-01-10,25.12
Lee County,2020-01-10,26.49
Leon County,2020-01-10,22.24
Levy County,2020-01-10,23.8
Liberty County,2020-01-10,22.87
Madison County,2020-01-10,22.93
Manatee County,2020-01-10,25.9
Marion County,2020-01-10,24.34
Martin County,2020-01-10,25.63
Miami-Dade County,2020-01-10,26.24
Monroe County,2020-01-10,26.27
Nassau County,2020-01-10,22.43
Okaloosa County,2020-01-10,19.77
Okeechobee County,2020-01-10,25.45
Orange County,2020-01-10,25.31
Osceola County,2020-01-10,25.61
Palm Beach County,2020-01-10,25.96
Pasco County,2020-01-10,25.65
Pinellas County,2020-01-10,25.21
Polk County,2020-01-10,25.94
Putnam County,2020-01-10,23.96
St. Johns County,2020-01-10,23.34
St. Lucie County,2020-01-10,25.16
Santa Rosa County,2020-01-10,19.63
Sarasota County,2020-01-10,26.1
Seminole County,2020-01-10,24.77
Sumter County,2020-01-10,25.44
Suwannee County,2020-01-10,23.28
Taylor County,2020-01-10,23.16
Union County,2020-01-10,23.05
Volusia County,2020-01-10,23.99
Wakulla County,2020-01-10,22.6
Walton County,2020-01-10,20.35
Washington County,2020-01-10,21.72
Alachua County,2020-01-11,26.21
Baker County,2020-01-11,25.61
Bay County,2020-01-11,24.12
Bradford County,2020-01-11,25.91
Brevard County,2020-01-11,25.48
Broward County,2020-01-11,26.52
Calhoun County,2020-01-11,24.7
Charlotte County,2020-01-11,26.69
Citrus County,2020-01-11,26.87
Clay County,2020-01-11,26.02
Collier County,2020-01-11,26.44
Columbia County,2020-01-11,25.74
DeSoto County,2020-01-11,26.66
Dixie County,2020-01-11,25.83
Duval County,2020-01-11,25.21
Escambia County,2020-01-11,22.43
Flagler County,2020-01-11,25.74
Franklin County,2020-01-11,24.98
Gadsden County,2020-01-11,24.63
Gilchrist County,2020-01-11,26.31
Glades County,2020-01-11,26.28
Gulf County,2020-01-11,25.08
Hamilton County,2020-01-11,25.76
Hardee County,2020-01-11,27.0
Hendry County,2020-01-11,26.4
Hernando County,2020-01-11,27.37
Highlands County,2020-01-11,26.47
Hillsborough County,2020-01-11,27.4
Holmes County,2020-01-11,23.81
Indian River County,2020-01-11,25.81
Jackson County,2020-01-11,24.14
Jefferson County,2020-01-11,25.28
Lafayette County,2020-01-11,26.36
Lake County,2020-01-11,27.06
Lee County,2020-01-11,26.73
Leon County,2020-01-11,25.04
Levy County,2020-01-11,26.0
Liberty County,2020-01-11,25.21
Madison County,2020-01-11,25.86
Manatee County,2020-01-11,27.08
Marion County,2020-01-11,26.58
Martin County,2020-01-11,26.37
Miami-Dade County,2020-01-11,26.89
Monroe County,2020-01-11,26.61
Nassau County,2020-01-11,25.08
Okaloosa County,2020-01-11,22.22
Okeechobee County,2020-01-11,26.23
Orange County,2020-01-11,26.95
Osceola County,2020-01-11,26.77
Palm Beach County,2020-01-11,26.54
Pasco County,2020-01-11,27.57
Pinellas County,2020-01-11,27.04
Polk County,2020-01-11,27.2
Putnam County,2020-01-11,26.32
St. Johns County,2020-01-11,25.51
St. Lucie County,2020-01-11,25.95
Santa Rosa County,2020-01-11,22.0
Sarasota County,2020-01-11,27.01
Seminole County,2020-01-11,26.53
Sumter County,2020-01-11,27.45
Suwannee County,2020-01-11,26.2
Taylor County,2020-01-11,25.78
Union County,2020-01-11,25.85
Volusia County,2020-01-11,25.84
Wakulla County,2020-01-11,24.99
Walton County,2020-01-11,22.83
Washington County,2020-01-11,24.35
Alachua County,2020-01-12,27.53
Baker County,2020-01-12,26.97
Bay County,2020-01-12,24.75
Bradford County,2020-01-12,27.28
Brevard County,2020-01-12,26.87
Broward County,2020-01-12,28.62
Calhoun County,2020-01-12,25.05
Charlotte County,2020-01-12,29.64
Citrus County,2020-01-12,28.19
Clay County,2020-01-12,27.44
Collier County,2020-01-12,29.63
Columbia County,2020-01-12,26.97
DeSoto County,2020-01-12,29.54
Dixie County,2020-01-12,26.6
Duval County,2020-01-12,26.7
Escambia County,2020-01-12,24.12
Flagler County,2020-01-12,27.0
Franklin County,2020-01-12,24.79
Gadsden County,2020-01-12,23.97
Gilchrist County,2020-01-12,27.38
Glades County,2020-01-12,29.32
Gulf County,2020-01-12,25.36
Hamilton County,2020-01-12,26.74
Hardee County,2020-01-12,29.5
Hendry County,2020-01-12,29.59
Hernando County,2020-01-12,28.8
Highlands County,2020-01-12,29.19
Hillsborough County,2020-01-12,29.12
Holmes County,2020-01-12,25.16
Indian River County,2020-01-12,27.89
Jackson County,2020-01-12,24.56
Jefferson County,2020-01-12,25.03
Lafayette County,2020-01-12,27.22
Lake County,2020-01-12,28.6
Lee County,2020-01-12,29.86
Leon County,2020-01-12,24.47
Levy County,2020-01-12,27.04
Liberty County,2020-01-12,25.1
Madison County,2020-01-12,26.19
Manatee County,2020-01-12,29.21
Marion County,2020-01-12,28.01
Martin County,2020-01-12,28.41
Miami-Dade County,2020-01-12,28.53
Monroe County,2020-01-12,28.65
Nassau County,2020-01-12,26.66
Okaloosa County,2020-01-12,23.34
Okeechobee County,2020-01-12,28.75
Orange County,2020-01-12,28.48
Osceola County,2020-01-12,28.75
Palm Beach County,2020-01-12,28.63
Pasco County,2020-01-12,29.07
Pinellas County,2020-01-12,28.12
Polk County,2020-01-12,29.25
Putnam County,2020-01-12,27.74
St. Johns County,2020-01-12,26.85
St. Lucie County,2020-01-12,28.1
Santa Rosa County,2020-01-12,23.45
Sarasota County,2020-01-12,29.38
Seminole County,2020-01-12,27.88
Sumter County,2020-01-12,29.09
Suwannee County,2020-01-12,27.21
Taylor County,2020-01-12,26.1
Union County,2020-01-12,27.16
Volusia County,2020-01-12,26.99
Wakulla County,2020-01-12,24.61
Walton County,2020-01-12,23.93
Washington County,2020-01-12,25.6
Alachua County,2020-01-13,28.4
Baker County,2020-01-13,27.91
Bay County,2020-01-13,24.55
Bradford County,2020-01-13,28.4
Brevard County,2020-01-13,27.37
Broward County,2020-01-13,28.34
Calhoun County,2020-01-13,24.27
Charlotte County,2020-01-13,29.82
Citrus County,2020-01-13,28.42
Clay County,2020-01-13,28.8
Collier County,2020-01-13,29.51
Columbia County,2020-01-13,27.48
DeSoto County,2020-01-13,29.65
Dixie County,2020-01-13,26.77
Duval County,2020-01-13,28.14
Escambia County,2020-01-13,21.16
Flagler County,2020-01-13,28.59
Franklin County,2020-01-13,24.71
Gadsden County,2020-01-13,23.23
Gilchrist County,2020-01-13,27.82
Glades County,2020-01-13,29.0
Gulf County,2020-01-13,25.11
Hamilton County,2020-01-13,26.61
Hardee County,2020-01-13,29.69
Hendry County,2020-01-13,29.22
Hernando County,2020-01-13,28.82
Highlands County,2020-01-13,29.11
Hillsborough County,2020-01-13,29.24
Holmes County,2020-01-13,23.71
Indian River County,2020-01-13,27.9
Jackson County,2020-01-13,23.45
Jefferson County,2020-01-13,24.2
Lafayette County,2020-01-13,27.09
Lake County,2020-01-13,29.36
Lee County,2020-01-13,30.03
Leon County,2020-01-13,23.57
Levy County,2020-01-13,27.53
Liberty County,2020-01-13,24.46
Madison County,2020-01-13,25.56
Manatee County,2020-01-13,29.43
Marion County,2020-01-13,28.84
Martin County,2020-01-13,28.45
Miami-Dade County,2020-01-13,28.37
Monroe County,2020-01-13,28.81
Nassau County,2020-01-13,27.94
Okaloosa County,2020-01-13,22.53
Okeechobee County,2020-01-13,28.56
Orange County,2020-01-13,29.24
Osceola County,2020-01-13,29.07
Palm Beach County,2020-01-13,28.52
Pasco County,2020-01-13,29.03
Pinellas County,2020-01-13,28.1
Polk County,2020-01-13,29.54
Putnam County,2020-01-13,29.07
St. Johns County,2020-01-13,28.43
St. Lucie County,2020-01-13,28.06
Santa Rosa County,2020-01-13,21.67
Sarasota County,2020-01-13,29.68
Seminole County,2020-01-13,28.96
Sumter County,2020-01-13,29.37
Suwannee County,2020-01-13,27.2
Taylor County,2020-01-13,25.71
Union County,2020-01-13,28.06
Volusia County,2020-01-13,28.39
Wakulla County,2020-01-13,24.07
Walton County,2020-01-13,23.35
Washington County,2020-01-13,24.34
Alachua County,2020-01-14,27.85
Baker County,2020-01-14,27.77
Bay County,2020-01-14,26.0
Bradford County,2020-01-14,27.99
Brevard County,2020-01-14,27.06
Broward County,2020-01-14,28.01
Calhoun County,2020-01-14,25.96
Charlotte County,2020-01-14,28.65
Citrus County,2020-01-14,27.68
Clay County,2020-01-14,28.39
Collier County,2020-01-14,28.26
Columbia County,2020-01-14,27.44
DeSoto County,2020-01-14,28.6
Dixie County,2020-01-14,26.93
Duval County,2020-01-14,27.76
Escambia County,2020-01-14,23.51
Flagler County,2020-01-14,27.52
Franklin County,2020-01-14,25.52
Gadsden County,2020-01-14,25.37
Gilchrist County,2020-01-14,27.74
Glades County,2020-01-14,28.04
Gulf County,2020-01-14,26.34
Hamilton County,2020-01-14,27.08
Hardee County,2020-01-14,28.94
Hendry County,2020-01-14,28.11
Hernando County,2020-01-14,28.23
Highlands County,2020-01-14,28.48
Hillsborough County,2020-01-14,28.69
Holmes County,2020-01-14,25.64
Indian River County,2020-01-14,27.65
Jackson County,2020-01-14,25.7
Jefferson County,2020-01-14,25.86
Lafayette County,2020-01-14,27.68
Lake County,2020-01-14,28.55
Lee County,2020-01-14,28.7
Leon County,2020-01-14,25.39
Levy County,2020-01-14,27.1
Liberty County,2020-01-14,25.68
Madison County,2020-01-14,26.83
Manatee County,2020-01-14,28.84
Marion County,2020-01-14,28.02
Martin County,2020-01-14,28.33
Miami-Dade County,2020-01-14,28.06
Monroe County,2020-01-14,28.05
Nassau County,2020-01-14,27.61
Okaloosa County,2020-01-14,23.61
Okeechobee County,2020-01-14,28.19
Orange County,2020-01-14,28.67
Osceola County,2020-01-14,28.67
Palm Beach County,2020-01-14,28.33
Pasco County,2020-01-14,28.58
Pinellas County,2020-01-14,28.11
Polk County,2020-01-14,29.0
Putnam County,2020-01-14,28.32
St. Johns County,2020-01-14,27.58
St. Lucie County,2020-01-14,27.81
Santa Rosa County,2020-01-14,23.14
Sarasota County,2020-01-14,28.97
Seminole County,2020-01-14,28.27
Sumter County,2020-01-14,28.51
Suwannee County,2020-01-14,27.62
Taylor County,2020-01-14,26.54
Union County,2020-01-14,27.74
Volusia County,2020-01-14,27.45
Wakulla County,2020-01-14,25.05
Walton County,2020-01-14,24.67
Washington County,2020-01-14,26.31
Alachua County,2020-01-15,26.95
Baker County,2020-01-15,26.79
Bay County,2020-01-15,26.92
Bradford County,2020-01-15,26.95
Brevard County,2020-01-15,26.43
Broward County,2020-01-15,28.65
Calhoun County,2020-01-15,26.94
Charlotte County,2020-01-15,29.52
Citrus County,2020-01-15,27.16
Clay County,2020-01-15,27.31
Collier County,2020-01-15,29.99
Columbia County,2020-01-15,26.51
DeSoto County,2020-01-15,29.16
Dixie County,2020-01-15,26.26
Duval County,2020-01-15,26.85
Escambia County,2020-01-15,25.46
Flagler County,2020-01-15,27.12
Franklin County,2020-01-15,26.32
Gadsden County,2020-01-15,25.92
Gilchrist County,2020-01-15,26.76
Glades County,2020-01-15,28.94
Gulf County,2020-01-15,27.4
Hamilton County,2020-01-15,26.63
Hardee County,2020-01-15,29.08
Hendry County,2020-01-15,29.54
Hernando County,2020-01-15,27.76
Highlands County,2020-01-15,28.64
Hillsborough County,2020-01-15,28.47
Holmes County,2020-01-15,26.66
Indian River County,2020-01-15,26.95
Jackson County,2020-01-15,26.5
Jefferson County,2020-01-15,26.63
Lafayette County,2020-01-15,27.0
Lake County,2020-01-15,28.02
Lee County,2020-01-15,30.01
Leon County,2020-01-15,26.4
Levy County,2020-01-15,26.34
Liberty County,2020-01-15,26.41
Madison County,2020-01-15,26.93
Manatee County,2020-01-15,28.81
Marion County,2020-01-15,27.33
Martin County,2020-01-15,28.02
Miami-Dade County,2020-01-15,28.66
Monroe County,2020-01-15,29.18
Nassau County,2020-01-15,27.0
Okaloosa County,2020-01-15,24.57
Okeechobee County,2020-01-15,27.9
Orange County,2020-01-15,28.09
Osceola County,2020-01-15,27.97
Palm Beach County,2020-01-15,28.47
Pasco County,2020-01-15,28.15
Pinellas County,2020-01-15,27.54
Polk County,2020-01-15,28.72
Putnam County,2020-01-15,27.49
St. Johns County,2020-01-15,26.95
St. Lucie County,2020-01-15,27.45
Santa Rosa County,2020-01-15,24.69
Sarasota County,2020-01-15,29.15
Seminole County,2020-01-15,27.77
Sumter County,2020-01-15,28.02
Suwannee County,2020-01-15,26.88
Taylor County,2020-01-15,26.68
Union County,2020-01-15,26.68
Volusia County,2020-01-15,27.16
Wakulla County,2020-01-15,26.04
Walton County,2020-01-15,25.41
Washington County,2020-01-15,27.65
Alachua County,2020-01-16,27.19
Baker County,2020-01-16,26.82
Bay County,2020-01-16,26.42
Bradford County,2020-01-16,27.38
Brevard County,2020-01-16,27.93
Broward County,2020-01-16,28.16
Calhoun County,2020-01-16,26.8
Charlotte County,2020-01-16,29.22
Citrus County,2020-01-16,27.4
Clay County,2020-01-16,27.9
Collier County,2020-01-16,29.07
Columbia County,2020-01-16,25.82
DeSoto County,2020-01-16,28.99
Dixie County,2020-01-16,25.33
Duval County,2020-01-16,27.48
Escambia County,2020-01-16,25.76
Flagler County,2020-01-16,27.75
Franklin County,2020-01-16,25.76
Gadsden County,2020-01-16,25.23
Gilchrist County,2020-01-16,26.35
Glades County,2020-01-16,28.58
Gulf County,2020-01-16,26.83
Hamilton County,2020-01-16,24.58
Hardee County,2020-01-16,29.04
Hendry County,2020-01-16,28.84
Hernando County,2020-01-16,27.85
Highlands County,2020-01-16,28.73
Hillsborough County,2020-01-16,28.2
Holmes County,2020-01-16,26.39
Indian River County,2020-01-16,27.89
Jackson County,2020-01-16,26.08
Jefferson County,2020-01-16,23.85
Lafayette County,2020-01-16,25.31
Lake County,2020-01-16,28.71
Lee County,2020-01-16,29.53
Leon County,2020-01-16,24.57
Levy County,2020-01-16,26.36
Liberty County,2020-01-16,26.55
Madison County,2020-01-16,24.08
Manatee County,2020-01-16,28.49
Marion County,2020-01-16,27.88
Martin County,2020-01-16,27.94
Miami-Dade County,2020-01-16,28.23
Monroe County,2020-01-16,28.49
Nassau County,2020-01-16,27.37
Okaloosa County,2020-01-16,25.38
Okeechobee County,2020-01-16,28.36
Orange County,2020-01-16,29.05
Osceola County,2020-01-16,28.94
Palm Beach County,2020-01-16,28.17
Pasco County,2020-01-16,28.05
Pinellas County,2020-01-16,27.07
Polk County,2020-01-16,28.97
Putnam County,2020-01-16,28.07
St. Johns County,2020-01-16,27.44
St. Lucie County,2020-01-16,27.76
Santa Rosa County,2020-01-16,25.32
Sarasota County,2020-01-16,28.87
Seminole County,2020-01-16,28.88
Sumter County,2020-01-16,28.51
Suwannee County,2020-01-16,25.2
Taylor County,2020-01-16,24.46
Union County,2020-01-16,26.82
Volusia County,2020-01-16,28.28
Wakulla County,2020-01-16,24.88
Walton County,2020-01-16,25.75
Washington County,2020-01-16,27.03
Alachua County,2020-01-17,25.8
Baker County,2020-01-17,25.41
Bay County,2020-01-17,25.97
Bradford County,2020-01-17,25.66
Brevard County,2020-01-17,27.32
Broward County,2020-01-17,28.27
Calhoun County,2020-01-17,25.33
Charlotte County,2020-01-17,28.03
Citrus County,2020-01-17,26.86
Clay County,2020-01-17,26.4
Collier County,2020-01-17,28.44
Columbia County,2020-01-17,24.96
DeSoto County,2020-01-17,28.26
Dixie County,2020-01-17,25.53
Duval County,2020-01-17,26.4
Escambia County,2020-01-17,23.44
Flagler County,2020-01-17,27.08
Franklin County,2020-01-17,26.24
Gadsden County,2020-01-17,24.45
Gilchrist County,2020-01-17,25.66
Glades County,2020-01-17,28.3
Gulf County,2020-01-17,26.66
Hamilton County,2020-01-17,24.77
Hardee County,2020-01-17,28.52
Hendry County,2020-01-17,28.45
Hernando County,2020-01-17,27.41
Highlands County,2020-01-17,28.55
Hillsborough County,2020-01-17,27.78
Holmes County,2020-01-17,24.79
Indian River County,2020-01-17,27.56
Jackson County,2020-01-17,24.6
Jefferson County,2020-01-17,25.17
Lafayette County,2020-01-17,25.69
Lake County,2020-01-17,27.9
Lee County,2020-01-17,28.23
Leon County,2020-01-17,25.12
Levy County,2020-01-17,25.74
Liberty County,2020-01-17,25.41
Madison County,2020-01-17,25.14
Manatee County,2020-01-17,27.54
Marion County,2020-01-17,26.78
Martin County,2020-01-17,27.68
Miami-Dade County,2020-01-17,28.0
Monroe County,2020-01-17,28.14
Nassau County,2020-01-17,26.37
Okaloosa County,2020-01-17,22.95
Okeechobee County,2020-01-17,28.06
Orange County,2020-01-17,28.19
Osceola County,2020-01-17,28.38
Palm Beach County,2020-01-17,28.14
Pasco County,2020-01-17,27.67
Pinellas County,2020-01-17,27.02
Polk County,2020-01-17,28.49
Putnam County,2020-01-17,26.82
St. Johns County,2020-01-17,26.78
St. Lucie County,2020-01-17,27.48
Santa Rosa County,2020-01-17,22.62
Sarasota County,2020-01-17,27.37
Seminole County,2020-01-17,27.93
Sumter County,2020-01-17,27.81
Suwannee County,2020-01-17,25.29
Taylor County,2020-01-17,25.69
Union County,2020-01-17,25.28
Volusia County,2020-01-17,27.43
Wakulla County,2020-01-17,25.42
Walton County,2020-01-17,23.98
Washington County,2020-01-17,25.55
Alachua County,2020-01-18,23.01
Baker County,2020-01-18,22.14
Bay County,2020-01-18,22.95
Bradford County,2020-01-18,22.77
Brevard County,2020-01-18,23.94
Broward County,2020-01-18,27.55
Calhoun County,2020-01-18,22.09
Charlotte County,2020-01-18,26.68
Citrus County,2020-01-18,24.77
Clay County,2020-01-18,23.29
Collier County,2020-01-18,28.07
Columbia County,2020-01-18,21.56
DeSoto County,2020-01-18,26.14
Dixie County,2020-01-18,22.46
Duval County,2020-01-18,22.79
Escambia County,2020-01-18,21.18
Flagler County,2020-01-18,23.78
Franklin County,2020-01-18,22.86
Gadsden County,2020-01-18,20.73
Gilchrist County,2020-01-18,22.61
Glades County,2020-01-18,26.65
Gulf County,2020-01-18,23.23
Hamilton County,2020-01-18,20.4
Hardee County,2020-01-18,26.1
Hendry County,2020-01-18,27.52
Hernando County,2020-01-18,25.32
Highlands County,2020-01-18,26.12
Hillsborough County,2020-01-18,25.95
Holmes County,2020-01-18,22.0
Indian River County,2020-01-18,25.08
Jackson County,2020-01-18,21.36
Jefferson County,2020-01-18,20.17
Lafayette County,2020-01-18,21.57
Lake County,2020-01-18,24.67
Lee County,2020-01-18,27.49
Leon County,2020-01-18,20.55
Levy County,2020-01-18,23.48
Liberty County,2020-01-18,22.14
Madison County,2020-01-18,20.13
Manatee County,2020-01-18,25.9
Marion County,2020-01-18,23.89
Martin County,2020-01-18,26.56
Miami-Dade County,2020-01-18,27.97
Monroe County,2020-01-18,28.46
Nassau County,2020-01-18,21.96
Okaloosa County,2020-01-18,21.3
Okeechobee County,2020-01-18,26.02
Orange County,2020-01-18,24.83
Osceola County,2020-01-18,25.43
Palm Beach County,2020-01-18,27.25
Pasco County,2020-01-18,25.6
Pinellas County,2020-01-18,25.86
Polk County,2020-01-18,25.88
Putnam County,2020-01-18,23.67
St. Johns County,2020-01-18,23.99
St. Lucie County,2020-01-18,25.77
Santa Rosa County,2020-01-18,20.85
Sarasota County,2020-01-18,26.14
Seminole County,2020-01-18,24.17
Sumter County,2020-01-18,25.04
Suwannee County,2020-01-18,21.16
Taylor County,2020-01-18,21.34
Union County,2020-01-18,22.3
Volusia County,2020-01-18,23.61
Wakulla County,2020-01-18,21.48
Walton County,2020-01-18,21.87
Washington County,2020-01-18,22.48
Alachua County,2020-01-19,24.71
Baker County,2020-01-19,24.33
Bay County,2020-01-19,21.63
Bradford County,2020-01-19,24.72
Brevard County,2020-01-19,24.68
Broward County,2020-01-19,26.65
Calhoun County,2020-01-19,21.88
Charlotte County,2020-01-19,26.46
Citrus County,2020-01-19,25.04
Clay County,2020-01-19,24.89
Collier County,2020-01-19,27.08
Columbia County,2020-01-19,24.11
DeSoto County,2020-01-19,26.27
Dixie County,2020-01-19,23.66
Duval County,2020-01-19,23.92
Escambia County,2020-01-19,19.77
Flagler County,2020-01-19,25.07
Franklin County,2020-01-19,22.26
Gadsden County,2020-01-19,21.9
Gilchrist County,2020-01-19,24.41
Glades County,2020-01-19,26.17
Gulf County,2020-01-19,22.51
Hamilton County,2020-01-19,23.6
Hardee County,2020-01-19,26.28
Hendry County,2020-01-19,26.83
Hernando County,2020-01-19,25.61
Highlands County,2020-01-19,25.86
Hillsborough County,2020-01-19,26.1
Holmes County,2020-01-19,20.89
Indian River County,2020-01-19,25.15
Jackson County,2020-01-19,21.34
Jefferson County,2020-01-19,22.67
Lafayette County,2020-01-19,24.18
Lake County,2020-01-19,26.0
Lee County,2020-01-19,26.84
Leon County,2020-01-19,22.31
Levy County,2020-01-19,24.07
Liberty County,2020-01-19,22.32
Madison County,2020-01-19,23.35
Manatee County,2020-01-19,26.14
Marion County,2020-01-19,25.18
Martin County,2020-01-19,26.03
Miami-Dade County,2020-01-19,26.85
Monroe County,2020-01-19,26.57
Nassau County,2020-01-19,23.58
Okaloosa County,2020-01-19,19.39
Okeechobee County,2020-01-19,25.61
Orange County,2020-01-19,26.22
Osceola County,2020-01-19,26.02
Palm Beach County,2020-01-19,26.47
Pasco County,2020-01-19,25.92
Pinellas County,2020-01-19,25.1
Polk County,2020-01-19,26.26
Putnam County,2020-01-19,25.24
St. Johns County,2020-01-19,24.51
St. Lucie County,2020-01-19,25.48
Santa Rosa County,2020-01-19,19.21
Sarasota County,2020-01-19,26.25
Seminole County,2020-01-19,25.92
Sumter County,2020-01-19,25.93
Suwannee County,2020-01-19,24.16
Taylor County,2020-01-19,23.36
Union County,2020-01-19,24.53
Volusia County,2020-01-19,25.25
Wakulla County,2020-01-19,22.24
Walton County,2020-01-19,20.13
Washington County,2020-01-19,21.67
Alachua County,2020-01-20,23.85
Baker County,2020-01-20,22.14
Bay County,2020-01-20,17.06
Bradford County,2020-01-20,23.39
Brevard County,2020-01-20,26.4
Broward County,2020-01-20,28.54
Calhoun County,2020-01-20,17.47
Charlotte County,2020-01-20,26.62
Citrus County,2020-01-20,24.12
Clay County,2020-01-20,23.79
Collier County,2020-01-20,28.35
Columbia County,2020-01-20,22.04
DeSoto County,2020-01-20,26.77
Dixie County,2020-01-20,22.51
Duval County,2020-01-20,22.64
Escambia County,2020-01-20,16.07
Flagler County,2020-01-20,24.84
Franklin County,2020-01-20,19.06
Gadsden County,2020-01-20,17.18
Gilchrist County,2020-01-20,23.42
Glades County,2020-01-20,28.22
Gulf County,2020-01-20,18.67
Hamilton County,2020-01-20,20.69
Hardee County,2020-01-20,26.69
Hendry County,2020-01-20,28.61
Hernando County,2020-01-20,24.37
Highlands County,2020-01-20,27.82
Hillsborough County,2020-01-20,24.74
Holmes County,2020-01-20,15.8
Indian River County,2020-01-20,27.63
Jackson County,2020-01-20,16.19
Jefferson County,2020-01-20,18.61
Lafayette County,2020-01-20,22.39
Lake County,2020-01-20,25.3
Lee County,2020-01-20,27.3
Leon County,2020-01-20,17.95
Levy County,2020-01-20,23.38
Liberty County,2020-01-20,18.51
Madison County,2020-01-20,19.93
Manatee County,2020-01-20,24.7
Marion County,2020-01-20,24.52
Martin County,2020-01-20,28.56
Miami-Dade County,2020-01-20,28.53
Monroe County,2020-01-20,28.41
Nassau County,2020-01-20,21.61
Okaloosa County,2020-01-20,15.94
Okeechobee County,2020-01-20,28.14
Orange County,2020-01-20,26.06
Osceola County,2020-01-20,27.08
Palm Beach County,2020-01-20,28.7
Pasco County,2020-01-20,24.49
Pinellas County,2020-01-20,23.26
Polk County,2020-01-20,26.45
Putnam County,2020-01-20,24.61
St. Johns County,2020-01-20,24.15
St. Lucie County,2020-01-20,28.09
Santa Rosa County,2020-01-20,15.97
Sarasota County,2020-01-20,24.72
Seminole County,2020-01-20,25.67
Sumter County,2020-01-20,25.07
Suwannee County,2020-01-20,22.02
Taylor County,2020-01-20,20.87
Union County,2020-01-20,22.95
Volusia County,2020-01-20,25.17
Wakulla County,2020-01-20,18.72
Walton County,2020-01-20,15.84
Washington County,2020-01-20,16.58
Alachua County,2020-01-21,13.48
Baker County,2020-01-21,12.55
Bay County,2020-01-21,12.2
Bradford County,2020-01-21,13.26
Brevard County,2020-01-21,17.16
Broward County,2020-01-21,23.77
Calhoun County,2020-01-21,13.02
Charlotte County,2020-01-21,19.91
Citrus County,2020-01-21,15.14
Clay County,2020-01-21,14.23
Collier County,2020-01-21,23.73
Columbia County,2020-01-21,12.56
DeSoto County,2020-01-21,18.78
Dixie County,2020-01-21,15.14
Duval County,2020-01-21,14.85
Escambia County,2020-01-21,9.28
Flagler County,2020-01-21,15.48
Franklin County,2020-01-21,15.27
Gadsden County,2020-01-21,12.11
Gilchrist County,2020-01-21,14.06
Glades County,2020-01-21,20.51
Gulf County,2020-01-21,14.74
Hamilton County,2020-01-21,12.33
Hardee County,2020-01-21,18.1
Hendry County,2020-01-21,22.23
Hernando County,2020-01-21,15.82
Highlands County,2020-01-21,19.17
Hillsborough County,2020-01-21,16.96
Holmes County,2020-01-21,12.02
Indian River County,2020-01-21,18.15
Jackson County,2020-01-21,12.14
Jefferson County,2020-01-21,13.03
Lafayette County,2020-01-21,15.48
Lake County,2020-01-21,15.93
Lee County,2020-01-21,21.87
Leon County,2020-01-21,12.73
Levy County,2020-01-21,13.99
Liberty County,2020-01-21,14.06
Madison County,2020-01-21,13.48
Manatee County,2020-01-21,16.89
Marion County,2020-01-21,14.44
Martin County,2020-01-21,20.47
Miami-Dade County,2020-01-21,24.6
Monroe County,2020-01-21,24.95
Nassau County,2020-01-21,14.08
Okaloosa County,2020-01-21,9.65
Okeechobee County,2020-01-21,19.02
Orange County,2020-01-21,16.77
Osceola County,2020-01-21,17.75
Palm Beach County,2020-01-21,22.28
Pasco County,2020-01-21,16.19
Pinellas County,2020-01-21,16.76
Polk County,2020-01-21,17.5
Putnam County,2020-01-21,14.66
St. Johns County,2020-01-21,15.84
St. Lucie County,2020-01-21,19.07
Santa Rosa County,2020-01-21,9.01
Sarasota County,2020-01-21,17.47
Seminole County,2020-01-21,16.32
Sumter County,2020-01-21,15.67
Suwannee County,2020-01-21,14.16
Taylor County,2020-01-21,15.57
Union County,2020-01-21,12.85
Volusia County,2020-01-21,15.77
Wakulla County,2020-01-21,14.38
Walton County,2020-01-21,10.62
Washington County,2020-01-21,11.82
Alachua County,2020-01-22,9.97
Baker County,2020-01-22,9.38
Bay County,2020-01-22,8.38
Bradford County,2020-01-22,9.97
Brevard County,2020-01-22,14.43
Broward County,2020-01-22,19.33
Calhoun County,2020-01-22,8.17
Charlotte County,2020-01-22,16.29
Citrus County,2020-01-22,11.0
Clay County,2020-01-22,11.25
Collier County,2020-01-22,18.84
Columbia County,2020-01-22,8.64
DeSoto County,2020-01-22,15.11
Dixie County,2020-01-22,10.05
Duval County,2020-01-22,12.5
Escambia County,2020-01-22,6.77
Flagler County,2020-01-22,11.93
Franklin County,2020-01-22,9.1
Gadsden County,2020-01-22,8.03
Gilchrist County,2020-01-22,9.9
Glades County,2020-01-22,17.24
Gulf County,2020-01-22,8.91
Hamilton County,2020-01-22,8.3
Hardee County,2020-01-22,13.99
Hendry County,2020-01-22,18.47
Hernando County,2020-01-22,11.13
Highlands County,2020-01-22,15.51
Hillsborough County,2020-01-22,12.09
Holmes County,2020-01-22,7.69
Indian River County,2020-01-22,16.15
Jackson County,2020-01-22,7.7
Jefferson County,2020-01-22,8.56
Lafayette County,2020-01-22,9.61
Lake County,2020-01-22,11.59
Lee County,2020-01-22,17.72
Leon County,2020-01-22,8.33
Levy County,2020-01-22,10.43
Liberty County,2020-01-22,8.48
Madison County,2020-01-22,8.7
Manatee County,2020-01-22,13.07
Marion County,2020-01-22,10.69
Martin County,2020-01-22,18.58
Miami-Dade County,2020-01-22,19.78
Monroe County,2020-01-22,19.91
Nassau County,2020-01-22,11.9
Okaloosa County,2020-01-22,6.69
Okeechobee County,2020-01-22,16.35
Orange County,2020-01-22,12.77
Osceola County,2020-01-22,14.07
Palm Beach County,2020-01-22,19.12
Pasco County,2020-01-22,11.22
Pinellas County,2020-01-22,11.35
Polk County,2020-01-22,13.05
Putnam County,2020-01-22,11.15
St. Johns County,2020-01-22,12.86
St. Lucie County,2020-01-22,17.51
Santa Rosa County,2020-01-22,6.39
Sarasota County,2020-01-22,14.22
Seminole County,2020-01-22,12.33
Sumter County,2020-01-22,11.34
Suwannee County,2020-01-22,9.04
Taylor County,2020-01-22,9.58
Union County,2020-01-22,9.29
Volusia County,2020-01-22,12.04
Wakulla County,2020-01-22,8.8
Walton County,2020-01-22,7.25
Washington County,2020-01-22,8.07
Alachua County,2020-01-23,14.42
Baker County,2020-01-23,13.58
Bay County,2020-01-23,13.19
Bradford County,2020-01-23,13.74
Brevard County,2020-01-23,15.64
Broward County,2020-01-23,17.23
Calhoun County,2020-01-23,13.66
Charlotte County,2020-01-23,18.46
Citrus County,2020-01-23,15.39
Clay County,2020-01-23,13.73
Collier County,2020-01-23,18.65
Columbia County,2020-01-23,14.0
DeSoto County,2020-01-23,16.91
Dixie County,2020-01-23,15.38
Duval County,2020-01-23,13.15
Escambia County,2020-01-23,10.9
Flagler County,2020-01-23,14.47
Franklin County,2020-01-23,14.75
Gadsden County,2020-01-23,13.73
Gilchrist County,2020-01-23,15.21
Glades County,2020-01-23,17.6
Gulf County,2020-01-23,14.55
Hamilton County,2020-01-23,14.28
Hardee County,2020-01-23,15.77
Hendry County,2020-01-23,18.39
Hernando County,2020-01-23,15.31
Highlands County,2020-01-23,15.93
Hillsborough County,2020-01-23,15.52
Holmes County,2020-01-23,12.17
Indian River County,2020-01-23,16.64
Jackson County,2020-01-23,12.8
Jefferson County,2020-01-23,14.62
Lafayette County,2020-01-23,15.37
Lake County,2020-01-23,14.27
Lee County,2020-01-23,19.27
Leon County,2020-01-23,14.28
Levy County,2020-01-23,15.24
Liberty County,2020-01-23,14.4
Madison County,2020-01-23,14.83
Manatee County,2020-01-23,17.11
Marion County,2020-01-23,14.57
Martin County,2020-01-23,17.91
Miami-Dade County,2020-01-23,17.58
Monroe County,2020-01-23,18.21
Nassau County,2020-01-23,13.14
Okaloosa County,2020-01-23,10.83
Okeechobee County,2020-01-23,16.44
Orange County,2020-01-23,14.18
Osceola County,2020-01-23,14.75
Palm Beach County,2020-01-23,17.52
Pasco County,2020-01-23,15.17
Pinellas County,2020-01-23,15.73
Polk County,2020-01-23,14.52
Putnam County,2020-01-23,14.14
St. Johns County,2020-01-23,14.25
St. Lucie County,2020-01-23,17.5
Santa Rosa County,2020-01-23,10.5
Sarasota County,2020-01-23,18.63
Seminole County,2020-01-23,13.95
Sumter County,2020-01-23,15.12
Suwannee County,2020-01-23,14.84
Taylor County,2020-01-23,15.32
Union County,2020-01-23,13.84
Volusia County,2020-01-23,14.29
Wakulla County,2020-01-23,14.56
Walton County,2020-01-23,11.51
Washington County,2020-01-23,12.87
Alachua County,2020-01-24,17.95
Baker County,2020-01-24,16.25
Bay County,2020-01-24,16.94
Bradford County,2020-01-24,17.33
Brevard County,2020-01-24,20.84
Broward County,2020-01-24,25.23
Calhoun County,2020-01-24,16.78
Charlotte County,2020-01-24,25.26
Citrus County,2020-01-24,20.29
Clay County,2020-01-24,17.7
Collier County,2020-01-24,26.19
Columbia County,2020-01-24,16.5
DeSoto County,2020-01-24,24.42
Dixie County,2020-01-24,18.34
Duval County,2020-01-24,16.54
Escambia County,2020-01-24,14.31
Flagler County,2020-01-24,19.89
Franklin County,2020-01-24,19.11
Gadsden County,2020-01-24,17.39
Gilchrist County,2020-01-24,17.81
Glades County,2020-01-24,24.31
Gulf County,2020-01-24,18.8
Hamilton County,2020-01-24,16.65
Hardee County,2020-01-24,23.7
Hendry County,2020-01-24,25.35
Hernando County,2020-01-24,21.23
Highlands County,2020-01-24,23.51
Hillsborough County,2020-01-24,22.76
Holmes County,2020-01-24,14.5
Indian River County,2020-01-24,22.26
Jackson County,2020-01-24,15.3
Jefferson County,2020-01-24,18.83
Lafayette County,2020-01-24,18.36
Lake County,2020-01-24,20.76
Lee County,2020-01-24,26.03
Leon County,2020-01-24,18.64
Levy County,2020-01-24,18.43
Liberty County,2020-01-24,17.78
Madison County,2020-01-24,18.2
Manatee County,2020-01-24,23.62
Marion County,2020-01-24,19.42
Martin County,2020-01-24,24.28
Miami-Dade County,2020-01-24,25.4
Monroe County,2020-01-24,25.39
Nassau County,2020-01-24,15.77
Okaloosa County,2020-01-24,13.97
Okeechobee County,2020-01-24,23.11
Orange County,2020-01-24,21.1
Osceola County,2020-01-24,21.85
Palm Beach County,2020-01-24,24.84
Pasco County,2020-01-24,21.77
Pinellas County,2020-01-24,22.11
Polk County,2020-01-24,22.49
Putnam County,2020-01-24,18.98
St. Johns County,2020-01-24,18.69
St. Lucie County,2020-01-24,23.34
Santa Rosa County,2020-01-24,13.86
Sarasota County,2020-01-24,24.46
Seminole County,2020-01-24,20.63
Sumter County,2020-01-24,20.97
Suwannee County,2020-01-24,17.55
Taylor County,2020-01-24,19.14
Union County,2020-01-24,16.89
Volusia County,2020-01-24,20.27
Wakulla County,2020-01-24,18.95
Walton County,2020-01-24,14.58
Washington County,2020-01-24,15.79
Alachua County,2020-01-25,22.08
Baker County,2020-01-25,21.92
Bay County,2020-01-25,20.5
Bradford County,2020-01-25,22.37
Brevard County,2020-01-25,24.14
Broward County,2020-01-25,26.21
Calhoun County,2020-01-25,21.48
Charlotte County,2020-01-25,25.55
Citrus County,2020-01-25,22.61
Clay County,2020-01-25,23.28
Collier County,2020-01-25,26.07
Columbia County,2020-01-25,21.3
DeSoto County,2020-01-25,25.64
Dixie County,2020-01-25,20.42
Duval County,2020-01-25,22.81
Escambia County,2020-01-25,18.26
Flagler County,2020-01-25,24.39
Franklin County,2020-01-25,21.4
Gadsden County,2020-01-25,20.79
Gilchrist County,2020-01-25,21.18
Glades County,2020-01-25,25.36
Gulf County,2020-01-25,22.02
Hamilton County,2020-01-25,21.11
Hardee County,2020-01-25,25.66
Hendry County,2020-01-25,25.86
Hernando County,2020-01-25,23.6
Highlands County,2020-01-25,25.32
Hillsborough County,2020-01-25,24.81
Holmes County,2020-01-25,19.02
Indian River County,2020-01-25,24.09
Jackson County,2020-01-25,20.34
Jefferson County,2020-01-25,20.4
Lafayette County,2020-01-25,21.26
Lake County,2020-01-25,24.71
Lee County,2020-01-25,25.7
Leon County,2020-01-25,20.62
Levy County,2020-01-25,20.87
Liberty County,2020-01-25,21.93
Madison County,2020-01-25,20.9
Manatee County,2020-01-25,25.12
Marion County,2020-01-25,23.25
Martin County,2020-01-25,24.47
Miami-Dade County,2020-01-25,26.73
Monroe County,2020-01-25,25.58
Nassau County,2020-01-25,22.48
Okaloosa County,2020-01-25,17.67
Okeechobee County,2020-01-25,24.6
Orange County,2020-01-25,25.17
Osceola County,2020-01-25,25.08
Palm Beach County,2020-01-25,25.26
Pasco County,2020-01-25,24.22
Pinellas County,2020-01-25,23.56
Polk County,2020-01-25,25.28
Putnam County,2020-01-25,23.91
St. Johns County,2020-01-25,23.7
St. Lucie County,2020-01-25,24.04
Santa Rosa County,2020-01-25,17.65
Sarasota County,2020-01-25,25.13
Seminole County,2020-01-25,25.09
Sumter County,2020-01-25,24.19
Suwannee County,2020-01-25,21.34
Taylor County,2020-01-25,20.73
Union County,2020-01-25,21.77
Volusia County,2020-01-25,24.64
Wakulla County,2020-01-25,20.8
Walton County,2020-01-25,18.32
Washington County,2020-01-25,20.26
Alachua County,2020-01-26,19.59
Baker County,2020-01-26,17.66
Bay County,2020-01-26,16.17
Bradford County,2020-01-26,18.66
Brevard County,2020-01-26,20.92
Broward County,2020-01-26,25.56
Calhoun County,2020-01-26,15.95
Charlotte County,2020-01-26,23.1
Citrus County,2020-01-26,21.02
Clay County,2020-01-26,18.94
Collier County,2020-01-26,25.39
Columbia County,2020-01-26,18.11
DeSoto County,2020-01-26,22.88
Dixie County,2020-01-26,19.85
Duval County,2020-01-26,18.07
Escambia County,2020-01-26,16.25
Flagler County,2020-01-26,20.52
Franklin County,2020-01-26,17.0
Gadsden County,2020-01-26,15.46
Gilchrist County,2020-01-26,20.03
Glades County,2020-01-26,23.86
Gulf County,2020-01-26,17.09
Hamilton County,2020-01-26,17.76
Hardee County,2020-01-26,22.43
Hendry County,2020-01-26,25.11
Hernando County,2020-01-26,21.27
Highlands County,2020-01-26,22.84
Hillsborough County,2020-01-26,21.24
Holmes County,2020-01-26,15.47
Indian River County,2020-01-26,21.85
Jackson County,2020-01-26,15.03
Jefferson County,2020-01-26,16.96
Lafayette County,2020-01-26,19.79
Lake County,2020-01-26,21.4
Lee County,2020-01-26,23.88
Leon County,2020-01-26,16.13
Levy County,2020-01-26,20.22
Liberty County,2020-01-26,16.55
Madison County,2020-01-26,18.06
Manatee County,2020-01-26,21.49
Marion County,2020-01-26,20.65
Martin County,2020-01-26,23.69
Miami-Dade County,2020-01-26,25.78
Monroe County,2020-01-26,25.29
Nassau County,2020-01-26,17.44
Okaloosa County,2020-01-26,15.67
Okeechobee County,2020-01-26,22.66
Orange County,2020-01-26,21.46
Osceola County,2020-01-26,21.71
Palm Beach County,2020-01-26,24.95
Pasco County,2020-01-26,21.25
Pinellas County,2020-01-26,19.86
Polk County,2020-01-26,21.86
Putnam County,2020-01-26,20.0
St. Johns County,2020-01-26,19.56
St. Lucie County,2020-01-26,22.64
Santa Rosa County,2020-01-26,15.72
Sarasota County,2020-01-26,21.79
Seminole County,2020-01-26,21.24
Sumter County,2020-01-26,21.65
Suwannee County,2020-01-26,19.04
Taylor County,2020-01-26,18.77
Union County,2020-01-26,18.46
Volusia County,2020-01-26,20.89
Wakulla County,2020-01-26,16.65
Walton County,2020-01-26,15.62
Washington County,2020-01-26,15.9
Alachua County,2020-01-27,18.83
Baker County,2020-01-27,18.22
Bay County,2020-01-27,15.37
Bradford County,2020-01-27,18.63
Brevard County,2020-01-27,18.56
Broward County,2020-01-27,23.81
Calhoun County,2020-01-27,15.98
Charlotte County,2020-01-27,21.87
Citrus County,2020-01-27,19.09
Clay County,2020-01-27,18.91
Collier County,2020-01-27,23.42
Columbia County,2020-01-27,18.07
DeSoto County,2020-01-27,21.67
Dixie County,2020-01-27,18.13
Duval County,2020-01-27,18.71
Escambia County,2020-01-27,12.17
Flagler County,2020-01-27,18.42
Franklin County,2020-01-27,17.56
Gadsden County,2020-01-27,16.68
Gilchrist County,2020-01-27,18.7
Glades County,2020-01-27,21.87
Gulf County,2020-01-27,16.89
Hamilton County,2020-01-27,17.73
Hardee County,2020-01-27,21.34
Hendry County,2020-01-27,22.95
Hernando County,2020-01-27,19.38
Highlands County,2020-01-27,21.28
Hillsborough County,2020-01-27,19.94
Holmes County,2020-01-27,13.85
Indian River County,2020-01-27,19.88
Jackson County,2020-01-27,14.88
Jefferson County,2020-01-27,17.24
Lafayette County,2020-01-27,18.26
Lake County,2020-01-27,19.61
Lee County,2020-01-27,22.51
Leon County,2020-01-27,17.27
Levy County,2020-01-27,18.52
Liberty County,2020-01-27,17.24
Madison County,2020-01-27,17.53
Manatee County,2020-01-27,20.53
Marion County,2020-01-27,19.13
Martin County,2020-01-27,21.79
Miami-Dade County,2020-01-27,24.02
Monroe County,2020-01-27,23.33
Nassau County,2020-01-27,18.56
Okaloosa County,2020-01-27,12.97
Okeechobee County,2020-01-27,20.78
Orange County,2020-01-27,19.61
Osceola County,2020-01-27,20.16
Palm Beach County,2020-01-27,22.98
Pasco County,2020-01-27,19.56
Pinellas County,2020-01-27,18.74
Polk County,2020-01-27,20.61
Putnam County,2020-01-27,18.99
St. Johns County,2020-01-27,18.8
St. Lucie County,2020-01-27,20.68
Santa Rosa County,2020-01-27,12.13
Sarasota County,2020-01-27,20.86
Seminole County,2020-01-27,19.0
Sumter County,2020-01-27,19.87
Suwannee County,2020-01-27,18.17
Taylor County,2020-01-27,17.93
Union County,2020-01-27,18.43
Volusia County,2020-01-27,18.27
Wakulla County,2020-01-27,17.66
Walton County,2020-01-27,13.67
Washington County,2020-01-27,14.61
Alachua County,2020-01-28,18.12
Baker County,2020-01-28,17.55
Bay County,2020-01-28,16.0
Bradford County,2020-01-28,17.97
Brevard County,2020-01-28,21.39
Broward County,2020-01-28,24.21
Calhoun County,2020-01-28,16.3
Charlotte County,2020-01-28,22.92
Citrus County,2020-01-28,19.43
Clay County,2020-01-28,18.53
Collier County,2020-01-28,23.43
Columbia County,2020-01-28,17.3
DeSoto County,2020-01-28,22.77
Dixie County,2020-01-28,17.36
Duval County,2020-01-28,18.01
Escambia County,2020-01-28,15.02
Flagler County,2020-01-28,19.62
Franklin County,2020-01-28,17.14
Gadsden County,2020-01-28,16.22
Gilchrist County,2020-01-28,17.79
Glades County,2020-01-28,23.14
Gulf County,2020-01-28,17.17
Hamilton County,2020-01-28,17.1
Hardee County,2020-01-28,22.35
Hendry County,2020-01-28,23.51
Hernando County,2020-01-28,20.18
Highlands County,2020-01-28,22.73
Hillsborough County,2020-01-28,20.98
Holmes County,2020-01-28,14.87
Indian River County,2020-01-28,22.3
Jackson County,2020-01-28,15.55
Jefferson County,2020-01-28,16.71
Lafayette County,2020-01-28,17.6
Lake County,2020-01-28,20.77
Lee County,2020-01-28,23.23
Leon County,2020-01-28,16.62
Levy County,2020-01-28,17.91
Liberty County,2020-01-28,16.89
Madison County,2020-01-28,17.04
Manatee County,2020-01-28,21.54
Marion County,2020-01-28,19.33
Martin County,2020-01-28,23.85
Miami-Dade County,2020-01-28,24.49
Monroe County,2020-01-28,23.9
Nassau County,2020-01-28,17.63
Okaloosa County,2020-01-28,14.37
Okeechobee County,2020-01-28,22.64
Orange County,2020-01-28,21.47
Osceola County,2020-01-28,21.95
Palm Beach County,2020-01-28,24.17
Pasco County,2020-01-28,20.56
Pinellas County,2020-01-28,20.26
Polk County,2020-01-28,21.65
Putnam County,2020-01-28,19.2
St. Johns County,2020-01-28,18.8
St. Lucie County,2020-01-28,23.02
Santa Rosa County,2020-01-28,14.55
Sarasota County,2020-01-28,21.99
Seminole County,2020-01-28,21.21
Sumter County,2020-01-28,20.53
Suwannee County,2020-01-28,17.49
Taylor County,2020-01-28,17.24
Union County,2020-01-28,17.63
Volusia County,2020-01-28,20.45
Wakulla County,2020-01-28,16.79
Walton County,2020-01-28,14.52
Washington County,2020-01-28,15.62
Alachua County,2020-01-29,18.4
Baker County,2020-01-29,17.43
Bay County,2020-01-29,19.06
Bradford County,2020-01-29,17.92
Brevard County,2020-01-29,19.29
Broward County,2020-01-29,26.15
Calhoun County,2020-01-29,19.48
Charlotte County,2020-01-29,23.13
Citrus County,2020-01-29,19.7
Clay County,2020-01-29,18.11
Collier County,2020-01-29,25.72
Columbia County,2020-01-29,17.46
DeSoto County,2020-01-29,22.67
Dixie County,2020-01-29,18.12
Duval County,2020-01-29,17.25
Escambia County,2020-01-29,18.77
Flagler County,2020-01-29,18.32
Franklin County,2020-01-29,19.56
Gadsden County,2020-01-29,18.1
Gilchrist County,2020-01-29,18.38
Glades County,2020-01-29,23.29
Gulf County,2020-01-29,20.16
Hamilton County,2020-01-29,17.29
Hardee County,2020-01-29,22.34
Hendry County,2020-01-29,24.7
Hernando County,2020-01-29,20.59
Highlands County,2020-01-29,22.45
Hillsborough County,2020-01-29,21.53
Holmes County,2020-01-29,18.85
Indian River County,2020-01-29,21.1
Jackson County,2020-01-29,18.51
Jefferson County,2020-01-29,17.43
Lafayette County,2020-01-29,18.29
Lake County,2020-01-29,20.26
Lee County,2020-01-29,24.12
Leon County,2020-01-29,18.03
Levy County,2020-01-29,18.42
Liberty County,2020-01-29,19.83
Madison County,2020-01-29,17.51
Manatee County,2020-01-29,22.08
Marion County,2020-01-29,19.24
Martin County,2020-01-29,23.4
Miami-Dade County,2020-01-29,26.69
Monroe County,2020-01-29,26.02
Nassau County,2020-01-29,17.26
Okaloosa County,2020-01-29,18.19
Okeechobee County,2020-01-29,22.23
Orange County,2020-01-29,20.5
Osceola County,2020-01-29,21.3
Palm Beach County,2020-01-29,25.03
Pasco County,2020-01-29,21.16
Pinellas County,2020-01-29,20.9
Polk County,2020-01-29,21.7
Putnam County,2020-01-29,18.75
St. Johns County,2020-01-29,17.8
St. Lucie County,2020-01-29,22.07
Santa Rosa County,2020-01-29,18.24
Sarasota County,2020-01-29,22.44
Seminole County,2020-01-29,19.74
Sumter County,2020-01-29,20.63
Suwannee County,2020-01-29,17.88
Taylor County,2020-01-29,18.06
Union County,2020-01-29,17.74
Volusia County,2020-01-29,18.59
Wakulla County,2020-01-29,18.72
Walton County,2020-01-29,18.32
Washington County,2020-01-29,19.31
Alachua County,2020-01-30,16.81
Baker County,2020-01-30,14.67
Bay County,2020-01-30,12.67
Bradford County,2020-01-30,15.87
Brevard County,2020-01-30,22.9
Broward County,2020-01-30,26.9
Calhoun County,2020-01-30,13.02
Charlotte County,2020-01-30,25.2
Citrus County,2020-01-30,19.04
Clay County,2020-01-30,16.46
Collier County,2020-01-30,25.83
Columbia County,2020-01-30,14.51
DeSoto County,2020-01-30,25.56
Dixie County,2020-01-30,16.16
Duval County,2020-01-30,15.62
Escambia County,2020-01-30,12.08
Flagler County,2020-01-30,18.97
Franklin County,2020-01-30,12.67
Gadsden County,2020-01-30,12.45
Gilchrist County,2020-01-30,16.77
Glades County,2020-01-30,26.05
Gulf County,2020-01-30,13.05
Hamilton County,2020-01-30,13.09
Hardee County,2020-01-30,25.28
Hendry County,2020-01-30,26.25
Hernando County,2020-01-30,19.96
Highlands County,2020-01-30,25.88
Hillsborough County,2020-01-30,22.49
Holmes County,2020-01-30,13.83
Indian River County,2020-01-30,24.99
Jackson County,2020-01-30,12.86
Jefferson County,2020-01-30,12.56
Lafayette County,2020-01-30,14.85
Lake County,2020-01-30,20.39
Lee County,2020-01-30,25.19
Leon County,2020-01-30,12.49
Levy County,2020-01-30,17.89
Liberty County,2020-01-30,12.98
Madison County,2020-01-30,12.93
Manatee County,2020-01-30,23.78
Marion County,2020-01-30,18.37
Martin County,2020-01-30,26.48
Miami-Dade County,2020-01-30,27.13
Monroe County,2020-01-30,25.83
Nassau County,2020-01-30,14.92
Okaloosa County,2020-01-30,11.57
Okeechobee County,2020-01-30,25.81
Orange County,2020-01-30,22.34
Osceola County,2020-01-30,24.39
Palm Beach County,2020-01-30,26.74
Pasco County,2020-01-30,20.91
Pinellas County,2020-01-30,20.72
Polk County,2020-01-30,24.01
Putnam County,2020-01-30,17.81
St. Johns County,2020-01-30,17.56
St. Lucie County,2020-01-30,25.75
Santa Rosa County,2020-01-30,11.24
Sarasota County,2020-01-30,24.07
Seminole County,2020-01-30,21.48
Sumter County,2020-01-30,19.92
Suwannee County,2020-01-30,14.21
Taylor County,2020-01-30,13.75
Union County,2020-01-30,15.43
Volusia County,2020-01-30,20.12
Wakulla County,2020-01-30,12.53
Walton County,2020-01-30,12.48
Washington County,2020-01-30,13.59
Alachua County,2020-01-31,16.75
Baker County,2020-01-31,16.34
Bay County,2020-01-31,17.65
Bradford County,2020-01-31,16.66
Brevard County,2020-01-31,21.95
Broward County,2020-01-31,24.85
Calhoun County,2020-01-31,18.19
Charlotte County,2020-01-31,20.81
Citrus County,2020-01-31,17.94
Clay County,2020-01-31,17.48
Collier County,2020-01-31,24.11
Columbia County,2020-01-31,16.13
DeSoto County,2020-01-31,20.42
Dixie County,2020-01-31,16.82
Duval County,2020-01-31,17.5
Escambia County,2020-01-31,17.29
Flagler County,2020-01-31,18.86
Franklin County,2020-01-31,18.43
Gadsden County,2020-01-31,17.93
Gilchrist County,2020-01-31,16.71
Glades County,2020-01-31,22.34
Gulf County,2020-01-31,18.67
Hamilton County,2020-01-31,16.52
Hardee County,2020-01-31,20.53
Hendry County,2020-01-31,23.44
Hernando County,2020-01-31,18.66
Highlands County,2020-01-31,21.67
Hillsborough County,2020-01-31,19.33
Holmes County,2020-01-31,17.36
Indian River County,2020-01-31,23.06
Jackson County,2020-01-31,17.33
Jefferson County,2020-01-31,17.79
Lafayette County,2020-01-31,17.4
Lake County,2020-01-31,19.66
Lee County,2020-01-31,22.16
Leon County,2020-01-31,18.13
Levy County,2020-01-31,16.64
Liberty County,2020-01-31,18.69
Madison County,2020-01-31,17.51
Manatee County,2020-01-31,19.05
Marion County,2020-01-31,17.89
Martin County,2020-01-31,24.42
Miami-Dade County,2020-01-31,25.46
Monroe County,2020-01-31,25.28
Nassau County,2020-01-31,17.09
Okaloosa County,2020-01-31,16.75
Okeechobee County,2020-01-31,22.97
Orange County,2020-01-31,21.16
Osceola County,2020-01-31,22.26
Palm Beach County,2020-01-31,24.71
Pasco County,2020-01-31,19.0
Pinellas County,2020-01-31,18.1
Polk County,2020-01-31,21.0
Putnam County,2020-01-31,18.03
St. Johns County,2020-01-31,18.42
St. Lucie County,2020-01-31,23.66
Santa Rosa County,2020-01-31,16.82
Sarasota County,2020-01-31,19.19
Seminole County,2020-01-31,20.63
Sumter County,2020-01-31,19.17
Suwannee County,2020-01-31,16.94
Taylor County,2020-01-31,17.79
Union County,2020-01-31,16.27
Volusia County,2020-01-31,19.66
Wakulla County,2020-01-31,18.29
Walton County,2020-01-31,16.89
Washington County,2020-01-31,17.75
Alachua County,2020-02-01,19.24
Baker County,2020-02-01,17.71
Bay County,2020-02-01,12.67
Bradford County,2020-02-01,19.18
Brevard County,2020-02-01,24.61
Broward County,2020-02-01,26.79
Calhoun County,2020-02-01,12.55
Charlotte County,2020-02-01,25.51
Citrus County,2020-02-01,20.75
Clay County,2020-02-01,20.16
Collier County,2020-02-01,26.57
Columbia County,2020-02-01,16.81
DeSoto County,2020-02-01,25.05
Dixie County,2020-02-01,16.21
Duval County,2020-02-01,19.41
Escambia County,2020-02-01,13.74
Flagler County,2020-02-01,22.59
Franklin County,2020-02-01,12.96
Gadsden County,2020-02-01,11.8
Gilchrist County,2020-02-01,17.48
Glades County,2020-02-01,26.05
Gulf County,2020-02-01,13.11
Hamilton County,2020-02-01,14.88
Hardee County,2020-02-01,24.38
Hendry County,2020-02-01,26.07
Hernando County,2020-02-01,21.1
Highlands County,2020-02-01,25.35
Hillsborough County,2020-02-01,21.69
Holmes County,2020-02-01,12.51
Indian River County,2020-02-01,26.01
Jackson County,2020-02-01,11.91
Jefferson County,2020-02-01,12.96
Lafayette County,2020-02-01,15.67
Lake County,2020-02-01,22.61
Lee County,2020-02-01,25.96
Leon County,2020-02-01,12.37
Levy County,2020-02-01,18.34
Liberty County,2020-02-01,12.73
Madison County,2020-02-01,13.8
Manatee County,2020-02-01,22.63
Marion County,2020-02-01,21.31
Martin County,2020-02-01,27.59
Miami-Dade County,2020-02-01,27.12
Monroe County,2020-02-01,27.45
Nassau County,2020-02-01,17.89
Okaloosa County,2020-02-01,13.06
Okeechobee County,2020-02-01,26.19
Orange County,2020-02-01,23.71
Osceola County,2020-02-01,24.79
Palm Beach County,2020-02-01,27.45
Pasco County,2020-02-01,21.16
Pinellas County,2020-02-01,20.05
Polk County,2020-02-01,23.62
Putnam County,2020-02-01,21.41
St. Johns County,2020-02-01,21.4
St. Lucie County,2020-02-01,26.93
Santa Rosa County,2020-02-01,13.28
Sarasota County,2020-02-01,23.75
Seminole County,2020-02-01,23.35
Sumter County,2020-02-01,21.82
Suwannee County,2020-02-01,15.72
Taylor County,2020-02-01,14.43
Union County,2020-02-01,18.23
Volusia County,2020-02-01,23.06
Wakulla County,2020-02-01,12.84
Walton County,2020-02-01,12.83
Washington County,2020-02-01,12.88
Alachua County,2020-02-02,15.02
Baker County,2020-02-02,12.86
Bay County,2020-02-02,13.4
Bradford County,2020-02-02,14.27
Brevard County,2020-02-02,18.76
Broward County,2020-02-02,23.68
Calhoun County,2020-02-02,12.76
Charlotte County,2020-02-02,19.42
Citrus County,2020-02-02,17.26
Clay County,2020-02-02,14.58
Collier County,2020-02-02,21.53
Columbia County,2020-02-02,13.1
DeSoto County,2020-02-02,19.36
Dixie County,2020-02-02,14.05
Duval County,2020-02-02,13.17
Escambia County,2020-02-02,13.83
Flagler County,2020-02-02,16.63
Franklin County,2020-02-02,13.43
Gadsden County,2020-02-02,11.42
Gilchrist County,2020-02-02,14.48
Glades County,2020-02-02,20.17
Gulf County,2020-02-02,13.81
Hamilton County,2020-02-02,12.17
Hardee County,2020-02-02,19.53
Hendry County,2020-02-02,21.08
Hernando County,2020-02-02,17.81
Highlands County,2020-02-02,19.7
Hillsborough County,2020-02-02,18.35
Holmes County,2020-02-02,12.8
Indian River County,2020-02-02,20.18
Jackson County,2020-02-02,11.87
Jefferson County,2020-02-02,11.64
Lafayette County,2020-02-02,13.66
Lake County,2020-02-02,18.17
Lee County,2020-02-02,19.69
Leon County,2020-02-02,11.55
Levy County,2020-02-02,15.16
Liberty County,2020-02-02,12.94
Madison County,2020-02-02,12.1
Manatee County,2020-02-02,18.44
Marion County,2020-02-02,16.93
Martin County,2020-02-02,22.02
Miami-Dade County,2020-02-02,24.79
Monroe County,2020-02-02,24.04
Nassau County,2020-02-02,11.93
Okaloosa County,2020-02-02,13.87
Okeechobee County,2020-02-02,20.35
Orange County,2020-02-02,18.75
Osceola County,2020-02-02,19.68
Palm Beach County,2020-02-02,23.15
Pasco County,2020-02-02,18.03
Pinellas County,2020-02-02,17.35
Polk County,2020-02-02,19.37
Putnam County,2020-02-02,16.09
St. Johns County,2020-02-02,15.24
St. Lucie County,2020-02-02,20.98
Santa Rosa County,2020-02-02,13.66
Sarasota County,2020-02-02,18.62
Seminole County,2020-02-02,17.93
Sumter County,2020-02-02,17.95
Suwannee County,2020-02-02,13.24
Taylor County,2020-02-02,13.01
Union County,2020-02-02,13.84
Volusia County,2020-02-02,17.14
Wakulla County,2020-02-02,12.41
Walton County,2020-02-02,13.62
Washington County,2020-02-02,13.03
Alachua County,2020-02-03,17.33
Baker County,2020-02-03,17.52
Bay County,2020-02-03,18.62
Bradford County,2020-02-03,17.44
Brevard County,2020-02-03,18.36
Broward County,2020-02-03,22.19
Calhoun County,2020-02-03,19.76
Charlotte County,2020-02-03,19.12
Citrus County,2020-02-03,17.76
Clay County,2020-02-03,18.01
Collier County,2020-02-03,21.39
Columbia County,2020-02-03,17.33
DeSoto County,2020-02-03,19.24
Dixie County,2020-02-03,16.71
Duval County,2020-02-03,17.9
Escambia County,2020-02-03,21.0
Flagler County,2020-02-03,18.96
Franklin County,2020-02-03,18.65
Gadsden County,2020-02-03,19.91
Gilchrist County,2020-02-03,17.16
Glades County,2020-02-03,20.5
Gulf County,2020-02-03,19.23
Hamilton County,2020-02-03,17.59
Hardee County,2020-02-03,19.09
Hendry County,2020-02-03,21.62
Hernando County,2020-02-03,17.95
Highlands County,2020-02-03,19.51
Hillsborough County,2020-02-03,17.62
Holmes County,2020-02-03,19.29
Indian River County,2020-02-03,19.06
Jackson County,2020-02-03,19.34
Jefferson County,2020-02-03,18.98
Lafayette County,2020-02-03,17.72
Lake County,2020-02-03,18.73
Lee County,2020-02-03,19.32
Leon County,2020-02-03,19.61
Levy County,2020-02-03,16.61
Liberty County,2020-02-03,20.09
Madison County,2020-02-03,18.46
Manatee County,2020-02-03,17.83
Marion County,2020-02-03,18.25
Martin County,2020-02-03,20.32
Miami-Dade County,2020-02-03,22.87
Monroe County,2020-02-03,22.19
Nassau County,2020-02-03,17.83
Okaloosa County,2020-02-03,20.34
Okeechobee County,2020-02-03,19.63
Orange County,2020-02-03,18.81
Osceola County,2020-02-03,18.99
Palm Beach County,2020-02-03,21.64
Pasco County,2020-02-03,17.93
Pinellas County,2020-02-03,16.57
Polk County,2020-02-03,18.68
Putnam County,2020-02-03,18.43
St. Johns County,2020-02-03,18.33
St. Lucie County,2020-02-03,19.58
Santa Rosa County,2020-02-03,20.64
Sarasota County,2020-02-03,18.02
Seminole County,2020-02-03,18.7
Sumter County,2020-02-03,18.35
Suwannee County,2020-02-03,17.63
Taylor County,2020-02-03,17.95
Union County,2020-02-03,17.29
Volusia County,2020-02-03,18.83
Wakulla County,2020-02-03,19.04
Walton County,2020-02-03,19.56
Washington County,2020-02-03,19.35
Alachua County,2020-02-04,23.41
Baker County,2020-02-04,23.75
Bay County,2020-02-04,23.29
Bradford County,2020-02-04,23.55
Brevard County,2020-02-04,21.37
Broward County,2020-02-04,24.3
Calhoun County,2020-02-04,25.05
Charlotte County,2020-02-04,23.75
Citrus County,2020-02-04,23.25
Clay County,2020-02-04,23.81
Collier County,2020-02-04,24.64
Columbia County,2020-02-04,23.59
DeSoto County,2020-02-04,23.89
Dixie County,2020-02-04,22.4
Duval County,2020-02-04,23.38
Escambia County,2020-02-04,22.72
Flagler County,2020-02-04,23.29
Franklin County,2020-02-04,23.91
Gadsden County,2020-02-04,24.75
Gilchrist County,2020-02-04,23.23
Glades County,2020-02-04,23.6
Gulf County,2020-02-04,24.48
Hamilton County,2020-02-04,23.58
Hardee County,2020-02-04,23.96
Hendry County,2020-02-04,24.27
Hernando County,2020-02-04,23.4
Highlands County,2020-02-04,23.29
Hillsborough County,2020-02-04,22.99
Holmes County,2020-02-04,24.09
Indian River County,2020-02-04,22.03
Jackson County,2020-02-04,24.56
Jefferson County,2020-02-04,23.94
Lafayette County,2020-02-04,23.55
Lake County,2020-02-04,24.1
Lee County,2020-02-04,23.67
Leon County,2020-02-04,24.56
Levy County,2020-02-04,22.34
Liberty County,2020-02-04,25.47
Madison County,2020-02-04,23.82
Manatee County,2020-02-04,23.36
Marion County,2020-02-04,23.99
Martin County,2020-02-04,22.84
Miami-Dade County,2020-02-04,25.26
Monroe County,2020-02-04,25.34
Nassau County,2020-02-04,23.57
Okaloosa County,2020-02-04,23.13
Okeechobee County,2020-02-04,22.87
Orange County,2020-02-04,23.48
Osceola County,2020-02-04,23.19
Palm Beach County,2020-02-04,23.88
Pasco County,2020-02-04,23.39
Pinellas County,2020-02-04,21.62
Polk County,2020-02-04,23.66
Putnam County,2020-02-04,23.99
St. Johns County,2020-02-04,23.02
St. Lucie County,2020-02-04,22.26
Santa Rosa County,2020-02-04,22.78
Sarasota County,2020-02-04,23.57
Seminole County,2020-02-04,23.21
Sumter County,2020-02-04,24.05
Suwannee County,2020-02-04,23.64
Taylor County,2020-02-04,23.34
Union County,2020-02-04,23.54
Volusia County,2020-02-04,22.82
Wakulla County,2020-02-04,24.28
Walton County,2020-02-04,23.28
Washington County,2020-02-04,24.27
Alachua County,2020-02-05,22.95
Baker County,2020-02-05,22.92
Bay County,2020-02-05,22.73
Bradford County,2020-02-05,22.92
Brevard County,2020-02-05,25.05
Broward County,2020-02-05,27.23
Calhoun County,2020-02-05,23.81
Charlotte County,2020-02-05,26.2
Citrus County,2020-02-05,23.96
Clay County,2020-02-05,23.25
Collier County,2020-02-05,27.01
Columbia County,2020-02-05,22.78
DeSoto County,2020-02-05,26.42
Dixie County,2020-02-05,21.59
Duval County,2020-02-05,22.5
Escambia County,2020-02-05,23.89
Flagler County,2020-02-05,24.31
Franklin County,2020-02-05,22.66
Gadsden County,2020-02-05,23.28
Gilchrist County,2020-02-05,22.5
Glades County,2020-02-05,26.64
Gulf County,2020-02-05,23.4
Hamilton County,2020-02-05,22.72
Hardee County,2020-02-05,26.49
Hendry County,2020-02-05,27.12
Hernando County,2020-02-05,24.65
Highlands County,2020-02-05,26.29
Hillsborough County,2020-02-05,25.04
Holmes County,2020-02-05,23.6
Indian River County,2020-02-05,25.79
Jackson County,2020-02-05,23.45
Jefferson County,2020-02-05,22.6
Lafayette County,2020-02-05,22.49
Lake County,2020-02-05,25.6
Lee County,2020-02-05,26.08
Leon County,2020-02-05,23.04
Levy County,2020-02-05,22.09
Liberty County,2020-02-05,23.96
Madison County,2020-02-05,22.72
Manatee County,2020-02-05,25.62
Marion County,2020-02-05,24.41
Martin County,2020-02-05,26.64
Miami-Dade County,2020-02-05,27.53
Monroe County,2020-02-05,27.43
Nassau County,2020-02-05,22.42
Okaloosa County,2020-02-05,23.57
Okeechobee County,2020-02-05,26.31
Orange County,2020-02-05,25.81
Osceola County,2020-02-05,26.08
Palm Beach County,2020-02-05,27.32
Pasco County,2020-02-05,25.0
Pinellas County,2020-02-05,23.91
Polk County,2020-02-05,26.03
Putnam County,2020-02-05,24.07
St. Johns County,2020-02-05,23.04
St. Lucie County,2020-02-05,26.11
Santa Rosa County,2020-02-05,23.62
Sarasota County,2020-02-05,25.84
Seminole County,2020-02-05,25.47
Sumter County,2020-02-05,25.21
Suwannee County,2020-02-05,22.69
Taylor County,2020-02-05,22.06
Union County,2020-02-05,22.81
Volusia County,2020-02-05,24.85
Wakulla County,2020-02-05,22.63
Walton County,2020-02-05,23.24
Washington County,2020-02-05,23.64
Alachua County,2020-02-06,26.16
Baker County,2020-02-06,25.71
Bay County,2020-02-06,23.94
Bradford County,2020-02-06,26.1
Brevard County,2020-02-06,26.54
Broward County,2020-02-06,28.3
Calhoun County,2020-02-06,24.76
Charlotte County,2020-02-06,27.05
Citrus County,2020-02-06,27.03
Clay County,2020-02-06,26.54
Collier County,2020-02-06,28.45
Columbia County,2020-02-06,25.4
DeSoto County,2020-02-06,27.39
Dixie County,2020-02-06,24.46
Duval County,2020-02-06,25.85
Escambia County,2020-02-06,23.87
Flagler County,2020-02-06,27.12
Franklin County,2020-02-06,24.03
Gadsden County,2020-02-06,24.13
Gilchrist County,2020-02-06,25.48
Glades County,2020-02-06,28.04
Gulf County,2020-02-06,24.75
Hamilton County,2020-02-06,25.04
Hardee County,2020-02-06,27.76
Hendry County,2020-02-06,28.52
Hernando County,2020-02-06,27.4
Highlands County,2020-02-06,27.93
Hillsborough County,2020-02-06,26.83
Holmes County,2020-02-06,24.25
Indian River County,2020-02-06,27.54
Jackson County,2020-02-06,24.29
Jefferson County,2020-02-06,24.12
Lafayette County,2020-02-06,25.18
Lake County,2020-02-06,28.03
Lee County,2020-02-06,27.09
Leon County,2020-02-06,24.07
Levy County,2020-02-06,25.25
Liberty County,2020-02-06,24.84
Madison County,2020-02-06,24.75
Manatee County,2020-02-06,26.56
Marion County,2020-02-06,27.49
Martin County,2020-02-06,28.02
Miami-Dade County,2020-02-06,28.58
Monroe County,2020-02-06,28.71
Nassau County,2020-02-06,25.55
Okaloosa County,2020-02-06,24.06
Okeechobee County,2020-02-06,28.26
Orange County,2020-02-06,27.71
Osceola County,2020-02-06,28.01
Palm Beach County,2020-02-06,28.45
Pasco County,2020-02-06,27.37
Pinellas County,2020-02-06,25.71
Polk County,2020-02-06,27.9
Putnam County,2020-02-06,27.2
St. Johns County,2020-02-06,26.36
St. Lucie County,2020-02-06,27.68
Santa Rosa County,2020-02-06,23.84
Sarasota County,2020-02-06,26.41
Seminole County,2020-02-06,27.29
Sumter County,2020-02-06,28.01
Suwannee County,2020-02-06,25.28
Taylor County,2020-02-06,24.3
Union County,2020-02-06,25.76
Volusia County,2020-02-06,26.97
Wakulla County,2020-02-06,23.82
Walton County,2020-02-06,23.99
Washington County,2020-02-06,24.5
Alachua County,2020-02-07,27.38
Baker County,2020-02-07,26.9
Bay County,2020-02-07,24.94
Bradford County,2020-02-07,27.6
Brevard County,2020-02-07,29.99
Broward County,2020-02-07,28.97
Calhoun County,2020-02-07,26.24
Charlotte County,2020-02-07,28.74
Citrus County,2020-02-07,28.19
Clay County,2020-02-07,28.48
Collier County,2020-02-07,28.33
Columbia County,2020-02-07,25.87
DeSoto County,2020-02-07,29.33
Dixie County,2020-02-07,24.47
Duval County,2020-02-07,27.89
Escambia County,2020-02-07,22.69
Flagler County,2020-02-07,29.78
Franklin County,2020-02-07,24.08
Gadsden County,2020-02-07,25.04
Gilchrist County,2020-02-07,25.83
Glades County,2020-02-07,28.98
Gulf County,2020-02-07,25.04
Hamilton County,2020-02-07,24.68
Hardee County,2020-02-07,29.91
Hendry County,2020-02-07,28.37
Hernando County,2020-02-07,28.67
Highlands County,2020-02-07,29.61
Hillsborough County,2020-02-07,28.6
Holmes County,2020-02-07,26.82
Indian River County,2020-02-07,30.22
Jackson County,2020-02-07,26.49
Jefferson County,2020-02-07,23.98
Lafayette County,2020-02-07,24.85
Lake County,2020-02-07,30.18
Lee County,2020-02-07,28.26
Leon County,2020-02-07,24.6
Levy County,2020-02-07,25.94
Liberty County,2020-02-07,25.65
Madison County,2020-02-07,24.1
Manatee County,2020-02-07,28.35
Marion County,2020-02-07,29.12
Martin County,2020-02-07,30.46
Miami-Dade County,2020-02-07,29.31
Monroe County,2020-02-07,29.06
Nassau County,2020-02-07,27.34
Okaloosa County,2020-02-07,25.05
Okeechobee County,2020-02-07,29.9
Orange County,2020-02-07,30.49
Osceola County,2020-02-07,30.46
Palm Beach County,2020-02-07,29.83
Pasco County,2020-02-07,28.77
Pinellas County,2020-02-07,26.77
Polk County,2020-02-07,30.17
Putnam County,2020-02-07,29.28
St. Johns County,2020-02-07,28.72
St. Lucie County,2020-02-07,30.36
Santa Rosa County,2020-02-07,23.88
Sarasota County,2020-02-07,28.23
Seminole County,2020-02-07,30.23
Sumter County,2020-02-07,29.61
Suwannee County,2020-02-07,25.0
Taylor County,2020-02-07,24.04
Union County,2020-02-07,26.83
Volusia County,2020-02-07,29.99
Wakulla County,2020-02-07,24.34
Walton County,2020-02-07,25.62
Washington County,2020-02-07,26.92
Alachua County,2020-02-08,17.63
Baker County,2020-02-08,18.01
Bay County,2020-02-08,15.95
Bradford County,2020-02-08,17.98
Brevard County,2020-02-08,18.86
Broward County,2020-02-08,24.37
Calhoun County,2020-02-08,15.99
Charlotte County,2020-02-08,23.07
Citrus County,2020-02-08,17.63
Clay County,2020-02-08,18.35
Collier County,2020-02-08,24.48
Columbia County,2020-02-08,17.78
DeSoto County,2020-02-08,21.62
Dixie County,2020-02-08,16.67
Duval County,2020-02-08,18.12
Escambia County,2020-02-08,15.42
Flagler County,2020-02-08,18.65
Franklin County,2020-02-08,16.27
Gadsden County,2020-02-08,15.38
Gilchrist County,2020-02-08,17.32
Glades County,2020-02-08,21.86
Gulf County,2020-02-08,16.49
Hamilton County,2020-02-08,17.18
Hardee County,2020-02-08,20.41
Hendry County,2020-02-08,23.38
Hernando County,2020-02-08,17.92
Highlands County,2020-02-08,20.16
Hillsborough County,2020-02-08,18.97
Holmes County,2020-02-08,15.3
Indian River County,2020-02-08,20.02
Jackson County,2020-02-08,15.12
Jefferson County,2020-02-08,16.13
Lafayette County,2020-02-08,17.56
Lake County,2020-02-08,18.11
Lee County,2020-02-08,23.87
Leon County,2020-02-08,15.78
Levy County,2020-02-08,16.56
Liberty County,2020-02-08,16.31
Madison County,2020-02-08,16.81
Manatee County,2020-02-08,20.9
Marion County,2020-02-08,17.95
Martin County,2020-02-08,22.73
Miami-Dade County,2020-02-08,24.4
Monroe County,2020-02-08,25.04
Nassau County,2020-02-08,17.81
Okaloosa County,2020-02-08,15.89
Okeechobee County,2020-02-08,20.28
Orange County,2020-02-08,18.26
Osceola County,2020-02-08,18.77
Palm Beach County,2020-02-08,23.95
Pasco County,2020-02-08,18.19
Pinellas County,2020-02-08,18.98
Polk County,2020-02-08,18.71
Putnam County,2020-02-08,18.44
St. Johns County,2020-02-08,18.49
St. Lucie County,2020-02-08,21.39
Santa Rosa County,2020-02-08,15.34
Sarasota County,2020-02-08,22.61
Seminole County,2020-02-08,18.08
Sumter County,2020-02-08,17.85
Suwannee County,2020-02-08,17.67
Taylor County,2020-02-08,16.92
Union County,2020-02-08,17.93
Volusia County,2020-02-08,18.33
Wakulla County,2020-02-08,16.08
Walton County,2020-02-08,15.94
Washington County,2020-02-08,15.9
Alachua County,2020-02-09,20.08
Baker County,2020-02-09,19.79
Bay County,2020-02-09,18.89
Bradford County,2020-02-09,19.99
Brevard County,2020-02-09,21.3
Broward County,2020-02-09,25.18
Calhoun County,2020-02-09,19.12
Charlotte County,2020-02-09,24.45
Citrus County,2020-02-09,21.25
Clay County,2020-02-09,20.26
Collier County,2020-02-09,25.25
Columbia County,2020-02-09,19.71
DeSoto County,2020-02-09,24.12
Dixie County,2020-02-09,19.31
Duval County,2020-02-09,19.96
Escambia County,2020-02-09,19.21
Flagler County,2020-02-09,20.2
Franklin County,2020-02-09,19.02
Gadsden County,2020-02-09,18.57
Gilchrist County,2020-02-09,19.87
Glades County,2020-02-09,24.68
Gulf County,2020-02-09,19.26
Hamilton County,2020-02-09,19.35
Hardee County,2020-02-09,23.97
Hendry County,2020-02-09,25.23
Hernando County,2020-02-09,21.85
Highlands County,2020-02-09,24.04
Hillsborough County,2020-02-09,22.49
Holmes County,2020-02-09,18.99
Indian River County,2020-02-09,23.03
Jackson County,2020-02-09,18.82
Jefferson County,2020-02-09,18.79
Lafayette County,2020-02-09,19.81
Lake County,2020-02-09,22.2
Lee County,2020-02-09,24.71
Leon County,2020-02-09,18.67
Levy County,2020-02-09,19.65
Liberty County,2020-02-09,19.27
Madison County,2020-02-09,19.27
Manatee County,2020-02-09,23.26
Marion County,2020-02-09,21.12
Martin County,2020-02-09,24.75
Miami-Dade County,2020-02-09,25.31
Monroe County,2020-02-09,25.74
Nassau County,2020-02-09,19.66
Okaloosa County,2020-02-09,18.87
Okeechobee County,2020-02-09,24.11
Orange County,2020-02-09,22.57
Osceola County,2020-02-09,23.43
Palm Beach County,2020-02-09,25.5
Pasco County,2020-02-09,22.21
Pinellas County,2020-02-09,22.01
Polk County,2020-02-09,23.47
Putnam County,2020-02-09,20.61
St. Johns County,2020-02-09,20.08
St. Lucie County,2020-02-09,23.86
Santa Rosa County,2020-02-09,18.75
Sarasota County,2020-02-09,23.88
Seminole County,2020-02-09,21.58
Sumter County,2020-02-09,22.02
Suwannee County,2020-02-09,19.78
Taylor County,2020-02-09,19.28
Union County,2020-02-09,19.89
Volusia County,2020-02-09,20.41
Wakulla County,2020-02-09,18.74
Walton County,2020-02-09,18.9
Washington County,2020-02-09,19.26
Alachua County,2020-02-10,22.47
Baker County,2020-02-10,21.01
Bay County,2020-02-10,22.37
Bradford County,2020-02-10,21.62
Brevard County,2020-02-10,24.06
Broward County,2020-02-10,26.82
Calhoun County,2020-02-10,22.82
Charlotte County,2020-02-10,27.16
Citrus County,2020-02-10,24.49
Clay County,2020-02-10,21.4
Collier County,2020-02-10,27.59
Columbia County,2020-02-10,21.64
DeSoto County,2020-02-10,26.96
Dixie County,2020-02-10,22.33
Duval County,2020-02-10,19.67
Escambia County,2020-02-10,21.9
Flagler County,2020-02-10,22.75
Franklin County,2020-02-10,22.38
Gadsden County,2020-02-10,22.33
Gilchrist County,2020-02-10,22.61
Glades County,2020-02-10,26.93
Gulf County,2020-02-10,22.95
Hamilton County,2020-02-10,21.67
Hardee County,2020-02-10,26.87
Hendry County,2020-02-10,27.43
Hernando County,2020-02-10,25.22
Highlands County,2020-02-10,26.47
Hillsborough County,2020-02-10,25.82
Holmes County,2020-02-10,22.77
Indian River County,2020-02-10,25.18
Jackson County,2020-02-10,22.38
Jefferson County,2020-02-10,22.7
Lafayette County,2020-02-10,22.7
Lake County,2020-02-10,25.33
Lee County,2020-02-10,27.2
Leon County,2020-02-10,22.68
Levy County,2020-02-10,22.7
Liberty County,2020-02-10,22.92
Madison County,2020-02-10,22.56
Manatee County,2020-02-10,26.45
Marion County,2020-02-10,24.07
Martin County,2020-02-10,26.18
Miami-Dade County,2020-02-10,26.98
Monroe County,2020-02-10,27.46
Nassau County,2020-02-10,19.3
Okaloosa County,2020-02-10,22.46
Okeechobee County,2020-02-10,26.14
Orange County,2020-02-10,25.67
Osceola County,2020-02-10,26.13
Palm Beach County,2020-02-10,26.93
Pasco County,2020-02-10,25.64
Pinellas County,2020-02-10,24.98
Polk County,2020-02-10,26.4
Putnam County,2020-02-10,22.81
St. Johns County,2020-02-10,20.93
St. Lucie County,2020-02-10,25.58
Santa Rosa County,2020-02-10,21.99
Sarasota County,2020-02-10,26.93
Seminole County,2020-02-10,24.88
Sumter County,2020-02-10,25.25
Suwannee County,2020-02-10,22.27
Taylor County,2020-02-10,22.6
Union County,2020-02-10,21.67
Volusia County,2020-02-10,23.58
Wakulla County,2020-02-10,22.43
Walton County,2020-02-10,22.58
Washington County,2020-02-10,22.99
Alachua County,2020-02-11,26.78
Baker County,2020-02-11,26.07
Bay County,2020-02-11,22.51
Bradford County,2020-02-11,26.51
Brevard County,2020-02-11,26.26
Broward County,2020-02-11,28.36
Calhoun County,2020-02-11,23.0
Charlotte County,2020-02-11,28.78
Citrus County,2020-02-11,28.02
Clay County,2020-02-11,26.55
Collier County,2020-02-11,29.5
Columbia County,2020-02-11,26.09
DeSoto County,2020-02-11,28.67
Dixie County,2020-02-11,25.62
Duval County,2020-02-11,25.41
Escambia County,2020-02-11,23.59
Flagler County,2020-02-11,26.76
Franklin County,2020-02-11,22.82
Gadsden County,2020-02-11,23.75
Gilchrist County,2020-02-11,26.4
Glades County,2020-02-11,28.88
Gulf County,2020-02-11,22.95
Hamilton County,2020-02-11,25.79
Hardee County,2020-02-11,28.76
Hendry County,2020-02-11,29.37
Hernando County,2020-02-11,28.43
Highlands County,2020-02-11,28.51
Hillsborough County,2020-02-11,28.24
Holmes County,2020-02-11,22.98
Indian River County,2020-02-11,26.96
Jackson County,2020-02-11,23.06
Jefferson County,2020-02-11,25.15
Lafayette County,2020-02-11,26.14
Lake County,2020-02-11,28.32
Lee County,2020-02-11,29.03
Leon County,2020-02-11,24.4
Levy County,2020-02-11,26.37
Liberty County,2020-02-11,23.11
Madison County,2020-02-11,25.79
Manatee County,2020-02-11,27.93
Marion County,2020-02-11,27.89
Martin County,2020-02-11,27.76
Miami-Dade County,2020-02-11,28.33
Monroe County,2020-02-11,29.08
Nassau County,2020-02-11,25.05
Okaloosa County,2020-02-11,23.1
Okeechobee County,2020-02-11,28.03
Orange County,2020-02-11,27.98
Osceola County,2020-02-11,28.04
Palm Beach County,2020-02-11,28.51
Pasco County,2020-02-11,28.48
Pinellas County,2020-02-11,27.51
Polk County,2020-02-11,28.59
Putnam County,2020-02-11,27.22
St. Johns County,2020-02-11,25.97
St. Lucie County,2020-02-11,27.22
Santa Rosa County,2020-02-11,23.2
Sarasota County,2020-02-11,27.96
Seminole County,2020-02-11,27.41
Sumter County,2020-02-11,28.43
Suwannee County,2020-02-11,26.14
Taylor County,2020-02-11,25.33
Union County,2020-02-11,26.33
Volusia County,2020-02-11,26.79
Wakulla County,2020-02-11,23.58
Walton County,2020-02-11,22.89
Washington County,2020-02-11,23.18
Alachua County,2020-02-12,27.74
Baker County,2020-02-12,27.69
Bay County,2020-02-12,24.62
Bradford County,2020-02-12,27.97
Brevard County,2020-02-12,28.13
Broward County,2020-02-12,29.54
Calhoun County,2020-02-12,25.87
Charlotte County,2020-02-12,28.88
Citrus County,2020-02-12,28.56
Clay County,2020-02-12,28.63
Collier County,2020-02-12,30.0
Columbia County,2020-02-12,27.17
DeSoto County,2020-02-12,29.52
Dixie County,2020-02-12,25.47
Duval County,2020-02-12,27.97
Escambia County,2020-02-12,25.42
Flagler County,2020-02-12,29.8
Franklin County,2020-02-12,24.47
Gadsden County,2020-02-12,26.29
Gilchrist County,2020-02-12,26.68
Glades County,2020-02-12,29.96
Gulf County,2020-02-12,24.92
Hamilton County,2020-02-12,26.77
Hardee County,2020-02-12,30.1
Hendry County,2020-02-12,30.1
Hernando County,2020-02-12,29.06
Highlands County,2020-02-12,30.11
Hillsborough County,2020-02-12,28.87
Holmes County,2020-02-12,26.43
Indian River County,2020-02-12,28.58
Jackson County,2020-02-12,26.46
Jefferson County,2020-02-12,26.32
Lafayette County,2020-02-12,26.39
Lake County,2020-02-12,30.54
Lee County,2020-02-12,28.93
Leon County,2020-02-12,26.35
Levy County,2020-02-12,26.43
Liberty County,2020-02-12,25.79
Madison County,2020-02-12,26.56
Manatee County,2020-02-12,28.01
Marion County,2020-02-12,29.38
Martin County,2020-02-12,29.56
Miami-Dade County,2020-02-12,29.61
Monroe County,2020-02-12,29.95
Nassau County,2020-02-12,27.38
Okaloosa County,2020-02-12,25.8
Okeechobee County,2020-02-12,29.66
Orange County,2020-02-12,30.35
Osceola County,2020-02-12,29.99
Palm Beach County,2020-02-12,29.91
Pasco County,2020-02-12,29.12
Pinellas County,2020-02-12,26.94
Polk County,2020-02-12,30.41
Putnam County,2020-02-12,29.39
St. Johns County,2020-02-12,28.8
St. Lucie County,2020-02-12,29.02
Santa Rosa County,2020-02-12,25.59
Sarasota County,2020-02-12,27.45
Seminole County,2020-02-12,30.08
Sumter County,2020-02-12,29.98
Suwannee County,2020-02-12,26.73
Taylor County,2020-02-12,25.79
Union County,2020-02-12,27.55
Volusia County,2020-02-12,29.8
Wakulla County,2020-02-12,25.45
Walton County,2020-02-12,25.6
Washington County,2020-02-12,26.06
Alachua County,2020-02-13,28.22
Baker County,2020-02-13,27.98
Bay County,2020-02-13,24.42
Bradford County,2020-02-13,28.23
Brevard County,2020-02-13,28.64
Broward County,2020-02-13,29.89
Calhoun County,2020-02-13,25.67
Charlotte County,2020-02-13,29.31
Citrus County,2020-02-13,28.97
Clay County,2020-02-13,28.57
Collier County,2020-02-13,30.18
Columbia County,2020-02-13,27.6
DeSoto County,2020-02-13,29.93
Dixie County,2020-02-13,25.95
Duval County,2020-02-13,27.7
Escambia County,2020-02-13,24.93
Flagler County,2020-02-13,28.97
Franklin County,2020-02-13,24.29
Gadsden County,2020-02-13,25.34
Gilchrist County,2020-02-13,27.39
Glades County,2020-02-13,30.37
Gulf County,2020-02-13,24.97
Hamilton County,2020-02-13,27.05
Hardee County,2020-02-13,30.37
Hendry County,2020-02-13,30.54
Hernando County,2020-02-13,29.49
Highlands County,2020-02-13,30.26
Hillsborough County,2020-02-13,29.13
Holmes County,2020-02-13,25.9
Indian River County,2020-02-13,29.38
Jackson County,2020-02-13,25.75
Jefferson County,2020-02-13,25.48
Lafayette County,2020-02-13,26.83
Lake County,2020-02-13,30.72
Lee County,2020-02-13,29.21
Leon County,2020-02-13,25.28
Levy County,2020-02-13,27.02
Liberty County,2020-02-13,25.67
Madison County,2020-02-13,26.38
Manatee County,2020-02-13,28.67
Marion County,2020-02-13,29.72
Martin County,2020-02-13,29.96
Miami-Dade County,2020-02-13,29.79
Monroe County,2020-02-13,29.83
Nassau County,2020-02-13,27.6
Okaloosa County,2020-02-13,25.28
Okeechobee County,2020-02-13,30.15
Orange County,2020-02-13,30.55
Osceola County,2020-02-13,30.43
Palm Beach County,2020-02-13,30.35
Pasco County,2020-02-13,29.59
Pinellas County,2020-02-13,27.19
Polk County,2020-02-13,30.59
Putnam County,2020-02-13,29.31
St. Johns County,2020-02-13,27.84
St. Lucie County,2020-02-13,29.57
Santa Rosa County,2020-02-13,25.06
Sarasota County,2020-02-13,28.3
Seminole County,2020-02-13,30.17
Sumter County,2020-02-13,30.4
Suwannee County,2020-02-13,27.17
Taylor County,2020-02-13,25.57
Union County,2020-02-13,27.94
Volusia County,2020-02-13,29.35
Wakulla County,2020-02-13,24.69
Walton County,2020-02-13,25.16
Washington County,2020-02-13,25.69
Alachua County,2020-02-14,28.65
Baker County,2020-02-14,28.06
Bay County,2020-02-14,23.96
Bradford County,2020-02-14,28.55
Brevard County,2020-02-14,30.75
Broward County,2020-02-14,30.32
Calhoun County,2020-02-14,25.33
Charlotte County,2020-02-14,30.33
Citrus County,2020-02-14,29.53
Clay County,2020-02-14,29.02
Collier County,2020-02-14,30.29
Columbia County,2020-02-14,27.84
DeSoto County,2020-02-14,30.68
Dixie County,2020-02-14,27.06
Duval County,2020-02-14,28.2
Escambia County,2020-02-14,20.59
Flagler County,2020-02-14,30.48
Franklin County,2020-02-14,26.19
Gadsden County,2020-02-14,26.02
Gilchrist County,2020-02-14,27.92
Glades County,2020-02-14,30.79
Gulf County,2020-02-14,25.74
Hamilton County,2020-02-14,27.26
Hardee County,2020-02-14,30.96
Hendry County,2020-02-14,30.71
Hernando County,2020-02-14,29.85
Highlands County,2020-02-14,30.83
Hillsborough County,2020-02-14,29.6
Holmes County,2020-02-14,22.88
Indian River County,2020-02-14,31.2
Jackson County,2020-02-14,24.18
Jefferson County,2020-02-14,26.94
Lafayette County,2020-02-14,27.62
Lake County,2020-02-14,31.15
Lee County,2020-02-14,29.99
Leon County,2020-02-14,26.81
Levy County,2020-02-14,27.75
Liberty County,2020-02-14,26.44
Madison County,2020-02-14,27.17
Manatee County,2020-02-14,29.73
Marion County,2020-02-14,30.18
Martin County,2020-02-14,31.42
Miami-Dade County,2020-02-14,30.23
Monroe County,2020-02-14,30.19
Nassau County,2020-02-14,27.64
Okaloosa County,2020-02-14,21.53
Okeechobee County,2020-02-14,31.18
Orange County,2020-02-14,31.33
Osceola County,2020-02-14,31.37
Palm Beach County,2020-02-14,31.12
Pasco County,2020-02-14,29.82
Pinellas County,2020-02-14,28.16
Polk County,2020-02-14,30.99
Putnam County,2020-02-14,30.01
St. Johns County,2020-02-14,29.35
St. Lucie County,2020-02-14,31.34
Santa Rosa County,2020-02-14,20.65
Sarasota County,2020-02-14,29.86
Seminole County,2020-02-14,31.07
Sumter County,2020-02-14,30.68
Suwannee County,2020-02-14,27.63
Taylor County,2020-02-14,27.19
Union County,2020-02-14,28.23
Volusia County,2020-02-14,30.74
Wakulla County,2020-02-14,26.77
Walton County,2020-02-14,22.41
Washington County,2020-02-14,23.8
Alachua County,2020-02-15,18.98
Baker County,2020-02-15,17.17
Bay County,2020-02-15,18.31
Bradford County,2020-02-15,18.1
Brevard County,2020-02-15,24.09
Broward County,2020-02-15,30.55
Calhoun County,2020-02-15,18.68
Charlotte County,2020-02-15,29.09
Citrus County,2020-02-15,22.76
Clay County,2020-02-15,18.45
Collier County,2020-02-15,29.9
Columbia County,2020-02-15,17.14
DeSoto County,2020-02-15,28.73
Dixie County,2020-02-15,18.29
Duval County,2020-02-15,17.48
Escambia County,2020-02-15,17.41
Flagler County,2020-02-15,20.29
Franklin County,2020-02-15,18.71
Gadsden County,2020-02-15,18.15
Gilchrist County,2020-02-15,18.53
Glades County,2020-02-15,29.13
Gulf County,2020-02-15,19.02
Hamilton County,2020-02-15,16.66
Hardee County,2020-02-15,28.08
Hendry County,2020-02-15,29.88
Hernando County,2020-02-15,24.11
Highlands County,2020-02-15,28.01
Hillsborough County,2020-02-15,25.99
Holmes County,2020-02-15,18.16
Indian River County,2020-02-15,26.81
Jackson County,2020-02-15,18.2
Jefferson County,2020-02-15,17.39
Lafayette County,2020-02-15,17.67
Lake County,2020-02-15,23.55
Lee County,2020-02-15,29.21
Leon County,2020-02-15,17.9
Levy County,2020-02-15,19.77
Liberty County,2020-02-15,18.99
Madison County,2020-02-15,17.1
Manatee County,2020-02-15,27.65
Marion County,2020-02-15,21.58
Martin County,2020-02-15,29.41
Miami-Dade County,2020-02-15,30.69
Monroe County,2020-02-15,30.32
Nassau County,2020-02-15,17.03
Okaloosa County,2020-02-15,18.07
Okeechobee County,2020-02-15,28.01
Orange County,2020-02-15,24.14
Osceola County,2020-02-15,25.81
Palm Beach County,2020-02-15,30.55
Pasco County,2020-02-15,25.0
Pinellas County,2020-02-15,25.41
Polk County,2020-02-15,26.31
Putnam County,2020-02-15,19.96
St. Johns County,2020-02-15,18.65
St. Lucie County,2020-02-15,28.21
Santa Rosa County,2020-02-15,17.44
Sarasota County,2020-02-15,28.54
Seminole County,2020-02-15,23.04
Sumter County,2020-02-15,23.74
Suwannee County,2020-02-15,17.19
Taylor County,2020-02-15,17.54
Union County,2020-02-15,17.68
Volusia County,2020-02-15,21.54
Wakulla County,2020-02-15,18.05
Walton County,2020-02-15,18.22
Washington County,2020-02-15,18.42
Alachua County,2020-02-16,22.49
Baker County,2020-02-16,20.65
Bay County,2020-02-16,19.64
Bradford County,2020-02-16,21.55
Brevard County,2020-02-16,24.14
Broward County,2020-02-16,28.08
Calhoun County,2020-02-16,20.11
Charlotte County,2020-02-16,28.13
Citrus County,2020-02-16,25.24
Clay County,2020-02-16,21.47
Collier County,2020-02-16,29.2
Columbia County,2020-02-16,20.97
DeSoto County,2020-02-16,27.85
Dixie County,2020-02-16,22.09
Duval County,2020-02-16,19.69
Escambia County,2020-02-16,18.99
Flagler County,2020-02-16,22.85
Franklin County,2020-02-16,21.01
Gadsden County,2020-02-16,19.6
Gilchrist County,2020-02-16,22.4
Glades County,2020-02-16,28.02
Gulf County,2020-02-16,21.02
Hamilton County,2020-02-16,20.08
Hardee County,2020-02-16,27.56
Hendry County,2020-02-16,28.81
Hernando County,2020-02-16,26.01
Highlands County,2020-02-16,27.21
Hillsborough County,2020-02-16,26.58
Holmes County,2020-02-16,18.95
Indian River County,2020-02-16,25.67
Jackson County,2020-02-16,18.82
Jefferson County,2020-02-16,19.92
Lafayette County,2020-02-16,21.65
Lake County,2020-02-16,25.27
Lee County,2020-02-16,28.32
Leon County,2020-02-16,20.05
Levy County,2020-02-16,23.12
Liberty County,2020-02-16,20.96
Madison County,2020-02-16,20.13
Manatee County,2020-02-16,27.26
Marion County,2020-02-16,24.33
Martin County,2020-02-16,26.87
Miami-Dade County,2020-02-16,29.14
Monroe County,2020-02-16,29.27
Nassau County,2020-02-16,19.03
Okaloosa County,2020-02-16,19.35
Okeechobee County,2020-02-16,26.89
Orange County,2020-02-16,25.22
Osceola County,2020-02-16,25.96
Palm Beach County,2020-02-16,27.71
Pasco County,2020-02-16,26.4
Pinellas County,2020-02-16,25.96
Polk County,2020-02-16,26.61
Putnam County,2020-02-16,22.89
St. Johns County,2020-02-16,21.17
St. Lucie County,2020-02-16,26.28
Santa Rosa County,2020-02-16,18.99
Sarasota County,2020-02-16,27.73
Seminole County,2020-02-16,24.42
Sumter County,2020-02-16,25.67
Suwannee County,2020-02-16,21.07
Taylor County,2020-02-16,21.06
Union County,2020-02-16,21.39
Volusia County,2020-02-16,23.46
Wakulla County,2020-02-16,20.64
Walton County,2020-02-16,19.31
Washington County,2020-02-16,19.45
Alachua County,2020-02-17,25.51
Baker County,2020-02-17,22.74
Bay County,2020-02-17,15.69
Bradford County,2020-02-17,24.92
Brevard County,2020-02-17,26.44
Broward County,2020-02-17,28.47
Calhoun County,2020-02-17,15.39
Charlotte County,2020-02-17,29.15
Citrus County,2020-02-17,27.64
Clay County,2020-02-17,25.49
Collier County,2020-02-17,29.83
Columbia County,2020-02-17,22.32
DeSoto County,2020-02-17,28.96
Dixie County,2020-02-17,22.8
Duval County,2020-02-17,23.53
Escambia County,2020-02-17,15.36
Flagler County,2020-02-17,26.98
Franklin County,2020-02-17,16.59
Gadsden County,2020-02-17,14.72
Gilchrist County,2020-02-17,24.16
Glades County,2020-02-17,28.84
Gulf County,2020-02-17,16.53
Hamilton County,2020-02-17,19.5
Hardee County,2020-02-17,29.06
Hendry County,2020-02-17,29.4
Hernando County,2020-02-17,28.26
Highlands County,2020-02-17,28.51
Hillsborough County,2020-02-17,28.32
Holmes County,2020-02-17,15.6
Indian River County,2020-02-17,27.14
Jackson County,2020-02-17,14.71
Jefferson County,2020-02-17,16.83
Lafayette County,2020-02-17,22.07
Lake County,2020-02-17,28.82
Lee County,2020-02-17,29.36
Leon County,2020-02-17,15.68
Levy County,2020-02-17,25.02
Liberty County,2020-02-17,15.8
Madison County,2020-02-17,18.42
Manatee County,2020-02-17,28.31
Marion County,2020-02-17,27.8
Martin County,2020-02-17,27.95
Miami-Dade County,2020-02-17,28.88
Monroe County,2020-02-17,29.81
Nassau County,2020-02-17,21.48
Okaloosa County,2020-02-17,15.99
Okeechobee County,2020-02-17,28.01
Orange County,2020-02-17,28.49
Osceola County,2020-02-17,28.35
Palm Beach County,2020-02-17,28.51
Pasco County,2020-02-17,28.41
Pinellas County,2020-02-17,26.94
Polk County,2020-02-17,28.94
Putnam County,2020-02-17,27.05
St. Johns County,2020-02-17,25.49
St. Lucie County,2020-02-17,27.45
Santa Rosa County,2020-02-17,15.49
Sarasota County,2020-02-17,28.54
Seminole County,2020-02-17,28.0
Sumter County,2020-02-17,28.71
Suwannee County,2020-02-17,21.56
Taylor County,2020-02-17,19.74
Union County,2020-02-17,24.06
Volusia County,2020-02-17,27.25
Wakulla County,2020-02-17,16.29
Walton County,2020-02-17,15.99
Washington County,2020-02-17,15.76
Alachua County,2020-02-18,21.61
Baker County,2020-02-18,18.97
Bay County,2020-02-18,20.33
Bradford County,2020-02-18,20.67
Brevard County,2020-02-18,26.97
Broward County,2020-02-18,29.6
Calhoun County,2020-02-18,20.07
Charlotte County,2020-02-18,29.46
Citrus County,2020-02-18,26.44
Clay County,2020-02-18,21.87
Collier County,2020-02-18,29.81
Columbia County,2020-02-18,18.45
DeSoto County,2020-02-18,29.42
Dixie County,2020-02-18,20.68
Duval County,2020-02-18,21.27
Escambia County,2020-02-18,20.84
Flagler County,2020-02-18,24.8
Franklin County,2020-02-18,20.88
Gadsden County,2020-02-18,19.59
Gilchrist County,2020-02-18,20.57
Glades County,2020-02-18,29.15
Gulf County,2020-02-18,21.33
Hamilton County,2020-02-18,17.81
Hardee County,2020-02-18,29.55
Hendry County,2020-02-18,29.57
Hernando County,2020-02-18,27.73
Highlands County,2020-02-18,28.92
Hillsborough County,2020-02-18,28.71
Holmes County,2020-02-18,19.31
Indian River County,2020-02-18,27.93
Jackson County,2020-02-18,19.1
Jefferson County,2020-02-18,19.78
Lafayette County,2020-02-18,19.63
Lake County,2020-02-18,28.01
Lee County,2020-02-18,29.32
Leon County,2020-02-18,20.0
Levy County,2020-02-18,22.63
Liberty County,2020-02-18,20.41
Madison County,2020-02-18,19.05
Manatee County,2020-02-18,29.05
Marion County,2020-02-18,25.48
Martin County,2020-02-18,28.74
Miami-Dade County,2020-02-18,30.08
Monroe County,2020-02-18,30.2
Nassau County,2020-02-18,20.04
Okaloosa County,2020-02-18,20.31
Okeechobee County,2020-02-18,28.64
Orange County,2020-02-18,28.39
Osceola County,2020-02-18,28.76
Palm Beach County,2020-02-18,29.44
Pasco County,2020-02-18,28.29
Pinellas County,2020-02-18,27.32
Polk County,2020-02-18,29.2
Putnam County,2020-02-18,23.96
St. Johns County,2020-02-18,23.09
St. Lucie County,2020-02-18,28.25
Santa Rosa County,2020-02-18,20.47
Sarasota County,2020-02-18,29.3
Seminole County,2020-02-18,27.62
Sumter County,2020-02-18,27.88
Suwannee County,2020-02-18,18.67
Taylor County,2020-02-18,19.96
Union County,2020-02-18,19.58
Volusia County,2020-02-18,26.06
Wakulla County,2020-02-18,20.23
Walton County,2020-02-18,19.99
Washington County,2020-02-18,19.86
Alachua County,2020-02-19,28.47
Baker County,2020-02-19,26.73
Bay County,2020-02-19,23.94
Bradford County,2020-02-19,28.01
Brevard County,2020-02-19,28.1
Broward County,2020-02-19,29.89
Calhoun County,2020-02-19,24.63
Charlotte County,2020-02-19,30.57
Citrus County,2020-02-19,29.65
Clay County,2020-02-19,28.31
Collier County,2020-02-19,30.81
Columbia County,2020-02-19,26.4
DeSoto County,2020-02-19,30.65
Dixie County,2020-02-19,27.3
Duval County,2020-02-19,26.94
Escambia County,2020-02-19,23.79
Flagler County,2020-02-19,28.83
Franklin County,2020-02-19,24.77
Gadsden County,2020-02-19,24.52
Gilchrist County,2020-02-19,27.98
Glades County,2020-02-19,30.43
Gulf County,2020-02-19,24.91
Hamilton County,2020-02-19,24.69
Hardee County,2020-02-19,30.78
Hendry County,2020-02-19,30.89
Hernando County,2020-02-19,30.13
Highlands County,2020-02-19,30.08
Hillsborough County,2020-02-19,30.06
Holmes County,2020-02-19,24.48
Indian River County,2020-02-19,28.83
Jackson County,2020-02-19,24.12
Jefferson County,2020-02-19,25.42
Lafayette County,2020-02-19,27.48
Lake County,2020-02-19,30.53
Lee County,2020-02-19,30.44
Leon County,2020-02-19,25.11
Levy County,2020-02-19,27.98
Liberty County,2020-02-19,25.05
Madison County,2020-02-19,25.66
Manatee County,2020-02-19,30.4
Marion County,2020-02-19,29.96
Martin County,2020-02-19,29.79
Miami-Dade County,2020-02-19,29.83
Monroe County,2020-02-19,30.14
Nassau County,2020-02-19,26.17
Okaloosa County,2020-02-19,23.97
Okeechobee County,2020-02-19,29.73
Orange County,2020-02-19,30.04
Osceola County,2020-02-19,29.81
Palm Beach County,2020-02-19,30.28
Pasco County,2020-02-19,30.3
Pinellas County,2020-02-19,29.12
Polk County,2020-02-19,30.42
Putnam County,2020-02-19,29.31
St. Johns County,2020-02-19,27.74
St. Lucie County,2020-02-19,29.23
Santa Rosa County,2020-02-19,23.64
Sarasota County,2020-02-19,30.53
Seminole County,2020-02-19,29.67
Sumter County,2020-02-19,30.49
Suwannee County,2020-02-19,26.47
Taylor County,2020-02-19,26.47
Union County,2020-02-19,27.49
Volusia County,2020-02-19,29.05
Wakulla County,2020-02-19,24.97
Walton County,2020-02-19,24.06
Washington County,2020-02-19,24.56
Alachua County,2020-02-20,27.03
Baker County,2020-02-20,26.93
Bay County,2020-02-20,25.79
Bradford County,2020-02-20,26.97
Brevard County,2020-02-20,28.35
Broward County,2020-02-20,30.29
Calhoun County,2020-02-20,25.95
Charlotte County,2020-02-20,29.53
Citrus County,2020-02-20,27.59
Clay County,2020-02-20,27.09
Collier County,2020-02-20,30.48
Columbia County,2020-02-20,26.93
DeSoto County,2020-02-20,29.58
Dixie County,2020-02-20,26.45
Duval County,2020-02-20,26.34
Escambia County,2020-02-20,23.22
Flagler County,2020-02-20,27.58
Franklin County,2020-02-20,26.41
Gadsden County,2020-02-20,25.31
Gilchrist County,2020-02-20,26.96
Glades County,2020-02-20,30.17
Gulf County,2020-02-20,26.61
Hamilton County,2020-02-20,26.4
Hardee County,2020-02-20,29.58
Hendry County,2020-02-20,30.6
Hernando County,2020-02-20,27.87
Highlands County,2020-02-20,29.72
Hillsborough County,2020-02-20,28.02
Holmes County,2020-02-20,24.77
Indian River County,2020-02-20,29.05
Jackson County,2020-02-20,24.98
Jefferson County,2020-02-20,26.17
Lafayette County,2020-02-20,27.12
Lake County,2020-02-20,28.84
Lee County,2020-02-20,29.68
Leon County,2020-02-20,25.92
Levy County,2020-02-20,26.42
Liberty County,2020-02-20,26.29
Madison County,2020-02-20,26.42
Manatee County,2020-02-20,28.21
Marion County,2020-02-20,27.93
Martin County,2020-02-20,29.99
Miami-Dade County,2020-02-20,30.19
Monroe County,2020-02-20,30.5
Nassau County,2020-02-20,26.1
Okaloosa County,2020-02-20,24.3
Okeechobee County,2020-02-20,29.69
Orange County,2020-02-20,29.22
Osceola County,2020-02-20,29.54
Palm Beach County,2020-02-20,30.59
Pasco County,2020-02-20,27.97
Pinellas County,2020-02-20,26.96
Polk County,2020-02-20,29.32
Putnam County,2020-02-20,27.62
St. Johns County,2020-02-20,26.74
St. Lucie County,2020-02-20,29.44
Santa Rosa County,2020-02-20,23.5
Sarasota County,2020-02-20,28.43
Seminole County,2020-02-20,28.77
Sumter County,2020-02-20,28.35
Suwannee County,2020-02-20,27.0
Taylor County,2020-02-20,26.82
Union County,2020-02-20,26.99
Volusia County,2020-02-20,28.02
Wakulla County,2020-02-20,26.23
Walton County,2020-02-20,24.86
Washington County,2020-02-20,25.6
Alachua County,2020-02-21,23.11
Baker County,2020-02-21,19.56
Bay County,2020-02-21,19.36
Bradford County,2020-02-21,21.55
Brevard County,2020-02-21,27.57
Broward County,2020-02-21,29.46
Calhoun County,2020-02-21,17.82
Charlotte County,2020-02-21,28.29
Citrus County,2020-02-21,27.23
Clay County,2020-02-21,21.29
Collier County,2020-02-21,28.58
Columbia County,2020-02-21,20.17
DeSoto County,2020-02-21,29.16
Dixie County,2020-02-21,22.15
Duval County,2020-02-21,18.45
Escambia County,2020-02-21,18.34
Flagler County,2020-02-21,24.4
Franklin County,2020-02-21,20.15
Gadsden County,2020-02-21,18.37
Gilchrist County,2020-02-21,22.42
Glades County,2020-02-21,29.79
Gulf County,2020-02-21,19.66
Hamilton County,2020-02-21,18.66
Hardee County,2020-02-21,29.94
Hendry County,2020-02-21,28.68
Hernando County,2020-02-21,28.18
Highlands County,2020-02-21,30.32
Hillsborough County,2020-02-21,28.32
Holmes County,2020-02-21,17.32
Indian River County,2020-02-21,28.79
Jackson County,2020-02-21,16.57
Jefferson County,2020-02-21,20.05
Lafayette County,2020-02-21,21.32
Lake County,2020-02-21,29.1
Lee County,2020-02-21,28.08
Leon County,2020-02-21,19.8
Levy County,2020-02-21,23.83
Liberty County,2020-02-21,18.56
Madison County,2020-02-21,19.52
Manatee County,2020-02-21,27.15
Marion County,2020-02-21,26.54
Martin County,2020-02-21,30.55
Miami-Dade County,2020-02-21,29.96
Monroe County,2020-02-21,30.37
Nassau County,2020-02-21,17.21
Okaloosa County,2020-02-21,19.44
Okeechobee County,2020-02-21,30.16
Orange County,2020-02-21,29.44
Osceola County,2020-02-21,29.83
Palm Beach County,2020-02-21,30.39
Pasco County,2020-02-21,28.37
Pinellas County,2020-02-21,26.46
Polk County,2020-02-21,30.31
Putnam County,2020-02-21,24.12
St. Johns County,2020-02-21,21.2
St. Lucie County,2020-02-21,29.73
Santa Rosa County,2020-02-21,18.78
Sarasota County,2020-02-21,26.49
Seminole County,2020-02-21,28.58
Sumter County,2020-02-21,28.85
Suwannee County,2020-02-21,20.43
Taylor County,2020-02-21,21.14
Union County,2020-02-21,21.16
Volusia County,2020-02-21,26.61
Wakulla County,2020-02-21,20.01
Walton County,2020-02-21,19.09
Washington County,2020-02-21,18.05
Alachua County,2020-02-22,13.19
Baker County,2020-02-22,12.32
Bay County,2020-02-22,12.41
Bradford County,2020-02-22,12.45
Brevard County,2020-02-22,15.1
Broward County,2020-02-22,25.72
Calhoun County,2020-02-22,12.14
Charlotte County,2020-02-22,22.2
Citrus County,2020-02-22,17.6
Clay County,2020-02-22,12.55
Collier County,2020-02-22,25.17
Columbia County,2020-02-22,12.26
DeSoto County,2020-02-22,19.9
Dixie County,2020-02-22,15.03
Duval County,2020-02-22,13.62
Escambia County,2020-02-22,12.76
Flagler County,2020-02-22,12.93
Franklin County,2020-02-22,14.15
Gadsden County,2020-02-22,12.26
Gilchrist County,2020-02-22,13.91
Glades County,2020-02-22,20.33
Gulf County,2020-02-22,13.3
Hamilton County,2020-02-22,11.55
Hardee County,2020-02-22,17.65
Hendry County,2020-02-22,23.59
Hernando County,2020-02-22,17.83
Highlands County,2020-02-22,16.92
Hillsborough County,2020-02-22,18.58
Holmes County,2020-02-22,11.83
Indian River County,2020-02-22,16.42
Jackson County,2020-02-22,11.56
Jefferson County,2020-02-22,12.68
Lafayette County,2020-02-22,12.91
Lake County,2020-02-22,13.45
Lee County,2020-02-22,23.58
Leon County,2020-02-22,12.6
Levy County,2020-02-22,16.02
Liberty County,2020-02-22,12.76
Madison County,2020-02-22,12.05
Manatee County,2020-02-22,19.56
Marion County,2020-02-22,13.98
Martin County,2020-02-22,21.12
Miami-Dade County,2020-02-22,27.37
Monroe County,2020-02-22,27.72
Nassau County,2020-02-22,13.35
Okaloosa County,2020-02-22,12.67
Okeechobee County,2020-02-22,17.08
Orange County,2020-02-22,13.16
Osceola County,2020-02-22,13.98
Palm Beach County,2020-02-22,23.84
Pasco County,2020-02-22,17.84
Pinellas County,2020-02-22,22.02
Polk County,2020-02-22,14.74
Putnam County,2020-02-22,12.41
St. Johns County,2020-02-22,13.75
St. Lucie County,2020-02-22,18.82
Santa Rosa County,2020-02-22,12.59
Sarasota County,2020-02-22,21.19
Seminole County,2020-02-22,12.57
Sumter County,2020-02-22,14.93
Suwannee County,2020-02-22,12.16
Taylor County,2020-02-22,13.68
Union County,2020-02-22,12.48
Volusia County,2020-02-22,12.99
Wakulla County,2020-02-22,13.43
Walton County,2020-02-22,12.37
Washington County,2020-02-22,11.81
Alachua County,2020-02-23,17.75
Baker County,2020-02-23,15.96
Bay County,2020-02-23,15.77
Bradford County,2020-02-23,16.48
Brevard County,2020-02-23,21.54
Broward County,2020-02-23,24.95
Calhoun County,2020-02-23,16.23
Charlotte County,2020-02-23,24.98
Citrus County,2020-02-23,20.44
Clay County,2020-02-23,15.94
Collier County,2020-02-23,25.92
Columbia County,2020-02-23,16.55
DeSoto County,2020-02-23,24.19
Dixie County,2020-02-23,17.78
Duval County,2020-02-23,14.43
Escambia County,2020-02-23,15.89
Flagler County,2020-02-23,17.23
Franklin County,2020-02-23,16.54
Gadsden County,2020-02-23,15.67
Gilchrist County,2020-02-23,18.17
Glades County,2020-02-23,24.49
Gulf County,2020-02-23,16.75
Hamilton County,2020-02-23,16.03
Hardee County,2020-02-23,23.84
Hendry County,2020-02-23,25.19
Hernando County,2020-02-23,21.01
Highlands County,2020-02-23,23.7
Hillsborough County,2020-02-23,22.08
Holmes County,2020-02-23,15.04
Indian River County,2020-02-23,23.08
Jackson County,2020-02-23,15.1
Jefferson County,2020-02-23,15.78
Lafayette County,2020-02-23,17.24
Lake County,2020-02-23,20.83
Lee County,2020-02-23,25.63
Leon County,2020-02-23,15.82
Levy County,2020-02-23,18.84
Liberty County,2020-02-23,16.76
Madison County,2020-02-23,16.07
Manatee County,2020-02-23,23.31
Marion County,2020-02-23,19.44
Martin County,2020-02-23,24.25
Miami-Dade County,2020-02-23,25.61
Monroe County,2020-02-23,27.25
Nassau County,2020-02-23,14.48
Okaloosa County,2020-02-23,15.83
Okeechobee County,2020-02-23,23.79
Orange County,2020-02-23,21.67
Osceola County,2020-02-23,22.98
Palm Beach County,2020-02-23,25.04
Pasco County,2020-02-23,21.38
Pinellas County,2020-02-23,20.8
Polk County,2020-02-23,22.98
Putnam County,2020-02-23,17.3
St. Johns County,2020-02-23,15.31
St. Lucie County,2020-02-23,23.61
Santa Rosa County,2020-02-23,15.75
Sarasota County,2020-02-23,24.25
Seminole County,2020-02-23,20.54
Sumter County,2020-02-23,21.05
Suwannee County,2020-02-23,16.76
Taylor County,2020-02-23,16.58
Union County,2020-02-23,16.64
Volusia County,2020-02-23,18.85
Wakulla County,2020-02-23,16.13
Walton County,2020-02-23,15.54
Washington County,2020-02-23,15.59
Alachua County,2020-02-24,22.28
Baker County,2020-02-24,21.78
Bay County,2020-02-24,18.73
Bradford County,2020-02-24,22.23
Brevard County,2020-02-24,23.28
Broward County,2020-02-24,25.63
Calhoun County,2020-02-24,19.58
Charlotte County,2020-02-24,25.94
Citrus County,2020-02-24,23.77
Clay County,2020-02-24,22.57
Collier County,2020-02-24,26.62
Columbia County,2020-02-24,21.09
DeSoto County,2020-02-24,25.75
Dixie County,2020-02-24,19.88
Duval County,2020-02-24,21.82
Escambia County,2020-02-24,17.83
Flagler County,2020-02-24,22.51
Franklin County,2020-02-24,19.85
Gadsden County,2020-02-24,20.07
Gilchrist County,2020-02-24,21.07
Glades County,2020-02-24,25.65
Gulf County,2020-02-24,19.8
Hamilton County,2020-02-24,20.27
Hardee County,2020-02-24,25.86
Hendry County,2020-02-24,26.21
Hernando County,2020-02-24,24.37
Highlands County,2020-02-24,25.44
Hillsborough County,2020-02-24,24.85
Holmes County,2020-02-24,18.51
Indian River County,2020-02-24,24.34
Jackson County,2020-02-24,18.91
Jefferson County,2020-02-24,20.58
Lafayette County,2020-02-24,19.57
Lake County,2020-02-24,24.89
Lee County,2020-02-24,26.1
Leon County,2020-02-24,20.63
Levy County,2020-02-24,21.69
Liberty County,2020-02-24,20.25
Madison County,2020-02-24,20.03
Manatee County,2020-02-24,25.44
Marion County,2020-02-24,23.91
Martin County,2020-02-24,25.37
Miami-Dade County,2020-02-24,26.19
Monroe County,2020-02-24,27.57
Nassau County,2020-02-24,21.45
Okaloosa County,2020-02-24,18.32
Okeechobee County,2020-02-24,25.25
Orange County,2020-02-24,24.88
Osceola County,2020-02-24,25.17
Palm Beach County,2020-02-24,25.95
Pasco County,2020-02-24,24.68
Pinellas County,2020-02-24,23.99
Polk County,2020-02-24,25.49
Putnam County,2020-02-24,23.2
St. Johns County,2020-02-24,21.92
St. Lucie County,2020-02-24,24.76
Santa Rosa County,2020-02-24,17.88
Sarasota County,2020-02-24,25.82
Seminole County,2020-02-24,24.19
Sumter County,2020-02-24,24.75
Suwannee County,2020-02-24,19.95
Taylor County,2020-02-24,19.62
Union County,2020-02-24,21.79
Volusia County,2020-02-24,22.99
Wakulla County,2020-02-24,20.15
Walton County,2020-02-24,18.41
Washington County,2020-02-24,18.91
Alachua County,2020-02-25,25.07
Baker County,2020-02-25,24.94
Bay County,2020-02-25,21.02
Bradford County,2020-02-25,25.19
Brevard County,2020-02-25,24.82
Broward County,2020-02-25,27.65
Calhoun County,2020-02-25,21.37
Charlotte County,2020-02-25,27.54
Citrus County,2020-02-25,25.86
Clay County,2020-02-25,25.53
Collier County,2020-02-25,28.28
Columbia County,2020-02-25,24.64
DeSoto County,2020-02-25,27.53
Dixie County,2020-02-25,23.46
Duval County,2020-02-25,24.78
Escambia County,2020-02-25,22.53
Flagler County,2020-02-25,25.82
Franklin County,2020-02-25,22.07
Gadsden County,2020-02-25,22.12
Gilchrist County,2020-02-25,24.35
Glades County,2020-02-25,27.62
Gulf County,2020-02-25,22.01
Hamilton County,2020-02-25,24.35
Hardee County,2020-02-25,27.53
Hendry County,2020-02-25,28.29
Hernando County,2020-02-25,26.34
Highlands County,2020-02-25,27.15
Hillsborough County,2020-02-25,26.5
Holmes County,2020-02-25,20.39
Indian River County,2020-02-25,26.07
Jackson County,2020-02-25,20.78
Jefferson County,2020-02-25,23.68
Lafayette County,2020-02-25,24.23
Lake County,2020-02-25,26.78
Lee County,2020-02-25,27.54
Leon County,2020-02-25,23.09
Levy County,2020-02-25,24.07
Liberty County,2020-02-25,21.95
Madison County,2020-02-25,24.17
Manatee County,2020-02-25,26.8
Marion County,2020-02-25,26.21
Martin County,2020-02-25,27.34
Miami-Dade County,2020-02-25,27.96
Monroe County,2020-02-25,28.63
Nassau County,2020-02-25,24.46
Okaloosa County,2020-02-25,21.11
Okeechobee County,2020-02-25,26.97
Orange County,2020-02-25,26.33
Osceola County,2020-02-25,26.44
Palm Beach County,2020-02-25,27.83
Pasco County,2020-02-25,26.51
Pinellas County,2020-02-25,25.65
Polk County,2020-02-25,27.01
Putnam County,2020-02-25,26.06
St. Johns County,2020-02-25,25.22
St. Lucie County,2020-02-25,26.78
Santa Rosa County,2020-02-25,21.7
Sarasota County,2020-02-25,27.05
Seminole County,2020-02-25,25.94
Sumter County,2020-02-25,26.66
Suwannee County,2020-02-25,24.46
Taylor County,2020-02-25,23.71
Union County,2020-02-25,24.92
Volusia County,2020-02-25,25.63
Wakulla County,2020-02-25,22.58
Walton County,2020-02-25,20.67
Washington County,2020-02-25,20.95
Alachua County,2020-02-26,21.02
Baker County,2020-02-26,20.37
Bay County,2020-02-26,23.26
Bradford County,2020-02-26,20.73
Brevard County,2020-02-26,29.07
Broward County,2020-02-26,29.59
Calhoun County,2020-02-26,24.02
Charlotte County,2020-02-26,29.77
Citrus County,2020-02-26,25.23
Clay County,2020-02-26,21.66
Collier County,2020-02-26,29.71
Columbia County,2020-02-26,19.87
DeSoto County,2020-02-26,29.96
Dixie County,2020-02-26,20.35
Duval County,2020-02-26,21.51
Escambia County,2020-02-26,20.51
Flagler County,2020-02-26,24.54
Franklin County,2020-02-26,24.39
Gadsden County,2020-02-26,23.16
Gilchrist County,2020-02-26,20.24
Glades County,2020-02-26,30.02
Gulf County,2020-02-26,24.89
Hamilton County,2020-02-26,19.84
Hardee County,2020-02-26,30.07
Hendry County,2020-02-26,30.04
Hernando County,2020-02-26,26.9
Highlands County,2020-02-26,29.94
Hillsborough County,2020-02-26,28.45
Holmes County,2020-02-26,21.78
Indian River County,2020-02-26,30.14
Jackson County,2020-02-26,22.41
Jefferson County,2020-02-26,21.85
Lafayette County,2020-02-26,20.26
Lake County,2020-02-26,27.32
Lee County,2020-02-26,29.48
Leon County,2020-02-26,23.06
Levy County,2020-02-26,21.37
Liberty County,2020-02-26,24.7
Madison County,2020-02-26,20.71
Manatee County,2020-02-26,28.97
Marion County,2020-02-26,24.33
Martin County,2020-02-26,30.58
Miami-Dade County,2020-02-26,29.73
Monroe County,2020-02-26,29.95
Nassau County,2020-02-26,21.35
Okaloosa County,2020-02-26,21.49
Okeechobee County,2020-02-26,30.19
Orange County,2020-02-26,28.45
Osceola County,2020-02-26,29.54
Palm Beach County,2020-02-26,30.3
Pasco County,2020-02-26,27.75
Pinellas County,2020-02-26,27.29
Polk County,2020-02-26,29.41
Putnam County,2020-02-26,23.17
St. Johns County,2020-02-26,22.53
St. Lucie County,2020-02-26,30.44
Santa Rosa County,2020-02-26,20.76
Sarasota County,2020-02-26,29.23
Seminole County,2020-02-26,27.75
Sumter County,2020-02-26,26.93
Suwannee County,2020-02-26,19.9
Taylor County,2020-02-26,21.17
Union County,2020-02-26,20.18
Volusia County,2020-02-26,26.41
Wakulla County,2020-02-26,23.55
Walton County,2020-02-26,21.94
Washington County,2020-02-26,22.79
Alachua County,2020-02-27,20.14
Baker County,2020-02-27,19.05
Bay County,2020-02-27,17.12
Bradford County,2020-02-27,20.02
Brevard County,2020-02-27,27.67
Broward County,2020-02-27,28.78
Calhoun County,2020-02-27,17.53
Charlotte County,2020-02-27,27.53
Citrus County,2020-02-27,23.61
Clay County,2020-02-27,21.09
Collier County,2020-02-27,27.71
Columbia County,2020-02-27,18.25
DeSoto County,2020-02-27,27.88
Dixie County,2020-02-27,17.86
Duval County,2020-02-27,20.2
Escambia County,2020-02-27,15.86
Flagler County,2020-02-27,24.47
Franklin County,2020-02-27,17.83
Gadsden County,2020-02-27,16.87
Gilchrist County,2020-02-27,18.43
Glades County,2020-02-27,27.95
Gulf County,2020-02-27,17.8
Hamilton County,2020-02-27,17.39
Hardee County,2020-02-27,28.18
Hendry County,2020-02-27,27.34
Hernando County,2020-02-27,25.03
Highlands County,2020-02-27,28.33
Hillsborough County,2020-02-27,26.37
Holmes County,2020-02-27,17.1
Indian River County,2020-02-27,29.0
Jackson County,2020-02-27,16.89
Jefferson County,2020-02-27,17.29
Lafayette County,2020-02-27,17.7
Lake County,2020-02-27,26.25
Lee County,2020-02-27,27.43
Leon County,2020-02-27,17.23
Levy County,2020-02-27,19.59
Liberty County,2020-02-27,17.69
Madison County,2020-02-27,17.22
Manatee County,2020-02-27,26.02
Marion County,2020-02-27,23.44
Martin County,2020-02-27,30.44
Miami-Dade County,2020-02-27,29.7
Monroe County,2020-02-27,29.62
Nassau County,2020-02-27,19.37
Okaloosa County,2020-02-27,16.51
Okeechobee County,2020-02-27,28.73
Orange County,2020-02-27,27.34
Osceola County,2020-02-27,28.21
Palm Beach County,2020-02-27,29.54
Pasco County,2020-02-27,25.65
Pinellas County,2020-02-27,24.65
Polk County,2020-02-27,28.01
Putnam County,2020-02-27,22.92
St. Johns County,2020-02-27,22.36
St. Lucie County,2020-02-27,29.97
Santa Rosa County,2020-02-27,15.92
Sarasota County,2020-02-27,25.99
Seminole County,2020-02-27,26.65
Sumter County,2020-02-27,25.5
Suwannee County,2020-02-27,17.67
Taylor County,2020-02-27,17.72
Union County,2020-02-27,19.11
Volusia County,2020-02-27,25.7
Wakulla County,2020-02-27,17.59
Walton County,2020-02-27,16.9
Washington County,2020-02-27,17.48
Alachua County,2020-02-28,14.09
Baker County,2020-02-28,14.12
Bay County,2020-02-28,14.04
Bradford County,2020-02-28,14.01
Brevard County,2020-02-28,18.52
Broward County,2020-02-28,19.78
Calhoun County,2020-02-28,14.03
Charlotte County,2020-02-28,20.58
Citrus County,2020-02-28,17.13
Clay County,2020-02-28,14.7
Collier County,2020-02-28,20.43
Columbia County,2020-02-28,13.84
DeSoto County,2020-02-28,19.93
Dixie County,2020-02-28,14.19
Duval County,2020-02-28,14.56
Escambia County,2020-02-28,13.34
Flagler County,2020-02-28,17.02
Franklin County,2020-02-28,15.03
Gadsden County,2020-02-28,13.95
Gilchrist County,2020-02-28,13.84
Glades County,2020-02-28,19.53
Gulf County,2020-02-28,14.89
Hamilton County,2020-02-28,13.91
Hardee County,2020-02-28,19.66
Hendry County,2020-02-28,19.72
Hernando County,2020-02-28,18.01
Highlands County,2020-02-28,19.14
Hillsborough County,2020-02-28,19.1
Holmes County,2020-02-28,13.13
Indian River County,2020-02-28,18.93
Jackson County,2020-02-28,13.19
Jefferson County,2020-02-28,14.47
Lafayette County,2020-02-28,14.09
Lake County,2020-02-28,17.48
Lee County,2020-02-28,20.67
Leon County,2020-02-28,14.37
Levy County,2020-02-28,14.64
Liberty County,2020-02-28,14.57
Madison County,2020-02-28,14.24
Manatee County,2020-02-28,19.32
Marion County,2020-02-28,15.93
Martin County,2020-02-28,20.23
Miami-Dade County,2020-02-28,20.88
Monroe County,2020-02-28,22.43
Nassau County,2020-02-28,14.35
Okaloosa County,2020-02-28,13.68
Okeechobee County,2020-02-28,19.01
Orange County,2020-02-28,18.25
Osceola County,2020-02-28,18.75
Palm Beach County,2020-02-28,20.14
Pasco County,2020-02-28,18.43
Pinellas County,2020-02-28,19.4
Polk County,2020-02-28,18.94
Putnam County,2020-02-28,15.61
St. Johns County,2020-02-28,15.82
St. Lucie County,2020-02-28,19.64
Santa Rosa County,2020-02-28,13.37
Sarasota County,2020-02-28,20.1
Seminole County,2020-02-28,17.83
Sumter County,2020-02-28,17.16
Suwannee County,2020-02-28,13.92
Taylor County,2020-02-28,14.62
Union County,2020-02-28,13.78
Volusia County,2020-02-28,17.66
Wakulla County,2020-02-28,14.75
Walton County,2020-02-28,13.68
Washington County,2020-02-28,13.52
Alachua County,2020-02-29,15.43
Baker County,2020-02-29,15.64
Bay County,2020-02-29,15.97
Bradford County,2020-02-29,15.58
Brevard County,2020-02-29,18.35
Broward County,2020-02-29,19.72
Calhoun County,2020-02-29,16.82
Charlotte County,2020-02-29,19.32
Citrus County,2020-02-29,16.05
Clay County,2020-02-29,16.12
Collier County,2020-02-29,20.49
Columbia County,2020-02-29,15.44
DeSoto County,2020-02-29,19.12
Dixie County,2020-02-29,14.2
Duval County,2020-02-29,15.81
Escambia County,2020-02-29,17.59
Flagler County,2020-02-29,17.29
Franklin County,2020-02-29,15.81
Gadsden County,2020-02-29,17.22
Gilchrist County,2020-02-29,14.87
Glades County,2020-02-29,19.68
Gulf County,2020-02-29,16.14
Hamilton County,2020-02-29,15.96
Hardee County,2020-02-29,19.27
Hendry County,2020-02-29,20.08
Hernando County,2020-02-29,16.6
Highlands County,2020-02-29,19.41
Hillsborough County,2020-02-29,17.36
Holmes County,2020-02-29,17.05
Indian River County,2020-02-29,19.04
Jackson County,2020-02-29,16.79
Jefferson County,2020-02-29,16.99
Lafayette County,2020-02-29,15.23
Lake County,2020-02-29,18.53
Lee County,2020-02-29,19.76
Leon County,2020-02-29,17.32
Levy County,2020-02-29,14.44
Liberty County,2020-02-29,16.98
Madison County,2020-02-29,16.54
Manatee County,2020-02-29,17.58
Marion County,2020-02-29,16.71
Martin County,2020-02-29,19.89
Miami-Dade County,2020-02-29,20.98
Monroe County,2020-02-29,22.07
Nassau County,2020-02-29,15.71
Okaloosa County,2020-02-29,17.65
Okeechobee County,2020-02-29,19.44
Orange County,2020-02-29,19.83
Osceola County,2020-02-29,20.26
Palm Beach County,2020-02-29,19.97
Pasco County,2020-02-29,16.94
Pinellas County,2020-02-29,15.79
Polk County,2020-02-29,19.64
Putnam County,2020-02-29,16.77
St. Johns County,2020-02-29,16.5
St. Lucie County,2020-02-29,19.44
Santa Rosa County,2020-02-29,17.53
Sarasota County,2020-02-29,17.98
Seminole County,2020-02-29,18.94
Sumter County,2020-02-29,17.45
Suwannee County,2020-02-29,15.52
Taylor County,2020-02-29,15.62
Union County,2020-02-29,15.38
Volusia County,2020-02-29,17.75
Wakulla County,2020-02-29,16.55
Walton County,2020-02-29,17.12
Washington County,2020-02-29,16.88
Alachua County,2020-03-01,18.2
Baker County,2020-03-01,18.16
Bay County,2020-03-01,19.43
Bradford County,2020-03-01,18.17
Brevard County,2020-03-01,19.4
Broward County,2020-03-01,21.68
Calhoun County,2020-03-01,19.75
Charlotte County,2020-03-01,21.2
Citrus County,2020-03-01,19.02
Clay County,2020-03-01,18.39
Collier County,2020-03-01,21.91
Columbia County,2020-03-01,18.08
DeSoto County,2020-03-01,20.6
Dixie County,2020-03-01,17.69
Duval County,2020-03-01,18.02
Escambia County,2020-03-01,20.79
Flagler County,2020-03-01,18.97
Franklin County,2020-03-01,19.66
Gadsden County,2020-03-01,19.71
Gilchrist County,2020-03-01,18.01
Glades County,2020-03-01,20.74
Gulf County,2020-03-01,19.7
Hamilton County,2020-03-01,18.17
Hardee County,2020-03-01,20.56
Hendry County,2020-03-01,21.46
Hernando County,2020-03-01,19.54
Highlands County,2020-03-01,20.41
Hillsborough County,2020-03-01,19.63
Holmes County,2020-03-01,19.8
Indian River County,2020-03-01,19.3
Jackson County,2020-03-01,19.49
Jefferson County,2020-03-01,18.73
Lafayette County,2020-03-01,17.92
Lake County,2020-03-01,19.78
Lee County,2020-03-01,21.4
Leon County,2020-03-01,19.55
Levy County,2020-03-01,17.82
Liberty County,2020-03-01,20.07
Madison County,2020-03-01,18.21
Manatee County,2020-03-01,19.87
Marion County,2020-03-01,18.9
Martin County,2020-03-01,20.27
Miami-Dade County,2020-03-01,22.84
Monroe County,2020-03-01,23.38
Nassau County,2020-03-01,17.76
Okaloosa County,2020-03-01,20.19
Okeechobee County,2020-03-01,19.79
Orange County,2020-03-01,20.34
Osceola County,2020-03-01,20.45
Palm Beach County,2020-03-01,21.13
Pasco County,2020-03-01,19.53
Pinellas County,2020-03-01,18.95
Polk County,2020-03-01,20.58
Putnam County,2020-03-01,18.75
St. Johns County,2020-03-01,18.41
St. Lucie County,2020-03-01,19.65
Santa Rosa County,2020-03-01,20.4
Sarasota County,2020-03-01,20.17
Seminole County,2020-03-01,20.08
Sumter County,2020-03-01,19.56
Suwannee County,2020-03-01,18.0
Taylor County,2020-03-01,18.03
Union County,2020-03-01,18.13
Volusia County,2020-03-01,19.42
Wakulla County,2020-03-01,19.45
Walton County,2020-03-01,19.78
Washington County,2020-03-01,19.54
Alachua County,2020-03-02,21.6
Baker County,2020-03-02,21.32
Bay County,2020-03-02,20.58
Bradford County,2020-03-02,21.31
Brevard County,2020-03-02,20.94
Broward County,2020-03-02,24.71
Calhoun County,2020-03-02,21.6
Charlotte County,2020-03-02,24.19
Citrus County,2020-03-02,22.68
Clay County,2020-03-02,21.2
Collier County,2020-03-02,24.8
Columbia County,2020-03-02,21.41
DeSoto County,2020-03-02,23.64
Dixie County,2020-03-02,21.33
Duval County,2020-03-02,20.47
Escambia County,2020-03-02,21.24
Flagler County,2020-03-02,20.93
Franklin County,2020-03-02,21.47
Gadsden County,2020-03-02,21.7
Gilchrist County,2020-03-02,21.69
Glades County,2020-03-02,23.87
Gulf County,2020-03-02,21.48
Hamilton County,2020-03-02,21.34
Hardee County,2020-03-02,23.45
Hendry County,2020-03-02,24.54
Hernando County,2020-03-02,23.16
Highlands County,2020-03-02,23.28
Hillsborough County,2020-03-02,23.05
Holmes County,2020-03-02,21.31
Indian River County,2020-03-02,21.71
Jackson County,2020-03-02,21.28
Jefferson County,2020-03-02,21.29
Lafayette County,2020-03-02,21.34
Lake County,2020-03-02,22.14
Lee County,2020-03-02,24.32
Leon County,2020-03-02,21.81
Levy County,2020-03-02,21.64
Liberty County,2020-03-02,22.11
Madison County,2020-03-02,21.13
Manatee County,2020-03-02,23.07
Marion County,2020-03-02,22.03
Martin County,2020-03-02,23.31
Miami-Dade County,2020-03-02,25.34
Monroe County,2020-03-02,25.75
Nassau County,2020-03-02,20.38
Okaloosa County,2020-03-02,21.06
Okeechobee County,2020-03-02,22.71
Orange County,2020-03-02,22.02
Osceola County,2020-03-02,22.37
Palm Beach County,2020-03-02,24.5
Pasco County,2020-03-02,23.11
Pinellas County,2020-03-02,22.36
Polk County,2020-03-02,23.03
Putnam County,2020-03-02,21.45
St. Johns County,2020-03-02,20.37
St. Lucie County,2020-03-02,22.34
Santa Rosa County,2020-03-02,21.12
Sarasota County,2020-03-02,23.18
Seminole County,2020-03-02,21.78
Sumter County,2020-03-02,22.63
Suwannee County,2020-03-02,21.31
Taylor County,2020-03-02,21.03
Union County,2020-03-02,21.41
Volusia County,2020-03-02,21.14
Wakulla County,2020-03-02,21.69
Walton County,2020-03-02,20.87
Washington County,2020-03-02,21.13
Alachua County,2020-03-03,24.69
Baker County,2020-03-03,24.75
Bay County,2020-03-03,21.76
Bradford County,2020-03-03,24.86
Brevard County,2020-03-03,24.73
Broward County,2020-03-03,26.67
Calhoun County,2020-03-03,21.46
Charlotte County,2020-03-03,27.21
Citrus County,2020-03-03,26.02
Clay County,2020-03-03,25.38
Collier County,2020-03-03,27.46
Columbia County,2020-03-03,24.04
DeSoto County,2020-03-03,26.81
Dixie County,2020-03-03,23.32
Duval County,2020-03-03,25.43
Escambia County,2020-03-03,23.74
Flagler County,2020-03-03,25.19
Franklin County,2020-03-03,21.37
Gadsden County,2020-03-03,21.85
Gilchrist County,2020-03-03,23.99
Glades County,2020-03-03,27.08
Gulf County,2020-03-03,21.35
Hamilton County,2020-03-03,23.56
Hardee County,2020-03-03,26.88
Hendry County,2020-03-03,27.49
Hernando County,2020-03-03,26.67
Highlands County,2020-03-03,26.9
Hillsborough County,2020-03-03,26.56
Holmes County,2020-03-03,23.05
Indian River County,2020-03-03,25.45
Jackson County,2020-03-03,22.1
Jefferson County,2020-03-03,22.52
Lafayette County,2020-03-03,23.19
Lake County,2020-03-03,25.78
Lee County,2020-03-03,27.23
Leon County,2020-03-03,22.3
Levy County,2020-03-03,24.3
Liberty County,2020-03-03,21.3
Madison County,2020-03-03,22.84
Manatee County,2020-03-03,26.3
Marion County,2020-03-03,25.47
Martin County,2020-03-03,26.33
Miami-Dade County,2020-03-03,26.97
Monroe County,2020-03-03,27.75
Nassau County,2020-03-03,25.13
Okaloosa County,2020-03-03,23.18
Okeechobee County,2020-03-03,26.51
Orange County,2020-03-03,25.7
Osceola County,2020-03-03,26.27
Palm Beach County,2020-03-03,26.83
Pasco County,2020-03-03,26.63
Pinellas County,2020-03-03,26.01
Polk County,2020-03-03,26.77
Putnam County,2020-03-03,25.36
St. Johns County,2020-03-03,25.25
St. Lucie County,2020-03-03,25.81
Santa Rosa County,2020-03-03,23.41
Sarasota County,2020-03-03,26.25
Seminole County,2020-03-03,25.41
Sumter County,2020-03-03,26.21
Suwannee County,2020-03-03,23.4
Taylor County,2020-03-03,22.49
Union County,2020-03-03,24.49
Volusia County,2020-03-03,25.06
Wakulla County,2020-03-03,21.76
Walton County,2020-03-03,22.82
Washington County,2020-03-03,22.43
Alachua County,2020-03-04,26.46
Baker County,2020-03-04,26.92
Bay County,2020-03-04,24.7
Bradford County,2020-03-04,27.02
Brevard County,2020-03-04,28.78
Broward County,2020-03-04,29.13
Calhoun County,2020-03-04,25.54
Charlotte County,2020-03-04,29.1
Citrus County,2020-03-04,27.56
Clay County,2020-03-04,27.95
Collier County,2020-03-04,29.2
Columbia County,2020-03-04,25.85
DeSoto County,2020-03-04,29.21
Dixie County,2020-03-04,24.22
Duval County,2020-03-04,28.02
Escambia County,2020-03-04,25.28
Flagler County,2020-03-04,28.76
Franklin County,2020-03-04,24.91
Gadsden County,2020-03-04,25.73
Gilchrist County,2020-03-04,25.14
Glades County,2020-03-04,29.87
Gulf County,2020-03-04,25.05
Hamilton County,2020-03-04,25.41
Hardee County,2020-03-04,29.65
Hendry County,2020-03-04,29.97
Hernando County,2020-03-04,28.52
Highlands County,2020-03-04,29.77
Hillsborough County,2020-03-04,28.79
Holmes County,2020-03-04,26.03
Indian River County,2020-03-04,29.08
Jackson County,2020-03-04,25.7
Jefferson County,2020-03-04,24.91
Lafayette County,2020-03-04,24.44
Lake County,2020-03-04,28.85
Lee County,2020-03-04,28.81
Leon County,2020-03-04,25.66
Levy County,2020-03-04,25.3
Liberty County,2020-03-04,25.7
Madison County,2020-03-04,24.65
Manatee County,2020-03-04,28.35
Marion County,2020-03-04,27.75
Martin County,2020-03-04,29.69
Miami-Dade County,2020-03-04,28.93
Monroe County,2020-03-04,29.19
Nassau County,2020-03-04,27.57
Okaloosa County,2020-03-04,25.32
Okeechobee County,2020-03-04,29.49
Orange County,2020-03-04,29.22
Osceola County,2020-03-04,29.52
Palm Beach County,2020-03-04,29.69
Pasco County,2020-03-04,28.69
Pinellas County,2020-03-04,27.39
Polk County,2020-03-04,29.87
Putnam County,2020-03-04,28.18
St. Johns County,2020-03-04,28.39
St. Lucie County,2020-03-04,29.45
Santa Rosa County,2020-03-04,25.11
Sarasota County,2020-03-04,27.9
Seminole County,2020-03-04,29.08
Sumter County,2020-03-04,28.64
Suwannee County,2020-03-04,24.91
Taylor County,2020-03-04,24.15
Union County,2020-03-04,26.41
Volusia County,2020-03-04,28.86
Wakulla County,2020-03-04,25.22
Walton County,2020-03-04,25.34
Washington County,2020-03-04,25.56
Alachua County,2020-03-05,29.53
Baker County,2020-03-05,28.76
Bay County,2020-03-05,25.47
Bradford County,2020-03-05,29.8
Brevard County,2020-03-05,31.0
Broward County,2020-03-05,31.07
Calhoun County,2020-03-05,25.55
Charlotte County,2020-03-05,30.03
Citrus County,2020-03-05,30.0
Clay County,2020-03-05,30.37
Collier County,2020-03-05,30.63
Columbia County,2020-03-05,28.17
DeSoto County,2020-03-05,30.38
Dixie County,2020-03-05,27.21
Duval County,2020-03-05,29.46
Escambia County,2020-03-05,23.17
Flagler County,2020-03-05,31.13
Franklin County,2020-03-05,26.65
Gadsden County,2020-03-05,25.04
Gilchrist County,2020-03-05,28.32
Glades County,2020-03-05,31.59
Gulf County,2020-03-05,26.44
Hamilton County,2020-03-05,26.41
Hardee County,2020-03-05,30.85
Hendry County,2020-03-05,31.56
Hernando County,2020-03-05,30.45
Highlands County,2020-03-05,31.6
Hillsborough County,2020-03-05,29.71
Holmes County,2020-03-05,24.88
Indian River County,2020-03-05,31.18
Jackson County,2020-03-05,24.25
Jefferson County,2020-03-05,25.22
Lafayette County,2020-03-05,27.01
Lake County,2020-03-05,31.2
Lee County,2020-03-05,29.85
Leon County,2020-03-05,25.69
Levy County,2020-03-05,28.29
Liberty County,2020-03-05,26.25
Madison County,2020-03-05,25.36
Manatee County,2020-03-05,28.8
Marion County,2020-03-05,30.52
Martin County,2020-03-05,31.61
Miami-Dade County,2020-03-05,30.66
Monroe County,2020-03-05,30.49
Nassau County,2020-03-05,27.86
Okaloosa County,2020-03-05,24.48
Okeechobee County,2020-03-05,31.64
Orange County,2020-03-05,31.48
Osceola County,2020-03-05,31.71
Palm Beach County,2020-03-05,31.71
Pasco County,2020-03-05,30.19
Pinellas County,2020-03-05,28.26
Polk County,2020-03-05,31.46
Putnam County,2020-03-05,30.86
St. Johns County,2020-03-05,30.55
St. Lucie County,2020-03-05,31.37
Santa Rosa County,2020-03-05,23.61
Sarasota County,2020-03-05,28.18
Seminole County,2020-03-05,31.45
Sumter County,2020-03-05,30.92
Suwannee County,2020-03-05,27.15
Taylor County,2020-03-05,26.1
Union County,2020-03-05,29.29
Volusia County,2020-03-05,31.23
Wakulla County,2020-03-05,26.31
Walton County,2020-03-05,24.96
Washington County,2020-03-05,25.23
Alachua County,2020-03-06,28.86
Baker County,2020-03-06,27.59
Bay County,2020-03-06,22.5
Bradford County,2020-03-06,28.97
Brevard County,2020-03-06,31.9
Broward County,2020-03-06,32.19
Calhoun County,2020-03-06,21.52
Charlotte County,2020-03-06,30.47
Citrus County,2020-03-06,30.65
Clay County,2020-03-06,30.11
Collier County,2020-03-06,30.06
Columbia County,2020-03-06,26.58
DeSoto County,2020-03-06,30.76
Dixie County,2020-03-06,26.82
Duval County,2020-03-06,29.27
Escambia County,2020-03-06,18.15
Flagler County,2020-03-06,31.99
Franklin County,2020-03-06,24.46
Gadsden County,2020-03-06,21.58
Gilchrist County,2020-03-06,27.44
Glades County,2020-03-06,31.41
Gulf County,2020-03-06,23.51
Hamilton County,2020-03-06,24.68
Hardee County,2020-03-06,31.33
Hendry County,2020-03-06,30.92
Hernando County,2020-03-06,31.24
Highlands County,2020-03-06,31.66
Hillsborough County,2020-03-06,30.77
Holmes County,2020-03-06,20.86
Indian River County,2020-03-06,32.17
Jackson County,2020-03-06,19.85
Jefferson County,2020-03-06,23.6
Lafayette County,2020-03-06,25.96
Lake County,2020-03-06,31.69
Lee County,2020-03-06,29.8
Leon County,2020-03-06,23.47
Levy County,2020-03-06,28.31
Liberty County,2020-03-06,22.67
Madison County,2020-03-06,23.74
Manatee County,2020-03-06,30.14
Marion County,2020-03-06,30.8
Martin County,2020-03-06,33.26
Miami-Dade County,2020-03-06,31.75
Monroe County,2020-03-06,30.48
Nassau County,2020-03-06,27.21
Okaloosa County,2020-03-06,20.57
Okeechobee County,2020-03-06,32.07
Orange County,2020-03-06,31.74
Osceola County,2020-03-06,31.77
Palm Beach County,2020-03-06,33.05
Pasco County,2020-03-06,31.03
Pinellas County,2020-03-06,29.35
Polk County,2020-03-06,31.72
Putnam County,2020-03-06,31.02
St. Johns County,2020-03-06,30.89
St. Lucie County,2020-03-06,32.77
Santa Rosa County,2020-03-06,19.05
Sarasota County,2020-03-06,29.68
Seminole County,2020-03-06,32.09
Sumter County,2020-03-06,31.49
Suwannee County,2020-03-06,25.67
Taylor County,2020-03-06,25.24
Union County,2020-03-06,27.99
Volusia County,2020-03-06,32.28
Wakulla County,2020-03-06,24.46
Walton County,2020-03-06,21.5
Washington County,2020-03-06,21.54
Alachua County,2020-03-07,21.37
Baker County,2020-03-07,21.69
Bay County,2020-03-07,20.14
Bradford County,2020-03-07,21.49
Brevard County,2020-03-07,23.09
Broward County,2020-03-07,27.91
Calhoun County,2020-03-07,20.44
Charlotte County,2020-03-07,25.11
Citrus County,2020-03-07,22.86
Clay County,2020-03-07,21.9
Collier County,2020-03-07,26.04
Columbia County,2020-03-07,21.12
DeSoto County,2020-03-07,25.0
Dixie County,2020-03-07,20.19
Duval County,2020-03-07,21.69
Escambia County,2020-03-07,19.97
Flagler County,2020-03-07,22.64
Franklin County,2020-03-07,20.4
Gadsden County,2020-03-07,20.01
Gilchrist County,2020-03-07,20.75
Glades County,2020-03-07,25.46
Gulf County,2020-03-07,20.39
Hamilton County,2020-03-07,20.84
Hardee County,2020-03-07,24.91
Hendry County,2020-03-07,25.95
Hernando County,2020-03-07,23.59
Highlands County,2020-03-07,25.12
Hillsborough County,2020-03-07,23.47
Holmes County,2020-03-07,20.98
Indian River County,2020-03-07,23.83
Jackson County,2020-03-07,20.17
Jefferson County,2020-03-07,19.74
Lafayette County,2020-03-07,20.27
Lake County,2020-03-07,23.53
Lee County,2020-03-07,25.13
Leon County,2020-03-07,20.14
Levy County,2020-03-07,20.91
Liberty County,2020-03-07,20.7
Madison County,2020-03-07,19.93
Manatee County,2020-03-07,23.42
Marion County,2020-03-07,22.59
Martin County,2020-03-07,25.9
Miami-Dade County,2020-03-07,28.48
Monroe County,2020-03-07,27.14
Nassau County,2020-03-07,21.59
Okaloosa County,2020-03-07,20.48
Okeechobee County,2020-03-07,24.59
Orange County,2020-03-07,23.63
Osceola County,2020-03-07,24.05
Palm Beach County,2020-03-07,27.17
Pasco County,2020-03-07,23.56
Pinellas County,2020-03-07,22.52
Polk County,2020-03-07,24.48
Putnam County,2020-03-07,22.32
St. Johns County,2020-03-07,21.97
St. Lucie County,2020-03-07,24.75
Santa Rosa County,2020-03-07,20.05
Sarasota County,2020-03-07,23.4
Seminole County,2020-03-07,23.48
Sumter County,2020-03-07,23.59
Suwannee County,2020-03-07,20.53
Taylor County,2020-03-07,19.78
Union County,2020-03-07,21.26
Volusia County,2020-03-07,23.06
Wakulla County,2020-03-07,20.23
Walton County,2020-03-07,20.59
Washington County,2020-03-07,20.68
Alachua County,2020-03-08,18.3
Baker County,2020-03-08,18.24
Bay County,2020-03-08,18.71
Bradford County,2020-03-08,17.84
Brevard County,2020-03-08,18.43
Broward County,2020-03-08,24.03
Calhoun County,2020-03-08,18.81
Charlotte County,2020-03-08,23.32
Citrus County,2020-03-08,19.9
Clay County,2020-03-08,17.44
Collier County,2020-03-08,24.01
Columbia County,2020-03-08,18.18
DeSoto County,2020-03-08,22.27
Dixie County,2020-03-08,18.42
Duval County,2020-03-08,16.94
Escambia County,2020-03-08,18.98
Flagler County,2020-03-08,17.55
Franklin County,2020-03-08,19.07
Gadsden County,2020-03-08,17.84
Gilchrist County,2020-03-08,18.58
Glades County,2020-03-08,23.17
Gulf County,2020-03-08,19.2
Hamilton County,2020-03-08,17.72
Hardee County,2020-03-08,21.37
Hendry County,2020-03-08,24.03
Hernando County,2020-03-08,20.24
Highlands County,2020-03-08,21.67
Hillsborough County,2020-03-08,20.4
Holmes County,2020-03-08,19.18
Indian River County,2020-03-08,19.78
Jackson County,2020-03-08,18.35
Jefferson County,2020-03-08,17.07
Lafayette County,2020-03-08,17.69
Lake County,2020-03-08,18.82
Lee County,2020-03-08,23.72
Leon County,2020-03-08,17.74
Levy County,2020-03-08,19.0
Liberty County,2020-03-08,19.02
Madison County,2020-03-08,16.93
Manatee County,2020-03-08,21.06
Marion County,2020-03-08,18.73
Martin County,2020-03-08,22.32
Miami-Dade County,2020-03-08,24.47
Monroe County,2020-03-08,24.58
Nassau County,2020-03-08,17.33
Okaloosa County,2020-03-08,19.01
Okeechobee County,2020-03-08,21.03
Orange County,2020-03-08,18.72
Osceola County,2020-03-08,19.39
Palm Beach County,2020-03-08,23.6
Pasco County,2020-03-08,20.15
Pinellas County,2020-03-08,20.36
Polk County,2020-03-08,20.11
Putnam County,2020-03-08,17.71
St. Johns County,2020-03-08,16.79
St. Lucie County,2020-03-08,21.14
Santa Rosa County,2020-03-08,18.85
Sarasota County,2020-03-08,21.72
Seminole County,2020-03-08,18.54
Sumter County,2020-03-08,19.4
Suwannee County,2020-03-08,17.63
Taylor County,2020-03-08,17.39
Union County,2020-03-08,18.08
Volusia County,2020-03-08,18.14
Wakulla County,2020-03-08,18.29
Walton County,2020-03-08,18.98
Washington County,2020-03-08,18.93
Alachua County,2020-03-09,21.55
Baker County,2020-03-09,20.68
Bay County,2020-03-09,21.59
Bradford County,2020-03-09,20.92
Brevard County,2020-03-09,22.06
Broward County,2020-03-09,23.89
Calhoun County,2020-03-09,21.92
Charlotte County,2020-03-09,24.47
Citrus County,2020-03-09,23.78
Clay County,2020-03-09,20.81
Collier County,2020-03-09,24.3
Columbia County,2020-03-09,21.02
DeSoto County,2020-03-09,23.86
Dixie County,2020-03-09,21.86
Duval County,2020-03-09,19.96
Escambia County,2020-03-09,20.48
Flagler County,2020-03-09,21.65
Franklin County,2020-03-09,22.12
Gadsden County,2020-03-09,21.65
Gilchrist County,2020-03-09,21.74
Glades County,2020-03-09,23.82
Gulf County,2020-03-09,22.12
Hamilton County,2020-03-09,21.09
Hardee County,2020-03-09,23.82
Hendry County,2020-03-09,24.14
Hernando County,2020-03-09,24.35
Highlands County,2020-03-09,23.51
Hillsborough County,2020-03-09,24.11
Holmes County,2020-03-09,22.22
Indian River County,2020-03-09,22.23
Jackson County,2020-03-09,21.62
Jefferson County,2020-03-09,21.58
Lafayette County,2020-03-09,21.52
Lake County,2020-03-09,22.93
Lee County,2020-03-09,24.43
Leon County,2020-03-09,21.98
Levy County,2020-03-09,22.23
Liberty County,2020-03-09,22.16
Madison County,2020-03-09,21.26
Manatee County,2020-03-09,23.68
Marion County,2020-03-09,22.51
Martin County,2020-03-09,23.39
Miami-Dade County,2020-03-09,24.25
Monroe County,2020-03-09,24.86
Nassau County,2020-03-09,19.68
Okaloosa County,2020-03-09,21.24
Okeechobee County,2020-03-09,22.96
Orange County,2020-03-09,22.94
Osceola County,2020-03-09,23.08
Palm Beach County,2020-03-09,24.03
Pasco County,2020-03-09,24.22
Pinellas County,2020-03-09,23.75
Polk County,2020-03-09,23.71
Putnam County,2020-03-09,21.55
St. Johns County,2020-03-09,20.64
St. Lucie County,2020-03-09,22.69
Santa Rosa County,2020-03-09,20.71
Sarasota County,2020-03-09,23.7
Seminole County,2020-03-09,22.72
Sumter County,2020-03-09,23.54
Suwannee County,2020-03-09,21.23
Taylor County,2020-03-09,21.57
Union County,2020-03-09,20.98
Volusia County,2020-03-09,22.18
Wakulla County,2020-03-09,22.14
Walton County,2020-03-09,21.65
Washington County,2020-03-09,22.01
Alachua County,2020-03-10,24.37
Baker County,2020-03-10,24.2
Bay County,2020-03-10,23.66
Bradford County,2020-03-10,24.11
Brevard County,2020-03-10,23.74
Broward County,2020-03-10,25.62
Calhoun County,2020-03-10,24.22
Charlotte County,2020-03-10,27.09
Citrus County,2020-03-10,25.76
Clay County,2020-03-10,24.19
Collier County,2020-03-10,26.28
Columbia County,2020-03-10,24.25
DeSoto County,2020-03-10,26.44
Dixie County,2020-03-10,24.88
Duval County,2020-03-10,23.97
Escambia County,2020-03-10,23.1
Flagler County,2020-03-10,23.99
Franklin County,2020-03-10,25.12
Gadsden County,2020-03-10,24.4
Gilchrist County,2020-03-10,24.72
Glades County,2020-03-10,25.85
Gulf County,2020-03-10,24.88
Hamilton County,2020-03-10,24.27
Hardee County,2020-03-10,26.13
Hendry County,2020-03-10,26.08
Hernando County,2020-03-10,26.13
Highlands County,2020-03-10,25.54
Hillsborough County,2020-03-10,26.17
Holmes County,2020-03-10,23.3
Indian River County,2020-03-10,24.22
Jackson County,2020-03-10,23.47
Jefferson County,2020-03-10,24.61
Lafayette County,2020-03-10,24.61
Lake County,2020-03-10,24.21
Lee County,2020-03-10,26.87
Leon County,2020-03-10,24.94
Levy County,2020-03-10,24.9
Liberty County,2020-03-10,25.0
Madison County,2020-03-10,24.32
Manatee County,2020-03-10,26.25
Marion County,2020-03-10,24.53
Martin County,2020-03-10,25.24
Miami-Dade County,2020-03-10,25.99
Monroe County,2020-03-10,26.45
Nassau County,2020-03-10,23.83
Okaloosa County,2020-03-10,23.07
Okeechobee County,2020-03-10,24.77
Orange County,2020-03-10,24.06
Osceola County,2020-03-10,24.44
Palm Beach County,2020-03-10,25.67
Pasco County,2020-03-10,26.03
Pinellas County,2020-03-10,25.98
Polk County,2020-03-10,25.31
Putnam County,2020-03-10,24.17
St. Johns County,2020-03-10,23.89
St. Lucie County,2020-03-10,24.77
Santa Rosa County,2020-03-10,22.99
Sarasota County,2020-03-10,26.5
Seminole County,2020-03-10,23.92
Sumter County,2020-03-10,25.01
Suwannee County,2020-03-10,24.35
Taylor County,2020-03-10,24.68
Union County,2020-03-10,24.19
Volusia County,2020-03-10,23.86
Wakulla County,2020-03-10,25.2
Walton County,2020-03-10,23.16
Washington County,2020-03-10,23.47
Alachua County,2020-03-11,25.26
Baker County,2020-03-11,24.5
Bay County,2020-03-11,24.68
Bradford County,2020-03-11,24.91
Brevard County,2020-03-11,25.34
Broward County,2020-03-11,27.13
Calhoun County,2020-03-11,25.27
Charlotte County,2020-03-11,28.03
Citrus County,2020-03-11,27.33
Clay County,2020-03-11,25.3
Collier County,2020-03-11,27.94
Columbia County,2020-03-11,24.22
DeSoto County,2020-03-11,27.07
Dixie County,2020-03-11,25.4
Duval County,2020-03-11,25.0
Escambia County,2020-03-11,23.38
Flagler County,2020-03-11,26.08
Franklin County,2020-03-11,25.73
Gadsden County,2020-03-11,25.55
Gilchrist County,2020-03-11,25.14
Glades County,2020-03-11,26.79
Gulf County,2020-03-11,25.53
Hamilton County,2020-03-11,23.8
Hardee County,2020-03-11,26.81
Hendry County,2020-03-11,27.3
Hernando County,2020-03-11,27.73
Highlands County,2020-03-11,26.32
Hillsborough County,2020-03-11,27.4
Holmes County,2020-03-11,24.52
Indian River County,2020-03-11,25.34
Jackson County,2020-03-11,25.03
Jefferson County,2020-03-11,25.15
Lafayette County,2020-03-11,24.71
Lake County,2020-03-11,26.29
Lee County,2020-03-11,28.2
Leon County,2020-03-11,25.77
Levy County,2020-03-11,25.9
Liberty County,2020-03-11,25.7
Madison County,2020-03-11,24.34
Manatee County,2020-03-11,27.02
Marion County,2020-03-11,26.2
Martin County,2020-03-11,26.63
Miami-Dade County,2020-03-11,27.46
Monroe County,2020-03-11,28.12
Nassau County,2020-03-11,24.62
Okaloosa County,2020-03-11,23.73
Okeechobee County,2020-03-11,25.68
Orange County,2020-03-11,26.13
Osceola County,2020-03-11,25.92
Palm Beach County,2020-03-11,27.08
Pasco County,2020-03-11,27.51
Pinellas County,2020-03-11,27.32
Polk County,2020-03-11,26.6
Putnam County,2020-03-11,25.8
St. Johns County,2020-03-11,25.55
St. Lucie County,2020-03-11,25.97
Santa Rosa County,2020-03-11,23.44
Sarasota County,2020-03-11,27.27
Seminole County,2020-03-11,26.16
Sumter County,2020-03-11,26.81
Suwannee County,2020-03-11,24.14
Taylor County,2020-03-11,25.02
Union County,2020-03-11,24.62
Volusia County,2020-03-11,26.12
Wakulla County,2020-03-11,25.88
Walton County,2020-03-11,24.09
Washington County,2020-03-11,24.75
Alachua County,2020-03-12,27.14
Baker County,2020-03-12,26.89
Bay County,2020-03-12,24.57
Bradford County,2020-03-12,27.24
Brevard County,2020-03-12,26.77
Broward County,2020-03-12,28.09
Calhoun County,2020-03-12,25.19
Charlotte County,2020-03-12,28.49
Citrus County,2020-03-12,27.69
Clay County,2020-03-12,27.72
Collier County,2020-03-12,28.34
Columbia County,2020-03-12,26.1
DeSoto County,2020-03-12,28.49
Dixie County,2020-03-12,25.67
Duval County,2020-03-12,27.61
Escambia County,2020-03-12,25.27
Flagler County,2020-03-12,27.8
Franklin County,2020-03-12,24.95
Gadsden County,2020-03-12,25.37
Gilchrist County,2020-03-12,26.46
Glades County,2020-03-12,28.34
Gulf County,2020-03-12,25.02
Hamilton County,2020-03-12,25.01
Hardee County,2020-03-12,28.77
Hendry County,2020-03-12,28.5
Hernando County,2020-03-12,28.15
Highlands County,2020-03-12,28.47
Hillsborough County,2020-03-12,28.03
Holmes County,2020-03-12,25.6
Indian River County,2020-03-12,26.97
Jackson County,2020-03-12,25.18
Jefferson County,2020-03-12,24.95
Lafayette County,2020-03-12,25.46
Lake County,2020-03-12,28.22
Lee County,2020-03-12,28.18
Leon County,2020-03-12,25.48
Levy County,2020-03-12,26.51
Liberty County,2020-03-12,25.47
Madison County,2020-03-12,24.71
Manatee County,2020-03-12,27.95
Marion County,2020-03-12,27.85
Martin County,2020-03-12,27.57
Miami-Dade County,2020-03-12,28.16
Monroe County,2020-03-12,28.33
Nassau County,2020-03-12,27.35
Okaloosa County,2020-03-12,25.41
Okeechobee County,2020-03-12,27.86
Orange County,2020-03-12,28.26
Osceola County,2020-03-12,28.29
Palm Beach County,2020-03-12,28.2
Pasco County,2020-03-12,28.12
Pinellas County,2020-03-12,26.85
Polk County,2020-03-12,28.77
Putnam County,2020-03-12,27.89
St. Johns County,2020-03-12,27.47
St. Lucie County,2020-03-12,27.13
Santa Rosa County,2020-03-12,25.27
Sarasota County,2020-03-12,27.72
Seminole County,2020-03-12,28.27
Sumter County,2020-03-12,28.14
Suwannee County,2020-03-12,25.32
Taylor County,2020-03-12,24.81
Union County,2020-03-12,26.83
Volusia County,2020-03-12,27.88
Wakulla County,2020-03-12,25.17
Walton County,2020-03-12,25.24
Washington County,2020-03-12,25.25
Alachua County,2020-03-13,28.2
Baker County,2020-03-13,28.47
Bay County,2020-03-13,26.02
Bradford County,2020-03-13,28.22
Brevard County,2020-03-13,26.52
Broward County,2020-03-13,29.23
Calhoun County,2020-03-13,27.98
Charlotte County,2020-03-13,28.8
Citrus County,2020-03-13,28.48
Clay County,2020-03-13,28.25
Collier County,2020-03-13,29.04
Columbia County,2020-03-13,28.29
DeSoto County,2020-03-13,29.12
Dixie County,2020-03-13,27.17
Duval County,2020-03-13,27.74
Escambia County,2020-03-13,26.12
Flagler County,2020-03-13,27.32
Franklin County,2020-03-13,27.03
Gadsden County,2020-03-13,28.41
Gilchrist County,2020-03-13,28.09
Glades County,2020-03-13,29.19
Gulf County,2020-03-13,27.1
Hamilton County,2020-03-13,28.2
Hardee County,2020-03-13,29.41
Hendry County,2020-03-13,29.48
Hernando County,2020-03-13,29.04
Highlands County,2020-03-13,29.18
Hillsborough County,2020-03-13,28.56
Holmes County,2020-03-13,27.73
Indian River County,2020-03-13,27.3
Jackson County,2020-03-13,27.94
Jefferson County,2020-03-13,27.71
Lafayette County,2020-03-13,27.76
Lake County,2020-03-13,28.85
Lee County,2020-03-13,28.44
Leon County,2020-03-13,28.39
Levy County,2020-03-13,27.49
Liberty County,2020-03-13,28.51
Madison County,2020-03-13,27.75
Manatee County,2020-03-13,28.36
Marion County,2020-03-13,28.59
Martin County,2020-03-13,28.34
Miami-Dade County,2020-03-13,29.33
Monroe County,2020-03-13,29.1
Nassau County,2020-03-13,27.87
Okaloosa County,2020-03-13,26.38
Okeechobee County,2020-03-13,28.48
Orange County,2020-03-13,28.55
Osceola County,2020-03-13,28.64
Palm Beach County,2020-03-13,29.26
Pasco County,2020-03-13,29.01
Pinellas County,2020-03-13,27.21
Polk County,2020-03-13,29.37
Putnam County,2020-03-13,28.23
St. Johns County,2020-03-13,26.98
St. Lucie County,2020-03-13,27.68
Santa Rosa County,2020-03-13,26.13
Sarasota County,2020-03-13,27.88
Seminole County,2020-03-13,28.34
Sumter County,2020-03-13,29.12
Suwannee County,2020-03-13,27.98
Taylor County,2020-03-13,27.04
Union County,2020-03-13,28.28
Volusia County,2020-03-13,27.48
Wakulla County,2020-03-13,27.73
Walton County,2020-03-13,26.47
Washington County,2020-03-13,27.34
Alachua County,2020-03-14,29.31
Baker County,2020-03-14,29.63
Bay County,2020-03-14,26.48
Bradford County,2020-03-14,29.55
Brevard County,2020-03-14,27.33
Broward County,2020-03-14,29.53
Calhoun County,2020-03-14,27.63
Charlotte County,2020-03-14,29.88
Citrus County,2020-03-14,29.33
Clay County,2020-03-14,29.81
Collier County,2020-03-14,29.96
Columbia County,2020-03-14,29.04
DeSoto County,2020-03-14,30.15
Dixie County,2020-03-14,27.43
Duval County,2020-03-14,29.4
Escambia County,2020-03-14,27.06
Flagler County,2020-03-14,28.83
Franklin County,2020-03-14,26.69
Gadsden County,2020-03-14,27.57
Gilchrist County,2020-03-14,28.69
Glades County,2020-03-14,29.84
Gulf County,2020-03-14,27.08
Hamilton County,2020-03-14,28.47
Hardee County,2020-03-14,30.32
Hendry County,2020-03-14,30.22
Hernando County,2020-03-14,29.84
Highlands County,2020-03-14,29.81
Hillsborough County,2020-03-14,29.44
Holmes County,2020-03-14,27.82
Indian River County,2020-03-14,27.79
Jackson County,2020-03-14,27.58
Jefferson County,2020-03-14,27.01
Lafayette County,2020-03-14,27.89
Lake County,2020-03-14,29.92
Lee County,2020-03-14,29.43
Leon County,2020-03-14,27.48
Levy County,2020-03-14,28.18
Liberty County,2020-03-14,27.9
Madison County,2020-03-14,27.4
Manatee County,2020-03-14,29.51
Marion County,2020-03-14,29.76
Martin County,2020-03-14,28.73
Miami-Dade County,2020-03-14,29.75
Monroe County,2020-03-14,29.78
Nassau County,2020-03-14,29.33
Okaloosa County,2020-03-14,27.04
Okeechobee County,2020-03-14,28.96
Orange County,2020-03-14,29.53
Osceola County,2020-03-14,29.34
Palm Beach County,2020-03-14,29.65
Pasco County,2020-03-14,29.81
Pinellas County,2020-03-14,27.77
Polk County,2020-03-14,30.14
Putnam County,2020-03-14,29.74
St. Johns County,2020-03-14,28.67
St. Lucie County,2020-03-14,28.1
Santa Rosa County,2020-03-14,26.92
Sarasota County,2020-03-14,29.19
Seminole County,2020-03-14,29.44
Sumter County,2020-03-14,30.14
Suwannee County,2020-03-14,28.28
Taylor County,2020-03-14,26.75
Union County,2020-03-14,29.37
Volusia County,2020-03-14,28.74
Wakulla County,2020-03-14,27.01
Walton County,2020-03-14,27.02
Washington County,2020-03-14,27.49
Alachua County,2020-03-15,30.14
Baker County,2020-03-15,30.62
Bay County,2020-03-15,28.14
Bradford County,2020-03-15,30.39
Brevard County,2020-03-15,27.73
Broward County,2020-03-15,30.08
Calhoun County,2020-03-15,29.88
Charlotte County,2020-03-15,31.22
Citrus County,2020-03-15,30.15
Clay County,2020-03-15,30.45
Collier County,2020-03-15,30.92
Columbia County,2020-03-15,30.25
DeSoto County,2020-03-15,31.36
Dixie County,2020-03-15,28.68
Duval County,2020-03-15,29.75
Escambia County,2020-03-15,27.55
Flagler County,2020-03-15,29.23
Franklin County,2020-03-15,29.18
Gadsden County,2020-03-15,30.29
Gilchrist County,2020-03-15,29.68
Glades County,2020-03-15,30.94
Gulf County,2020-03-15,29.23
Hamilton County,2020-03-15,30.23
Hardee County,2020-03-15,31.57
Hendry County,2020-03-15,31.22
Hernando County,2020-03-15,30.78
Highlands County,2020-03-15,30.97
Hillsborough County,2020-03-15,30.65
Holmes County,2020-03-15,29.1
Indian River County,2020-03-15,28.49
Jackson County,2020-03-15,29.48
Jefferson County,2020-03-15,29.5
Lafayette County,2020-03-15,29.39
Lake County,2020-03-15,30.66
Lee County,2020-03-15,30.79
Leon County,2020-03-15,30.19
Levy County,2020-03-15,29.03
Liberty County,2020-03-15,30.51
Madison County,2020-03-15,29.59
Manatee County,2020-03-15,30.9
Marion County,2020-03-15,30.48
Martin County,2020-03-15,29.42
Miami-Dade County,2020-03-15,30.06
Monroe County,2020-03-15,30.38
Nassau County,2020-03-15,29.79
Okaloosa County,2020-03-15,27.87
Okeechobee County,2020-03-15,29.92
Orange County,2020-03-15,30.15
Osceola County,2020-03-15,30.13
Palm Beach County,2020-03-15,30.25
Pasco County,2020-03-15,30.87
Pinellas County,2020-03-15,29.3
Polk County,2020-03-15,31.24
Putnam County,2020-03-15,30.35
St. Johns County,2020-03-15,29.01
St. Lucie County,2020-03-15,28.84
Santa Rosa County,2020-03-15,27.51
Sarasota County,2020-03-15,30.67
Seminole County,2020-03-15,29.92
Sumter County,2020-03-15,30.93
Suwannee County,2020-03-15,29.8
Taylor County,2020-03-15,28.75
Union County,2020-03-15,30.32
Volusia County,2020-03-15,29.14
Wakulla County,2020-03-15,29.67
Walton County,2020-03-15,28.11
Washington County,2020-03-15,28.97
Alachua County,2020-03-16,30.85
Baker County,2020-03-16,31.15
Bay County,2020-03-16,29.02
Bradford County,2020-03-16,31.03
Brevard County,2020-03-16,28.74
Broward County,2020-03-16,30.14
Calhoun County,2020-03-16,29.29
Charlotte County,2020-03-16,30.8
Citrus County,2020-03-16,31.43
Clay County,2020-03-16,31.35
Collier County,2020-03-16,30.26
Columbia County,2020-03-16,30.51
DeSoto County,2020-03-16,30.85
Dixie County,2020-03-16,29.55
Duval County,2020-03-16,31.29
Escambia County,2020-03-16,29.93
Flagler County,2020-03-16,30.54
Franklin County,2020-03-16,29.06
Gadsden County,2020-03-16,29.24
Gilchrist County,2020-03-16,30.27
Glades County,2020-03-16,30.59
Gulf County,2020-03-16,29.21
Hamilton County,2020-03-16,30.1
Hardee County,2020-03-16,31.04
Hendry County,2020-03-16,30.63
Hernando County,2020-03-16,31.76
Highlands County,2020-03-16,30.66
Hillsborough County,2020-03-16,30.85
Holmes County,2020-03-16,30.13
Indian River County,2020-03-16,28.93
Jackson County,2020-03-16,29.35
Jefferson County,2020-03-16,29.17
Lafayette County,2020-03-16,29.68
Lake County,2020-03-16,31.2
Lee County,2020-03-16,30.29
Leon County,2020-03-16,29.51
Levy County,2020-03-16,30.19
Liberty County,2020-03-16,29.43
Madison County,2020-03-16,29.28
Manatee County,2020-03-16,30.4
Marion County,2020-03-16,31.31
Martin County,2020-03-16,29.88
Miami-Dade County,2020-03-16,30.02
Monroe County,2020-03-16,29.98
Nassau County,2020-03-16,31.36
Okaloosa County,2020-03-16,30.05
Okeechobee County,2020-03-16,29.94
Orange County,2020-03-16,30.67
Osceola County,2020-03-16,30.42
Palm Beach County,2020-03-16,30.46
Pasco County,2020-03-16,31.45
Pinellas County,2020-03-16,29.83
Polk County,2020-03-16,31.13
Putnam County,2020-03-16,31.22
St. Johns County,2020-03-16,30.66
St. Lucie County,2020-03-16,29.23
Santa Rosa County,2020-03-16,29.92
Sarasota County,2020-03-16,30.13
Seminole County,2020-03-16,30.61
Sumter County,2020-03-16,31.66
Suwannee County,2020-03-16,29.89
Taylor County,2020-03-16,29.13
Union County,2020-03-16,30.8
Volusia County,2020-03-16,30.24
Wakulla County,2020-03-16,29.35
Walton County,2020-03-16,29.85
Washington County,2020-03-16,29.65
Alachua County,2020-03-17,28.05
Baker County,2020-03-17,25.95
Bay County,2020-03-17,27.98
Bradford County,2020-03-17,26.82
Brevard County,2020-03-17,26.61
Broward County,2020-03-17,29.83
Calhoun County,2020-03-17,27.78
Charlotte County,2020-03-17,31.37
Citrus County,2020-03-17,30.01
Clay County,2020-03-17,26.04
Collier County,2020-03-17,30.57
Columbia County,2020-03-17,27.1
DeSoto County,2020-03-17,30.59
Dixie County,2020-03-17,29.36
Duval County,2020-03-17,24.24
Escambia County,2020-03-17,27.73
Flagler County,2020-03-17,26.66
Franklin County,2020-03-17,28.35
Gadsden County,2020-03-17,28.08
Gilchrist County,2020-03-17,28.93
Glades County,2020-03-17,30.27
Gulf County,2020-03-17,28.02
Hamilton County,2020-03-17,26.94
Hardee County,2020-03-17,30.1
Hendry County,2020-03-17,30.52
Hernando County,2020-03-17,30.28
Highlands County,2020-03-17,29.69
Hillsborough County,2020-03-17,30.17
Holmes County,2020-03-17,29.07
Indian River County,2020-03-17,27.43
Jackson County,2020-03-17,28.16
Jefferson County,2020-03-17,28.53
Lafayette County,2020-03-17,28.75
Lake County,2020-03-17,28.08
Lee County,2020-03-17,31.24
Leon County,2020-03-17,28.7
Levy County,2020-03-17,29.32
Liberty County,2020-03-17,27.9
Madison County,2020-03-17,27.97
Manatee County,2020-03-17,30.32
Marion County,2020-03-17,28.42
Martin County,2020-03-17,29.46
Miami-Dade County,2020-03-17,29.67
Monroe County,2020-03-17,30.22
Nassau County,2020-03-17,23.45
Okaloosa County,2020-03-17,28.48
Okeechobee County,2020-03-17,28.76
Orange County,2020-03-17,27.66
Osceola County,2020-03-17,28.0
Palm Beach County,2020-03-17,30.19
Pasco County,2020-03-17,30.12
Pinellas County,2020-03-17,30.3
Polk County,2020-03-17,29.13
Putnam County,2020-03-17,27.01
St. Johns County,2020-03-17,25.33
St. Lucie County,2020-03-17,28.36
Santa Rosa County,2020-03-17,28.05
Sarasota County,2020-03-17,30.66
Seminole County,2020-03-17,27.53
Sumter County,2020-03-17,29.0
Suwannee County,2020-03-17,27.92
Taylor County,2020-03-17,28.87
Union County,2020-03-17,27.18
Volusia County,2020-03-17,27.14
Wakulla County,2020-03-17,28.77
Walton County,2020-03-17,28.64
Washington County,2020-03-17,28.44
Alachua County,2020-03-18,28.71
Baker County,2020-03-18,28.86
Bay County,2020-03-18,27.55
Bradford County,2020-03-18,28.7
Brevard County,2020-03-18,27.83
Broward County,2020-03-18,29.91
Calhoun County,2020-03-18,27.53
Charlotte County,2020-03-18,30.46
Citrus County,2020-03-18,29.88
Clay County,2020-03-18,29.06
Collier County,2020-03-18,30.07
Columbia County,2020-03-18,28.37
DeSoto County,2020-03-18,30.48
Dixie County,2020-03-18,27.8
Duval County,2020-03-18,28.88
Escambia County,2020-03-18,27.58
Flagler County,2020-03-18,28.99
Franklin County,2020-03-18,27.02
Gadsden County,2020-03-18,27.49
Gilchrist County,2020-03-18,28.38
Glades County,2020-03-18,30.32
Gulf County,2020-03-18,27.4
Hamilton County,2020-03-18,28.13
Hardee County,2020-03-18,30.55
Hendry County,2020-03-18,30.42
Hernando County,2020-03-18,30.38
Highlands County,2020-03-18,30.19
Hillsborough County,2020-03-18,29.94
Holmes County,2020-03-18,28.36
Indian River County,2020-03-18,28.01
Jackson County,2020-03-18,27.83
Jefferson County,2020-03-18,27.44
Lafayette County,2020-03-18,27.81
Lake County,2020-03-18,29.97
Lee County,2020-03-18,30.06
Leon County,2020-03-18,27.56
Levy County,2020-03-18,28.49
Liberty County,2020-03-18,27.34
Madison County,2020-03-18,27.6
Manatee County,2020-03-18,29.63
Marion County,2020-03-18,29.56
Martin County,2020-03-18,29.5
Miami-Dade County,2020-03-18,29.65
Monroe County,2020-03-18,29.84
Nassau County,2020-03-18,28.95
Okaloosa County,2020-03-18,27.94
Okeechobee County,2020-03-18,29.13
Orange County,2020-03-18,29.69
Osceola County,2020-03-18,29.44
Palm Beach County,2020-03-18,30.28
Pasco County,2020-03-18,30.23
Pinellas County,2020-03-18,28.6
Polk County,2020-03-18,30.4
Putnam County,2020-03-18,29.25
St. Johns County,2020-03-18,28.58
St. Lucie County,2020-03-18,28.59
Santa Rosa County,2020-03-18,27.68
Sarasota County,2020-03-18,29.4
Seminole County,2020-03-18,29.61
Sumter County,2020-03-18,30.25
Suwannee County,2020-03-18,27.92
Taylor County,2020-03-18,27.23
Union County,2020-03-18,28.52
Volusia County,2020-03-18,29.11
Wakulla County,2020-03-18,27.15
Walton County,2020-03-18,28.02
Washington County,2020-03-18,28.06
Alachua County,2020-03-19,30.48
Baker County,2020-03-19,30.46
Bay County,2020-03-19,28.14
Bradford County,2020-03-19,30.29
Brevard County,2020-03-19,28.05
Broward County,2020-03-19,29.43
Calhoun County,2020-03-19,29.19
Charlotte County,2020-03-19,31.48
Citrus County,2020-03-19,31.7
Clay County,2020-03-19,30.12
Collier County,2020-03-19,30.32
Columbia County,2020-03-19,30.43
DeSoto County,2020-03-19,31.13
Dixie County,2020-03-19,30.17
Duval County,2020-03-19,29.77
Escambia County,2020-03-19,27.22
Flagler County,2020-03-19,29.11
Franklin County,2020-03-19,29.43
Gadsden County,2020-03-19,29.7
Gilchrist County,2020-03-19,30.51
Glades County,2020-03-19,30.57
Gulf County,2020-03-19,29.09
Hamilton County,2020-03-19,30.36
Hardee County,2020-03-19,31.25
Hendry County,2020-03-19,30.42
Hernando County,2020-03-19,32.09
Highlands County,2020-03-19,30.65
Hillsborough County,2020-03-19,31.53
Holmes County,2020-03-19,28.6
Indian River County,2020-03-19,28.34
Jackson County,2020-03-19,29.01
Jefferson County,2020-03-19,29.95
Lafayette County,2020-03-19,30.16
Lake County,2020-03-19,30.6
Lee County,2020-03-19,31.15
Leon County,2020-03-19,30.1
Levy County,2020-03-19,30.54
Liberty County,2020-03-19,29.75
Madison County,2020-03-19,29.97
Manatee County,2020-03-19,30.99
Marion County,2020-03-19,30.73
Martin County,2020-03-19,29.44
Miami-Dade County,2020-03-19,29.32
Monroe County,2020-03-19,30.05
Nassau County,2020-03-19,29.83
Okaloosa County,2020-03-19,27.39
Okeechobee County,2020-03-19,29.53
Orange County,2020-03-19,29.97
Osceola County,2020-03-19,29.9
Palm Beach County,2020-03-19,29.94
Pasco County,2020-03-19,31.86
Pinellas County,2020-03-19,31.03
Polk County,2020-03-19,31.14
Putnam County,2020-03-19,30.02
St. Johns County,2020-03-19,29.17
St. Lucie County,2020-03-19,28.74
Santa Rosa County,2020-03-19,27.11
Sarasota County,2020-03-19,30.86
Seminole County,2020-03-19,29.65
Sumter County,2020-03-19,31.44
Suwannee County,2020-03-19,30.22
Taylor County,2020-03-19,29.84
Union County,2020-03-19,30.41
Volusia County,2020-03-19,29.09
Wakulla County,2020-03-19,29.93
Walton County,2020-03-19,27.77
Washington County,2020-03-19,28.55
Alachua County,2020-03-20,30.57
Baker County,2020-03-20,30.76
Bay County,2020-03-20,28.72
Bradford County,2020-03-20,30.42
Brevard County,2020-03-20,28.37
Broward County,2020-03-20,29.52
Calhoun County,2020-03-20,29.92
Charlotte County,2020-03-20,31.55
Citrus County,2020-03-20,31.62
Clay County,2020-03-20,30.21
Collier County,2020-03-20,30.29
Columbia County,2020-03-20,30.71
DeSoto County,2020-03-20,31.32
Dixie County,2020-03-20,29.88
Duval County,2020-03-20,29.69
Escambia County,2020-03-20,28.52
Flagler County,2020-03-20,29.28
Franklin County,2020-03-20,29.24
Gadsden County,2020-03-20,29.77
Gilchrist County,2020-03-20,30.52
Glades County,2020-03-20,30.76
Gulf County,2020-03-20,29.3
Hamilton County,2020-03-20,30.61
Hardee County,2020-03-20,31.44
Hendry County,2020-03-20,30.69
Hernando County,2020-03-20,32.12
Highlands County,2020-03-20,30.75
Hillsborough County,2020-03-20,31.69
Holmes County,2020-03-20,30.27
Indian River County,2020-03-20,28.53
Jackson County,2020-03-20,30.12
Jefferson County,2020-03-20,29.42
Lafayette County,2020-03-20,30.02
Lake County,2020-03-20,30.8
Lee County,2020-03-20,31.08
Leon County,2020-03-20,29.76
Levy County,2020-03-20,30.38
Liberty County,2020-03-20,30.07
Madison County,2020-03-20,29.74
Manatee County,2020-03-20,31.33
Marion County,2020-03-20,30.87
Martin County,2020-03-20,29.41
Miami-Dade County,2020-03-20,29.4
Monroe County,2020-03-20,29.76
Nassau County,2020-03-20,29.96
Okaloosa County,2020-03-20,28.9
Okeechobee County,2020-03-20,29.65
Orange County,2020-03-20,30.21
Osceola County,2020-03-20,30.08
Palm Beach County,2020-03-20,29.93
Pasco County,2020-03-20,32.0
Pinellas County,2020-03-20,31.26
Polk County,2020-03-20,31.24
Putnam County,2020-03-20,30.2
St. Johns County,2020-03-20,29.06
St. Lucie County,2020-03-20,28.83
Santa Rosa County,2020-03-20,28.6
Sarasota County,2020-03-20,31.14
Seminole County,2020-03-20,29.97
Sumter County,2020-03-20,31.56
Suwannee County,2020-03-20,30.31
Taylor County,2020-03-20,29.33
Union County,2020-03-20,30.61
Volusia County,2020-03-20,29.37
Wakulla County,2020-03-20,29.53
Walton County,2020-03-20,29.12
Washington County,2020-03-20,29.83
Alachua County,2020-03-21,29.75
Baker County,2020-03-21,30.19
Bay County,2020-03-21,28.56
Bradford County,2020-03-21,30.01
Brevard County,2020-03-21,28.68
Broward County,2020-03-21,29.9
Calhoun County,2020-03-21,29.86
Charlotte County,2020-03-21,30.56
Citrus County,2020-03-21,30.48
Clay County,2020-03-21,30.4
Collier County,2020-03-21,30.45
Columbia County,2020-03-21,29.45
DeSoto County,2020-03-21,30.48
Dixie County,2020-03-21,27.92
Duval County,2020-03-21,30.13
Escambia County,2020-03-21,29.04
Flagler County,2020-03-21,30.16
Franklin County,2020-03-21,28.93
Gadsden County,2020-03-21,29.85
Gilchrist County,2020-03-21,28.9
Glades County,2020-03-21,30.53
Gulf County,2020-03-21,29.16
Hamilton County,2020-03-21,29.11
Hardee County,2020-03-21,30.71
Hendry County,2020-03-21,30.71
Hernando County,2020-03-21,30.97
Highlands County,2020-03-21,30.49
Hillsborough County,2020-03-21,30.35
Holmes County,2020-03-21,29.89
Indian River County,2020-03-21,28.71
Jackson County,2020-03-21,29.75
Jefferson County,2020-03-21,28.59
Lafayette County,2020-03-21,27.95
Lake County,2020-03-21,30.94
Lee County,2020-03-21,30.42
Leon County,2020-03-21,29.57
Levy County,2020-03-21,28.96
Liberty County,2020-03-21,30.14
Madison County,2020-03-21,28.25
Manatee County,2020-03-21,29.78
Marion County,2020-03-21,30.59
Martin County,2020-03-21,29.36
Miami-Dade County,2020-03-21,29.74
Monroe County,2020-03-21,30.05
Nassau County,2020-03-21,30.21
Okaloosa County,2020-03-21,29.06
Okeechobee County,2020-03-21,29.71
Orange County,2020-03-21,30.61
Osceola County,2020-03-21,30.32
Palm Beach County,2020-03-21,30.09
Pasco County,2020-03-21,30.8
Pinellas County,2020-03-21,29.26
Polk County,2020-03-21,30.93
Putnam County,2020-03-21,30.54
St. Johns County,2020-03-21,29.79
St. Lucie County,2020-03-21,28.86
Santa Rosa County,2020-03-21,28.96
Sarasota County,2020-03-21,29.46
Seminole County,2020-03-21,30.59
Sumter County,2020-03-21,31.06
Suwannee County,2020-03-21,28.45
Taylor County,2020-03-21,27.63
Union County,2020-03-21,29.75
Volusia County,2020-03-21,30.13
Wakulla County,2020-03-21,29.19
Walton County,2020-03-21,29.04
Washington County,2020-03-21,29.52
Alachua County,2020-03-22,30.01
Baker County,2020-03-22,29.95
Bay County,2020-03-22,27.44
Bradford County,2020-03-22,30.13
Brevard County,2020-03-22,29.35
Broward County,2020-03-22,29.97
Calhoun County,2020-03-22,28.54
Charlotte County,2020-03-22,31.43
Citrus County,2020-03-22,30.98
Clay County,2020-03-22,30.62
Collier County,2020-03-22,30.56
Columbia County,2020-03-22,29.43
DeSoto County,2020-03-22,31.17
Dixie County,2020-03-22,28.96
Duval County,2020-03-22,30.52
Escambia County,2020-03-22,25.6
Flagler County,2020-03-22,30.97
Franklin County,2020-03-22,29.22
Gadsden County,2020-03-22,28.94
Gilchrist County,2020-03-22,29.41
Glades County,2020-03-22,30.77
Gulf County,2020-03-22,28.8
Hamilton County,2020-03-22,28.93
Hardee County,2020-03-22,31.23
Hendry County,2020-03-22,30.74
Hernando County,2020-03-22,31.37
Highlands County,2020-03-22,30.81
Hillsborough County,2020-03-22,30.93
Holmes County,2020-03-22,27.05
Indian River County,2020-03-22,29.03
Jackson County,2020-03-22,27.8
Jefferson County,2020-03-22,28.59
Lafayette County,2020-03-22,28.87
Lake County,2020-03-22,31.06
Lee County,2020-03-22,31.09
Leon County,2020-03-22,29.14
Levy County,2020-03-22,29.54
Liberty County,2020-03-22,29.41
Madison County,2020-03-22,28.41
Manatee County,2020-03-22,30.63
Marion County,2020-03-22,30.81
Martin County,2020-03-22,29.6
Miami-Dade County,2020-03-22,30.11
Monroe County,2020-03-22,30.52
Nassau County,2020-03-22,30.24
Okaloosa County,2020-03-22,26.12
Okeechobee County,2020-03-22,29.86
Orange County,2020-03-22,30.78
Osceola County,2020-03-22,30.46
Palm Beach County,2020-03-22,30.16
Pasco County,2020-03-22,31.12
Pinellas County,2020-03-22,29.99
Polk County,2020-03-22,31.17
Putnam County,2020-03-22,30.85
St. Johns County,2020-03-22,30.7
St. Lucie County,2020-03-22,29.15
Santa Rosa County,2020-03-22,25.7
Sarasota County,2020-03-22,30.58
Seminole County,2020-03-22,30.85
Sumter County,2020-03-22,31.24
Suwannee County,2020-03-22,28.94
Taylor County,2020-03-22,28.63
Union County,2020-03-22,29.82
Volusia County,2020-03-22,30.81
Wakulla County,2020-03-22,29.37
Walton County,2020-03-22,26.55
Washington County,2020-03-22,27.31
Alachua County,2020-03-23,29.96
Baker County,2020-03-23,29.27
Bay County,2020-03-23,26.71
Bradford County,2020-03-23,29.68
Brevard County,2020-03-23,28.74
Broward County,2020-03-23,30.12
Calhoun County,2020-03-23,27.6
Charlotte County,2020-03-23,30.7
Citrus County,2020-03-23,31.05
Clay County,2020-03-23,29.56
Collier County,2020-03-23,30.32
Columbia County,2020-03-23,29.31
DeSoto County,2020-03-23,30.61
Dixie County,2020-03-23,29.05
Duval County,2020-03-23,28.29
Escambia County,2020-03-23,26.23
Flagler County,2020-03-23,29.72
Franklin County,2020-03-23,28.1
Gadsden County,2020-03-23,27.89
Gilchrist County,2020-03-23,29.64
Glades County,2020-03-23,30.56
Gulf County,2020-03-23,27.79
Hamilton County,2020-03-23,28.94
Hardee County,2020-03-23,30.88
Hendry County,2020-03-23,30.68
Hernando County,2020-03-23,31.46
Highlands County,2020-03-23,30.58
Hillsborough County,2020-03-23,30.73
Holmes County,2020-03-23,26.65
Indian River County,2020-03-23,28.72
Jackson County,2020-03-23,27.02
Jefferson County,2020-03-23,28.11
Lafayette County,2020-03-23,29.0
Lake County,2020-03-23,30.92
Lee County,2020-03-23,30.42
Leon County,2020-03-23,28.29
Levy County,2020-03-23,29.71
Liberty County,2020-03-23,28.26
Madison County,2020-03-23,28.38
Manatee County,2020-03-23,30.19
Marion County,2020-03-23,30.73
Martin County,2020-03-23,29.51
Miami-Dade County,2020-03-23,30.13
Monroe County,2020-03-23,30.21
Nassau County,2020-03-23,27.7
Okaloosa County,2020-03-23,26.08
Okeechobee County,2020-03-23,29.77
Orange County,2020-03-23,30.52
Osceola County,2020-03-23,30.29
Palm Beach County,2020-03-23,30.26
Pasco County,2020-03-23,31.2
Pinellas County,2020-03-23,29.99
Polk County,2020-03-23,31.06
Putnam County,2020-03-23,30.13
St. Johns County,2020-03-23,28.87
St. Lucie County,2020-03-23,28.94
Santa Rosa County,2020-03-23,25.93
Sarasota County,2020-03-23,29.88
Seminole County,2020-03-23,30.4
Sumter County,2020-03-23,31.27
Suwannee County,2020-03-23,29.06
Taylor County,2020-03-23,28.36
Union County,2020-03-23,29.58
Volusia County,2020-03-23,29.94
Wakulla County,2020-03-23,28.28
Walton County,2020-03-23,26.27
Washington County,2020-03-23,26.89
Alachua County,2020-03-24,30.23
Baker County,2020-03-24,29.77
Bay County,2020-03-24,27.11
Bradford County,2020-03-24,30.21
Brevard County,2020-03-24,29.8
Broward County,2020-03-24,30.09
Calhoun County,2020-03-24,27.35
Charlotte County,2020-03-24,31.03
Citrus County,2020-03-24,30.76
Clay County,2020-03-24,30.43
Collier County,2020-03-24,30.61
Columbia County,2020-03-24,29.48
DeSoto County,2020-03-24,31.11
Dixie County,2020-03-24,28.43
Duval County,2020-03-24,29.48
Escambia County,2020-03-24,28.77
Flagler County,2020-03-24,31.17
Franklin County,2020-03-24,26.7
Gadsden County,2020-03-24,27.69
Gilchrist County,2020-03-24,29.43
Glades County,2020-03-24,31.24
Gulf County,2020-03-24,26.88
Hamilton County,2020-03-24,29.1
Hardee County,2020-03-24,31.29
Hendry County,2020-03-24,31.14
Hernando County,2020-03-24,31.05
Highlands County,2020-03-24,31.33
Hillsborough County,2020-03-24,30.28
Holmes County,2020-03-24,28.52
Indian River County,2020-03-24,29.6
Jackson County,2020-03-24,27.77
Jefferson County,2020-03-24,28.33
Lafayette County,2020-03-24,28.74
Lake County,2020-03-24,31.72
Lee County,2020-03-24,30.66
Leon County,2020-03-24,28.09
Levy County,2020-03-24,29.32
Liberty County,2020-03-24,27.21
Madison County,2020-03-24,28.58
Manatee County,2020-03-24,29.95
Marion County,2020-03-24,31.24
Martin County,2020-03-24,29.94
Miami-Dade County,2020-03-24,30.16
Monroe County,2020-03-24,30.26
Nassau County,2020-03-24,28.88
Okaloosa County,2020-03-24,28.53
Okeechobee County,2020-03-24,30.5
Orange County,2020-03-24,31.54
Osceola County,2020-03-24,31.14
Palm Beach County,2020-03-24,30.3
Pasco County,2020-03-24,30.7
Pinellas County,2020-03-24,28.47
Polk County,2020-03-24,31.51
Putnam County,2020-03-24,31.08
St. Johns County,2020-03-24,30.16
St. Lucie County,2020-03-24,29.65
Santa Rosa County,2020-03-24,28.67
Sarasota County,2020-03-24,29.74
Seminole County,2020-03-24,31.67
Sumter County,2020-03-24,31.58
Suwannee County,2020-03-24,29.03
Taylor County,2020-03-24,28.0
Union County,2020-03-24,29.91
Volusia County,2020-03-24,31.39
Wakulla County,2020-03-24,27.39
Walton County,2020-03-24,28.19
Washington County,2020-03-24,28.02
Alachua County,2020-03-25,29.44
Baker County,2020-03-25,29.94
Bay County,2020-03-25,27.99
Bradford County,2020-03-25,29.8
Brevard County,2020-03-25,30.73
Broward County,2020-03-25,30.32
Calhoun County,2020-03-25,28.99
Charlotte County,2020-03-25,31.13
Citrus County,2020-03-25,30.26
Clay County,2020-03-25,30.5
Collier County,2020-03-25,30.46
Columbia County,2020-03-25,29.2
DeSoto County,2020-03-25,31.24
Dixie County,2020-03-25,28.17
Duval County,2020-03-25,30.68
Escambia County,2020-03-25,28.78
Flagler County,2020-03-25,30.82
Franklin County,2020-03-25,28.67
Gadsden County,2020-03-25,29.66
Gilchrist County,2020-03-25,28.74
Glades County,2020-03-25,31.49
Gulf County,2020-03-25,28.51
Hamilton County,2020-03-25,29.08
Hardee County,2020-03-25,31.5
Hendry County,2020-03-25,31.16
Hernando County,2020-03-25,30.74
Highlands County,2020-03-25,31.67
Hillsborough County,2020-03-25,30.4
Holmes County,2020-03-25,29.04
Indian River County,2020-03-25,30.66
Jackson County,2020-03-25,29.1
Jefferson County,2020-03-25,29.24
Lafayette County,2020-03-25,28.47
Lake County,2020-03-25,31.19
Lee County,2020-03-25,30.7
Leon County,2020-03-25,29.81
Levy County,2020-03-25,28.7
Liberty County,2020-03-25,29.4
Madison County,2020-03-25,28.84
Manatee County,2020-03-25,29.99
Marion County,2020-03-25,30.41
Martin County,2020-03-25,30.86
Miami-Dade County,2020-03-25,30.29
Monroe County,2020-03-25,30.23
Nassau County,2020-03-25,30.56
Okaloosa County,2020-03-25,28.54
Okeechobee County,2020-03-25,31.16
Orange County,2020-03-25,31.52
Osceola County,2020-03-25,31.63
Palm Beach County,2020-03-25,30.81
Pasco County,2020-03-25,30.53
Pinellas County,2020-03-25,28.78
Polk County,2020-03-25,31.67
Putnam County,2020-03-25,30.61
St. Johns County,2020-03-25,30.56
St. Lucie County,2020-03-25,30.72
Santa Rosa County,2020-03-25,28.65
Sarasota County,2020-03-25,29.73
Seminole County,2020-03-25,31.47
Sumter County,2020-03-25,31.02
Suwannee County,2020-03-25,28.69
Taylor County,2020-03-25,28.43
Union County,2020-03-25,29.45
Volusia County,2020-03-25,31.03
Wakulla County,2020-03-25,29.37
Walton County,2020-03-25,28.39
Washington County,2020-03-25,28.65
Alachua County,2020-03-26,29.51
Baker County,2020-03-26,30.64
Bay County,2020-03-26,29.02
Bradford County,2020-03-26,30.07
Brevard County,2020-03-26,31.29
Broward County,2020-03-26,31.86
Calhoun County,2020-03-26,29.95
Charlotte County,2020-03-26,30.44
Citrus County,2020-03-26,29.81
Clay County,2020-03-26,30.65
Collier County,2020-03-26,30.16
Columbia County,2020-03-26,30.09
DeSoto County,2020-03-26,30.57
Dixie County,2020-03-26,28.76
Duval County,2020-03-26,31.29
Escambia County,2020-03-26,30.46
Flagler County,2020-03-26,30.81
Franklin County,2020-03-26,29.21
Gadsden County,2020-03-26,30.57
Gilchrist County,2020-03-26,29.23
Glades County,2020-03-26,31.01
Gulf County,2020-03-26,29.23
Hamilton County,2020-03-26,30.27
Hardee County,2020-03-26,30.87
Hendry County,2020-03-26,30.93
Hernando County,2020-03-26,30.21
Highlands County,2020-03-26,31.14
Hillsborough County,2020-03-26,30.03
Holmes County,2020-03-26,30.5
Indian River County,2020-03-26,31.32
Jackson County,2020-03-26,30.33
Jefferson County,2020-03-26,30.17
Lafayette County,2020-03-26,29.36
Lake County,2020-03-26,30.24
Lee County,2020-03-26,29.95
Leon County,2020-03-26,30.66
Levy County,2020-03-26,28.76
Liberty County,2020-03-26,30.12
Madison County,2020-03-26,29.91
Manatee County,2020-03-26,29.54
Marion County,2020-03-26,29.75
Martin County,2020-03-26,32.18
Miami-Dade County,2020-03-26,31.58
Monroe County,2020-03-26,30.46
Nassau County,2020-03-26,31.18
Okaloosa County,2020-03-26,30.32
Okeechobee County,2020-03-26,31.17
Orange County,2020-03-26,30.99
Osceola County,2020-03-26,31.39
Palm Beach County,2020-03-26,32.31
Pasco County,2020-03-26,30.06
Pinellas County,2020-03-26,28.76
Polk County,2020-03-26,31.06
Putnam County,2020-03-26,30.25
St. Johns County,2020-03-26,30.92
St. Lucie County,2020-03-26,31.67
Santa Rosa County,2020-03-26,30.38
Sarasota County,2020-03-26,29.21
Seminole County,2020-03-26,30.98
Sumter County,2020-03-26,30.07
Suwannee County,2020-03-26,29.74
Taylor County,2020-03-26,29.33
Union County,2020-03-26,30.0
Volusia County,2020-03-26,30.9
Wakulla County,2020-03-26,30.1
Walton County,2020-03-26,30.02
Washington County,2020-03-26,30.03
Alachua County,2020-03-27,30.55
Baker County,2020-03-27,29.84
Bay County,2020-03-27,30.38
Bradford County,2020-03-27,30.06
Brevard County,2020-03-27,28.79
Broward County,2020-03-27,31.26
Calhoun County,2020-03-27,31.5
Charlotte County,2020-03-27,31.53
Citrus County,2020-03-27,31.05
Clay County,2020-03-27,29.5
Collier County,2020-03-27,31.27
Columbia County,2020-03-27,30.42
DeSoto County,2020-03-27,32.11
Dixie County,2020-03-27,30.21
Duval County,2020-03-27,27.87
Escambia County,2020-03-27,30.66
Flagler County,2020-03-27,28.93
Franklin County,2020-03-27,30.73
Gadsden County,2020-03-27,31.66
Gilchrist County,2020-03-27,30.79
Glades County,2020-03-27,31.93
Gulf County,2020-03-27,31.02
Hamilton County,2020-03-27,30.64
Hardee County,2020-03-27,32.38
Hendry County,2020-03-27,31.91
Hernando County,2020-03-27,31.53
Highlands County,2020-03-27,32.14
Hillsborough County,2020-03-27,31.21
Holmes County,2020-03-27,31.64
Indian River County,2020-03-27,29.78
Jackson County,2020-03-27,31.38
Jefferson County,2020-03-27,31.19
Lafayette County,2020-03-27,30.75
Lake County,2020-03-27,30.98
Lee County,2020-03-27,30.75
Leon County,2020-03-27,31.83
Levy County,2020-03-27,30.23
Liberty County,2020-03-27,31.8
Madison County,2020-03-27,30.9
Manatee County,2020-03-27,31.18
Marion County,2020-03-27,30.83
Martin County,2020-03-27,30.44
Miami-Dade County,2020-03-27,31.63
Monroe County,2020-03-27,31.07
Nassau County,2020-03-27,27.48
Okaloosa County,2020-03-27,30.64
Okeechobee County,2020-03-27,31.17
Orange County,2020-03-27,30.77
Osceola County,2020-03-27,31.23
Palm Beach County,2020-03-27,31.19
Pasco County,2020-03-27,31.5
Pinellas County,2020-03-27,29.5
Polk County,2020-03-27,32.1
Putnam County,2020-03-27,29.96
St. Johns County,2020-03-27,28.03
St. Lucie County,2020-03-27,29.99
Santa Rosa County,2020-03-27,30.48
Sarasota County,2020-03-27,30.67
Seminole County,2020-03-27,30.31
Sumter County,2020-03-27,31.5
Suwannee County,2020-03-27,30.69
Taylor County,2020-03-27,30.44
Union County,2020-03-27,30.32
Volusia County,2020-03-27,29.27
Wakulla County,2020-03-27,31.29
Walton County,2020-03-27,30.76
Washington County,2020-03-27,31.4
Alachua County,2020-03-28,31.74
Baker County,2020-03-28,31.69
Bay County,2020-03-28,30.44
Bradford County,2020-03-28,31.88
Brevard County,2020-03-28,29.67
Broward County,2020-03-28,31.81
Calhoun County,2020-03-28,31.74
Charlotte County,2020-03-28,32.72
Citrus County,2020-03-28,32.26
Clay County,2020-03-28,32.11
Collier County,2020-03-28,32.09
Columbia County,2020-03-28,31.22
DeSoto County,2020-03-28,33.05
Dixie County,2020-03-28,29.98
Duval County,2020-03-28,31.5
Escambia County,2020-03-28,30.04
Flagler County,2020-03-28,31.21
Franklin County,2020-03-28,30.55
Gadsden County,2020-03-28,31.63
Gilchrist County,2020-03-28,31.04
Glades County,2020-03-28,32.62
Gulf County,2020-03-28,30.94
Hamilton County,2020-03-28,30.84
Hardee County,2020-03-28,33.31
Hendry County,2020-03-28,32.73
Hernando County,2020-03-28,32.93
Highlands County,2020-03-28,32.7
Hillsborough County,2020-03-28,32.57
Holmes County,2020-03-28,31.55
Indian River County,2020-03-28,30.0
Jackson County,2020-03-28,31.62
Jefferson County,2020-03-28,30.32
Lafayette County,2020-03-28,30.32
Lake County,2020-03-28,32.6
Lee County,2020-03-28,32.07
Leon County,2020-03-28,31.17
Levy County,2020-03-28,30.78
Liberty County,2020-03-28,31.92
Madison County,2020-03-28,30.27
Manatee County,2020-03-28,32.55
Marion County,2020-03-28,32.38
Martin County,2020-03-28,30.76
Miami-Dade County,2020-03-28,31.48
Monroe County,2020-03-28,31.06
Nassau County,2020-03-28,31.19
Okaloosa County,2020-03-28,30.53
Okeechobee County,2020-03-28,31.52
Orange County,2020-03-28,32.07
Osceola County,2020-03-28,31.95
Palm Beach County,2020-03-28,31.88
Pasco County,2020-03-28,32.95
Pinellas County,2020-03-28,31.29
Polk County,2020-03-28,33.07
Putnam County,2020-03-28,32.16
St. Johns County,2020-03-28,31.03
St. Lucie County,2020-03-28,30.13
Santa Rosa County,2020-03-28,30.18
Sarasota County,2020-03-28,32.16
Seminole County,2020-03-28,31.84
Sumter County,2020-03-28,33.0
Suwannee County,2020-03-28,30.63
Taylor County,2020-03-28,29.62
Union County,2020-03-28,31.63
Volusia County,2020-03-28,31.11
Wakulla County,2020-03-28,30.69
Walton County,2020-03-28,30.69
Washington County,2020-03-28,31.36
Alachua County,2020-03-29,32.81
Baker County,2020-03-29,33.23
Bay County,2020-03-29,29.57
Bradford County,2020-03-29,33.29
Brevard County,2020-03-29,30.02
Broward County,2020-03-29,31.1
Calhoun County,2020-03-29,31.37
Charlotte County,2020-03-29,32.7
Citrus County,2020-03-29,32.76
Clay County,2020-03-29,33.76
Collier County,2020-03-29,32.04
Columbia County,2020-03-29,32.3
DeSoto County,2020-03-29,33.07
Dixie County,2020-03-29,30.12
Duval County,2020-03-29,33.31
Escambia County,2020-03-29,30.04
Flagler County,2020-03-29,33.09
Franklin County,2020-03-29,30.12
Gadsden County,2020-03-29,31.47
Gilchrist County,2020-03-29,31.59
Glades County,2020-03-29,32.59
Gulf County,2020-03-29,30.56
Hamilton County,2020-03-29,31.56
Hardee County,2020-03-29,33.3
Hendry County,2020-03-29,32.61
Hernando County,2020-03-29,33.28
Highlands County,2020-03-29,32.69
Hillsborough County,2020-03-29,32.63
Holmes County,2020-03-29,31.0
Indian River County,2020-03-29,30.14
Jackson County,2020-03-29,31.26
Jefferson County,2020-03-29,30.31
Lafayette County,2020-03-29,30.57
Lake County,2020-03-29,33.53
Lee County,2020-03-29,32.1
Leon County,2020-03-29,31.13
Levy County,2020-03-29,31.25
Liberty County,2020-03-29,31.73
Madison County,2020-03-29,30.41
Manatee County,2020-03-29,32.36
Marion County,2020-03-29,33.48
Martin County,2020-03-29,30.72
Miami-Dade County,2020-03-29,30.66
Monroe County,2020-03-29,30.83
Nassau County,2020-03-29,33.19
Okaloosa County,2020-03-29,30.01
Okeechobee County,2020-03-29,31.53
Orange County,2020-03-29,32.78
Osceola County,2020-03-29,32.21
Palm Beach County,2020-03-29,31.53
Pasco County,2020-03-29,33.14
Pinellas County,2020-03-29,30.73
Polk County,2020-03-29,33.25
Putnam County,2020-03-29,33.77
St. Johns County,2020-03-29,32.81
St. Lucie County,2020-03-29,30.21
Santa Rosa County,2020-03-29,29.95
Sarasota County,2020-03-29,31.89
Seminole County,2020-03-29,32.89
Sumter County,2020-03-29,33.7
Suwannee County,2020-03-29,31.14
Taylor County,2020-03-29,29.61
Union County,2020-03-29,32.87
Volusia County,2020-03-29,32.62
Wakulla County,2020-03-29,30.59
Walton County,2020-03-29,30.0
Washington County,2020-03-29,30.73
Alachua County,2020-03-30,31.93
Baker County,2020-03-30,31.83
Bay County,2020-03-30,30.41
Bradford County,2020-03-30,32.09
Brevard County,2020-03-30,31.05
Broward County,2020-03-30,32.2
Calhoun County,2020-03-30,31.62
Charlotte County,2020-03-30,32.73
Citrus County,2020-03-30,32.48
Clay County,2020-03-30,32.59
Collier County,2020-03-30,32.68
Columbia County,2020-03-30,31.14
DeSoto County,2020-03-30,33.04
Dixie County,2020-03-30,29.83
Duval County,2020-03-30,32.07
Escambia County,2020-03-30,30.1
Flagler County,2020-03-30,32.58
Franklin County,2020-03-30,30.35
Gadsden County,2020-03-30,31.29
Gilchrist County,2020-03-30,30.96
Glades County,2020-03-30,33.15
Gulf County,2020-03-30,30.99
Hamilton County,2020-03-30,30.58
Hardee County,2020-03-30,33.25
Hendry County,2020-03-30,33.2
Hernando County,2020-03-30,33.03
Highlands County,2020-03-30,33.16
Hillsborough County,2020-03-30,32.32
Holmes County,2020-03-30,31.72
Indian River County,2020-03-30,31.27
Jackson County,2020-03-30,31.6
Jefferson County,2020-03-30,30.14
Lafayette County,2020-03-30,30.09
Lake County,2020-03-30,33.49
Lee County,2020-03-30,32.33
Leon County,2020-03-30,30.99
Levy County,2020-03-30,30.85
Liberty County,2020-03-30,31.68
Madison County,2020-03-30,29.94
Manatee County,2020-03-30,31.98
Marion County,2020-03-30,32.99
Martin County,2020-03-30,31.85
Miami-Dade County,2020-03-30,32.05
Monroe County,2020-03-30,31.98
Nassau County,2020-03-30,31.8
Okaloosa County,2020-03-30,30.67
Okeechobee County,2020-03-30,32.42
Orange County,2020-03-30,33.22
Osceola County,2020-03-30,32.93
Palm Beach County,2020-03-30,32.53
Pasco County,2020-03-30,32.87
Pinellas County,2020-03-30,30.42
Polk County,2020-03-30,33.4
Putnam County,2020-03-30,32.95
St. Johns County,2020-03-30,31.9
St. Lucie County,2020-03-30,31.36
Santa Rosa County,2020-03-30,30.24
Sarasota County,2020-03-30,31.58
Seminole County,2020-03-30,33.27
Sumter County,2020-03-30,33.51
Suwannee County,2020-03-30,30.37
Taylor County,2020-03-30,29.45
Union County,2020-03-30,31.68
Volusia County,2020-03-30,32.67
Wakulla County,2020-03-30,30.55
Walton County,2020-03-30,30.89
Washington County,2020-03-30,31.54
Alachua County,2020-03-31,31.74
Baker County,2020-03-31,31.58
Bay County,2020-03-31,29.41
Bradford County,2020-03-31,31.75
Brevard County,2020-03-31,30.44
Broward County,2020-03-31,32.24
Calhoun County,2020-03-31,30.44
Charlotte County,2020-03-31,32.37
Citrus County,2020-03-31,32.16
Clay County,2020-03-31,32.0
Collier County,2020-03-31,32.0
Columbia County,2020-03-31,31.18
DeSoto County,2020-03-31,32.83
Dixie County,2020-03-31,30.21
Duval County,2020-03-31,31.45
Escambia County,2020-03-31,29.03
Flagler County,2020-03-31,31.79
Franklin County,2020-03-31,30.24
Gadsden County,2020-03-31,30.4
Gilchrist County,2020-03-31,31.2
Glades County,2020-03-31,32.57
Gulf County,2020-03-31,30.44
Hamilton County,2020-03-31,30.56
Hardee County,2020-03-31,33.07
Hendry County,2020-03-31,32.58
Hernando County,2020-03-31,32.67
Highlands County,2020-03-31,32.72
Hillsborough County,2020-03-31,32.05
Holmes County,2020-03-31,29.78
Indian River County,2020-03-31,30.69
Jackson County,2020-03-31,29.89
Jefferson County,2020-03-31,29.87
Lafayette County,2020-03-31,30.48
Lake County,2020-03-31,32.95
Lee County,2020-03-31,31.67
Leon County,2020-03-31,30.56
Levy County,2020-03-31,30.87
Liberty County,2020-03-31,30.99
Madison County,2020-03-31,29.87
Manatee County,2020-03-31,32.09
Marion County,2020-03-31,32.55
Martin County,2020-03-31,31.52
Miami-Dade County,2020-03-31,32.21
Monroe County,2020-03-31,31.7
Nassau County,2020-03-31,31.32
Okaloosa County,2020-03-31,29.1
Okeechobee County,2020-03-31,31.86
Orange County,2020-03-31,32.63
Osceola County,2020-03-31,32.37
Palm Beach County,2020-03-31,32.42
Pasco County,2020-03-31,32.57
Pinellas County,2020-03-31,30.4
Polk County,2020-03-31,32.99
Putnam County,2020-03-31,32.32
St. Johns County,2020-03-31,31.18
St. Lucie County,2020-03-31,30.88
Santa Rosa County,2020-03-31,28.83
Sarasota County,2020-03-31,31.72
Seminole County,2020-03-31,32.63
Sumter County,2020-03-31,33.08
Suwannee County,2020-03-31,30.63
Taylor County,2020-03-31,29.71
Union County,2020-03-31,31.56
Volusia County,2020-03-31,31.95
Wakulla County,2020-03-31,30.37
Walton County,2020-03-31,29.27
Washington County,2020-03-31,29.9
Alachua County,2020-04-01,29.36
Baker County,2020-04-01,29.35
Bay County,2020-04-01,25.83
Bradford County,2020-04-01,29.42
Brevard County,2020-04-01,31.66
Broward County,2020-04-01,32.28
Calhoun County,2020-04-01,25.98
Charlotte County,2020-04-01,31.22
Citrus County,2020-04-01,30.43
Clay County,2020-04-01,29.8
Collier County,2020-04-01,30.63
Columbia County,2020-04-01,28.93
DeSoto County,2020-04-01,31.3
Dixie County,2020-04-01,28.45
Duval County,2020-04-01,29.62
Escambia County,2020-04-01,26.48
Flagler County,2020-04-01,31.03
Franklin County,2020-04-01,26.61
Gadsden County,2020-04-01,25.92
Gilchrist County,2020-04-01,28.98
Glades County,2020-04-01,31.29
Gulf County,2020-04-01,26.3
Hamilton County,2020-04-01,27.6
Hardee County,2020-04-01,31.63
Hendry County,2020-04-01,31.08
Hernando County,2020-04-01,30.54
Highlands County,2020-04-01,31.81
Hillsborough County,2020-04-01,30.92
Holmes County,2020-04-01,25.12
Indian River County,2020-04-01,32.19
Jackson County,2020-04-01,25.5
Jefferson County,2020-04-01,26.52
Lafayette County,2020-04-01,28.5
Lake County,2020-04-01,31.64
Lee County,2020-04-01,30.51
Leon County,2020-04-01,26.42
Levy County,2020-04-01,29.0
Liberty County,2020-04-01,26.39
Madison County,2020-04-01,26.99
Manatee County,2020-04-01,30.45
Marion County,2020-04-01,30.89
Martin County,2020-04-01,32.49
Miami-Dade County,2020-04-01,32.06
Monroe County,2020-04-01,30.8
Nassau County,2020-04-01,29.28
Okaloosa County,2020-04-01,25.95
Okeechobee County,2020-04-01,32.14
Orange County,2020-04-01,31.95
Osceola County,2020-04-01,32.32
Palm Beach County,2020-04-01,32.38
Pasco County,2020-04-01,30.62
Pinellas County,2020-04-01,29.51
Polk County,2020-04-01,31.93
Putnam County,2020-04-01,30.37
St. Johns County,2020-04-01,29.95
St. Lucie County,2020-04-01,32.46
Santa Rosa County,2020-04-01,26.06
Sarasota County,2020-04-01,30.32
Seminole County,2020-04-01,31.83
Sumter County,2020-04-01,31.28
Suwannee County,2020-04-01,28.48
Taylor County,2020-04-01,27.54
Union County,2020-04-01,29.32
Volusia County,2020-04-01,31.57
Wakulla County,2020-04-01,26.76
Walton County,2020-04-01,25.62
Washington County,2020-04-01,25.61
Alachua County,2020-04-02,22.81
Baker County,2020-04-02,22.61
Bay County,2020-04-02,22.69
Bradford County,2020-04-02,22.25
Brevard County,2020-04-02,22.51
Broward County,2020-04-02,30.14
Calhoun County,2020-04-02,22.84
Charlotte County,2020-04-02,26.76
Citrus County,2020-04-02,25.24
Clay County,2020-04-02,21.92
Collier County,2020-04-02,28.82
Columbia County,2020-04-02,22.56
DeSoto County,2020-04-02,26.59
Dixie County,2020-04-02,22.51
Duval County,2020-04-02,21.25
Escambia County,2020-04-02,23.4
Flagler County,2020-04-02,21.84
Franklin County,2020-04-02,21.82
Gadsden County,2020-04-02,21.71
Gilchrist County,2020-04-02,22.91
Glades County,2020-04-02,27.19
Gulf County,2020-04-02,22.37
Hamilton County,2020-04-02,21.71
Hardee County,2020-04-02,26.54
Hendry County,2020-04-02,28.42
Hernando County,2020-04-02,25.71
Highlands County,2020-04-02,26.6
Hillsborough County,2020-04-02,25.96
Holmes County,2020-04-02,23.66
Indian River County,2020-04-02,24.45
Jackson County,2020-04-02,22.98
Jefferson County,2020-04-02,21.06
Lafayette County,2020-04-02,22.26
Lake County,2020-04-02,25.07
Lee County,2020-04-02,26.81
Leon County,2020-04-02,21.47
Levy County,2020-04-02,23.38
Liberty County,2020-04-02,22.43
Madison County,2020-04-02,21.26
Manatee County,2020-04-02,25.5
Marion County,2020-04-02,24.52
Martin County,2020-04-02,26.45
Miami-Dade County,2020-04-02,31.26
Monroe County,2020-04-02,29.88
Nassau County,2020-04-02,21.78
Okaloosa County,2020-04-02,23.6
Okeechobee County,2020-04-02,26.0
Orange County,2020-04-02,24.35
Osceola County,2020-04-02,25.08
Palm Beach County,2020-04-02,28.4
Pasco County,2020-04-02,25.96
Pinellas County,2020-04-02,24.82
Polk County,2020-04-02,26.19
Putnam County,2020-04-02,22.56
St. Johns County,2020-04-02,20.75
St. Lucie County,2020-04-02,25.43
Santa Rosa County,2020-04-02,23.27
Sarasota County,2020-04-02,25.35
Seminole County,2020-04-02,23.59
Sumter County,2020-04-02,25.85
Suwannee County,2020-04-02,22.17
Taylor County,2020-04-02,21.43
Union County,2020-04-02,22.51
Volusia County,2020-04-02,22.46
Wakulla County,2020-04-02,21.55
Walton County,2020-04-02,23.52
Washington County,2020-04-02,23.57
Alachua County,2020-04-03,23.97
Baker County,2020-04-03,23.79
Bay County,2020-04-03,23.9
Bradford County,2020-04-03,23.61
Brevard County,2020-04-03,23.96
Broward County,2020-04-03,28.44
Calhoun County,2020-04-03,24.47
Charlotte County,2020-04-03,28.2
Citrus County,2020-04-03,25.48
Clay County,2020-04-03,23.55
Collier County,2020-04-03,28.93
Columbia County,2020-04-03,23.76
DeSoto County,2020-04-03,27.71
Dixie County,2020-04-03,23.82
Duval County,2020-04-03,23.05
Escambia County,2020-04-03,24.13
Flagler County,2020-04-03,24.02
Franklin County,2020-04-03,23.95
Gadsden County,2020-04-03,23.63
Gilchrist County,2020-04-03,24.07
Glades County,2020-04-03,27.5
Gulf County,2020-04-03,24.39
Hamilton County,2020-04-03,23.2
Hardee County,2020-04-03,27.43
Hendry County,2020-04-03,28.32
Hernando County,2020-04-03,25.73
Highlands County,2020-04-03,27.21
Hillsborough County,2020-04-03,26.52
Holmes County,2020-04-03,24.09
Indian River County,2020-04-03,25.29
Jackson County,2020-04-03,23.97
Jefferson County,2020-04-03,23.29
Lafayette County,2020-04-03,23.88
Lake County,2020-04-03,25.93
Lee County,2020-04-03,28.17
Leon County,2020-04-03,23.71
Levy County,2020-04-03,24.19
Liberty County,2020-04-03,24.49
Madison County,2020-04-03,23.24
Manatee County,2020-04-03,26.71
Marion County,2020-04-03,25.43
Martin County,2020-04-03,26.43
Miami-Dade County,2020-04-03,29.28
Monroe County,2020-04-03,29.36
Nassau County,2020-04-03,23.29
Okaloosa County,2020-04-03,24.02
Okeechobee County,2020-04-03,26.5
Orange County,2020-04-03,25.59
Osceola County,2020-04-03,26.12
Palm Beach County,2020-04-03,27.53
Pasco County,2020-04-03,26.01
Pinellas County,2020-04-03,24.98
Polk County,2020-04-03,26.87
Putnam County,2020-04-03,24.2
St. Johns County,2020-04-03,22.86
St. Lucie County,2020-04-03,25.87
Santa Rosa County,2020-04-03,23.88
Sarasota County,2020-04-03,27.04
Seminole County,2020-04-03,25.18
Sumter County,2020-04-03,26.14
Suwannee County,2020-04-03,23.69
Taylor County,2020-04-03,23.44
Union County,2020-04-03,23.75
Volusia County,2020-04-03,24.44
Wakulla County,2020-04-03,23.91
Walton County,2020-04-03,24.0
Washington County,2020-04-03,24.43
Alachua County,2020-04-04,26.95
Baker County,2020-04-04,26.85
Bay County,2020-04-04,25.14
Bradford County,2020-04-04,26.56
Brevard County,2020-04-04,25.42
Broward County,2020-04-04,29.69
Calhoun County,2020-04-04,26.22
Charlotte County,2020-04-04,29.67
Citrus County,2020-04-04,28.46
Clay County,2020-04-04,26.16
Collier County,2020-04-04,30.03
Columbia County,2020-04-04,26.84
DeSoto County,2020-04-04,29.8
Dixie County,2020-04-04,26.53
Duval County,2020-04-04,25.48
Escambia County,2020-04-04,25.3
Flagler County,2020-04-04,25.69
Franklin County,2020-04-04,25.66
Gadsden County,2020-04-04,26.18
Gilchrist County,2020-04-04,27.04
Glades County,2020-04-04,29.32
Gulf County,2020-04-04,25.69
Hamilton County,2020-04-04,26.2
Hardee County,2020-04-04,30.04
Hendry County,2020-04-04,29.76
Hernando County,2020-04-04,28.84
Highlands County,2020-04-04,29.68
Hillsborough County,2020-04-04,29.42
Holmes County,2020-04-04,25.27
Indian River County,2020-04-04,27.08
Jackson County,2020-04-04,25.81
Jefferson County,2020-04-04,25.83
Lafayette County,2020-04-04,26.7
Lake County,2020-04-04,28.6
Lee County,2020-04-04,29.2
Leon County,2020-04-04,26.18
Levy County,2020-04-04,27.06
Liberty County,2020-04-04,26.48
Madison County,2020-04-04,26.0
Manatee County,2020-04-04,29.13
Marion County,2020-04-04,28.27
Martin County,2020-04-04,27.95
Miami-Dade County,2020-04-04,29.89
Monroe County,2020-04-04,29.97
Nassau County,2020-04-04,26.15
Okaloosa County,2020-04-04,25.33
Okeechobee County,2020-04-04,28.76
Orange County,2020-04-04,27.87
Osceola County,2020-04-04,28.55
Palm Beach County,2020-04-04,29.0
Pasco County,2020-04-04,29.16
Pinellas County,2020-04-04,27.78
Polk County,2020-04-04,29.74
Putnam County,2020-04-04,26.62
St. Johns County,2020-04-04,24.71
St. Lucie County,2020-04-04,27.43
Santa Rosa County,2020-04-04,25.11
Sarasota County,2020-04-04,28.8
Seminole County,2020-04-04,27.17
Sumter County,2020-04-04,29.18
Suwannee County,2020-04-04,26.64
Taylor County,2020-04-04,25.93
Union County,2020-04-04,26.8
Volusia County,2020-04-04,26.05
Wakulla County,2020-04-04,26.07
Walton County,2020-04-04,25.24
Washington County,2020-04-04,25.63
Alachua County,2020-04-05,29.16
Baker County,2020-04-05,29.66
Bay County,2020-04-05,28.29
Bradford County,2020-04-05,29.14
Brevard County,2020-04-05,28.43
Broward County,2020-04-05,30.6
Calhoun County,2020-04-05,29.47
Charlotte County,2020-04-05,29.64
Citrus County,2020-04-05,29.62
Clay County,2020-04-05,28.93
Collier County,2020-04-05,30.25
Columbia County,2020-04-05,29.55
DeSoto County,2020-04-05,29.96
Dixie County,2020-04-05,28.49
Duval County,2020-04-05,28.34
Escambia County,2020-04-05,25.98
Flagler County,2020-04-05,28.84
Franklin County,2020-04-05,28.28
Gadsden County,2020-04-05,29.36
Gilchrist County,2020-04-05,29.16
Glades County,2020-04-05,30.25
Gulf County,2020-04-05,28.63
Hamilton County,2020-04-05,29.03
Hardee County,2020-04-05,30.33
Hendry County,2020-04-05,30.29
Hernando County,2020-04-05,29.59
Highlands County,2020-04-05,30.65
Hillsborough County,2020-04-05,29.38
Holmes County,2020-04-05,28.77
Indian River County,2020-04-05,29.62
Jackson County,2020-04-05,29.53
Jefferson County,2020-04-05,28.85
Lafayette County,2020-04-05,29.13
Lake County,2020-04-05,30.61
Lee County,2020-04-05,29.26
Leon County,2020-04-05,29.27
Levy County,2020-04-05,28.67
Liberty County,2020-04-05,29.42
Madison County,2020-04-05,28.86
Manatee County,2020-04-05,28.5
Marion County,2020-04-05,30.23
Martin County,2020-04-05,30.14
Miami-Dade County,2020-04-05,30.77
Monroe County,2020-04-05,30.25
Nassau County,2020-04-05,28.78
Okaloosa County,2020-04-05,27.19
Okeechobee County,2020-04-05,30.53
Orange County,2020-04-05,30.41
Osceola County,2020-04-05,30.68
Palm Beach County,2020-04-05,30.52
Pasco County,2020-04-05,29.53
Pinellas County,2020-04-05,26.94
Polk County,2020-04-05,30.82
Putnam County,2020-04-05,29.26
St. Johns County,2020-04-05,27.69
St. Lucie County,2020-04-05,29.9
Santa Rosa County,2020-04-05,26.26
Sarasota County,2020-04-05,28.07
Seminole County,2020-04-05,30.1
Sumter County,2020-04-05,30.58
Suwannee County,2020-04-05,29.28
Taylor County,2020-04-05,28.54
Union County,2020-04-05,29.42
Volusia County,2020-04-05,29.28
Wakulla County,2020-04-05,28.98
Walton County,2020-04-05,27.97
Washington County,2020-04-05,29.12
Alachua County,2020-04-06,25.49
Baker County,2020-04-06,26.79
Bay County,2020-04-06,27.43
Bradford County,2020-04-06,25.51
Brevard County,2020-04-06,21.24
Broward County,2020-04-06,29.07
Calhoun County,2020-04-06,28.22
Charlotte County,2020-04-06,26.12
Citrus County,2020-04-06,25.92
Clay County,2020-04-06,25.02
Collier County,2020-04-06,28.97
Columbia County,2020-04-06,26.7
DeSoto County,2020-04-06,24.93
Dixie County,2020-04-06,26.02
Duval County,2020-04-06,25.52
Escambia County,2020-04-06,27.17
Flagler County,2020-04-06,22.93
Franklin County,2020-04-06,26.83
Gadsden County,2020-04-06,27.57
Gilchrist County,2020-04-06,26.29
Glades County,2020-04-06,25.8
Gulf County,2020-04-06,27.27
Hamilton County,2020-04-06,26.09
Hardee County,2020-04-06,24.04
Hendry County,2020-04-06,27.66
Hernando County,2020-04-06,25.06
Highlands County,2020-04-06,24.23
Hillsborough County,2020-04-06,23.52
Holmes County,2020-04-06,28.32
Indian River County,2020-04-06,22.58
Jackson County,2020-04-06,28.49
Jefferson County,2020-04-06,26.32
Lafayette County,2020-04-06,26.19
Lake County,2020-04-06,23.83
Lee County,2020-04-06,27.2
Leon County,2020-04-06,27.09
Levy County,2020-04-06,25.87
Liberty County,2020-04-06,27.83
Madison County,2020-04-06,25.96
Manatee County,2020-04-06,22.91
Marion County,2020-04-06,25.38
Martin County,2020-04-06,25.8
Miami-Dade County,2020-04-06,29.98
Monroe County,2020-04-06,30.51
Nassau County,2020-04-06,26.47
Okaloosa County,2020-04-06,27.43
Okeechobee County,2020-04-06,23.76
Orange County,2020-04-06,22.08
Osceola County,2020-04-06,22.11
Palm Beach County,2020-04-06,27.73
Pasco County,2020-04-06,24.22
Pinellas County,2020-04-06,22.6
Polk County,2020-04-06,23.35
Putnam County,2020-04-06,24.17
St. Johns County,2020-04-06,23.73
St. Lucie County,2020-04-06,24.32
Santa Rosa County,2020-04-06,27.07
Sarasota County,2020-04-06,23.54
Seminole County,2020-04-06,21.75
Sumter County,2020-04-06,25.35
Suwannee County,2020-04-06,26.27
Taylor County,2020-04-06,25.95
Union County,2020-04-06,26.21
Volusia County,2020-04-06,22.16
Wakulla County,2020-04-06,27.01
Walton County,2020-04-06,27.67
Washington County,2020-04-06,28.32
Alachua County,2020-04-07,27.57
Baker County,2020-04-07,27.72
Bay County,2020-04-07,28.38
Bradford County,2020-04-07,27.19
Brevard County,2020-04-07,24.84
Broward County,2020-04-07,29.94
Calhoun County,2020-04-07,29.76
Charlotte County,2020-04-07,29.28
Citrus County,2020-04-07,28.46
Clay County,2020-04-07,26.81
Collier County,2020-04-07,31.06
Columbia County,2020-04-07,28.0
DeSoto County,2020-04-07,28.64
Dixie County,2020-04-07,28.07
Duval County,2020-04-07,26.39
Escambia County,2020-04-07,27.39
Flagler County,2020-04-07,26.54
Franklin County,2020-04-07,28.45
Gadsden County,2020-04-07,29.25
Gilchrist County,2020-04-07,28.2
Glades County,2020-04-07,28.29
Gulf County,2020-04-07,28.87
Hamilton County,2020-04-07,27.81
Hardee County,2020-04-07,28.48
Hendry County,2020-04-07,29.71
Hernando County,2020-04-07,28.45
Highlands County,2020-04-07,27.92
Hillsborough County,2020-04-07,28.67
Holmes County,2020-04-07,29.43
Indian River County,2020-04-07,25.44
Jackson County,2020-04-07,29.88
Jefferson County,2020-04-07,28.33
Lafayette County,2020-04-07,28.42
Lake County,2020-04-07,27.94
Lee County,2020-04-07,29.53
Leon County,2020-04-07,28.97
Levy County,2020-04-07,27.88
Liberty County,2020-04-07,29.64
Madison County,2020-04-07,28.13
Manatee County,2020-04-07,28.39
Marion County,2020-04-07,28.24
Martin County,2020-04-07,26.06
Miami-Dade County,2020-04-07,31.59
Monroe County,2020-04-07,31.79
Nassau County,2020-04-07,27.02
Okaloosa County,2020-04-07,28.01
Okeechobee County,2020-04-07,26.95
Orange County,2020-04-07,27.13
Osceola County,2020-04-07,27.11
Palm Beach County,2020-04-07,27.91
Pasco County,2020-04-07,28.57
Pinellas County,2020-04-07,27.9
Polk County,2020-04-07,28.15
Putnam County,2020-04-07,27.06
St. Johns County,2020-04-07,25.72
St. Lucie County,2020-04-07,25.65
Santa Rosa County,2020-04-07,27.42
Sarasota County,2020-04-07,28.46
Seminole County,2020-04-07,26.92
Sumter County,2020-04-07,28.45
Suwannee County,2020-04-07,28.22
Taylor County,2020-04-07,28.08
Union County,2020-04-07,27.64
Volusia County,2020-04-07,26.58
Wakulla County,2020-04-07,28.8
Walton County,2020-04-07,28.44
Washington County,2020-04-07,29.55
Alachua County,2020-04-08,29.44
Baker County,2020-04-08,29.69
Bay County,2020-04-08,28.24
Bradford County,2020-04-08,29.34
Brevard County,2020-04-08,27.64
Broward County,2020-04-08,31.2
Calhoun County,2020-04-08,29.71
Charlotte County,2020-04-08,31.95
Citrus County,2020-04-08,30.2
Clay County,2020-04-08,29.26
Collier County,2020-04-08,32.56
Columbia County,2020-04-08,29.64
DeSoto County,2020-04-08,31.83
Dixie County,2020-04-08,28.91
Duval County,2020-04-08,28.99
Escambia County,2020-04-08,27.17
Flagler County,2020-04-08,28.94
Franklin County,2020-04-08,28.24
Gadsden County,2020-04-08,29.48
Gilchrist County,2020-04-08,29.53
Glades County,2020-04-08,31.29
Gulf County,2020-04-08,28.72
Hamilton County,2020-04-08,29.14
Hardee County,2020-04-08,31.85
Hendry County,2020-04-08,31.99
Hernando County,2020-04-08,30.5
Highlands County,2020-04-08,31.31
Hillsborough County,2020-04-08,31.14
Holmes County,2020-04-08,29.34
Indian River County,2020-04-08,28.7
Jackson County,2020-04-08,29.9
Jefferson County,2020-04-08,29.01
Lafayette County,2020-04-08,29.55
Lake County,2020-04-08,30.7
Lee County,2020-04-08,31.78
Leon County,2020-04-08,29.42
Levy County,2020-04-08,29.09
Liberty County,2020-04-08,29.55
Madison County,2020-04-08,29.11
Manatee County,2020-04-08,30.95
Marion County,2020-04-08,30.45
Martin County,2020-04-08,29.04
Miami-Dade County,2020-04-08,31.85
Monroe County,2020-04-08,31.96
Nassau County,2020-04-08,29.43
Okaloosa County,2020-04-08,27.84
Okeechobee County,2020-04-08,30.21
Orange County,2020-04-08,30.1
Osceola County,2020-04-08,30.37
Palm Beach County,2020-04-08,30.16
Pasco County,2020-04-08,30.83
Pinellas County,2020-04-08,29.28
Polk County,2020-04-08,31.51
Putnam County,2020-04-08,29.51
St. Johns County,2020-04-08,28.23
St. Lucie County,2020-04-08,28.87
Santa Rosa County,2020-04-08,27.25
Sarasota County,2020-04-08,30.83
Seminole County,2020-04-08,29.68
Sumter County,2020-04-08,30.99
Suwannee County,2020-04-08,29.57
Taylor County,2020-04-08,28.8
Union County,2020-04-08,29.56
Volusia County,2020-04-08,28.99
Wakulla County,2020-04-08,28.94
Walton County,2020-04-08,28.32
Washington County,2020-04-08,29.59
Alachua County,2020-04-09,29.68
Baker County,2020-04-09,30.27
Bay County,2020-04-09,29.92
Bradford County,2020-04-09,29.74
Brevard County,2020-04-09,31.45
Broward County,2020-04-09,32.97
Calhoun County,2020-04-09,30.85
Charlotte County,2020-04-09,31.52
Citrus County,2020-04-09,30.15
Clay County,2020-04-09,29.96
Collier County,2020-04-09,31.98
Columbia County,2020-04-09,30.18
DeSoto County,2020-04-09,31.72
Dixie County,2020-04-09,29.53
Duval County,2020-04-09,30.07
Escambia County,2020-04-09,29.57
Flagler County,2020-04-09,31.04
Franklin County,2020-04-09,29.7
Gadsden County,2020-04-09,30.9
Gilchrist County,2020-04-09,29.83
Glades County,2020-04-09,32.23
Gulf County,2020-04-09,30.0
Hamilton County,2020-04-09,30.07
Hardee County,2020-04-09,31.85
Hendry County,2020-04-09,32.34
Hernando County,2020-04-09,30.1
Highlands County,2020-04-09,32.38
Hillsborough County,2020-04-09,30.47
Holmes County,2020-04-09,30.57
Indian River County,2020-04-09,32.22
Jackson County,2020-04-09,31.01
Jefferson County,2020-04-09,30.62
Lafayette County,2020-04-09,30.28
Lake County,2020-04-09,31.43
Lee County,2020-04-09,31.08
Leon County,2020-04-09,30.97
Levy County,2020-04-09,29.32
Liberty County,2020-04-09,30.7
Madison County,2020-04-09,30.41
Manatee County,2020-04-09,30.0
Marion County,2020-04-09,30.79
Martin County,2020-04-09,32.58
Miami-Dade County,2020-04-09,33.1
Monroe County,2020-04-09,32.01
Nassau County,2020-04-09,30.35
Okaloosa County,2020-04-09,29.89
Okeechobee County,2020-04-09,32.52
Orange County,2020-04-09,31.88
Osceola County,2020-04-09,32.38
Palm Beach County,2020-04-09,32.75
Pasco County,2020-04-09,30.14
Pinellas County,2020-04-09,28.23
Polk County,2020-04-09,31.99
Putnam County,2020-04-09,30.34
St. Johns County,2020-04-09,29.98
St. Lucie County,2020-04-09,32.54
Santa Rosa County,2020-04-09,29.52
Sarasota County,2020-04-09,29.8
Seminole County,2020-04-09,31.77
Sumter County,2020-04-09,30.97
Suwannee County,2020-04-09,30.3
Taylor County,2020-04-09,30.1
Union County,2020-04-09,29.92
Volusia County,2020-04-09,31.49
Wakulla County,2020-04-09,30.55
Walton County,2020-04-09,30.12
Washington County,2020-04-09,30.8
Alachua County,2020-04-10,31.0
Baker County,2020-04-10,32.39
Bay County,2020-04-10,31.42
Bradford County,2020-04-10,31.67
Brevard County,2020-04-10,31.6
Broward County,2020-04-10,33.63
Calhoun County,2020-04-10,32.22
Charlotte County,2020-04-10,30.25
Citrus County,2020-04-10,30.21
Clay County,2020-04-10,32.13
Collier County,2020-04-10,31.49
Columbia County,2020-04-10,31.87
DeSoto County,2020-04-10,30.32
Dixie County,2020-04-10,30.0
Duval County,2020-04-10,32.44
Escambia County,2020-04-10,30.96
Flagler County,2020-04-10,32.78
Franklin County,2020-04-10,30.98
Gadsden County,2020-04-10,31.76
Gilchrist County,2020-04-10,30.67
Glades County,2020-04-10,31.37
Gulf County,2020-04-10,31.2
Hamilton County,2020-04-10,31.33
Hardee County,2020-04-10,30.72
Hendry County,2020-04-10,31.82
Hernando County,2020-04-10,29.96
Highlands County,2020-04-10,31.48
Hillsborough County,2020-04-10,29.9
Holmes County,2020-04-10,31.83
Indian River County,2020-04-10,31.87
Jackson County,2020-04-10,32.27
Jefferson County,2020-04-10,30.93
Lafayette County,2020-04-10,31.12
Lake County,2020-04-10,31.79
Lee County,2020-04-10,30.12
Leon County,2020-04-10,31.53
Levy County,2020-04-10,29.61
Liberty County,2020-04-10,31.99
Madison County,2020-04-10,30.98
Manatee County,2020-04-10,28.94
Marion County,2020-04-10,31.64
Martin County,2020-04-10,32.51
Miami-Dade County,2020-04-10,33.59
Monroe County,2020-04-10,32.21
Nassau County,2020-04-10,32.71
Okaloosa County,2020-04-10,31.13
Okeechobee County,2020-04-10,31.95
Orange County,2020-04-10,31.81
Osceola County,2020-04-10,31.88
Palm Beach County,2020-04-10,33.05
Pasco County,2020-04-10,29.85
Pinellas County,2020-04-10,28.7
Polk County,2020-04-10,31.27
Putnam County,2020-04-10,32.17
St. Johns County,2020-04-10,32.3
St. Lucie County,2020-04-10,32.3
Santa Rosa County,2020-04-10,30.72
Sarasota County,2020-04-10,28.53
Seminole County,2020-04-10,32.09
Sumter County,2020-04-10,31.03
Suwannee County,2020-04-10,31.5
Taylor County,2020-04-10,30.67
Union County,2020-04-10,31.77
Volusia County,2020-04-10,32.57
Wakulla County,2020-04-10,31.38
Walton County,2020-04-10,31.38
Washington County,2020-04-10,32.21
Alachua County,2020-04-11,24.89
Baker County,2020-04-11,24.19
Bay County,2020-04-11,23.55
Bradford County,2020-04-11,24.39
Brevard County,2020-04-11,28.3
Broward County,2020-04-11,32.96
Calhoun County,2020-04-11,23.61
Charlotte County,2020-04-11,31.69
Citrus County,2020-04-11,27.7
Clay County,2020-04-11,24.54
Collier County,2020-04-11,32.08
Columbia County,2020-04-11,24.1
DeSoto County,2020-04-11,31.19
Dixie County,2020-04-11,24.6
Duval County,2020-04-11,24.12
Escambia County,2020-04-11,23.37
Flagler County,2020-04-11,26.1
Franklin County,2020-04-11,23.73
Gadsden County,2020-04-11,23.01
Gilchrist County,2020-04-11,24.7
Glades County,2020-04-11,31.37
Gulf County,2020-04-11,23.71
Hamilton County,2020-04-11,23.24
Hardee County,2020-04-11,30.93
Hendry County,2020-04-11,31.88
Hernando County,2020-04-11,28.38
Highlands County,2020-04-11,31.07
Hillsborough County,2020-04-11,29.86
Holmes County,2020-04-11,23.58
Indian River County,2020-04-11,29.97
Jackson County,2020-04-11,23.47
Jefferson County,2020-04-11,23.02
Lafayette County,2020-04-11,24.18
Lake County,2020-04-11,28.4
Lee County,2020-04-11,31.59
Leon County,2020-04-11,23.19
Levy County,2020-04-11,25.46
Liberty County,2020-04-11,23.62
Madison County,2020-04-11,23.11
Manatee County,2020-04-11,29.94
Marion County,2020-04-11,27.06
Martin County,2020-04-11,31.49
Miami-Dade County,2020-04-11,33.31
Monroe County,2020-04-11,32.69
Nassau County,2020-04-11,24.04
Okaloosa County,2020-04-11,23.63
Okeechobee County,2020-04-11,30.8
Orange County,2020-04-11,28.74
Osceola County,2020-04-11,29.85
Palm Beach County,2020-04-11,32.29
Pasco County,2020-04-11,28.9
Pinellas County,2020-04-11,28.65
Polk County,2020-04-11,30.29
Putnam County,2020-04-11,25.58
St. Johns County,2020-04-11,24.61
St. Lucie County,2020-04-11,30.91
Santa Rosa County,2020-04-11,23.36
Sarasota County,2020-04-11,30.23
Seminole County,2020-04-11,28.08
Sumter County,2020-04-11,28.51
Suwannee County,2020-04-11,23.94
Taylor County,2020-04-11,23.68
Union County,2020-04-11,24.35
Volusia County,2020-04-11,27.13
Wakulla County,2020-04-11,23.57
Walton County,2020-04-11,23.61
Washington County,2020-04-11,23.76
Alachua County,2020-04-12,27.02
Baker County,2020-04-12,26.34
Bay County,2020-04-12,24.65
Bradford County,2020-04-12,26.44
Brevard County,2020-04-12,26.14
Broward County,2020-04-12,30.69
Calhoun County,2020-04-12,25.35
Charlotte County,2020-04-12,31.43
Citrus County,2020-04-12,28.67
Clay County,2020-04-12,26.27
Collier County,2020-04-12,31.96
Columbia County,2020-04-12,26.36
DeSoto County,2020-04-12,30.82
Dixie County,2020-04-12,27.06
Duval County,2020-04-12,25.68
Escambia County,2020-04-12,23.84
Flagler County,2020-04-12,26.6
Franklin County,2020-04-12,25.43
Gadsden County,2020-04-12,24.91
Gilchrist County,2020-04-12,27.28
Glades County,2020-04-12,30.29
Gulf County,2020-04-12,25.53
Hamilton County,2020-04-12,25.5
Hardee County,2020-04-12,30.42
Hendry County,2020-04-12,31.21
Hernando County,2020-04-12,28.85
Highlands County,2020-04-12,29.89
Hillsborough County,2020-04-12,29.79
Holmes County,2020-04-12,24.34
Indian River County,2020-04-12,27.57
Jackson County,2020-04-12,24.7
Jefferson County,2020-04-12,25.07
Lafayette County,2020-04-12,26.62
Lake County,2020-04-12,28.3
Lee County,2020-04-12,31.38
Leon County,2020-04-12,25.13
Levy County,2020-04-12,27.69
Liberty County,2020-04-12,25.65
Madison County,2020-04-12,25.36
Manatee County,2020-04-12,30.2
Marion County,2020-04-12,28.23
Martin County,2020-04-12,28.61
Miami-Dade County,2020-04-12,31.78
Monroe County,2020-04-12,31.95
Nassau County,2020-04-12,25.86
Okaloosa County,2020-04-12,24.05
Okeechobee County,2020-04-12,28.96
Orange County,2020-04-12,27.86
Osceola County,2020-04-12,28.41
Palm Beach County,2020-04-12,29.68
Pasco County,2020-04-12,29.18
Pinellas County,2020-04-12,28.69
Polk County,2020-04-12,29.52
Putnam County,2020-04-12,26.87
St. Johns County,2020-04-12,25.55
St. Lucie County,2020-04-12,28.21
Santa Rosa County,2020-04-12,23.7
Sarasota County,2020-04-12,30.58
Seminole County,2020-04-12,27.41
Sumter County,2020-04-12,28.74
Suwannee County,2020-04-12,26.26
Taylor County,2020-04-12,25.79
Union County,2020-04-12,26.54
Volusia County,2020-04-12,26.83
Wakulla County,2020-04-12,25.39
Walton County,2020-04-12,24.25
Washington County,2020-04-12,24.8
Alachua County,2020-04-13,32.22
Baker County,2020-04-13,31.33
Bay County,2020-04-13,28.23
Bradford County,2020-04-13,31.56
Brevard County,2020-04-13,29.39
Broward County,2020-04-13,32.41
Calhoun County,2020-04-13,29.53
Charlotte County,2020-04-13,34.56
Citrus County,2020-04-13,33.65
Clay County,2020-04-13,30.87
Collier County,2020-04-13,33.92
Columbia County,2020-04-13,31.73
DeSoto County,2020-04-13,34.49
Dixie County,2020-04-13,31.6
Duval County,2020-04-13,29.36
Escambia County,2020-04-13,27.38
Flagler County,2020-04-13,30.52
Franklin County,2020-04-13,28.78
Gadsden County,2020-04-13,29.19
Gilchrist County,2020-04-13,32.35
Glades County,2020-04-13,33.42
Gulf County,2020-04-13,29.03
Hamilton County,2020-04-13,30.63
Hardee County,2020-04-13,34.57
Hendry County,2020-04-13,33.68
Hernando County,2020-04-13,33.96
Highlands County,2020-04-13,33.63
Hillsborough County,2020-04-13,34.42
Holmes County,2020-04-13,28.92
Indian River County,2020-04-13,30.67
Jackson County,2020-04-13,29.41
Jefferson County,2020-04-13,29.46
Lafayette County,2020-04-13,31.65
Lake County,2020-04-13,33.3
Lee County,2020-04-13,34.04
Leon County,2020-04-13,29.39
Levy County,2020-04-13,32.34
Liberty County,2020-04-13,29.59
Madison County,2020-04-13,30.14
Manatee County,2020-04-13,34.1
Marion County,2020-04-13,33.33
Martin County,2020-04-13,31.1
Miami-Dade County,2020-04-13,32.49
Monroe County,2020-04-13,32.79
Nassau County,2020-04-13,29.32
Okaloosa County,2020-04-13,27.82
Okeechobee County,2020-04-13,32.33
Orange County,2020-04-13,32.31
Osceola County,2020-04-13,32.51
Palm Beach County,2020-04-13,31.92
Pasco County,2020-04-13,34.23
Pinellas County,2020-04-13,32.84
Polk County,2020-04-13,34.15
Putnam County,2020-04-13,31.57
St. Johns County,2020-04-13,29.21
St. Lucie County,2020-04-13,30.92
Santa Rosa County,2020-04-13,27.36
Sarasota County,2020-04-13,33.91
Seminole County,2020-04-13,31.7
Sumter County,2020-04-13,34.1
Suwannee County,2020-04-13,31.55
Taylor County,2020-04-13,30.26
Union County,2020-04-13,31.88
Volusia County,2020-04-13,30.78
Wakulla County,2020-04-13,29.28
Walton County,2020-04-13,28.19
Washington County,2020-04-13,29.29
Alachua County,2020-04-14,29.66
Baker County,2020-04-14,29.18
Bay County,2020-04-14,30.26
Bradford County,2020-04-14,29.36
Brevard County,2020-04-14,34.89
Broward County,2020-04-14,33.7
Calhoun County,2020-04-14,30.73
Charlotte County,2020-04-14,33.91
Citrus County,2020-04-14,31.9
Clay County,2020-04-14,29.87
Collier County,2020-04-14,33.89
Columbia County,2020-04-14,28.98
DeSoto County,2020-04-14,34.09
Dixie County,2020-04-14,28.84
Duval County,2020-04-14,29.23
Escambia County,2020-04-14,28.13
Flagler County,2020-04-14,33.04
Franklin County,2020-04-14,29.69
Gadsden County,2020-04-14,29.8
Gilchrist County,2020-04-14,29.13
Glades County,2020-04-14,34.76
Gulf County,2020-04-14,30.17
Hamilton County,2020-04-14,28.59
Hardee County,2020-04-14,34.45
Hendry County,2020-04-14,34.52
Hernando County,2020-04-14,32.41
Highlands County,2020-04-14,35.24
Hillsborough County,2020-04-14,33.0
Holmes County,2020-04-14,30.16
Indian River County,2020-04-14,35.28
Jackson County,2020-04-14,30.55
Jefferson County,2020-04-14,28.92
Lafayette County,2020-04-14,29.01
Lake County,2020-04-14,34.36
Lee County,2020-04-14,33.58
Leon County,2020-04-14,29.53
Levy County,2020-04-14,29.57
Liberty County,2020-04-14,30.38
Madison County,2020-04-14,28.73
Manatee County,2020-04-14,32.35
Marion County,2020-04-14,32.43
Martin County,2020-04-14,34.57
Miami-Dade County,2020-04-14,32.94
Monroe County,2020-04-14,32.86
Nassau County,2020-04-14,29.07
Okaloosa County,2020-04-14,28.91
Okeechobee County,2020-04-14,35.5
Orange County,2020-04-14,35.17
Osceola County,2020-04-14,35.73
Palm Beach County,2020-04-14,34.13
Pasco County,2020-04-14,32.66
Pinellas County,2020-04-14,31.16
Polk County,2020-04-14,34.97
Putnam County,2020-04-14,31.49
St. Johns County,2020-04-14,30.63
St. Lucie County,2020-04-14,35.11
Santa Rosa County,2020-04-14,28.1
Sarasota County,2020-04-14,32.11
Seminole County,2020-04-14,35.03
Sumter County,2020-04-14,33.52
Suwannee County,2020-04-14,28.92
Taylor County,2020-04-14,28.73
Union County,2020-04-14,29.13
Volusia County,2020-04-14,34.37
Wakulla County,2020-04-14,29.54
Walton County,2020-04-14,29.67
Washington County,2020-04-14,30.86
Alachua County,2020-04-15,27.37
Baker County,2020-04-15,26.42
Bay County,2020-04-15,26.79
Bradford County,2020-04-15,26.73
Brevard County,2020-04-15,33.56
Broward County,2020-04-15,34.31
Calhoun County,2020-04-15,27.34
Charlotte County,2020-04-15,35.02
Citrus County,2020-04-15,30.92
Clay County,2020-04-15,27.04
Collier County,2020-04-15,34.57
Columbia County,2020-04-15,26.24
DeSoto County,2020-04-15,35.17
Dixie County,2020-04-15,26.6
Duval County,2020-04-15,26.46
Escambia County,2020-04-15,25.71
Flagler County,2020-04-15,30.07
Franklin County,2020-04-15,25.84
Gadsden County,2020-04-15,27.26
Gilchrist County,2020-04-15,26.92
Glades County,2020-04-15,35.29
Gulf County,2020-04-15,26.03
Hamilton County,2020-04-15,25.56
Hardee County,2020-04-15,35.24
Hendry County,2020-04-15,35.15
Hernando County,2020-04-15,31.93
Highlands County,2020-04-15,35.61
Hillsborough County,2020-04-15,33.41
Holmes County,2020-04-15,27.76
Indian River County,2020-04-15,34.51
Jackson County,2020-04-15,28.05
Jefferson County,2020-04-15,26.08
Lafayette County,2020-04-15,26.24
Lake County,2020-04-15,33.11
Lee County,2020-04-15,34.53
Leon County,2020-04-15,26.77
Levy County,2020-04-15,27.97
Liberty County,2020-04-15,26.85
Madison County,2020-04-15,25.74
Manatee County,2020-04-15,33.43
Marion County,2020-04-15,30.63
Martin County,2020-04-15,34.32
Miami-Dade County,2020-04-15,33.56
Monroe County,2020-04-15,33.17
Nassau County,2020-04-15,26.48
Okaloosa County,2020-04-15,26.97
Okeechobee County,2020-04-15,35.31
Orange County,2020-04-15,34.07
Osceola County,2020-04-15,35.09
Palm Beach County,2020-04-15,34.45
Pasco County,2020-04-15,32.56
Pinellas County,2020-04-15,31.26
Polk County,2020-04-15,34.99
Putnam County,2020-04-15,28.75
St. Johns County,2020-04-15,27.41
St. Lucie County,2020-04-15,34.5
Santa Rosa County,2020-04-15,26.08
Sarasota County,2020-04-15,33.37
Seminole County,2020-04-15,33.52
Sumter County,2020-04-15,32.65
Suwannee County,2020-04-15,26.03
Taylor County,2020-04-15,25.81
Union County,2020-04-15,26.51
Volusia County,2020-04-15,32.12
Wakulla County,2020-04-15,26.36
Walton County,2020-04-15,27.39
Washington County,2020-04-15,27.89
Alachua County,2020-04-16,25.88
Baker County,2020-04-16,24.43
Bay County,2020-04-16,23.15
Bradford County,2020-04-16,25.49
Brevard County,2020-04-16,32.69
Broward County,2020-04-16,33.91
Calhoun County,2020-04-16,23.47
Charlotte County,2020-04-16,32.66
Citrus County,2020-04-16,29.06
Clay County,2020-04-16,26.18
Collier County,2020-04-16,32.49
Columbia County,2020-04-16,23.7
DeSoto County,2020-04-16,32.89
Dixie County,2020-04-16,23.79
Duval County,2020-04-16,25.18
Escambia County,2020-04-16,20.98
Flagler County,2020-04-16,29.61
Franklin County,2020-04-16,22.46
Gadsden County,2020-04-16,22.21
Gilchrist County,2020-04-16,24.49
Glades County,2020-04-16,33.63
Gulf County,2020-04-16,22.91
Hamilton County,2020-04-16,21.92
Hardee County,2020-04-16,33.21
Hendry County,2020-04-16,33.32
Hernando County,2020-04-16,30.04
Highlands County,2020-04-16,34.03
Hillsborough County,2020-04-16,31.55
Holmes County,2020-04-16,23.44
Indian River County,2020-04-16,34.14
Jackson County,2020-04-16,23.7
Jefferson County,2020-04-16,21.05
Lafayette County,2020-04-16,23.08
Lake County,2020-04-16,31.62
Lee County,2020-04-16,32.13
Leon County,2020-04-16,21.52
Levy County,2020-04-16,25.78
Liberty County,2020-04-16,22.87
Madison County,2020-04-16,21.33
Manatee County,2020-04-16,31.22
Marion County,2020-04-16,29.27
Martin County,2020-04-16,34.66
Miami-Dade County,2020-04-16,33.33
Monroe County,2020-04-16,32.45
Nassau County,2020-04-16,24.4
Okaloosa County,2020-04-16,22.1
Okeechobee County,2020-04-16,34.49
Orange County,2020-04-16,32.65
Osceola County,2020-04-16,33.84
Palm Beach County,2020-04-16,34.38
Pasco County,2020-04-16,30.66
Pinellas County,2020-04-16,29.77
Polk County,2020-04-16,33.32
Putnam County,2020-04-16,28.09
St. Johns County,2020-04-16,27.06
St. Lucie County,2020-04-16,34.66
Santa Rosa County,2020-04-16,21.11
Sarasota County,2020-04-16,31.0
Seminole County,2020-04-16,32.17
Sumter County,2020-04-16,30.85
Suwannee County,2020-04-16,22.88
Taylor County,2020-04-16,21.96
Union County,2020-04-16,24.77
Volusia County,2020-04-16,31.19
Wakulla County,2020-04-16,21.83
Walton County,2020-04-16,22.9
Washington County,2020-04-16,23.74
Alachua County,2020-04-17,23.07
Baker County,2020-04-17,22.84
Bay County,2020-04-17,24.47
Bradford County,2020-04-17,22.61
Brevard County,2020-04-17,21.81
Broward County,2020-04-17,33.22
Calhoun County,2020-04-17,24.67
Charlotte County,2020-04-17,25.85
Citrus County,2020-04-17,23.54
Clay County,2020-04-17,22.39
Collier County,2020-04-17,31.17
Columbia County,2020-04-17,23.34
DeSoto County,2020-04-17,24.06
Dixie County,2020-04-17,24.29
Duval County,2020-04-17,22.04
Escambia County,2020-04-17,24.36
Flagler County,2020-04-17,23.13
Franklin County,2020-04-17,24.29
Gadsden County,2020-04-17,24.14
Gilchrist County,2020-04-17,23.97
Glades County,2020-04-17,26.6
Gulf County,2020-04-17,24.35
Hamilton County,2020-04-17,23.24
Hardee County,2020-04-17,22.8
Hendry County,2020-04-17,29.68
Hernando County,2020-04-17,22.83
Highlands County,2020-04-17,23.95
Hillsborough County,2020-04-17,22.49
Holmes County,2020-04-17,24.65
Indian River County,2020-04-17,23.52
Jackson County,2020-04-17,24.55
Jefferson County,2020-04-17,23.96
Lafayette County,2020-04-17,24.4
Lake County,2020-04-17,22.36
Lee County,2020-04-17,27.54
Leon County,2020-04-17,24.16
Levy County,2020-04-17,23.72
Liberty County,2020-04-17,24.52
Madison County,2020-04-17,23.87
Manatee County,2020-04-17,22.59
Marion County,2020-04-17,23.41
Martin County,2020-04-17,27.97
Miami-Dade County,2020-04-17,34.25
Monroe County,2020-04-17,33.32
Nassau County,2020-04-17,22.13
Okaloosa County,2020-04-17,24.51
Okeechobee County,2020-04-17,24.53
Orange County,2020-04-17,21.68
Osceola County,2020-04-17,21.95
Palm Beach County,2020-04-17,30.99
Pasco County,2020-04-17,22.44
Pinellas County,2020-04-17,22.92
Polk County,2020-04-17,21.96
Putnam County,2020-04-17,22.76
St. Johns County,2020-04-17,22.53
St. Lucie County,2020-04-17,25.86
Santa Rosa County,2020-04-17,24.14
Sarasota County,2020-04-17,23.45
Seminole County,2020-04-17,21.83
Sumter County,2020-04-17,22.71
Suwannee County,2020-04-17,23.95
Taylor County,2020-04-17,24.26
Union County,2020-04-17,23.01
Volusia County,2020-04-17,22.6
Wakulla County,2020-04-17,24.33
Walton County,2020-04-17,24.65
Washington County,2020-04-17,24.86
Alachua County,2020-04-18,27.38
Baker County,2020-04-18,27.01
Bay County,2020-04-18,26.42
Bradford County,2020-04-18,26.81
Brevard County,2020-04-18,26.05
Broward County,2020-04-18,32.16
Calhoun County,2020-04-18,27.59
Charlotte County,2020-04-18,31.95
Citrus County,2020-04-18,28.89
Clay County,2020-04-18,26.33
Collier County,2020-04-18,32.95
Columbia County,2020-04-18,27.32
DeSoto County,2020-04-18,31.43
Dixie County,2020-04-18,27.73
Duval County,2020-04-18,25.73
Escambia County,2020-04-18,25.85
Flagler County,2020-04-18,26.0
Franklin County,2020-04-18,26.76
Gadsden County,2020-04-18,27.08
Gilchrist County,2020-04-18,27.93
Glades County,2020-04-18,31.14
Gulf County,2020-04-18,26.83
Hamilton County,2020-04-18,26.8
Hardee County,2020-04-18,31.12
Hendry County,2020-04-18,32.21
Hernando County,2020-04-18,29.18
Highlands County,2020-04-18,30.7
Hillsborough County,2020-04-18,30.15
Holmes County,2020-04-18,27.45
Indian River County,2020-04-18,27.56
Jackson County,2020-04-18,27.63
Jefferson County,2020-04-18,26.68
Lafayette County,2020-04-18,27.75
Lake County,2020-04-18,28.4
Lee County,2020-04-18,32.07
Leon County,2020-04-18,27.01
Levy County,2020-04-18,27.92
Liberty County,2020-04-18,27.56
Madison County,2020-04-18,26.87
Manatee County,2020-04-18,30.5
Marion County,2020-04-18,28.31
Martin County,2020-04-18,28.96
Miami-Dade County,2020-04-18,32.94
Monroe County,2020-04-18,33.19
Nassau County,2020-04-18,26.12
Okaloosa County,2020-04-18,26.1
Okeechobee County,2020-04-18,29.51
Orange County,2020-04-18,27.8
Osceola County,2020-04-18,28.66
Palm Beach County,2020-04-18,30.79
Pasco County,2020-04-18,29.57
Pinellas County,2020-04-18,29.21
Polk County,2020-04-18,30.12
Putnam County,2020-04-18,26.7
St. Johns County,2020-04-18,25.28
St. Lucie County,2020-04-18,28.25
Santa Rosa County,2020-04-18,25.62
Sarasota County,2020-04-18,30.78
Seminole County,2020-04-18,27.08
Sumter County,2020-04-18,29.1
Suwannee County,2020-04-18,27.47
Taylor County,2020-04-18,27.06
Union County,2020-04-18,27.19
Volusia County,2020-04-18,26.31
Wakulla County,2020-04-18,27.02
Walton County,2020-04-18,26.51
Washington County,2020-04-18,27.56
Alachua County,2020-04-19,27.25
Baker County,2020-04-19,27.61
Bay County,2020-04-19,28.34
Bradford County,2020-04-19,27.01
Brevard County,2020-04-19,26.29
Broward County,2020-04-19,33.54
Calhoun County,2020-04-19,28.34
Charlotte County,2020-04-19,30.23
Citrus County,2020-04-19,29.03
Clay County,2020-04-19,27.25
Collier County,2020-04-19,32.66
Columbia County,2020-04-19,27.39
DeSoto County,2020-04-19,29.23
Dixie County,2020-04-19,27.73
Duval County,2020-04-19,27.71
Escambia County,2020-04-19,28.33
Flagler County,2020-04-19,28.11
Franklin County,2020-04-19,27.71
Gadsden County,2020-04-19,27.74
Gilchrist County,2020-04-19,27.61
Glades County,2020-04-19,29.9
Gulf County,2020-04-19,27.97
Hamilton County,2020-04-19,27.11
Hardee County,2020-04-19,28.59
Hendry County,2020-04-19,31.67
Hernando County,2020-04-19,28.82
Highlands County,2020-04-19,28.68
Hillsborough County,2020-04-19,28.43
Holmes County,2020-04-19,28.84
Indian River County,2020-04-19,27.43
Jackson County,2020-04-19,28.53
Jefferson County,2020-04-19,27.32
Lafayette County,2020-04-19,27.59
Lake County,2020-04-19,28.59
Lee County,2020-04-19,30.84
Leon County,2020-04-19,27.63
Levy County,2020-04-19,27.96
Liberty County,2020-04-19,28.01
Madison County,2020-04-19,27.19
Manatee County,2020-04-19,28.17
Marion County,2020-04-19,28.69
Martin County,2020-04-19,30.13
Miami-Dade County,2020-04-19,34.18
Monroe County,2020-04-19,33.38
Nassau County,2020-04-19,28.31
Okaloosa County,2020-04-19,28.62
Okeechobee County,2020-04-19,28.41
Orange County,2020-04-19,27.57
Osceola County,2020-04-19,27.35
Palm Beach County,2020-04-19,31.95
Pasco County,2020-04-19,28.55
Pinellas County,2020-04-19,27.68
Polk County,2020-04-19,28.1
Putnam County,2020-04-19,27.63
St. Johns County,2020-04-19,27.4
St. Lucie County,2020-04-19,28.9
Santa Rosa County,2020-04-19,28.25
Sarasota County,2020-04-19,28.62
Seminole County,2020-04-19,27.65
Sumter County,2020-04-19,29.06
Suwannee County,2020-04-19,27.4
Taylor County,2020-04-19,27.43
Union County,2020-04-19,27.15
Volusia County,2020-04-19,28.0
Wakulla County,2020-04-19,27.72
Walton County,2020-04-19,28.75
Washington County,2020-04-19,28.88
Alachua County,2020-04-20,30.98
Baker County,2020-04-20,29.56
Bay County,2020-04-20,26.75
Bradford County,2020-04-20,30.61
Brevard County,2020-04-20,31.73
Broward County,2020-04-20,33.43
Calhoun County,2020-04-20,27.46
Charlotte County,2020-04-20,33.25
Citrus County,2020-04-20,32.18
Clay County,2020-04-20,30.96
Collier County,2020-04-20,33.43
Columbia County,2020-04-20,29.16
DeSoto County,2020-04-20,33.57
Dixie County,2020-04-20,29.12
Duval County,2020-04-20,29.85
Escambia County,2020-04-20,27.65
Flagler County,2020-04-20,32.97
Franklin County,2020-04-20,26.3
Gadsden County,2020-04-20,27.14
Gilchrist County,2020-04-20,30.13
Glades County,2020-04-20,33.51
Gulf County,2020-04-20,26.53
Hamilton County,2020-04-20,27.19
Hardee County,2020-04-20,33.9
Hendry County,2020-04-20,33.65
Hernando County,2020-04-20,32.39
Highlands County,2020-04-20,33.9
Hillsborough County,2020-04-20,32.67
Holmes County,2020-04-20,27.74
Indian River County,2020-04-20,31.99
Jackson County,2020-04-20,27.48
Jefferson County,2020-04-20,26.85
Lafayette County,2020-04-20,28.92
Lake County,2020-04-20,34.02
Lee County,2020-04-20,32.79
Leon County,2020-04-20,27.09
Levy County,2020-04-20,30.44
Liberty County,2020-04-20,27.27
Madison County,2020-04-20,27.09
Manatee County,2020-04-20,32.27
Marion County,2020-04-20,33.14
Martin County,2020-04-20,32.23
Miami-Dade County,2020-04-20,33.43
Monroe County,2020-04-20,32.97
Nassau County,2020-04-20,28.93
Okaloosa County,2020-04-20,27.66
Okeechobee County,2020-04-20,33.22
Orange County,2020-04-20,33.78
Osceola County,2020-04-20,33.66
Palm Beach County,2020-04-20,33.0
Pasco County,2020-04-20,32.55
Pinellas County,2020-04-20,30.6
Polk County,2020-04-20,34.06
Putnam County,2020-04-20,32.33
St. Johns County,2020-04-20,31.14
St. Lucie County,2020-04-20,32.07
Santa Rosa County,2020-04-20,27.36
Sarasota County,2020-04-20,31.92
Seminole County,2020-04-20,33.75
Sumter County,2020-04-20,33.56
Suwannee County,2020-04-20,28.58
Taylor County,2020-04-20,27.53
Union County,2020-04-20,30.19
Volusia County,2020-04-20,33.45
Wakulla County,2020-04-20,26.79
Walton County,2020-04-20,27.61
Washington County,2020-04-20,27.96
Alachua County,2020-04-21,27.97
Baker County,2020-04-21,27.42
Bay County,2020-04-21,27.3
Bradford County,2020-04-21,27.84
Brevard County,2020-04-21,29.68
Broward County,2020-04-21,34.24
Calhoun County,2020-04-21,27.63
Charlotte County,2020-04-21,29.86
Citrus County,2020-04-21,28.58
Clay County,2020-04-21,28.31
Collier County,2020-04-21,32.17
Columbia County,2020-04-21,27.12
DeSoto County,2020-04-21,29.37
Dixie County,2020-04-21,26.97
Duval County,2020-04-21,27.95
Escambia County,2020-04-21,25.2
Flagler County,2020-04-21,30.32
Franklin County,2020-04-21,26.66
Gadsden County,2020-04-21,26.5
Gilchrist County,2020-04-21,27.48
Glades County,2020-04-21,30.68
Gulf County,2020-04-21,27.06
Hamilton County,2020-04-21,26.14
Hardee County,2020-04-21,29.2
Hendry County,2020-04-21,31.88
Hernando County,2020-04-21,28.32
Highlands County,2020-04-21,30.03
Hillsborough County,2020-04-21,28.24
Holmes County,2020-04-21,27.35
Indian River County,2020-04-21,30.1
Jackson County,2020-04-21,27.52
Jefferson County,2020-04-21,25.9
Lafayette County,2020-04-21,26.96
Lake County,2020-04-21,29.79
Lee County,2020-04-21,30.24
Leon County,2020-04-21,26.25
Levy County,2020-04-21,27.56
Liberty County,2020-04-21,27.16
Madison County,2020-04-21,26.03
Manatee County,2020-04-21,27.81
Marion County,2020-04-21,29.49
Martin County,2020-04-21,31.91
Miami-Dade County,2020-04-21,34.58
Monroe County,2020-04-21,33.15
Nassau County,2020-04-21,27.52
Okaloosa County,2020-04-21,26.13
Okeechobee County,2020-04-21,30.45
Orange County,2020-04-21,29.85
Osceola County,2020-04-21,29.85
Palm Beach County,2020-04-21,33.16
Pasco County,2020-04-21,28.16
Pinellas County,2020-04-21,27.22
Polk County,2020-04-21,29.3
Putnam County,2020-04-21,29.27
St. Johns County,2020-04-21,29.05
St. Lucie County,2020-04-21,31.07
Santa Rosa County,2020-04-21,25.29
Sarasota County,2020-04-21,27.95
Seminole County,2020-04-21,30.12
Sumter County,2020-04-21,29.19
Suwannee County,2020-04-21,26.84
Taylor County,2020-04-21,26.27
Union County,2020-04-21,27.59
Volusia County,2020-04-21,30.52
Wakulla County,2020-04-21,26.4
Walton County,2020-04-21,26.84
Washington County,2020-04-21,27.91
Alachua County,2020-04-22,28.68
Baker County,2020-04-22,28.61
Bay County,2020-04-22,28.9
Bradford County,2020-04-22,28.54
Brevard County,2020-04-22,28.53
Broward County,2020-04-22,33.79
Calhoun County,2020-04-22,29.55
Charlotte County,2020-04-22,31.3
Citrus County,2020-04-22,29.56
Clay County,2020-04-22,28.77
Collier County,2020-04-22,32.76
Columbia County,2020-04-22,28.32
DeSoto County,2020-04-22,31.2
Dixie County,2020-04-22,27.99
Duval County,2020-04-22,28.58
Escambia County,2020-04-22,28.06
Flagler County,2020-04-22,29.33
Franklin County,2020-04-22,27.97
Gadsden County,2020-04-22,28.41
Gilchrist County,2020-04-22,28.55
Glades County,2020-04-22,31.37
Gulf County,2020-04-22,28.6
Hamilton County,2020-04-22,27.42
Hardee County,2020-04-22,31.23
Hendry County,2020-04-22,32.28
Hernando County,2020-04-22,29.69
Highlands County,2020-04-22,31.26
Hillsborough County,2020-04-22,30.08
Holmes County,2020-04-22,29.89
Indian River County,2020-04-22,29.63
Jackson County,2020-04-22,29.65
Jefferson County,2020-04-22,27.41
Lafayette County,2020-04-22,28.2
Lake County,2020-04-22,30.49
Lee County,2020-04-22,31.28
Leon County,2020-04-22,28.04
Levy County,2020-04-22,28.42
Liberty County,2020-04-22,29.05
Madison County,2020-04-22,27.39
Manatee County,2020-04-22,29.98
Marion County,2020-04-22,30.06
Martin County,2020-04-22,30.91
Miami-Dade County,2020-04-22,34.64
Monroe County,2020-04-22,33.42
Nassau County,2020-04-22,28.69
Okaloosa County,2020-04-22,28.79
Okeechobee County,2020-04-22,30.74
Orange County,2020-04-22,30.11
Osceola County,2020-04-22,30.48
Palm Beach County,2020-04-22,32.33
Pasco County,2020-04-22,29.88
Pinellas County,2020-04-22,28.6
Polk County,2020-04-22,31.01
Putnam County,2020-04-22,29.3
St. Johns County,2020-04-22,28.55
St. Lucie County,2020-04-22,30.26
Santa Rosa County,2020-04-22,28.03
Sarasota County,2020-04-22,29.94
Seminole County,2020-04-22,29.81
Sumter County,2020-04-22,30.44
Suwannee County,2020-04-22,28.06
Taylor County,2020-04-22,27.47
Union County,2020-04-22,28.54
Volusia County,2020-04-22,29.37
Wakulla County,2020-04-22,27.94
Walton County,2020-04-22,29.23
Washington County,2020-04-22,30.11
Alachua County,2020-04-23,27.61
Baker County,2020-04-23,27.36
Bay County,2020-04-23,27.5
Bradford County,2020-04-23,27.07
Brevard County,2020-04-23,27.24
Broward County,2020-04-23,32.5
Calhoun County,2020-04-23,27.83
Charlotte County,2020-04-23,32.46
Citrus County,2020-04-23,29.55
Clay County,2020-04-23,26.64
Collier County,2020-04-23,33.57
Columbia County,2020-04-23,27.53
DeSoto County,2020-04-23,31.79
Dixie County,2020-04-23,27.98
Duval County,2020-04-23,25.93
Escambia County,2020-04-23,27.65
Flagler County,2020-04-23,26.83
Franklin County,2020-04-23,27.38
Gadsden County,2020-04-23,27.04
Gilchrist County,2020-04-23,28.05
Glades County,2020-04-23,31.53
Gulf County,2020-04-23,27.59
Hamilton County,2020-04-23,26.9
Hardee County,2020-04-23,31.53
Hendry County,2020-04-23,32.62
Hernando County,2020-04-23,30.0
Highlands County,2020-04-23,31.11
Hillsborough County,2020-04-23,31.04
Holmes County,2020-04-23,27.84
Indian River County,2020-04-23,28.62
Jackson County,2020-04-23,27.56
Jefferson County,2020-04-23,26.9
Lafayette County,2020-04-23,27.84
Lake County,2020-04-23,29.42
Lee County,2020-04-23,32.69
Leon County,2020-04-23,27.13
Levy County,2020-04-23,28.27
Liberty County,2020-04-23,27.75
Madison County,2020-04-23,26.95
Manatee County,2020-04-23,31.12
Marion County,2020-04-23,28.88
Martin County,2020-04-23,29.68
Miami-Dade County,2020-04-23,33.33
Monroe County,2020-04-23,33.45
Nassau County,2020-04-23,26.48
Okaloosa County,2020-04-23,27.84
Okeechobee County,2020-04-23,30.15
Orange County,2020-04-23,29.21
Osceola County,2020-04-23,29.87
Palm Beach County,2020-04-23,31.18
Pasco County,2020-04-23,30.46
Pinellas County,2020-04-23,30.17
Polk County,2020-04-23,30.96
Putnam County,2020-04-23,27.23
St. Johns County,2020-04-23,25.62
St. Lucie County,2020-04-23,29.15
Santa Rosa County,2020-04-23,27.47
Sarasota County,2020-04-23,31.37
Seminole County,2020-04-23,28.47
Sumter County,2020-04-23,29.86
Suwannee County,2020-04-23,27.53
Taylor County,2020-04-23,27.34
Union County,2020-04-23,27.4
Volusia County,2020-04-23,27.43
Wakulla County,2020-04-23,27.36
Walton County,2020-04-23,27.89
Washington County,2020-04-23,28.1
Alachua County,2020-04-24,31.16
Baker County,2020-04-24,30.21
Bay County,2020-04-24,26.44
Bradford County,2020-04-24,31.0
Brevard County,2020-04-24,30.54
Broward County,2020-04-24,32.1
Calhoun County,2020-04-24,26.49
Charlotte County,2020-04-24,33.62
Citrus County,2020-04-24,32.68
Clay County,2020-04-24,31.4
Collier County,2020-04-24,33.18
Columbia County,2020-04-24,29.58
DeSoto County,2020-04-24,33.31
Dixie County,2020-04-24,29.63
Duval County,2020-04-24,30.7
Escambia County,2020-04-24,25.09
Flagler County,2020-04-24,32.25
Franklin County,2020-04-24,26.94
Gadsden County,2020-04-24,25.5
Gilchrist County,2020-04-24,30.3
Glades County,2020-04-24,33.03
Gulf County,2020-04-24,26.77
Hamilton County,2020-04-24,27.47
Hardee County,2020-04-24,33.4
Hendry County,2020-04-24,33.13
Hernando County,2020-04-24,32.86
Highlands County,2020-04-24,33.2
Hillsborough County,2020-04-24,33.17
Holmes County,2020-04-24,25.9
Indian River County,2020-04-24,31.05
Jackson County,2020-04-24,25.65
Jefferson County,2020-04-24,26.17
Lafayette County,2020-04-24,29.07
Lake County,2020-04-24,33.24
Lee County,2020-04-24,33.33
Leon County,2020-04-24,26.02
Levy County,2020-04-24,30.88
Liberty County,2020-04-24,26.61
Madison County,2020-04-24,26.75
Manatee County,2020-04-24,32.59
Marion County,2020-04-24,32.93
Martin County,2020-04-24,31.13
Miami-Dade County,2020-04-24,32.62
Monroe County,2020-04-24,33.04
Nassau County,2020-04-24,29.9
Okaloosa County,2020-04-24,25.39
Okeechobee County,2020-04-24,32.31
Orange County,2020-04-24,32.52
Osceola County,2020-04-24,32.57
Palm Beach County,2020-04-24,31.66
Pasco County,2020-04-24,32.96
Pinellas County,2020-04-24,32.28
Polk County,2020-04-24,33.38
Putnam County,2020-04-24,32.19
St. Johns County,2020-04-24,31.38
St. Lucie County,2020-04-24,31.12
Santa Rosa County,2020-04-24,24.86
Sarasota County,2020-04-24,32.52
Seminole County,2020-04-24,32.26
Sumter County,2020-04-24,33.32
Suwannee County,2020-04-24,28.81
Taylor County,2020-04-24,27.79
Union County,2020-04-24,30.58
Volusia County,2020-04-24,32.1
Wakulla County,2020-04-24,26.69
Walton County,2020-04-24,25.89
Washington County,2020-04-24,26.63
Alachua County,2020-04-25,25.33
Baker County,2020-04-25,26.2
Bay County,2020-04-25,29.32
Bradford County,2020-04-25,25.33
Brevard County,2020-04-25,25.69
Broward County,2020-04-25,34.38
Calhoun County,2020-04-25,29.63
Charlotte County,2020-04-25,28.48
Citrus County,2020-04-25,26.02
Clay County,2020-04-25,25.49
Collier County,2020-04-25,32.03
Columbia County,2020-04-25,26.1
DeSoto County,2020-04-25,27.41
Dixie County,2020-04-25,25.99
Duval County,2020-04-25,25.78
Escambia County,2020-04-25,27.91
Flagler County,2020-04-25,26.01
Franklin County,2020-04-25,28.09
Gadsden County,2020-04-25,28.26
Gilchrist County,2020-04-25,25.93
Glades County,2020-04-25,29.16
Gulf County,2020-04-25,29.0
Hamilton County,2020-04-25,26.21
Hardee County,2020-04-25,26.9
Hendry County,2020-04-25,31.21
Hernando County,2020-04-25,25.97
Highlands County,2020-04-25,27.76
Hillsborough County,2020-04-25,26.44
Holmes County,2020-04-25,29.74
Indian River County,2020-04-25,27.52
Jackson County,2020-04-25,29.45
Jefferson County,2020-04-25,26.98
Lafayette County,2020-04-25,26.31
Lake County,2020-04-25,26.2
Lee County,2020-04-25,29.41
Leon County,2020-04-25,27.82
Levy County,2020-04-25,25.64
Liberty County,2020-04-25,29.03
Madison County,2020-04-25,26.56
Manatee County,2020-04-25,26.39
Marion County,2020-04-25,26.11
Martin County,2020-04-25,30.89
Miami-Dade County,2020-04-25,34.55
Monroe County,2020-04-25,33.25
Nassau County,2020-04-25,26.45
Okaloosa County,2020-04-25,28.85
Okeechobee County,2020-04-25,28.42
Orange County,2020-04-25,26.26
Osceola County,2020-04-25,26.79
Palm Beach County,2020-04-25,32.98
Pasco County,2020-04-25,26.14
Pinellas County,2020-04-25,26.35
Polk County,2020-04-25,26.55
Putnam County,2020-04-25,25.63
St. Johns County,2020-04-25,25.25
St. Lucie County,2020-04-25,29.3
Santa Rosa County,2020-04-25,27.99
Sarasota County,2020-04-25,26.79
Seminole County,2020-04-25,26.26
Sumter County,2020-04-25,25.96
Suwannee County,2020-04-25,26.23
Taylor County,2020-04-25,26.34
Union County,2020-04-25,25.64
Volusia County,2020-04-25,26.18
Wakulla County,2020-04-25,27.72
Walton County,2020-04-25,29.4
Washington County,2020-04-25,30.26
Alachua County,2020-04-26,29.82
Baker County,2020-04-26,30.51
Bay County,2020-04-26,28.95
Bradford County,2020-04-26,29.97
Brevard County,2020-04-26,28.95
Broward County,2020-04-26,32.83
Calhoun County,2020-04-26,30.3
Charlotte County,2020-04-26,30.81
Citrus County,2020-04-26,30.43
Clay County,2020-04-26,30.07
Collier County,2020-04-26,32.02
Columbia County,2020-04-26,30.08
DeSoto County,2020-04-26,30.27
Dixie County,2020-04-26,29.02
Duval County,2020-04-26,29.81
Escambia County,2020-04-26,28.99
Flagler County,2020-04-26,30.12
Franklin County,2020-04-26,28.71
Gadsden County,2020-04-26,29.93
Gilchrist County,2020-04-26,29.66
Glades County,2020-04-26,31.25
Gulf County,2020-04-26,29.2
Hamilton County,2020-04-26,29.35
Hardee County,2020-04-26,30.2
Hendry County,2020-04-26,31.91
Hernando County,2020-04-26,30.5
Highlands County,2020-04-26,30.57
Hillsborough County,2020-04-26,30.4
Holmes County,2020-04-26,30.27
Indian River County,2020-04-26,30.37
Jackson County,2020-04-26,30.53
Jefferson County,2020-04-26,28.96
Lafayette County,2020-04-26,29.49
Lake County,2020-04-26,30.81
Lee County,2020-04-26,30.95
Leon County,2020-04-26,29.61
Levy County,2020-04-26,29.35
Liberty County,2020-04-26,30.11
Madison County,2020-04-26,29.0
Manatee County,2020-04-26,29.73
Marion County,2020-04-26,30.84
Martin County,2020-04-26,32.07
Miami-Dade County,2020-04-26,32.97
Monroe County,2020-04-26,32.38
Nassau County,2020-04-26,30.32
Okaloosa County,2020-04-26,29.38
Okeechobee County,2020-04-26,31.06
Orange County,2020-04-26,30.31
Osceola County,2020-04-26,30.33
Palm Beach County,2020-04-26,32.62
Pasco County,2020-04-26,30.54
Pinellas County,2020-04-26,29.52
Polk County,2020-04-26,30.44
Putnam County,2020-04-26,30.28
St. Johns County,2020-04-26,29.24
St. Lucie County,2020-04-26,31.45
Santa Rosa County,2020-04-26,28.94
Sarasota County,2020-04-26,29.69
Seminole County,2020-04-26,30.28
Sumter County,2020-04-26,30.88
Suwannee County,2020-04-26,29.61
Taylor County,2020-04-26,28.76
Union County,2020-04-26,30.07
Volusia County,2020-04-26,30.1
Wakulla County,2020-04-26,29.25
Walton County,2020-04-26,29.55
Washington County,2020-04-26,30.34
Alachua County,2020-04-27,28.5
Baker County,2020-04-27,28.08
Bay County,2020-04-27,26.62
Bradford County,2020-04-27,28.4
Brevard County,2020-04-27,28.55
Broward County,2020-04-27,30.42
Calhoun County,2020-04-27,27.12
Charlotte County,2020-04-27,28.9
Citrus County,2020-04-27,29.77
Clay County,2020-04-27,28.87
Collier County,2020-04-27,29.23
Columbia County,2020-04-27,27.53
DeSoto County,2020-04-27,28.9
Dixie County,2020-04-27,26.99
Duval County,2020-04-27,28.47
Escambia County,2020-04-27,26.28
Flagler County,2020-04-27,30.8
Franklin County,2020-04-27,26.33
Gadsden County,2020-04-27,26.29
Gilchrist County,2020-04-27,27.76
Glades County,2020-04-27,28.23
Gulf County,2020-04-27,26.65
Hamilton County,2020-04-27,26.18
Hardee County,2020-04-27,29.57
Hendry County,2020-04-27,28.86
Hernando County,2020-04-27,29.89
Highlands County,2020-04-27,28.72
Hillsborough County,2020-04-27,29.75
Holmes County,2020-04-27,27.43
Indian River County,2020-04-27,27.6
Jackson County,2020-04-27,26.94
Jefferson County,2020-04-27,25.61
Lafayette County,2020-04-27,26.93
Lake County,2020-04-27,31.34
Lee County,2020-04-27,28.58
Leon County,2020-04-27,26.15
Levy County,2020-04-27,28.02
Liberty County,2020-04-27,26.99
Madison County,2020-04-27,25.74
Manatee County,2020-04-27,28.76
Marion County,2020-04-27,30.56
Martin County,2020-04-27,28.4
Miami-Dade County,2020-04-27,30.8
Monroe County,2020-04-27,30.19
Nassau County,2020-04-27,28.23
Okaloosa County,2020-04-27,27.05
Okeechobee County,2020-04-27,28.22
Orange County,2020-04-27,30.82
Osceola County,2020-04-27,29.77
Palm Beach County,2020-04-27,29.63
Pasco County,2020-04-27,29.88
Pinellas County,2020-04-27,28.39
Polk County,2020-04-27,30.34
Putnam County,2020-04-27,29.92
St. Johns County,2020-04-27,29.24
St. Lucie County,2020-04-27,27.75
Santa Rosa County,2020-04-27,26.39
Sarasota County,2020-04-27,28.31
Seminole County,2020-04-27,31.07
Sumter County,2020-04-27,30.91
Suwannee County,2020-04-27,26.89
Taylor County,2020-04-27,26.01
Union County,2020-04-27,28.11
Volusia County,2020-04-27,31.18
Wakulla County,2020-04-27,26.24
Walton County,2020-04-27,27.2
Washington County,2020-04-27,27.45
Alachua County,2020-04-28,24.98
Baker County,2020-04-28,25.16
Bay County,2020-04-28,25.45
Bradford County,2020-04-28,24.72
Brevard County,2020-04-28,24.22
Broward County,2020-04-28,30.08
Calhoun County,2020-04-28,26.09
Charlotte County,2020-04-28,28.23
Citrus County,2020-04-28,25.83
Clay County,2020-04-28,24.53
Collier County,2020-04-28,30.07
Columbia County,2020-04-28,25.09
DeSoto County,2020-04-28,28.08
Dixie County,2020-04-28,24.88
Duval County,2020-04-28,24.46
Escambia County,2020-04-28,25.97
Flagler County,2020-04-28,24.24
Franklin County,2020-04-28,25.12
Gadsden County,2020-04-28,25.45
Gilchrist County,2020-04-28,25.34
Glades County,2020-04-28,28.14
Gulf County,2020-04-28,25.55
Hamilton County,2020-04-28,24.38
Hardee County,2020-04-28,28.1
Hendry County,2020-04-28,29.3
Hernando County,2020-04-28,26.01
Highlands County,2020-04-28,28.0
Hillsborough County,2020-04-28,26.55
Holmes County,2020-04-28,26.18
Indian River County,2020-04-28,25.48
Jackson County,2020-04-28,26.0
Jefferson County,2020-04-28,24.59
Lafayette County,2020-04-28,25.12
Lake County,2020-04-28,26.62
Lee County,2020-04-28,28.47
Leon County,2020-04-28,25.19
Levy County,2020-04-28,25.02
Liberty County,2020-04-28,25.98
Madison County,2020-04-28,24.51
Manatee County,2020-04-28,26.55
Marion County,2020-04-28,26.05
Martin County,2020-04-28,26.4
Miami-Dade County,2020-04-28,30.85
Monroe County,2020-04-28,30.15
Nassau County,2020-04-28,25.14
Okaloosa County,2020-04-28,26.07
Okeechobee County,2020-04-28,26.98
Orange County,2020-04-28,26.36
Osceola County,2020-04-28,26.95
Palm Beach County,2020-04-28,28.29
Pasco County,2020-04-28,26.29
Pinellas County,2020-04-28,24.87
Polk County,2020-04-28,27.82
Putnam County,2020-04-28,24.77
St. Johns County,2020-04-28,23.55
St. Lucie County,2020-04-28,25.82
Santa Rosa County,2020-04-28,25.78
Sarasota County,2020-04-28,26.55
Seminole County,2020-04-28,25.71
Sumter County,2020-04-28,26.69
Suwannee County,2020-04-28,24.95
Taylor County,2020-04-28,24.49
Union County,2020-04-28,25.03
Volusia County,2020-04-28,24.68
Wakulla County,2020-04-28,25.06
Walton County,2020-04-28,25.97
Washington County,2020-04-28,26.21
Alachua County,2020-04-29,27.96
Baker County,2020-04-29,28.23
Bay County,2020-04-29,27.64
Bradford County,2020-04-29,27.67
Brevard County,2020-04-29,26.01
Broward County,2020-04-29,29.4
Calhoun County,2020-04-29,29.2
Charlotte County,2020-04-29,30.41
Citrus County,2020-04-29,29.06
Clay County,2020-04-29,27.23
Collier County,2020-04-29,30.9
Columbia County,2020-04-29,28.43
DeSoto County,2020-04-29,29.78
Dixie County,2020-04-29,28.16
Duval County,2020-04-29,26.83
Escambia County,2020-04-29,27.48
Flagler County,2020-04-29,26.76
Franklin County,2020-04-29,27.57
Gadsden County,2020-04-29,28.81
Gilchrist County,2020-04-29,28.49
Glades County,2020-04-29,29.15
Gulf County,2020-04-29,27.86
Hamilton County,2020-04-29,28.18
Hardee County,2020-04-29,29.78
Hendry County,2020-04-29,29.98
Hernando County,2020-04-29,29.29
Highlands County,2020-04-29,29.14
Hillsborough County,2020-04-29,29.83
Holmes County,2020-04-29,29.03
Indian River County,2020-04-29,26.87
Jackson County,2020-04-29,29.5
Jefferson County,2020-04-29,27.97
Lafayette County,2020-04-29,28.55
Lake County,2020-04-29,28.61
Lee County,2020-04-29,30.57
Leon County,2020-04-29,28.42
Levy County,2020-04-29,28.2
Liberty County,2020-04-29,28.93
Madison County,2020-04-29,28.19
Manatee County,2020-04-29,29.65
Marion County,2020-04-29,28.69
Martin County,2020-04-29,27.47
Miami-Dade County,2020-04-29,29.96
Monroe County,2020-04-29,30.87
Nassau County,2020-04-29,27.42
Okaloosa County,2020-04-29,27.62
Okeechobee County,2020-04-29,28.19
Orange County,2020-04-29,27.92
Osceola County,2020-04-29,28.22
Palm Beach County,2020-04-29,28.51
Pasco County,2020-04-29,29.58
Pinellas County,2020-04-29,29.46
Polk County,2020-04-29,29.41
Putnam County,2020-04-29,27.37
St. Johns County,2020-04-29,26.13
St. Lucie County,2020-04-29,27.2
Santa Rosa County,2020-04-29,27.25
Sarasota County,2020-04-29,29.74
Seminole County,2020-04-29,27.43
Sumter County,2020-04-29,29.17
Suwannee County,2020-04-29,28.51
Taylor County,2020-04-29,27.84
Union County,2020-04-29,28.11
Volusia County,2020-04-29,26.93
Wakulla County,2020-04-29,27.99
Walton County,2020-04-29,27.93
Washington County,2020-04-29,29.19
Alachua County,2020-04-30,29.22
Baker County,2020-04-30,29.23
Bay County,2020-04-30,26.12
Bradford County,2020-04-30,29.04
Brevard County,2020-04-30,28.0
Broward County,2020-04-30,30.48
Calhoun County,2020-04-30,27.04
Charlotte County,2020-04-30,31.23
Citrus County,2020-04-30,30.26
Clay County,2020-04-30,29.03
Collier County,2020-04-30,30.94
Columbia County,2020-04-30,29.06
DeSoto County,2020-04-30,31.19
Dixie County,2020-04-30,28.43
Duval County,2020-04-30,28.54
Escambia County,2020-04-30,24.21
Flagler County,2020-04-30,29.33
Franklin County,2020-04-30,26.71
Gadsden County,2020-04-30,26.88
Gilchrist County,2020-04-30,29.11
Glades County,2020-04-30,30.32
Gulf County,2020-04-30,26.67
Hamilton County,2020-04-30,28.18
Hardee County,2020-04-30,31.47
Hendry County,2020-04-30,30.31
Hernando County,2020-04-30,30.49
Highlands County,2020-04-30,30.89
Hillsborough County,2020-04-30,30.94
Holmes County,2020-04-30,26.04
Indian River County,2020-04-30,28.75
Jackson County,2020-04-30,26.78
Jefferson County,2020-04-30,27.08
Lafayette County,2020-04-30,28.64
Lake County,2020-04-30,30.93
Lee County,2020-04-30,30.84
Leon County,2020-04-30,27.06
Levy County,2020-04-30,29.0
Liberty County,2020-04-30,27.23
Madison County,2020-04-30,27.65
Manatee County,2020-04-30,30.62
Marion County,2020-04-30,30.55
Martin County,2020-04-30,29.21
Miami-Dade County,2020-04-30,31.36
Monroe County,2020-04-30,31.46
Nassau County,2020-04-30,28.86
Okaloosa County,2020-04-30,25.1
Okeechobee County,2020-04-30,29.96
Orange County,2020-04-30,30.31
Osceola County,2020-04-30,30.35
Palm Beach County,2020-04-30,29.78
Pasco County,2020-04-30,30.73
Pinellas County,2020-04-30,29.8
Polk County,2020-04-30,31.35
Putnam County,2020-04-30,29.59
St. Johns County,2020-04-30,28.3
St. Lucie County,2020-04-30,29.03
Santa Rosa County,2020-04-30,24.3
Sarasota County,2020-04-30,30.49
Seminole County,2020-04-30,30.04
Sumter County,2020-04-30,31.0
Suwannee County,2020-04-30,28.69
Taylor County,2020-04-30,27.53
Union County,2020-04-30,29.16
Volusia County,2020-04-30,29.55
Wakulla County,2020-04-30,26.93
Walton County,2020-04-30,25.61
Washington County,2020-04-30,26.58
Alachua County,2020-05-01,25.88
Baker County,2020-05-01,25.58
Bay County,2020-05-01,24.98
Bradford County,2020-05-01,25.88
Brevard County,2020-05-01,27.31
Broward County,2020-05-01,29.77
Calhoun County,2020-05-01,25.03
Charlotte County,2020-05-01,28.92
Citrus County,2020-05-01,26.59
Clay County,2020-05-01,26.5
Collier County,2020-05-01,29.71
Columbia County,2020-05-01,25.13
DeSoto County,2020-05-01,28.4
Dixie County,2020-05-01,25.87
Duval County,2020-05-01,26.47
Escambia County,2020-05-01,25.39
Flagler County,2020-05-01,27.2
Franklin County,2020-05-01,25.31
Gadsden County,2020-05-01,24.94
Gilchrist County,2020-05-01,25.88
Glades County,2020-05-01,28.82
Gulf County,2020-05-01,24.95
Hamilton County,2020-05-01,24.04
Hardee County,2020-05-01,27.94
Hendry County,2020-05-01,29.38
Hernando County,2020-05-01,26.63
Highlands County,2020-05-01,28.46
Hillsborough County,2020-05-01,27.08
Holmes County,2020-05-01,24.91
Indian River County,2020-05-01,27.54
Jackson County,2020-05-01,24.6
Jefferson County,2020-05-01,24.59
Lafayette County,2020-05-01,25.33
Lake County,2020-05-01,27.41
Lee County,2020-05-01,28.94
Leon County,2020-05-01,25.06
Levy County,2020-05-01,26.05
Liberty County,2020-05-01,25.27
Madison County,2020-05-01,24.2
Manatee County,2020-05-01,27.14
Marion County,2020-05-01,26.61
Martin County,2020-05-01,27.86
Miami-Dade County,2020-05-01,31.02
Monroe County,2020-05-01,30.65
Nassau County,2020-05-01,26.05
Okaloosa County,2020-05-01,25.72
Okeechobee County,2020-05-01,28.07
Orange County,2020-05-01,28.02
Osceola County,2020-05-01,28.16
Palm Beach County,2020-05-01,28.61
Pasco County,2020-05-01,26.71
Pinellas County,2020-05-01,26.5
Polk County,2020-05-01,27.86
Putnam County,2020-05-01,26.76
St. Johns County,2020-05-01,26.82
St. Lucie County,2020-05-01,27.69
Santa Rosa County,2020-05-01,25.31
Sarasota County,2020-05-01,27.54
Seminole County,2020-05-01,27.99
Sumter County,2020-05-01,26.85
Suwannee County,2020-05-01,24.91
Taylor County,2020-05-01,24.99
Union County,2020-05-01,25.62
Volusia County,2020-05-01,27.55
Wakulla County,2020-05-01,25.38
Walton County,2020-05-01,25.46
Washington County,2020-05-01,25.09
Alachua County,2020-05-02,26.82
Baker County,2020-05-02,26.74
Bay County,2020-05-02,26.45
Bradford County,2020-05-02,26.81
Brevard County,2020-05-02,27.11
Broward County,2020-05-02,29.39
Calhoun County,2020-05-02,27.35
Charlotte County,2020-05-02,28.52
Citrus County,2020-05-02,26.92
Clay County,2020-05-02,27.23
Collier County,2020-05-02,29.62
Columbia County,2020-05-02,26.43
DeSoto County,2020-05-02,28.31
Dixie County,2020-05-02,26.59
Duval County,2020-05-02,26.99
Escambia County,2020-05-02,26.89
Flagler County,2020-05-02,27.77
Franklin County,2020-05-02,26.59
Gadsden County,2020-05-02,27.4
Gilchrist County,2020-05-02,26.91
Glades County,2020-05-02,28.59
Gulf County,2020-05-02,26.39
Hamilton County,2020-05-02,25.57
Hardee County,2020-05-02,28.14
Hendry County,2020-05-02,29.25
Hernando County,2020-05-02,26.84
Highlands County,2020-05-02,28.37
Hillsborough County,2020-05-02,26.95
Holmes County,2020-05-02,27.22
Indian River County,2020-05-02,27.23
Jackson County,2020-05-02,27.19
Jefferson County,2020-05-02,26.31
Lafayette County,2020-05-02,26.55
Lake County,2020-05-02,28.21
Lee County,2020-05-02,28.53
Leon County,2020-05-02,27.16
Levy County,2020-05-02,26.6
Liberty County,2020-05-02,27.48
Madison County,2020-05-02,25.8
Manatee County,2020-05-02,27.01
Marion County,2020-05-02,27.48
Martin County,2020-05-02,27.52
Miami-Dade County,2020-05-02,29.97
Monroe County,2020-05-02,29.77
Nassau County,2020-05-02,26.8
Okaloosa County,2020-05-02,27.31
Okeechobee County,2020-05-02,27.97
Orange County,2020-05-02,28.41
Osceola County,2020-05-02,28.3
Palm Beach County,2020-05-02,28.47
Pasco County,2020-05-02,26.82
Pinellas County,2020-05-02,25.52
Polk County,2020-05-02,28.28
Putnam County,2020-05-02,27.54
St. Johns County,2020-05-02,27.27
St. Lucie County,2020-05-02,27.26
Santa Rosa County,2020-05-02,26.84
Sarasota County,2020-05-02,27.17
Seminole County,2020-05-02,28.43
Sumter County,2020-05-02,27.68
Suwannee County,2020-05-02,26.27
Taylor County,2020-05-02,26.17
Union County,2020-05-02,26.72
Volusia County,2020-05-02,28.01
Wakulla County,2020-05-02,27.1
Walton County,2020-05-02,27.13
Washington County,2020-05-02,27.22
Alachua County,2020-05-03,29.02
Baker County,2020-05-03,29.7
Bay County,2020-05-03,28.95
Bradford County,2020-05-03,29.26
Brevard County,2020-05-03,27.41
Broward County,2020-05-03,29.78
Calhoun County,2020-05-03,30.6
Charlotte County,2020-05-03,30.71
Citrus County,2020-05-03,29.09
Clay County,2020-05-03,29.39
Collier County,2020-05-03,30.57
Columbia County,2020-05-03,29.46
DeSoto County,2020-05-03,30.7
Dixie County,2020-05-03,28.9
Duval County,2020-05-03,29.0
Escambia County,2020-05-03,28.31
Flagler County,2020-05-03,28.76
Franklin County,2020-05-03,29.55
Gadsden County,2020-05-03,31.05
Gilchrist County,2020-05-03,29.18
Glades County,2020-05-03,29.93
Gulf County,2020-05-03,29.29
Hamilton County,2020-05-03,29.15
Hardee County,2020-05-03,30.72
Hendry County,2020-05-03,30.17
Hernando County,2020-05-03,29.41
Highlands County,2020-05-03,30.2
Hillsborough County,2020-05-03,30.03
Holmes County,2020-05-03,29.71
Indian River County,2020-05-03,28.34
Jackson County,2020-05-03,30.38
Jefferson County,2020-05-03,30.06
Lafayette County,2020-05-03,29.48
Lake County,2020-05-03,30.08
Lee County,2020-05-03,30.29
Leon County,2020-05-03,30.9
Levy County,2020-05-03,28.5
Liberty County,2020-05-03,30.89
Madison County,2020-05-03,29.45
Manatee County,2020-05-03,30.16
Marion County,2020-05-03,29.42
Martin County,2020-05-03,28.98
Miami-Dade County,2020-05-03,29.91
Monroe County,2020-05-03,29.93
Nassau County,2020-05-03,29.31
Okaloosa County,2020-05-03,29.12
Okeechobee County,2020-05-03,29.43
Orange County,2020-05-03,29.81
Osceola County,2020-05-03,29.73
Palm Beach County,2020-05-03,29.5
Pasco County,2020-05-03,29.71
Pinellas County,2020-05-03,28.54
Polk County,2020-05-03,30.58
Putnam County,2020-05-03,29.35
St. Johns County,2020-05-03,28.42
St. Lucie County,2020-05-03,28.62
Santa Rosa County,2020-05-03,28.53
Sarasota County,2020-05-03,30.15
Seminole County,2020-05-03,29.62
Sumter County,2020-05-03,29.92
Suwannee County,2020-05-03,29.43
Taylor County,2020-05-03,29.38
Union County,2020-05-03,29.36
Volusia County,2020-05-03,28.82
Wakulla County,2020-05-03,30.61
Walton County,2020-05-03,29.23
Washington County,2020-05-03,29.96
Alachua County,2020-05-04,30.38
Baker County,2020-05-04,30.98
Bay County,2020-05-04,28.66
Bradford County,2020-05-04,30.69
Brevard County,2020-05-04,28.37
Broward County,2020-05-04,30.52
Calhoun County,2020-05-04,30.55
Charlotte County,2020-05-04,31.15
Citrus County,2020-05-04,30.08
Clay County,2020-05-04,31.09
Collier County,2020-05-04,31.58
Columbia County,2020-05-04,30.49
DeSoto County,2020-05-04,31.2
Dixie County,2020-05-04,29.79
Duval County,2020-05-04,30.97
Escambia County,2020-05-04,28.27
Flagler County,2020-05-04,30.35
Franklin County,2020-05-04,29.63
Gadsden County,2020-05-04,31.19
Gilchrist County,2020-05-04,30.34
Glades County,2020-05-04,30.84
Gulf County,2020-05-04,29.19
Hamilton County,2020-05-04,29.82
Hardee County,2020-05-04,31.22
Hendry County,2020-05-04,31.26
Hernando County,2020-05-04,30.25
Highlands County,2020-05-04,30.95
Hillsborough County,2020-05-04,30.4
Holmes County,2020-05-04,29.98
Indian River County,2020-05-04,29.05
Jackson County,2020-05-04,30.56
Jefferson County,2020-05-04,30.21
Lafayette County,2020-05-04,30.25
Lake County,2020-05-04,31.4
Lee County,2020-05-04,30.88
Leon County,2020-05-04,31.06
Levy County,2020-05-04,29.63
Liberty County,2020-05-04,30.98
Madison County,2020-05-04,29.83
Manatee County,2020-05-04,30.45
Marion County,2020-05-04,30.84
Martin County,2020-05-04,29.3
Miami-Dade County,2020-05-04,30.67
Monroe County,2020-05-04,30.89
Nassau County,2020-05-04,31.2
Okaloosa County,2020-05-04,29.05
Okeechobee County,2020-05-04,30.29
Orange County,2020-05-04,31.01
Osceola County,2020-05-04,30.72
Palm Beach County,2020-05-04,30.01
Pasco County,2020-05-04,30.42
Pinellas County,2020-05-04,28.97
Polk County,2020-05-04,31.31
Putnam County,2020-05-04,31.02
St. Johns County,2020-05-04,30.24
St. Lucie County,2020-05-04,29.1
Santa Rosa County,2020-05-04,28.45
Sarasota County,2020-05-04,30.4
Seminole County,2020-05-04,31.0
Sumter County,2020-05-04,31.05
Suwannee County,2020-05-04,30.22
Taylor County,2020-05-04,29.77
Union County,2020-05-04,30.64
Volusia County,2020-05-04,30.28
Wakulla County,2020-05-04,30.73
Walton County,2020-05-04,29.13
Washington County,2020-05-04,29.92
Alachua County,2020-05-05,30.46
Baker County,2020-05-05,31.38
Bay County,2020-05-05,29.43
Bradford County,2020-05-05,30.93
Brevard County,2020-05-05,30.03
Broward County,2020-05-05,32.26
Calhoun County,2020-05-05,31.38
Charlotte County,2020-05-05,31.53
Citrus County,2020-05-05,29.98
Clay County,2020-05-05,31.52
Collier County,2020-05-05,32.13
Columbia County,2020-05-05,30.78
DeSoto County,2020-05-05,32.05
Dixie County,2020-05-05,29.65
Duval County,2020-05-05,31.61
Escambia County,2020-05-05,29.5
Flagler County,2020-05-05,31.34
Franklin County,2020-05-05,29.96
Gadsden County,2020-05-05,31.98
Gilchrist County,2020-05-05,30.33
Glades County,2020-05-05,32.32
Gulf County,2020-05-05,29.84
Hamilton County,2020-05-05,30.35
Hardee County,2020-05-05,32.14
Hendry County,2020-05-05,32.55
Hernando County,2020-05-05,30.24
Highlands County,2020-05-05,32.42
Hillsborough County,2020-05-05,30.54
Holmes County,2020-05-05,30.67
Indian River County,2020-05-05,30.92
Jackson County,2020-05-05,31.34
Jefferson County,2020-05-05,30.82
Lafayette County,2020-05-05,30.41
Lake County,2020-05-05,32.05
Lee County,2020-05-05,31.0
Leon County,2020-05-05,31.76
Levy County,2020-05-05,29.44
Liberty County,2020-05-05,31.68
Madison County,2020-05-05,30.41
Manatee County,2020-05-05,30.65
Marion County,2020-05-05,31.08
Martin County,2020-05-05,31.4
Miami-Dade County,2020-05-05,32.22
Monroe County,2020-05-05,31.51
Nassau County,2020-05-05,31.89
Okaloosa County,2020-05-05,30.06
Okeechobee County,2020-05-05,32.09
Orange County,2020-05-05,32.09
Osceola County,2020-05-05,32.09
Palm Beach County,2020-05-05,32.01
Pasco County,2020-05-05,30.49
Pinellas County,2020-05-05,28.56
Polk County,2020-05-05,32.24
Putnam County,2020-05-05,31.5
St. Johns County,2020-05-05,31.05
St. Lucie County,2020-05-05,31.13
Santa Rosa County,2020-05-05,29.56
Sarasota County,2020-05-05,30.38
Seminole County,2020-05-05,32.09
Sumter County,2020-05-05,31.37
Suwannee County,2020-05-05,30.51
Taylor County,2020-05-05,29.94
Union County,2020-05-05,30.83
Volusia County,2020-05-05,31.42
Wakulla County,2020-05-05,31.1
Walton County,2020-05-05,29.99
Washington County,2020-05-05,30.82
Alachua County,2020-05-06,30.59
Baker County,2020-05-06,31.67
Bay County,2020-05-06,29.96
Bradford County,2020-05-06,31.27
Brevard County,2020-05-06,31.12
Broward County,2020-05-06,32.56
Calhoun County,2020-05-06,31.23
Charlotte County,2020-05-06,32.35
Citrus County,2020-05-06,29.76
Clay County,2020-05-06,31.99
Collier County,2020-05-06,32.56
Columbia County,2020-05-06,30.84
DeSoto County,2020-05-06,32.62
Dixie County,2020-05-06,29.39
Duval County,2020-05-06,32.27
Escambia County,2020-05-06,29.94
Flagler County,2020-05-06,31.73
Franklin County,2020-05-06,30.07
Gadsden County,2020-05-06,31.81
Gilchrist County,2020-05-06,30.15
Glades County,2020-05-06,33.35
Gulf County,2020-05-06,29.8
Hamilton County,2020-05-06,30.17
Hardee County,2020-05-06,32.5
Hendry County,2020-05-06,33.18
Hernando County,2020-05-06,29.88
Highlands County,2020-05-06,33.44
Hillsborough County,2020-05-06,30.18
Holmes County,2020-05-06,31.37
Indian River County,2020-05-06,32.58
Jackson County,2020-05-06,31.46
Jefferson County,2020-05-06,30.64
Lafayette County,2020-05-06,30.12
Lake County,2020-05-06,32.12
Lee County,2020-05-06,32.04
Leon County,2020-05-06,31.65
Levy County,2020-05-06,29.23
Liberty County,2020-05-06,31.38
Madison County,2020-05-06,30.09
Manatee County,2020-05-06,30.42
Marion County,2020-05-06,31.13
Martin County,2020-05-06,33.05
Miami-Dade County,2020-05-06,32.29
Monroe County,2020-05-06,31.84
Nassau County,2020-05-06,32.43
Okaloosa County,2020-05-06,30.96
Okeechobee County,2020-05-06,33.45
Orange County,2020-05-06,32.41
Osceola County,2020-05-06,32.9
Palm Beach County,2020-05-06,32.87
Pasco County,2020-05-06,30.02
Pinellas County,2020-05-06,28.3
Polk County,2020-05-06,32.54
Putnam County,2020-05-06,31.84
St. Johns County,2020-05-06,31.81
St. Lucie County,2020-05-06,32.98
Santa Rosa County,2020-05-06,30.16
Sarasota County,2020-05-06,30.49
Seminole County,2020-05-06,32.3
Sumter County,2020-05-06,31.23
Suwannee County,2020-05-06,30.32
Taylor County,2020-05-06,29.8
Union County,2020-05-06,31.06
Volusia County,2020-05-06,31.62
Wakulla County,2020-05-06,31.12
Walton County,2020-05-06,30.92
Washington County,2020-05-06,31.16
Alachua County,2020-05-07,29.55
Baker County,2020-05-07,29.49
Bay County,2020-05-07,28.93
Bradford County,2020-05-07,29.66
Brevard County,2020-05-07,32.02
Broward County,2020-05-07,32.26
Calhoun County,2020-05-07,28.78
Charlotte County,2020-05-07,31.2
Citrus County,2020-05-07,30.02
Clay County,2020-05-07,30.31
Collier County,2020-05-07,31.0
Columbia County,2020-05-07,29.04
DeSoto County,2020-05-07,31.16
Dixie County,2020-05-07,29.32
Duval County,2020-05-07,30.21
Escambia County,2020-05-07,28.89
Flagler County,2020-05-07,31.62
Franklin County,2020-05-07,29.16
Gadsden County,2020-05-07,28.45
Gilchrist County,2020-05-07,29.42
Glades County,2020-05-07,31.44
Gulf County,2020-05-07,28.78
Hamilton County,2020-05-07,27.88
Hardee County,2020-05-07,31.15
Hendry County,2020-05-07,31.29
Hernando County,2020-05-07,29.98
Highlands County,2020-05-07,31.66
Hillsborough County,2020-05-07,30.22
Holmes County,2020-05-07,28.36
Indian River County,2020-05-07,32.21
Jackson County,2020-05-07,28.28
Jefferson County,2020-05-07,28.11
Lafayette County,2020-05-07,29.05
Lake County,2020-05-07,31.51
Lee County,2020-05-07,30.7
Leon County,2020-05-07,28.67
Levy County,2020-05-07,29.35
Liberty County,2020-05-07,28.95
Madison County,2020-05-07,27.76
Manatee County,2020-05-07,29.92
Marion County,2020-05-07,30.46
Martin County,2020-05-07,32.41
Miami-Dade County,2020-05-07,32.34
Monroe County,2020-05-07,31.3
Nassau County,2020-05-07,29.78
Okaloosa County,2020-05-07,29.12
Okeechobee County,2020-05-07,31.97
Orange County,2020-05-07,32.23
Osceola County,2020-05-07,32.26
Palm Beach County,2020-05-07,32.22
Pasco County,2020-05-07,29.93
Pinellas County,2020-05-07,28.96
Polk County,2020-05-07,31.56
Putnam County,2020-05-07,30.76
St. Johns County,2020-05-07,30.88
St. Lucie County,2020-05-07,32.4
Santa Rosa County,2020-05-07,28.8
Sarasota County,2020-05-07,29.99
Seminole County,2020-05-07,32.4
Sumter County,2020-05-07,30.69
Suwannee County,2020-05-07,28.75
Taylor County,2020-05-07,28.74
Union County,2020-05-07,29.45
Volusia County,2020-05-07,32.13
Wakulla County,2020-05-07,29.27
Walton County,2020-05-07,28.94
Washington County,2020-05-07,28.76
Alachua County,2020-05-08,23.38
Baker County,2020-05-08,23.0
Bay County,2020-05-08,24.01
Bradford County,2020-05-08,22.97
Brevard County,2020-05-08,23.97
Broward County,2020-05-08,30.77
Calhoun County,2020-05-08,24.37
Charlotte County,2020-05-08,29.55
Citrus County,2020-05-08,25.19
Clay County,2020-05-08,23.04
Collier County,2020-05-08,30.75
Columbia County,2020-05-08,22.95
DeSoto County,2020-05-08,29.15
Dixie County,2020-05-08,23.91
Duval County,2020-05-08,22.6
Escambia County,2020-05-08,24.09
Flagler County,2020-05-08,22.98
Franklin County,2020-05-08,24.35
Gadsden County,2020-05-08,24.51
Gilchrist County,2020-05-08,23.76
Glades County,2020-05-08,29.38
Gulf County,2020-05-08,24.19
Hamilton County,2020-05-08,22.46
Hardee County,2020-05-08,28.27
Hendry County,2020-05-08,30.44
Hernando County,2020-05-08,25.72
Highlands County,2020-05-08,28.42
Hillsborough County,2020-05-08,26.64
Holmes County,2020-05-08,23.87
Indian River County,2020-05-08,26.39
Jackson County,2020-05-08,23.93
Jefferson County,2020-05-08,23.75
Lafayette County,2020-05-08,23.48
Lake County,2020-05-08,25.26
Lee County,2020-05-08,29.48
Leon County,2020-05-08,24.55
Levy County,2020-05-08,24.09
Liberty County,2020-05-08,24.66
Madison County,2020-05-08,22.97
Manatee County,2020-05-08,27.61
Marion County,2020-05-08,24.38
Martin County,2020-05-08,28.41
Miami-Dade County,2020-05-08,31.26
Monroe County,2020-05-08,30.52
Nassau County,2020-05-08,22.78
Okaloosa County,2020-05-08,24.46
Okeechobee County,2020-05-08,27.88
Orange County,2020-05-08,25.19
Osceola County,2020-05-08,26.22
Palm Beach County,2020-05-08,29.79
Pasco County,2020-05-08,26.11
Pinellas County,2020-05-08,25.35
Polk County,2020-05-08,27.09
Putnam County,2020-05-08,23.41
St. Johns County,2020-05-08,22.43
St. Lucie County,2020-05-08,27.5
Santa Rosa County,2020-05-08,24.0
Sarasota County,2020-05-08,28.26
Seminole County,2020-05-08,24.55
Sumter County,2020-05-08,25.69
Suwannee County,2020-05-08,23.03
Taylor County,2020-05-08,23.51
Union County,2020-05-08,23.01
Volusia County,2020-05-08,23.42
Wakulla County,2020-05-08,24.63
Walton County,2020-05-08,24.31
Washington County,2020-05-08,24.18
Alachua County,2020-05-09,27.43
Baker County,2020-05-09,28.0
Bay County,2020-05-09,24.85
Bradford County,2020-05-09,27.94
Brevard County,2020-05-09,27.96
Broward County,2020-05-09,30.19
Calhoun County,2020-05-09,25.42
Charlotte County,2020-05-09,30.69
Citrus County,2020-05-09,27.95
Clay County,2020-05-09,28.82
Collier County,2020-05-09,30.89
Columbia County,2020-05-09,27.01
DeSoto County,2020-05-09,30.79
Dixie County,2020-05-09,26.07
Duval County,2020-05-09,29.11
Escambia County,2020-05-09,26.92
Flagler County,2020-05-09,29.22
Franklin County,2020-05-09,24.41
Gadsden County,2020-05-09,26.15
Gilchrist County,2020-05-09,26.77
Glades County,2020-05-09,30.82
Gulf County,2020-05-09,23.97
Hamilton County,2020-05-09,25.77
Hardee County,2020-05-09,30.69
Hendry County,2020-05-09,31.04
Hernando County,2020-05-09,28.4
Highlands County,2020-05-09,30.8
Hillsborough County,2020-05-09,29.23
Holmes County,2020-05-09,26.48
Indian River County,2020-05-09,28.53
Jackson County,2020-05-09,26.08
Jefferson County,2020-05-09,25.47
Lafayette County,2020-05-09,26.12
Lake County,2020-05-09,29.76
Lee County,2020-05-09,30.33
Leon County,2020-05-09,26.03
Levy County,2020-05-09,26.65
Liberty County,2020-05-09,25.37
Madison County,2020-05-09,25.29
Manatee County,2020-05-09,29.45
Marion County,2020-05-09,28.52
Martin County,2020-05-09,28.92
Miami-Dade County,2020-05-09,30.38
Monroe County,2020-05-09,30.25
Nassau County,2020-05-09,28.9
Okaloosa County,2020-05-09,27.15
Okeechobee County,2020-05-09,30.01
Orange County,2020-05-09,29.87
Osceola County,2020-05-09,29.99
Palm Beach County,2020-05-09,29.74
Pasco County,2020-05-09,28.75
Pinellas County,2020-05-09,27.66
Polk County,2020-05-09,30.48
Putnam County,2020-05-09,28.91
St. Johns County,2020-05-09,29.08
St. Lucie County,2020-05-09,28.65
Santa Rosa County,2020-05-09,26.84
Sarasota County,2020-05-09,29.49
Seminole County,2020-05-09,29.78
Sumter County,2020-05-09,29.16
Suwannee County,2020-05-09,26.23
Taylor County,2020-05-09,25.38
Union County,2020-05-09,27.55
Volusia County,2020-05-09,29.29
Wakulla County,2020-05-09,25.55
Walton County,2020-05-09,26.6
Washington County,2020-05-09,26.15
Alachua County,2020-05-10,26.73
Baker County,2020-05-10,25.65
Bay County,2020-05-10,25.16
Bradford County,2020-05-10,25.89
Brevard County,2020-05-10,27.74
Broward County,2020-05-10,30.93
Calhoun County,2020-05-10,25.29
Charlotte County,2020-05-10,32.46
Citrus County,2020-05-10,28.79
Clay County,2020-05-10,25.19
Collier County,2020-05-10,31.67
Columbia County,2020-05-10,26.23
DeSoto County,2020-05-10,32.64
Dixie County,2020-05-10,27.41
Duval County,2020-05-10,23.52
Escambia County,2020-05-10,22.92
Flagler County,2020-05-10,25.14
Franklin County,2020-05-10,26.02
Gadsden County,2020-05-10,25.61
Gilchrist County,2020-05-10,27.37
Glades County,2020-05-10,32.14
Gulf County,2020-05-10,25.3
Hamilton County,2020-05-10,25.49
Hardee County,2020-05-10,32.47
Hendry County,2020-05-10,31.64
Hernando County,2020-05-10,29.55
Highlands County,2020-05-10,32.46
Hillsborough County,2020-05-10,31.0
Holmes County,2020-05-10,24.65
Indian River County,2020-05-10,29.87
Jackson County,2020-05-10,24.81
Jefferson County,2020-05-10,25.77
Lafayette County,2020-05-10,26.99
Lake County,2020-05-10,29.06
Lee County,2020-05-10,31.74
Leon County,2020-05-10,26.05
Levy County,2020-05-10,27.58
Liberty County,2020-05-10,25.83
Madison County,2020-05-10,25.65
Manatee County,2020-05-10,31.54
Marion County,2020-05-10,27.71
Martin County,2020-05-10,30.76
Miami-Dade County,2020-05-10,31.35
Monroe County,2020-05-10,31.61
Nassau County,2020-05-10,23.55
Okaloosa County,2020-05-10,24.36
Okeechobee County,2020-05-10,31.71
Orange County,2020-05-10,29.42
Osceola County,2020-05-10,30.77
Palm Beach County,2020-05-10,31.01
Pasco County,2020-05-10,30.16
Pinellas County,2020-05-10,29.56
Polk County,2020-05-10,31.74
Putnam County,2020-05-10,25.96
St. Johns County,2020-05-10,23.75
St. Lucie County,2020-05-10,30.36
Santa Rosa County,2020-05-10,23.32
Sarasota County,2020-05-10,31.62
Seminole County,2020-05-10,28.4
Sumter County,2020-05-10,29.47
Suwannee County,2020-05-10,26.49
Taylor County,2020-05-10,26.44
Union County,2020-05-10,26.22
Volusia County,2020-05-10,26.47
Wakulla County,2020-05-10,26.39
Walton County,2020-05-10,24.83
Washington County,2020-05-10,25.09
Alachua County,2020-05-11,25.25
Baker County,2020-05-11,25.15
Bay County,2020-05-11,27.86
Bradford County,2020-05-11,25.0
Brevard County,2020-05-11,24.29
Broward County,2020-05-11,27.12
Calhoun County,2020-05-11,28.35
Charlotte County,2020-05-11,28.98
Citrus County,2020-05-11,26.97
Clay County,2020-05-11,25.11
Collier County,2020-05-11,26.73
Columbia County,2020-05-11,25.07
DeSoto County,2020-05-11,28.93
Dixie County,2020-05-11,25.53
Duval County,2020-05-11,24.26
Escambia County,2020-05-11,27.1
Flagler County,2020-05-11,25.41
Franklin County,2020-05-11,27.94
Gadsden County,2020-05-11,28.13
Gilchrist County,2020-05-11,25.44
Glades County,2020-05-11,26.98
Gulf County,2020-05-11,27.81
Hamilton County,2020-05-11,24.88
Hardee County,2020-05-11,28.86
Hendry County,2020-05-11,27.21
Hernando County,2020-05-11,27.72
Highlands County,2020-05-11,27.36
Hillsborough County,2020-05-11,28.66
Holmes County,2020-05-11,27.94
Indian River County,2020-05-11,24.72
Jackson County,2020-05-11,27.97
Jefferson County,2020-05-11,26.5
Lafayette County,2020-05-11,25.48
Lake County,2020-05-11,27.88
Lee County,2020-05-11,27.96
Leon County,2020-05-11,27.76
Levy County,2020-05-11,25.53
Liberty County,2020-05-11,28.49
Madison County,2020-05-11,25.53
Manatee County,2020-05-11,29.23
Marion County,2020-05-11,26.6
Martin County,2020-05-11,25.77
Miami-Dade County,2020-05-11,26.69
Monroe County,2020-05-11,26.18
Nassau County,2020-05-11,24.44
Okaloosa County,2020-05-11,27.9
Okeechobee County,2020-05-11,26.06
Orange County,2020-05-11,27.28
Osceola County,2020-05-11,26.82
Palm Beach County,2020-05-11,26.89
Pasco County,2020-05-11,28.25
Pinellas County,2020-05-11,28.28
Polk County,2020-05-11,28.42
Putnam County,2020-05-11,25.76
St. Johns County,2020-05-11,24.51
St. Lucie County,2020-05-11,25.1
Santa Rosa County,2020-05-11,27.12
Sarasota County,2020-05-11,29.38
Seminole County,2020-05-11,26.88
Sumter County,2020-05-11,27.96
Suwannee County,2020-05-11,25.18
Taylor County,2020-05-11,25.73
Union County,2020-05-11,25.03
Volusia County,2020-05-11,25.84
Wakulla County,2020-05-11,27.76
Walton County,2020-05-11,27.98
Washington County,2020-05-11,28.19
Alachua County,2020-05-12,28.99
Baker County,2020-05-12,28.94
Bay County,2020-05-12,29.05
Bradford County,2020-05-12,28.87
Brevard County,2020-05-12,27.17
Broward County,2020-05-12,30.31
Calhoun County,2020-05-12,28.65
Charlotte County,2020-05-12,31.72
Citrus County,2020-05-12,29.76
Clay County,2020-05-12,29.0
Collier County,2020-05-12,31.69
Columbia County,2020-05-12,28.81
DeSoto County,2020-05-12,31.24
Dixie County,2020-05-12,29.31
Duval County,2020-05-12,28.5
Escambia County,2020-05-12,28.37
Flagler County,2020-05-12,28.63
Franklin County,2020-05-12,29.16
Gadsden County,2020-05-12,28.4
Gilchrist County,2020-05-12,29.29
Glades County,2020-05-12,30.58
Gulf County,2020-05-12,28.91
Hamilton County,2020-05-12,27.94
Hardee County,2020-05-12,30.95
Hendry County,2020-05-12,31.03
Hernando County,2020-05-12,29.94
Highlands County,2020-05-12,30.44
Hillsborough County,2020-05-12,30.46
Holmes County,2020-05-12,28.26
Indian River County,2020-05-12,28.02
Jackson County,2020-05-12,28.04
Jefferson County,2020-05-12,28.53
Lafayette County,2020-05-12,29.18
Lake County,2020-05-12,30.2
Lee County,2020-05-12,31.65
Leon County,2020-05-12,28.84
Levy County,2020-05-12,29.12
Liberty County,2020-05-12,28.85
Madison County,2020-05-12,28.12
Manatee County,2020-05-12,30.59
Marion County,2020-05-12,29.61
Martin County,2020-05-12,28.86
Miami-Dade County,2020-05-12,30.48
Monroe County,2020-05-12,30.68
Nassau County,2020-05-12,28.57
Okaloosa County,2020-05-12,29.1
Okeechobee County,2020-05-12,29.41
Orange County,2020-05-12,29.76
Osceola County,2020-05-12,29.64
Palm Beach County,2020-05-12,29.74
Pasco County,2020-05-12,30.11
Pinellas County,2020-05-12,29.2
Polk County,2020-05-12,30.69
Putnam County,2020-05-12,29.21
St. Johns County,2020-05-12,28.26
St. Lucie County,2020-05-12,28.35
Santa Rosa County,2020-05-12,28.52
Sarasota County,2020-05-12,30.88
Seminole County,2020-05-12,29.5
Sumter County,2020-05-12,30.28
Suwannee County,2020-05-12,28.79
Taylor County,2020-05-12,28.97
Union County,2020-05-12,28.94
Volusia County,2020-05-12,28.66
Wakulla County,2020-05-12,29.29
Walton County,2020-05-12,29.07
Washington County,2020-05-12,28.76
Alachua County,2020-05-13,28.07
Baker County,2020-05-13,27.6
Bay County,2020-05-13,29.02
Bradford County,2020-05-13,27.56
Brevard County,2020-05-13,27.21
Broward County,2020-05-13,30.04
Calhoun County,2020-05-13,28.95
Charlotte County,2020-05-13,32.28
Citrus County,2020-05-13,30.1
Clay County,2020-05-13,27.17
Collier County,2020-05-13,31.89
Columbia County,2020-05-13,27.85
DeSoto County,2020-05-13,31.59
Dixie County,2020-05-13,28.9
Duval County,2020-05-13,26.12
Escambia County,2020-05-13,27.97
Flagler County,2020-05-13,27.08
Franklin County,2020-05-13,29.37
Gadsden County,2020-05-13,28.76
Gilchrist County,2020-05-13,28.58
Glades County,2020-05-13,30.89
Gulf County,2020-05-13,29.06
Hamilton County,2020-05-13,27.27
Hardee County,2020-05-13,31.33
Hendry County,2020-05-13,31.12
Hernando County,2020-05-13,30.62
Highlands County,2020-05-13,30.71
Hillsborough County,2020-05-13,31.43
Holmes County,2020-05-13,28.71
Indian River County,2020-05-13,28.61
Jackson County,2020-05-13,28.42
Jefferson County,2020-05-13,28.35
Lafayette County,2020-05-13,28.46
Lake County,2020-05-13,29.94
Lee County,2020-05-13,32.21
Leon County,2020-05-13,28.98
Levy County,2020-05-13,28.89
Liberty County,2020-05-13,29.15
Madison County,2020-05-13,27.7
Manatee County,2020-05-13,31.49
Marion County,2020-05-13,29.04
Martin County,2020-05-13,29.45
Miami-Dade County,2020-05-13,30.38
Monroe County,2020-05-13,31.26
Nassau County,2020-05-13,26.15
Okaloosa County,2020-05-13,28.57
Okeechobee County,2020-05-13,29.89
Orange County,2020-05-13,29.43
Osceola County,2020-05-13,29.62
Palm Beach County,2020-05-13,29.79
Pasco County,2020-05-13,30.95
Pinellas County,2020-05-13,30.68
Polk County,2020-05-13,30.99
Putnam County,2020-05-13,27.69
St. Johns County,2020-05-13,26.17
St. Lucie County,2020-05-13,29.15
Santa Rosa County,2020-05-13,27.92
Sarasota County,2020-05-13,31.81
Seminole County,2020-05-13,28.91
Sumter County,2020-05-13,30.44
Suwannee County,2020-05-13,28.01
Taylor County,2020-05-13,28.53
Union County,2020-05-13,27.82
Volusia County,2020-05-13,27.72
Wakulla County,2020-05-13,29.42
Walton County,2020-05-13,28.88
Washington County,2020-05-13,28.97
Alachua County,2020-05-14,29.28
Baker County,2020-05-14,28.96
Bay County,2020-05-14,29.82
Bradford County,2020-05-14,28.82
Brevard County,2020-05-14,27.57
Broward County,2020-05-14,29.19
Calhoun County,2020-05-14,31.09
Charlotte County,2020-05-14,32.09
Citrus County,2020-05-14,30.71
Clay County,2020-05-14,28.55
Collier County,2020-05-14,30.72
Columbia County,2020-05-14,29.29
DeSoto County,2020-05-14,31.58
Dixie County,2020-05-14,30.39
Duval County,2020-05-14,27.78
Escambia County,2020-05-14,29.01
Flagler County,2020-05-14,28.08
Franklin County,2020-05-14,30.56
Gadsden County,2020-05-14,31.44
Gilchrist County,2020-05-14,30.04
Glades County,2020-05-14,30.43
Gulf County,2020-05-14,30.07
Hamilton County,2020-05-14,29.04
Hardee County,2020-05-14,31.34
Hendry County,2020-05-14,30.19
Hernando County,2020-05-14,31.03
Highlands County,2020-05-14,30.6
Hillsborough County,2020-05-14,31.54
Holmes County,2020-05-14,30.86
Indian River County,2020-05-14,28.48
Jackson County,2020-05-14,31.22
Jefferson County,2020-05-14,30.71
Lafayette County,2020-05-14,30.26
Lake County,2020-05-14,30.17
Lee County,2020-05-14,31.67
Leon County,2020-05-14,31.41
Levy County,2020-05-14,30.01
Liberty County,2020-05-14,31.28
Madison County,2020-05-14,29.91
Manatee County,2020-05-14,31.67
Marion County,2020-05-14,29.78
Martin County,2020-05-14,28.97
Miami-Dade County,2020-05-14,29.38
Monroe County,2020-05-14,29.96
Nassau County,2020-05-14,27.91
Okaloosa County,2020-05-14,29.73
Okeechobee County,2020-05-14,29.65
Orange County,2020-05-14,29.61
Osceola County,2020-05-14,29.67
Palm Beach County,2020-05-14,29.13
Pasco County,2020-05-14,31.26
Pinellas County,2020-05-14,31.3
Polk County,2020-05-14,30.92
Putnam County,2020-05-14,28.79
St. Johns County,2020-05-14,27.63
St. Lucie County,2020-05-14,28.8
Santa Rosa County,2020-05-14,29.06
Sarasota County,2020-05-14,31.95
Seminole County,2020-05-14,29.18
Sumter County,2020-05-14,30.75
Suwannee County,2020-05-14,29.73
Taylor County,2020-05-14,30.42
Union County,2020-05-14,29.12
Volusia County,2020-05-14,28.33
Wakulla County,2020-05-14,31.32
Walton County,2020-05-14,30.05
Washington County,2020-05-14,30.82
Alachua County,2020-05-15,28.84
Baker County,2020-05-15,28.34
Bay County,2020-05-15,30.15
Bradford County,2020-05-15,28.29
Brevard County,2020-05-15,27.17
Broward County,2020-05-15,27.24
Calhoun County,2020-05-15,30.89
Charlotte County,2020-05-15,30.22
Citrus County,2020-05-15,30.24
Clay County,2020-05-15,27.96
Collier County,2020-05-15,27.02
Columbia County,2020-05-15,28.75
DeSoto County,2020-05-15,30.53
Dixie County,2020-05-15,30.17
Duval County,2020-05-15,27.15
Escambia County,2020-05-15,28.65
Flagler County,2020-05-15,27.59
Franklin County,2020-05-15,30.88
Gadsden County,2020-05-15,31.06
Gilchrist County,2020-05-15,29.69
Glades County,2020-05-15,29.02
Gulf County,2020-05-15,30.28
Hamilton County,2020-05-15,28.49
Hardee County,2020-05-15,30.67
Hendry County,2020-05-15,27.93
Hernando County,2020-05-15,30.51
Highlands County,2020-05-15,29.82
Hillsborough County,2020-05-15,30.94
Holmes County,2020-05-15,30.46
Indian River County,2020-05-15,27.86
Jackson County,2020-05-15,30.76
Jefferson County,2020-05-15,30.36
Lafayette County,2020-05-15,29.96
Lake County,2020-05-15,29.54
Lee County,2020-05-15,28.75
Leon County,2020-05-15,31.15
Levy County,2020-05-15,29.66
Liberty County,2020-05-15,31.11
Madison County,2020-05-15,29.51
Manatee County,2020-05-15,30.79
Marion County,2020-05-15,29.26
Martin County,2020-05-15,28.09
Miami-Dade County,2020-05-15,27.17
Monroe County,2020-05-15,26.57
Nassau County,2020-05-15,27.36
Okaloosa County,2020-05-15,29.38
Okeechobee County,2020-05-15,28.89
Orange County,2020-05-15,28.97
Osceola County,2020-05-15,29.03
Palm Beach County,2020-05-15,27.76
Pasco County,2020-05-15,30.72
Pinellas County,2020-05-15,30.95
Polk County,2020-05-15,30.26
Putnam County,2020-05-15,28.27
St. Johns County,2020-05-15,27.09
St. Lucie County,2020-05-15,28.06
Santa Rosa County,2020-05-15,28.74
Sarasota County,2020-05-15,30.54
Seminole County,2020-05-15,28.6
Sumter County,2020-05-15,30.12
Suwannee County,2020-05-15,29.3
Taylor County,2020-05-15,30.22
Union County,2020-05-15,28.6
Volusia County,2020-05-15,27.89
Wakulla County,2020-05-15,31.29
Walton County,2020-05-15,29.79
Washington County,2020-05-15,30.62
Alachua County,2020-05-16,30.42
Baker County,2020-05-16,30.28
Bay County,2020-05-16,29.68
Bradford County,2020-05-16,29.97
Brevard County,2020-05-16,27.6
Broward County,2020-05-16,28.41
Calhoun County,2020-05-16,30.98
Charlotte County,2020-05-16,30.76
Citrus County,2020-05-16,31.82
Clay County,2020-05-16,29.58
Collier County,2020-05-16,28.96
Columbia County,2020-05-16,30.64
DeSoto County,2020-05-16,30.7
Dixie County,2020-05-16,31.74
Duval County,2020-05-16,29.01
Escambia County,2020-05-16,28.59
Flagler County,2020-05-16,28.56
Franklin County,2020-05-16,30.79
Gadsden County,2020-05-16,31.46
Gilchrist County,2020-05-16,31.38
Glades County,2020-05-16,29.6
Gulf County,2020-05-16,29.95
Hamilton County,2020-05-16,30.27
Hardee County,2020-05-16,30.99
Hendry County,2020-05-16,29.29
Hernando County,2020-05-16,32.03
Highlands County,2020-05-16,30.07
Hillsborough County,2020-05-16,32.18
Holmes County,2020-05-16,30.46
Indian River County,2020-05-16,28.2
Jackson County,2020-05-16,30.91
Jefferson County,2020-05-16,31.13
Lafayette County,2020-05-16,31.49
Lake County,2020-05-16,30.5
Lee County,2020-05-16,29.84
Leon County,2020-05-16,31.63
Levy County,2020-05-16,31.34
Liberty County,2020-05-16,31.36
Madison County,2020-05-16,30.74
Manatee County,2020-05-16,31.38
Marion County,2020-05-16,30.53
Martin County,2020-05-16,28.31
Miami-Dade County,2020-05-16,28.62
Monroe County,2020-05-16,28.64
Nassau County,2020-05-16,29.34
Okaloosa County,2020-05-16,29.5
Okeechobee County,2020-05-16,29.12
Orange County,2020-05-16,29.7
Osceola County,2020-05-16,29.57
Palm Beach County,2020-05-16,28.34
Pasco County,2020-05-16,32.15
Pinellas County,2020-05-16,32.25
Polk County,2020-05-16,31.06
Putnam County,2020-05-16,29.54
St. Johns County,2020-05-16,28.51
St. Lucie County,2020-05-16,28.36
Santa Rosa County,2020-05-16,28.84
Sarasota County,2020-05-16,30.97
Seminole County,2020-05-16,29.26
Sumter County,2020-05-16,31.35
Suwannee County,2020-05-16,31.0
Taylor County,2020-05-16,31.36
Union County,2020-05-16,30.39
Volusia County,2020-05-16,28.59
Wakulla County,2020-05-16,31.72
Walton County,2020-05-16,29.77
Washington County,2020-05-16,30.6
Alachua County,2020-05-17,30.74
Baker County,2020-05-17,30.8
Bay County,2020-05-17,32.02
Bradford County,2020-05-17,30.44
Brevard County,2020-05-17,28.02
Broward County,2020-05-17,32.26
Calhoun County,2020-05-17,33.16
Charlotte County,2020-05-17,31.85
Citrus County,2020-05-17,31.88
Clay County,2020-05-17,30.24
Collier County,2020-05-17,31.37
Columbia County,2020-05-17,31.0
DeSoto County,2020-05-17,32.14
Dixie County,2020-05-17,31.63
Duval County,2020-05-17,29.67
Escambia County,2020-05-17,30.74
Flagler County,2020-05-17,29.38
Franklin County,2020-05-17,32.4
Gadsden County,2020-05-17,33.07
Gilchrist County,2020-05-17,31.5
Glades County,2020-05-17,31.38
Gulf County,2020-05-17,32.3
Hamilton County,2020-05-17,30.77
Hardee County,2020-05-17,32.38
Hendry County,2020-05-17,31.63
Hernando County,2020-05-17,32.31
Highlands County,2020-05-17,31.56
Hillsborough County,2020-05-17,32.64
Holmes County,2020-05-17,32.7
Indian River County,2020-05-17,29.31
Jackson County,2020-05-17,32.84
Jefferson County,2020-05-17,31.98
Lafayette County,2020-05-17,31.77
Lake County,2020-05-17,31.58
Lee County,2020-05-17,30.97
Leon County,2020-05-17,32.91
Levy County,2020-05-17,31.19
Liberty County,2020-05-17,33.39
Madison County,2020-05-17,31.37
Manatee County,2020-05-17,32.32
Marion County,2020-05-17,31.19
Martin County,2020-05-17,30.25
Miami-Dade County,2020-05-17,32.28
Monroe County,2020-05-17,31.12
Nassau County,2020-05-17,30.04
Okaloosa County,2020-05-17,31.73
Okeechobee County,2020-05-17,30.67
Orange County,2020-05-17,30.75
Osceola County,2020-05-17,30.73
Palm Beach County,2020-05-17,31.38
Pasco County,2020-05-17,32.61
Pinellas County,2020-05-17,31.7
Polk County,2020-05-17,32.27
Putnam County,2020-05-17,30.3
St. Johns County,2020-05-17,29.09
St. Lucie County,2020-05-17,29.78
Santa Rosa County,2020-05-17,30.9
Sarasota County,2020-05-17,31.85
Seminole County,2020-05-17,30.27
Sumter County,2020-05-17,32.23
Suwannee County,2020-05-17,31.36
Taylor County,2020-05-17,31.67
Union County,2020-05-17,30.75
Volusia County,2020-05-17,29.35
Wakulla County,2020-05-17,32.89
Walton County,2020-05-17,32.11
Washington County,2020-05-17,32.89
Alachua County,2020-05-18,32.26
Baker County,2020-05-18,32.29
Bay County,2020-05-18,30.06
Bradford County,2020-05-18,32.06
Brevard County,2020-05-18,30.81
Broward County,2020-05-18,33.29
Calhoun County,2020-05-18,31.98
Charlotte County,2020-05-18,32.31
Citrus County,2020-05-18,32.4
Clay County,2020-05-18,31.83
Collier County,2020-05-18,31.94
Columbia County,2020-05-18,32.31
DeSoto County,2020-05-18,33.47
Dixie County,2020-05-18,31.45
Duval County,2020-05-18,30.64
Escambia County,2020-05-18,29.97
Flagler County,2020-05-18,31.23
Franklin County,2020-05-18,30.7
Gadsden County,2020-05-18,32.42
Gilchrist County,2020-05-18,32.4
Glades County,2020-05-18,33.44
Gulf County,2020-05-18,30.62
Hamilton County,2020-05-18,31.71
Hardee County,2020-05-18,34.08
Hendry County,2020-05-18,32.74
Hernando County,2020-05-18,32.81
Highlands County,2020-05-18,34.31
Hillsborough County,2020-05-18,32.74
Holmes County,2020-05-18,31.27
Indian River County,2020-05-18,32.5
Jackson County,2020-05-18,31.91
Jefferson County,2020-05-18,31.51
Lafayette County,2020-05-18,32.01
Lake County,2020-05-18,34.12
Lee County,2020-05-18,31.25
Leon County,2020-05-18,32.25
Levy County,2020-05-18,31.65
Liberty County,2020-05-18,32.34
Madison County,2020-05-18,31.49
Manatee County,2020-05-18,32.35
Marion County,2020-05-18,33.08
Martin County,2020-05-18,32.91
Miami-Dade County,2020-05-18,33.32
Monroe County,2020-05-18,31.95
Nassau County,2020-05-18,31.04
Okaloosa County,2020-05-18,30.4
Okeechobee County,2020-05-18,34.05
Orange County,2020-05-18,33.85
Osceola County,2020-05-18,34.12
Palm Beach County,2020-05-18,33.42
Pasco County,2020-05-18,33.07
Pinellas County,2020-05-18,30.5
Polk County,2020-05-18,34.55
Putnam County,2020-05-18,32.29
St. Johns County,2020-05-18,30.05
St. Lucie County,2020-05-18,32.57
Santa Rosa County,2020-05-18,29.86
Sarasota County,2020-05-18,31.57
Seminole County,2020-05-18,33.47
Sumter County,2020-05-18,33.93
Suwannee County,2020-05-18,32.08
Taylor County,2020-05-18,31.01
Union County,2020-05-18,32.28
Volusia County,2020-05-18,31.9
Wakulla County,2020-05-18,31.65
Walton County,2020-05-18,30.46
Washington County,2020-05-18,31.35
Alachua County,2020-05-19,30.19
Baker County,2020-05-19,30.86
Bay County,2020-05-19,27.65
Bradford County,2020-05-19,30.58
Brevard County,2020-05-19,29.9
Broward County,2020-05-19,32.02
Calhoun County,2020-05-19,28.8
Charlotte County,2020-05-19,29.49
Citrus County,2020-05-19,28.83
Clay County,2020-05-19,30.99
Collier County,2020-05-19,31.5
Columbia County,2020-05-19,30.55
DeSoto County,2020-05-19,28.68
Dixie County,2020-05-19,29.33
Duval County,2020-05-19,30.49
Escambia County,2020-05-19,28.01
Flagler County,2020-05-19,31.56
Franklin County,2020-05-19,28.6
Gadsden County,2020-05-19,29.23
Gilchrist County,2020-05-19,30.06
Glades County,2020-05-19,29.77
Gulf County,2020-05-19,28.22
Hamilton County,2020-05-19,29.95
Hardee County,2020-05-19,28.54
Hendry County,2020-05-19,31.01
Hernando County,2020-05-19,28.4
Highlands County,2020-05-19,29.01
Hillsborough County,2020-05-19,28.15
Holmes County,2020-05-19,27.24
Indian River County,2020-05-19,30.04
Jackson County,2020-05-19,28.32
Jefferson County,2020-05-19,29.09
Lafayette County,2020-05-19,29.89
Lake County,2020-05-19,30.31
Lee County,2020-05-19,29.96
Leon County,2020-05-19,29.39
Levy County,2020-05-19,29.07
Liberty County,2020-05-19,29.25
Madison County,2020-05-19,29.34
Manatee County,2020-05-19,28.05
Marion County,2020-05-19,30.17
Martin County,2020-05-19,31.41
Miami-Dade County,2020-05-19,32.03
Monroe County,2020-05-19,31.82
Nassau County,2020-05-19,30.4
Okaloosa County,2020-05-19,27.32
Okeechobee County,2020-05-19,29.81
Orange County,2020-05-19,30.5
Osceola County,2020-05-19,29.92
Palm Beach County,2020-05-19,31.76
Pasco County,2020-05-19,28.21
Pinellas County,2020-05-19,27.26
Polk County,2020-05-19,29.21
Putnam County,2020-05-19,31.16
St. Johns County,2020-05-19,30.95
St. Lucie County,2020-05-19,30.8
Santa Rosa County,2020-05-19,27.47
Sarasota County,2020-05-19,28.49
Seminole County,2020-05-19,31.05
Sumter County,2020-05-19,29.37
Suwannee County,2020-05-19,30.16
Taylor County,2020-05-19,29.05
Union County,2020-05-19,30.6
Volusia County,2020-05-19,31.35
Wakulla County,2020-05-19,29.23
Walton County,2020-05-19,27.1
Washington County,2020-05-19,27.85
Alachua County,2020-05-20,31.06
Baker County,2020-05-20,31.7
Bay County,2020-05-20,29.52
Bradford County,2020-05-20,31.53
Brevard County,2020-05-20,33.31
Broward County,2020-05-20,32.2
Calhoun County,2020-05-20,30.17
Charlotte County,2020-05-20,31.26
Citrus County,2020-05-20,30.66
Clay County,2020-05-20,32.47
Collier County,2020-05-20,31.39
Columbia County,2020-05-20,31.05
DeSoto County,2020-05-20,31.42
Dixie County,2020-05-20,30.41
Duval County,2020-05-20,32.51
Escambia County,2020-05-20,28.96
Flagler County,2020-05-20,33.87
Franklin County,2020-05-20,30.14
Gadsden County,2020-05-20,30.87
Gilchrist County,2020-05-20,30.77
Glades County,2020-05-20,32.1
Gulf County,2020-05-20,29.28
Hamilton County,2020-05-20,30.37
Hardee County,2020-05-20,31.68
Hendry County,2020-05-20,32.0
Hernando County,2020-05-20,30.49
Highlands County,2020-05-20,32.44
Hillsborough County,2020-05-20,30.34
Holmes County,2020-05-20,30.21
Indian River County,2020-05-20,32.91
Jackson County,2020-05-20,30.27
Jefferson County,2020-05-20,30.77
Lafayette County,2020-05-20,30.81
Lake County,2020-05-20,33.12
Lee County,2020-05-20,30.88
Leon County,2020-05-20,31.34
Levy County,2020-05-20,30.17
Liberty County,2020-05-20,30.48
Madison County,2020-05-20,30.35
Manatee County,2020-05-20,29.89
Marion County,2020-05-20,31.97
Martin County,2020-05-20,32.74
Miami-Dade County,2020-05-20,31.79
Monroe County,2020-05-20,31.48
Nassau County,2020-05-20,32.24
Okaloosa County,2020-05-20,29.88
Okeechobee County,2020-05-20,32.82
Orange County,2020-05-20,33.74
Osceola County,2020-05-20,33.47
Palm Beach County,2020-05-20,32.53
Pasco County,2020-05-20,30.32
Pinellas County,2020-05-20,28.93
Polk County,2020-05-20,32.49
Putnam County,2020-05-20,32.87
St. Johns County,2020-05-20,33.21
St. Lucie County,2020-05-20,32.81
Santa Rosa County,2020-05-20,29.15
Sarasota County,2020-05-20,29.81
Seminole County,2020-05-20,34.13
Sumter County,2020-05-20,31.86
Suwannee County,2020-05-20,30.78
Taylor County,2020-05-20,30.64
Union County,2020-05-20,31.26
Volusia County,2020-05-20,34.12
Wakulla County,2020-05-20,31.26
Walton County,2020-05-20,29.93
Washington County,2020-05-20,30.19
Alachua County,2020-05-21,31.76
Baker County,2020-05-21,30.68
Bay County,2020-05-21,25.82
Bradford County,2020-05-21,31.57
Brevard County,2020-05-21,33.46
Broward County,2020-05-21,33.5
Calhoun County,2020-05-21,25.7
Charlotte County,2020-05-21,31.87
Citrus County,2020-05-21,31.86
Clay County,2020-05-21,31.96
Collier County,2020-05-21,32.79
Columbia County,2020-05-21,30.46
DeSoto County,2020-05-21,32.14
Dixie County,2020-05-21,30.12
Duval County,2020-05-21,30.61
Escambia County,2020-05-21,25.41
Flagler County,2020-05-21,33.41
Franklin County,2020-05-21,25.55
Gadsden County,2020-05-21,25.91
Gilchrist County,2020-05-21,31.18
Glades County,2020-05-21,33.1
Gulf County,2020-05-21,25.03
Hamilton County,2020-05-21,28.68
Hardee County,2020-05-21,32.47
Hendry County,2020-05-21,33.17
Hernando County,2020-05-21,31.72
Highlands County,2020-05-21,33.31
Hillsborough County,2020-05-21,31.4
Holmes County,2020-05-21,27.5
Indian River County,2020-05-21,33.92
Jackson County,2020-05-21,26.48
Jefferson County,2020-05-21,27.01
Lafayette County,2020-05-21,29.9
Lake County,2020-05-21,33.94
Lee County,2020-05-21,31.55
Leon County,2020-05-21,26.57
Levy County,2020-05-21,31.04
Liberty County,2020-05-21,25.47
Madison County,2020-05-21,27.77
Manatee County,2020-05-21,30.65
Marion County,2020-05-21,32.93
Martin County,2020-05-21,33.65
Miami-Dade County,2020-05-21,33.86
Monroe County,2020-05-21,32.92
Nassau County,2020-05-21,29.66
Okaloosa County,2020-05-21,26.5
Okeechobee County,2020-05-21,33.92
Orange County,2020-05-21,34.42
Osceola County,2020-05-21,34.35
Palm Beach County,2020-05-21,33.38
Pasco County,2020-05-21,31.54
Pinellas County,2020-05-21,29.36
Polk County,2020-05-21,33.5
Putnam County,2020-05-21,33.01
St. Johns County,2020-05-21,32.03
St. Lucie County,2020-05-21,33.9
Santa Rosa County,2020-05-21,25.67
Sarasota County,2020-05-21,30.35
Seminole County,2020-05-21,34.5
Sumter County,2020-05-21,33.07
Suwannee County,2020-05-21,29.85
Taylor County,2020-05-21,28.24
Union County,2020-05-21,31.27
Volusia County,2020-05-21,33.92
Wakulla County,2020-05-21,26.48
Walton County,2020-05-21,26.82
Washington County,2020-05-21,26.85
Alachua County,2020-05-22,33.37
Baker County,2020-05-22,32.65
Bay County,2020-05-22,30.07
Bradford County,2020-05-22,33.31
Brevard County,2020-05-22,32.85
Broward County,2020-05-22,33.31
Calhoun County,2020-05-22,30.61
Charlotte County,2020-05-22,34.0
Citrus County,2020-05-22,33.66
Clay County,2020-05-22,33.66
Collier County,2020-05-22,33.6
Columbia County,2020-05-22,32.5
DeSoto County,2020-05-22,34.33
Dixie County,2020-05-22,32.72
Duval County,2020-05-22,32.86
Escambia County,2020-05-22,30.04
Flagler County,2020-05-22,34.11
Franklin County,2020-05-22,31.05
Gadsden County,2020-05-22,31.12
Gilchrist County,2020-05-22,33.19
Glades County,2020-05-22,34.1
Gulf County,2020-05-22,30.42
Hamilton County,2020-05-22,31.21
Hardee County,2020-05-22,34.73
Hendry County,2020-05-22,33.73
Hernando County,2020-05-22,33.77
Highlands County,2020-05-22,34.75
Hillsborough County,2020-05-22,33.94
Holmes County,2020-05-22,29.76
Indian River County,2020-05-22,33.26
Jackson County,2020-05-22,30.01
Jefferson County,2020-05-22,31.34
Lafayette County,2020-05-22,32.66
Lake County,2020-05-22,34.99
Lee County,2020-05-22,33.34
Leon County,2020-05-22,31.63
Levy County,2020-05-22,32.93
Liberty County,2020-05-22,31.13
Madison County,2020-05-22,31.22
Manatee County,2020-05-22,33.51
Marion County,2020-05-22,34.19
Martin County,2020-05-22,33.24
Miami-Dade County,2020-05-22,33.82
Monroe County,2020-05-22,33.5
Nassau County,2020-05-22,32.13
Okaloosa County,2020-05-22,29.99
Okeechobee County,2020-05-22,34.26
Orange County,2020-05-22,34.96
Osceola County,2020-05-22,34.85
Palm Beach County,2020-05-22,33.2
Pasco County,2020-05-22,33.82
Pinellas County,2020-05-22,32.12
Polk County,2020-05-22,35.27
Putnam County,2020-05-22,34.16
St. Johns County,2020-05-22,33.51
St. Lucie County,2020-05-22,33.25
Santa Rosa County,2020-05-22,29.64
Sarasota County,2020-05-22,33.19
Seminole County,2020-05-22,34.82
Sumter County,2020-05-22,34.61
Suwannee County,2020-05-22,32.36
Taylor County,2020-05-22,31.93
Union County,2020-05-22,33.1
Volusia County,2020-05-22,34.25
Wakulla County,2020-05-22,31.77
Walton County,2020-05-22,30.01
Washington County,2020-05-22,30.24
Alachua County,2020-05-23,34.48
Baker County,2020-05-23,34.85
Bay County,2020-05-23,31.97
Bradford County,2020-05-23,34.67
Brevard County,2020-05-23,31.95
Broward County,2020-05-23,32.21
Calhoun County,2020-05-23,33.2
Charlotte County,2020-05-23,34.82
Citrus County,2020-05-23,34.36
Clay County,2020-05-23,34.88
Collier County,2020-05-23,33.9
Columbia County,2020-05-23,34.49
DeSoto County,2020-05-23,34.74
Dixie County,2020-05-23,33.85
Duval County,2020-05-23,34.38
Escambia County,2020-05-23,31.68
Flagler County,2020-05-23,34.37
Franklin County,2020-05-23,32.59
Gadsden County,2020-05-23,33.45
Gilchrist County,2020-05-23,34.44
Glades County,2020-05-23,33.52
Gulf County,2020-05-23,32.31
Hamilton County,2020-05-23,33.61
Hardee County,2020-05-23,34.8
Hendry County,2020-05-23,33.5
Hernando County,2020-05-23,34.41
Highlands County,2020-05-23,33.98
Hillsborough County,2020-05-23,34.57
Holmes County,2020-05-23,32.61
Indian River County,2020-05-23,31.98
Jackson County,2020-05-23,32.86
Jefferson County,2020-05-23,33.12
Lafayette County,2020-05-23,34.12
Lake County,2020-05-23,35.23
Lee County,2020-05-23,34.29
Leon County,2020-05-23,33.55
Levy County,2020-05-23,33.89
Liberty County,2020-05-23,33.51
Madison County,2020-05-23,33.19
Manatee County,2020-05-23,34.47
Marion County,2020-05-23,34.88
Martin County,2020-05-23,31.83
Miami-Dade County,2020-05-23,32.43
Monroe County,2020-05-23,32.82
Nassau County,2020-05-23,34.47
Okaloosa County,2020-05-23,32.27
Okeechobee County,2020-05-23,33.0
Orange County,2020-05-23,34.7
Osceola County,2020-05-23,34.01
Palm Beach County,2020-05-23,32.05
Pasco County,2020-05-23,34.48
Pinellas County,2020-05-23,33.08
Polk County,2020-05-23,34.91
Putnam County,2020-05-23,34.92
St. Johns County,2020-05-23,34.02
St. Lucie County,2020-05-23,31.84
Santa Rosa County,2020-05-23,31.76
Sarasota County,2020-05-23,34.45
Seminole County,2020-05-23,34.75
Sumter County,2020-05-23,35.06
Suwannee County,2020-05-23,34.13
Taylor County,2020-05-23,33.29
Union County,2020-05-23,34.66
Volusia County,2020-05-23,34.25
Wakulla County,2020-05-23,33.45
Walton County,2020-05-23,32.32
Washington County,2020-05-23,32.85
Alachua County,2020-05-24,34.43
Baker County,2020-05-24,34.65
Bay County,2020-05-24,32.72
Bradford County,2020-05-24,34.43
Brevard County,2020-05-24,30.63
Broward County,2020-05-24,30.93
Calhoun County,2020-05-24,33.83
Charlotte County,2020-05-24,33.28
Citrus County,2020-05-24,34.32
Clay County,2020-05-24,34.3
Collier County,2020-05-24,31.3
Columbia County,2020-05-24,34.55
DeSoto County,2020-05-24,33.39
Dixie County,2020-05-24,34.54
Duval County,2020-05-24,33.91
Escambia County,2020-05-24,31.82
Flagler County,2020-05-24,32.88
Franklin County,2020-05-24,33.55
Gadsden County,2020-05-24,33.81
Gilchrist County,2020-05-24,34.86
Glades County,2020-05-24,31.96
Gulf County,2020-05-24,33.17
Hamilton County,2020-05-24,33.54
Hardee County,2020-05-24,33.58
Hendry County,2020-05-24,31.3
Hernando County,2020-05-24,34.17
Highlands County,2020-05-24,32.65
Hillsborough County,2020-05-24,33.97
Holmes County,2020-05-24,33.07
Indian River County,2020-05-24,31.05
Jackson County,2020-05-24,33.38
Jefferson County,2020-05-24,33.36
Lafayette County,2020-05-24,34.53
Lake County,2020-05-24,33.88
Lee County,2020-05-24,32.26
Leon County,2020-05-24,33.9
Levy County,2020-05-24,34.33
Liberty County,2020-05-24,34.19
Madison County,2020-05-24,33.27
Manatee County,2020-05-24,33.6
Marion County,2020-05-24,34.23
Martin County,2020-05-24,31.16
Miami-Dade County,2020-05-24,31.25
Monroe County,2020-05-24,31.22
Nassau County,2020-05-24,34.13
Okaloosa County,2020-05-24,32.44
Okeechobee County,2020-05-24,31.88
Orange County,2020-05-24,33.05
Osceola County,2020-05-24,32.57
Palm Beach County,2020-05-24,31.06
Pasco County,2020-05-24,34.09
Pinellas County,2020-05-24,33.19
Polk County,2020-05-24,33.63
Putnam County,2020-05-24,33.99
St. Johns County,2020-05-24,33.01
St. Lucie County,2020-05-24,31.1
Santa Rosa County,2020-05-24,31.84
Sarasota County,2020-05-24,33.42
Seminole County,2020-05-24,33.0
Sumter County,2020-05-24,34.25
Suwannee County,2020-05-24,34.33
Taylor County,2020-05-24,33.84
Union County,2020-05-24,34.65
Volusia County,2020-05-24,32.56
Wakulla County,2020-05-24,34.15
Walton County,2020-05-24,32.69
Washington County,2020-05-24,33.35
Alachua County,2020-05-25,31.48
Baker County,2020-05-25,31.16
Bay County,2020-05-25,32.51
Bradford County,2020-05-25,31.28
Brevard County,2020-05-25,28.59
Broward County,2020-05-25,26.87
Calhoun County,2020-05-25,32.97
Charlotte County,2020-05-25,27.74
Citrus County,2020-05-25,31.68
Clay County,2020-05-25,31.28
Collier County,2020-05-25,26.46
Columbia County,2020-05-25,31.03
DeSoto County,2020-05-25,27.86
Dixie County,2020-05-25,31.74
Duval County,2020-05-25,30.82
Escambia County,2020-05-25,32.14
Flagler County,2020-05-25,30.37
Franklin County,2020-05-25,32.59
Gadsden County,2020-05-25,32.79
Gilchrist County,2020-05-25,31.75
Glades County,2020-05-25,27.58
Gulf County,2020-05-25,32.3
Hamilton County,2020-05-25,30.19
Hardee County,2020-05-25,28.71
Hendry County,2020-05-25,27.0
Hernando County,2020-05-25,31.27
Highlands County,2020-05-25,28.5
Hillsborough County,2020-05-25,30.04
Holmes County,2020-05-25,32.46
Indian River County,2020-05-25,28.83
Jackson County,2020-05-25,32.76
Jefferson County,2020-05-25,31.39
Lafayette County,2020-05-25,31.37
Lake County,2020-05-25,31.19
Lee County,2020-05-25,26.95
Leon County,2020-05-25,32.44
Levy County,2020-05-25,31.65
Liberty County,2020-05-25,33.03
Madison County,2020-05-25,30.59
Manatee County,2020-05-25,28.54
Marion County,2020-05-25,31.56
Martin County,2020-05-25,28.66
Miami-Dade County,2020-05-25,26.57
Monroe County,2020-05-25,27.0
Nassau County,2020-05-25,30.89
Okaloosa County,2020-05-25,32.23
Okeechobee County,2020-05-25,29.03
Orange County,2020-05-25,30.44
Osceola County,2020-05-25,29.92
Palm Beach County,2020-05-25,27.87
Pasco County,2020-05-25,30.82
Pinellas County,2020-05-25,29.94
Polk County,2020-05-25,30.11
Putnam County,2020-05-25,31.25
St. Johns County,2020-05-25,30.51
St. Lucie County,2020-05-25,28.81
Santa Rosa County,2020-05-25,31.83
Sarasota County,2020-05-25,27.94
Seminole County,2020-05-25,30.35
Sumter County,2020-05-25,31.47
Suwannee County,2020-05-25,30.94
Taylor County,2020-05-25,31.32
Union County,2020-05-25,31.3
Volusia County,2020-05-25,30.06
Wakulla County,2020-05-25,32.69
Walton County,2020-05-25,32.37
Washington County,2020-05-25,32.76
Alachua County,2020-05-26,28.01
Baker County,2020-05-26,27.69
Bay County,2020-05-26,31.12
Bradford County,2020-05-26,27.51
Brevard County,2020-05-26,25.67
Broward County,2020-05-26,28.63
Calhoun County,2020-05-26,30.85
Charlotte County,2020-05-26,30.16
Citrus County,2020-05-26,30.7
Clay County,2020-05-26,27.65
Collier County,2020-05-26,30.29
Columbia County,2020-05-26,27.63
DeSoto County,2020-05-26,28.84
Dixie County,2020-05-26,29.76
Duval County,2020-05-26,28.03
Escambia County,2020-05-26,31.63
Flagler County,2020-05-26,27.41
Franklin County,2020-05-26,31.35
Gadsden County,2020-05-26,30.89
Gilchrist County,2020-05-26,28.74
Glades County,2020-05-26,28.53
Gulf County,2020-05-26,30.82
Hamilton County,2020-05-26,27.37
Hardee County,2020-05-26,28.16
Hendry County,2020-05-26,29.49
Hernando County,2020-05-26,30.63
Highlands County,2020-05-26,27.58
Hillsborough County,2020-05-26,29.75
Holmes County,2020-05-26,31.16
Indian River County,2020-05-26,26.11
Jackson County,2020-05-26,30.64
Jefferson County,2020-05-26,30.03
Lafayette County,2020-05-26,28.99
Lake County,2020-05-26,28.56
Lee County,2020-05-26,30.4
Leon County,2020-05-26,31.02
Levy County,2020-05-26,29.55
Liberty County,2020-05-26,31.03
Madison County,2020-05-26,28.64
Manatee County,2020-05-26,29.25
Marion County,2020-05-26,28.91
Martin County,2020-05-26,27.92
Miami-Dade County,2020-05-26,28.54
Monroe County,2020-05-26,29.99
Nassau County,2020-05-26,28.36
Okaloosa County,2020-05-26,31.98
Okeechobee County,2020-05-26,27.04
Orange County,2020-05-26,26.92
Osceola County,2020-05-26,26.27
Palm Beach County,2020-05-26,28.55
Pasco County,2020-05-26,30.16
Pinellas County,2020-05-26,30.33
Polk County,2020-05-26,27.78
Putnam County,2020-05-26,27.67
St. Johns County,2020-05-26,27.64
St. Lucie County,2020-05-26,27.15
Santa Rosa County,2020-05-26,31.64
Sarasota County,2020-05-26,29.79
Seminole County,2020-05-26,26.92
Sumter County,2020-05-26,30.01
Suwannee County,2020-05-26,28.11
Taylor County,2020-05-26,29.88
Union County,2020-05-26,27.57
Volusia County,2020-05-26,27.23
Wakulla County,2020-05-26,31.48
Walton County,2020-05-26,31.69
Washington County,2020-05-26,31.07
Alachua County,2020-05-27,28.38
Baker County,2020-05-27,27.22
Bay County,2020-05-27,27.75
Bradford County,2020-05-27,27.69
Brevard County,2020-05-27,29.44
Broward County,2020-05-27,32.14
Calhoun County,2020-05-27,27.28
Charlotte County,2020-05-27,32.46
Citrus County,2020-05-27,31.29
Clay County,2020-05-27,27.92
Collier County,2020-05-27,31.89
Columbia County,2020-05-27,27.16
DeSoto County,2020-05-27,32.17
Dixie County,2020-05-27,28.83
Duval County,2020-05-27,27.72
Escambia County,2020-05-27,29.03
Flagler County,2020-05-27,29.0
Franklin County,2020-05-27,27.48
Gadsden County,2020-05-27,27.91
Gilchrist County,2020-05-27,28.53
Glades County,2020-05-27,32.26
Gulf County,2020-05-27,27.01
Hamilton County,2020-05-27,26.35
Hardee County,2020-05-27,32.0
Hendry County,2020-05-27,32.26
Hernando County,2020-05-27,31.62
Highlands County,2020-05-27,31.95
Hillsborough County,2020-05-27,31.83
Holmes County,2020-05-27,27.62
Indian River County,2020-05-27,30.5
Jackson County,2020-05-27,27.39
Jefferson County,2020-05-27,27.67
Lafayette County,2020-05-27,27.8
Lake County,2020-05-27,31.5
Lee County,2020-05-27,32.02
Leon County,2020-05-27,28.04
Levy County,2020-05-27,29.62
Liberty County,2020-05-27,27.23
Madison County,2020-05-27,26.94
Manatee County,2020-05-27,31.32
Marion County,2020-05-27,30.17
Martin County,2020-05-27,32.34
Miami-Dade County,2020-05-27,31.97
Monroe County,2020-05-27,31.88
Nassau County,2020-05-27,27.45
Okaloosa County,2020-05-27,29.32
Okeechobee County,2020-05-27,31.49
Orange County,2020-05-27,31.32
Osceola County,2020-05-27,31.1
Palm Beach County,2020-05-27,32.41
Pasco County,2020-05-27,31.6
Pinellas County,2020-05-27,30.66
Polk County,2020-05-27,32.06
Putnam County,2020-05-27,28.72
St. Johns County,2020-05-27,28.12
St. Lucie County,2020-05-27,31.68
Santa Rosa County,2020-05-27,28.99
Sarasota County,2020-05-27,31.36
Seminole County,2020-05-27,30.99
Sumter County,2020-05-27,31.72
Suwannee County,2020-05-27,27.21
Taylor County,2020-05-27,27.8
Union County,2020-05-27,27.51
Volusia County,2020-05-27,30.0
Wakulla County,2020-05-27,27.98
Walton County,2020-05-27,28.77
Washington County,2020-05-27,27.74
Alachua County,2020-05-28,30.98
Baker County,2020-05-28,31.0
Bay County,2020-05-28,30.16
Bradford County,2020-05-28,31.01
Brevard County,2020-05-28,30.22
Broward County,2020-05-28,32.69
Calhoun County,2020-05-28,30.1
Charlotte County,2020-05-28,33.1
Citrus County,2020-05-28,32.6
Clay County,2020-05-28,31.47
Collier County,2020-05-28,32.88
Columbia County,2020-05-28,30.45
DeSoto County,2020-05-28,32.98
Dixie County,2020-05-28,30.93
Duval County,2020-05-28,31.27
Escambia County,2020-05-28,27.36
Flagler County,2020-05-28,30.96
Franklin County,2020-05-28,30.53
Gadsden County,2020-05-28,30.59
Gilchrist County,2020-05-28,30.9
Glades County,2020-05-28,33.15
Gulf County,2020-05-28,30.01
Hamilton County,2020-05-28,29.58
Hardee County,2020-05-28,32.91
Hendry County,2020-05-28,33.17
Hernando County,2020-05-28,32.73
Highlands County,2020-05-28,32.97
Hillsborough County,2020-05-28,32.74
Holmes County,2020-05-28,29.3
Indian River County,2020-05-28,31.97
Jackson County,2020-05-28,29.93
Jefferson County,2020-05-28,30.35
Lafayette County,2020-05-28,30.44
Lake County,2020-05-28,32.08
Lee County,2020-05-28,32.72
Leon County,2020-05-28,30.82
Levy County,2020-05-28,31.36
Liberty County,2020-05-28,30.23
Madison County,2020-05-28,29.76
Manatee County,2020-05-28,32.16
Marion County,2020-05-28,31.91
Martin County,2020-05-28,33.16
Miami-Dade County,2020-05-28,32.6
Monroe County,2020-05-28,32.6
Nassau County,2020-05-28,31.12
Okaloosa County,2020-05-28,28.69
Okeechobee County,2020-05-28,32.8
Orange County,2020-05-28,31.33
Osceola County,2020-05-28,31.76
Palm Beach County,2020-05-28,32.99
Pasco County,2020-05-28,32.65
Pinellas County,2020-05-28,31.81
Polk County,2020-05-28,32.77
Putnam County,2020-05-28,31.49
St. Johns County,2020-05-28,31.2
St. Lucie County,2020-05-28,32.85
Santa Rosa County,2020-05-28,27.56
Sarasota County,2020-05-28,31.98
Seminole County,2020-05-28,30.88
Sumter County,2020-05-28,32.69
Suwannee County,2020-05-28,30.15
Taylor County,2020-05-28,30.37
Union County,2020-05-28,30.79
Volusia County,2020-05-28,30.54
Wakulla County,2020-05-28,30.88
Walton County,2020-05-28,29.41
Washington County,2020-05-28,29.87
Alachua County,2020-05-29,31.86
Baker County,2020-05-29,32.08
Bay County,2020-05-29,31.97
Bradford County,2020-05-29,31.84
Brevard County,2020-05-29,31.52
Broward County,2020-05-29,32.9
Calhoun County,2020-05-29,32.37
Charlotte County,2020-05-29,33.28
Citrus County,2020-05-29,32.8
Clay County,2020-05-29,32.23
Collier County,2020-05-29,33.7
Columbia County,2020-05-29,31.72
DeSoto County,2020-05-29,32.87
Dixie County,2020-05-29,32.12
Duval County,2020-05-29,32.05
Escambia County,2020-05-29,31.53
Flagler County,2020-05-29,32.08
Franklin County,2020-05-29,31.9
Gadsden County,2020-05-29,32.09
Gilchrist County,2020-05-29,32.11
Glades County,2020-05-29,33.23
Gulf County,2020-05-29,31.71
Hamilton County,2020-05-29,31.16
Hardee County,2020-05-29,32.68
Hendry County,2020-05-29,33.55
Hernando County,2020-05-29,32.87
Highlands County,2020-05-29,32.93
Hillsborough County,2020-05-29,32.67
Holmes County,2020-05-29,32.43
Indian River County,2020-05-29,32.05
Jackson County,2020-05-29,32.28
Jefferson County,2020-05-29,31.46
Lafayette County,2020-05-29,32.01
Lake County,2020-05-29,33.47
Lee County,2020-05-29,33.27
Leon County,2020-05-29,32.04
Levy County,2020-05-29,32.07
Liberty County,2020-05-29,32.31
Madison County,2020-05-29,31.2
Manatee County,2020-05-29,32.1
Marion County,2020-05-29,32.75
Martin County,2020-05-29,32.6
Miami-Dade County,2020-05-29,32.96
Monroe County,2020-05-29,33.42
Nassau County,2020-05-29,32.23
Okaloosa County,2020-05-29,32.46
Okeechobee County,2020-05-29,32.8
Orange County,2020-05-29,33.32
Osceola County,2020-05-29,32.96
Palm Beach County,2020-05-29,32.86
Pasco County,2020-05-29,32.78
Pinellas County,2020-05-29,31.91
Polk County,2020-05-29,33.05
Putnam County,2020-05-29,32.42
St. Johns County,2020-05-29,31.64
St. Lucie County,2020-05-29,32.35
Santa Rosa County,2020-05-29,31.75
Sarasota County,2020-05-29,32.08
Seminole County,2020-05-29,33.3
Sumter County,2020-05-29,33.26
Suwannee County,2020-05-29,31.7
Taylor County,2020-05-29,31.69
Union County,2020-05-29,31.76
Volusia County,2020-05-29,32.5
Wakulla County,2020-05-29,32.24
Walton County,2020-05-29,32.52
Washington County,2020-05-29,32.58
Alachua County,2020-05-30,30.83
Baker County,2020-05-30,30.6
Bay County,2020-05-30,30.02
Bradford County,2020-05-30,30.58
Brevard County,2020-05-30,30.93
Broward County,2020-05-30,32.87
Calhoun County,2020-05-30,30.2
Charlotte County,2020-05-30,33.47
Citrus County,2020-05-30,32.27
Clay County,2020-05-30,30.78
Collier County,2020-05-30,33.37
Columbia County,2020-05-30,30.45
DeSoto County,2020-05-30,33.32
Dixie County,2020-05-30,30.89
Duval County,2020-05-30,30.38
Escambia County,2020-05-30,30.52
Flagler County,2020-05-30,30.99
Franklin County,2020-05-30,29.92
Gadsden County,2020-05-30,30.38
Gilchrist County,2020-05-30,31.01
Glades County,2020-05-30,33.12
Gulf County,2020-05-30,29.39
Hamilton County,2020-05-30,29.88
Hardee County,2020-05-30,33.43
Hendry County,2020-05-30,33.38
Hernando County,2020-05-30,32.67
Highlands County,2020-05-30,33.22
Hillsborough County,2020-05-30,33.08
Holmes County,2020-05-30,31.03
Indian River County,2020-05-30,31.58
Jackson County,2020-05-30,30.42
Jefferson County,2020-05-30,30.06
Lafayette County,2020-05-30,30.67
Lake County,2020-05-30,33.17
Lee County,2020-05-30,33.13
Leon County,2020-05-30,30.4
Levy County,2020-05-30,31.14
Liberty County,2020-05-30,30.23
Madison County,2020-05-30,29.94
Manatee County,2020-05-30,32.9
Marion County,2020-05-30,32.03
Martin County,2020-05-30,32.19
Miami-Dade County,2020-05-30,32.79
Monroe County,2020-05-30,32.93
Nassau County,2020-05-30,30.6
Okaloosa County,2020-05-30,31.29
Okeechobee County,2020-05-30,32.7
Orange County,2020-05-30,33.01
Osceola County,2020-05-30,32.91
Palm Beach County,2020-05-30,32.69
Pasco County,2020-05-30,32.89
Pinellas County,2020-05-30,32.34
Polk County,2020-05-30,33.58
Putnam County,2020-05-30,31.31
St. Johns County,2020-05-30,30.26
St. Lucie County,2020-05-30,31.85
Santa Rosa County,2020-05-30,30.65
Sarasota County,2020-05-30,32.85
Seminole County,2020-05-30,32.74
Sumter County,2020-05-30,33.05
Suwannee County,2020-05-30,30.43
Taylor County,2020-05-30,30.19
Union County,2020-05-30,30.56
Volusia County,2020-05-30,31.67
Wakulla County,2020-05-30,30.35
Walton County,2020-05-30,31.1
Washington County,2020-05-30,30.73
Alachua County,2020-05-31,32.13
Baker County,2020-05-31,32.18
Bay County,2020-05-31,32.83
Bradford County,2020-05-31,32.09
Brevard County,2020-05-31,31.76
Broward County,2020-05-31,32.72
Calhoun County,2020-05-31,33.18
Charlotte County,2020-05-31,33.65
Citrus County,2020-05-31,32.69
Clay County,2020-05-31,32.38
Collier County,2020-05-31,33.53
Columbia County,2020-05-31,31.93
DeSoto County,2020-05-31,33.64
Dixie County,2020-05-31,32.25
Duval County,2020-05-31,32.13
Escambia County,2020-05-31,32.47
Flagler County,2020-05-31,32.38
Franklin County,2020-05-31,33.27
Gadsden County,2020-05-31,32.98
Gilchrist County,2020-05-31,32.28
Glades County,2020-05-31,33.3
Gulf County,2020-05-31,33.01
Hamilton County,2020-05-31,31.25
Hardee County,2020-05-31,33.7
Hendry County,2020-05-31,33.37
Hernando County,2020-05-31,32.85
Highlands County,2020-05-31,33.55
Hillsborough County,2020-05-31,33.07
Holmes County,2020-05-31,32.91
Indian River County,2020-05-31,32.28
Jackson County,2020-05-31,32.78
Jefferson County,2020-05-31,32.21
Lafayette County,2020-05-31,32.24
Lake County,2020-05-31,33.85
Lee County,2020-05-31,33.28
Leon County,2020-05-31,33.02
Levy County,2020-05-31,32.04
Liberty County,2020-05-31,33.52
Madison County,2020-05-31,31.58
Manatee County,2020-05-31,32.81
Marion County,2020-05-31,32.92
Martin County,2020-05-31,32.17
Miami-Dade County,2020-05-31,32.8
Monroe County,2020-05-31,32.88
Nassau County,2020-05-31,32.23
Okaloosa County,2020-05-31,33.1
Okeechobee County,2020-05-31,33.08
Orange County,2020-05-31,33.8
Osceola County,2020-05-31,33.65
Palm Beach County,2020-05-31,32.46
Pasco County,2020-05-31,32.95
Pinellas County,2020-05-31,31.59
Polk County,2020-05-31,33.99
Putnam County,2020-05-31,32.67
St. Johns County,2020-05-31,31.86
St. Lucie County,2020-05-31,32.19
Santa Rosa County,2020-05-31,32.54
Sarasota County,2020-05-31,32.76
Seminole County,2020-05-31,33.69
Sumter County,2020-05-31,33.53
Suwannee County,2020-05-31,31.9
Taylor County,2020-05-31,32.19
Union County,2020-05-31,32.08
Volusia County,2020-05-31,32.8
Wakulla County,2020-05-31,33.42
Walton County,2020-05-31,33.07
Washington County,2020-05-31,33.04
Alachua County,2020-06-01,33.24
Baker County,2020-06-01,33.44
Bay County,2020-06-01,34.01
Bradford County,2020-06-01,33.13
Brevard County,2020-06-01,31.71
Broward County,2020-06-01,33.17
Calhoun County,2020-06-01,33.73
Charlotte County,2020-06-01,34.37
Citrus County,2020-06-01,33.96
Clay County,2020-06-01,33.01
Collier County,2020-06-01,33.9
Columbia County,2020-06-01,33.67
DeSoto County,2020-06-01,34.15
Dixie County,2020-06-01,33.84
Duval County,2020-06-01,32.6
Escambia County,2020-06-01,33.01
Flagler County,2020-06-01,33.0
Franklin County,2020-06-01,33.15
Gadsden County,2020-06-01,32.69
Gilchrist County,2020-06-01,33.74
Glades County,2020-06-01,33.75
Gulf County,2020-06-01,33.36
Hamilton County,2020-06-01,33.42
Hardee County,2020-06-01,34.14
Hendry County,2020-06-01,33.95
Hernando County,2020-06-01,33.96
Highlands County,2020-06-01,33.77
Hillsborough County,2020-06-01,34.13
Holmes County,2020-06-01,33.22
Indian River County,2020-06-01,32.44
Jackson County,2020-06-01,33.35
Jefferson County,2020-06-01,33.11
Lafayette County,2020-06-01,33.99
Lake County,2020-06-01,34.05
Lee County,2020-06-01,33.77
Leon County,2020-06-01,32.96
Levy County,2020-06-01,33.4
Liberty County,2020-06-01,33.27
Madison County,2020-06-01,33.29
Manatee County,2020-06-01,34.17
Marion County,2020-06-01,33.77
Martin County,2020-06-01,33.26
Miami-Dade County,2020-06-01,32.81
Monroe County,2020-06-01,32.96
Nassau County,2020-06-01,33.13
Okaloosa County,2020-06-01,33.69
Okeechobee County,2020-06-01,33.36
Orange County,2020-06-01,33.57
Osceola County,2020-06-01,33.35
Palm Beach County,2020-06-01,33.42
Pasco County,2020-06-01,33.98
Pinellas County,2020-06-01,33.29
Polk County,2020-06-01,34.13
Putnam County,2020-06-01,33.33
St. Johns County,2020-06-01,32.38
St. Lucie County,2020-06-01,32.82
Santa Rosa County,2020-06-01,33.5
Sarasota County,2020-06-01,34.24
Seminole County,2020-06-01,33.6
Sumter County,2020-06-01,34.17
Suwannee County,2020-06-01,33.82
Taylor County,2020-06-01,33.88
Union County,2020-06-01,33.4
Volusia County,2020-06-01,33.15
Wakulla County,2020-06-01,33.4
Walton County,2020-06-01,33.67
Washington County,2020-06-01,33.94
Alachua County,2020-06-02,30.82
Baker County,2020-06-02,30.22
Bay County,2020-06-02,33.72
Bradford County,2020-06-02,30.29
Brevard County,2020-06-02,30.05
Broward County,2020-06-02,32.81
Calhoun County,2020-06-02,33.5
Charlotte County,2020-06-02,34.28
Citrus County,2020-06-02,32.94
Clay County,2020-06-02,30.08
Collier County,2020-06-02,33.9
Columbia County,2020-06-02,30.74
DeSoto County,2020-06-02,33.67
Dixie County,2020-06-02,32.27
Duval County,2020-06-02,29.45
Escambia County,2020-06-02,33.06
Flagler County,2020-06-02,30.33
Franklin County,2020-06-02,32.69
Gadsden County,2020-06-02,32.21
Gilchrist County,2020-06-02,31.59
Glades County,2020-06-02,33.42
Gulf County,2020-06-02,32.85
Hamilton County,2020-06-02,30.65
Hardee County,2020-06-02,33.46
Hendry County,2020-06-02,33.84
Hernando County,2020-06-02,33.22
Highlands County,2020-06-02,33.05
Hillsborough County,2020-06-02,33.72
Holmes County,2020-06-02,33.37
Indian River County,2020-06-02,30.73
Jackson County,2020-06-02,33.21
Jefferson County,2020-06-02,31.88
Lafayette County,2020-06-02,31.92
Lake County,2020-06-02,32.28
Lee County,2020-06-02,33.96
Leon County,2020-06-02,32.14
Levy County,2020-06-02,31.89
Liberty County,2020-06-02,32.83
Madison County,2020-06-02,31.43
Manatee County,2020-06-02,33.8
Marion County,2020-06-02,31.75
Martin County,2020-06-02,31.99
Miami-Dade County,2020-06-02,32.77
Monroe County,2020-06-02,33.21
Nassau County,2020-06-02,29.65
Okaloosa County,2020-06-02,33.55
Okeechobee County,2020-06-02,32.23
Orange County,2020-06-02,31.8
Osceola County,2020-06-02,31.88
Palm Beach County,2020-06-02,32.67
Pasco County,2020-06-02,33.38
Pinellas County,2020-06-02,33.78
Polk County,2020-06-02,33.17
Putnam County,2020-06-02,30.67
St. Johns County,2020-06-02,29.76
St. Lucie County,2020-06-02,31.29
Santa Rosa County,2020-06-02,33.39
Sarasota County,2020-06-02,34.02
Seminole County,2020-06-02,31.4
Sumter County,2020-06-02,32.86
Suwannee County,2020-06-02,31.31
Taylor County,2020-06-02,32.39
Union County,2020-06-02,30.53
Volusia County,2020-06-02,30.71
Wakulla County,2020-06-02,32.61
Walton County,2020-06-02,33.56
Washington County,2020-06-02,33.91
Alachua County,2020-06-03,29.67
Baker County,2020-06-03,30.2
Bay County,2020-06-03,29.61
Bradford County,2020-06-03,29.55
Brevard County,2020-06-03,27.45
Broward County,2020-06-03,31.65
Calhoun County,2020-06-03,29.68
Charlotte County,2020-06-03,32.38
Citrus County,2020-06-03,31.46
Clay County,2020-06-03,29.21
Collier County,2020-06-03,32.41
Columbia County,2020-06-03,30.39
DeSoto County,2020-06-03,31.37
Dixie County,2020-06-03,30.73
Duval County,2020-06-03,28.67
Escambia County,2020-06-03,31.37
Flagler County,2020-06-03,29.02
Franklin County,2020-06-03,30.86
Gadsden County,2020-06-03,29.91
Gilchrist County,2020-06-03,30.19
Glades County,2020-06-03,31.05
Gulf County,2020-06-03,30.18
Hamilton County,2020-06-03,30.56
Hardee County,2020-06-03,30.98
Hendry County,2020-06-03,31.74
Hernando County,2020-06-03,31.69
Highlands County,2020-06-03,30.4
Hillsborough County,2020-06-03,31.91
Holmes County,2020-06-03,27.69
Indian River County,2020-06-03,28.37
Jackson County,2020-06-03,28.54
Jefferson County,2020-06-03,30.97
Lafayette County,2020-06-03,30.6
Lake County,2020-06-03,30.52
Lee County,2020-06-03,32.35
Leon County,2020-06-03,30.75
Levy County,2020-06-03,30.37
Liberty County,2020-06-03,30.28
Madison County,2020-06-03,30.7
Manatee County,2020-06-03,31.79
Marion County,2020-06-03,30.31
Martin County,2020-06-03,30.42
Miami-Dade County,2020-06-03,31.92
Monroe County,2020-06-03,32.32
Nassau County,2020-06-03,29.44
Okaloosa County,2020-06-03,29.96
Okeechobee County,2020-06-03,29.68
Orange County,2020-06-03,29.66
Osceola County,2020-06-03,29.35
Palm Beach County,2020-06-03,31.22
Pasco County,2020-06-03,31.73
Pinellas County,2020-06-03,32.13
Polk County,2020-06-03,30.82
Putnam County,2020-06-03,29.47
St. Johns County,2020-06-03,28.56
St. Lucie County,2020-06-03,29.39
Santa Rosa County,2020-06-03,31.05
Sarasota County,2020-06-03,32.17
Seminole County,2020-06-03,29.38
Sumter County,2020-06-03,31.21
Suwannee County,2020-06-03,30.47
Taylor County,2020-06-03,31.21
Union County,2020-06-03,29.89
Volusia County,2020-06-03,29.0
Wakulla County,2020-06-03,31.2
Walton County,2020-06-03,28.88
Washington County,2020-06-03,28.64
Alachua County,2020-06-04,28.33
Baker County,2020-06-04,28.37
Bay County,2020-06-04,29.75
Bradford County,2020-06-04,28.3
Brevard County,2020-06-04,26.7
Broward County,2020-06-04,29.51
Calhoun County,2020-06-04,29.99
Charlotte County,2020-06-04,29.65
Citrus County,2020-06-04,29.5
Clay County,2020-06-04,28.43
Collier County,2020-06-04,30.25
Columbia County,2020-06-04,28.36
DeSoto County,2020-06-04,28.98
Dixie County,2020-06-04,28.43
Duval County,2020-06-04,28.03
Escambia County,2020-06-04,29.45
Flagler County,2020-06-04,28.83
Franklin County,2020-06-04,28.03
Gadsden County,2020-06-04,29.17
Gilchrist County,2020-06-04,28.39
Glades County,2020-06-04,28.5
Gulf County,2020-06-04,28.43
Hamilton County,2020-06-04,28.26
Hardee County,2020-06-04,29.13
Hendry County,2020-06-04,29.44
Hernando County,2020-06-04,29.71
Highlands County,2020-06-04,28.43
Hillsborough County,2020-06-04,29.9
Holmes County,2020-06-04,30.33
Indian River County,2020-06-04,26.45
Jackson County,2020-06-04,30.59
Jefferson County,2020-06-04,28.52
Lafayette County,2020-06-04,28.54
Lake County,2020-06-04,29.88
Lee County,2020-06-04,29.66
Leon County,2020-06-04,28.74
Levy County,2020-06-04,28.4
Liberty County,2020-06-04,28.94
Madison County,2020-06-04,28.4
Manatee County,2020-06-04,29.43
Marion County,2020-06-04,29.26
Martin County,2020-06-04,27.51
Miami-Dade County,2020-06-04,30.26
Monroe County,2020-06-04,30.4
Nassau County,2020-06-04,28.46
Okaloosa County,2020-06-04,30.15
Okeechobee County,2020-06-04,27.59
Orange County,2020-06-04,29.48
Osceola County,2020-06-04,28.7
Palm Beach County,2020-06-04,28.63
Pasco County,2020-06-04,29.78
Pinellas County,2020-06-04,29.52
Polk County,2020-06-04,29.72
Putnam County,2020-06-04,28.92
St. Johns County,2020-06-04,28.23
St. Lucie County,2020-06-04,26.69
Santa Rosa County,2020-06-04,29.96
Sarasota County,2020-06-04,29.45
Seminole County,2020-06-04,29.37
Sumter County,2020-06-04,29.84
Suwannee County,2020-06-04,28.43
Taylor County,2020-06-04,28.59
Union County,2020-06-04,28.29
Volusia County,2020-06-04,28.89
Wakulla County,2020-06-04,28.57
Walton County,2020-06-04,30.12
Washington County,2020-06-04,30.59
Alachua County,2020-06-05,28.35
Baker County,2020-06-05,29.78
Bay County,2020-06-05,31.44
Bradford County,2020-06-05,28.51
Brevard County,2020-06-05,25.79
Broward County,2020-06-05,30.16
Calhoun County,2020-06-05,32.09
Charlotte County,2020-06-05,29.0
Citrus County,2020-06-05,27.87
Clay County,2020-06-05,27.86
Collier County,2020-06-05,30.01
Columbia County,2020-06-05,30.45
DeSoto County,2020-06-05,28.62
Dixie County,2020-06-05,30.06
Duval County,2020-06-05,27.74
Escambia County,2020-06-05,31.26
Flagler County,2020-06-05,26.28
Franklin County,2020-06-05,30.17
Gadsden County,2020-06-05,31.09
Gilchrist County,2020-06-05,29.8
Glades County,2020-06-05,29.64
Gulf County,2020-06-05,30.57
Hamilton County,2020-06-05,31.12
Hardee County,2020-06-05,28.43
Hendry County,2020-06-05,30.31
Hernando County,2020-06-05,27.66
Highlands County,2020-06-05,29.01
Hillsborough County,2020-06-05,28.08
Holmes County,2020-06-05,32.22
Indian River County,2020-06-05,27.93
Jackson County,2020-06-05,32.33
Jefferson County,2020-06-05,30.96
Lafayette County,2020-06-05,30.96
Lake County,2020-06-05,26.66
Lee County,2020-06-05,28.92
Leon County,2020-06-05,30.95
Levy County,2020-06-05,28.51
Liberty County,2020-06-05,31.26
Madison County,2020-06-05,31.19
Manatee County,2020-06-05,28.1
Marion County,2020-06-05,27.31
Martin County,2020-06-05,29.77
Miami-Dade County,2020-06-05,29.93
Monroe County,2020-06-05,29.68
Nassau County,2020-06-05,28.81
Okaloosa County,2020-06-05,31.67
Okeechobee County,2020-06-05,29.29
Orange County,2020-06-05,26.35
Osceola County,2020-06-05,27.4
Palm Beach County,2020-06-05,30.27
Pasco County,2020-06-05,27.72
Pinellas County,2020-06-05,27.9
Polk County,2020-06-05,28.01
Putnam County,2020-06-05,27.16
St. Johns County,2020-06-05,26.66
St. Lucie County,2020-06-05,28.98
Santa Rosa County,2020-06-05,31.56
Sarasota County,2020-06-05,28.1
Seminole County,2020-06-05,26.03
Sumter County,2020-06-05,27.2
Suwannee County,2020-06-05,31.04
Taylor County,2020-06-05,31.02
Union County,2020-06-05,29.38
Volusia County,2020-06-05,25.89
Wakulla County,2020-06-05,30.85
Walton County,2020-06-05,31.71
Washington County,2020-06-05,32.53
Alachua County,2020-06-06,27.75
Baker County,2020-06-06,28.73
Bay County,2020-06-06,31.93
Bradford County,2020-06-06,27.97
Brevard County,2020-06-06,30.0
Broward County,2020-06-06,31.82
Calhoun County,2020-06-06,32.32
Charlotte County,2020-06-06,31.76
Citrus County,2020-06-06,29.65
Clay County,2020-06-06,28.5
Collier County,2020-06-06,31.93
Columbia County,2020-06-06,28.57
DeSoto County,2020-06-06,31.45
Dixie County,2020-06-06,28.62
Duval County,2020-06-06,28.85
Escambia County,2020-06-06,32.28
Flagler County,2020-06-06,29.6
Franklin County,2020-06-06,30.05
Gadsden County,2020-06-06,31.32
Gilchrist County,2020-06-06,28.11
Glades County,2020-06-06,31.95
Gulf County,2020-06-06,30.65
Hamilton County,2020-06-06,29.12
Hardee County,2020-06-06,31.47
Hendry County,2020-06-06,32.06
Hernando County,2020-06-06,30.25
Highlands County,2020-06-06,31.78
Hillsborough County,2020-06-06,31.23
Holmes County,2020-06-06,32.91
Indian River County,2020-06-06,30.77
Jackson County,2020-06-06,32.88
Jefferson County,2020-06-06,30.28
Lafayette County,2020-06-06,28.9
Lake County,2020-06-06,30.58
Lee County,2020-06-06,31.47
Leon County,2020-06-06,30.84
Levy County,2020-06-06,28.18
Liberty County,2020-06-06,31.22
Madison County,2020-06-06,29.63
Manatee County,2020-06-06,30.91
Marion County,2020-06-06,29.08
Martin County,2020-06-06,31.97
Miami-Dade County,2020-06-06,31.62
Monroe County,2020-06-06,31.67
Nassau County,2020-06-06,29.61
Okaloosa County,2020-06-06,32.64
Okeechobee County,2020-06-06,31.64
Orange County,2020-06-06,31.1
Osceola County,2020-06-06,31.37
Palm Beach County,2020-06-06,32.08
Pasco County,2020-06-06,30.65
Pinellas County,2020-06-06,30.51
Polk County,2020-06-06,31.67
Putnam County,2020-06-06,28.92
St. Johns County,2020-06-06,28.8
St. Lucie County,2020-06-06,31.37
Santa Rosa County,2020-06-06,32.7
Sarasota County,2020-06-06,30.86
Seminole County,2020-06-06,30.94
Sumter County,2020-06-06,30.24
Suwannee County,2020-06-06,28.82
Taylor County,2020-06-06,29.67
Union County,2020-06-06,28.04
Volusia County,2020-06-06,30.23
Wakulla County,2020-06-06,30.66
Walton County,2020-06-06,32.5
Washington County,2020-06-06,33.07
Alachua County,2020-06-07,27.15
Baker County,2020-06-07,27.09
Bay County,2020-06-07,28.13
Bradford County,2020-06-07,26.93
Brevard County,2020-06-07,28.2
Broward County,2020-06-07,31.65
Calhoun County,2020-06-07,28.03
Charlotte County,2020-06-07,30.34
Citrus County,2020-06-07,28.49
Clay County,2020-06-07,27.28
Collier County,2020-06-07,31.24
Columbia County,2020-06-07,27.11
DeSoto County,2020-06-07,29.9
Dixie County,2020-06-07,27.9
Duval County,2020-06-07,27.46
Escambia County,2020-06-07,28.69
Flagler County,2020-06-07,27.91
Franklin County,2020-06-07,26.83
Gadsden County,2020-06-07,26.99
Gilchrist County,2020-06-07,27.65
Glades County,2020-06-07,30.55
Gulf County,2020-06-07,27.0
Hamilton County,2020-06-07,27.05
Hardee County,2020-06-07,29.66
Hendry County,2020-06-07,31.11
Hernando County,2020-06-07,28.42
Highlands County,2020-06-07,30.15
Hillsborough County,2020-06-07,28.79
Holmes County,2020-06-07,28.7
Indian River County,2020-06-07,29.55
Jackson County,2020-06-07,28.42
Jefferson County,2020-06-07,27.02
Lafayette County,2020-06-07,27.5
Lake County,2020-06-07,28.46
Lee County,2020-06-07,30.29
Leon County,2020-06-07,26.9
Levy County,2020-06-07,27.91
Liberty County,2020-06-07,27.2
Madison County,2020-06-07,27.08
Manatee County,2020-06-07,28.9
Marion County,2020-06-07,27.98
Martin County,2020-06-07,31.18
Miami-Dade County,2020-06-07,31.87
Monroe County,2020-06-07,31.74
Nassau County,2020-06-07,27.89
Okaloosa County,2020-06-07,28.9
Okeechobee County,2020-06-07,30.27
Orange County,2020-06-07,28.65
Osceola County,2020-06-07,29.3
Palm Beach County,2020-06-07,31.52
Pasco County,2020-06-07,28.41
Pinellas County,2020-06-07,28.08
Polk County,2020-06-07,29.49
Putnam County,2020-06-07,27.67
St. Johns County,2020-06-07,27.63
St. Lucie County,2020-06-07,30.44
Santa Rosa County,2020-06-07,28.99
Sarasota County,2020-06-07,29.18
Seminole County,2020-06-07,28.41
Sumter County,2020-06-07,28.52
Suwannee County,2020-06-07,27.24
Taylor County,2020-06-07,27.53
Union County,2020-06-07,26.96
Volusia County,2020-06-07,28.03
Wakulla County,2020-06-07,27.12
Walton County,2020-06-07,28.62
Washington County,2020-06-07,28.71
Alachua County,2020-06-08,27.48
Baker County,2020-06-08,25.9
Bay County,2020-06-08,30.57
Bradford County,2020-06-08,26.62
Brevard County,2020-06-08,29.65
Broward County,2020-06-08,32.21
Calhoun County,2020-06-08,30.44
Charlotte County,2020-06-08,32.23
Citrus County,2020-06-08,30.7
Clay County,2020-06-08,27.12
Collier County,2020-06-08,31.91
Columbia County,2020-06-08,26.13
DeSoto County,2020-06-08,31.75
Dixie County,2020-06-08,28.81
Duval County,2020-06-08,26.89
Escambia County,2020-06-08,28.91
Flagler County,2020-06-08,29.26
Franklin County,2020-06-08,29.26
Gadsden County,2020-06-08,28.68
Gilchrist County,2020-06-08,27.91
Glades County,2020-06-08,31.64
Gulf County,2020-06-08,29.63
Hamilton County,2020-06-08,25.79
Hardee County,2020-06-08,31.69
Hendry County,2020-06-08,31.93
Hernando County,2020-06-08,30.91
Highlands County,2020-06-08,31.59
Hillsborough County,2020-06-08,31.69
Holmes County,2020-06-08,30.43
Indian River County,2020-06-08,30.44
Jackson County,2020-06-08,30.67
Jefferson County,2020-06-08,27.52
Lafayette County,2020-06-08,27.36
Lake County,2020-06-08,30.04
Lee County,2020-06-08,31.81
Leon County,2020-06-08,28.1
Levy County,2020-06-08,29.34
Liberty County,2020-06-08,29.42
Madison County,2020-06-08,26.68
Manatee County,2020-06-08,31.5
Marion County,2020-06-08,29.24
Martin County,2020-06-08,31.7
Miami-Dade County,2020-06-08,32.31
Monroe County,2020-06-08,32.11
Nassau County,2020-06-08,26.68
Okaloosa County,2020-06-08,30.14
Okeechobee County,2020-06-08,31.18
Orange County,2020-06-08,30.08
Osceola County,2020-06-08,30.57
Palm Beach County,2020-06-08,31.98
Pasco County,2020-06-08,31.04
Pinellas County,2020-06-08,31.52
Polk County,2020-06-08,31.37
Putnam County,2020-06-08,28.35
St. Johns County,2020-06-08,28.28
St. Lucie County,2020-06-08,31.12
Santa Rosa County,2020-06-08,29.78
Sarasota County,2020-06-08,31.61
Seminole County,2020-06-08,29.89
Sumter County,2020-06-08,30.35
Suwannee County,2020-06-08,26.48
Taylor County,2020-06-08,28.05
Union County,2020-06-08,26.39
Volusia County,2020-06-08,29.65
Wakulla County,2020-06-08,28.83
Walton County,2020-06-08,30.27
Washington County,2020-06-08,30.89
Alachua County,2020-06-09,31.28
Baker County,2020-06-09,31.85
Bay County,2020-06-09,31.25
Bradford County,2020-06-09,31.34
Brevard County,2020-06-09,32.41
Broward County,2020-06-09,33.26
Calhoun County,2020-06-09,32.19
Charlotte County,2020-06-09,33.65
Citrus County,2020-06-09,31.98
Clay County,2020-06-09,31.44
Collier County,2020-06-09,33.32
Columbia County,2020-06-09,32.08
DeSoto County,2020-06-09,33.59
Dixie County,2020-06-09,32.08
Duval County,2020-06-09,31.12
Escambia County,2020-06-09,29.92
Flagler County,2020-06-09,31.86
Franklin County,2020-06-09,31.05
Gadsden County,2020-06-09,32.18
Gilchrist County,2020-06-09,31.89
Glades County,2020-06-09,33.94
Gulf County,2020-06-09,30.77
Hamilton County,2020-06-09,32.2
Hardee County,2020-06-09,33.66
Hendry County,2020-06-09,33.89
Hernando County,2020-06-09,32.02
Highlands County,2020-06-09,34.1
Hillsborough County,2020-06-09,32.68
Holmes County,2020-06-09,31.66
Indian River County,2020-06-09,33.09
Jackson County,2020-06-09,32.61
Jefferson County,2020-06-09,32.46
Lafayette County,2020-06-09,32.38
Lake County,2020-06-09,32.18
Lee County,2020-06-09,33.14
Leon County,2020-06-09,32.34
Levy County,2020-06-09,31.49
Liberty County,2020-06-09,31.8
Madison County,2020-06-09,32.39
Manatee County,2020-06-09,32.58
Marion County,2020-06-09,31.67
Martin County,2020-06-09,33.68
Miami-Dade County,2020-06-09,32.62
Monroe County,2020-06-09,32.5
Nassau County,2020-06-09,31.51
Okaloosa County,2020-06-09,30.82
Okeechobee County,2020-06-09,33.86
Orange County,2020-06-09,32.61
Osceola County,2020-06-09,33.35
Palm Beach County,2020-06-09,33.63
Pasco County,2020-06-09,32.13
Pinellas County,2020-06-09,31.9
Polk County,2020-06-09,33.52
Putnam County,2020-06-09,31.7
St. Johns County,2020-06-09,31.39
St. Lucie County,2020-06-09,33.39
Santa Rosa County,2020-06-09,30.56
Sarasota County,2020-06-09,32.57
Seminole County,2020-06-09,32.42
Sumter County,2020-06-09,32.08
Suwannee County,2020-06-09,32.31
Taylor County,2020-06-09,32.54
Union County,2020-06-09,31.64
Volusia County,2020-06-09,32.08
Wakulla County,2020-06-09,32.17
Walton County,2020-06-09,30.99
Washington County,2020-06-09,32.0
Alachua County,2020-06-10,30.86
Baker County,2020-06-10,30.43
Bay County,2020-06-10,30.42
Bradford County,2020-06-10,30.54
Brevard County,2020-06-10,32.16
Broward County,2020-06-10,33.76
Calhoun County,2020-06-10,30.44
Charlotte County,2020-06-10,34.27
Citrus County,2020-06-10,32.81
Clay County,2020-06-10,30.98
Collier County,2020-06-10,33.95
Columbia County,2020-06-10,30.32
DeSoto County,2020-06-10,34.22
Dixie County,2020-06-10,31.21
Duval County,2020-06-10,30.84
Escambia County,2020-06-10,30.91
Flagler County,2020-06-10,32.2
Franklin County,2020-06-10,29.15
Gadsden County,2020-06-10,29.25
Gilchrist County,2020-06-10,31.09
Glades County,2020-06-10,34.29
Gulf County,2020-06-10,29.52
Hamilton County,2020-06-10,29.78
Hardee County,2020-06-10,34.23
Hendry County,2020-06-10,34.27
Hernando County,2020-06-10,33.08
Highlands County,2020-06-10,34.34
Hillsborough County,2020-06-10,33.64
Holmes County,2020-06-10,31.06
Indian River County,2020-06-10,33.05
Jackson County,2020-06-10,30.85
Jefferson County,2020-06-10,29.49
Lafayette County,2020-06-10,30.71
Lake County,2020-06-10,33.29
Lee County,2020-06-10,33.7
Leon County,2020-06-10,29.24
Levy County,2020-06-10,31.59
Liberty County,2020-06-10,29.6
Madison County,2020-06-10,29.73
Manatee County,2020-06-10,33.53
Marion County,2020-06-10,32.32
Martin County,2020-06-10,33.79
Miami-Dade County,2020-06-10,33.57
Monroe County,2020-06-10,33.37
Nassau County,2020-06-10,31.14
Okaloosa County,2020-06-10,31.06
Okeechobee County,2020-06-10,34.01
Orange County,2020-06-10,33.38
Osceola County,2020-06-10,33.68
Palm Beach County,2020-06-10,33.93
Pasco County,2020-06-10,33.25
Pinellas County,2020-06-10,32.63
Polk County,2020-06-10,34.14
Putnam County,2020-06-10,31.8
St. Johns County,2020-06-10,31.23
St. Lucie County,2020-06-10,33.4
Santa Rosa County,2020-06-10,31.19
Sarasota County,2020-06-10,33.49
Seminole County,2020-06-10,33.32
Sumter County,2020-06-10,33.2
Suwannee County,2020-06-10,30.3
Taylor County,2020-06-10,30.34
Union County,2020-06-10,30.43
Volusia County,2020-06-10,32.69
Wakulla County,2020-06-10,29.42
Walton County,2020-06-10,30.82
Washington County,2020-06-10,31.2
Alachua County,2020-06-11,33.06
Baker County,2020-06-11,32.94
Bay County,2020-06-11,31.78
Bradford County,2020-06-11,32.89
Brevard County,2020-06-11,31.89
Broward County,2020-06-11,33.67
Calhoun County,2020-06-11,32.84
Charlotte County,2020-06-11,34.68
Citrus County,2020-06-11,33.8
Clay County,2020-06-11,32.86
Collier County,2020-06-11,34.11
Columbia County,2020-06-11,33.11
DeSoto County,2020-06-11,34.86
Dixie County,2020-06-11,32.98
Duval County,2020-06-11,32.16
Escambia County,2020-06-11,31.58
Flagler County,2020-06-11,32.95
Franklin County,2020-06-11,31.07
Gadsden County,2020-06-11,32.35
Gilchrist County,2020-06-11,33.33
Glades County,2020-06-11,34.57
Gulf County,2020-06-11,31.24
Hamilton County,2020-06-11,32.81
Hardee County,2020-06-11,35.04
Hendry County,2020-06-11,34.56
Hernando County,2020-06-11,34.05
Highlands County,2020-06-11,34.78
Hillsborough County,2020-06-11,34.46
Holmes County,2020-06-11,32.73
Indian River County,2020-06-11,32.81
Jackson County,2020-06-11,33.17
Jefferson County,2020-06-11,32.43
Lafayette County,2020-06-11,33.24
Lake County,2020-06-11,34.37
Lee County,2020-06-11,33.96
Leon County,2020-06-11,32.34
Levy County,2020-06-11,32.99
Liberty County,2020-06-11,32.27
Madison County,2020-06-11,32.74
Manatee County,2020-06-11,34.57
Marion County,2020-06-11,33.85
Martin County,2020-06-11,33.57
Miami-Dade County,2020-06-11,33.33
Monroe County,2020-06-11,33.25
Nassau County,2020-06-11,32.52
Okaloosa County,2020-06-11,32.06
Okeechobee County,2020-06-11,34.14
Orange County,2020-06-11,33.96
Osceola County,2020-06-11,34.01
Palm Beach County,2020-06-11,33.89
Pasco County,2020-06-11,34.28
Pinellas County,2020-06-11,33.57
Polk County,2020-06-11,34.92
Putnam County,2020-06-11,33.39
St. Johns County,2020-06-11,32.16
St. Lucie County,2020-06-11,33.11
Santa Rosa County,2020-06-11,31.89
Sarasota County,2020-06-11,34.37
Seminole County,2020-06-11,33.83
Sumter County,2020-06-11,34.41
Suwannee County,2020-06-11,33.15
Taylor County,2020-06-11,32.69
Union County,2020-06-11,33.03
Volusia County,2020-06-11,33.18
Wakulla County,2020-06-11,31.95
Walton County,2020-06-11,32.05
Washington County,2020-06-11,33.0
Alachua County,2020-06-12,32.46
Baker County,2020-06-12,32.99
Bay County,2020-06-12,33.47
Bradford County,2020-06-12,32.32
Brevard County,2020-06-12,30.15
Broward County,2020-06-12,31.81
Calhoun County,2020-06-12,33.56
Charlotte County,2020-06-12,33.78
Citrus County,2020-06-12,33.49
Clay County,2020-06-12,31.9
Collier County,2020-06-12,33.08
Columbia County,2020-06-12,33.42
DeSoto County,2020-06-12,33.38
Dixie County,2020-06-12,33.29
Duval County,2020-06-12,31.33
Escambia County,2020-06-12,31.09
Flagler County,2020-06-12,31.48
Franklin County,2020-06-12,32.53
Gadsden County,2020-06-12,32.97
Gilchrist County,2020-06-12,33.19
Glades County,2020-06-12,32.96
Gulf County,2020-06-12,32.53
Hamilton County,2020-06-12,33.58
Hardee County,2020-06-12,33.46
Hendry County,2020-06-12,33.16
Hernando County,2020-06-12,33.64
Highlands County,2020-06-12,32.98
Hillsborough County,2020-06-12,33.77
Holmes County,2020-06-12,33.07
Indian River County,2020-06-12,30.78
Jackson County,2020-06-12,33.64
Jefferson County,2020-06-12,33.13
Lafayette County,2020-06-12,33.63
Lake County,2020-06-12,33.29
Lee County,2020-06-12,33.39
Leon County,2020-06-12,32.96
Levy County,2020-06-12,32.78
Liberty County,2020-06-12,32.93
Madison County,2020-06-12,33.43
Manatee County,2020-06-12,33.6
Marion County,2020-06-12,32.94
Martin County,2020-06-12,31.51
Miami-Dade County,2020-06-12,31.54
Monroe County,2020-06-12,32.15
Nassau County,2020-06-12,32.26
Okaloosa County,2020-06-12,32.52
Okeechobee County,2020-06-12,32.14
Orange County,2020-06-12,32.54
Osceola County,2020-06-12,32.29
Palm Beach County,2020-06-12,31.88
Pasco County,2020-06-12,33.7
Pinellas County,2020-06-12,33.68
Polk County,2020-06-12,33.55
Putnam County,2020-06-12,32.16
St. Johns County,2020-06-12,30.98
St. Lucie County,2020-06-12,31.1
Santa Rosa County,2020-06-12,31.78
Sarasota County,2020-06-12,33.61
Seminole County,2020-06-12,32.27
Sumter County,2020-06-12,33.66
Suwannee County,2020-06-12,33.67
Taylor County,2020-06-12,33.48
Union County,2020-06-12,32.81
Volusia County,2020-06-12,31.64
Wakulla County,2020-06-12,32.91
Walton County,2020-06-12,32.97
Washington County,2020-06-12,33.68
Alachua County,2020-06-13,31.76
Baker County,2020-06-13,32.58
Bay County,2020-06-13,33.42
Bradford County,2020-06-13,31.85
Brevard County,2020-06-13,30.12
Broward County,2020-06-13,31.95
Calhoun County,2020-06-13,33.25
Charlotte County,2020-06-13,33.27
Citrus County,2020-06-13,32.75
Clay County,2020-06-13,31.66
Collier County,2020-06-13,32.86
Columbia County,2020-06-13,32.85
DeSoto County,2020-06-13,32.81
Dixie County,2020-06-13,32.48
Duval County,2020-06-13,31.31
Escambia County,2020-06-13,31.71
Flagler County,2020-06-13,31.39
Franklin County,2020-06-13,32.38
Gadsden County,2020-06-13,32.95
Gilchrist County,2020-06-13,32.24
Glades County,2020-06-13,32.44
Gulf County,2020-06-13,32.26
Hamilton County,2020-06-13,33.2
Hardee County,2020-06-13,32.84
Hendry County,2020-06-13,32.71
Hernando County,2020-06-13,32.9
Highlands County,2020-06-13,32.43
Hillsborough County,2020-06-13,33.22
Holmes County,2020-06-13,32.93
Indian River County,2020-06-13,30.71
Jackson County,2020-06-13,33.42
Jefferson County,2020-06-13,33.32
Lafayette County,2020-06-13,32.84
Lake County,2020-06-13,32.74
Lee County,2020-06-13,32.89
Leon County,2020-06-13,33.2
Levy County,2020-06-13,31.92
Liberty County,2020-06-13,32.65
Madison County,2020-06-13,33.21
Manatee County,2020-06-13,32.92
Marion County,2020-06-13,32.25
Martin County,2020-06-13,31.58
Miami-Dade County,2020-06-13,31.94
Monroe County,2020-06-13,32.4
Nassau County,2020-06-13,31.98
Okaloosa County,2020-06-13,32.67
Okeechobee County,2020-06-13,31.82
Orange County,2020-06-13,32.29
Osceola County,2020-06-13,32.06
Palm Beach County,2020-06-13,31.91
Pasco County,2020-06-13,32.99
Pinellas County,2020-06-13,33.03
Polk County,2020-06-13,33.02
Putnam County,2020-06-13,31.83
St. Johns County,2020-06-13,31.0
St. Lucie County,2020-06-13,31.11
Santa Rosa County,2020-06-13,32.27
Sarasota County,2020-06-13,32.97
Seminole County,2020-06-13,32.1
Sumter County,2020-06-13,32.89
Suwannee County,2020-06-13,33.0
Taylor County,2020-06-13,33.26
Union County,2020-06-13,32.25
Volusia County,2020-06-13,31.51
Wakulla County,2020-06-13,33.16
Walton County,2020-06-13,32.94
Washington County,2020-06-13,33.49
Alachua County,2020-06-14,29.9
Baker County,2020-06-14,29.89
Bay County,2020-06-14,32.61
Bradford County,2020-06-14,29.66
Brevard County,2020-06-14,29.36
Broward County,2020-06-14,32.33
Calhoun County,2020-06-14,32.52
Charlotte County,2020-06-14,31.77
Citrus County,2020-06-14,31.28
Clay County,2020-06-14,29.7
Collier County,2020-06-14,32.78
Columbia County,2020-06-14,30.12
DeSoto County,2020-06-14,31.16
Dixie County,2020-06-14,30.9
Duval County,2020-06-14,29.37
Escambia County,2020-06-14,32.08
Flagler County,2020-06-14,29.9
Franklin County,2020-06-14,31.56
Gadsden County,2020-06-14,31.4
Gilchrist County,2020-06-14,30.46
Glades County,2020-06-14,31.82
Gulf County,2020-06-14,31.78
Hamilton County,2020-06-14,30.17
Hardee County,2020-06-14,31.02
Hendry County,2020-06-14,32.49
Hernando County,2020-06-14,31.28
Highlands County,2020-06-14,31.33
Hillsborough County,2020-06-14,31.14
Holmes County,2020-06-14,32.54
Indian River County,2020-06-14,30.42
Jackson County,2020-06-14,32.48
Jefferson County,2020-06-14,31.1
Lafayette County,2020-06-14,30.8
Lake County,2020-06-14,31.07
Lee County,2020-06-14,31.87
Leon County,2020-06-14,31.39
Levy County,2020-06-14,30.51
Liberty County,2020-06-14,31.89
Madison County,2020-06-14,30.66
Manatee County,2020-06-14,30.76
Marion County,2020-06-14,30.71
Martin County,2020-06-14,31.71
Miami-Dade County,2020-06-14,32.38
Monroe County,2020-06-14,32.7
Nassau County,2020-06-14,29.78
Okaloosa County,2020-06-14,32.54
Okeechobee County,2020-06-14,31.33
Orange County,2020-06-14,30.66
Osceola County,2020-06-14,30.74
Palm Beach County,2020-06-14,32.16
Pasco County,2020-06-14,31.19
Pinellas County,2020-06-14,30.97
Polk County,2020-06-14,31.2
Putnam County,2020-06-14,30.15
St. Johns County,2020-06-14,29.39
St. Lucie County,2020-06-14,31.1
Santa Rosa County,2020-06-14,32.44
Sarasota County,2020-06-14,30.89
Seminole County,2020-06-14,30.56
Sumter County,2020-06-14,31.31
Suwannee County,2020-06-14,30.46
Taylor County,2020-06-14,31.28
Union County,2020-06-14,29.85
Volusia County,2020-06-14,30.07
Wakulla County,2020-06-14,31.71
Walton County,2020-06-14,32.51
Washington County,2020-06-14,32.92
Alachua County,2020-06-15,30.41
Baker County,2020-06-15,29.98
Bay County,2020-06-15,33.19
Bradford County,2020-06-15,29.95
Brevard County,2020-06-15,29.72
Broward County,2020-06-15,32.26
Calhoun County,2020-06-15,33.03
Charlotte County,2020-06-15,33.45
Citrus County,2020-06-15,32.09
Clay County,2020-06-15,29.74
Collier County,2020-06-15,33.11
Columbia County,2020-06-15,30.38
DeSoto County,2020-06-15,33.14
Dixie County,2020-06-15,31.46
Duval County,2020-06-15,29.06
Escambia County,2020-06-15,32.1
Flagler County,2020-06-15,30.19
Franklin County,2020-06-15,32.07
Gadsden County,2020-06-15,31.58
Gilchrist County,2020-06-15,31.01
Glades County,2020-06-15,32.79
Gulf County,2020-06-15,32.4
Hamilton County,2020-06-15,30.21
Hardee County,2020-06-15,33.11
Hendry County,2020-06-15,32.99
Hernando County,2020-06-15,32.31
Highlands County,2020-06-15,32.81
Hillsborough County,2020-06-15,32.92
Holmes County,2020-06-15,32.81
Indian River County,2020-06-15,30.8
Jackson County,2020-06-15,32.78
Jefferson County,2020-06-15,31.1
Lafayette County,2020-06-15,31.14
Lake County,2020-06-15,31.79
Lee County,2020-06-15,33.04
Leon County,2020-06-15,31.49
Levy County,2020-06-15,31.21
Liberty County,2020-06-15,32.36
Madison County,2020-06-15,30.66
Manatee County,2020-06-15,32.97
Marion County,2020-06-15,31.28
Martin County,2020-06-15,31.73
Miami-Dade County,2020-06-15,32.34
Monroe County,2020-06-15,32.7
Nassau County,2020-06-15,29.47
Okaloosa County,2020-06-15,32.78
Okeechobee County,2020-06-15,32.07
Orange County,2020-06-15,31.39
Osceola County,2020-06-15,31.7
Palm Beach County,2020-06-15,32.12
Pasco County,2020-06-15,32.49
Pinellas County,2020-06-15,32.49
Polk County,2020-06-15,32.82
Putnam County,2020-06-15,30.41
St. Johns County,2020-06-15,29.4
St. Lucie County,2020-06-15,31.26
Santa Rosa County,2020-06-15,32.52
Sarasota County,2020-06-15,33.03
Seminole County,2020-06-15,31.07
Sumter County,2020-06-15,32.15
Suwannee County,2020-06-15,30.69
Taylor County,2020-06-15,31.53
Union County,2020-06-15,30.18
Volusia County,2020-06-15,30.43
Wakulla County,2020-06-15,32.01
Walton County,2020-06-15,32.88
Washington County,2020-06-15,33.39
Alachua County,2020-06-16,30.55
Baker County,2020-06-16,30.03
Bay County,2020-06-16,33.86
Bradford County,2020-06-16,30.02
Brevard County,2020-06-16,29.28
Broward County,2020-06-16,32.08
Calhoun County,2020-06-16,33.3
Charlotte County,2020-06-16,32.53
Citrus County,2020-06-16,32.21
Clay County,2020-06-16,29.59
Collier County,2020-06-16,32.32
Columbia County,2020-06-16,30.56
DeSoto County,2020-06-16,32.34
Dixie County,2020-06-16,31.69
Duval County,2020-06-16,28.63
Escambia County,2020-06-16,33.91
Flagler County,2020-06-16,29.61
Franklin County,2020-06-16,32.42
Gadsden County,2020-06-16,31.49
Gilchrist County,2020-06-16,31.23
Glades County,2020-06-16,31.82
Gulf County,2020-06-16,32.82
Hamilton County,2020-06-16,30.4
Hardee County,2020-06-16,32.61
Hendry County,2020-06-16,32.07
Hernando County,2020-06-16,32.46
Highlands County,2020-06-16,32.04
Hillsborough County,2020-06-16,32.85
Holmes County,2020-06-16,33.85
Indian River County,2020-06-16,30.29
Jackson County,2020-06-16,32.95
Jefferson County,2020-06-16,31.23
Lafayette County,2020-06-16,31.45
Lake County,2020-06-16,31.97
Lee County,2020-06-16,32.01
Leon County,2020-06-16,31.49
Levy County,2020-06-16,31.33
Liberty County,2020-06-16,32.56
Madison County,2020-06-16,30.87
Manatee County,2020-06-16,32.67
Marion County,2020-06-16,31.4
Martin County,2020-06-16,31.22
Miami-Dade County,2020-06-16,32.37
Monroe County,2020-06-16,32.32
Nassau County,2020-06-16,28.98
Okaloosa County,2020-06-16,34.43
Okeechobee County,2020-06-16,31.42
Orange County,2020-06-16,31.43
Osceola County,2020-06-16,31.51
Palm Beach County,2020-06-16,31.74
Pasco County,2020-06-16,32.63
Pinellas County,2020-06-16,32.46
Polk County,2020-06-16,32.73
Putnam County,2020-06-16,30.25
St. Johns County,2020-06-16,28.78
St. Lucie County,2020-06-16,30.68
Santa Rosa County,2020-06-16,34.29
Sarasota County,2020-06-16,32.51
Seminole County,2020-06-16,31.02
Sumter County,2020-06-16,32.39
Suwannee County,2020-06-16,30.97
Taylor County,2020-06-16,31.83
Union County,2020-06-16,30.33
Volusia County,2020-06-16,30.09
Wakulla County,2020-06-16,32.15
Walton County,2020-06-16,34.24
Washington County,2020-06-16,34.12
Alachua County,2020-06-17,28.85
Baker County,2020-06-17,28.25
Bay County,2020-06-17,30.76
Bradford County,2020-06-17,28.45
Brevard County,2020-06-17,28.22
Broward County,2020-06-17,32.01
Calhoun County,2020-06-17,29.83
Charlotte County,2020-06-17,32.45
Citrus County,2020-06-17,30.61
Clay County,2020-06-17,28.45
Collier County,2020-06-17,32.74
Columbia County,2020-06-17,28.53
DeSoto County,2020-06-17,31.86
Dixie County,2020-06-17,29.88
Duval County,2020-06-17,27.7
Escambia County,2020-06-17,30.89
Flagler County,2020-06-17,28.92
Franklin County,2020-06-17,29.58
Gadsden County,2020-06-17,28.44
Gilchrist County,2020-06-17,29.33
Glades County,2020-06-17,31.73
Gulf County,2020-06-17,29.81
Hamilton County,2020-06-17,28.19
Hardee County,2020-06-17,31.73
Hendry County,2020-06-17,32.3
Hernando County,2020-06-17,30.8
Highlands County,2020-06-17,31.54
Hillsborough County,2020-06-17,31.46
Holmes County,2020-06-17,29.78
Indian River County,2020-06-17,29.61
Jackson County,2020-06-17,29.32
Jefferson County,2020-06-17,28.88
Lafayette County,2020-06-17,29.49
Lake County,2020-06-17,30.49
Lee County,2020-06-17,32.36
Leon County,2020-06-17,28.75
Levy County,2020-06-17,29.64
Liberty County,2020-06-17,29.23
Madison County,2020-06-17,28.7
Manatee County,2020-06-17,31.51
Marion County,2020-06-17,29.86
Martin County,2020-06-17,31.18
Miami-Dade County,2020-06-17,32.03
Monroe County,2020-06-17,32.42
Nassau County,2020-06-17,27.59
Okaloosa County,2020-06-17,30.78
Okeechobee County,2020-06-17,30.91
Orange County,2020-06-17,30.15
Osceola County,2020-06-17,30.46
Palm Beach County,2020-06-17,31.81
Pasco County,2020-06-17,30.96
Pinellas County,2020-06-17,30.83
Polk County,2020-06-17,31.53
Putnam County,2020-06-17,29.15
St. Johns County,2020-06-17,28.24
St. Lucie County,2020-06-17,30.37
Santa Rosa County,2020-06-17,30.93
Sarasota County,2020-06-17,31.76
Seminole County,2020-06-17,29.79
Sumter County,2020-06-17,30.72
Suwannee County,2020-06-17,28.92
Taylor County,2020-06-17,29.77
Union County,2020-06-17,28.51
Volusia County,2020-06-17,29.06
Wakulla County,2020-06-17,29.44
Walton County,2020-06-17,30.55
Washington County,2020-06-17,30.43
Alachua County,2020-06-18,29.31
Baker County,2020-06-18,28.81
Bay County,2020-06-18,30.34
Bradford County,2020-06-18,28.87
Brevard County,2020-06-18,29.64
Broward County,2020-06-18,31.71
Calhoun County,2020-06-18,30.25
Charlotte County,2020-06-18,33.41
Citrus County,2020-06-18,31.69
Clay County,2020-06-18,28.9
Collier County,2020-06-18,32.94
Columbia County,2020-06-18,29.02
DeSoto County,2020-06-18,33.01
Dixie County,2020-06-18,29.69
Duval County,2020-06-18,28.12
Escambia County,2020-06-18,30.35
Flagler County,2020-06-18,29.77
Franklin County,2020-06-18,28.66
Gadsden County,2020-06-18,29.39
Gilchrist County,2020-06-18,29.53
Glades County,2020-06-18,33.0
Gulf County,2020-06-18,29.14
Hamilton County,2020-06-18,28.96
Hardee County,2020-06-18,32.87
Hendry County,2020-06-18,33.04
Hernando County,2020-06-18,32.13
Highlands County,2020-06-18,32.85
Hillsborough County,2020-06-18,32.56
Holmes County,2020-06-18,30.75
Indian River County,2020-06-18,30.75
Jackson County,2020-06-18,30.52
Jefferson County,2020-06-18,29.4
Lafayette County,2020-06-18,29.45
Lake County,2020-06-18,31.96
Lee County,2020-06-18,33.11
Leon County,2020-06-18,29.36
Levy County,2020-06-18,30.03
Liberty County,2020-06-18,29.33
Madison County,2020-06-18,29.25
Manatee County,2020-06-18,32.48
Marion County,2020-06-18,30.91
Martin County,2020-06-18,31.72
Miami-Dade County,2020-06-18,31.51
Monroe County,2020-06-18,32.06
Nassau County,2020-06-18,28.35
Okaloosa County,2020-06-18,30.75
Okeechobee County,2020-06-18,32.16
Orange County,2020-06-18,31.62
Osceola County,2020-06-18,31.8
Palm Beach County,2020-06-18,31.96
Pasco County,2020-06-18,32.28
Pinellas County,2020-06-18,31.59
Polk County,2020-06-18,32.79
Putnam County,2020-06-18,29.84
St. Johns County,2020-06-18,28.6
St. Lucie County,2020-06-18,31.22
Santa Rosa County,2020-06-18,30.66
Sarasota County,2020-06-18,32.64
Seminole County,2020-06-18,31.27
Sumter County,2020-06-18,32.27
Suwannee County,2020-06-18,29.2
Taylor County,2020-06-18,29.52
Union County,2020-06-18,28.91
Volusia County,2020-06-18,30.33
Wakulla County,2020-06-18,29.19
Walton County,2020-06-18,30.7
Washington County,2020-06-18,31.02
Alachua County,2020-06-19,31.74
Baker County,2020-06-19,31.94
Bay County,2020-06-19,32.38
Bradford County,2020-06-19,31.72
Brevard County,2020-06-19,30.46
Broward County,2020-06-19,31.36
Calhoun County,2020-06-19,33.02
Charlotte County,2020-06-19,32.86
Citrus County,2020-06-19,32.62
Clay County,2020-06-19,31.85
Collier County,2020-06-19,32.44
Columbia County,2020-06-19,31.96
DeSoto County,2020-06-19,32.71
Dixie County,2020-06-19,31.79
Duval County,2020-06-19,31.23
Escambia County,2020-06-19,31.47
Flagler County,2020-06-19,32.0
Franklin County,2020-06-19,30.97
Gadsden County,2020-06-19,32.18
Gilchrist County,2020-06-19,31.9
Glades County,2020-06-19,32.12
Gulf County,2020-06-19,31.48
Hamilton County,2020-06-19,31.95
Hardee County,2020-06-19,32.92
Hendry County,2020-06-19,32.14
Hernando County,2020-06-19,32.73
Highlands County,2020-06-19,32.52
Hillsborough County,2020-06-19,32.87
Holmes County,2020-06-19,33.04
Indian River County,2020-06-19,30.72
Jackson County,2020-06-19,33.3
Jefferson County,2020-06-19,32.01
Lafayette County,2020-06-19,32.13
Lake County,2020-06-19,33.12
Lee County,2020-06-19,32.46
Leon County,2020-06-19,32.07
Levy County,2020-06-19,31.68
Liberty County,2020-06-19,32.15
Madison County,2020-06-19,32.04
Manatee County,2020-06-19,32.38
Marion County,2020-06-19,32.63
Martin County,2020-06-19,30.5
Miami-Dade County,2020-06-19,31.82
Monroe County,2020-06-19,32.19
Nassau County,2020-06-19,31.62
Okaloosa County,2020-06-19,32.29
Okeechobee County,2020-06-19,31.61
Orange County,2020-06-19,32.66
Osceola County,2020-06-19,32.38
Palm Beach County,2020-06-19,30.81
Pasco County,2020-06-19,32.74
Pinellas County,2020-06-19,31.6
Polk County,2020-06-19,33.27
Putnam County,2020-06-19,32.34
St. Johns County,2020-06-19,31.31
St. Lucie County,2020-06-19,30.5
Santa Rosa County,2020-06-19,31.95
Sarasota County,2020-06-19,32.21
Seminole County,2020-06-19,32.55
Sumter County,2020-06-19,33.16
Suwannee County,2020-06-19,32.06
Taylor County,2020-06-19,32.04
Union County,2020-06-19,31.77
Volusia County,2020-06-19,31.99
Wakulla County,2020-06-19,31.83
Walton County,2020-06-19,32.55
Washington County,2020-06-19,33.45
Alachua County,2020-06-20,33.08
Baker County,2020-06-20,33.34
Bay County,2020-06-20,33.3
Bradford County,2020-06-20,32.85
Brevard County,2020-06-20,29.4
Broward County,2020-06-20,32.25
Calhoun County,2020-06-20,34.36
Charlotte County,2020-06-20,31.95
Citrus County,2020-06-20,33.37
Clay County,2020-06-20,32.32
Collier County,2020-06-20,32.46
Columbia County,2020-06-20,33.74
DeSoto County,2020-06-20,31.46
Dixie County,2020-06-20,33.51
Duval County,2020-06-20,31.46
Escambia County,2020-06-20,32.26
Flagler County,2020-06-20,31.5
Franklin County,2020-06-20,32.63
Gadsden County,2020-06-20,33.82
Gilchrist County,2020-06-20,33.7
Glades County,2020-06-20,31.33
Gulf County,2020-06-20,32.75
Hamilton County,2020-06-20,33.7
Hardee County,2020-06-20,31.53
Hendry County,2020-06-20,32.23
Hernando County,2020-06-20,33.11
Highlands County,2020-06-20,30.98
Hillsborough County,2020-06-20,32.34
Holmes County,2020-06-20,34.13
Indian River County,2020-06-20,29.65
Jackson County,2020-06-20,34.57
Jefferson County,2020-06-20,33.64
Lafayette County,2020-06-20,33.93
Lake County,2020-06-20,33.15
Lee County,2020-06-20,31.87
Leon County,2020-06-20,33.77
Levy County,2020-06-20,33.1
Liberty County,2020-06-20,33.81
Madison County,2020-06-20,33.71
Manatee County,2020-06-20,31.73
Marion County,2020-06-20,33.34
Martin County,2020-06-20,31.19
Miami-Dade County,2020-06-20,31.85
Monroe County,2020-06-20,32.19
Nassau County,2020-06-20,32.27
Okaloosa County,2020-06-20,33.07
Okeechobee County,2020-06-20,30.5
Orange County,2020-06-20,32.0
Osceola County,2020-06-20,30.95
Palm Beach County,2020-06-20,32.04
Pasco County,2020-06-20,32.81
Pinellas County,2020-06-20,31.88
Polk County,2020-06-20,32.06
Putnam County,2020-06-20,32.56
St. Johns County,2020-06-20,30.95
St. Lucie County,2020-06-20,30.28
Santa Rosa County,2020-06-20,32.69
Sarasota County,2020-06-20,31.61
Seminole County,2020-06-20,32.01
Sumter County,2020-06-20,33.54
Suwannee County,2020-06-20,33.88
Taylor County,2020-06-20,33.72
Union County,2020-06-20,33.3
Volusia County,2020-06-20,31.53
Wakulla County,2020-06-20,33.54
Walton County,2020-06-20,33.34
Washington County,2020-06-20,34.47
Alachua County,2020-06-21,33.01
Baker County,2020-06-21,33.03
Bay County,2020-06-21,34.0
Bradford County,2020-06-21,32.87
Brevard County,2020-06-21,32.07
Broward County,2020-06-21,33.39
Calhoun County,2020-06-21,35.15
Charlotte County,2020-06-21,33.61
Citrus County,2020-06-21,33.57
Clay County,2020-06-21,32.84
Collier County,2020-06-21,33.95
Columbia County,2020-06-21,33.17
DeSoto County,2020-06-21,33.67
Dixie County,2020-06-21,33.41
Duval County,2020-06-21,32.29
Escambia County,2020-06-21,33.43
Flagler County,2020-06-21,33.15
Franklin County,2020-06-21,33.22
Gadsden County,2020-06-21,34.6
Gilchrist County,2020-06-21,33.42
Glades County,2020-06-21,33.86
Gulf County,2020-06-21,33.46
Hamilton County,2020-06-21,32.94
Hardee County,2020-06-21,33.9
Hendry County,2020-06-21,34.08
Hernando County,2020-06-21,33.54
Highlands County,2020-06-21,34.0
Hillsborough County,2020-06-21,33.36
Holmes County,2020-06-21,35.15
Indian River County,2020-06-21,32.44
Jackson County,2020-06-21,35.54
Jefferson County,2020-06-21,33.98
Lafayette County,2020-06-21,33.7
Lake County,2020-06-21,34.22
Lee County,2020-06-21,33.23
Leon County,2020-06-21,34.4
Levy County,2020-06-21,33.03
Liberty County,2020-06-21,34.56
Madison County,2020-06-21,33.53
Manatee County,2020-06-21,33.02
Marion County,2020-06-21,33.73
Martin County,2020-06-21,32.82
Miami-Dade County,2020-06-21,33.21
Monroe County,2020-06-21,33.25
Nassau County,2020-06-21,32.7
Okaloosa County,2020-06-21,34.19
Okeechobee County,2020-06-21,33.5
Orange County,2020-06-21,33.97
Osceola County,2020-06-21,33.77
Palm Beach County,2020-06-21,33.25
Pasco County,2020-06-21,33.48
Pinellas County,2020-06-21,32.17
Polk County,2020-06-21,34.25
Putnam County,2020-06-21,33.33
St. Johns County,2020-06-21,32.29
St. Lucie County,2020-06-21,32.51
Santa Rosa County,2020-06-21,33.88
Sarasota County,2020-06-21,32.79
Seminole County,2020-06-21,33.99
Sumter County,2020-06-21,34.1
Suwannee County,2020-06-21,33.36
Taylor County,2020-06-21,33.82
Union County,2020-06-21,33.03
Volusia County,2020-06-21,33.48
Wakulla County,2020-06-21,34.16
Walton County,2020-06-21,34.34
Washington County,2020-06-21,35.35
Alachua County,2020-06-22,33.16
Baker County,2020-06-22,33.61
Bay County,2020-06-22,32.79
Bradford County,2020-06-22,33.27
Brevard County,2020-06-22,32.6
Broward County,2020-06-22,33.4
Calhoun County,2020-06-22,33.99
Charlotte County,2020-06-22,34.1
Citrus County,2020-06-22,33.74
Clay County,2020-06-22,33.58
Collier County,2020-06-22,33.98
Columbia County,2020-06-22,33.52
DeSoto County,2020-06-22,34.21
Dixie County,2020-06-22,33.04
Duval County,2020-06-22,33.37
Escambia County,2020-06-22,33.13
Flagler County,2020-06-22,33.72
Franklin County,2020-06-22,31.95
Gadsden County,2020-06-22,33.81
Gilchrist County,2020-06-22,33.32
Glades County,2020-06-22,34.37
Gulf County,2020-06-22,32.07
Hamilton County,2020-06-22,33.54
Hardee County,2020-06-22,34.44
Hendry County,2020-06-22,34.44
Hernando County,2020-06-22,33.83
Highlands County,2020-06-22,34.54
Hillsborough County,2020-06-22,33.8
Holmes County,2020-06-22,34.14
Indian River County,2020-06-22,33.38
Jackson County,2020-06-22,34.58
Jefferson County,2020-06-22,33.65
Lafayette County,2020-06-22,33.53
Lake County,2020-06-22,34.76
Lee County,2020-06-22,33.54
Leon County,2020-06-22,33.77
Levy County,2020-06-22,32.9
Liberty County,2020-06-22,33.4
Madison County,2020-06-22,33.62
Manatee County,2020-06-22,33.61
Marion County,2020-06-22,34.1
Martin County,2020-06-22,33.84
Miami-Dade County,2020-06-22,33.09
Monroe County,2020-06-22,33.22
Nassau County,2020-06-22,33.85
Okaloosa County,2020-06-22,33.52
Okeechobee County,2020-06-22,34.27
Orange County,2020-06-22,34.46
Osceola County,2020-06-22,34.34
Palm Beach County,2020-06-22,33.77
Pasco County,2020-06-22,33.83
Pinellas County,2020-06-22,32.4
Polk County,2020-06-22,34.76
Putnam County,2020-06-22,33.97
St. Johns County,2020-06-22,33.16
St. Lucie County,2020-06-22,33.61
Santa Rosa County,2020-06-22,33.51
Sarasota County,2020-06-22,33.42
Seminole County,2020-06-22,34.46
Sumter County,2020-06-22,34.59
Suwannee County,2020-06-22,33.55
Taylor County,2020-06-22,33.41
Union County,2020-06-22,33.32
Volusia County,2020-06-22,33.85
Wakulla County,2020-06-22,33.26
Walton County,2020-06-22,33.37
Washington County,2020-06-22,34.22
Alachua County,2020-06-23,33.32
Baker County,2020-06-23,33.52
Bay County,2020-06-23,32.55
Bradford County,2020-06-23,33.37
Brevard County,2020-06-23,32.43
Broward County,2020-06-23,34.31
Calhoun County,2020-06-23,33.66
Charlotte County,2020-06-23,34.09
Citrus County,2020-06-23,34.2
Clay County,2020-06-23,33.66
Collier County,2020-06-23,34.37
Columbia County,2020-06-23,33.37
DeSoto County,2020-06-23,34.28
Dixie County,2020-06-23,33.16
Duval County,2020-06-23,33.31
Escambia County,2020-06-23,30.43
Flagler County,2020-06-23,33.81
Franklin County,2020-06-23,32.07
Gadsden County,2020-06-23,33.42
Gilchrist County,2020-06-23,33.35
Glades County,2020-06-23,34.45
Gulf County,2020-06-23,32.01
Hamilton County,2020-06-23,33.14
Hardee County,2020-06-23,34.69
Hendry County,2020-06-23,34.71
Hernando County,2020-06-23,34.34
Highlands County,2020-06-23,34.72
Hillsborough County,2020-06-23,34.24
Holmes County,2020-06-23,32.93
Indian River County,2020-06-23,33.29
Jackson County,2020-06-23,33.89
Jefferson County,2020-06-23,33.22
Lafayette County,2020-06-23,33.41
Lake County,2020-06-23,35.07
Lee County,2020-06-23,33.61
Leon County,2020-06-23,33.34
Levy County,2020-06-23,33.17
Liberty County,2020-06-23,33.17
Madison County,2020-06-23,33.19
Manatee County,2020-06-23,33.76
Marion County,2020-06-23,34.41
Martin County,2020-06-23,34.18
Miami-Dade County,2020-06-23,33.79
Monroe County,2020-06-23,33.69
Nassau County,2020-06-23,33.73
Okaloosa County,2020-06-23,31.99
Okeechobee County,2020-06-23,34.34
Orange County,2020-06-23,34.55
Osceola County,2020-06-23,34.39
Palm Beach County,2020-06-23,34.51
Pasco County,2020-06-23,34.33
Pinellas County,2020-06-23,33.09
Polk County,2020-06-23,35.09
Putnam County,2020-06-23,34.15
St. Johns County,2020-06-23,33.25
St. Lucie County,2020-06-23,33.65
Santa Rosa County,2020-06-23,31.34
Sarasota County,2020-06-23,33.38
Seminole County,2020-06-23,34.5
Sumter County,2020-06-23,34.95
Suwannee County,2020-06-23,33.33
Taylor County,2020-06-23,33.28
Union County,2020-06-23,33.32
Volusia County,2020-06-23,33.89
Wakulla County,2020-06-23,33.08
Walton County,2020-06-23,32.34
Washington County,2020-06-23,33.42
Alachua County,2020-06-24,33.04
Baker County,2020-06-24,33.25
Bay County,2020-06-24,31.43
Bradford County,2020-06-24,33.15
Brevard County,2020-06-24,33.62
Broward County,2020-06-24,34.9
Calhoun County,2020-06-24,31.82
Charlotte County,2020-06-24,35.03
Citrus County,2020-06-24,33.62
Clay County,2020-06-24,33.58
Collier County,2020-06-24,35.32
Columbia County,2020-06-24,33.32
DeSoto County,2020-06-24,34.94
Dixie County,2020-06-24,33.41
Duval County,2020-06-24,33.5
Escambia County,2020-06-24,31.05
Flagler County,2020-06-24,34.52
Franklin County,2020-06-24,31.43
Gadsden County,2020-06-24,31.67
Gilchrist County,2020-06-24,33.4
Glades County,2020-06-24,35.42
Gulf County,2020-06-24,31.05
Hamilton County,2020-06-24,33.15
Hardee County,2020-06-24,34.97
Hendry County,2020-06-24,35.7
Hernando County,2020-06-24,33.57
Highlands County,2020-06-24,35.39
Hillsborough County,2020-06-24,33.96
Holmes County,2020-06-24,31.29
Indian River County,2020-06-24,34.13
Jackson County,2020-06-24,31.73
Jefferson County,2020-06-24,32.61
Lafayette County,2020-06-24,33.53
Lake County,2020-06-24,34.2
Lee County,2020-06-24,34.69
Leon County,2020-06-24,32.09
Levy County,2020-06-24,33.13
Liberty County,2020-06-24,31.65
Madison County,2020-06-24,33.03
Manatee County,2020-06-24,33.97
Marion County,2020-06-24,33.68
Martin County,2020-06-24,34.91
Miami-Dade County,2020-06-24,34.31
Monroe County,2020-06-24,34.38
Nassau County,2020-06-24,33.36
Okaloosa County,2020-06-24,31.35
Okeechobee County,2020-06-24,35.11
Orange County,2020-06-24,34.36
Osceola County,2020-06-24,34.64
Palm Beach County,2020-06-24,35.11
Pasco County,2020-06-24,33.6
Pinellas County,2020-06-24,33.3
Polk County,2020-06-24,34.89
Putnam County,2020-06-24,33.91
St. Johns County,2020-06-24,34.14
St. Lucie County,2020-06-24,34.53
Santa Rosa County,2020-06-24,31.22
Sarasota County,2020-06-24,33.96
Seminole County,2020-06-24,34.4
Sumter County,2020-06-24,33.85
Suwannee County,2020-06-24,33.46
Taylor County,2020-06-24,33.25
Union County,2020-06-24,33.18
Volusia County,2020-06-24,34.47
Wakulla County,2020-06-24,32.09
Walton County,2020-06-24,31.28
Washington County,2020-06-24,31.68
Alachua County,2020-06-25,34.29
Baker County,2020-06-25,33.95
Bay County,2020-06-25,32.35
Bradford County,2020-06-25,34.21
Brevard County,2020-06-25,33.51
Broward County,2020-06-25,35.11
Calhoun County,2020-06-25,33.08
Charlotte County,2020-06-25,35.08
Citrus County,2020-06-25,34.71
Clay County,2020-06-25,34.52
Collier County,2020-06-25,35.25
Columbia County,2020-06-25,34.03
DeSoto County,2020-06-25,35.24
Dixie County,2020-06-25,34.17
Duval County,2020-06-25,33.94
Escambia County,2020-06-25,30.98
Flagler County,2020-06-25,35.43
Franklin County,2020-06-25,32.16
Gadsden County,2020-06-25,32.56
Gilchrist County,2020-06-25,34.4
Glades County,2020-06-25,35.45
Gulf County,2020-06-25,32.04
Hamilton County,2020-06-25,33.53
Hardee County,2020-06-25,35.43
Hendry County,2020-06-25,35.65
Hernando County,2020-06-25,34.64
Highlands County,2020-06-25,35.56
Hillsborough County,2020-06-25,34.66
Holmes County,2020-06-25,32.61
Indian River County,2020-06-25,34.18
Jackson County,2020-06-25,33.0
Jefferson County,2020-06-25,33.06
Lafayette County,2020-06-25,34.29
Lake County,2020-06-25,35.62
Lee County,2020-06-25,34.53
Leon County,2020-06-25,32.82
Levy County,2020-06-25,34.11
Liberty County,2020-06-25,32.78
Madison County,2020-06-25,33.43
Manatee County,2020-06-25,34.56
Marion County,2020-06-25,35.18
Martin County,2020-06-25,34.99
Miami-Dade County,2020-06-25,34.64
Monroe County,2020-06-25,34.51
Nassau County,2020-06-25,33.88
Okaloosa County,2020-06-25,31.96
Okeechobee County,2020-06-25,35.26
Orange County,2020-06-25,35.28
Osceola County,2020-06-25,35.12
Palm Beach County,2020-06-25,35.3
Pasco County,2020-06-25,34.62
Pinellas County,2020-06-25,33.62
Polk County,2020-06-25,35.58
Putnam County,2020-06-25,35.24
St. Johns County,2020-06-25,34.68
St. Lucie County,2020-06-25,34.55
Santa Rosa County,2020-06-25,31.51
Sarasota County,2020-06-25,34.36
Seminole County,2020-06-25,35.43
Sumter County,2020-06-25,35.27
Suwannee County,2020-06-25,34.1
Taylor County,2020-06-25,33.82
Union County,2020-06-25,34.15
Volusia County,2020-06-25,35.3
Wakulla County,2020-06-25,32.87
Walton County,2020-06-25,32.19
Washington County,2020-06-25,33.06
Alachua County,2020-06-26,34.54
Baker County,2020-06-26,33.67
Bay County,2020-06-26,32.57
Bradford County,2020-06-26,34.12
Brevard County,2020-06-26,33.43
Broward County,2020-06-26,34.55
Calhoun County,2020-06-26,33.05
Charlotte County,2020-06-26,35.17
Citrus County,2020-06-26,35.81
Clay County,2020-06-26,34.14
Collier County,2020-06-26,34.92
Columbia County,2020-06-26,33.89
DeSoto County,2020-06-26,35.26
Dixie County,2020-06-26,34.54
Duval County,2020-06-26,33.22
Escambia County,2020-06-26,32.49
Flagler County,2020-06-26,34.84
Franklin County,2020-06-26,32.32
Gadsden County,2020-06-26,32.43
Gilchrist County,2020-06-26,34.72
Glades County,2020-06-26,35.16
Gulf County,2020-06-26,32.26
Hamilton County,2020-06-26,33.23
Hardee County,2020-06-26,35.65
Hendry County,2020-06-26,35.21
Hernando County,2020-06-26,35.81
Highlands County,2020-06-26,35.46
Hillsborough County,2020-06-26,35.49
Holmes County,2020-06-26,32.31
Indian River County,2020-06-26,33.98
Jackson County,2020-06-26,32.62
Jefferson County,2020-06-26,33.02
Lafayette County,2020-06-26,34.34
Lake County,2020-06-26,36.46
Lee County,2020-06-26,34.64
Leon County,2020-06-26,32.76
Levy County,2020-06-26,34.82
Liberty County,2020-06-26,32.78
Madison County,2020-06-26,33.28
Manatee County,2020-06-26,35.02
Marion County,2020-06-26,35.83
Martin County,2020-06-26,34.69
Miami-Dade County,2020-06-26,34.15
Monroe County,2020-06-26,34.23
Nassau County,2020-06-26,33.13
Okaloosa County,2020-06-26,32.54
Okeechobee County,2020-06-26,35.02
Orange County,2020-06-26,35.83
Osceola County,2020-06-26,35.4
Palm Beach County,2020-06-26,34.83
Pasco County,2020-06-26,35.68
Pinellas County,2020-06-26,34.34
Polk County,2020-06-26,36.2
Putnam County,2020-06-26,35.07
St. Johns County,2020-06-26,33.83
St. Lucie County,2020-06-26,34.26
Santa Rosa County,2020-06-26,32.62
Sarasota County,2020-06-26,34.7
Seminole County,2020-06-26,35.76
Sumter County,2020-06-26,36.47
Suwannee County,2020-06-26,33.99
Taylor County,2020-06-26,33.85
Union County,2020-06-26,34.09
Volusia County,2020-06-26,35.15
Wakulla County,2020-06-26,32.86
Walton County,2020-06-26,32.39
Washington County,2020-06-26,33.0
Alachua County,2020-06-27,34.38
Baker County,2020-06-27,34.12
Bay County,2020-06-27,32.68
Bradford County,2020-06-27,34.07
Brevard County,2020-06-27,32.76
Broward County,2020-06-27,34.21
Calhoun County,2020-06-27,33.26
Charlotte County,2020-06-27,35.61
Citrus County,2020-06-27,36.05
Clay County,2020-06-27,33.92
Collier County,2020-06-27,34.9
Columbia County,2020-06-27,34.34
DeSoto County,2020-06-27,35.38
Dixie County,2020-06-27,34.69
Duval County,2020-06-27,33.16
Escambia County,2020-06-27,31.93
Flagler County,2020-06-27,33.92
Franklin County,2020-06-27,32.74
Gadsden County,2020-06-27,33.09
Gilchrist County,2020-06-27,34.71
Glades County,2020-06-27,34.78
Gulf County,2020-06-27,32.5
Hamilton County,2020-06-27,34.11
Hardee County,2020-06-27,35.68
Hendry County,2020-06-27,34.96
Hernando County,2020-06-27,36.36
Highlands County,2020-06-27,35.01
Hillsborough County,2020-06-27,36.38
Holmes County,2020-06-27,32.44
Indian River County,2020-06-27,33.32
Jackson County,2020-06-27,33.12
Jefferson County,2020-06-27,33.74
Lafayette County,2020-06-27,34.65
Lake County,2020-06-27,35.97
Lee County,2020-06-27,35.08
Leon County,2020-06-27,33.39
Levy County,2020-06-27,34.8
Liberty County,2020-06-27,33.1
Madison County,2020-06-27,34.08
Manatee County,2020-06-27,35.94
Marion County,2020-06-27,35.45
Martin County,2020-06-27,34.07
Miami-Dade County,2020-06-27,34.04
Monroe County,2020-06-27,34.31
Nassau County,2020-06-27,33.61
Okaloosa County,2020-06-27,32.3
Okeechobee County,2020-06-27,34.37
Orange County,2020-06-27,35.14
Osceola County,2020-06-27,34.71
Palm Beach County,2020-06-27,34.29
Pasco County,2020-06-27,36.45
Pinellas County,2020-06-27,36.16
Polk County,2020-06-27,35.98
Putnam County,2020-06-27,34.5
St. Johns County,2020-06-27,33.18
St. Lucie County,2020-06-27,33.65
Santa Rosa County,2020-06-27,32.16
Sarasota County,2020-06-27,35.7
Seminole County,2020-06-27,34.94
Sumter County,2020-06-27,36.4
Suwannee County,2020-06-27,34.48
Taylor County,2020-06-27,34.3
Union County,2020-06-27,34.22
Volusia County,2020-06-27,34.22
Wakulla County,2020-06-27,33.3
Walton County,2020-06-27,32.31
Washington County,2020-06-27,33.02
Alachua County,2020-06-28,33.03
Baker County,2020-06-28,32.52
Bay County,2020-06-28,34.42
Bradford County,2020-06-28,32.57
Brevard County,2020-06-28,33.33
Broward County,2020-06-28,34.36
Calhoun County,2020-06-28,34.88
Charlotte County,2020-06-28,35.47
Citrus County,2020-06-28,35.44
Clay County,2020-06-28,33.04
Collier County,2020-06-28,35.32
Columbia County,2020-06-28,32.56
DeSoto County,2020-06-28,35.27
Dixie County,2020-06-28,34.27
Duval County,2020-06-28,32.83
Escambia County,2020-06-28,32.09
Flagler County,2020-06-28,34.18
Franklin County,2020-06-28,34.48
Gadsden County,2020-06-28,34.27
Gilchrist County,2020-06-28,33.46
Glades County,2020-06-28,35.15
Gulf County,2020-06-28,34.37
Hamilton County,2020-06-28,33.13
Hardee County,2020-06-28,35.5
Hendry County,2020-06-28,35.37
Hernando County,2020-06-28,35.77
Highlands County,2020-06-28,35.26
Hillsborough County,2020-06-28,35.8
Holmes County,2020-06-28,33.7
Indian River County,2020-06-28,33.76
Jackson County,2020-06-28,34.47
Jefferson County,2020-06-28,34.46
Lafayette County,2020-06-28,34.11
Lake County,2020-06-28,35.7
Lee County,2020-06-28,35.06
Leon County,2020-06-28,34.51
Levy County,2020-06-28,34.01
Liberty County,2020-06-28,34.72
Madison County,2020-06-28,34.11
Manatee County,2020-06-28,35.37
Marion County,2020-06-28,34.77
Martin County,2020-06-28,34.31
Miami-Dade County,2020-06-28,34.19
Monroe County,2020-06-28,34.52
Nassau County,2020-06-28,33.31
Okaloosa County,2020-06-28,33.08
Okeechobee County,2020-06-28,34.83
Orange County,2020-06-28,35.26
Osceola County,2020-06-28,35.05
Palm Beach County,2020-06-28,34.55
Pasco County,2020-06-28,35.85
Pinellas County,2020-06-28,35.24
Polk County,2020-06-28,35.84
Putnam County,2020-06-28,33.98
St. Johns County,2020-06-28,33.2
St. Lucie County,2020-06-28,33.92
Santa Rosa County,2020-06-28,32.63
Sarasota County,2020-06-28,35.19
Seminole County,2020-06-28,35.19
Sumter County,2020-06-28,35.89
Suwannee County,2020-06-28,33.41
Taylor County,2020-06-28,34.73
Union County,2020-06-28,32.35
Volusia County,2020-06-28,34.6
Wakulla County,2020-06-28,34.82
Walton County,2020-06-28,33.48
Washington County,2020-06-28,34.49
Alachua County,2020-06-29,34.83
Baker County,2020-06-29,35.02
Bay County,2020-06-29,34.22
Bradford County,2020-06-29,34.87
Brevard County,2020-06-29,33.88
Broward County,2020-06-29,34.58
Calhoun County,2020-06-29,35.15
Charlotte County,2020-06-29,34.87
Citrus County,2020-06-29,35.68
Clay County,2020-06-29,35.4
Collier County,2020-06-29,34.81
Columbia County,2020-06-29,34.84
DeSoto County,2020-06-29,34.84
Dixie County,2020-06-29,34.83
Duval County,2020-06-29,35.38
Escambia County,2020-06-29,32.98
Flagler County,2020-06-29,36.39
Franklin County,2020-06-29,33.58
Gadsden County,2020-06-29,34.67
Gilchrist County,2020-06-29,34.92
Glades County,2020-06-29,34.74
Gulf County,2020-06-29,33.6
Hamilton County,2020-06-29,34.61
Hardee County,2020-06-29,35.14
Hendry County,2020-06-29,35.02
Hernando County,2020-06-29,35.51
Highlands County,2020-06-29,34.92
Hillsborough County,2020-06-29,35.19
Holmes County,2020-06-29,34.71
Indian River County,2020-06-29,33.7
Jackson County,2020-06-29,35.5
Jefferson County,2020-06-29,34.57
Lafayette County,2020-06-29,34.81
Lake County,2020-06-29,36.32
Lee County,2020-06-29,34.27
Leon County,2020-06-29,34.61
Levy County,2020-06-29,34.92
Liberty County,2020-06-29,34.55
Madison County,2020-06-29,34.55
Manatee County,2020-06-29,34.75
Marion County,2020-06-29,35.89
Martin County,2020-06-29,34.4
Miami-Dade County,2020-06-29,34.32
Monroe County,2020-06-29,34.41
Nassau County,2020-06-29,35.58
Okaloosa County,2020-06-29,33.73
Okeechobee County,2020-06-29,34.55
Orange County,2020-06-29,35.81
Osceola County,2020-06-29,35.1
Palm Beach County,2020-06-29,34.73
Pasco County,2020-06-29,35.3
Pinellas County,2020-06-29,34.26
Polk County,2020-06-29,35.64
Putnam County,2020-06-29,35.96
St. Johns County,2020-06-29,35.83
St. Lucie County,2020-06-29,33.92
Santa Rosa County,2020-06-29,33.43
Sarasota County,2020-06-29,34.55
Seminole County,2020-06-29,36.13
Sumter County,2020-06-29,36.11
Suwannee County,2020-06-29,34.74
Taylor County,2020-06-29,34.74
Union County,2020-06-29,34.79
Volusia County,2020-06-29,36.22
Wakulla County,2020-06-29,34.47
Walton County,2020-06-29,33.98
Washington County,2020-06-29,35.11
Alachua County,2020-06-30,35.03
Baker County,2020-06-30,35.37
Bay County,2020-06-30,33.99
Bradford County,2020-06-30,35.11
Brevard County,2020-06-30,33.61
Broward County,2020-06-30,34.98
Calhoun County,2020-06-30,35.04
Charlotte County,2020-06-30,34.99
Citrus County,2020-06-30,35.67
Clay County,2020-06-30,35.43
Collier County,2020-06-30,35.32
Columbia County,2020-06-30,35.22
DeSoto County,2020-06-30,35.11
Dixie County,2020-06-30,34.74
Duval County,2020-06-30,35.27
Escambia County,2020-06-30,33.16
Flagler County,2020-06-30,35.72
Franklin County,2020-06-30,33.46
Gadsden County,2020-06-30,34.54
Gilchrist County,2020-06-30,35.07
Glades County,2020-06-30,35.71
Gulf County,2020-06-30,33.52
Hamilton County,2020-06-30,34.9
Hardee County,2020-06-30,35.39
Hendry County,2020-06-30,35.93
Hernando County,2020-06-30,35.57
Highlands County,2020-06-30,35.69
Hillsborough County,2020-06-30,35.06
Holmes County,2020-06-30,34.51
Indian River County,2020-06-30,34.3
Jackson County,2020-06-30,35.39
Jefferson County,2020-06-30,34.46
Lafayette County,2020-06-30,34.97
Lake County,2020-06-30,36.33
Lee County,2020-06-30,34.55
Leon County,2020-06-30,34.42
Levy County,2020-06-30,34.81
Liberty County,2020-06-30,34.48
Madison County,2020-06-30,34.66
Manatee County,2020-06-30,34.43
Marion County,2020-06-30,35.97
Martin County,2020-06-30,35.09
Miami-Dade County,2020-06-30,34.42
Monroe County,2020-06-30,34.43
Nassau County,2020-06-30,35.68
Okaloosa County,2020-06-30,33.57
Okeechobee County,2020-06-30,35.43
Orange County,2020-06-30,35.57
Osceola County,2020-06-30,35.25
Palm Beach County,2020-06-30,35.28
Pasco County,2020-06-30,35.37
Pinellas County,2020-06-30,34.12
Polk County,2020-06-30,35.82
Putnam County,2020-06-30,35.87
St. Johns County,2020-06-30,35.29
St. Lucie County,2020-06-30,34.68
Santa Rosa County,2020-06-30,33.44
Sarasota County,2020-06-30,34.09
Seminole County,2020-06-30,35.73
Sumter County,2020-06-30,36.28
Suwannee County,2020-06-30,35.03
Taylor County,2020-06-30,34.64
Union County,2020-06-30,35.15
Volusia County,2020-06-30,35.53
Wakulla County,2020-06-30,34.18
Walton County,2020-06-30,33.71
Washington County,2020-06-30,34.89
Alachua County,2020-07-01,34.8
Baker County,2020-07-01,34.62
Bay County,2020-07-01,34.52
Bradford County,2020-07-01,34.63
Brevard County,2020-07-01,34.99
Broward County,2020-07-01,35.6
Calhoun County,2020-07-01,35.28
Charlotte County,2020-07-01,35.11
Citrus County,2020-07-01,34.99
Clay County,2020-07-01,34.93
Collier County,2020-07-01,35.05
Columbia County,2020-07-01,34.56
DeSoto County,2020-07-01,35.24
Dixie County,2020-07-01,34.87
Duval County,2020-07-01,35.03
Escambia County,2020-07-01,33.93
Flagler County,2020-07-01,35.64
Franklin County,2020-07-01,34.03
Gadsden County,2020-07-01,35.04
Gilchrist County,2020-07-01,34.92
Glades County,2020-07-01,35.59
Gulf County,2020-07-01,34.21
Hamilton County,2020-07-01,34.67
Hardee County,2020-07-01,35.28
Hendry County,2020-07-01,35.65
Hernando County,2020-07-01,35.0
Highlands County,2020-07-01,35.61
Hillsborough County,2020-07-01,34.65
Holmes County,2020-07-01,35.02
Indian River County,2020-07-01,34.97
Jackson County,2020-07-01,35.55
Jefferson County,2020-07-01,34.64
Lafayette County,2020-07-01,34.84
Lake County,2020-07-01,36.0
Lee County,2020-07-01,34.63
Leon County,2020-07-01,34.93
Levy County,2020-07-01,34.77
Liberty County,2020-07-01,34.89
Madison County,2020-07-01,34.61
Manatee County,2020-07-01,34.47
Marion County,2020-07-01,35.15
Martin County,2020-07-01,35.11
Miami-Dade County,2020-07-01,35.43
Monroe County,2020-07-01,34.6
Nassau County,2020-07-01,35.26
Okaloosa County,2020-07-01,34.22
Okeechobee County,2020-07-01,35.69
Orange County,2020-07-01,36.15
Osceola County,2020-07-01,35.99
Palm Beach County,2020-07-01,35.4
Pasco County,2020-07-01,34.92
Pinellas County,2020-07-01,33.33
Polk County,2020-07-01,35.78
Putnam County,2020-07-01,35.27
St. Johns County,2020-07-01,35.02
St. Lucie County,2020-07-01,34.94
Santa Rosa County,2020-07-01,33.81
Sarasota County,2020-07-01,34.62
Seminole County,2020-07-01,36.41
Sumter County,2020-07-01,35.61
Suwannee County,2020-07-01,34.72
Taylor County,2020-07-01,34.65
Union County,2020-07-01,34.52
Volusia County,2020-07-01,36.09
Wakulla County,2020-07-01,34.67
Walton County,2020-07-01,34.43
Washington County,2020-07-01,35.45
Alachua County,2020-07-02,33.08
Baker County,2020-07-02,33.0
Bay County,2020-07-02,31.94
Bradford County,2020-07-02,32.99
Brevard County,2020-07-02,33.76
Broward County,2020-07-02,35.6
Calhoun County,2020-07-02,32.15
Charlotte County,2020-07-02,35.13
Citrus County,2020-07-02,33.96
Clay County,2020-07-02,33.28
Collier County,2020-07-02,35.04
Columbia County,2020-07-02,32.95
DeSoto County,2020-07-02,34.76
Dixie County,2020-07-02,33.35
Duval County,2020-07-02,33.62
Escambia County,2020-07-02,33.63
Flagler County,2020-07-02,33.58
Franklin County,2020-07-02,31.49
Gadsden County,2020-07-02,32.31
Gilchrist County,2020-07-02,33.27
Glades County,2020-07-02,35.16
Gulf County,2020-07-02,31.39
Hamilton County,2020-07-02,33.1
Hardee County,2020-07-02,34.67
Hendry County,2020-07-02,35.34
Hernando County,2020-07-02,34.21
Highlands County,2020-07-02,34.98
Hillsborough County,2020-07-02,34.3
Holmes County,2020-07-02,32.56
Indian River County,2020-07-02,34.76
Jackson County,2020-07-02,32.54
Jefferson County,2020-07-02,32.7
Lafayette County,2020-07-02,33.21
Lake County,2020-07-02,34.29
Lee County,2020-07-02,34.98
Leon County,2020-07-02,32.51
Levy County,2020-07-02,33.33
Liberty County,2020-07-02,31.87
Madison County,2020-07-02,32.92
Manatee County,2020-07-02,34.13
Marion County,2020-07-02,33.38
Martin County,2020-07-02,35.67
Miami-Dade County,2020-07-02,35.24
Monroe County,2020-07-02,34.73
Nassau County,2020-07-02,33.75
Okaloosa County,2020-07-02,33.27
Okeechobee County,2020-07-02,35.23
Orange County,2020-07-02,34.41
Osceola County,2020-07-02,34.83
Palm Beach County,2020-07-02,35.57
Pasco County,2020-07-02,34.27
Pinellas County,2020-07-02,33.46
Polk County,2020-07-02,34.95
Putnam County,2020-07-02,33.34
St. Johns County,2020-07-02,33.47
St. Lucie County,2020-07-02,35.39
Santa Rosa County,2020-07-02,33.35
Sarasota County,2020-07-02,34.57
Seminole County,2020-07-02,34.26
Sumter County,2020-07-02,34.33
Suwannee County,2020-07-02,33.16
Taylor County,2020-07-02,32.95
Union County,2020-07-02,32.94
Volusia County,2020-07-02,33.82
Wakulla County,2020-07-02,32.22
Walton County,2020-07-02,32.71
Washington County,2020-07-02,32.66
Alachua County,2020-07-03,32.81
Baker County,2020-07-03,33.24
Bay County,2020-07-03,32.52
Bradford County,2020-07-03,33.12
Brevard County,2020-07-03,34.5
Broward County,2020-07-03,35.07
Calhoun County,2020-07-03,32.65
Charlotte County,2020-07-03,34.37
Citrus County,2020-07-03,33.12
Clay County,2020-07-03,33.6
Collier County,2020-07-03,34.34
Columbia County,2020-07-03,32.85
DeSoto County,2020-07-03,33.91
Dixie County,2020-07-03,32.43
Duval County,2020-07-03,33.88
Escambia County,2020-07-03,31.83
Flagler County,2020-07-03,33.93
Franklin County,2020-07-03,32.19
Gadsden County,2020-07-03,32.36
Gilchrist County,2020-07-03,32.43
Glades County,2020-07-03,34.5
Gulf County,2020-07-03,32.21
Hamilton County,2020-07-03,32.94
Hardee County,2020-07-03,33.79
Hendry County,2020-07-03,34.55
Hernando County,2020-07-03,33.4
Highlands County,2020-07-03,34.31
Hillsborough County,2020-07-03,33.64
Holmes County,2020-07-03,32.68
Indian River County,2020-07-03,35.2
Jackson County,2020-07-03,32.8
Jefferson County,2020-07-03,32.35
Lafayette County,2020-07-03,32.5
Lake County,2020-07-03,33.94
Lee County,2020-07-03,34.19
Leon County,2020-07-03,32.41
Levy County,2020-07-03,32.35
Liberty County,2020-07-03,32.37
Madison County,2020-07-03,32.46
Manatee County,2020-07-03,33.4
Marion County,2020-07-03,33.01
Martin County,2020-07-03,35.79
Miami-Dade County,2020-07-03,34.94
Monroe County,2020-07-03,34.5
Nassau County,2020-07-03,33.96
Okaloosa County,2020-07-03,32.59
Okeechobee County,2020-07-03,35.05
Orange County,2020-07-03,34.44
Osceola County,2020-07-03,34.8
Palm Beach County,2020-07-03,35.27
Pasco County,2020-07-03,33.49
Pinellas County,2020-07-03,32.89
Polk County,2020-07-03,34.29
Putnam County,2020-07-03,33.6
St. Johns County,2020-07-03,33.85
St. Lucie County,2020-07-03,35.65
Santa Rosa County,2020-07-03,31.94
Sarasota County,2020-07-03,33.87
Seminole County,2020-07-03,34.47
Sumter County,2020-07-03,33.59
Suwannee County,2020-07-03,32.69
Taylor County,2020-07-03,32.48
Union County,2020-07-03,32.89
Volusia County,2020-07-03,34.14
Wakulla County,2020-07-03,32.5
Walton County,2020-07-03,32.68
Washington County,2020-07-03,32.92
Alachua County,2020-07-04,32.81
Baker County,2020-07-04,32.78
Bay County,2020-07-04,33.64
Bradford County,2020-07-04,32.83
Brevard County,2020-07-04,33.16
Broward County,2020-07-04,35.08
Calhoun County,2020-07-04,34.13
Charlotte County,2020-07-04,34.81
Citrus County,2020-07-04,32.51
Clay County,2020-07-04,32.83
Collier County,2020-07-04,34.66
Columbia County,2020-07-04,32.89
DeSoto County,2020-07-04,34.55
Dixie County,2020-07-04,32.6
Duval County,2020-07-04,32.26
Escambia County,2020-07-04,33.47
Flagler County,2020-07-04,32.49
Franklin County,2020-07-04,33.15
Gadsden County,2020-07-04,33.63
Gilchrist County,2020-07-04,32.77
Glades County,2020-07-04,34.7
Gulf County,2020-07-04,33.58
Hamilton County,2020-07-04,33.19
Hardee County,2020-07-04,34.25
Hendry County,2020-07-04,34.94
Hernando County,2020-07-04,32.81
Highlands County,2020-07-04,34.46
Hillsborough County,2020-07-04,33.32
Holmes County,2020-07-04,34.17
Indian River County,2020-07-04,34.29
Jackson County,2020-07-04,34.2
Jefferson County,2020-07-04,33.28
Lafayette County,2020-07-04,32.97
Lake County,2020-07-04,33.2
Lee County,2020-07-04,34.55
Leon County,2020-07-04,33.56
Levy County,2020-07-04,32.24
Liberty County,2020-07-04,33.83
Madison County,2020-07-04,33.2
Manatee County,2020-07-04,33.77
Marion County,2020-07-04,32.59
Martin County,2020-07-04,35.25
Miami-Dade County,2020-07-04,34.88
Monroe County,2020-07-04,34.37
Nassau County,2020-07-04,32.16
Okaloosa County,2020-07-04,33.65
Okeechobee County,2020-07-04,34.67
Orange County,2020-07-04,33.45
Osceola County,2020-07-04,34.0
Palm Beach County,2020-07-04,35.16
Pasco County,2020-07-04,33.08
Pinellas County,2020-07-04,32.36
Polk County,2020-07-04,34.06
Putnam County,2020-07-04,32.89
St. Johns County,2020-07-04,32.17
St. Lucie County,2020-07-04,34.89
Santa Rosa County,2020-07-04,33.22
Sarasota County,2020-07-04,34.35
Seminole County,2020-07-04,33.34
Sumter County,2020-07-04,33.07
Suwannee County,2020-07-04,33.05
Taylor County,2020-07-04,32.89
Union County,2020-07-04,32.82
Volusia County,2020-07-04,32.77
Wakulla County,2020-07-04,33.31
Walton County,2020-07-04,33.75
Washington County,2020-07-04,34.47
Alachua County,2020-07-05,31.27
Baker County,2020-07-05,32.28
Bay County,2020-07-05,32.52
Bradford County,2020-07-05,31.96
Brevard County,2020-07-05,33.06
Broward County,2020-07-05,34.53
Calhoun County,2020-07-05,32.74
Charlotte County,2020-07-05,34.74
Citrus County,2020-07-05,31.16
Clay County,2020-07-05,32.62
Collier County,2020-07-05,34.04
Columbia County,2020-07-05,31.48
DeSoto County,2020-07-05,34.56
Dixie County,2020-07-05,30.19
Duval County,2020-07-05,33.03
Escambia County,2020-07-05,32.18
Flagler County,2020-07-05,32.49
Franklin County,2020-07-05,31.53
Gadsden County,2020-07-05,32.06
Gilchrist County,2020-07-05,30.45
Glades County,2020-07-05,34.8
Gulf County,2020-07-05,32.05
Hamilton County,2020-07-05,31.75
Hardee County,2020-07-05,34.42
Hendry County,2020-07-05,34.62
Hernando County,2020-07-05,31.87
Highlands County,2020-07-05,34.81
Hillsborough County,2020-07-05,33.29
Holmes County,2020-07-05,32.63
Indian River County,2020-07-05,34.3
Jackson County,2020-07-05,32.89
Jefferson County,2020-07-05,31.17
Lafayette County,2020-07-05,30.63
Lake County,2020-07-05,32.68
Lee County,2020-07-05,34.33
Leon County,2020-07-05,31.61
Levy County,2020-07-05,30.14
Liberty County,2020-07-05,32.18
Madison County,2020-07-05,31.15
Manatee County,2020-07-05,33.73
Marion County,2020-07-05,31.41
Martin County,2020-07-05,35.03
Miami-Dade County,2020-07-05,34.04
Monroe County,2020-07-05,33.91
Nassau County,2020-07-05,33.27
Okaloosa County,2020-07-05,32.47
Okeechobee County,2020-07-05,34.97
Orange County,2020-07-05,33.39
Osceola County,2020-07-05,34.34
Palm Beach County,2020-07-05,34.89
Pasco County,2020-07-05,32.48
Pinellas County,2020-07-05,32.3
Polk County,2020-07-05,34.25
Putnam County,2020-07-05,32.4
St. Johns County,2020-07-05,32.57
St. Lucie County,2020-07-05,34.73
Santa Rosa County,2020-07-05,32.01
Sarasota County,2020-07-05,34.22
Seminole County,2020-07-05,33.22
Sumter County,2020-07-05,32.09
Suwannee County,2020-07-05,31.08
Taylor County,2020-07-05,30.69
Union County,2020-07-05,31.56
Volusia County,2020-07-05,32.65
Wakulla County,2020-07-05,31.5
Walton County,2020-07-05,32.55
Washington County,2020-07-05,32.92
Alachua County,2020-07-06,30.9
Baker County,2020-07-06,30.69
Bay County,2020-07-06,30.49
Bradford County,2020-07-06,31.05
Brevard County,2020-07-06,32.75
Broward County,2020-07-06,34.14
Calhoun County,2020-07-06,30.88
Charlotte County,2020-07-06,34.57
Citrus County,2020-07-06,31.54
Clay County,2020-07-06,31.71
Collier County,2020-07-06,33.7
Columbia County,2020-07-06,30.11
DeSoto County,2020-07-06,34.17
Dixie County,2020-07-06,30.56
Duval County,2020-07-06,31.86
Escambia County,2020-07-06,29.74
Flagler County,2020-07-06,32.34
Franklin County,2020-07-06,31.29
Gadsden County,2020-07-06,30.53
Gilchrist County,2020-07-06,30.38
Glades County,2020-07-06,34.2
Gulf County,2020-07-06,31.0
Hamilton County,2020-07-06,29.79
Hardee County,2020-07-06,33.96
Hendry County,2020-07-06,33.99
Hernando County,2020-07-06,32.02
Highlands County,2020-07-06,34.19
Hillsborough County,2020-07-06,33.12
Holmes County,2020-07-06,30.23
Indian River County,2020-07-06,33.52
Jackson County,2020-07-06,30.68
Jefferson County,2020-07-06,30.01
Lafayette County,2020-07-06,30.09
Lake County,2020-07-06,32.67
Lee County,2020-07-06,34.25
Leon County,2020-07-06,30.55
Levy County,2020-07-06,30.7
Liberty County,2020-07-06,31.09
Madison County,2020-07-06,29.64
Manatee County,2020-07-06,33.5
Marion County,2020-07-06,31.44
Martin County,2020-07-06,34.6
Miami-Dade County,2020-07-06,33.89
Monroe County,2020-07-06,33.85
Nassau County,2020-07-06,31.66
Okaloosa County,2020-07-06,29.78
Okeechobee County,2020-07-06,34.22
Orange County,2020-07-06,33.22
Osceola County,2020-07-06,33.81
Palm Beach County,2020-07-06,34.45
Pasco County,2020-07-06,32.43
Pinellas County,2020-07-06,32.39
Polk County,2020-07-06,33.85
Putnam County,2020-07-06,31.97
St. Johns County,2020-07-06,32.03
St. Lucie County,2020-07-06,34.09
Santa Rosa County,2020-07-06,29.39
Sarasota County,2020-07-06,34.12
Seminole County,2020-07-06,33.22
Sumter County,2020-07-06,32.12
Suwannee County,2020-07-06,29.9
Taylor County,2020-07-06,30.32
Union County,2020-07-06,30.56
Volusia County,2020-07-06,32.76
Wakulla County,2020-07-06,31.1
Walton County,2020-07-06,29.95
Washington County,2020-07-06,30.48
Alachua County,2020-07-07,30.43
Baker County,2020-07-07,30.23
Bay County,2020-07-07,30.77
Bradford County,2020-07-07,30.55
Brevard County,2020-07-07,32.32
Broward County,2020-07-07,33.21
Calhoun County,2020-07-07,31.04
Charlotte County,2020-07-07,34.04
Citrus County,2020-07-07,31.67
Clay County,2020-07-07,31.36
Collier County,2020-07-07,33.17
Columbia County,2020-07-07,29.6
DeSoto County,2020-07-07,33.65
Dixie County,2020-07-07,30.07
Duval County,2020-07-07,31.31
Escambia County,2020-07-07,30.78
Flagler County,2020-07-07,32.18
Franklin County,2020-07-07,31.2
Gadsden County,2020-07-07,30.67
Gilchrist County,2020-07-07,29.85
Glades County,2020-07-07,33.39
Gulf County,2020-07-07,31.13
Hamilton County,2020-07-07,29.57
Hardee County,2020-07-07,33.47
Hendry County,2020-07-07,33.55
Hernando County,2020-07-07,32.36
Highlands County,2020-07-07,33.25
Hillsborough County,2020-07-07,33.33
Holmes County,2020-07-07,30.72
Indian River County,2020-07-07,32.9
Jackson County,2020-07-07,30.73
Jefferson County,2020-07-07,30.15
Lafayette County,2020-07-07,29.53
Lake County,2020-07-07,32.75
Lee County,2020-07-07,33.55
Leon County,2020-07-07,30.7
Levy County,2020-07-07,30.43
Liberty County,2020-07-07,31.17
Madison County,2020-07-07,29.61
Manatee County,2020-07-07,33.71
Marion County,2020-07-07,31.4
Martin County,2020-07-07,33.42
Miami-Dade County,2020-07-07,33.24
Monroe County,2020-07-07,33.38
Nassau County,2020-07-07,31.08
Okaloosa County,2020-07-07,30.88
Okeechobee County,2020-07-07,33.31
Orange County,2020-07-07,33.09
Osceola County,2020-07-07,33.33
Palm Beach County,2020-07-07,33.34
Pasco County,2020-07-07,32.86
Pinellas County,2020-07-07,32.97
Polk County,2020-07-07,33.44
Putnam County,2020-07-07,31.82
St. Johns County,2020-07-07,31.63
St. Lucie County,2020-07-07,33.17
Santa Rosa County,2020-07-07,30.56
Sarasota County,2020-07-07,34.23
Seminole County,2020-07-07,33.11
Sumter County,2020-07-07,32.34
Suwannee County,2020-07-07,29.4
Taylor County,2020-07-07,29.93
Union County,2020-07-07,29.98
Volusia County,2020-07-07,32.55
Wakulla County,2020-07-07,30.96
Walton County,2020-07-07,30.75
Washington County,2020-07-07,30.97
Alachua County,2020-07-08,31.03
Baker County,2020-07-08,30.15
Bay County,2020-07-08,29.84
Bradford County,2020-07-08,30.74
Brevard County,2020-07-08,33.05
Broward County,2020-07-08,34.08
Calhoun County,2020-07-08,29.58
Charlotte County,2020-07-08,34.42
Citrus County,2020-07-08,31.93
Clay County,2020-07-08,31.23
Collier County,2020-07-08,34.53
Columbia County,2020-07-08,29.94
DeSoto County,2020-07-08,33.65
Dixie County,2020-07-08,30.9
Duval County,2020-07-08,31.1
Escambia County,2020-07-08,31.04
Flagler County,2020-07-08,32.54
Franklin County,2020-07-08,29.58
Gadsden County,2020-07-08,29.24
Gilchrist County,2020-07-08,30.74
Glades County,2020-07-08,34.13
Gulf County,2020-07-08,29.32
Hamilton County,2020-07-08,29.75
Hardee County,2020-07-08,33.1
Hendry County,2020-07-08,34.51
Hernando County,2020-07-08,32.06
Highlands County,2020-07-08,33.54
Hillsborough County,2020-07-08,32.51
Holmes County,2020-07-08,30.19
Indian River County,2020-07-08,33.2
Jackson County,2020-07-08,29.89
Jefferson County,2020-07-08,29.47
Lafayette County,2020-07-08,30.2
Lake County,2020-07-08,32.51
Lee County,2020-07-08,34.5
Leon County,2020-07-08,29.42
Levy County,2020-07-08,31.28
Liberty County,2020-07-08,29.34
Madison County,2020-07-08,29.57
Manatee County,2020-07-08,32.94
Marion County,2020-07-08,31.65
Martin County,2020-07-08,33.94
Miami-Dade County,2020-07-08,34.34
Monroe County,2020-07-08,34.82
Nassau County,2020-07-08,30.77
Okaloosa County,2020-07-08,30.8
Okeechobee County,2020-07-08,33.69
Orange County,2020-07-08,32.89
Osceola County,2020-07-08,33.19
Palm Beach County,2020-07-08,34.04
Pasco County,2020-07-08,32.14
Pinellas County,2020-07-08,32.19
Polk County,2020-07-08,32.92
Putnam County,2020-07-08,31.87
St. Johns County,2020-07-08,31.94
St. Lucie County,2020-07-08,33.57
Santa Rosa County,2020-07-08,30.8
Sarasota County,2020-07-08,33.8
Seminole County,2020-07-08,33.07
Sumter County,2020-07-08,32.18
Suwannee County,2020-07-08,29.94
Taylor County,2020-07-08,30.09
Union County,2020-07-08,30.32
Volusia County,2020-07-08,32.99
Wakulla County,2020-07-08,29.71
Walton County,2020-07-08,30.32
Washington County,2020-07-08,30.16
Alachua County,2020-07-09,32.04
Baker County,2020-07-09,31.89
Bay County,2020-07-09,32.98
Bradford County,2020-07-09,31.97
Brevard County,2020-07-09,32.0
Broward County,2020-07-09,34.78
Calhoun County,2020-07-09,32.43
Charlotte County,2020-07-09,34.65
Citrus County,2020-07-09,32.07
Clay County,2020-07-09,32.26
Collier County,2020-07-09,34.82
Columbia County,2020-07-09,31.82
DeSoto County,2020-07-09,33.83
Dixie County,2020-07-09,32.44
Duval County,2020-07-09,32.34
Escambia County,2020-07-09,31.81
Flagler County,2020-07-09,31.97
Franklin County,2020-07-09,32.5
Gadsden County,2020-07-09,31.49
Gilchrist County,2020-07-09,32.23
Glades County,2020-07-09,34.16
Gulf County,2020-07-09,32.72
Hamilton County,2020-07-09,31.78
Hardee County,2020-07-09,33.2
Hendry County,2020-07-09,34.57
Hernando County,2020-07-09,32.09
Highlands County,2020-07-09,33.55
Hillsborough County,2020-07-09,32.65
Holmes County,2020-07-09,32.49
Indian River County,2020-07-09,33.34
Jackson County,2020-07-09,32.14
Jefferson County,2020-07-09,31.49
Lafayette County,2020-07-09,32.12
Lake County,2020-07-09,31.79
Lee County,2020-07-09,34.74
Leon County,2020-07-09,31.59
Levy County,2020-07-09,32.15
Liberty County,2020-07-09,32.19
Madison County,2020-07-09,31.55
Manatee County,2020-07-09,33.21
Marion County,2020-07-09,31.67
Martin County,2020-07-09,34.41
Miami-Dade County,2020-07-09,35.13
Monroe County,2020-07-09,35.22
Nassau County,2020-07-09,32.38
Okaloosa County,2020-07-09,32.89
Okeechobee County,2020-07-09,33.79
Orange County,2020-07-09,31.89
Osceola County,2020-07-09,32.73
Palm Beach County,2020-07-09,34.52
Pasco County,2020-07-09,32.23
Pinellas County,2020-07-09,32.32
Polk County,2020-07-09,32.76
Putnam County,2020-07-09,32.14
St. Johns County,2020-07-09,32.21
St. Lucie County,2020-07-09,33.98
Santa Rosa County,2020-07-09,32.12
Sarasota County,2020-07-09,34.1
Seminole County,2020-07-09,31.77
Sumter County,2020-07-09,31.9
Suwannee County,2020-07-09,31.94
Taylor County,2020-07-09,32.05
Union County,2020-07-09,31.86
Volusia County,2020-07-09,31.66
Wakulla County,2020-07-09,32.06
Walton County,2020-07-09,32.95
Washington County,2020-07-09,32.92
Alachua County,2020-07-10,33.19
Baker County,2020-07-10,33.0
Bay County,2020-07-10,32.25
Bradford County,2020-07-10,33.15
Brevard County,2020-07-10,33.96
Broward County,2020-07-10,35.35
Calhoun County,2020-07-10,32.3
Charlotte County,2020-07-10,34.98
Citrus County,2020-07-10,32.96
Clay County,2020-07-10,33.38
Collier County,2020-07-10,34.59
Columbia County,2020-07-10,32.87
DeSoto County,2020-07-10,34.74
Dixie County,2020-07-10,33.08
Duval County,2020-07-10,33.33
Escambia County,2020-07-10,32.71
Flagler County,2020-07-10,33.46
Franklin County,2020-07-10,31.97
Gadsden County,2020-07-10,32.3
Gilchrist County,2020-07-10,33.16
Glades County,2020-07-10,34.95
Gulf County,2020-07-10,31.88
Hamilton County,2020-07-10,32.86
Hardee County,2020-07-10,34.46
Hendry County,2020-07-10,34.97
Hernando County,2020-07-10,32.96
Highlands County,2020-07-10,34.78
Hillsborough County,2020-07-10,33.43
Holmes County,2020-07-10,32.32
Indian River County,2020-07-10,34.47
Jackson County,2020-07-10,32.47
Jefferson County,2020-07-10,32.53
Lafayette County,2020-07-10,32.99
Lake County,2020-07-10,33.5
Lee County,2020-07-10,34.64
Leon County,2020-07-10,32.48
Levy County,2020-07-10,32.96
Liberty County,2020-07-10,32.14
Madison County,2020-07-10,32.66
Manatee County,2020-07-10,33.78
Marion County,2020-07-10,33.0
Martin County,2020-07-10,35.06
Miami-Dade County,2020-07-10,35.53
Monroe County,2020-07-10,34.79
Nassau County,2020-07-10,33.4
Okaloosa County,2020-07-10,32.74
Okeechobee County,2020-07-10,34.82
Orange County,2020-07-10,33.92
Osceola County,2020-07-10,34.38
Palm Beach County,2020-07-10,35.07
Pasco County,2020-07-10,33.05
Pinellas County,2020-07-10,32.43
Polk County,2020-07-10,34.27
Putnam County,2020-07-10,33.41
St. Johns County,2020-07-10,33.29
St. Lucie County,2020-07-10,34.82
Santa Rosa County,2020-07-10,32.49
Sarasota County,2020-07-10,34.33
Seminole County,2020-07-10,33.99
Sumter County,2020-07-10,33.21
Suwannee County,2020-07-10,32.93
Taylor County,2020-07-10,32.76
Union County,2020-07-10,32.98
Volusia County,2020-07-10,33.75
Wakulla County,2020-07-10,32.39
Walton County,2020-07-10,32.51
Washington County,2020-07-10,32.56
Alachua County,2020-07-11,34.93
Baker County,2020-07-11,35.22
Bay County,2020-07-11,34.34
Bradford County,2020-07-11,35.13
Brevard County,2020-07-11,32.93
Broward County,2020-07-11,35.12
Calhoun County,2020-07-11,34.78
Charlotte County,2020-07-11,34.9
Citrus County,2020-07-11,33.38
Clay County,2020-07-11,35.21
Collier County,2020-07-11,34.65
Columbia County,2020-07-11,35.08
DeSoto County,2020-07-11,34.17
Dixie County,2020-07-11,34.66
Duval County,2020-07-11,35.16
Escambia County,2020-07-11,33.2
Flagler County,2020-07-11,33.88
Franklin County,2020-07-11,34.16
Gadsden County,2020-07-11,34.74
Gilchrist County,2020-07-11,34.96
Glades County,2020-07-11,34.39
Gulf County,2020-07-11,34.04
Hamilton County,2020-07-11,35.05
Hardee County,2020-07-11,33.53
Hendry County,2020-07-11,34.77
Hernando County,2020-07-11,33.05
Highlands County,2020-07-11,33.7
Hillsborough County,2020-07-11,32.97
Holmes County,2020-07-11,34.47
Indian River County,2020-07-11,33.51
Jackson County,2020-07-11,34.93
Jefferson County,2020-07-11,34.54
Lafayette County,2020-07-11,34.98
Lake County,2020-07-11,33.45
Lee County,2020-07-11,34.91
Leon County,2020-07-11,34.75
Levy County,2020-07-11,34.12
Liberty County,2020-07-11,34.65
Madison County,2020-07-11,34.67
Manatee County,2020-07-11,33.53
Marion County,2020-07-11,33.91
Martin County,2020-07-11,34.73
Miami-Dade County,2020-07-11,34.94
Monroe County,2020-07-11,34.48
Nassau County,2020-07-11,35.45
Okaloosa County,2020-07-11,34.08
Okeechobee County,2020-07-11,33.85
Orange County,2020-07-11,33.2
Osceola County,2020-07-11,33.22
Palm Beach County,2020-07-11,34.97
Pasco County,2020-07-11,32.94
Pinellas County,2020-07-11,32.55
Polk County,2020-07-11,33.23
Putnam County,2020-07-11,34.74
St. Johns County,2020-07-11,34.43
St. Lucie County,2020-07-11,34.14
Santa Rosa County,2020-07-11,33.29
Sarasota County,2020-07-11,34.38
Seminole County,2020-07-11,33.42
Sumter County,2020-07-11,33.37
Suwannee County,2020-07-11,35.07
Taylor County,2020-07-11,34.67
Union County,2020-07-11,35.1
Volusia County,2020-07-11,33.44
Wakulla County,2020-07-11,34.63
Walton County,2020-07-11,34.29
Washington County,2020-07-11,34.76
Alachua County,2020-07-12,34.93
Baker County,2020-07-12,35.41
Bay County,2020-07-12,35.37
Bradford County,2020-07-12,35.11
Brevard County,2020-07-12,33.6
Broward County,2020-07-12,32.61
Calhoun County,2020-07-12,35.04
Charlotte County,2020-07-12,34.34
Citrus County,2020-07-12,33.59
Clay County,2020-07-12,35.14
Collier County,2020-07-12,32.81
Columbia County,2020-07-12,35.26
DeSoto County,2020-07-12,34.22
Dixie County,2020-07-12,35.09
Duval County,2020-07-12,35.3
Escambia County,2020-07-12,34.8
Flagler County,2020-07-12,33.9
Franklin County,2020-07-12,34.73
Gadsden County,2020-07-12,34.62
Gilchrist County,2020-07-12,35.21
Glades County,2020-07-12,33.83
Gulf County,2020-07-12,34.89
Hamilton County,2020-07-12,35.38
Hardee County,2020-07-12,34.11
Hendry County,2020-07-12,33.15
Hernando County,2020-07-12,33.26
Highlands County,2020-07-12,34.17
Hillsborough County,2020-07-12,33.27
Holmes County,2020-07-12,34.9
Indian River County,2020-07-12,34.15
Jackson County,2020-07-12,34.97
Jefferson County,2020-07-12,34.68
Lafayette County,2020-07-12,35.34
Lake County,2020-07-12,33.76
Lee County,2020-07-12,33.79
Leon County,2020-07-12,34.68
Levy County,2020-07-12,34.43
Liberty County,2020-07-12,34.78
Madison County,2020-07-12,34.97
Manatee County,2020-07-12,33.53
Marion County,2020-07-12,33.93
Martin County,2020-07-12,34.07
Miami-Dade County,2020-07-12,32.7
Monroe County,2020-07-12,32.94
Nassau County,2020-07-12,35.75
Okaloosa County,2020-07-12,35.24
Okeechobee County,2020-07-12,34.29
Orange County,2020-07-12,33.9
Osceola County,2020-07-12,34.25
Palm Beach County,2020-07-12,33.23
Pasco County,2020-07-12,33.16
Pinellas County,2020-07-12,32.27
Polk County,2020-07-12,34.13
Putnam County,2020-07-12,34.56
St. Johns County,2020-07-12,34.32
St. Lucie County,2020-07-12,34.22
Santa Rosa County,2020-07-12,34.7
Sarasota County,2020-07-12,34.04
Seminole County,2020-07-12,33.97
Sumter County,2020-07-12,33.59
Suwannee County,2020-07-12,35.36
Taylor County,2020-07-12,35.03
Union County,2020-07-12,35.14
Volusia County,2020-07-12,33.79
Wakulla County,2020-07-12,34.77
Walton County,2020-07-12,35.29
Washington County,2020-07-12,35.29
Alachua County,2020-07-13,34.55
Baker County,2020-07-13,34.79
Bay County,2020-07-13,34.58
Bradford County,2020-07-13,34.79
Brevard County,2020-07-13,33.76
Broward County,2020-07-13,32.28
Calhoun County,2020-07-13,34.81
Charlotte County,2020-07-13,33.95
Citrus County,2020-07-13,33.87
Clay County,2020-07-13,35.01
Collier County,2020-07-13,31.15
Columbia County,2020-07-13,34.52
DeSoto County,2020-07-13,34.37
Dixie County,2020-07-13,33.95
Duval County,2020-07-13,34.83
Escambia County,2020-07-13,34.13
Flagler County,2020-07-13,34.81
Franklin County,2020-07-13,33.88
Gadsden County,2020-07-13,34.45
Gilchrist County,2020-07-13,34.25
Glades County,2020-07-13,33.07
Gulf County,2020-07-13,34.13
Hamilton County,2020-07-13,34.6
Hardee County,2020-07-13,34.79
Hendry County,2020-07-13,32.19
Hernando County,2020-07-13,34.04
Highlands County,2020-07-13,34.04
Hillsborough County,2020-07-13,34.36
Holmes County,2020-07-13,34.91
Indian River County,2020-07-13,33.34
Jackson County,2020-07-13,35.03
Jefferson County,2020-07-13,34.12
Lafayette County,2020-07-13,34.35
Lake County,2020-07-13,35.09
Lee County,2020-07-13,32.7
Leon County,2020-07-13,34.33
Levy County,2020-07-13,33.68
Liberty County,2020-07-13,34.41
Madison County,2020-07-13,34.26
Manatee County,2020-07-13,34.3
Marion County,2020-07-13,34.39
Martin County,2020-07-13,33.24
Miami-Dade County,2020-07-13,32.2
Monroe County,2020-07-13,31.49
Nassau County,2020-07-13,34.99
Okaloosa County,2020-07-13,34.55
Okeechobee County,2020-07-13,33.63
Orange County,2020-07-13,35.21
Osceola County,2020-07-13,34.94
Palm Beach County,2020-07-13,32.76
Pasco County,2020-07-13,34.21
Pinellas County,2020-07-13,33.09
Polk County,2020-07-13,35.24
Putnam County,2020-07-13,35.01
St. Johns County,2020-07-13,34.59
St. Lucie County,2020-07-13,33.15
Santa Rosa County,2020-07-13,33.98
Sarasota County,2020-07-13,34.34
Seminole County,2020-07-13,35.33
Sumter County,2020-07-13,34.59
Suwannee County,2020-07-13,34.49
Taylor County,2020-07-13,34.09
Union County,2020-07-13,34.59
Volusia County,2020-07-13,34.95
Wakulla County,2020-07-13,34.17
Walton County,2020-07-13,34.71
Washington County,2020-07-13,35.16
Alachua County,2020-07-14,34.09
Baker County,2020-07-14,34.43
Bay County,2020-07-14,32.96
Bradford County,2020-07-14,34.29
Brevard County,2020-07-14,34.67
Broward County,2020-07-14,34.22
Calhoun County,2020-07-14,33.83
Charlotte County,2020-07-14,35.19
Citrus County,2020-07-14,33.73
Clay County,2020-07-14,34.61
Collier County,2020-07-14,34.19
Columbia County,2020-07-14,34.11
DeSoto County,2020-07-14,35.19
Dixie County,2020-07-14,33.82
Duval County,2020-07-14,34.77
Escambia County,2020-07-14,33.39
Flagler County,2020-07-14,34.3
Franklin County,2020-07-14,32.62
Gadsden County,2020-07-14,33.95
Gilchrist County,2020-07-14,34.04
Glades County,2020-07-14,35.16
Gulf County,2020-07-14,32.61
Hamilton County,2020-07-14,34.25
Hardee County,2020-07-14,35.24
Hendry County,2020-07-14,34.85
Hernando County,2020-07-14,33.91
Highlands County,2020-07-14,35.38
Hillsborough County,2020-07-14,34.33
Holmes County,2020-07-14,34.36
Indian River County,2020-07-14,35.14
Jackson County,2020-07-14,34.43
Jefferson County,2020-07-14,33.87
Lafayette County,2020-07-14,34.03
Lake County,2020-07-14,34.51
Lee County,2020-07-14,34.7
Leon County,2020-07-14,33.91
Levy County,2020-07-14,33.63
Liberty County,2020-07-14,33.5
Madison County,2020-07-14,34.0
Manatee County,2020-07-14,34.4
Marion County,2020-07-14,33.86
Martin County,2020-07-14,35.3
Miami-Dade County,2020-07-14,34.08
Monroe County,2020-07-14,33.99
Nassau County,2020-07-14,34.96
Okaloosa County,2020-07-14,33.67
Okeechobee County,2020-07-14,35.41
Orange County,2020-07-14,34.91
Osceola County,2020-07-14,35.42
Palm Beach County,2020-07-14,34.7
Pasco County,2020-07-14,34.1
Pinellas County,2020-07-14,33.29
Polk County,2020-07-14,35.41
Putnam County,2020-07-14,34.39
St. Johns County,2020-07-14,34.39
St. Lucie County,2020-07-14,35.29
Santa Rosa County,2020-07-14,33.21
Sarasota County,2020-07-14,34.67
Seminole County,2020-07-14,34.79
Sumter County,2020-07-14,34.22
Suwannee County,2020-07-14,34.12
Taylor County,2020-07-14,33.74
Union County,2020-07-14,34.13
Volusia County,2020-07-14,34.43
Wakulla County,2020-07-14,33.41
Walton County,2020-07-14,33.67
Washington County,2020-07-14,34.22
Alachua County,2020-07-15,34.55
Baker County,2020-07-15,34.86
Bay County,2020-07-15,33.29
Bradford County,2020-07-15,34.74
Brevard County,2020-07-15,33.49
Broward County,2020-07-15,35.15
Calhoun County,2020-07-15,33.97
Charlotte County,2020-07-15,34.34
Citrus County,2020-07-15,33.92
Clay County,2020-07-15,34.89
Collier County,2020-07-15,34.45
Columbia County,2020-07-15,34.52
DeSoto County,2020-07-15,34.12
Dixie County,2020-07-15,33.76
Duval County,2020-07-15,34.7
Escambia County,2020-07-15,33.75
Flagler County,2020-07-15,34.51
Franklin County,2020-07-15,32.43
Gadsden County,2020-07-15,33.72
Gilchrist County,2020-07-15,34.24
Glades County,2020-07-15,34.45
Gulf County,2020-07-15,32.74
Hamilton County,2020-07-15,34.49
Hardee County,2020-07-15,34.09
Hendry County,2020-07-15,34.6
Hernando County,2020-07-15,33.99
Highlands County,2020-07-15,34.3
Hillsborough County,2020-07-15,33.94
Holmes County,2020-07-15,35.04
Indian River County,2020-07-15,33.97
Jackson County,2020-07-15,34.75
Jefferson County,2020-07-15,33.45
Lafayette County,2020-07-15,34.03
Lake County,2020-07-15,34.76
Lee County,2020-07-15,34.15
Leon County,2020-07-15,33.57
Levy County,2020-07-15,33.77
Liberty County,2020-07-15,33.42
Madison County,2020-07-15,33.79
Manatee County,2020-07-15,33.67
Marion County,2020-07-15,34.34
Martin County,2020-07-15,34.85
Miami-Dade County,2020-07-15,35.16
Monroe County,2020-07-15,34.53
Nassau County,2020-07-15,35.12
Okaloosa County,2020-07-15,34.28
Okeechobee County,2020-07-15,34.44
Orange County,2020-07-15,34.75
Osceola County,2020-07-15,34.57
Palm Beach County,2020-07-15,35.0
Pasco County,2020-07-15,34.04
Pinellas County,2020-07-15,32.87
Polk County,2020-07-15,34.57
Putnam County,2020-07-15,34.85
St. Johns County,2020-07-15,34.17
St. Lucie County,2020-07-15,34.4
Santa Rosa County,2020-07-15,33.68
Sarasota County,2020-07-15,33.89
Seminole County,2020-07-15,34.96
Sumter County,2020-07-15,34.4
Suwannee County,2020-07-15,34.27
Taylor County,2020-07-15,33.46
Union County,2020-07-15,34.58
Volusia County,2020-07-15,34.64
Wakulla County,2020-07-15,33.17
Walton County,2020-07-15,34.36
Washington County,2020-07-15,34.76
Alachua County,2020-07-16,34.26
Baker County,2020-07-16,34.74
Bay County,2020-07-16,32.78
Bradford County,2020-07-16,34.37
Brevard County,2020-07-16,32.19
Broward County,2020-07-16,33.88
Calhoun County,2020-07-16,33.32
Charlotte County,2020-07-16,35.97
Citrus County,2020-07-16,33.86
Clay County,2020-07-16,34.25
Collier County,2020-07-16,34.96
Columbia County,2020-07-16,34.59
DeSoto County,2020-07-16,35.05
Dixie County,2020-07-16,34.04
Duval County,2020-07-16,34.0
Escambia County,2020-07-16,31.19
Flagler County,2020-07-16,33.05
Franklin County,2020-07-16,32.66
Gadsden County,2020-07-16,33.15
Gilchrist County,2020-07-16,34.32
Glades County,2020-07-16,34.12
Gulf County,2020-07-16,32.75
Hamilton County,2020-07-16,34.63
Hardee County,2020-07-16,34.56
Hendry County,2020-07-16,34.41
Hernando County,2020-07-16,34.02
Highlands County,2020-07-16,33.88
Hillsborough County,2020-07-16,34.63
Holmes County,2020-07-16,33.25
Indian River County,2020-07-16,32.78
Jackson County,2020-07-16,33.54
Jefferson County,2020-07-16,33.49
Lafayette County,2020-07-16,34.23
Lake County,2020-07-16,33.87
Lee County,2020-07-16,35.86
Leon County,2020-07-16,33.34
Levy County,2020-07-16,33.85
Liberty County,2020-07-16,33.1
Madison County,2020-07-16,33.93
Manatee County,2020-07-16,35.19
Marion County,2020-07-16,33.71
Martin County,2020-07-16,33.28
Miami-Dade County,2020-07-16,34.35
Monroe County,2020-07-16,34.68
Nassau County,2020-07-16,34.61
Okaloosa County,2020-07-16,31.97
Okeechobee County,2020-07-16,33.3
Orange County,2020-07-16,33.64
Osceola County,2020-07-16,33.63
Palm Beach County,2020-07-16,33.4
Pasco County,2020-07-16,34.23
Pinellas County,2020-07-16,33.94
Polk County,2020-07-16,34.32
Putnam County,2020-07-16,33.92
St. Johns County,2020-07-16,33.13
St. Lucie County,2020-07-16,33.07
Santa Rosa County,2020-07-16,31.08
Sarasota County,2020-07-16,36.07
Seminole County,2020-07-16,33.52
Sumter County,2020-07-16,34.01
Suwannee County,2020-07-16,34.42
Taylor County,2020-07-16,33.72
Union County,2020-07-16,34.44
Volusia County,2020-07-16,32.95
Wakulla County,2020-07-16,33.19
Walton County,2020-07-16,32.57
Washington County,2020-07-16,33.46
Alachua County,2020-07-17,34.34
Baker County,2020-07-17,34.11
Bay County,2020-07-17,33.22
Bradford County,2020-07-17,34.09
Brevard County,2020-07-17,31.74
Broward County,2020-07-17,33.53
Calhoun County,2020-07-17,34.19
Charlotte County,2020-07-17,35.06
Citrus County,2020-07-17,34.23
Clay County,2020-07-17,33.79
Collier County,2020-07-17,33.79
Columbia County,2020-07-17,34.24
DeSoto County,2020-07-17,34.45
Dixie County,2020-07-17,34.69
Duval County,2020-07-17,33.2
Escambia County,2020-07-17,32.17
Flagler County,2020-07-17,32.6
Franklin County,2020-07-17,33.72
Gadsden County,2020-07-17,34.5
Gilchrist County,2020-07-17,34.64
Glades County,2020-07-17,33.57
Gulf County,2020-07-17,33.35
Hamilton County,2020-07-17,34.4
Hardee County,2020-07-17,34.29
Hendry County,2020-07-17,33.66
Hernando County,2020-07-17,34.34
Highlands County,2020-07-17,33.56
Hillsborough County,2020-07-17,34.72
Holmes County,2020-07-17,33.84
Indian River County,2020-07-17,32.27
Jackson County,2020-07-17,34.5
Jefferson County,2020-07-17,34.44
Lafayette County,2020-07-17,34.61
Lake County,2020-07-17,33.71
Lee County,2020-07-17,34.6
Leon County,2020-07-17,34.62
Levy County,2020-07-17,34.38
Liberty County,2020-07-17,34.23
Madison County,2020-07-17,34.41
Manatee County,2020-07-17,35.08
Marion County,2020-07-17,33.77
Martin County,2020-07-17,33.03
Miami-Dade County,2020-07-17,33.84
Monroe County,2020-07-17,33.9
Nassau County,2020-07-17,33.61
Okaloosa County,2020-07-17,32.79
Okeechobee County,2020-07-17,33.08
Orange County,2020-07-17,33.29
Osceola County,2020-07-17,33.3
Palm Beach County,2020-07-17,33.27
Pasco County,2020-07-17,34.52
Pinellas County,2020-07-17,34.73
Polk County,2020-07-17,34.17
Putnam County,2020-07-17,33.67
St. Johns County,2020-07-17,32.69
St. Lucie County,2020-07-17,32.64
Santa Rosa County,2020-07-17,32.07
Sarasota County,2020-07-17,35.67
Seminole County,2020-07-17,33.05
Sumter County,2020-07-17,34.08
Suwannee County,2020-07-17,34.44
Taylor County,2020-07-17,34.49
Union County,2020-07-17,34.16
Volusia County,2020-07-17,32.5
Wakulla County,2020-07-17,34.42
Walton County,2020-07-17,33.14
Washington County,2020-07-17,34.04
Alachua County,2020-07-18,33.93
Baker County,2020-07-18,33.43
Bay County,2020-07-18,34.6
Bradford County,2020-07-18,33.58
Brevard County,2020-07-18,31.63
Broward County,2020-07-18,32.6
Calhoun County,2020-07-18,34.5
Charlotte County,2020-07-18,33.76
Citrus County,2020-07-18,34.56
Clay County,2020-07-18,33.49
Collier County,2020-07-18,32.34
Columbia County,2020-07-18,33.37
DeSoto County,2020-07-18,33.46
Dixie County,2020-07-18,34.4
Duval County,2020-07-18,33.18
Escambia County,2020-07-18,34.42
Flagler County,2020-07-18,32.85
Franklin County,2020-07-18,34.18
Gadsden County,2020-07-18,34.26
Gilchrist County,2020-07-18,34.07
Glades County,2020-07-18,32.59
Gulf County,2020-07-18,33.99
Hamilton County,2020-07-18,33.37
Hardee County,2020-07-18,33.58
Hendry County,2020-07-18,32.52
Hernando County,2020-07-18,34.63
Highlands County,2020-07-18,32.72
Hillsborough County,2020-07-18,34.58
Holmes County,2020-07-18,34.88
Indian River County,2020-07-18,31.84
Jackson County,2020-07-18,34.83
Jefferson County,2020-07-18,33.87
Lafayette County,2020-07-18,33.85
Lake County,2020-07-18,33.75
Lee County,2020-07-18,33.14
Leon County,2020-07-18,34.23
Levy County,2020-07-18,34.36
Liberty County,2020-07-18,34.24
Madison County,2020-07-18,33.52
Manatee County,2020-07-18,34.26
Marion County,2020-07-18,33.77
Martin County,2020-07-18,32.46
Miami-Dade County,2020-07-18,32.54
Monroe County,2020-07-18,32.1
Nassau County,2020-07-18,33.57
Okaloosa County,2020-07-18,34.78
Okeechobee County,2020-07-18,32.31
Orange County,2020-07-18,33.11
Osceola County,2020-07-18,32.82
Palm Beach County,2020-07-18,32.48
Pasco County,2020-07-18,34.66
Pinellas County,2020-07-18,34.48
Polk County,2020-07-18,33.82
Putnam County,2020-07-18,33.55
St. Johns County,2020-07-18,32.9
St. Lucie County,2020-07-18,32.16
Santa Rosa County,2020-07-18,34.3
Sarasota County,2020-07-18,34.41
Seminole County,2020-07-18,32.99
Sumter County,2020-07-18,34.28
Suwannee County,2020-07-18,33.5
Taylor County,2020-07-18,34.06
Union County,2020-07-18,33.47
Volusia County,2020-07-18,32.7
Wakulla County,2020-07-18,34.41
Walton County,2020-07-18,34.81
Washington County,2020-07-18,34.93
Alachua County,2020-07-19,33.46
Baker County,2020-07-19,33.25
Bay County,2020-07-19,34.95
Bradford County,2020-07-19,33.22
Brevard County,2020-07-19,31.54
Broward County,2020-07-19,30.53
Calhoun County,2020-07-19,35.01
Charlotte County,2020-07-19,33.18
Citrus County,2020-07-19,33.25
Clay County,2020-07-19,33.02
Collier County,2020-07-19,31.54
Columbia County,2020-07-19,33.54
DeSoto County,2020-07-19,32.72
Dixie County,2020-07-19,34.39
Duval County,2020-07-19,32.51
Escambia County,2020-07-19,33.81
Flagler County,2020-07-19,32.54
Franklin County,2020-07-19,34.5
Gadsden County,2020-07-19,34.77
Gilchrist County,2020-07-19,33.98
Glades County,2020-07-19,32.1
Gulf County,2020-07-19,34.4
Hamilton County,2020-07-19,33.92
Hardee County,2020-07-19,32.69
Hendry County,2020-07-19,31.78
Hernando County,2020-07-19,33.12
Highlands County,2020-07-19,32.33
Hillsborough County,2020-07-19,33.2
Holmes County,2020-07-19,35.2
Indian River County,2020-07-19,31.5
Jackson County,2020-07-19,35.29
Jefferson County,2020-07-19,34.51
Lafayette County,2020-07-19,34.36
Lake County,2020-07-19,32.84
Lee County,2020-07-19,32.74
Leon County,2020-07-19,34.76
Levy County,2020-07-19,33.65
Liberty County,2020-07-19,34.7
Madison County,2020-07-19,34.28
Manatee County,2020-07-19,32.9
Marion County,2020-07-19,32.86
Martin County,2020-07-19,31.28
Miami-Dade County,2020-07-19,30.6
Monroe County,2020-07-19,31.33
Nassau County,2020-07-19,32.75
Okaloosa County,2020-07-19,34.58
Okeechobee County,2020-07-19,31.94
Orange County,2020-07-19,32.69
Osceola County,2020-07-19,32.57
Palm Beach County,2020-07-19,30.77
Pasco County,2020-07-19,33.1
Pinellas County,2020-07-19,33.11
Polk County,2020-07-19,32.96
Putnam County,2020-07-19,33.03
St. Johns County,2020-07-19,32.4
St. Lucie County,2020-07-19,31.43
Santa Rosa County,2020-07-19,33.89
Sarasota County,2020-07-19,33.22
Seminole County,2020-07-19,32.71
Sumter County,2020-07-19,32.88
Suwannee County,2020-07-19,34.05
Taylor County,2020-07-19,34.6
Union County,2020-07-19,33.32
Volusia County,2020-07-19,32.47
Wakulla County,2020-07-19,34.84
Walton County,2020-07-19,34.91
Washington County,2020-07-19,35.34
Alachua County,2020-07-20,34.27
Baker County,2020-07-20,34.07
Bay County,2020-07-20,34.52
Bradford County,2020-07-20,33.97
Brevard County,2020-07-20,31.53
Broward County,2020-07-20,32.77
Calhoun County,2020-07-20,35.2
Charlotte County,2020-07-20,33.81
Citrus County,2020-07-20,34.17
Clay County,2020-07-20,33.68
Collier County,2020-07-20,33.02
Columbia County,2020-07-20,34.38
DeSoto County,2020-07-20,33.44
Dixie County,2020-07-20,34.63
Duval County,2020-07-20,33.07
Escambia County,2020-07-20,32.92
Flagler County,2020-07-20,32.73
Franklin County,2020-07-20,34.25
Gadsden County,2020-07-20,35.14
Gilchrist County,2020-07-20,34.61
Glades County,2020-07-20,32.71
Gulf County,2020-07-20,34.25
Hamilton County,2020-07-20,34.85
Hardee County,2020-07-20,33.4
Hendry County,2020-07-20,32.86
Hernando County,2020-07-20,34.21
Highlands County,2020-07-20,32.86
Hillsborough County,2020-07-20,33.98
Holmes County,2020-07-20,35.19
Indian River County,2020-07-20,31.93
Jackson County,2020-07-20,35.62
Jefferson County,2020-07-20,34.91
Lafayette County,2020-07-20,34.8
Lake County,2020-07-20,33.71
Lee County,2020-07-20,33.48
Leon County,2020-07-20,35.06
Levy County,2020-07-20,34.23
Liberty County,2020-07-20,34.9
Madison County,2020-07-20,34.91
Manatee County,2020-07-20,33.87
Marion County,2020-07-20,33.82
Martin County,2020-07-20,32.16
Miami-Dade County,2020-07-20,33.15
Monroe County,2020-07-20,33.25
Nassau County,2020-07-20,33.57
Okaloosa County,2020-07-20,34.02
Okeechobee County,2020-07-20,32.54
Orange County,2020-07-20,33.12
Osceola County,2020-07-20,32.98
Palm Beach County,2020-07-20,32.35
Pasco County,2020-07-20,34.2
Pinellas County,2020-07-20,33.85
Polk County,2020-07-20,33.6
Putnam County,2020-07-20,33.68
St. Johns County,2020-07-20,32.65
St. Lucie County,2020-07-20,32.01
Santa Rosa County,2020-07-20,33.11
Sarasota County,2020-07-20,34.16
Seminole County,2020-07-20,33.0
Sumter County,2020-07-20,34.11
Suwannee County,2020-07-20,34.74
Taylor County,2020-07-20,34.73
Union County,2020-07-20,34.1
Volusia County,2020-07-20,32.57
Wakulla County,2020-07-20,34.74
Walton County,2020-07-20,34.48
Washington County,2020-07-20,35.32
Alachua County,2020-07-21,33.96
Baker County,2020-07-21,34.19
Bay County,2020-07-21,35.95
Bradford County,2020-07-21,33.85
Brevard County,2020-07-21,31.32
Broward County,2020-07-21,32.71
Calhoun County,2020-07-21,36.4
Charlotte County,2020-07-21,34.54
Citrus County,2020-07-21,34.3
Clay County,2020-07-21,33.5
Collier County,2020-07-21,32.98
Columbia County,2020-07-21,34.4
DeSoto County,2020-07-21,34.0
Dixie County,2020-07-21,34.62
Duval County,2020-07-21,32.88
Escambia County,2020-07-21,34.03
Flagler County,2020-07-21,32.45
Franklin County,2020-07-21,35.91
Gadsden County,2020-07-21,36.12
Gilchrist County,2020-07-21,34.28
Glades County,2020-07-21,33.21
Gulf County,2020-07-21,35.79
Hamilton County,2020-07-21,35.0
Hardee County,2020-07-21,33.8
Hendry County,2020-07-21,33.08
Hernando County,2020-07-21,34.51
Highlands County,2020-07-21,33.18
Hillsborough County,2020-07-21,34.57
Holmes County,2020-07-21,36.04
Indian River County,2020-07-21,31.83
Jackson County,2020-07-21,36.56
Jefferson County,2020-07-21,35.46
Lafayette County,2020-07-21,34.81
Lake County,2020-07-21,33.64
Lee County,2020-07-21,34.04
Leon County,2020-07-21,35.96
Levy County,2020-07-21,33.98
Liberty County,2020-07-21,36.21
Madison County,2020-07-21,35.15
Manatee County,2020-07-21,34.55
Marion County,2020-07-21,33.62
Martin County,2020-07-21,32.79
Miami-Dade County,2020-07-21,32.76
Monroe County,2020-07-21,32.95
Nassau County,2020-07-21,33.42
Okaloosa County,2020-07-21,35.0
Okeechobee County,2020-07-21,32.7
Orange County,2020-07-21,32.83
Osceola County,2020-07-21,32.68
Palm Beach County,2020-07-21,32.84
Pasco County,2020-07-21,34.59
Pinellas County,2020-07-21,34.81
Polk County,2020-07-21,33.68
Putnam County,2020-07-21,33.42
St. Johns County,2020-07-21,32.39
St. Lucie County,2020-07-21,32.29
Santa Rosa County,2020-07-21,34.18
Sarasota County,2020-07-21,34.99
Seminole County,2020-07-21,32.71
Sumter County,2020-07-21,34.2
Suwannee County,2020-07-21,34.76
Taylor County,2020-07-21,35.22
Union County,2020-07-21,34.04
Volusia County,2020-07-21,32.34
Wakulla County,2020-07-21,36.08
Walton County,2020-07-21,35.5
Washington County,2020-07-21,36.32
Alachua County,2020-07-22,34.13
Baker County,2020-07-22,33.94
Bay County,2020-07-22,33.93
Bradford County,2020-07-22,33.82
Brevard County,2020-07-22,31.22
Broward County,2020-07-22,30.91
Calhoun County,2020-07-22,34.27
Charlotte County,2020-07-22,33.48
Citrus County,2020-07-22,34.07
Clay County,2020-07-22,33.43
Collier County,2020-07-22,31.24
Columbia County,2020-07-22,34.21
DeSoto County,2020-07-22,33.08
Dixie County,2020-07-22,34.47
Duval County,2020-07-22,32.81
Escambia County,2020-07-22,33.5
Flagler County,2020-07-22,32.62
Franklin County,2020-07-22,33.14
Gadsden County,2020-07-22,34.02
Gilchrist County,2020-07-22,34.48
Glades County,2020-07-22,31.54
Gulf County,2020-07-22,33.24
Hamilton County,2020-07-22,34.55
Hardee County,2020-07-22,33.08
Hendry County,2020-07-22,31.32
Hernando County,2020-07-22,33.99
Highlands County,2020-07-22,32.02
Hillsborough County,2020-07-22,33.87
Holmes County,2020-07-22,35.24
Indian River County,2020-07-22,30.83
Jackson County,2020-07-22,35.05
Jefferson County,2020-07-22,34.04
Lafayette County,2020-07-22,34.44
Lake County,2020-07-22,33.31
Lee County,2020-07-22,32.64
Leon County,2020-07-22,33.96
Levy County,2020-07-22,34.24
Liberty County,2020-07-22,33.68
Madison County,2020-07-22,34.31
Manatee County,2020-07-22,33.87
Marion County,2020-07-22,33.56
Martin County,2020-07-22,30.77
Miami-Dade County,2020-07-22,30.97
Monroe County,2020-07-22,31.03
Nassau County,2020-07-22,33.19
Okaloosa County,2020-07-22,34.3
Okeechobee County,2020-07-22,31.31
Orange County,2020-07-22,32.67
Osceola County,2020-07-22,32.25
Palm Beach County,2020-07-22,30.75
Pasco County,2020-07-22,33.93
Pinellas County,2020-07-22,33.97
Polk County,2020-07-22,33.15
Putnam County,2020-07-22,33.38
St. Johns County,2020-07-22,32.51
St. Lucie County,2020-07-22,30.71
Santa Rosa County,2020-07-22,33.57
Sarasota County,2020-07-22,34.34
Seminole County,2020-07-22,32.7
Sumter County,2020-07-22,33.73
Suwannee County,2020-07-22,34.43
Taylor County,2020-07-22,34.13
Union County,2020-07-22,33.98
Volusia County,2020-07-22,32.55
Wakulla County,2020-07-22,33.62
Walton County,2020-07-22,34.55
Washington County,2020-07-22,35.07
Alachua County,2020-07-23,32.92
Baker County,2020-07-23,32.57
Bay County,2020-07-23,34.49
Bradford County,2020-07-23,32.62
Brevard County,2020-07-23,29.79
Broward County,2020-07-23,30.33
Calhoun County,2020-07-23,34.62
Charlotte County,2020-07-23,32.25
Citrus County,2020-07-23,32.67
Clay County,2020-07-23,32.52
Collier County,2020-07-23,31.18
Columbia County,2020-07-23,32.78
DeSoto County,2020-07-23,31.54
Dixie County,2020-07-23,33.51
Duval County,2020-07-23,32.18
Escambia County,2020-07-23,33.32
Flagler County,2020-07-23,32.09
Franklin County,2020-07-23,33.84
Gadsden County,2020-07-23,34.27
Gilchrist County,2020-07-23,33.23
Glades County,2020-07-23,30.49
Gulf County,2020-07-23,33.86
Hamilton County,2020-07-23,33.38
Hardee County,2020-07-23,31.3
Hendry County,2020-07-23,30.73
Hernando County,2020-07-23,32.29
Highlands County,2020-07-23,30.52
Hillsborough County,2020-07-23,31.68
Holmes County,2020-07-23,34.82
Indian River County,2020-07-23,29.49
Jackson County,2020-07-23,35.06
Jefferson County,2020-07-23,33.81
Lafayette County,2020-07-23,33.41
Lake County,2020-07-23,32.17
Lee County,2020-07-23,32.09
Leon County,2020-07-23,34.06
Levy County,2020-07-23,33.06
Liberty County,2020-07-23,34.14
Madison County,2020-07-23,33.62
Manatee County,2020-07-23,31.67
Marion County,2020-07-23,32.47
Martin County,2020-07-23,30.27
Miami-Dade County,2020-07-23,30.8
Monroe County,2020-07-23,31.55
Nassau County,2020-07-23,32.45
Okaloosa County,2020-07-23,34.0
Okeechobee County,2020-07-23,29.93
Orange County,2020-07-23,31.42
Osceola County,2020-07-23,30.66
Palm Beach County,2020-07-23,30.14
Pasco County,2020-07-23,31.99
Pinellas County,2020-07-23,31.78
Polk County,2020-07-23,31.42
Putnam County,2020-07-23,32.58
St. Johns County,2020-07-23,32.12
St. Lucie County,2020-07-23,29.94
Santa Rosa County,2020-07-23,33.3
Sarasota County,2020-07-23,32.38
Seminole County,2020-07-23,31.63
Sumter County,2020-07-23,32.36
Suwannee County,2020-07-23,33.24
Taylor County,2020-07-23,33.64
Union County,2020-07-23,32.61
Volusia County,2020-07-23,31.77
Wakulla County,2020-07-23,33.98
Walton County,2020-07-23,34.36
Washington County,2020-07-23,34.96
Alachua County,2020-07-24,31.87
Baker County,2020-07-24,31.99
Bay County,2020-07-24,32.03
Bradford County,2020-07-24,31.73
Brevard County,2020-07-24,30.46
Broward County,2020-07-24,31.24
Calhoun County,2020-07-24,32.21
Charlotte County,2020-07-24,33.05
Citrus County,2020-07-24,31.63
Clay County,2020-07-24,31.63
Collier County,2020-07-24,32.14
Columbia County,2020-07-24,32.08
DeSoto County,2020-07-24,32.01
Dixie County,2020-07-24,32.66
Duval County,2020-07-24,31.66
Escambia County,2020-07-24,31.32
Flagler County,2020-07-24,30.96
Franklin County,2020-07-24,31.55
Gadsden County,2020-07-24,32.08
Gilchrist County,2020-07-24,32.36
Glades County,2020-07-24,31.48
Gulf County,2020-07-24,31.34
Hamilton County,2020-07-24,32.47
Hardee County,2020-07-24,31.35
Hendry County,2020-07-24,31.83
Hernando County,2020-07-24,31.36
Highlands County,2020-07-24,31.04
Hillsborough County,2020-07-24,31.59
Holmes County,2020-07-24,32.97
Indian River County,2020-07-24,30.45
Jackson County,2020-07-24,32.88
Jefferson County,2020-07-24,32.26
Lafayette County,2020-07-24,32.43
Lake County,2020-07-24,30.52
Lee County,2020-07-24,33.01
Leon County,2020-07-24,32.14
Levy County,2020-07-24,32.19
Liberty County,2020-07-24,31.77
Madison County,2020-07-24,32.36
Manatee County,2020-07-24,32.0
Marion County,2020-07-24,30.96
Martin County,2020-07-24,31.18
Miami-Dade County,2020-07-24,31.4
Monroe County,2020-07-24,31.89
Nassau County,2020-07-24,32.1
Okaloosa County,2020-07-24,32.37
Okeechobee County,2020-07-24,30.78
Orange County,2020-07-24,30.46
Osceola County,2020-07-24,30.63
Palm Beach County,2020-07-24,31.12
Pasco County,2020-07-24,31.29
Pinellas County,2020-07-24,32.05
Polk County,2020-07-24,30.88
Putnam County,2020-07-24,31.29
St. Johns County,2020-07-24,31.33
St. Lucie County,2020-07-24,30.87
Santa Rosa County,2020-07-24,31.53
Sarasota County,2020-07-24,32.97
Seminole County,2020-07-24,30.5
Sumter County,2020-07-24,30.83
Suwannee County,2020-07-24,32.33
Taylor County,2020-07-24,32.44
Union County,2020-07-24,31.84
Volusia County,2020-07-24,30.7
Wakulla County,2020-07-24,32.04
Walton County,2020-07-24,32.56
Washington County,2020-07-24,32.87
Alachua County,2020-07-25,33.92
Baker County,2020-07-25,33.5
Bay County,2020-07-25,32.47
Bradford County,2020-07-25,33.71
Brevard County,2020-07-25,31.57
Broward County,2020-07-25,32.24
Calhoun County,2020-07-25,33.06
Charlotte County,2020-07-25,34.6
Citrus County,2020-07-25,33.77
Clay County,2020-07-25,33.59
Collier County,2020-07-25,33.16
Columbia County,2020-07-25,33.57
DeSoto County,2020-07-25,34.06
Dixie County,2020-07-25,34.07
Duval County,2020-07-25,33.01
Escambia County,2020-07-25,28.65
Flagler County,2020-07-25,33.04
Franklin County,2020-07-25,33.0
Gadsden County,2020-07-25,32.97
Gilchrist County,2020-07-25,34.02
Glades County,2020-07-25,33.1
Gulf County,2020-07-25,32.63
Hamilton County,2020-07-25,33.52
Hardee County,2020-07-25,33.88
Hendry County,2020-07-25,33.05
Hernando County,2020-07-25,33.78
Highlands County,2020-07-25,33.26
Hillsborough County,2020-07-25,34.11
Holmes County,2020-07-25,32.6
Indian River County,2020-07-25,31.82
Jackson County,2020-07-25,33.21
Jefferson County,2020-07-25,33.12
Lafayette County,2020-07-25,33.8
Lake County,2020-07-25,33.54
Lee County,2020-07-25,34.2
Leon County,2020-07-25,33.14
Levy County,2020-07-25,33.88
Liberty County,2020-07-25,33.03
Madison County,2020-07-25,33.27
Manatee County,2020-07-25,34.35
Marion County,2020-07-25,33.53
Martin County,2020-07-25,32.1
Miami-Dade County,2020-07-25,32.51
Monroe County,2020-07-25,32.95
Nassau County,2020-07-25,33.15
Okaloosa County,2020-07-25,30.44
Okeechobee County,2020-07-25,32.66
Orange County,2020-07-25,33.09
Osceola County,2020-07-25,32.97
Palm Beach County,2020-07-25,32.04
Pasco County,2020-07-25,33.91
Pinellas County,2020-07-25,34.14
Polk County,2020-07-25,33.73
Putnam County,2020-07-25,33.69
St. Johns County,2020-07-25,32.88
St. Lucie County,2020-07-25,31.95
Santa Rosa County,2020-07-25,29.05
Sarasota County,2020-07-25,34.92
Seminole County,2020-07-25,33.17
Sumter County,2020-07-25,33.59
Suwannee County,2020-07-25,33.67
Taylor County,2020-07-25,33.58
Union County,2020-07-25,33.66
Volusia County,2020-07-25,32.92
Wakulla County,2020-07-25,33.28
Walton County,2020-07-25,31.55
Washington County,2020-07-25,32.9
Alachua County,2020-07-26,33.14
Baker County,2020-07-26,32.47
Bay County,2020-07-26,33.63
Bradford County,2020-07-26,32.75
Brevard County,2020-07-26,31.5
Broward County,2020-07-26,32.36
Calhoun County,2020-07-26,33.79
Charlotte County,2020-07-26,34.7
Citrus County,2020-07-26,33.82
Clay County,2020-07-26,32.79
Collier County,2020-07-26,33.3
Columbia County,2020-07-26,32.48
DeSoto County,2020-07-26,34.04
Dixie County,2020-07-26,33.99
Duval County,2020-07-26,32.64
Escambia County,2020-07-26,31.1
Flagler County,2020-07-26,32.41
Franklin County,2020-07-26,33.29
Gadsden County,2020-07-26,33.57
Gilchrist County,2020-07-26,33.45
Glades County,2020-07-26,33.26
Gulf County,2020-07-26,33.08
Hamilton County,2020-07-26,32.51
Hardee County,2020-07-26,33.69
Hendry County,2020-07-26,33.23
Hernando County,2020-07-26,33.78
Highlands County,2020-07-26,33.22
Hillsborough County,2020-07-26,33.93
Holmes County,2020-07-26,34.03
Indian River County,2020-07-26,31.89
Jackson County,2020-07-26,34.21
Jefferson County,2020-07-26,33.29
Lafayette County,2020-07-26,33.36
Lake County,2020-07-26,32.97
Lee County,2020-07-26,34.36
Leon County,2020-07-26,33.57
Levy County,2020-07-26,33.79
Liberty County,2020-07-26,33.41
Madison County,2020-07-26,32.89
Manatee County,2020-07-26,34.03
Marion County,2020-07-26,32.95
Martin County,2020-07-26,32.37
Miami-Dade County,2020-07-26,32.41
Monroe County,2020-07-26,32.94
Nassau County,2020-07-26,32.8
Okaloosa County,2020-07-26,32.8
Okeechobee County,2020-07-26,32.69
Orange County,2020-07-26,32.68
Osceola County,2020-07-26,32.81
Palm Beach County,2020-07-26,32.3
Pasco County,2020-07-26,33.76
Pinellas County,2020-07-26,33.68
Polk County,2020-07-26,33.55
Putnam County,2020-07-26,32.83
St. Johns County,2020-07-26,32.53
St. Lucie County,2020-07-26,32.16
Santa Rosa County,2020-07-26,31.72
Sarasota County,2020-07-26,34.72
Seminole County,2020-07-26,32.51
Sumter County,2020-07-26,33.37
Suwannee County,2020-07-26,32.83
Taylor County,2020-07-26,33.66
Union County,2020-07-26,32.6
Volusia County,2020-07-26,32.23
Wakulla County,2020-07-26,33.8
Walton County,2020-07-26,33.45
Washington County,2020-07-26,34.09
Alachua County,2020-07-27,33.58
Baker County,2020-07-27,33.54
Bay County,2020-07-27,33.07
Bradford County,2020-07-27,33.52
Brevard County,2020-07-27,31.72
Broward County,2020-07-27,33.66
Calhoun County,2020-07-27,33.68
Charlotte County,2020-07-27,34.73
Citrus County,2020-07-27,33.26
Clay County,2020-07-27,33.26
Collier County,2020-07-27,34.14
Columbia County,2020-07-27,33.69
DeSoto County,2020-07-27,34.52
Dixie County,2020-07-27,33.45
Duval County,2020-07-27,32.53
Escambia County,2020-07-27,32.36
Flagler County,2020-07-27,32.28
Franklin County,2020-07-27,32.61
Gadsden County,2020-07-27,33.78
Gilchrist County,2020-07-27,33.64
Glades County,2020-07-27,34.33
Gulf County,2020-07-27,32.66
Hamilton County,2020-07-27,34.03
Hardee County,2020-07-27,34.38
Hendry County,2020-07-27,34.34
Hernando County,2020-07-27,33.5
Highlands County,2020-07-27,34.33
Hillsborough County,2020-07-27,33.87
Holmes County,2020-07-27,33.87
Indian River County,2020-07-27,32.61
Jackson County,2020-07-27,34.11
Jefferson County,2020-07-27,33.67
Lafayette County,2020-07-27,33.83
Lake County,2020-07-27,33.46
Lee County,2020-07-27,34.42
Leon County,2020-07-27,33.71
Levy County,2020-07-27,33.12
Liberty County,2020-07-27,33.35
Madison County,2020-07-27,33.88
Manatee County,2020-07-27,33.93
Marion County,2020-07-27,33.14
Martin County,2020-07-27,33.1
Miami-Dade County,2020-07-27,33.58
Monroe County,2020-07-27,33.67
Nassau County,2020-07-27,32.8
Okaloosa County,2020-07-27,33.23
Okeechobee County,2020-07-27,33.74
Orange County,2020-07-27,33.26
Osceola County,2020-07-27,33.65
Palm Beach County,2020-07-27,33.41
Pasco County,2020-07-27,33.71
Pinellas County,2020-07-27,33.05
Polk County,2020-07-27,34.35
Putnam County,2020-07-27,33.19
St. Johns County,2020-07-27,32.13
St. Lucie County,2020-07-27,32.82
Santa Rosa County,2020-07-27,32.53
Sarasota County,2020-07-27,34.28
Seminole County,2020-07-27,32.96
Sumter County,2020-07-27,33.55
Suwannee County,2020-07-27,33.92
Taylor County,2020-07-27,33.55
Union County,2020-07-27,33.56
Volusia County,2020-07-27,32.3
Wakulla County,2020-07-27,33.28
Walton County,2020-07-27,33.44
Washington County,2020-07-27,33.93
Alachua County,2020-07-28,33.26
Baker County,2020-07-28,33.42
Bay County,2020-07-28,32.09
Bradford County,2020-07-28,33.31
Brevard County,2020-07-28,32.97
Broward County,2020-07-28,33.67
Calhoun County,2020-07-28,33.25
Charlotte County,2020-07-28,34.92
Citrus County,2020-07-28,33.03
Clay County,2020-07-28,33.45
Collier County,2020-07-28,34.16
Columbia County,2020-07-28,33.11
DeSoto County,2020-07-28,34.53
Dixie County,2020-07-28,32.98
Duval County,2020-07-28,33.29
Escambia County,2020-07-28,28.51
Flagler County,2020-07-28,33.36
Franklin County,2020-07-28,32.24
Gadsden County,2020-07-28,33.17
Gilchrist County,2020-07-28,33.18
Glades County,2020-07-28,34.15
Gulf County,2020-07-28,32.19
Hamilton County,2020-07-28,32.92
Hardee County,2020-07-28,34.29
Hendry County,2020-07-28,34.22
Hernando County,2020-07-28,33.14
Highlands County,2020-07-28,34.15
Hillsborough County,2020-07-28,33.65
Holmes County,2020-07-28,32.64
Indian River County,2020-07-28,33.01
Jackson County,2020-07-28,33.6
Jefferson County,2020-07-28,32.29
Lafayette County,2020-07-28,32.91
Lake County,2020-07-28,33.71
Lee County,2020-07-28,34.66
Leon County,2020-07-28,32.77
Levy County,2020-07-28,32.94
Liberty County,2020-07-28,33.05
Madison County,2020-07-28,32.36
Manatee County,2020-07-28,34.01
Marion County,2020-07-28,33.14
Martin County,2020-07-28,33.24
Miami-Dade County,2020-07-28,33.49
Monroe County,2020-07-28,33.59
Nassau County,2020-07-28,33.7
Okaloosa County,2020-07-28,30.65
Okeechobee County,2020-07-28,33.77
Orange County,2020-07-28,33.9
Osceola County,2020-07-28,33.99
Palm Beach County,2020-07-28,33.45
Pasco County,2020-07-28,33.3
Pinellas County,2020-07-28,32.78
Polk County,2020-07-28,34.21
Putnam County,2020-07-28,33.48
St. Johns County,2020-07-28,33.0
St. Lucie County,2020-07-28,33.04
Santa Rosa County,2020-07-28,29.14
Sarasota County,2020-07-28,34.58
Seminole County,2020-07-28,33.99
Sumter County,2020-07-28,33.38
Suwannee County,2020-07-28,32.91
Taylor County,2020-07-28,32.52
Union County,2020-07-28,33.18
Volusia County,2020-07-28,33.66
Wakulla County,2020-07-28,32.66
Walton County,2020-07-28,31.62
Washington County,2020-07-28,32.91
Alachua County,2020-07-29,31.29
Baker County,2020-07-29,32.68
Bay County,2020-07-29,28.88
Bradford County,2020-07-29,32.1
Brevard County,2020-07-29,31.57
Broward County,2020-07-29,33.36
Calhoun County,2020-07-29,29.06
Charlotte County,2020-07-29,34.33
Citrus County,2020-07-29,30.92
Clay County,2020-07-29,32.56
Collier County,2020-07-29,33.84
Columbia County,2020-07-29,32.03
DeSoto County,2020-07-29,33.51
Dixie County,2020-07-29,30.47
Duval County,2020-07-29,33.05
Escambia County,2020-07-29,29.84
Flagler County,2020-07-29,32.17
Franklin County,2020-07-29,29.32
Gadsden County,2020-07-29,29.67
Gilchrist County,2020-07-29,30.7
Glades County,2020-07-29,33.57
Gulf County,2020-07-29,28.64
Hamilton County,2020-07-29,32.23
Hardee County,2020-07-29,33.02
Hendry County,2020-07-29,33.82
Hernando County,2020-07-29,31.43
Highlands County,2020-07-29,33.15
Hillsborough County,2020-07-29,32.54
Holmes County,2020-07-29,29.58
Indian River County,2020-07-29,32.03
Jackson County,2020-07-29,29.41
Jefferson County,2020-07-29,30.67
Lafayette County,2020-07-29,31.12
Lake County,2020-07-29,31.86
Lee County,2020-07-29,34.39
Leon County,2020-07-29,30.22
Levy County,2020-07-29,30.11
Liberty County,2020-07-29,29.18
Madison County,2020-07-29,31.27
Manatee County,2020-07-29,32.83
Marion County,2020-07-29,31.02
Martin County,2020-07-29,32.8
Miami-Dade County,2020-07-29,33.39
Monroe County,2020-07-29,33.76
Nassau County,2020-07-29,33.46
Okaloosa County,2020-07-29,29.82
Okeechobee County,2020-07-29,32.84
Orange County,2020-07-29,32.1
Osceola County,2020-07-29,32.49
Palm Beach County,2020-07-29,33.07
Pasco County,2020-07-29,31.81
Pinellas County,2020-07-29,32.25
Polk County,2020-07-29,32.77
Putnam County,2020-07-29,32.09
St. Johns County,2020-07-29,32.58
St. Lucie County,2020-07-29,32.45
Santa Rosa County,2020-07-29,29.62
Sarasota County,2020-07-29,33.58
Seminole County,2020-07-29,32.05
Sumter County,2020-07-29,31.48
Suwannee County,2020-07-29,31.69
Taylor County,2020-07-29,30.88
Union County,2020-07-29,31.91
Volusia County,2020-07-29,31.97
Wakulla County,2020-07-29,30.1
Walton County,2020-07-29,29.51
Washington County,2020-07-29,29.29
Alachua County,2020-07-30,31.12
Baker County,2020-07-30,30.38
Bay County,2020-07-30,31.09
Bradford County,2020-07-30,31.05
Brevard County,2020-07-30,31.88
Broward County,2020-07-30,33.66
Calhoun County,2020-07-30,31.2
Charlotte County,2020-07-30,35.51
Citrus County,2020-07-30,32.07
Clay County,2020-07-30,31.65
Collier County,2020-07-30,34.55
Columbia County,2020-07-30,30.15
DeSoto County,2020-07-30,34.93
Dixie County,2020-07-30,30.91
Duval County,2020-07-30,31.44
Escambia County,2020-07-30,30.04
Flagler County,2020-07-30,32.68
Franklin County,2020-07-30,30.89
Gadsden County,2020-07-30,31.25
Gilchrist County,2020-07-30,30.63
Glades County,2020-07-30,34.38
Gulf County,2020-07-30,30.77
Hamilton County,2020-07-30,30.35
Hardee County,2020-07-30,34.4
Hendry County,2020-07-30,34.52
Hernando County,2020-07-30,32.57
Highlands County,2020-07-30,34.12
Hillsborough County,2020-07-30,33.69
Holmes County,2020-07-30,30.88
Indian River County,2020-07-30,32.3
Jackson County,2020-07-30,31.37
Jefferson County,2020-07-30,31.06
Lafayette County,2020-07-30,30.62
Lake County,2020-07-30,32.95
Lee County,2020-07-30,35.25
Leon County,2020-07-30,31.24
Levy County,2020-07-30,31.04
Liberty County,2020-07-30,30.94
Madison County,2020-07-30,30.71
Manatee County,2020-07-30,34.25
Marion County,2020-07-30,31.83
Martin County,2020-07-30,33.01
Miami-Dade County,2020-07-30,33.68
Monroe County,2020-07-30,34.12
Nassau County,2020-07-30,30.99
Okaloosa County,2020-07-30,30.71
Okeechobee County,2020-07-30,33.37
Orange County,2020-07-30,33.13
Osceola County,2020-07-30,33.31
Palm Beach County,2020-07-30,33.32
Pasco County,2020-07-30,32.95
Pinellas County,2020-07-30,32.96
Polk County,2020-07-30,33.94
Putnam County,2020-07-30,32.22
St. Johns County,2020-07-30,32.25
St. Lucie County,2020-07-30,32.67
Santa Rosa County,2020-07-30,30.12
Sarasota County,2020-07-30,35.03
Seminole County,2020-07-30,33.08
Sumter County,2020-07-30,32.59
Suwannee County,2020-07-30,30.41
Taylor County,2020-07-30,30.96
Union County,2020-07-30,30.51
Volusia County,2020-07-30,32.76
Wakulla County,2020-07-30,31.2
Walton County,2020-07-30,30.88
Washington County,2020-07-30,31.3
Alachua County,2020-07-31,32.54
Baker County,2020-07-31,32.01
Bay County,2020-07-31,32.84
Bradford County,2020-07-31,32.41
Brevard County,2020-07-31,33.17
Broward County,2020-07-31,34.03
Calhoun County,2020-07-31,33.22
Charlotte County,2020-07-31,36.05
Citrus County,2020-07-31,33.09
Clay County,2020-07-31,32.77
Collier County,2020-07-31,34.92
Columbia County,2020-07-31,31.83
DeSoto County,2020-07-31,35.67
Dixie County,2020-07-31,32.32
Duval County,2020-07-31,32.35
Escambia County,2020-07-31,32.56
Flagler County,2020-07-31,33.79
Franklin County,2020-07-31,32.36
Gadsden County,2020-07-31,33.15
Gilchrist County,2020-07-31,32.25
Glades County,2020-07-31,35.17
Gulf County,2020-07-31,32.38
Hamilton County,2020-07-31,31.94
Hardee County,2020-07-31,35.31
Hendry County,2020-07-31,35.2
Hernando County,2020-07-31,33.45
Highlands County,2020-07-31,35.1
Hillsborough County,2020-07-31,34.27
Holmes County,2020-07-31,33.48
Indian River County,2020-07-31,33.2
Jackson County,2020-07-31,33.59
Jefferson County,2020-07-31,32.51
Lafayette County,2020-07-31,32.18
Lake County,2020-07-31,34.31
Lee County,2020-07-31,35.71
Leon County,2020-07-31,32.96
Levy County,2020-07-31,32.38
Liberty County,2020-07-31,32.87
Madison County,2020-07-31,32.16
Manatee County,2020-07-31,34.91
Marion County,2020-07-31,33.16
Martin County,2020-07-31,33.49
Miami-Dade County,2020-07-31,33.8
Monroe County,2020-07-31,34.1
Nassau County,2020-07-31,32.14
Okaloosa County,2020-07-31,33.19
Okeechobee County,2020-07-31,34.38
Orange County,2020-07-31,34.49
Osceola County,2020-07-31,34.55
Palm Beach County,2020-07-31,33.85
Pasco County,2020-07-31,33.75
Pinellas County,2020-07-31,33.35
Polk County,2020-07-31,35.01
Putnam County,2020-07-31,33.36
St. Johns County,2020-07-31,33.02
St. Lucie County,2020-07-31,33.26
Santa Rosa County,2020-07-31,32.56
Sarasota County,2020-07-31,35.61
Seminole County,2020-07-31,34.56
Sumter County,2020-07-31,33.82
Suwannee County,2020-07-31,32.0
Taylor County,2020-07-31,32.31
Union County,2020-07-31,32.05
Volusia County,2020-07-31,34.2
Wakulla County,2020-07-31,32.74
Walton County,2020-07-31,33.26
Washington County,2020-07-31,33.59
Alachua County,2020-08-01,34.23
Baker County,2020-08-01,33.75
Bay County,2020-08-01,33.1
Bradford County,2020-08-01,34.14
Brevard County,2020-08-01,33.0
Broward County,2020-08-01,34.05
Calhoun County,2020-08-01,34.19
Charlotte County,2020-08-01,35.67
Citrus County,2020-08-01,34.02
Clay County,2020-08-01,34.43
Collier County,2020-08-01,34.53
Columbia County,2020-08-01,33.41
DeSoto County,2020-08-01,35.55
Dixie County,2020-08-01,33.5
Duval County,2020-08-01,34.12
Escambia County,2020-08-01,32.38
Flagler County,2020-08-01,34.06
Franklin County,2020-08-01,33.54
Gadsden County,2020-08-01,34.16
Gilchrist County,2020-08-01,33.84
Glades County,2020-08-01,35.33
Gulf County,2020-08-01,33.39
Hamilton County,2020-08-01,32.77
Hardee County,2020-08-01,35.51
Hendry County,2020-08-01,34.98
Hernando County,2020-08-01,34.41
Highlands County,2020-08-01,35.52
Hillsborough County,2020-08-01,34.71
Holmes County,2020-08-01,33.97
Indian River County,2020-08-01,33.8
Jackson County,2020-08-01,34.34
Jefferson County,2020-08-01,33.56
Lafayette County,2020-08-01,33.55
Lake County,2020-08-01,35.12
Lee County,2020-08-01,35.34
Leon County,2020-08-01,33.93
Levy County,2020-08-01,33.65
Liberty County,2020-08-01,34.24
Madison County,2020-08-01,33.25
Manatee County,2020-08-01,35.05
Marion County,2020-08-01,34.5
Martin County,2020-08-01,34.33
Miami-Dade County,2020-08-01,33.65
Monroe County,2020-08-01,33.8
Nassau County,2020-08-01,34.13
Okaloosa County,2020-08-01,33.19
Okeechobee County,2020-08-01,35.06
Orange County,2020-08-01,34.74
Osceola County,2020-08-01,34.79
Palm Beach County,2020-08-01,34.39
Pasco County,2020-08-01,34.62
Pinellas County,2020-08-01,34.11
Polk County,2020-08-01,35.34
Putnam County,2020-08-01,34.62
St. Johns County,2020-08-01,33.98
St. Lucie County,2020-08-01,34.08
Santa Rosa County,2020-08-01,32.43
Sarasota County,2020-08-01,35.47
Seminole County,2020-08-01,34.67
Sumter County,2020-08-01,34.89
Suwannee County,2020-08-01,33.26
Taylor County,2020-08-01,33.54
Union County,2020-08-01,33.85
Volusia County,2020-08-01,34.04
Wakulla County,2020-08-01,33.8
Walton County,2020-08-01,33.38
Washington County,2020-08-01,33.87
Alachua County,2020-08-02,34.23
Baker County,2020-08-02,34.02
Bay County,2020-08-02,33.58
Bradford County,2020-08-02,34.15
Brevard County,2020-08-02,32.47
Broward County,2020-08-02,32.68
Calhoun County,2020-08-02,34.41
Charlotte County,2020-08-02,35.01
Citrus County,2020-08-02,34.02
Clay County,2020-08-02,34.21
Collier County,2020-08-02,33.37
Columbia County,2020-08-02,33.92
DeSoto County,2020-08-02,34.76
Dixie County,2020-08-02,33.89
Duval County,2020-08-02,33.47
Escambia County,2020-08-02,32.77
Flagler County,2020-08-02,33.72
Franklin County,2020-08-02,33.92
Gadsden County,2020-08-02,34.27
Gilchrist County,2020-08-02,34.03
Glades County,2020-08-02,34.15
Gulf County,2020-08-02,33.85
Hamilton County,2020-08-02,33.64
Hardee County,2020-08-02,34.84
Hendry County,2020-08-02,33.59
Hernando County,2020-08-02,34.44
Highlands County,2020-08-02,34.53
Hillsborough County,2020-08-02,34.87
Holmes County,2020-08-02,34.33
Indian River County,2020-08-02,33.01
Jackson County,2020-08-02,34.56
Jefferson County,2020-08-02,34.09
Lafayette County,2020-08-02,34.06
Lake County,2020-08-02,34.63
Lee County,2020-08-02,34.67
Leon County,2020-08-02,34.25
Levy County,2020-08-02,33.77
Liberty County,2020-08-02,34.39
Madison County,2020-08-02,33.93
Manatee County,2020-08-02,34.55
Marion County,2020-08-02,34.2
Martin County,2020-08-02,33.34
Miami-Dade County,2020-08-02,32.37
Monroe County,2020-08-02,32.82
Nassau County,2020-08-02,33.66
Okaloosa County,2020-08-02,33.53
Okeechobee County,2020-08-02,33.9
Orange County,2020-08-02,34.33
Osceola County,2020-08-02,34.17
Palm Beach County,2020-08-02,33.11
Pasco County,2020-08-02,34.69
Pinellas County,2020-08-02,34.51
Polk County,2020-08-02,34.88
Putnam County,2020-08-02,34.42
St. Johns County,2020-08-02,33.36
St. Lucie County,2020-08-02,33.19
Santa Rosa County,2020-08-02,32.86
Sarasota County,2020-08-02,34.76
Seminole County,2020-08-02,34.31
Sumter County,2020-08-02,34.4
Suwannee County,2020-08-02,33.9
Taylor County,2020-08-02,34.17
Union County,2020-08-02,34.04
Volusia County,2020-08-02,33.67
Wakulla County,2020-08-02,34.26
Walton County,2020-08-02,33.8
Washington County,2020-08-02,34.26
Alachua County,2020-08-03,33.4
Baker County,2020-08-03,33.65
Bay County,2020-08-03,34.4
Bradford County,2020-08-03,33.28
Brevard County,2020-08-03,28.88
Broward County,2020-08-03,31.99
Calhoun County,2020-08-03,35.25
Charlotte County,2020-08-03,33.34
Citrus County,2020-08-03,32.89
Clay County,2020-08-03,33.04
Collier County,2020-08-03,32.81
Columbia County,2020-08-03,33.85
DeSoto County,2020-08-03,32.83
Dixie County,2020-08-03,33.82
Duval County,2020-08-03,32.8
Escambia County,2020-08-03,33.07
Flagler County,2020-08-03,31.73
Franklin County,2020-08-03,34.69
Gadsden County,2020-08-03,35.1
Gilchrist County,2020-08-03,33.82
Glades County,2020-08-03,32.03
Gulf County,2020-08-03,34.71
Hamilton County,2020-08-03,34.11
Hardee County,2020-08-03,32.6
Hendry County,2020-08-03,32.54
Hernando County,2020-08-03,33.11
Highlands County,2020-08-03,31.78
Hillsborough County,2020-08-03,32.91
Holmes County,2020-08-03,35.06
Indian River County,2020-08-03,29.03
Jackson County,2020-08-03,35.43
Jefferson County,2020-08-03,34.78
Lafayette County,2020-08-03,34.4
Lake County,2020-08-03,32.97
Lee County,2020-08-03,33.21
Leon County,2020-08-03,34.98
Levy County,2020-08-03,33.1
Liberty County,2020-08-03,35.23
Madison County,2020-08-03,34.65
Manatee County,2020-08-03,33.14
Marion County,2020-08-03,32.96
Martin County,2020-08-03,30.12
Miami-Dade County,2020-08-03,32.31
Monroe County,2020-08-03,32.53
Nassau County,2020-08-03,33.41
Okaloosa County,2020-08-03,34.04
Okeechobee County,2020-08-03,30.52
Orange County,2020-08-03,31.88
Osceola County,2020-08-03,31.02
Palm Beach County,2020-08-03,31.33
Pasco County,2020-08-03,33.18
Pinellas County,2020-08-03,32.84
Polk County,2020-08-03,32.41
Putnam County,2020-08-03,32.8
St. Johns County,2020-08-03,31.9
St. Lucie County,2020-08-03,29.38
Santa Rosa County,2020-08-03,33.15
Sarasota County,2020-08-03,33.65
Seminole County,2020-08-03,31.88
Sumter County,2020-08-03,33.2
Suwannee County,2020-08-03,34.24
Taylor County,2020-08-03,34.62
Union County,2020-08-03,33.52
Volusia County,2020-08-03,31.39
Wakulla County,2020-08-03,34.88
Walton County,2020-08-03,34.43
Washington County,2020-08-03,35.02
Alachua County,2020-08-04,33.99
Baker County,2020-08-04,33.74
Bay County,2020-08-04,35.13
Bradford County,2020-08-04,33.68
Brevard County,2020-08-04,33.81
Broward County,2020-08-04,33.61
Calhoun County,2020-08-04,35.57
Charlotte County,2020-08-04,34.74
Citrus County,2020-08-04,33.28
Clay County,2020-08-04,33.34
Collier County,2020-08-04,33.61
Columbia County,2020-08-04,34.13
DeSoto County,2020-08-04,34.77
Dixie County,2020-08-04,34.5
Duval County,2020-08-04,32.68
Escambia County,2020-08-04,33.23
Flagler County,2020-08-04,33.11
Franklin County,2020-08-04,35.32
Gadsden County,2020-08-04,35.42
Gilchrist County,2020-08-04,34.43
Glades County,2020-08-04,34.65
Gulf County,2020-08-04,35.23
Hamilton County,2020-08-04,34.29
Hardee County,2020-08-04,34.74
Hendry County,2020-08-04,34.28
Hernando County,2020-08-04,33.39
Highlands County,2020-08-04,34.83
Hillsborough County,2020-08-04,33.69
Holmes County,2020-08-04,35.36
Indian River County,2020-08-04,34.26
Jackson County,2020-08-04,35.66
Jefferson County,2020-08-04,35.28
Lafayette County,2020-08-04,34.89
Lake County,2020-08-04,34.04
Lee County,2020-08-04,34.19
Leon County,2020-08-04,35.42
Levy County,2020-08-04,33.76
Liberty County,2020-08-04,35.53
Madison County,2020-08-04,35.01
Manatee County,2020-08-04,34.1
Marion County,2020-08-04,33.56
Martin County,2020-08-04,34.56
Miami-Dade County,2020-08-04,33.29
Monroe County,2020-08-04,33.07
Nassau County,2020-08-04,32.94
Okaloosa County,2020-08-04,34.37
Okeechobee County,2020-08-04,34.7
Orange County,2020-08-04,34.29
Osceola County,2020-08-04,34.5
Palm Beach County,2020-08-04,34.11
Pasco County,2020-08-04,33.49
Pinellas County,2020-08-04,33.0
Polk County,2020-08-04,34.57
Putnam County,2020-08-04,33.47
St. Johns County,2020-08-04,32.59
St. Lucie County,2020-08-04,34.5
Santa Rosa County,2020-08-04,33.39
Sarasota County,2020-08-04,34.54
Seminole County,2020-08-04,34.26
Sumter County,2020-08-04,33.69
Suwannee County,2020-08-04,34.61
Taylor County,2020-08-04,35.24
Union County,2020-08-04,33.9
Volusia County,2020-08-04,33.7
Wakulla County,2020-08-04,35.46
Walton County,2020-08-04,34.89
Washington County,2020-08-04,35.41
Alachua County,2020-08-05,35.13
Baker County,2020-08-05,34.91
Bay County,2020-08-05,34.74
Bradford County,2020-08-05,35.03
Brevard County,2020-08-05,33.18
Broward County,2020-08-05,33.84
Calhoun County,2020-08-05,35.41
Charlotte County,2020-08-05,34.84
Citrus County,2020-08-05,34.19
Clay County,2020-08-05,34.94
Collier County,2020-08-05,33.85
Columbia County,2020-08-05,34.97
DeSoto County,2020-08-05,35.0
Dixie County,2020-08-05,34.68
Duval County,2020-08-05,34.17
Escambia County,2020-08-05,33.57
Flagler County,2020-08-05,34.28
Franklin County,2020-08-05,35.18
Gadsden County,2020-08-05,34.98
Gilchrist County,2020-08-05,35.07
Glades County,2020-08-05,35.11
Gulf County,2020-08-05,35.21
Hamilton County,2020-08-05,34.7
Hardee County,2020-08-05,35.04
Hendry County,2020-08-05,34.65
Hernando County,2020-08-05,34.3
Highlands County,2020-08-05,35.31
Hillsborough County,2020-08-05,34.09
Holmes County,2020-08-05,34.91
Indian River County,2020-08-05,33.82
Jackson County,2020-08-05,35.24
Jefferson County,2020-08-05,34.74
Lafayette County,2020-08-05,35.07
Lake County,2020-08-05,35.28
Lee County,2020-08-05,34.36
Leon County,2020-08-05,34.83
Levy County,2020-08-05,34.4
Liberty County,2020-08-05,35.49
Madison County,2020-08-05,34.85
Manatee County,2020-08-05,34.2
Marion County,2020-08-05,34.94
Martin County,2020-08-05,34.32
Miami-Dade County,2020-08-05,33.43
Monroe County,2020-08-05,33.43
Nassau County,2020-08-05,34.22
Okaloosa County,2020-08-05,34.19
Okeechobee County,2020-08-05,34.92
Orange County,2020-08-05,34.89
Osceola County,2020-08-05,34.73
Palm Beach County,2020-08-05,34.27
Pasco County,2020-08-05,34.31
Pinellas County,2020-08-05,33.51
Polk County,2020-08-05,35.06
Putnam County,2020-08-05,35.1
St. Johns County,2020-08-05,34.01
St. Lucie County,2020-08-05,34.11
Santa Rosa County,2020-08-05,33.44
Sarasota County,2020-08-05,34.46
Seminole County,2020-08-05,34.94
Sumter County,2020-08-05,34.91
Suwannee County,2020-08-05,35.0
Taylor County,2020-08-05,34.89
Union County,2020-08-05,35.04
Volusia County,2020-08-05,34.37
Wakulla County,2020-08-05,34.9
Walton County,2020-08-05,34.5
Washington County,2020-08-05,35.01
Alachua County,2020-08-06,34.25
Baker County,2020-08-06,34.12
Bay County,2020-08-06,34.42
Bradford County,2020-08-06,34.05
Brevard County,2020-08-06,31.59
Broward County,2020-08-06,33.68
Calhoun County,2020-08-06,35.05
Charlotte County,2020-08-06,33.82
Citrus County,2020-08-06,33.81
Clay County,2020-08-06,33.88
Collier County,2020-08-06,33.87
Columbia County,2020-08-06,34.33
DeSoto County,2020-08-06,33.29
Dixie County,2020-08-06,34.62
Duval County,2020-08-06,33.42
Escambia County,2020-08-06,33.27
Flagler County,2020-08-06,33.0
Franklin County,2020-08-06,35.16
Gadsden County,2020-08-06,34.98
Gilchrist County,2020-08-06,34.51
Glades County,2020-08-06,33.75
Gulf County,2020-08-06,34.84
Hamilton County,2020-08-06,34.36
Hardee County,2020-08-06,33.0
Hendry County,2020-08-06,33.99
Hernando County,2020-08-06,33.76
Highlands County,2020-08-06,33.25
Hillsborough County,2020-08-06,33.15
Holmes County,2020-08-06,34.69
Indian River County,2020-08-06,32.3
Jackson County,2020-08-06,35.1
Jefferson County,2020-08-06,34.97
Lafayette County,2020-08-06,34.79
Lake County,2020-08-06,33.78
Lee County,2020-08-06,33.84
Leon County,2020-08-06,35.06
Levy County,2020-08-06,34.09
Liberty County,2020-08-06,35.22
Madison County,2020-08-06,34.78
Manatee County,2020-08-06,32.94
Marion County,2020-08-06,33.86
Martin County,2020-08-06,33.66
Miami-Dade County,2020-08-06,33.51
Monroe County,2020-08-06,33.57
Nassau County,2020-08-06,33.64
Okaloosa County,2020-08-06,33.77
Okeechobee County,2020-08-06,33.09
Orange County,2020-08-06,33.14
Osceola County,2020-08-06,32.71
Palm Beach County,2020-08-06,33.82
Pasco County,2020-08-06,33.57
Pinellas County,2020-08-06,33.25
Polk County,2020-08-06,33.1
Putnam County,2020-08-06,33.85
St. Johns County,2020-08-06,33.09
St. Lucie County,2020-08-06,33.08
Santa Rosa County,2020-08-06,33.18
Sarasota County,2020-08-06,33.45
Seminole County,2020-08-06,33.21
Sumter County,2020-08-06,33.85
Suwannee County,2020-08-06,34.6
Taylor County,2020-08-06,35.14
Union County,2020-08-06,34.19
Volusia County,2020-08-06,32.82
Wakulla County,2020-08-06,35.3
Walton County,2020-08-06,34.1
Washington County,2020-08-06,34.65
Alachua County,2020-08-07,33.63
Baker County,2020-08-07,32.78
Bay County,2020-08-07,34.07
Bradford County,2020-08-07,33.16
Brevard County,2020-08-07,32.59
Broward County,2020-08-07,33.71
Calhoun County,2020-08-07,34.85
Charlotte County,2020-08-07,34.27
Citrus County,2020-08-07,33.74
Clay County,2020-08-07,33.13
Collier County,2020-08-07,34.02
Columbia County,2020-08-07,33.01
DeSoto County,2020-08-07,34.37
Dixie County,2020-08-07,33.77
Duval County,2020-08-07,32.53
Escambia County,2020-08-07,33.51
Flagler County,2020-08-07,33.16
Franklin County,2020-08-07,34.12
Gadsden County,2020-08-07,34.43
Gilchrist County,2020-08-07,33.76
Glades County,2020-08-07,34.6
Gulf County,2020-08-07,34.32
Hamilton County,2020-08-07,32.82
Hardee County,2020-08-07,34.37
Hendry County,2020-08-07,34.33
Hernando County,2020-08-07,33.95
Highlands County,2020-08-07,34.67
Hillsborough County,2020-08-07,33.62
Holmes County,2020-08-07,34.7
Indian River County,2020-08-07,33.47
Jackson County,2020-08-07,35.04
Jefferson County,2020-08-07,33.96
Lafayette County,2020-08-07,33.87
Lake County,2020-08-07,34.5
Lee County,2020-08-07,33.95
Leon County,2020-08-07,34.19
Levy County,2020-08-07,33.57
Liberty County,2020-08-07,34.7
Madison County,2020-08-07,33.64
Manatee County,2020-08-07,33.44
Marion County,2020-08-07,33.89
Martin County,2020-08-07,34.07
Miami-Dade County,2020-08-07,33.86
Monroe County,2020-08-07,33.9
Nassau County,2020-08-07,32.62
Okaloosa County,2020-08-07,33.86
Okeechobee County,2020-08-07,34.41
Orange County,2020-08-07,34.26
Osceola County,2020-08-07,34.22
Palm Beach County,2020-08-07,33.97
Pasco County,2020-08-07,33.91
Pinellas County,2020-08-07,32.39
Polk County,2020-08-07,34.57
Putnam County,2020-08-07,33.59
St. Johns County,2020-08-07,32.61
St. Lucie County,2020-08-07,33.84
Santa Rosa County,2020-08-07,33.35
Sarasota County,2020-08-07,33.68
Seminole County,2020-08-07,34.17
Sumter County,2020-08-07,34.41
Suwannee County,2020-08-07,33.4
Taylor County,2020-08-07,34.04
Union County,2020-08-07,33.13
Volusia County,2020-08-07,33.42
Wakulla County,2020-08-07,34.26
Walton County,2020-08-07,34.12
Washington County,2020-08-07,34.71
Alachua County,2020-08-08,32.99
Baker County,2020-08-08,32.77
Bay County,2020-08-08,33.24
Bradford County,2020-08-08,33.0
Brevard County,2020-08-08,32.78
Broward County,2020-08-08,34.31
Calhoun County,2020-08-08,33.81
Charlotte County,2020-08-08,35.0
Citrus County,2020-08-08,33.04
Clay County,2020-08-08,33.25
Collier County,2020-08-08,34.85
Columbia County,2020-08-08,32.4
DeSoto County,2020-08-08,35.03
Dixie County,2020-08-08,31.8
Duval County,2020-08-08,32.96
Escambia County,2020-08-08,33.42
Flagler County,2020-08-08,33.06
Franklin County,2020-08-08,32.51
Gadsden County,2020-08-08,32.88
Gilchrist County,2020-08-08,32.36
Glades County,2020-08-08,35.09
Gulf County,2020-08-08,33.15
Hamilton County,2020-08-08,31.9
Hardee County,2020-08-08,34.97
Hendry County,2020-08-08,35.07
Hernando County,2020-08-08,33.64
Highlands County,2020-08-08,35.1
Hillsborough County,2020-08-08,33.99
Holmes County,2020-08-08,34.33
Indian River County,2020-08-08,33.55
Jackson County,2020-08-08,34.09
Jefferson County,2020-08-08,31.98
Lafayette County,2020-08-08,31.93
Lake County,2020-08-08,34.49
Lee County,2020-08-08,34.72
Leon County,2020-08-08,32.33
Levy County,2020-08-08,32.24
Liberty County,2020-08-08,33.31
Madison County,2020-08-08,31.89
Manatee County,2020-08-08,34.22
Marion County,2020-08-08,33.45
Martin County,2020-08-08,34.08
Miami-Dade County,2020-08-08,34.22
Monroe County,2020-08-08,34.29
Nassau County,2020-08-08,33.03
Okaloosa County,2020-08-08,33.72
Okeechobee County,2020-08-08,34.69
Orange County,2020-08-08,34.5
Osceola County,2020-08-08,34.57
Palm Beach County,2020-08-08,34.38
Pasco County,2020-08-08,33.94
Pinellas County,2020-08-08,32.83
Polk County,2020-08-08,34.94
Putnam County,2020-08-08,33.48
St. Johns County,2020-08-08,32.75
St. Lucie County,2020-08-08,33.78
Santa Rosa County,2020-08-08,33.24
Sarasota County,2020-08-08,34.56
Seminole County,2020-08-08,34.35
Sumter County,2020-08-08,34.19
Suwannee County,2020-08-08,31.99
Taylor County,2020-08-08,31.78
Union County,2020-08-08,32.75
Volusia County,2020-08-08,33.39
Wakulla County,2020-08-08,32.25
Walton County,2020-08-08,33.8
Washington County,2020-08-08,34.09
Alachua County,2020-08-09,32.95
Baker County,2020-08-09,32.85
Bay County,2020-08-09,33.51
Bradford County,2020-08-09,32.91
Brevard County,2020-08-09,32.34
Broward County,2020-08-09,34.14
Calhoun County,2020-08-09,34.63
Charlotte County,2020-08-09,35.49
Citrus County,2020-08-09,33.16
Clay County,2020-08-09,33.21
Collier County,2020-08-09,34.8
Columbia County,2020-08-09,32.51
DeSoto County,2020-08-09,35.32
Dixie County,2020-08-09,32.35
Duval County,2020-08-09,32.92
Escambia County,2020-08-09,33.48
Flagler County,2020-08-09,33.02
Franklin County,2020-08-09,33.3
Gadsden County,2020-08-09,34.32
Gilchrist County,2020-08-09,32.57
Glades County,2020-08-09,34.8
Gulf County,2020-08-09,33.59
Hamilton County,2020-08-09,32.43
Hardee County,2020-08-09,35.23
Hendry County,2020-08-09,34.75
Hernando County,2020-08-09,33.84
Highlands County,2020-08-09,34.9
Hillsborough County,2020-08-09,34.63
Holmes County,2020-08-09,34.72
Indian River County,2020-08-09,33.04
Jackson County,2020-08-09,35.03
Jefferson County,2020-08-09,33.29
Lafayette County,2020-08-09,32.48
Lake County,2020-08-09,34.4
Lee County,2020-08-09,35.18
Leon County,2020-08-09,33.79
Levy County,2020-08-09,32.52
Liberty County,2020-08-09,34.34
Madison County,2020-08-09,32.86
Manatee County,2020-08-09,35.04
Marion County,2020-08-09,33.41
Martin County,2020-08-09,33.58
Miami-Dade County,2020-08-09,34.28
Monroe County,2020-08-09,34.39
Nassau County,2020-08-09,33.15
Okaloosa County,2020-08-09,33.84
Okeechobee County,2020-08-09,34.16
Orange County,2020-08-09,34.31
Osceola County,2020-08-09,34.26
Palm Beach County,2020-08-09,33.99
Pasco County,2020-08-09,34.3
Pinellas County,2020-08-09,33.84
Polk County,2020-08-09,34.98
Putnam County,2020-08-09,33.47
St. Johns County,2020-08-09,32.65
St. Lucie County,2020-08-09,33.25
Santa Rosa County,2020-08-09,33.35
Sarasota County,2020-08-09,35.46
Seminole County,2020-08-09,34.19
Sumter County,2020-08-09,34.07
Suwannee County,2020-08-09,32.39
Taylor County,2020-08-09,32.74
Union County,2020-08-09,32.67
Volusia County,2020-08-09,33.26
Wakulla County,2020-08-09,33.51
Walton County,2020-08-09,33.97
Washington County,2020-08-09,34.48
Alachua County,2020-08-10,34.76
Baker County,2020-08-10,34.55
Bay County,2020-08-10,33.75
Bradford County,2020-08-10,34.6
Brevard County,2020-08-10,32.78
Broward County,2020-08-10,33.29
Calhoun County,2020-08-10,34.82
Charlotte County,2020-08-10,35.51
Citrus County,2020-08-10,34.45
Clay County,2020-08-10,34.44
Collier County,2020-08-10,33.84
Columbia County,2020-08-10,34.61
DeSoto County,2020-08-10,35.4
Dixie County,2020-08-10,34.5
Duval County,2020-08-10,33.9
Escambia County,2020-08-10,33.75
Flagler County,2020-08-10,33.75
Franklin County,2020-08-10,33.98
Gadsden County,2020-08-10,34.85
Gilchrist County,2020-08-10,34.77
Glades County,2020-08-10,34.25
Gulf County,2020-08-10,34.05
Hamilton County,2020-08-10,34.34
Hardee County,2020-08-10,35.37
Hendry County,2020-08-10,33.86
Hernando County,2020-08-10,34.77
Highlands County,2020-08-10,34.74
Hillsborough County,2020-08-10,35.07
Holmes County,2020-08-10,34.82
Indian River County,2020-08-10,32.97
Jackson County,2020-08-10,35.2
Jefferson County,2020-08-10,34.6
Lafayette County,2020-08-10,34.81
Lake County,2020-08-10,34.93
Lee County,2020-08-10,34.88
Leon County,2020-08-10,34.68
Levy County,2020-08-10,34.35
Liberty County,2020-08-10,34.73
Madison County,2020-08-10,34.58
Manatee County,2020-08-10,35.28
Marion County,2020-08-10,34.56
Martin County,2020-08-10,32.89
Miami-Dade County,2020-08-10,33.72
Monroe County,2020-08-10,33.84
Nassau County,2020-08-10,34.14
Okaloosa County,2020-08-10,34.06
Okeechobee County,2020-08-10,33.8
Orange County,2020-08-10,34.66
Osceola County,2020-08-10,34.46
Palm Beach County,2020-08-10,33.12
Pasco County,2020-08-10,34.91
Pinellas County,2020-08-10,34.04
Polk County,2020-08-10,35.25
Putnam County,2020-08-10,34.46
St. Johns County,2020-08-10,33.53
St. Lucie County,2020-08-10,32.82
Santa Rosa County,2020-08-10,33.59
Sarasota County,2020-08-10,35.7
Seminole County,2020-08-10,34.52
Sumter County,2020-08-10,34.95
Suwannee County,2020-08-10,34.67
Taylor County,2020-08-10,34.69
Union County,2020-08-10,34.64
Volusia County,2020-08-10,33.84
Wakulla County,2020-08-10,34.5
Walton County,2020-08-10,34.21
Washington County,2020-08-10,34.64
Alachua County,2020-08-11,34.91
Baker County,2020-08-11,34.28
Bay County,2020-08-11,33.49
Bradford County,2020-08-11,34.67
Brevard County,2020-08-11,32.5
Broward County,2020-08-11,34.02
Calhoun County,2020-08-11,34.43
Charlotte County,2020-08-11,35.02
Citrus County,2020-08-11,34.49
Clay County,2020-08-11,34.58
Collier County,2020-08-11,34.65
Columbia County,2020-08-11,34.4
DeSoto County,2020-08-11,34.78
Dixie County,2020-08-11,34.79
Duval County,2020-08-11,33.99
Escambia County,2020-08-11,33.69
Flagler County,2020-08-11,33.77
Franklin County,2020-08-11,33.8
Gadsden County,2020-08-11,34.51
Gilchrist County,2020-08-11,35.0
Glades County,2020-08-11,34.44
Gulf County,2020-08-11,33.72
Hamilton County,2020-08-11,33.89
Hardee County,2020-08-11,34.77
Hendry County,2020-08-11,34.44
Hernando County,2020-08-11,34.66
Highlands County,2020-08-11,34.58
Hillsborough County,2020-08-11,34.61
Holmes County,2020-08-11,34.79
Indian River County,2020-08-11,32.93
Jackson County,2020-08-11,34.85
Jefferson County,2020-08-11,34.43
Lafayette County,2020-08-11,34.89
Lake County,2020-08-11,34.67
Lee County,2020-08-11,34.9
Leon County,2020-08-11,34.49
Levy County,2020-08-11,34.64
Liberty County,2020-08-11,34.38
Madison County,2020-08-11,34.34
Manatee County,2020-08-11,34.3
Marion County,2020-08-11,34.57
Martin County,2020-08-11,33.34
Miami-Dade County,2020-08-11,34.26
Monroe County,2020-08-11,34.56
Nassau County,2020-08-11,33.87
Okaloosa County,2020-08-11,34.05
Okeechobee County,2020-08-11,33.86
Orange County,2020-08-11,34.31
Osceola County,2020-08-11,34.16
Palm Beach County,2020-08-11,33.71
Pasco County,2020-08-11,34.7
Pinellas County,2020-08-11,33.94
Polk County,2020-08-11,34.89
Putnam County,2020-08-11,34.57
St. Johns County,2020-08-11,33.79
St. Lucie County,2020-08-11,33.09
Santa Rosa County,2020-08-11,33.51
Sarasota County,2020-08-11,34.54
Seminole County,2020-08-11,34.16
Sumter County,2020-08-11,34.7
Suwannee County,2020-08-11,34.56
Taylor County,2020-08-11,34.74
Union County,2020-08-11,34.64
Volusia County,2020-08-11,33.61
Wakulla County,2020-08-11,34.34
Walton County,2020-08-11,34.16
Washington County,2020-08-11,34.45
Alachua County,2020-08-12,32.8
Baker County,2020-08-12,32.78
Bay County,2020-08-12,33.42
Bradford County,2020-08-12,32.77
Brevard County,2020-08-12,32.56
Broward County,2020-08-12,33.58
Calhoun County,2020-08-12,33.83
Charlotte County,2020-08-12,34.86
Citrus County,2020-08-12,33.0
Clay County,2020-08-12,32.88
Collier County,2020-08-12,34.25
Columbia County,2020-08-12,32.65
DeSoto County,2020-08-12,34.86
Dixie County,2020-08-12,32.22
Duval County,2020-08-12,32.41
Escambia County,2020-08-12,33.98
Flagler County,2020-08-12,32.75
Franklin County,2020-08-12,32.93
Gadsden County,2020-08-12,33.05
Gilchrist County,2020-08-12,32.52
Glades County,2020-08-12,34.44
Gulf County,2020-08-12,33.33
Hamilton County,2020-08-12,32.6
Hardee County,2020-08-12,34.94
Hendry County,2020-08-12,34.23
Hernando County,2020-08-12,33.71
Highlands County,2020-08-12,34.72
Hillsborough County,2020-08-12,34.21
Holmes County,2020-08-12,34.55
Indian River County,2020-08-12,32.98
Jackson County,2020-08-12,33.98
Jefferson County,2020-08-12,32.64
Lafayette County,2020-08-12,32.67
Lake County,2020-08-12,34.41
Lee County,2020-08-12,34.55
Leon County,2020-08-12,32.83
Levy County,2020-08-12,32.2
Liberty County,2020-08-12,33.53
Madison County,2020-08-12,32.71
Manatee County,2020-08-12,34.32
Marion County,2020-08-12,33.26
Martin County,2020-08-12,33.25
Miami-Dade County,2020-08-12,34.05
Monroe County,2020-08-12,34.16
Nassau County,2020-08-12,32.63
Okaloosa County,2020-08-12,34.24
Okeechobee County,2020-08-12,33.97
Orange County,2020-08-12,34.31
Osceola County,2020-08-12,34.23
Palm Beach County,2020-08-12,33.37
Pasco County,2020-08-12,34.08
Pinellas County,2020-08-12,33.26
Polk County,2020-08-12,34.93
Putnam County,2020-08-12,33.15
St. Johns County,2020-08-12,32.21
St. Lucie County,2020-08-12,33.08
Santa Rosa County,2020-08-12,33.76
Sarasota County,2020-08-12,34.58
Seminole County,2020-08-12,34.15
Sumter County,2020-08-12,34.13
Suwannee County,2020-08-12,32.67
Taylor County,2020-08-12,32.61
Union County,2020-08-12,32.66
Volusia County,2020-08-12,33.25
Wakulla County,2020-08-12,32.81
Walton County,2020-08-12,34.23
Washington County,2020-08-12,34.25
Alachua County,2020-08-13,32.97
Baker County,2020-08-13,32.85
Bay County,2020-08-13,33.45
Bradford County,2020-08-13,32.92
Brevard County,2020-08-13,32.35
Broward County,2020-08-13,33.32
Calhoun County,2020-08-13,34.21
Charlotte County,2020-08-13,34.82
Citrus County,2020-08-13,32.8
Clay County,2020-08-13,33.1
Collier County,2020-08-13,33.77
Columbia County,2020-08-13,32.68
DeSoto County,2020-08-13,34.53
Dixie County,2020-08-13,32.47
Duval County,2020-08-13,32.84
Escambia County,2020-08-13,33.75
Flagler County,2020-08-13,32.89
Franklin County,2020-08-13,33.31
Gadsden County,2020-08-13,33.67
Gilchrist County,2020-08-13,32.69
Glades County,2020-08-13,33.97
Gulf County,2020-08-13,33.66
Hamilton County,2020-08-13,32.62
Hardee County,2020-08-13,34.35
Hendry County,2020-08-13,33.67
Hernando County,2020-08-13,33.19
Highlands County,2020-08-13,34.08
Hillsborough County,2020-08-13,33.67
Holmes County,2020-08-13,34.27
Indian River County,2020-08-13,32.89
Jackson County,2020-08-13,34.27
Jefferson County,2020-08-13,33.05
Lafayette County,2020-08-13,32.7
Lake County,2020-08-13,33.8
Lee County,2020-08-13,34.54
Leon County,2020-08-13,33.36
Levy County,2020-08-13,32.47
Liberty County,2020-08-13,34.03
Madison County,2020-08-13,32.84
Manatee County,2020-08-13,33.99
Marion County,2020-08-13,33.1
Martin County,2020-08-13,33.51
Miami-Dade County,2020-08-13,33.54
Monroe County,2020-08-13,33.83
Nassau County,2020-08-13,33.01
Okaloosa County,2020-08-13,33.94
Okeechobee County,2020-08-13,33.56
Orange County,2020-08-13,33.77
Osceola County,2020-08-13,33.66
Palm Beach County,2020-08-13,33.45
Pasco County,2020-08-13,33.4
Pinellas County,2020-08-13,32.63
Polk County,2020-08-13,34.18
Putnam County,2020-08-13,33.24
St. Johns County,2020-08-13,32.61
St. Lucie County,2020-08-13,33.24
Santa Rosa County,2020-08-13,33.62
Sarasota County,2020-08-13,34.58
Seminole County,2020-08-13,33.73
Sumter County,2020-08-13,33.51
Suwannee County,2020-08-13,32.66
Taylor County,2020-08-13,32.87
Union County,2020-08-13,32.76
Volusia County,2020-08-13,33.07
Wakulla County,2020-08-13,33.38
Walton County,2020-08-13,33.91
Washington County,2020-08-13,34.16
Alachua County,2020-08-14,33.29
Baker County,2020-08-14,32.7
Bay County,2020-08-14,33.06
Bradford County,2020-08-14,32.96
Brevard County,2020-08-14,33.11
Broward County,2020-08-14,33.68
Calhoun County,2020-08-14,33.58
Charlotte County,2020-08-14,35.12
Citrus County,2020-08-14,33.51
Clay County,2020-08-14,32.91
Collier County,2020-08-14,34.25
Columbia County,2020-08-14,32.85
DeSoto County,2020-08-14,34.87
Dixie County,2020-08-14,33.73
Duval County,2020-08-14,32.55
Escambia County,2020-08-14,32.99
Flagler County,2020-08-14,32.54
Franklin County,2020-08-14,33.33
Gadsden County,2020-08-14,33.56
Gilchrist County,2020-08-14,33.52
Glades County,2020-08-14,34.34
Gulf County,2020-08-14,33.19
Hamilton County,2020-08-14,32.57
Hardee County,2020-08-14,34.73
Hendry County,2020-08-14,34.1
Hernando County,2020-08-14,33.74
Highlands County,2020-08-14,34.58
Hillsborough County,2020-08-14,34.21
Holmes County,2020-08-14,33.9
Indian River County,2020-08-14,33.45
Jackson County,2020-08-14,33.88
Jefferson County,2020-08-14,33.55
Lafayette County,2020-08-14,33.55
Lake County,2020-08-14,33.26
Lee County,2020-08-14,34.76
Leon County,2020-08-14,33.63
Levy County,2020-08-14,33.51
Liberty County,2020-08-14,33.53
Madison County,2020-08-14,33.19
Manatee County,2020-08-14,34.29
Marion County,2020-08-14,32.99
Martin County,2020-08-14,33.72
Miami-Dade County,2020-08-14,34.08
Monroe County,2020-08-14,34.45
Nassau County,2020-08-14,32.43
Okaloosa County,2020-08-14,33.62
Okeechobee County,2020-08-14,34.04
Orange County,2020-08-14,33.51
Osceola County,2020-08-14,33.97
Palm Beach County,2020-08-14,33.61
Pasco County,2020-08-14,33.87
Pinellas County,2020-08-14,33.58
Polk County,2020-08-14,34.41
Putnam County,2020-08-14,32.89
St. Johns County,2020-08-14,32.53
St. Lucie County,2020-08-14,33.59
Santa Rosa County,2020-08-14,33.09
Sarasota County,2020-08-14,34.81
Seminole County,2020-08-14,33.24
Sumter County,2020-08-14,33.44
Suwannee County,2020-08-14,33.11
Taylor County,2020-08-14,33.86
Union County,2020-08-14,32.95
Volusia County,2020-08-14,32.74
Wakulla County,2020-08-14,33.74
Walton County,2020-08-14,33.65
Washington County,2020-08-14,33.69
Alachua County,2020-08-15,33.37
Baker County,2020-08-15,32.54
Bay County,2020-08-15,31.66
Bradford County,2020-08-15,33.14
Brevard County,2020-08-15,33.53
Broward County,2020-08-15,33.92
Calhoun County,2020-08-15,32.08
Charlotte County,2020-08-15,34.8
Citrus County,2020-08-15,33.83
Clay County,2020-08-15,33.6
Collier County,2020-08-15,34.27
Columbia County,2020-08-15,32.22
DeSoto County,2020-08-15,34.86
Dixie County,2020-08-15,32.89
Duval County,2020-08-15,33.36
Escambia County,2020-08-15,32.56
Flagler County,2020-08-15,34.1
Franklin County,2020-08-15,31.91
Gadsden County,2020-08-15,31.81
Gilchrist County,2020-08-15,33.02
Glades County,2020-08-15,34.4
Gulf County,2020-08-15,31.93
Hamilton County,2020-08-15,31.36
Hardee County,2020-08-15,34.93
Hendry County,2020-08-15,34.22
Hernando County,2020-08-15,34.16
Highlands County,2020-08-15,34.8
Hillsborough County,2020-08-15,34.34
Holmes County,2020-08-15,32.1
Indian River County,2020-08-15,33.66
Jackson County,2020-08-15,32.1
Jefferson County,2020-08-15,31.77
Lafayette County,2020-08-15,32.48
Lake County,2020-08-15,34.64
Lee County,2020-08-15,34.36
Leon County,2020-08-15,31.83
Levy County,2020-08-15,33.31
Liberty County,2020-08-15,32.07
Madison County,2020-08-15,31.61
Manatee County,2020-08-15,34.15
Marion County,2020-08-15,33.87
Martin County,2020-08-15,33.68
Miami-Dade County,2020-08-15,34.38
Monroe County,2020-08-15,34.5
Nassau County,2020-08-15,33.08
Okaloosa County,2020-08-15,32.33
Okeechobee County,2020-08-15,34.26
Orange County,2020-08-15,34.77
Osceola County,2020-08-15,34.71
Palm Beach County,2020-08-15,33.69
Pasco County,2020-08-15,34.24
Pinellas County,2020-08-15,33.11
Polk County,2020-08-15,35.04
Putnam County,2020-08-15,33.97
St. Johns County,2020-08-15,33.67
St. Lucie County,2020-08-15,33.63
Santa Rosa County,2020-08-15,32.17
Sarasota County,2020-08-15,34.4
Seminole County,2020-08-15,34.77
Sumter County,2020-08-15,34.37
Suwannee County,2020-08-15,32.06
Taylor County,2020-08-15,32.39
Union County,2020-08-15,32.76
Volusia County,2020-08-15,34.29
Wakulla County,2020-08-15,32.08
Walton County,2020-08-15,32.13
Washington County,2020-08-15,32.01
Alachua County,2020-08-16,31.99
Baker County,2020-08-16,31.38
Bay County,2020-08-16,31.82
Bradford County,2020-08-16,31.7
Brevard County,2020-08-16,33.33
Broward County,2020-08-16,33.49
Calhoun County,2020-08-16,31.97
Charlotte County,2020-08-16,34.26
Citrus County,2020-08-16,32.97
Clay County,2020-08-16,32.02
Collier County,2020-08-16,33.39
Columbia County,2020-08-16,31.22
DeSoto County,2020-08-16,34.33
Dixie County,2020-08-16,32.03
Duval County,2020-08-16,31.89
Escambia County,2020-08-16,31.88
Flagler County,2020-08-16,32.77
Franklin County,2020-08-16,31.93
Gadsden County,2020-08-16,31.89
Gilchrist County,2020-08-16,31.86
Glades County,2020-08-16,34.21
Gulf County,2020-08-16,31.64
Hamilton County,2020-08-16,30.88
Hardee County,2020-08-16,34.5
Hendry County,2020-08-16,33.85
Hernando County,2020-08-16,33.5
Highlands County,2020-08-16,34.57
Hillsborough County,2020-08-16,33.78
Holmes County,2020-08-16,32.52
Indian River County,2020-08-16,33.6
Jackson County,2020-08-16,32.12
Jefferson County,2020-08-16,31.87
Lafayette County,2020-08-16,31.8
Lake County,2020-08-16,34.05
Lee County,2020-08-16,33.79
Leon County,2020-08-16,31.97
Levy County,2020-08-16,32.15
Liberty County,2020-08-16,31.97
Madison County,2020-08-16,31.53
Manatee County,2020-08-16,33.66
Marion County,2020-08-16,32.79
Martin County,2020-08-16,33.98
Miami-Dade County,2020-08-16,33.22
Monroe County,2020-08-16,33.34
Nassau County,2020-08-16,31.9
Okaloosa County,2020-08-16,32.59
Okeechobee County,2020-08-16,34.23
Orange County,2020-08-16,34.26
Osceola County,2020-08-16,34.31
Palm Beach County,2020-08-16,33.81
Pasco County,2020-08-16,33.67
Pinellas County,2020-08-16,33.06
Polk County,2020-08-16,34.62
Putnam County,2020-08-16,32.5
St. Johns County,2020-08-16,32.14
St. Lucie County,2020-08-16,33.81
Santa Rosa County,2020-08-16,31.93
Sarasota County,2020-08-16,33.9
Seminole County,2020-08-16,34.16
Sumter County,2020-08-16,33.73
Suwannee County,2020-08-16,31.35
Taylor County,2020-08-16,32.11
Union County,2020-08-16,31.45
Volusia County,2020-08-16,33.46
Wakulla County,2020-08-16,32.12
Walton County,2020-08-16,32.56
Washington County,2020-08-16,32.24
Alachua County,2020-08-17,33.64
Baker County,2020-08-17,33.51
Bay County,2020-08-17,34.63
Bradford County,2020-08-17,33.58
Brevard County,2020-08-17,33.86
Broward County,2020-08-17,34.19
Calhoun County,2020-08-17,34.3
Charlotte County,2020-08-17,33.8
Citrus County,2020-08-17,33.49
Clay County,2020-08-17,33.91
Collier County,2020-08-17,34.1
Columbia County,2020-08-17,33.43
DeSoto County,2020-08-17,33.4
Dixie County,2020-08-17,34.09
Duval County,2020-08-17,33.96
Escambia County,2020-08-17,33.81
Flagler County,2020-08-17,34.43
Franklin County,2020-08-17,34.69
Gadsden County,2020-08-17,33.97
Gilchrist County,2020-08-17,33.74
Glades County,2020-08-17,33.97
Gulf County,2020-08-17,34.62
Hamilton County,2020-08-17,33.29
Hardee County,2020-08-17,33.32
Hendry County,2020-08-17,34.0
Hernando County,2020-08-17,33.39
Highlands County,2020-08-17,33.9
Hillsborough County,2020-08-17,33.01
Holmes County,2020-08-17,34.08
Indian River County,2020-08-17,33.95
Jackson County,2020-08-17,34.1
Jefferson County,2020-08-17,34.21
Lafayette County,2020-08-17,34.05
Lake County,2020-08-17,34.11
Lee County,2020-08-17,33.83
Leon County,2020-08-17,34.2
Levy County,2020-08-17,33.62
Liberty County,2020-08-17,34.27
Madison County,2020-08-17,33.85
Manatee County,2020-08-17,32.55
Marion County,2020-08-17,33.63
Martin County,2020-08-17,34.35
Miami-Dade County,2020-08-17,34.3
Monroe County,2020-08-17,34.41
Nassau County,2020-08-17,33.9
Okaloosa County,2020-08-17,34.36
Okeechobee County,2020-08-17,34.11
Orange County,2020-08-17,34.37
Osceola County,2020-08-17,34.22
Palm Beach County,2020-08-17,34.19
Pasco County,2020-08-17,33.14
Pinellas County,2020-08-17,32.26
Polk County,2020-08-17,33.84
Putnam County,2020-08-17,34.03
St. Johns County,2020-08-17,34.2
St. Lucie County,2020-08-17,34.18
Santa Rosa County,2020-08-17,33.84
Sarasota County,2020-08-17,33.02
Seminole County,2020-08-17,34.59
Sumter County,2020-08-17,33.63
Suwannee County,2020-08-17,33.69
Taylor County,2020-08-17,34.61
Union County,2020-08-17,33.46
Volusia County,2020-08-17,34.49
Wakulla County,2020-08-17,34.69
Walton County,2020-08-17,34.48
Washington County,2020-08-17,34.31
Alachua County,2020-08-18,32.76
Baker County,2020-08-18,33.09
Bay County,2020-08-18,34.55
Bradford County,2020-08-18,32.84
Brevard County,2020-08-18,32.84
Broward County,2020-08-18,34.65
Calhoun County,2020-08-18,34.97
Charlotte County,2020-08-18,34.15
Citrus County,2020-08-18,31.75
Clay County,2020-08-18,32.78
Collier County,2020-08-18,33.99
Columbia County,2020-08-18,33.28
DeSoto County,2020-08-18,34.23
Dixie County,2020-08-18,32.91
Duval County,2020-08-18,32.35
Escambia County,2020-08-18,33.82
Flagler County,2020-08-18,32.18
Franklin County,2020-08-18,34.13
Gadsden County,2020-08-18,34.63
Gilchrist County,2020-08-18,33.05
Glades County,2020-08-18,34.45
Gulf County,2020-08-18,34.5
Hamilton County,2020-08-18,33.42
Hardee County,2020-08-18,34.13
Hendry County,2020-08-18,34.36
Hernando County,2020-08-18,32.07
Highlands County,2020-08-18,34.48
Hillsborough County,2020-08-18,32.72
Holmes County,2020-08-18,35.03
Indian River County,2020-08-18,33.72
Jackson County,2020-08-18,35.1
Jefferson County,2020-08-18,34.2
Lafayette County,2020-08-18,33.69
Lake County,2020-08-18,32.87
Lee County,2020-08-18,33.78
Leon County,2020-08-18,34.45
Levy County,2020-08-18,32.07
Liberty County,2020-08-18,34.74
Madison County,2020-08-18,33.97
Manatee County,2020-08-18,33.18
Marion County,2020-08-18,32.22
Martin County,2020-08-18,34.51
Miami-Dade County,2020-08-18,34.54
Monroe County,2020-08-18,34.02
Nassau County,2020-08-18,32.54
Okaloosa County,2020-08-18,34.64
Okeechobee County,2020-08-18,34.44
Orange County,2020-08-18,33.42
Osceola County,2020-08-18,34.0
Palm Beach County,2020-08-18,34.71
Pasco County,2020-08-18,32.35
Pinellas County,2020-08-18,31.49
Polk County,2020-08-18,33.94
Putnam County,2020-08-18,32.61
St. Johns County,2020-08-18,32.04
St. Lucie County,2020-08-18,34.09
Santa Rosa County,2020-08-18,33.9
Sarasota County,2020-08-18,33.6
Seminole County,2020-08-18,33.19
Sumter County,2020-08-18,32.45
Suwannee County,2020-08-18,33.61
Taylor County,2020-08-18,33.9
Union County,2020-08-18,33.03
Volusia County,2020-08-18,32.43
Wakulla County,2020-08-18,34.3
Walton County,2020-08-18,34.85
Washington County,2020-08-18,35.05
Alachua County,2020-08-19,33.09
Baker County,2020-08-19,33.04
Bay County,2020-08-19,33.94
Bradford County,2020-08-19,33.0
Brevard County,2020-08-19,32.73
Broward County,2020-08-19,34.6
Calhoun County,2020-08-19,34.28
Charlotte County,2020-08-19,33.9
Citrus County,2020-08-19,32.41
Clay County,2020-08-19,32.89
Collier County,2020-08-19,33.8
Columbia County,2020-08-19,33.04
DeSoto County,2020-08-19,33.8
Dixie County,2020-08-19,32.83
Duval County,2020-08-19,32.42
Escambia County,2020-08-19,33.6
Flagler County,2020-08-19,32.34
Franklin County,2020-08-19,33.44
Gadsden County,2020-08-19,33.85
Gilchrist County,2020-08-19,33.09
Glades County,2020-08-19,33.99
Gulf County,2020-08-19,33.77
Hamilton County,2020-08-19,32.85
Hardee County,2020-08-19,33.76
Hendry County,2020-08-19,33.94
Hernando County,2020-08-19,32.6
Highlands County,2020-08-19,34.08
Hillsborough County,2020-08-19,32.78
Holmes County,2020-08-19,34.54
Indian River County,2020-08-19,33.55
Jackson County,2020-08-19,34.58
Jefferson County,2020-08-19,33.31
Lafayette County,2020-08-19,33.13
Lake County,2020-08-19,33.25
Lee County,2020-08-19,33.68
Leon County,2020-08-19,33.58
Levy County,2020-08-19,32.57
Liberty County,2020-08-19,33.94
Madison County,2020-08-19,33.11
Manatee County,2020-08-19,32.98
Marion County,2020-08-19,32.79
Martin County,2020-08-19,34.51
Miami-Dade County,2020-08-19,34.51
Monroe County,2020-08-19,34.07
Nassau County,2020-08-19,32.72
Okaloosa County,2020-08-19,34.25
Okeechobee County,2020-08-19,34.15
Orange County,2020-08-19,33.5
Osceola County,2020-08-19,33.82
Palm Beach County,2020-08-19,34.69
Pasco County,2020-08-19,32.69
Pinellas County,2020-08-19,31.83
Polk County,2020-08-19,33.74
Putnam County,2020-08-19,32.88
St. Johns County,2020-08-19,32.04
St. Lucie County,2020-08-19,34.0
Santa Rosa County,2020-08-19,33.62
Sarasota County,2020-08-19,33.43
Seminole County,2020-08-19,33.46
Sumter County,2020-08-19,32.94
Suwannee County,2020-08-19,33.04
Taylor County,2020-08-19,33.22
Union County,2020-08-19,33.04
Volusia County,2020-08-19,32.72
Wakulla County,2020-08-19,33.53
Walton County,2020-08-19,34.37
Washington County,2020-08-19,34.48
Alachua County,2020-08-20,31.95
Baker County,2020-08-20,31.59
Bay County,2020-08-20,32.07
Bradford County,2020-08-20,31.74
Brevard County,2020-08-20,31.57
Broward County,2020-08-20,33.81
Calhoun County,2020-08-20,32.33
Charlotte County,2020-08-20,32.02
Citrus County,2020-08-20,31.64
Clay County,2020-08-20,31.93
Collier County,2020-08-20,32.75
Columbia County,2020-08-20,31.63
DeSoto County,2020-08-20,31.26
Dixie County,2020-08-20,32.21
Duval County,2020-08-20,31.67
Escambia County,2020-08-20,32.37
Flagler County,2020-08-20,32.19
Franklin County,2020-08-20,32.41
Gadsden County,2020-08-20,31.87
Gilchrist County,2020-08-20,32.11
Glades County,2020-08-20,32.08
Gulf County,2020-08-20,32.35
Hamilton County,2020-08-20,31.48
Hardee County,2020-08-20,30.7
Hendry County,2020-08-20,32.67
Hernando County,2020-08-20,31.44
Highlands County,2020-08-20,31.37
Hillsborough County,2020-08-20,30.6
Holmes County,2020-08-20,32.21
Indian River County,2020-08-20,31.88
Jackson County,2020-08-20,32.11
Jefferson County,2020-08-20,31.92
Lafayette County,2020-08-20,32.21
Lake County,2020-08-20,32.0
Lee County,2020-08-20,32.24
Leon County,2020-08-20,31.94
Levy County,2020-08-20,31.9
Liberty County,2020-08-20,32.4
Madison County,2020-08-20,31.87
Manatee County,2020-08-20,30.7
Marion County,2020-08-20,31.92
Martin County,2020-08-20,33.42
Miami-Dade County,2020-08-20,33.65
Monroe County,2020-08-20,33.36
Nassau County,2020-08-20,31.66
Okaloosa County,2020-08-20,32.36
Okeechobee County,2020-08-20,31.98
Orange County,2020-08-20,31.89
Osceola County,2020-08-20,31.43
Palm Beach County,2020-08-20,33.81
Pasco County,2020-08-20,31.07
Pinellas County,2020-08-20,30.79
Polk County,2020-08-20,30.78
Putnam County,2020-08-20,32.14
St. Johns County,2020-08-20,31.83
St. Lucie County,2020-08-20,32.66
Santa Rosa County,2020-08-20,32.04
Sarasota County,2020-08-20,31.54
Seminole County,2020-08-20,32.35
Sumter County,2020-08-20,31.7
Suwannee County,2020-08-20,31.89
Taylor County,2020-08-20,32.35
Union County,2020-08-20,31.67
Volusia County,2020-08-20,32.33
Wakulla County,2020-08-20,32.27
Walton County,2020-08-20,32.27
Washington County,2020-08-20,32.21
Alachua County,2020-08-21,31.75
Baker County,2020-08-21,31.36
Bay County,2020-08-21,27.23
Bradford County,2020-08-21,31.56
Brevard County,2020-08-21,31.44
Broward County,2020-08-21,34.02
Calhoun County,2020-08-21,28.2
Charlotte County,2020-08-21,33.79
Citrus County,2020-08-21,31.84
Clay County,2020-08-21,31.69
Collier County,2020-08-21,33.65
Columbia County,2020-08-21,31.24
DeSoto County,2020-08-21,33.63
Dixie County,2020-08-21,31.44
Duval County,2020-08-21,31.33
Escambia County,2020-08-21,27.29
Flagler County,2020-08-21,31.72
Franklin County,2020-08-21,29.1
Gadsden County,2020-08-21,29.13
Gilchrist County,2020-08-21,31.66
Glades County,2020-08-21,33.71
Gulf County,2020-08-21,28.21
Hamilton County,2020-08-21,30.67
Hardee County,2020-08-21,33.51
Hendry County,2020-08-21,33.78
Hernando County,2020-08-21,32.27
Highlands County,2020-08-21,33.65
Hillsborough County,2020-08-21,32.76
Holmes County,2020-08-21,27.65
Indian River County,2020-08-21,32.21
Jackson County,2020-08-21,28.16
Jefferson County,2020-08-21,30.39
Lafayette County,2020-08-21,31.34
Lake County,2020-08-21,32.63
Lee County,2020-08-21,33.57
Leon County,2020-08-21,29.84
Levy County,2020-08-21,31.56
Liberty County,2020-08-21,28.95
Madison County,2020-08-21,30.71
Manatee County,2020-08-21,33.02
Marion County,2020-08-21,31.9
Martin County,2020-08-21,33.34
Miami-Dade County,2020-08-21,34.03
Monroe County,2020-08-21,33.82
Nassau County,2020-08-21,31.44
Okaloosa County,2020-08-21,27.2
Okeechobee County,2020-08-21,33.32
Orange County,2020-08-21,32.69
Osceola County,2020-08-21,32.9
Palm Beach County,2020-08-21,33.89
Pasco County,2020-08-21,32.55
Pinellas County,2020-08-21,32.25
Polk County,2020-08-21,33.29
Putnam County,2020-08-21,31.94
St. Johns County,2020-08-21,31.3
St. Lucie County,2020-08-21,32.71
Santa Rosa County,2020-08-21,26.89
Sarasota County,2020-08-21,33.46
Seminole County,2020-08-21,32.63
Sumter County,2020-08-21,32.35
Suwannee County,2020-08-21,31.12
Taylor County,2020-08-21,31.03
Union County,2020-08-21,31.46
Volusia County,2020-08-21,32.02
Wakulla County,2020-08-21,29.81
Walton County,2020-08-21,27.2
Washington County,2020-08-21,27.47
Alachua County,2020-08-22,30.04
Baker County,2020-08-22,28.79
Bay County,2020-08-22,29.36
Bradford County,2020-08-22,29.56
Brevard County,2020-08-22,32.52
Broward County,2020-08-22,33.92
Calhoun County,2020-08-22,29.2
Charlotte County,2020-08-22,34.23
Citrus County,2020-08-22,31.0
Clay County,2020-08-22,30.1
Collier County,2020-08-22,33.8
Columbia County,2020-08-22,28.6
DeSoto County,2020-08-22,34.02
Dixie County,2020-08-22,30.26
Duval County,2020-08-22,30.06
Escambia County,2020-08-22,31.31
Flagler County,2020-08-22,31.22
Franklin County,2020-08-22,29.44
Gadsden County,2020-08-22,28.9
Gilchrist County,2020-08-22,29.95
Glades County,2020-08-22,33.86
Gulf County,2020-08-22,29.18
Hamilton County,2020-08-22,28.1
Hardee County,2020-08-22,33.69
Hendry County,2020-08-22,33.91
Hernando County,2020-08-22,31.48
Highlands County,2020-08-22,33.64
Hillsborough County,2020-08-22,32.47
Holmes County,2020-08-22,30.1
Indian River County,2020-08-22,33.04
Jackson County,2020-08-22,29.26
Jefferson County,2020-08-22,29.09
Lafayette County,2020-08-22,29.57
Lake County,2020-08-22,31.75
Lee County,2020-08-22,33.97
Leon County,2020-08-22,29.11
Levy County,2020-08-22,30.54
Liberty County,2020-08-22,29.23
Madison County,2020-08-22,28.81
Manatee County,2020-08-22,32.99
Marion County,2020-08-22,30.67
Martin County,2020-08-22,34.07
Miami-Dade County,2020-08-22,33.9
Monroe County,2020-08-22,33.97
Nassau County,2020-08-22,29.57
Okaloosa County,2020-08-22,30.97
Okeechobee County,2020-08-22,33.45
Orange County,2020-08-22,32.44
Osceola County,2020-08-22,32.97
Palm Beach County,2020-08-22,34.11
Pasco County,2020-08-22,31.83
Pinellas County,2020-08-22,31.7
Polk County,2020-08-22,33.13
Putnam County,2020-08-22,30.61
St. Johns County,2020-08-22,30.71
St. Lucie County,2020-08-22,33.59
Santa Rosa County,2020-08-22,30.96
Sarasota County,2020-08-22,33.6
Seminole County,2020-08-22,32.26
Sumter County,2020-08-22,31.41
Suwannee County,2020-08-22,28.85
Taylor County,2020-08-22,29.79
Union County,2020-08-22,29.11
Volusia County,2020-08-22,31.78
Wakulla County,2020-08-22,29.5
Walton County,2020-08-22,30.42
Washington County,2020-08-22,29.69
Alachua County,2020-08-23,29.1
Baker County,2020-08-23,28.13
Bay County,2020-08-23,29.15
Bradford County,2020-08-23,29.19
Brevard County,2020-08-23,32.06
Broward County,2020-08-23,33.63
Calhoun County,2020-08-23,28.4
Charlotte County,2020-08-23,32.63
Citrus County,2020-08-23,29.63
Clay County,2020-08-23,30.12
Collier County,2020-08-23,33.05
Columbia County,2020-08-23,27.24
DeSoto County,2020-08-23,32.24
Dixie County,2020-08-23,27.31
Duval County,2020-08-23,29.84
Escambia County,2020-08-23,31.56
Flagler County,2020-08-23,31.28
Franklin County,2020-08-23,27.36
Gadsden County,2020-08-23,26.29
Gilchrist County,2020-08-23,27.74
Glades County,2020-08-23,32.99
Gulf County,2020-08-23,28.35
Hamilton County,2020-08-23,26.06
Hardee County,2020-08-23,31.87
Hendry County,2020-08-23,33.21
Hernando County,2020-08-23,30.12
Highlands County,2020-08-23,32.61
Hillsborough County,2020-08-23,30.87
Holmes County,2020-08-23,30.49
Indian River County,2020-08-23,32.83
Jackson County,2020-08-23,28.74
Jefferson County,2020-08-23,25.5
Lafayette County,2020-08-23,26.53
Lake County,2020-08-23,30.95
Lee County,2020-08-23,32.61
Leon County,2020-08-23,25.65
Levy County,2020-08-23,28.52
Liberty County,2020-08-23,27.36
Madison County,2020-08-23,25.6
Manatee County,2020-08-23,31.01
Marion County,2020-08-23,29.96
Martin County,2020-08-23,33.75
Miami-Dade County,2020-08-23,33.69
Monroe County,2020-08-23,33.6
Nassau County,2020-08-23,28.9
Okaloosa County,2020-08-23,31.2
Okeechobee County,2020-08-23,33.06
Orange County,2020-08-23,31.67
Osceola County,2020-08-23,32.19
Palm Beach County,2020-08-23,33.69
Pasco County,2020-08-23,30.37
Pinellas County,2020-08-23,30.18
Polk County,2020-08-23,31.68
Putnam County,2020-08-23,30.66
St. Johns County,2020-08-23,30.88
St. Lucie County,2020-08-23,33.44
Santa Rosa County,2020-08-23,31.2
Sarasota County,2020-08-23,31.65
Seminole County,2020-08-23,31.75
Sumter County,2020-08-23,30.27
Suwannee County,2020-08-23,26.44
Taylor County,2020-08-23,26.24
Union County,2020-08-23,28.3
Volusia County,2020-08-23,31.48
Wakulla County,2020-08-23,26.27
Walton County,2020-08-23,30.72
Washington County,2020-08-23,29.86
Alachua County,2020-08-24,33.15
Baker County,2020-08-24,31.39
Bay County,2020-08-24,28.52
Bradford County,2020-08-24,32.46
Brevard County,2020-08-24,32.42
Broward County,2020-08-24,33.32
Calhoun County,2020-08-24,28.49
Charlotte County,2020-08-24,35.25
Citrus County,2020-08-24,33.63
Clay County,2020-08-24,32.28
Collier County,2020-08-24,34.16
Columbia County,2020-08-24,31.63
DeSoto County,2020-08-24,34.8
Dixie County,2020-08-24,32.54
Duval County,2020-08-24,30.98
Escambia County,2020-08-24,29.15
Flagler County,2020-08-24,32.63
Franklin County,2020-08-24,28.56
Gadsden County,2020-08-24,27.59
Gilchrist County,2020-08-24,32.94
Glades County,2020-08-24,34.33
Gulf County,2020-08-24,28.44
Hamilton County,2020-08-24,30.31
Hardee County,2020-08-24,34.56
Hendry County,2020-08-24,34.03
Hernando County,2020-08-24,33.87
Highlands County,2020-08-24,34.36
Hillsborough County,2020-08-24,34.33
Holmes County,2020-08-24,29.92
Indian River County,2020-08-24,32.95
Jackson County,2020-08-24,28.86
Jefferson County,2020-08-24,28.57
Lafayette County,2020-08-24,31.79
Lake County,2020-08-24,33.82
Lee County,2020-08-24,35.0
Leon County,2020-08-24,27.8
Levy County,2020-08-24,33.31
Liberty County,2020-08-24,28.25
Madison County,2020-08-24,29.64
Manatee County,2020-08-24,34.47
Marion County,2020-08-24,33.4
Martin County,2020-08-24,33.58
Miami-Dade County,2020-08-24,33.55
Monroe County,2020-08-24,34.24
Nassau County,2020-08-24,30.21
Okaloosa County,2020-08-24,29.8
Okeechobee County,2020-08-24,33.8
Orange County,2020-08-24,33.72
Osceola County,2020-08-24,33.74
Palm Beach County,2020-08-24,33.5
Pasco County,2020-08-24,33.99
Pinellas County,2020-08-24,33.88
Polk County,2020-08-24,34.3
Putnam County,2020-08-24,32.99
St. Johns County,2020-08-24,31.89
St. Lucie County,2020-08-24,33.3
Santa Rosa County,2020-08-24,29.12
Sarasota County,2020-08-24,35.05
Seminole County,2020-08-24,33.59
Sumter County,2020-08-24,33.77
Suwannee County,2020-08-24,31.43
Taylor County,2020-08-24,30.62
Union County,2020-08-24,32.27
Volusia County,2020-08-24,32.94
Wakulla County,2020-08-24,28.39
Walton County,2020-08-24,29.75
Washington County,2020-08-24,29.28
Alachua County,2020-08-25,33.89
Baker County,2020-08-25,32.55
Bay County,2020-08-25,27.25
Bradford County,2020-08-25,33.27
Brevard County,2020-08-25,32.21
Broward County,2020-08-25,33.18
Calhoun County,2020-08-25,27.85
Charlotte County,2020-08-25,34.13
Citrus County,2020-08-25,34.22
Clay County,2020-08-25,33.0
Collier County,2020-08-25,33.13
Columbia County,2020-08-25,32.89
DeSoto County,2020-08-25,33.87
Dixie County,2020-08-25,34.22
Duval County,2020-08-25,32.24
Escambia County,2020-08-25,27.42
Flagler County,2020-08-25,32.71
Franklin County,2020-08-25,30.21
Gadsden County,2020-08-25,29.15
Gilchrist County,2020-08-25,34.11
Glades County,2020-08-25,33.82
Gulf County,2020-08-25,28.56
Hamilton County,2020-08-25,32.05
Hardee County,2020-08-25,33.87
Hendry County,2020-08-25,33.62
Hernando County,2020-08-25,34.23
Highlands County,2020-08-25,33.84
Hillsborough County,2020-08-25,33.99
Holmes County,2020-08-25,26.49
Indian River County,2020-08-25,32.71
Jackson County,2020-08-25,27.08
Jefferson County,2020-08-25,31.76
Lafayette County,2020-08-25,33.66
Lake County,2020-08-25,33.66
Lee County,2020-08-25,33.78
Leon County,2020-08-25,30.73
Levy County,2020-08-25,34.29
Liberty County,2020-08-25,29.15
Madison County,2020-08-25,32.22
Manatee County,2020-08-25,33.54
Marion County,2020-08-25,33.67
Martin County,2020-08-25,33.49
Miami-Dade County,2020-08-25,32.76
Monroe County,2020-08-25,32.54
Nassau County,2020-08-25,31.87
Okaloosa County,2020-08-25,27.19
Okeechobee County,2020-08-25,33.5
Orange County,2020-08-25,33.35
Osceola County,2020-08-25,33.35
Palm Beach County,2020-08-25,33.44
Pasco County,2020-08-25,34.08
Pinellas County,2020-08-25,33.62
Polk County,2020-08-25,34.0
Putnam County,2020-08-25,33.24
St. Johns County,2020-08-25,32.55
St. Lucie County,2020-08-25,33.16
Santa Rosa County,2020-08-25,26.91
Sarasota County,2020-08-25,33.83
Seminole County,2020-08-25,33.17
Sumter County,2020-08-25,33.95
Suwannee County,2020-08-25,33.11
Taylor County,2020-08-25,33.39
Union County,2020-08-25,33.25
Volusia County,2020-08-25,32.76
Wakulla County,2020-08-25,31.28
Walton County,2020-08-25,27.01
Washington County,2020-08-25,26.86
Alachua County,2020-08-26,34.61
Baker County,2020-08-26,34.48
Bay County,2020-08-26,33.2
Bradford County,2020-08-26,34.37
Brevard County,2020-08-26,32.44
Broward County,2020-08-26,33.56
Calhoun County,2020-08-26,32.61
Charlotte County,2020-08-26,35.35
Citrus County,2020-08-26,34.67
Clay County,2020-08-26,34.08
Collier County,2020-08-26,34.37
Columbia County,2020-08-26,34.65
DeSoto County,2020-08-26,34.81
Dixie County,2020-08-26,34.72
Duval County,2020-08-26,33.59
Escambia County,2020-08-26,31.55
Flagler County,2020-08-26,33.19
Franklin County,2020-08-26,32.94
Gadsden County,2020-08-26,32.51
Gilchrist County,2020-08-26,34.79
Glades County,2020-08-26,34.4
Gulf County,2020-08-26,32.71
Hamilton County,2020-08-26,34.52
Hardee County,2020-08-26,34.74
Hendry County,2020-08-26,34.4
Hernando County,2020-08-26,34.9
Highlands County,2020-08-26,34.36
Hillsborough County,2020-08-26,35.08
Holmes County,2020-08-26,33.45
Indian River County,2020-08-26,32.8
Jackson County,2020-08-26,32.98
Jefferson County,2020-08-26,33.96
Lafayette County,2020-08-26,34.74
Lake County,2020-08-26,34.35
Lee County,2020-08-26,35.16
Leon County,2020-08-26,33.18
Levy County,2020-08-26,34.6
Liberty County,2020-08-26,32.29
Madison County,2020-08-26,34.42
Manatee County,2020-08-26,34.97
Marion County,2020-08-26,34.24
Martin County,2020-08-26,33.5
Miami-Dade County,2020-08-26,33.38
Monroe County,2020-08-26,33.89
Nassau County,2020-08-26,33.91
Okaloosa County,2020-08-26,32.86
Okeechobee County,2020-08-26,33.75
Orange County,2020-08-26,33.89
Osceola County,2020-08-26,33.78
Palm Beach County,2020-08-26,33.67
Pasco County,2020-08-26,34.98
Pinellas County,2020-08-26,35.13
Polk County,2020-08-26,34.68
Putnam County,2020-08-26,34.01
St. Johns County,2020-08-26,33.25
St. Lucie County,2020-08-26,33.14
Santa Rosa County,2020-08-26,31.82
Sarasota County,2020-08-26,35.45
Seminole County,2020-08-26,33.68
Sumter County,2020-08-26,34.63
Suwannee County,2020-08-26,34.71
Taylor County,2020-08-26,34.59
Union County,2020-08-26,34.53
Volusia County,2020-08-26,33.17
Wakulla County,2020-08-26,33.17
Walton County,2020-08-26,33.36
Washington County,2020-08-26,33.42
Alachua County,2020-08-27,35.0
Baker County,2020-08-27,34.61
Bay County,2020-08-27,32.91
Bradford County,2020-08-27,34.68
Brevard County,2020-08-27,32.38
Broward County,2020-08-27,33.63
Calhoun County,2020-08-27,33.14
Charlotte County,2020-08-27,34.3
Citrus County,2020-08-27,34.86
Clay County,2020-08-27,34.3
Collier County,2020-08-27,33.91
Columbia County,2020-08-27,34.78
DeSoto County,2020-08-27,33.87
Dixie County,2020-08-27,34.93
Duval County,2020-08-27,33.62
Escambia County,2020-08-27,31.69
Flagler County,2020-08-27,33.35
Franklin County,2020-08-27,33.4
Gadsden County,2020-08-27,33.23
Gilchrist County,2020-08-27,35.12
Glades County,2020-08-27,33.7
Gulf County,2020-08-27,32.98
Hamilton County,2020-08-27,34.35
Hardee County,2020-08-27,33.94
Hendry County,2020-08-27,33.97
Hernando County,2020-08-27,34.96
Highlands County,2020-08-27,33.6
Hillsborough County,2020-08-27,34.57
Holmes County,2020-08-27,33.44
Indian River County,2020-08-27,32.56
Jackson County,2020-08-27,33.38
Jefferson County,2020-08-27,34.01
Lafayette County,2020-08-27,34.93
Lake County,2020-08-27,34.67
Lee County,2020-08-27,34.11
Leon County,2020-08-27,33.59
Levy County,2020-08-27,34.86
Liberty County,2020-08-27,33.19
Madison County,2020-08-27,34.32
Manatee County,2020-08-27,34.24
Marion County,2020-08-27,34.68
Martin County,2020-08-27,33.33
Miami-Dade County,2020-08-27,33.46
Monroe County,2020-08-27,33.65
Nassau County,2020-08-27,33.92
Okaloosa County,2020-08-27,32.75
Okeechobee County,2020-08-27,33.29
Orange County,2020-08-27,34.05
Osceola County,2020-08-27,33.59
Palm Beach County,2020-08-27,33.6
Pasco County,2020-08-27,34.85
Pinellas County,2020-08-27,34.54
Polk County,2020-08-27,34.26
Putnam County,2020-08-27,34.31
St. Johns County,2020-08-27,33.31
St. Lucie County,2020-08-27,32.91
Santa Rosa County,2020-08-27,31.9
Sarasota County,2020-08-27,34.53
Seminole County,2020-08-27,33.92
Sumter County,2020-08-27,34.95
Suwannee County,2020-08-27,34.78
Taylor County,2020-08-27,34.68
Union County,2020-08-27,34.8
Volusia County,2020-08-27,33.38
Wakulla County,2020-08-27,33.68
Walton County,2020-08-27,33.08
Washington County,2020-08-27,33.24
Alachua County,2020-08-28,34.25
Baker County,2020-08-28,34.06
Bay County,2020-08-28,32.36
Bradford County,2020-08-28,34.05
Brevard County,2020-08-28,32.24
Broward County,2020-08-28,34.48
Calhoun County,2020-08-28,33.17
Charlotte County,2020-08-28,34.75
Citrus County,2020-08-28,34.16
Clay County,2020-08-28,33.83
Collier County,2020-08-28,34.51
Columbia County,2020-08-28,34.15
DeSoto County,2020-08-28,34.64
Dixie County,2020-08-28,34.12
Duval County,2020-08-28,33.28
Escambia County,2020-08-28,31.8
Flagler County,2020-08-28,33.06
Franklin County,2020-08-28,32.98
Gadsden County,2020-08-28,33.27
Gilchrist County,2020-08-28,34.34
Glades County,2020-08-28,34.63
Gulf County,2020-08-28,32.66
Hamilton County,2020-08-28,33.89
Hardee County,2020-08-28,34.67
Hendry County,2020-08-28,34.87
Hernando County,2020-08-28,34.46
Highlands County,2020-08-28,34.48
Hillsborough County,2020-08-28,34.46
Holmes County,2020-08-28,33.01
Indian River County,2020-08-28,32.88
Jackson County,2020-08-28,33.37
Jefferson County,2020-08-28,33.6
Lafayette County,2020-08-28,34.29
Lake County,2020-08-28,34.21
Lee County,2020-08-28,34.47
Leon County,2020-08-28,33.37
Levy County,2020-08-28,34.01
Liberty County,2020-08-28,33.25
Madison County,2020-08-28,33.9
Manatee County,2020-08-28,34.35
Marion County,2020-08-28,34.02
Martin County,2020-08-28,33.89
Miami-Dade County,2020-08-28,34.27
Monroe County,2020-08-28,34.1
Nassau County,2020-08-28,33.52
Okaloosa County,2020-08-28,32.19
Okeechobee County,2020-08-28,34.0
Orange County,2020-08-28,33.66
Osceola County,2020-08-28,33.64
Palm Beach County,2020-08-28,34.37
Pasco County,2020-08-28,34.55
Pinellas County,2020-08-28,34.05
Polk County,2020-08-28,34.57
Putnam County,2020-08-28,33.81
St. Johns County,2020-08-28,33.04
St. Lucie County,2020-08-28,33.37
Santa Rosa County,2020-08-28,31.61
Sarasota County,2020-08-28,34.56
Seminole County,2020-08-28,33.48
Sumter County,2020-08-28,34.45
Suwannee County,2020-08-28,34.19
Taylor County,2020-08-28,34.04
Union County,2020-08-28,34.13
Volusia County,2020-08-28,33.02
Wakulla County,2020-08-28,33.32
Walton County,2020-08-28,32.45
Washington County,2020-08-28,32.93
Alachua County,2020-08-29,32.89
Baker County,2020-08-29,32.76
Bay County,2020-08-29,32.44
Bradford County,2020-08-29,32.88
Brevard County,2020-08-29,33.88
Broward County,2020-08-29,34.62
Calhoun County,2020-08-29,32.92
Charlotte County,2020-08-29,34.58
Citrus County,2020-08-29,32.85
Clay County,2020-08-29,33.26
Collier County,2020-08-29,34.54
Columbia County,2020-08-29,32.61
DeSoto County,2020-08-29,34.45
Dixie County,2020-08-29,32.59
Duval County,2020-08-29,33.01
Escambia County,2020-08-29,32.05
Flagler County,2020-08-29,33.75
Franklin County,2020-08-29,32.41
Gadsden County,2020-08-29,32.67
Gilchrist County,2020-08-29,32.73
Glades County,2020-08-29,34.75
Gulf County,2020-08-29,32.45
Hamilton County,2020-08-29,32.45
Hardee County,2020-08-29,34.38
Hendry County,2020-08-29,34.84
Hernando County,2020-08-29,33.23
Highlands County,2020-08-29,34.73
Hillsborough County,2020-08-29,33.54
Holmes County,2020-08-29,33.1
Indian River County,2020-08-29,34.21
Jackson County,2020-08-29,33.1
Jefferson County,2020-08-29,32.67
Lafayette County,2020-08-29,32.78
Lake County,2020-08-29,34.01
Lee County,2020-08-29,34.41
Leon County,2020-08-29,32.61
Levy County,2020-08-29,32.51
Liberty County,2020-08-29,32.77
Madison County,2020-08-29,32.71
Manatee County,2020-08-29,33.6
Marion County,2020-08-29,33.15
Martin County,2020-08-29,34.69
Miami-Dade County,2020-08-29,34.41
Monroe County,2020-08-29,34.38
Nassau County,2020-08-29,32.92
Okaloosa County,2020-08-29,32.64
Okeechobee County,2020-08-29,34.71
Orange County,2020-08-29,34.35
Osceola County,2020-08-29,34.51
Palm Beach County,2020-08-29,34.73
Pasco County,2020-08-29,33.4
Pinellas County,2020-08-29,32.91
Polk County,2020-08-29,34.4
Putnam County,2020-08-29,33.53
St. Johns County,2020-08-29,33.33
St. Lucie County,2020-08-29,34.48
Santa Rosa County,2020-08-29,32.02
Sarasota County,2020-08-29,33.99
Seminole County,2020-08-29,34.42
Sumter County,2020-08-29,33.5
Suwannee County,2020-08-29,32.67
Taylor County,2020-08-29,32.78
Union County,2020-08-29,32.7
Volusia County,2020-08-29,34.05
Wakulla County,2020-08-29,32.54
Walton County,2020-08-29,32.79
Washington County,2020-08-29,33.01
Alachua County,2020-08-30,31.8
Baker County,2020-08-30,31.41
Bay County,2020-08-30,28.26
Bradford County,2020-08-30,31.77
Brevard County,2020-08-30,33.9
Broward County,2020-08-30,34.48
Calhoun County,2020-08-30,28.48
Charlotte County,2020-08-30,34.56
Citrus County,2020-08-30,32.46
Clay County,2020-08-30,32.35
Collier County,2020-08-30,34.13
Columbia County,2020-08-30,30.77
DeSoto County,2020-08-30,34.55
Dixie County,2020-08-30,30.92
Duval County,2020-08-30,32.26
Escambia County,2020-08-30,30.04
Flagler County,2020-08-30,33.18
Franklin County,2020-08-30,28.79
Gadsden County,2020-08-30,28.47
Gilchrist County,2020-08-30,31.18
Glades County,2020-08-30,34.68
Gulf County,2020-08-30,28.3
Hamilton County,2020-08-30,29.86
Hardee County,2020-08-30,34.57
Hendry County,2020-08-30,34.52
Hernando County,2020-08-30,33.05
Highlands County,2020-08-30,34.79
Hillsborough County,2020-08-30,33.8
Holmes County,2020-08-30,29.22
Indian River County,2020-08-30,34.11
Jackson County,2020-08-30,28.74
Jefferson County,2020-08-30,29.08
Lafayette County,2020-08-30,30.43
Lake County,2020-08-30,33.59
Lee County,2020-08-30,34.16
Leon County,2020-08-30,28.72
Levy County,2020-08-30,31.61
Liberty County,2020-08-30,28.62
Madison County,2020-08-30,29.45
Manatee County,2020-08-30,33.89
Marion County,2020-08-30,32.47
Martin County,2020-08-30,34.56
Miami-Dade County,2020-08-30,34.22
Monroe County,2020-08-30,34.08
Nassau County,2020-08-30,32.13
Okaloosa County,2020-08-30,29.77
Okeechobee County,2020-08-30,34.65
Orange County,2020-08-30,34.13
Osceola County,2020-08-30,34.46
Palm Beach County,2020-08-30,34.65
Pasco County,2020-08-30,33.4
Pinellas County,2020-08-30,33.26
Polk County,2020-08-30,34.46
Putnam County,2020-08-30,32.74
St. Johns County,2020-08-30,32.71
St. Lucie County,2020-08-30,34.31
Santa Rosa County,2020-08-30,29.58
Sarasota County,2020-08-30,34.2
Seminole County,2020-08-30,34.11
Sumter County,2020-08-30,33.1
Suwannee County,2020-08-30,30.25
Taylor County,2020-08-30,30.03
Union County,2020-08-30,31.3
Volusia County,2020-08-30,33.66
Wakulla County,2020-08-30,29.0
Walton County,2020-08-30,29.32
Washington County,2020-08-30,28.66
Alachua County,2020-08-31,31.09
Baker County,2020-08-31,31.49
Bay County,2020-08-31,29.97
Bradford County,2020-08-31,31.36
Brevard County,2020-08-31,31.57
Broward County,2020-08-31,34.6
Calhoun County,2020-08-31,30.87
Charlotte County,2020-08-31,33.39
Citrus County,2020-08-31,30.55
Clay County,2020-08-31,31.81
Collier County,2020-08-31,33.77
Columbia County,2020-08-31,30.81
DeSoto County,2020-08-31,32.94
Dixie County,2020-08-31,30.61
Duval County,2020-08-31,32.14
Escambia County,2020-08-31,30.55
Flagler County,2020-08-31,31.15
Franklin County,2020-08-31,31.03
Gadsden County,2020-08-31,31.21
Gilchrist County,2020-08-31,30.74
Glades County,2020-08-31,34.08
Gulf County,2020-08-31,30.56
Hamilton County,2020-08-31,30.28
Hardee County,2020-08-31,32.24
Hendry County,2020-08-31,34.21
Hernando County,2020-08-31,30.69
Highlands County,2020-08-31,33.44
Hillsborough County,2020-08-31,30.9
Holmes County,2020-08-31,30.51
Indian River County,2020-08-31,33.24
Jackson County,2020-08-31,30.86
Jefferson County,2020-08-31,30.89
Lafayette County,2020-08-31,30.46
Lake County,2020-08-31,30.84
Lee County,2020-08-31,33.42
Leon County,2020-08-31,31.21
Levy County,2020-08-31,30.62
Liberty County,2020-08-31,31.3
Madison County,2020-08-31,30.45
Manatee County,2020-08-31,31.48
Marion County,2020-08-31,30.7
Martin County,2020-08-31,34.75
Miami-Dade County,2020-08-31,34.36
Monroe County,2020-08-31,33.9
Nassau County,2020-08-31,32.45
Okaloosa County,2020-08-31,30.52
Okeechobee County,2020-08-31,33.9
Orange County,2020-08-31,31.24
Osceola County,2020-08-31,32.21
Palm Beach County,2020-08-31,34.81
Pasco County,2020-08-31,30.75
Pinellas County,2020-08-31,30.88
Polk County,2020-08-31,31.68
Putnam County,2020-08-31,31.41
St. Johns County,2020-08-31,31.72
St. Lucie County,2020-08-31,34.21
Santa Rosa County,2020-08-31,30.28
Sarasota County,2020-08-31,32.35
Seminole County,2020-08-31,31.03
Sumter County,2020-08-31,30.67
Suwannee County,2020-08-31,30.34
Taylor County,2020-08-31,30.79
Union County,2020-08-31,31.11
Volusia County,2020-08-31,30.82
Wakulla County,2020-08-31,31.32
Walton County,2020-08-31,30.28
Washington County,2020-08-31,30.26
Alachua County,2020-09-01,30.21
Baker County,2020-09-01,30.85
Bay County,2020-09-01,32.64
Bradford County,2020-09-01,30.3
Brevard County,2020-09-01,31.81
Broward County,2020-09-01,34.58
Calhoun County,2020-09-01,33.72
Charlotte County,2020-09-01,33.3
Citrus County,2020-09-01,30.13
Clay County,2020-09-01,30.49
Collier County,2020-09-01,33.64
Columbia County,2020-09-01,30.98
DeSoto County,2020-09-01,33.14
Dixie County,2020-09-01,31.09
Duval County,2020-09-01,30.67
Escambia County,2020-09-01,32.64
Flagler County,2020-09-01,29.99
Franklin County,2020-09-01,33.07
Gadsden County,2020-09-01,32.97
Gilchrist County,2020-09-01,30.89
Glades County,2020-09-01,33.74
Gulf County,2020-09-01,33.47
Hamilton County,2020-09-01,31.55
Hardee County,2020-09-01,32.76
Hendry County,2020-09-01,34.08
Hernando County,2020-09-01,30.74
Highlands County,2020-09-01,33.08
Hillsborough County,2020-09-01,31.66
Holmes County,2020-09-01,33.01
Indian River County,2020-09-01,33.26
Jackson County,2020-09-01,33.22
Jefferson County,2020-09-01,32.25
Lafayette County,2020-09-01,31.74
Lake County,2020-09-01,30.5
Lee County,2020-09-01,32.95
Leon County,2020-09-01,32.56
Levy County,2020-09-01,30.18
Liberty County,2020-09-01,33.79
Madison County,2020-09-01,32.17
Manatee County,2020-09-01,32.32
Marion County,2020-09-01,29.77
Martin County,2020-09-01,34.52
Miami-Dade County,2020-09-01,34.65
Monroe County,2020-09-01,34.42
Nassau County,2020-09-01,31.23
Okaloosa County,2020-09-01,33.02
Okeechobee County,2020-09-01,33.53
Orange County,2020-09-01,31.17
Osceola County,2020-09-01,32.25
Palm Beach County,2020-09-01,34.66
Pasco County,2020-09-01,31.13
Pinellas County,2020-09-01,31.03
Polk County,2020-09-01,32.12
Putnam County,2020-09-01,30.09
St. Johns County,2020-09-01,30.22
St. Lucie County,2020-09-01,34.0
Santa Rosa County,2020-09-01,32.48
Sarasota County,2020-09-01,32.87
Seminole County,2020-09-01,30.73
Sumter County,2020-09-01,30.43
Suwannee County,2020-09-01,31.56
Taylor County,2020-09-01,32.07
Union County,2020-09-01,30.46
Volusia County,2020-09-01,30.27
Wakulla County,2020-09-01,32.7
Walton County,2020-09-01,32.95
Washington County,2020-09-01,33.03
Alachua County,2020-09-02,30.65
Baker County,2020-09-02,32.16
Bay County,2020-09-02,32.87
Bradford County,2020-09-02,31.28
Brevard County,2020-09-02,33.14
Broward County,2020-09-02,34.57
Calhoun County,2020-09-02,34.01
Charlotte County,2020-09-02,35.19
Citrus County,2020-09-02,30.98
Clay County,2020-09-02,32.13
Collier County,2020-09-02,35.06
Columbia County,2020-09-02,31.38
DeSoto County,2020-09-02,34.89
Dixie County,2020-09-02,30.64
Duval County,2020-09-02,33.19
Escambia County,2020-09-02,32.71
Flagler County,2020-09-02,31.83
Franklin County,2020-09-02,33.19
Gadsden County,2020-09-02,33.26
Gilchrist County,2020-09-02,30.63
Glades County,2020-09-02,34.8
Gulf County,2020-09-02,33.68
Hamilton County,2020-09-02,31.85
Hardee County,2020-09-02,34.52
Hendry County,2020-09-02,35.11
Hernando County,2020-09-02,31.92
Highlands County,2020-09-02,34.36
Hillsborough County,2020-09-02,33.37
Holmes County,2020-09-02,33.35
Indian River County,2020-09-02,33.34
Jackson County,2020-09-02,33.54
Jefferson County,2020-09-02,32.29
Lafayette County,2020-09-02,31.07
Lake County,2020-09-02,32.31
Lee County,2020-09-02,34.91
Leon County,2020-09-02,32.79
Levy County,2020-09-02,30.36
Liberty County,2020-09-02,33.98
Madison County,2020-09-02,31.99
Manatee County,2020-09-02,34.01
Marion County,2020-09-02,30.79
Martin County,2020-09-02,33.74
Miami-Dade County,2020-09-02,34.65
Monroe County,2020-09-02,35.16
Nassau County,2020-09-02,33.83
Okaloosa County,2020-09-02,33.12
Okeechobee County,2020-09-02,33.96
Orange County,2020-09-02,33.29
Osceola County,2020-09-02,33.82
Palm Beach County,2020-09-02,34.28
Pasco County,2020-09-02,32.54
Pinellas County,2020-09-02,32.61
Polk County,2020-09-02,33.91
Putnam County,2020-09-02,31.45
St. Johns County,2020-09-02,32.03
St. Lucie County,2020-09-02,33.41
Santa Rosa County,2020-09-02,32.64
Sarasota County,2020-09-02,34.65
Seminole County,2020-09-02,33.11
Sumter County,2020-09-02,31.68
Suwannee County,2020-09-02,31.24
Taylor County,2020-09-02,31.6
Union County,2020-09-02,31.06
Volusia County,2020-09-02,32.56
Wakulla County,2020-09-02,32.8
Walton County,2020-09-02,33.1
Washington County,2020-09-02,33.35
Alachua County,2020-09-03,33.55
Baker County,2020-09-03,33.84
Bay County,2020-09-03,33.16
Bradford County,2020-09-03,33.75
Brevard County,2020-09-03,32.71
Broward County,2020-09-03,34.38
Calhoun County,2020-09-03,34.49
Charlotte County,2020-09-03,35.05
Citrus County,2020-09-03,33.31
Clay County,2020-09-03,34.12
Collier County,2020-09-03,34.81
Columbia County,2020-09-03,33.53
DeSoto County,2020-09-03,35.05
Dixie County,2020-09-03,32.74
Duval County,2020-09-03,34.03
Escambia County,2020-09-03,32.96
Flagler County,2020-09-03,33.18
Franklin County,2020-09-03,33.93
Gadsden County,2020-09-03,33.96
Gilchrist County,2020-09-03,33.27
Glades County,2020-09-03,34.8
Gulf County,2020-09-03,34.2
Hamilton County,2020-09-03,33.49
Hardee County,2020-09-03,35.11
Hendry County,2020-09-03,35.09
Hernando County,2020-09-03,34.04
Highlands County,2020-09-03,34.59
Hillsborough County,2020-09-03,34.64
Holmes County,2020-09-03,33.6
Indian River County,2020-09-03,33.14
Jackson County,2020-09-03,33.95
Jefferson County,2020-09-03,33.39
Lafayette County,2020-09-03,33.31
Lake County,2020-09-03,34.48
Lee County,2020-09-03,34.63
Leon County,2020-09-03,33.68
Levy County,2020-09-03,32.74
Liberty County,2020-09-03,34.68
Madison County,2020-09-03,33.48
Manatee County,2020-09-03,34.88
Marion County,2020-09-03,33.61
Martin County,2020-09-03,33.6
Miami-Dade County,2020-09-03,34.24
Monroe County,2020-09-03,34.71
Nassau County,2020-09-03,34.4
Okaloosa County,2020-09-03,33.16
Okeechobee County,2020-09-03,34.11
Orange County,2020-09-03,34.35
Osceola County,2020-09-03,34.33
Palm Beach County,2020-09-03,34.21
Pasco County,2020-09-03,34.43
Pinellas County,2020-09-03,33.8
Polk County,2020-09-03,35.0
Putnam County,2020-09-03,33.89
St. Johns County,2020-09-03,33.35
St. Lucie County,2020-09-03,33.23
Santa Rosa County,2020-09-03,32.68
Sarasota County,2020-09-03,35.1
Seminole County,2020-09-03,34.03
Sumter County,2020-09-03,34.29
Suwannee County,2020-09-03,33.42
Taylor County,2020-09-03,33.18
Union County,2020-09-03,33.53
Volusia County,2020-09-03,33.34
Wakulla County,2020-09-03,33.63
Walton County,2020-09-03,33.19
Washington County,2020-09-03,33.64
Alachua County,2020-09-04,34.08
Baker County,2020-09-04,34.31
Bay County,2020-09-04,33.97
Bradford County,2020-09-04,34.13
Brevard County,2020-09-04,33.28
Broward County,2020-09-04,34.65
Calhoun County,2020-09-04,35.48
Charlotte County,2020-09-04,35.23
Citrus County,2020-09-04,33.95
Clay County,2020-09-04,34.32
Collier County,2020-09-04,35.08
Columbia County,2020-09-04,34.34
DeSoto County,2020-09-04,35.29
Dixie County,2020-09-04,34.13
Duval County,2020-09-04,33.97
Escambia County,2020-09-04,33.29
Flagler County,2020-09-04,33.77
Franklin County,2020-09-04,35.18
Gadsden County,2020-09-04,35.18
Gilchrist County,2020-09-04,34.3
Glades County,2020-09-04,35.03
Gulf County,2020-09-04,35.24
Hamilton County,2020-09-04,34.6
Hardee County,2020-09-04,35.49
Hendry County,2020-09-04,35.24
Hernando County,2020-09-04,34.67
Highlands County,2020-09-04,34.96
Hillsborough County,2020-09-04,35.23
Holmes County,2020-09-04,34.49
Indian River County,2020-09-04,33.83
Jackson County,2020-09-04,34.91
Jefferson County,2020-09-04,34.92
Lafayette County,2020-09-04,34.83
Lake County,2020-09-04,35.06
Lee County,2020-09-04,34.78
Leon County,2020-09-04,35.1
Levy County,2020-09-04,33.62
Liberty County,2020-09-04,35.87
Madison County,2020-09-04,35.01
Manatee County,2020-09-04,35.32
Marion County,2020-09-04,34.1
Martin County,2020-09-04,34.11
Miami-Dade County,2020-09-04,34.7
Monroe County,2020-09-04,35.09
Nassau County,2020-09-04,34.31
Okaloosa County,2020-09-04,33.87
Okeechobee County,2020-09-04,34.69
Orange County,2020-09-04,35.01
Osceola County,2020-09-04,34.98
Palm Beach County,2020-09-04,34.54
Pasco County,2020-09-04,35.06
Pinellas County,2020-09-04,34.41
Polk County,2020-09-04,35.57
Putnam County,2020-09-04,34.27
St. Johns County,2020-09-04,33.61
St. Lucie County,2020-09-04,33.86
Santa Rosa County,2020-09-04,33.18
Sarasota County,2020-09-04,35.42
Seminole County,2020-09-04,34.73
Sumter County,2020-09-04,34.78
Suwannee County,2020-09-04,34.72
Taylor County,2020-09-04,34.87
Union County,2020-09-04,34.11
Volusia County,2020-09-04,34.02
Wakulla County,2020-09-04,35.13
Walton County,2020-09-04,34.02
Washington County,2020-09-04,34.48
Alachua County,2020-09-05,34.43
Baker County,2020-09-05,34.69
Bay County,2020-09-05,35.65
Bradford County,2020-09-05,34.41
Brevard County,2020-09-05,33.14
Broward County,2020-09-05,34.69
Calhoun County,2020-09-05,36.81
Charlotte County,2020-09-05,35.33
Citrus County,2020-09-05,34.32
Clay County,2020-09-05,34.5
Collier County,2020-09-05,34.89
Columbia County,2020-09-05,34.73
DeSoto County,2020-09-05,35.43
Dixie County,2020-09-05,34.8
Duval County,2020-09-05,34.5
Escambia County,2020-09-05,33.54
Flagler County,2020-09-05,33.56
Franklin County,2020-09-05,36.91
Gadsden County,2020-09-05,35.79
Gilchrist County,2020-09-05,34.82
Glades County,2020-09-05,35.06
Gulf County,2020-09-05,37.18
Hamilton County,2020-09-05,34.91
Hardee County,2020-09-05,35.56
Hendry County,2020-09-05,35.21
Hernando County,2020-09-05,34.93
Highlands County,2020-09-05,34.94
Hillsborough County,2020-09-05,35.29
Holmes County,2020-09-05,34.98
Indian River County,2020-09-05,33.59
Jackson County,2020-09-05,35.63
Jefferson County,2020-09-05,35.28
Lafayette County,2020-09-05,35.33
Lake County,2020-09-05,34.79
Lee County,2020-09-05,34.76
Leon County,2020-09-05,35.56
Levy County,2020-09-05,34.17
Liberty County,2020-09-05,37.22
Madison County,2020-09-05,35.33
Manatee County,2020-09-05,35.49
Marion County,2020-09-05,34.18
Martin County,2020-09-05,34.07
Miami-Dade County,2020-09-05,34.64
Monroe County,2020-09-05,34.91
Nassau County,2020-09-05,35.06
Okaloosa County,2020-09-05,34.24
Okeechobee County,2020-09-05,34.55
Orange County,2020-09-05,34.49
Osceola County,2020-09-05,34.54
Palm Beach County,2020-09-05,34.61
Pasco County,2020-09-05,35.24
Pinellas County,2020-09-05,34.89
Polk County,2020-09-05,35.35
Putnam County,2020-09-05,34.19
St. Johns County,2020-09-05,33.74
St. Lucie County,2020-09-05,33.71
Santa Rosa County,2020-09-05,33.43
Sarasota County,2020-09-05,35.64
Seminole County,2020-09-05,34.21
Sumter County,2020-09-05,34.86
Suwannee County,2020-09-05,35.12
Taylor County,2020-09-05,35.43
Union County,2020-09-05,34.48
Volusia County,2020-09-05,33.76
Wakulla County,2020-09-05,35.99
Walton County,2020-09-05,34.66
Washington County,2020-09-05,35.39
Alachua County,2020-09-06,35.04
Baker County,2020-09-06,35.35
Bay County,2020-09-06,35.84
Bradford County,2020-09-06,35.2
Brevard County,2020-09-06,32.67
Broward County,2020-09-06,33.94
Calhoun County,2020-09-06,35.65
Charlotte County,2020-09-06,35.34
Citrus County,2020-09-06,34.61
Clay County,2020-09-06,35.42
Collier County,2020-09-06,34.33
Columbia County,2020-09-06,35.12
DeSoto County,2020-09-06,35.11
Dixie County,2020-09-06,35.06
Duval County,2020-09-06,35.46
Escambia County,2020-09-06,34.96
Flagler County,2020-09-06,34.31
Franklin County,2020-09-06,35.98
Gadsden County,2020-09-06,34.96
Gilchrist County,2020-09-06,35.09
Glades County,2020-09-06,34.7
Gulf County,2020-09-06,36.04
Hamilton County,2020-09-06,35.0
Hardee County,2020-09-06,34.93
Hendry County,2020-09-06,34.45
Hernando County,2020-09-06,34.88
Highlands County,2020-09-06,34.57
Hillsborough County,2020-09-06,34.89
Holmes County,2020-09-06,35.16
Indian River County,2020-09-06,33.22
Jackson County,2020-09-06,35.15
Jefferson County,2020-09-06,35.02
Lafayette County,2020-09-06,35.48
Lake County,2020-09-06,34.97
Lee County,2020-09-06,34.82
Leon County,2020-09-06,34.98
Levy County,2020-09-06,34.57
Liberty County,2020-09-06,35.71
Madison County,2020-09-06,35.15
Manatee County,2020-09-06,34.9
Marion County,2020-09-06,34.69
Martin County,2020-09-06,33.76
Miami-Dade County,2020-09-06,34.01
Monroe County,2020-09-06,34.55
Nassau County,2020-09-06,35.91
Okaloosa County,2020-09-06,35.37
Okeechobee County,2020-09-06,34.11
Orange County,2020-09-06,34.44
Osceola County,2020-09-06,34.14
Palm Beach County,2020-09-06,33.98
Pasco County,2020-09-06,34.89
Pinellas County,2020-09-06,34.36
Polk County,2020-09-06,34.81
Putnam County,2020-09-06,35.02
St. Johns County,2020-09-06,34.71
St. Lucie County,2020-09-06,33.46
Santa Rosa County,2020-09-06,34.8
Sarasota County,2020-09-06,35.34
Seminole County,2020-09-06,34.34
Sumter County,2020-09-06,34.9
Suwannee County,2020-09-06,35.29
Taylor County,2020-09-06,35.59
Union County,2020-09-06,35.07
Volusia County,2020-09-06,34.08
Wakulla County,2020-09-06,35.51
Walton County,2020-09-06,35.58
Washington County,2020-09-06,35.36
Alachua County,2020-09-07,33.66
Baker County,2020-09-07,32.52
Bay County,2020-09-07,33.53
Bradford County,2020-09-07,33.17
Brevard County,2020-09-07,31.27
Broward County,2020-09-07,32.53
Calhoun County,2020-09-07,33.64
Charlotte County,2020-09-07,32.86
Citrus County,2020-09-07,34.65
Clay County,2020-09-07,33.17
Collier County,2020-09-07,32.1
Columbia County,2020-09-07,32.9
DeSoto County,2020-09-07,32.64
Dixie County,2020-09-07,34.25
Duval County,2020-09-07,32.34
Escambia County,2020-09-07,32.91
Flagler County,2020-09-07,32.83
Franklin County,2020-09-07,34.29
Gadsden County,2020-09-07,32.76
Gilchrist County,2020-09-07,33.89
Glades County,2020-09-07,31.74
Gulf County,2020-09-07,34.09
Hamilton County,2020-09-07,32.77
Hardee County,2020-09-07,33.0
Hendry County,2020-09-07,31.81
Hernando County,2020-09-07,34.97
Highlands County,2020-09-07,31.92
Hillsborough County,2020-09-07,34.62
Holmes County,2020-09-07,33.4
Indian River County,2020-09-07,31.34
Jackson County,2020-09-07,33.0
Jefferson County,2020-09-07,33.09
Lafayette County,2020-09-07,33.96
Lake County,2020-09-07,33.79
Lee County,2020-09-07,32.23
Leon County,2020-09-07,33.0
Levy County,2020-09-07,34.16
Liberty County,2020-09-07,33.83
Madison County,2020-09-07,33.18
Manatee County,2020-09-07,33.53
Marion County,2020-09-07,33.7
Martin County,2020-09-07,32.11
Miami-Dade County,2020-09-07,33.2
Monroe County,2020-09-07,33.51
Nassau County,2020-09-07,31.98
Okaloosa County,2020-09-07,33.37
Okeechobee County,2020-09-07,31.56
Orange County,2020-09-07,33.02
Osceola County,2020-09-07,32.37
Palm Beach County,2020-09-07,32.2
Pasco County,2020-09-07,34.85
Pinellas County,2020-09-07,34.58
Polk County,2020-09-07,33.54
Putnam County,2020-09-07,33.38
St. Johns County,2020-09-07,32.8
St. Lucie County,2020-09-07,31.72
Santa Rosa County,2020-09-07,32.79
Sarasota County,2020-09-07,33.44
Seminole County,2020-09-07,32.76
Sumter County,2020-09-07,34.31
Suwannee County,2020-09-07,33.47
Taylor County,2020-09-07,34.17
Union County,2020-09-07,33.02
Volusia County,2020-09-07,32.63
Wakulla County,2020-09-07,33.89
Walton County,2020-09-07,33.58
Washington County,2020-09-07,33.44
Alachua County,2020-09-08,31.8
Baker County,2020-09-08,31.36
Bay County,2020-09-08,33.54
Bradford County,2020-09-08,31.52
Brevard County,2020-09-08,30.47
Broward County,2020-09-08,32.15
Calhoun County,2020-09-08,33.86
Charlotte County,2020-09-08,32.91
Citrus County,2020-09-08,32.79
Clay County,2020-09-08,31.58
Collier County,2020-09-08,32.21
Columbia County,2020-09-08,31.5
DeSoto County,2020-09-08,32.74
Dixie County,2020-09-08,32.3
Duval County,2020-09-08,31.13
Escambia County,2020-09-08,31.98
Flagler County,2020-09-08,31.21
Franklin County,2020-09-08,33.68
Gadsden County,2020-09-08,32.6
Gilchrist County,2020-09-08,32.06
Glades County,2020-09-08,32.36
Gulf County,2020-09-08,34.14
Hamilton County,2020-09-08,31.6
Hardee County,2020-09-08,32.82
Hendry County,2020-09-08,32.44
Hernando County,2020-09-08,33.38
Highlands County,2020-09-08,32.32
Hillsborough County,2020-09-08,33.33
Holmes County,2020-09-08,33.53
Indian River County,2020-09-08,30.98
Jackson County,2020-09-08,33.24
Jefferson County,2020-09-08,32.2
Lafayette County,2020-09-08,32.4
Lake County,2020-09-08,32.67
Lee County,2020-09-08,32.4
Leon County,2020-09-08,32.37
Levy County,2020-09-08,32.08
Liberty County,2020-09-08,33.71
Madison County,2020-09-08,32.17
Manatee County,2020-09-08,32.99
Marion County,2020-09-08,32.07
Martin County,2020-09-08,31.66
Miami-Dade County,2020-09-08,32.0
Monroe County,2020-09-08,32.49
Nassau County,2020-09-08,31.29
Okaloosa County,2020-09-08,33.0
Okeechobee County,2020-09-08,32.01
Orange County,2020-09-08,32.17
Osceola County,2020-09-08,32.08
Palm Beach County,2020-09-08,32.15
Pasco County,2020-09-08,33.46
Pinellas County,2020-09-08,33.02
Polk County,2020-09-08,32.93
Putnam County,2020-09-08,31.66
St. Johns County,2020-09-08,30.99
St. Lucie County,2020-09-08,31.19
Santa Rosa County,2020-09-08,32.0
Sarasota County,2020-09-08,33.17
Seminole County,2020-09-08,31.86
Sumter County,2020-09-08,33.04
Suwannee County,2020-09-08,32.0
Taylor County,2020-09-08,32.62
Union County,2020-09-08,31.42
Volusia County,2020-09-08,31.45
Wakulla County,2020-09-08,32.88
Walton County,2020-09-08,33.48
Washington County,2020-09-08,33.59
Alachua County,2020-09-09,31.52
Baker County,2020-09-09,31.07
Bay County,2020-09-09,33.21
Bradford County,2020-09-09,31.26
Brevard County,2020-09-09,30.78
Broward County,2020-09-09,32.51
Calhoun County,2020-09-09,33.59
Charlotte County,2020-09-09,33.02
Citrus County,2020-09-09,32.3
Clay County,2020-09-09,31.42
Collier County,2020-09-09,32.37
Columbia County,2020-09-09,31.15
DeSoto County,2020-09-09,32.89
Dixie County,2020-09-09,31.8
Duval County,2020-09-09,30.77
Escambia County,2020-09-09,32.35
Flagler County,2020-09-09,31.17
Franklin County,2020-09-09,33.49
Gadsden County,2020-09-09,32.29
Gilchrist County,2020-09-09,31.67
Glades County,2020-09-09,32.19
Gulf County,2020-09-09,33.98
Hamilton County,2020-09-09,31.09
Hardee County,2020-09-09,32.99
Hendry County,2020-09-09,32.26
Hernando County,2020-09-09,32.96
Highlands County,2020-09-09,32.2
Hillsborough County,2020-09-09,33.39
Holmes County,2020-09-09,32.99
Indian River County,2020-09-09,31.25
Jackson County,2020-09-09,32.85
Jefferson County,2020-09-09,31.77
Lafayette County,2020-09-09,31.8
Lake County,2020-09-09,32.5
Lee County,2020-09-09,32.46
Leon County,2020-09-09,32.1
Levy County,2020-09-09,31.68
Liberty County,2020-09-09,33.55
Madison County,2020-09-09,31.56
Manatee County,2020-09-09,33.21
Marion County,2020-09-09,31.76
Martin County,2020-09-09,31.77
Miami-Dade County,2020-09-09,32.69
Monroe County,2020-09-09,32.77
Nassau County,2020-09-09,30.79
Okaloosa County,2020-09-09,32.78
Okeechobee County,2020-09-09,31.82
Orange County,2020-09-09,32.32
Osceola County,2020-09-09,32.24
Palm Beach County,2020-09-09,32.19
Pasco County,2020-09-09,33.22
Pinellas County,2020-09-09,32.82
Polk County,2020-09-09,33.02
Putnam County,2020-09-09,31.59
St. Johns County,2020-09-09,30.85
St. Lucie County,2020-09-09,31.41
Santa Rosa County,2020-09-09,32.18
Sarasota County,2020-09-09,33.38
Seminole County,2020-09-09,31.98
Sumter County,2020-09-09,32.65
Suwannee County,2020-09-09,31.44
Taylor County,2020-09-09,32.07
Union County,2020-09-09,31.14
Volusia County,2020-09-09,31.39
Wakulla County,2020-09-09,32.67
Walton County,2020-09-09,33.01
Washington County,2020-09-09,33.16
Alachua County,2020-09-10,32.03
Baker County,2020-09-10,31.31
Bay County,2020-09-10,33.41
Bradford County,2020-09-10,31.71
Brevard County,2020-09-10,31.27
Broward County,2020-09-10,31.72
Calhoun County,2020-09-10,33.58
Charlotte County,2020-09-10,30.53
Citrus County,2020-09-10,32.5
Clay County,2020-09-10,31.67
Collier County,2020-09-10,29.79
Columbia County,2020-09-10,31.35
DeSoto County,2020-09-10,31.07
Dixie County,2020-09-10,31.8
Duval County,2020-09-10,30.79
Escambia County,2020-09-10,32.53
Flagler County,2020-09-10,31.4
Franklin County,2020-09-10,33.45
Gadsden County,2020-09-10,32.01
Gilchrist County,2020-09-10,31.96
Glades County,2020-09-10,30.8
Gulf County,2020-09-10,34.05
Hamilton County,2020-09-10,31.01
Hardee County,2020-09-10,31.67
Hendry County,2020-09-10,30.78
Hernando County,2020-09-10,33.01
Highlands County,2020-09-10,30.99
Hillsborough County,2020-09-10,32.71
Holmes County,2020-09-10,32.66
Indian River County,2020-09-10,31.36
Jackson County,2020-09-10,32.62
Jefferson County,2020-09-10,31.19
Lafayette County,2020-09-10,31.67
Lake County,2020-09-10,32.77
Lee County,2020-09-10,29.34
Leon County,2020-09-10,31.53
Levy County,2020-09-10,31.99
Liberty County,2020-09-10,33.47
Madison County,2020-09-10,31.2
Manatee County,2020-09-10,31.94
Marion County,2020-09-10,32.22
Martin County,2020-09-10,31.82
Miami-Dade County,2020-09-10,31.75
Monroe County,2020-09-10,31.32
Nassau County,2020-09-10,30.76
Okaloosa County,2020-09-10,32.73
Okeechobee County,2020-09-10,31.38
Orange County,2020-09-10,32.55
Osceola County,2020-09-10,32.06
Palm Beach County,2020-09-10,31.97
Pasco County,2020-09-10,33.11
Pinellas County,2020-09-10,32.76
Polk County,2020-09-10,32.29
Putnam County,2020-09-10,31.92
St. Johns County,2020-09-10,30.87
St. Lucie County,2020-09-10,31.46
Santa Rosa County,2020-09-10,32.2
Sarasota County,2020-09-10,31.47
Seminole County,2020-09-10,32.46
Sumter County,2020-09-10,32.76
Suwannee County,2020-09-10,31.42
Taylor County,2020-09-10,31.61
Union County,2020-09-10,31.55
Volusia County,2020-09-10,31.9
Wakulla County,2020-09-10,32.11
Walton County,2020-09-10,32.92
Washington County,2020-09-10,33.01
Alachua County,2020-09-11,32.42
Baker County,2020-09-11,31.62
Bay County,2020-09-11,31.85
Bradford County,2020-09-11,32.11
Brevard County,2020-09-11,31.24
Broward County,2020-09-11,31.62
Calhoun County,2020-09-11,32.25
Charlotte County,2020-09-11,32.4
Citrus County,2020-09-11,32.75
Clay County,2020-09-11,32.24
Collier County,2020-09-11,31.7
Columbia County,2020-09-11,31.89
DeSoto County,2020-09-11,32.24
Dixie County,2020-09-11,32.62
Duval County,2020-09-11,31.63
Escambia County,2020-09-11,32.65
Flagler County,2020-09-11,31.93
Franklin County,2020-09-11,32.91
Gadsden County,2020-09-11,32.06
Gilchrist County,2020-09-11,32.57
Glades County,2020-09-11,31.71
Gulf County,2020-09-11,32.7
Hamilton County,2020-09-11,31.97
Hardee County,2020-09-11,32.56
Hendry County,2020-09-11,31.8
Hernando County,2020-09-11,33.15
Highlands County,2020-09-11,31.77
Hillsborough County,2020-09-11,33.16
Holmes County,2020-09-11,30.97
Indian River County,2020-09-11,31.38
Jackson County,2020-09-11,31.6
Jefferson County,2020-09-11,32.36
Lafayette County,2020-09-11,32.74
Lake County,2020-09-11,32.83
Lee County,2020-09-11,31.85
Leon County,2020-09-11,32.18
Levy County,2020-09-11,32.42
Liberty County,2020-09-11,32.59
Madison County,2020-09-11,32.5
Manatee County,2020-09-11,32.81
Marion County,2020-09-11,32.46
Martin County,2020-09-11,31.74
Miami-Dade County,2020-09-11,32.04
Monroe County,2020-09-11,32.64
Nassau County,2020-09-11,31.48
Okaloosa County,2020-09-11,31.84
Okeechobee County,2020-09-11,31.64
Orange County,2020-09-11,32.36
Osceola County,2020-09-11,32.08
Palm Beach County,2020-09-11,31.68
Pasco County,2020-09-11,33.21
Pinellas County,2020-09-11,33.11
Polk County,2020-09-11,32.81
Putnam County,2020-09-11,32.41
St. Johns County,2020-09-11,31.88
St. Lucie County,2020-09-11,31.53
Santa Rosa County,2020-09-11,31.86
Sarasota County,2020-09-11,32.92
Seminole County,2020-09-11,32.17
Sumter County,2020-09-11,32.97
Suwannee County,2020-09-11,32.43
Taylor County,2020-09-11,32.81
Union County,2020-09-11,31.96
Volusia County,2020-09-11,31.96
Wakulla County,2020-09-11,32.44
Walton County,2020-09-11,31.47
Washington County,2020-09-11,31.32
Alachua County,2020-09-12,31.99
Baker County,2020-09-12,31.77
Bay County,2020-09-12,32.32
Bradford County,2020-09-12,31.92
Brevard County,2020-09-12,31.16
Broward County,2020-09-12,32.1
Calhoun County,2020-09-12,32.83
Charlotte County,2020-09-12,33.47
Citrus County,2020-09-12,32.35
Clay County,2020-09-12,32.2
Collier County,2020-09-12,32.25
Columbia County,2020-09-12,31.77
DeSoto County,2020-09-12,32.91
Dixie County,2020-09-12,32.1
Duval County,2020-09-12,31.95
Escambia County,2020-09-12,32.21
Flagler County,2020-09-12,31.91
Franklin County,2020-09-12,32.9
Gadsden County,2020-09-12,31.61
Gilchrist County,2020-09-12,32.07
Glades County,2020-09-12,32.06
Gulf County,2020-09-12,33.0
Hamilton County,2020-09-12,31.67
Hardee County,2020-09-12,32.9
Hendry County,2020-09-12,32.0
Hernando County,2020-09-12,32.84
Highlands County,2020-09-12,32.0
Hillsborough County,2020-09-12,33.4
Holmes County,2020-09-12,31.78
Indian River County,2020-09-12,31.31
Jackson County,2020-09-12,32.14
Jefferson County,2020-09-12,31.38
Lafayette County,2020-09-12,32.16
Lake County,2020-09-12,32.58
Lee County,2020-09-12,33.06
Leon County,2020-09-12,31.35
Levy County,2020-09-12,31.93
Liberty County,2020-09-12,32.83
Madison County,2020-09-12,31.71
Manatee County,2020-09-12,33.47
Marion County,2020-09-12,32.02
Martin County,2020-09-12,32.0
Miami-Dade County,2020-09-12,32.18
Monroe County,2020-09-12,32.83
Nassau County,2020-09-12,31.95
Okaloosa County,2020-09-12,31.96
Okeechobee County,2020-09-12,31.74
Orange County,2020-09-12,32.29
Osceola County,2020-09-12,32.04
Palm Beach County,2020-09-12,32.11
Pasco County,2020-09-12,33.05
Pinellas County,2020-09-12,33.47
Polk County,2020-09-12,32.79
Putnam County,2020-09-12,32.2
St. Johns County,2020-09-12,31.97
St. Lucie County,2020-09-12,31.61
Santa Rosa County,2020-09-12,31.68
Sarasota County,2020-09-12,33.97
Seminole County,2020-09-12,32.15
Sumter County,2020-09-12,32.57
Suwannee County,2020-09-12,31.98
Taylor County,2020-09-12,32.11
Union County,2020-09-12,31.78
Volusia County,2020-09-12,31.96
Wakulla County,2020-09-12,32.04
Walton County,2020-09-12,31.91
Washington County,2020-09-12,32.08
Alachua County,2020-09-13,31.45
Baker County,2020-09-13,31.38
Bay County,2020-09-13,33.48
Bradford County,2020-09-13,31.39
Brevard County,2020-09-13,30.52
Broward County,2020-09-13,29.16
Calhoun County,2020-09-13,33.8
Charlotte County,2020-09-13,30.3
Citrus County,2020-09-13,31.38
Clay County,2020-09-13,31.62
Collier County,2020-09-13,28.53
Columbia County,2020-09-13,31.47
DeSoto County,2020-09-13,30.45
Dixie County,2020-09-13,31.99
Duval County,2020-09-13,31.46
Escambia County,2020-09-13,32.45
Flagler County,2020-09-13,31.26
Franklin County,2020-09-13,34.04
Gadsden County,2020-09-13,32.78
Gilchrist County,2020-09-13,31.74
Glades County,2020-09-13,30.45
Gulf County,2020-09-13,34.08
Hamilton County,2020-09-13,31.61
Hardee County,2020-09-13,30.7
Hendry County,2020-09-13,29.92
Hernando County,2020-09-13,31.51
Highlands County,2020-09-13,30.54
Hillsborough County,2020-09-13,31.14
Holmes County,2020-09-13,33.13
Indian River County,2020-09-13,30.68
Jackson County,2020-09-13,33.03
Jefferson County,2020-09-13,32.31
Lafayette County,2020-09-13,32.09
Lake County,2020-09-13,31.31
Lee County,2020-09-13,29.28
Leon County,2020-09-13,32.63
Levy County,2020-09-13,31.47
Liberty County,2020-09-13,33.93
Madison County,2020-09-13,32.08
Manatee County,2020-09-13,30.65
Marion County,2020-09-13,31.16
Martin County,2020-09-13,31.03
Miami-Dade County,2020-09-13,29.27
Monroe County,2020-09-13,29.68
Nassau County,2020-09-13,31.56
Okaloosa County,2020-09-13,32.99
Okeechobee County,2020-09-13,30.92
Orange County,2020-09-13,31.14
Osceola County,2020-09-13,31.02
Palm Beach County,2020-09-13,30.38
Pasco County,2020-09-13,31.37
Pinellas County,2020-09-13,31.21
Polk County,2020-09-13,31.03
Putnam County,2020-09-13,31.49
St. Johns County,2020-09-13,31.47
St. Lucie County,2020-09-13,30.85
Santa Rosa County,2020-09-13,32.36
Sarasota County,2020-09-13,30.67
Seminole County,2020-09-13,31.12
Sumter County,2020-09-13,31.26
Suwannee County,2020-09-13,31.82
Taylor County,2020-09-13,32.59
Union County,2020-09-13,31.33
Volusia County,2020-09-13,31.15
Wakulla County,2020-09-13,33.31
Walton County,2020-09-13,33.2
Washington County,2020-09-13,33.2
Alachua County,2020-09-14,30.58
Baker County,2020-09-14,29.3
Bay County,2020-09-14,32.09
Bradford County,2020-09-14,30.08
Brevard County,2020-09-14,29.47
Broward County,2020-09-14,31.4
Calhoun County,2020-09-14,32.81
Charlotte County,2020-09-14,27.32
Citrus County,2020-09-14,29.75
Clay County,2020-09-14,30.2
Collier County,2020-09-14,29.9
Columbia County,2020-09-14,29.82
DeSoto County,2020-09-14,27.05
Dixie County,2020-09-14,31.24
Duval County,2020-09-14,29.66
Escambia County,2020-09-14,33.02
Flagler County,2020-09-14,30.13
Franklin County,2020-09-14,32.71
Gadsden County,2020-09-14,32.07
Gilchrist County,2020-09-14,31.04
Glades County,2020-09-14,29.54
Gulf County,2020-09-14,32.76
Hamilton County,2020-09-14,29.87
Hardee County,2020-09-14,26.97
Hendry County,2020-09-14,30.55
Hernando County,2020-09-14,29.12
Highlands County,2020-09-14,28.51
Hillsborough County,2020-09-14,26.92
Holmes County,2020-09-14,31.96
Indian River County,2020-09-14,30.08
Jackson County,2020-09-14,32.19
Jefferson County,2020-09-14,31.55
Lafayette County,2020-09-14,31.4
Lake County,2020-09-14,29.63
Lee County,2020-09-14,27.67
Leon County,2020-09-14,31.89
Levy County,2020-09-14,30.56
Liberty County,2020-09-14,32.93
Madison County,2020-09-14,31.15
Manatee County,2020-09-14,25.94
Marion County,2020-09-14,30.12
Martin County,2020-09-14,30.93
Miami-Dade County,2020-09-14,31.3
Monroe County,2020-09-14,31.22
Nassau County,2020-09-14,29.26
Okaloosa County,2020-09-14,32.35
Okeechobee County,2020-09-14,30.1
Orange County,2020-09-14,29.43
Osceola County,2020-09-14,29.39
Palm Beach County,2020-09-14,31.28
Pasco County,2020-09-14,28.24
Pinellas County,2020-09-14,26.8
Polk County,2020-09-14,28.03
Putnam County,2020-09-14,30.39
St. Johns County,2020-09-14,30.28
St. Lucie County,2020-09-14,30.51
Santa Rosa County,2020-09-14,32.32
Sarasota County,2020-09-14,26.15
Seminole County,2020-09-14,29.55
Sumter County,2020-09-14,29.56
Suwannee County,2020-09-14,30.71
Taylor County,2020-09-14,31.82
Union County,2020-09-14,29.97
Volusia County,2020-09-14,29.82
Wakulla County,2020-09-14,32.32
Walton County,2020-09-14,32.08
Washington County,2020-09-14,32.12
Alachua County,2020-09-15,30.38
Baker County,2020-09-15,30.21
Bay County,2020-09-15,25.51
Bradford County,2020-09-15,30.41
Brevard County,2020-09-15,31.23
Broward County,2020-09-15,33.27
Calhoun County,2020-09-15,27.95
Charlotte County,2020-09-15,31.31
Citrus County,2020-09-15,29.8
Clay County,2020-09-15,30.75
Collier County,2020-09-15,31.92
Columbia County,2020-09-15,30.08
DeSoto County,2020-09-15,31.65
Dixie County,2020-09-15,29.34
Duval County,2020-09-15,30.47
Escambia County,2020-09-15,27.52
Flagler County,2020-09-15,30.94
Franklin County,2020-09-15,27.69
Gadsden County,2020-09-15,28.47
Gilchrist County,2020-09-15,30.08
Glades County,2020-09-15,32.78
Gulf County,2020-09-15,27.16
Hamilton County,2020-09-15,29.88
Hardee County,2020-09-15,31.69
Hendry County,2020-09-15,33.07
Hernando County,2020-09-15,30.34
Highlands County,2020-09-15,32.28
Hillsborough County,2020-09-15,30.46
Holmes County,2020-09-15,27.09
Indian River County,2020-09-15,31.69
Jackson County,2020-09-15,27.8
Jefferson County,2020-09-15,28.92
Lafayette County,2020-09-15,30.05
Lake County,2020-09-15,31.38
Lee County,2020-09-15,30.8
Leon County,2020-09-15,28.61
Levy County,2020-09-15,29.39
Liberty County,2020-09-15,28.71
Madison County,2020-09-15,29.67
Manatee County,2020-09-15,30.56
Marion County,2020-09-15,30.45
Martin County,2020-09-15,32.68
Miami-Dade County,2020-09-15,33.01
Monroe County,2020-09-15,32.63
Nassau County,2020-09-15,30.62
Okaloosa County,2020-09-15,26.56
Okeechobee County,2020-09-15,32.5
Orange County,2020-09-15,31.77
Osceola County,2020-09-15,32.05
Palm Beach County,2020-09-15,33.31
Pasco County,2020-09-15,30.55
Pinellas County,2020-09-15,29.57
Polk County,2020-09-15,31.78
Putnam County,2020-09-15,30.9
St. Johns County,2020-09-15,30.63
St. Lucie County,2020-09-15,32.04
Santa Rosa County,2020-09-15,26.68
Sarasota County,2020-09-15,30.71
Seminole County,2020-09-15,31.65
Sumter County,2020-09-15,30.84
Suwannee County,2020-09-15,30.11
Taylor County,2020-09-15,29.31
Union County,2020-09-15,30.19
Volusia County,2020-09-15,31.27
Wakulla County,2020-09-15,28.33
Walton County,2020-09-15,26.11
Washington County,2020-09-15,26.57
Alachua County,2020-09-16,28.99
Baker County,2020-09-16,29.06
Bay County,2020-09-16,25.19
Bradford County,2020-09-16,29.27
Brevard County,2020-09-16,31.21
Broward County,2020-09-16,33.46
Calhoun County,2020-09-16,25.82
Charlotte County,2020-09-16,32.03
Citrus County,2020-09-16,29.26
Clay County,2020-09-16,30.01
Collier County,2020-09-16,32.93
Columbia County,2020-09-16,28.5
DeSoto County,2020-09-16,31.94
Dixie County,2020-09-16,27.73
Duval County,2020-09-16,29.96
Escambia County,2020-09-16,25.19
Flagler County,2020-09-16,30.29
Franklin County,2020-09-16,26.1
Gadsden County,2020-09-16,25.44
Gilchrist County,2020-09-16,28.37
Glades County,2020-09-16,33.02
Gulf County,2020-09-16,25.96
Hamilton County,2020-09-16,28.01
Hardee County,2020-09-16,31.87
Hendry County,2020-09-16,33.3
Hernando County,2020-09-16,30.0
Highlands County,2020-09-16,32.47
Hillsborough County,2020-09-16,30.77
Holmes County,2020-09-16,25.47
Indian River County,2020-09-16,32.23
Jackson County,2020-09-16,25.48
Jefferson County,2020-09-16,26.31
Lafayette County,2020-09-16,27.95
Lake County,2020-09-16,30.74
Lee County,2020-09-16,31.98
Leon County,2020-09-16,25.65
Levy County,2020-09-16,28.25
Liberty County,2020-09-16,26.06
Madison County,2020-09-16,27.29
Manatee County,2020-09-16,30.74
Marion County,2020-09-16,29.46
Martin County,2020-09-16,33.18
Miami-Dade County,2020-09-16,33.41
Monroe County,2020-09-16,33.51
Nassau County,2020-09-16,29.57
Okaloosa County,2020-09-16,25.14
Okeechobee County,2020-09-16,32.87
Orange County,2020-09-16,31.3
Osceola County,2020-09-16,32.03
Palm Beach County,2020-09-16,33.46
Pasco County,2020-09-16,30.33
Pinellas County,2020-09-16,29.53
Polk County,2020-09-16,31.88
Putnam County,2020-09-16,30.02
St. Johns County,2020-09-16,30.25
St. Lucie County,2020-09-16,32.72
Santa Rosa County,2020-09-16,24.77
Sarasota County,2020-09-16,31.0
Seminole County,2020-09-16,30.96
Sumter County,2020-09-16,30.32
Suwannee County,2020-09-16,28.14
Taylor County,2020-09-16,27.2
Union County,2020-09-16,28.82
Volusia County,2020-09-16,30.56
Wakulla County,2020-09-16,25.88
Walton County,2020-09-16,25.21
Washington County,2020-09-16,25.23
Alachua County,2020-09-17,31.21
Baker County,2020-09-17,29.73
Bay County,2020-09-17,26.83
Bradford County,2020-09-17,30.78
Brevard County,2020-09-17,30.89
Broward County,2020-09-17,33.26
Calhoun County,2020-09-17,26.46
Charlotte County,2020-09-17,33.24
Citrus County,2020-09-17,32.07
Clay County,2020-09-17,30.97
Collier County,2020-09-17,32.75
Columbia County,2020-09-17,29.84
DeSoto County,2020-09-17,33.2
Dixie County,2020-09-17,30.74
Duval County,2020-09-17,29.97
Escambia County,2020-09-17,24.18
Flagler County,2020-09-17,30.89
Franklin County,2020-09-17,27.69
Gadsden County,2020-09-17,25.61
Gilchrist County,2020-09-17,31.08
Glades County,2020-09-17,33.01
Gulf County,2020-09-17,27.44
Hamilton County,2020-09-17,28.71
Hardee County,2020-09-17,33.26
Hendry County,2020-09-17,33.22
Hernando County,2020-09-17,32.71
Highlands County,2020-09-17,32.56
Hillsborough County,2020-09-17,33.15
Holmes County,2020-09-17,26.0
Indian River County,2020-09-17,31.27
Jackson County,2020-09-17,25.78
Jefferson County,2020-09-17,27.3
Lafayette County,2020-09-17,30.29
Lake County,2020-09-17,32.36
Lee County,2020-09-17,32.74
Leon County,2020-09-17,26.26
Levy County,2020-09-17,31.31
Liberty County,2020-09-17,26.53
Madison County,2020-09-17,28.38
Manatee County,2020-09-17,32.95
Marion County,2020-09-17,31.58
Martin County,2020-09-17,32.75
Miami-Dade County,2020-09-17,32.97
Monroe County,2020-09-17,33.08
Nassau County,2020-09-17,29.16
Okaloosa County,2020-09-17,25.22
Okeechobee County,2020-09-17,31.88
Orange County,2020-09-17,32.13
Osceola County,2020-09-17,31.97
Palm Beach County,2020-09-17,33.3
Pasco County,2020-09-17,32.96
Pinellas County,2020-09-17,32.71
Polk County,2020-09-17,33.11
Putnam County,2020-09-17,31.36
St. Johns County,2020-09-17,30.7
St. Lucie County,2020-09-17,31.96
Santa Rosa County,2020-09-17,24.14
Sarasota County,2020-09-17,33.1
Seminole County,2020-09-17,31.67
Sumter County,2020-09-17,32.5
Suwannee County,2020-09-17,29.88
Taylor County,2020-09-17,29.26
Union County,2020-09-17,30.46
Volusia County,2020-09-17,31.12
Wakulla County,2020-09-17,26.86
Walton County,2020-09-17,25.97
Washington County,2020-09-17,26.31
Alachua County,2020-09-18,30.21
Baker County,2020-09-18,30.23
Bay County,2020-09-18,26.79
Bradford County,2020-09-18,30.29
Brevard County,2020-09-18,32.87
Broward County,2020-09-18,33.68
Calhoun County,2020-09-18,26.98
Charlotte County,2020-09-18,33.0
Citrus County,2020-09-18,30.77
Clay County,2020-09-18,31.0
Collier County,2020-09-18,32.91
Columbia County,2020-09-18,29.91
DeSoto County,2020-09-18,33.04
Dixie County,2020-09-18,29.83
Duval County,2020-09-18,31.1
Escambia County,2020-09-18,29.11
Flagler County,2020-09-18,32.06
Franklin County,2020-09-18,27.93
Gadsden County,2020-09-18,26.44
Gilchrist County,2020-09-18,30.1
Glades County,2020-09-18,33.62
Gulf County,2020-09-18,27.65
Hamilton County,2020-09-18,29.47
Hardee County,2020-09-18,33.0
Hendry County,2020-09-18,33.64
Hernando County,2020-09-18,31.4
Highlands County,2020-09-18,33.25
Hillsborough County,2020-09-18,32.09
Holmes County,2020-09-18,26.68
Indian River County,2020-09-18,33.45
Jackson County,2020-09-18,26.21
Jefferson County,2020-09-18,27.83
Lafayette County,2020-09-18,29.93
Lake County,2020-09-18,32.31
Lee County,2020-09-18,32.53
Leon County,2020-09-18,27.0
Levy County,2020-09-18,30.0
Liberty County,2020-09-18,27.37
Madison County,2020-09-18,28.88
Manatee County,2020-09-18,32.19
Marion County,2020-09-18,30.85
Martin County,2020-09-18,34.37
Miami-Dade County,2020-09-18,33.31
Monroe County,2020-09-18,33.34
Nassau County,2020-09-18,31.07
Okaloosa County,2020-09-18,27.79
Okeechobee County,2020-09-18,33.65
Orange County,2020-09-18,32.91
Osceola County,2020-09-18,33.16
Palm Beach County,2020-09-18,34.18
Pasco County,2020-09-18,31.65
Pinellas County,2020-09-18,31.05
Polk County,2020-09-18,32.98
Putnam County,2020-09-18,31.26
St. Johns County,2020-09-18,31.54
St. Lucie County,2020-09-18,34.02
Santa Rosa County,2020-09-18,28.19
Sarasota County,2020-09-18,32.48
Seminole County,2020-09-18,32.85
Sumter County,2020-09-18,31.67
Suwannee County,2020-09-18,29.87
Taylor County,2020-09-18,29.22
Union County,2020-09-18,30.0
Volusia County,2020-09-18,32.64
Wakulla County,2020-09-18,27.53
Walton County,2020-09-18,27.13
Washington County,2020-09-18,26.54
Alachua County,2020-09-19,30.46
Baker County,2020-09-19,28.38
Bay County,2020-09-19,30.81
Bradford County,2020-09-19,29.71
Brevard County,2020-09-19,32.07
Broward County,2020-09-19,34.32
Calhoun County,2020-09-19,31.12
Charlotte County,2020-09-19,32.43
Citrus County,2020-09-19,31.27
Clay County,2020-09-19,30.0
Collier County,2020-09-19,32.9
Columbia County,2020-09-19,28.87
DeSoto County,2020-09-19,32.25
Dixie County,2020-09-19,30.98
Duval County,2020-09-19,28.79
Escambia County,2020-09-19,29.53
Flagler County,2020-09-19,31.55
Franklin County,2020-09-19,32.44
Gadsden County,2020-09-19,30.05
Gilchrist County,2020-09-19,30.6
Glades County,2020-09-19,33.1
Gulf County,2020-09-19,32.25
Hamilton County,2020-09-19,28.33
Hardee County,2020-09-19,32.09
Hendry County,2020-09-19,33.53
Hernando County,2020-09-19,31.65
Highlands County,2020-09-19,32.35
Hillsborough County,2020-09-19,31.68
Holmes County,2020-09-19,29.31
Indian River County,2020-09-19,32.74
Jackson County,2020-09-19,29.6
Jefferson County,2020-09-19,29.97
Lafayette County,2020-09-19,30.66
Lake County,2020-09-19,32.29
Lee County,2020-09-19,32.16
Leon County,2020-09-19,30.31
Levy County,2020-09-19,30.75
Liberty County,2020-09-19,31.81
Madison County,2020-09-19,29.55
Manatee County,2020-09-19,31.6
Marion County,2020-09-19,31.24
Martin County,2020-09-19,34.42
Miami-Dade County,2020-09-19,33.91
Monroe County,2020-09-19,33.47
Nassau County,2020-09-19,27.94
Okaloosa County,2020-09-19,29.74
Okeechobee County,2020-09-19,32.92
Orange County,2020-09-19,32.37
Osceola County,2020-09-19,32.19
Palm Beach County,2020-09-19,34.59
Pasco County,2020-09-19,31.69
Pinellas County,2020-09-19,31.17
Polk County,2020-09-19,32.12
Putnam County,2020-09-19,31.11
St. Johns County,2020-09-19,30.32
St. Lucie County,2020-09-19,33.7
Santa Rosa County,2020-09-19,29.34
Sarasota County,2020-09-19,31.96
Seminole County,2020-09-19,32.47
Sumter County,2020-09-19,31.86
Suwannee County,2020-09-19,29.7
Taylor County,2020-09-19,31.03
Union County,2020-09-19,29.38
Volusia County,2020-09-19,32.26
Wakulla County,2020-09-19,31.44
Walton County,2020-09-19,29.76
Washington County,2020-09-19,29.9
Alachua County,2020-09-20,26.32
Baker County,2020-09-20,24.71
Bay County,2020-09-20,26.73
Bradford County,2020-09-20,25.7
Brevard County,2020-09-20,31.77
Broward County,2020-09-20,34.23
Calhoun County,2020-09-20,26.8
Charlotte County,2020-09-20,33.36
Citrus County,2020-09-20,29.79
Clay County,2020-09-20,26.55
Collier County,2020-09-20,33.29
Columbia County,2020-09-20,24.53
DeSoto County,2020-09-20,33.2
Dixie County,2020-09-20,26.33
Duval County,2020-09-20,25.87
Escambia County,2020-09-20,24.03
Flagler County,2020-09-20,29.47
Franklin County,2020-09-20,28.35
Gadsden County,2020-09-20,25.05
Gilchrist County,2020-09-20,25.79
Glades County,2020-09-20,33.34
Gulf County,2020-09-20,28.54
Hamilton County,2020-09-20,24.1
Hardee County,2020-09-20,33.16
Hendry County,2020-09-20,33.68
Hernando County,2020-09-20,31.35
Highlands County,2020-09-20,32.97
Hillsborough County,2020-09-20,32.87
Holmes County,2020-09-20,24.83
Indian River County,2020-09-20,32.36
Jackson County,2020-09-20,25.03
Jefferson County,2020-09-20,24.9
Lafayette County,2020-09-20,25.4
Lake County,2020-09-20,31.66
Lee County,2020-09-20,32.89
Leon County,2020-09-20,25.16
Levy County,2020-09-20,27.18
Liberty County,2020-09-20,27.32
Madison County,2020-09-20,24.6
Manatee County,2020-09-20,32.95
Marion County,2020-09-20,28.78
Martin County,2020-09-20,33.3
Miami-Dade County,2020-09-20,34.17
Monroe County,2020-09-20,33.88
Nassau County,2020-09-20,25.23
Okaloosa County,2020-09-20,24.65
Okeechobee County,2020-09-20,32.92
Orange County,2020-09-20,32.41
Osceola County,2020-09-20,32.78
Palm Beach County,2020-09-20,33.97
Pasco County,2020-09-20,32.13
Pinellas County,2020-09-20,32.22
Polk County,2020-09-20,33.08
Putnam County,2020-09-20,28.12
St. Johns County,2020-09-20,27.7
St. Lucie County,2020-09-20,32.71
Santa Rosa County,2020-09-20,23.98
Sarasota County,2020-09-20,33.26
Seminole County,2020-09-20,32.01
Sumter County,2020-09-20,31.13
Suwannee County,2020-09-20,24.73
Taylor County,2020-09-20,25.89
Union County,2020-09-20,25.03
Volusia County,2020-09-20,30.93
Wakulla County,2020-09-20,26.54
Walton County,2020-09-20,25.12
Washington County,2020-09-20,25.6
Alachua County,2020-09-21,24.94
Baker County,2020-09-21,23.28
Bay County,2020-09-21,22.88
Bradford County,2020-09-21,24.43
Brevard County,2020-09-21,29.32
Broward County,2020-09-21,32.93
Calhoun County,2020-09-21,24.02
Charlotte County,2020-09-21,32.64
Citrus County,2020-09-21,27.9
Clay County,2020-09-21,25.3
Collier County,2020-09-21,32.37
Columbia County,2020-09-21,23.21
DeSoto County,2020-09-21,32.06
Dixie County,2020-09-21,25.06
Duval County,2020-09-21,24.68
Escambia County,2020-09-21,20.32
Flagler County,2020-09-21,27.44
Franklin County,2020-09-21,25.67
Gadsden County,2020-09-21,23.12
Gilchrist County,2020-09-21,24.59
Glades County,2020-09-21,32.4
Gulf County,2020-09-21,25.18
Hamilton County,2020-09-21,22.6
Hardee County,2020-09-21,31.39
Hendry County,2020-09-21,32.58
Hernando County,2020-09-21,29.2
Highlands County,2020-09-21,31.55
Hillsborough County,2020-09-21,30.78
Holmes County,2020-09-21,21.15
Indian River County,2020-09-21,30.95
Jackson County,2020-09-21,22.36
Jefferson County,2020-09-21,22.97
Lafayette County,2020-09-21,24.15
Lake County,2020-09-21,28.48
Lee County,2020-09-21,32.35
Leon County,2020-09-21,23.09
Levy County,2020-09-21,25.78
Liberty County,2020-09-21,24.97
Madison County,2020-09-21,22.99
Manatee County,2020-09-21,31.53
Marion County,2020-09-21,26.69
Martin County,2020-09-21,32.6
Miami-Dade County,2020-09-21,33.07
Monroe County,2020-09-21,33.26
Nassau County,2020-09-21,23.77
Okaloosa County,2020-09-21,20.46
Okeechobee County,2020-09-21,31.78
Orange County,2020-09-21,28.86
Osceola County,2020-09-21,29.94
Palm Beach County,2020-09-21,32.97
Pasco County,2020-09-21,29.86
Pinellas County,2020-09-21,30.8
Polk County,2020-09-21,30.3
Putnam County,2020-09-21,26.42
St. Johns County,2020-09-21,26.45
St. Lucie County,2020-09-21,31.9
Santa Rosa County,2020-09-21,19.98
Sarasota County,2020-09-21,32.36
Seminole County,2020-09-21,28.47
Sumter County,2020-09-21,28.51
Suwannee County,2020-09-21,23.48
Taylor County,2020-09-21,24.29
Union County,2020-09-21,23.8
Volusia County,2020-09-21,28.09
Wakulla County,2020-09-21,24.4
Walton County,2020-09-21,20.97
Washington County,2020-09-21,21.84
Alachua County,2020-09-22,27.49
Baker County,2020-09-22,25.53
Bay County,2020-09-22,22.88
Bradford County,2020-09-22,26.79
Brevard County,2020-09-22,28.52
Broward County,2020-09-22,30.49
Calhoun County,2020-09-22,23.9
Charlotte County,2020-09-22,31.12
Citrus County,2020-09-22,29.45
Clay County,2020-09-22,27.13
Collier County,2020-09-22,30.53
Columbia County,2020-09-22,25.64
DeSoto County,2020-09-22,30.73
Dixie County,2020-09-22,27.26
Duval County,2020-09-22,25.91
Escambia County,2020-09-22,21.33
Flagler County,2020-09-22,28.23
Franklin County,2020-09-22,25.53
Gadsden County,2020-09-22,24.38
Gilchrist County,2020-09-22,27.14
Glades County,2020-09-22,30.4
Gulf County,2020-09-22,24.54
Hamilton County,2020-09-22,25.09
Hardee County,2020-09-22,30.73
Hendry County,2020-09-22,30.78
Hernando County,2020-09-22,30.36
Highlands County,2020-09-22,29.98
Hillsborough County,2020-09-22,31.22
Holmes County,2020-09-22,22.27
Indian River County,2020-09-22,29.06
Jackson County,2020-09-22,23.25
Jefferson County,2020-09-22,25.39
Lafayette County,2020-09-22,26.53
Lake County,2020-09-22,29.7
Lee County,2020-09-22,30.69
Leon County,2020-09-22,24.92
Levy County,2020-09-22,28.03
Liberty County,2020-09-22,24.79
Madison County,2020-09-22,25.59
Manatee County,2020-09-22,31.22
Marion County,2020-09-22,28.61
Martin County,2020-09-22,29.99
Miami-Dade County,2020-09-22,30.76
Monroe County,2020-09-22,31.47
Nassau County,2020-09-22,25.16
Okaloosa County,2020-09-22,21.56
Okeechobee County,2020-09-22,29.72
Orange County,2020-09-22,29.5
Osceola County,2020-09-22,29.55
Palm Beach County,2020-09-22,30.4
Pasco County,2020-09-22,30.79
Pinellas County,2020-09-22,31.38
Polk County,2020-09-22,30.49
Putnam County,2020-09-22,28.14
St. Johns County,2020-09-22,27.34
St. Lucie County,2020-09-22,29.52
Santa Rosa County,2020-09-22,20.96
Sarasota County,2020-09-22,31.53
Seminole County,2020-09-22,29.15
Sumter County,2020-09-22,29.83
Suwannee County,2020-09-22,25.92
Taylor County,2020-09-22,26.42
Union County,2020-09-22,26.26
Volusia County,2020-09-22,28.7
Wakulla County,2020-09-22,25.36
Walton County,2020-09-22,21.92
Washington County,2020-09-22,22.42
Alachua County,2020-09-23,28.19
Baker County,2020-09-23,27.28
Bay County,2020-09-23,25.72
Bradford County,2020-09-23,27.85
Brevard County,2020-09-23,28.58
Broward County,2020-09-23,31.23
Calhoun County,2020-09-23,26.63
Charlotte County,2020-09-23,31.38
Citrus County,2020-09-23,29.01
Clay County,2020-09-23,27.98
Collier County,2020-09-23,31.11
Columbia County,2020-09-23,27.54
DeSoto County,2020-09-23,31.07
Dixie County,2020-09-23,28.39
Duval County,2020-09-23,27.03
Escambia County,2020-09-23,24.78
Flagler County,2020-09-23,28.14
Franklin County,2020-09-23,27.97
Gadsden County,2020-09-23,26.38
Gilchrist County,2020-09-23,28.32
Glades County,2020-09-23,31.11
Gulf County,2020-09-23,27.63
Hamilton County,2020-09-23,27.29
Hardee County,2020-09-23,30.83
Hendry County,2020-09-23,31.32
Hernando County,2020-09-23,29.72
Highlands County,2020-09-23,30.64
Hillsborough County,2020-09-23,30.52
Holmes County,2020-09-23,24.13
Indian River County,2020-09-23,29.64
Jackson County,2020-09-23,25.24
Jefferson County,2020-09-23,27.13
Lafayette County,2020-09-23,28.32
Lake County,2020-09-23,29.28
Lee County,2020-09-23,31.02
Leon County,2020-09-23,26.75
Levy County,2020-09-23,28.36
Liberty County,2020-09-23,27.48
Madison County,2020-09-23,27.55
Manatee County,2020-09-23,30.77
Marion County,2020-09-23,28.48
Martin County,2020-09-23,30.71
Miami-Dade County,2020-09-23,31.53
Monroe County,2020-09-23,31.96
Nassau County,2020-09-23,26.6
Okaloosa County,2020-09-23,24.15
Okeechobee County,2020-09-23,30.47
Orange County,2020-09-23,29.26
Osceola County,2020-09-23,29.73
Palm Beach County,2020-09-23,31.05
Pasco County,2020-09-23,30.08
Pinellas County,2020-09-23,30.26
Polk County,2020-09-23,30.36
Putnam County,2020-09-23,28.36
St. Johns County,2020-09-23,27.67
St. Lucie County,2020-09-23,30.23
Santa Rosa County,2020-09-23,24.01
Sarasota County,2020-09-23,31.24
Seminole County,2020-09-23,28.91
Sumter County,2020-09-23,29.33
Suwannee County,2020-09-23,27.94
Taylor County,2020-09-23,28.11
Union County,2020-09-23,27.68
Volusia County,2020-09-23,28.45
Wakulla County,2020-09-23,27.36
Walton County,2020-09-23,24.29
Washington County,2020-09-23,24.89
Alachua County,2020-09-24,29.18
Baker County,2020-09-24,27.8
Bay County,2020-09-24,29.58
Bradford County,2020-09-24,28.56
Brevard County,2020-09-24,29.41
Broward County,2020-09-24,31.27
Calhoun County,2020-09-24,29.81
Charlotte County,2020-09-24,32.2
Citrus County,2020-09-24,30.34
Clay County,2020-09-24,28.71
Collier County,2020-09-24,31.64
Columbia County,2020-09-24,28.19
DeSoto County,2020-09-24,31.57
Dixie County,2020-09-24,30.3
Duval County,2020-09-24,27.99
Escambia County,2020-09-24,28.53
Flagler County,2020-09-24,28.76
Franklin County,2020-09-24,30.55
Gadsden County,2020-09-24,29.0
Gilchrist County,2020-09-24,29.71
Glades County,2020-09-24,31.21
Gulf County,2020-09-24,30.54
Hamilton County,2020-09-24,28.05
Hardee County,2020-09-24,31.35
Hendry County,2020-09-24,31.44
Hernando County,2020-09-24,30.89
Highlands County,2020-09-24,30.84
Hillsborough County,2020-09-24,31.59
Holmes County,2020-09-24,29.04
Indian River County,2020-09-24,30.18
Jackson County,2020-09-24,29.07
Jefferson County,2020-09-24,29.35
Lafayette County,2020-09-24,29.9
Lake County,2020-09-24,29.85
Lee County,2020-09-24,31.97
Leon County,2020-09-24,29.26
Levy County,2020-09-24,30.01
Liberty County,2020-09-24,30.0
Madison County,2020-09-24,29.16
Manatee County,2020-09-24,31.78
Marion County,2020-09-24,29.32
Martin County,2020-09-24,31.21
Miami-Dade County,2020-09-24,31.31
Monroe County,2020-09-24,31.99
Nassau County,2020-09-24,27.56
Okaloosa County,2020-09-24,28.92
Okeechobee County,2020-09-24,30.72
Orange County,2020-09-24,29.94
Osceola County,2020-09-24,30.34
Palm Beach County,2020-09-24,31.35
Pasco County,2020-09-24,31.16
Pinellas County,2020-09-24,31.62
Polk County,2020-09-24,31.0
Putnam County,2020-09-24,29.02
St. Johns County,2020-09-24,28.56
St. Lucie County,2020-09-24,30.73
Santa Rosa County,2020-09-24,28.32
Sarasota County,2020-09-24,32.41
Seminole County,2020-09-24,29.49
Sumter County,2020-09-24,30.15
Suwannee County,2020-09-24,29.03
Taylor County,2020-09-24,30.23
Union County,2020-09-24,28.38
Volusia County,2020-09-24,29.0
Wakulla County,2020-09-24,29.91
Walton County,2020-09-24,29.14
Washington County,2020-09-24,29.32
Alachua County,2020-09-25,31.25
Baker County,2020-09-25,30.79
Bay County,2020-09-25,28.16
Bradford County,2020-09-25,31.04
Brevard County,2020-09-25,30.53
Broward County,2020-09-25,30.54
Calhoun County,2020-09-25,27.7
Charlotte County,2020-09-25,32.23
Citrus County,2020-09-25,31.62
Clay County,2020-09-25,31.19
Collier County,2020-09-25,30.92
Columbia County,2020-09-25,30.92
DeSoto County,2020-09-25,32.14
Dixie County,2020-09-25,31.22
Duval County,2020-09-25,30.58
Escambia County,2020-09-25,29.34
Flagler County,2020-09-25,31.02
Franklin County,2020-09-25,28.67
Gadsden County,2020-09-25,27.09
Gilchrist County,2020-09-25,31.39
Glades County,2020-09-25,31.64
Gulf County,2020-09-25,28.55
Hamilton County,2020-09-25,30.7
Hardee County,2020-09-25,32.33
Hendry County,2020-09-25,31.41
Hernando County,2020-09-25,32.08
Highlands County,2020-09-25,31.74
Hillsborough County,2020-09-25,32.45
Holmes County,2020-09-25,28.1
Indian River County,2020-09-25,30.8
Jackson County,2020-09-25,27.12
Jefferson County,2020-09-25,29.22
Lafayette County,2020-09-25,31.24
Lake County,2020-09-25,31.88
Lee County,2020-09-25,31.69
Leon County,2020-09-25,28.01
Levy County,2020-09-25,31.28
Liberty County,2020-09-25,27.77
Madison County,2020-09-25,30.34
Manatee County,2020-09-25,31.95
Marion County,2020-09-25,31.25
Martin County,2020-09-25,31.21
Miami-Dade County,2020-09-25,30.36
Monroe County,2020-09-25,31.34
Nassau County,2020-09-25,30.45
Okaloosa County,2020-09-25,29.21
Okeechobee County,2020-09-25,31.28
Orange County,2020-09-25,31.78
Osceola County,2020-09-25,31.72
Palm Beach County,2020-09-25,31.05
Pasco County,2020-09-25,32.23
Pinellas County,2020-09-25,31.91
Polk County,2020-09-25,32.48
Putnam County,2020-09-25,31.32
St. Johns County,2020-09-25,30.84
St. Lucie County,2020-09-25,30.98
Santa Rosa County,2020-09-25,29.12
Sarasota County,2020-09-25,32.05
Seminole County,2020-09-25,31.51
Sumter County,2020-09-25,31.82
Suwannee County,2020-09-25,31.11
Taylor County,2020-09-25,30.58
Union County,2020-09-25,30.93
Volusia County,2020-09-25,31.13
Wakulla County,2020-09-25,28.39
Walton County,2020-09-25,28.72
Washington County,2020-09-25,28.03
Alachua County,2020-09-26,32.91
Baker County,2020-09-26,32.61
Bay County,2020-09-26,30.3
Bradford County,2020-09-26,32.99
Brevard County,2020-09-26,31.29
Broward County,2020-09-26,32.53
Calhoun County,2020-09-26,30.49
Charlotte County,2020-09-26,32.4
Citrus County,2020-09-26,32.87
Clay County,2020-09-26,33.54
Collier County,2020-09-26,32.37
Columbia County,2020-09-26,32.16
DeSoto County,2020-09-26,32.76
Dixie County,2020-09-26,32.05
Duval County,2020-09-26,33.25
Escambia County,2020-09-26,27.88
Flagler County,2020-09-26,32.9
Franklin County,2020-09-26,30.94
Gadsden County,2020-09-26,29.78
Gilchrist County,2020-09-26,32.53
Glades County,2020-09-26,33.16
Gulf County,2020-09-26,30.99
Hamilton County,2020-09-26,31.45
Hardee County,2020-09-26,33.19
Hendry County,2020-09-26,33.11
Hernando County,2020-09-26,33.29
Highlands County,2020-09-26,33.09
Hillsborough County,2020-09-26,33.01
Holmes County,2020-09-26,29.51
Indian River County,2020-09-26,31.98
Jackson County,2020-09-26,29.82
Jefferson County,2020-09-26,30.4
Lafayette County,2020-09-26,32.06
Lake County,2020-09-26,33.86
Lee County,2020-09-26,31.96
Leon County,2020-09-26,29.98
Levy County,2020-09-26,32.4
Liberty County,2020-09-26,30.67
Madison County,2020-09-26,31.05
Manatee County,2020-09-26,32.04
Marion County,2020-09-26,33.18
Martin County,2020-09-26,32.7
Miami-Dade County,2020-09-26,32.3
Monroe County,2020-09-26,32.66
Nassau County,2020-09-26,33.14
Okaloosa County,2020-09-26,28.99
Okeechobee County,2020-09-26,32.85
Orange County,2020-09-26,33.42
Osceola County,2020-09-26,33.05
Palm Beach County,2020-09-26,32.82
Pasco County,2020-09-26,33.32
Pinellas County,2020-09-26,31.86
Polk County,2020-09-26,33.78
Putnam County,2020-09-26,33.53
St. Johns County,2020-09-26,32.98
St. Lucie County,2020-09-26,32.37
Santa Rosa County,2020-09-26,27.96
Sarasota County,2020-09-26,31.71
Seminole County,2020-09-26,33.27
Sumter County,2020-09-26,33.6
Suwannee County,2020-09-26,31.94
Taylor County,2020-09-26,31.43
Union County,2020-09-26,32.57
Volusia County,2020-09-26,32.78
Wakulla County,2020-09-26,30.42
Walton County,2020-09-26,29.57
Washington County,2020-09-26,30.02
Alachua County,2020-09-27,32.58
Baker County,2020-09-27,32.47
Bay County,2020-09-27,31.01
Bradford County,2020-09-27,32.79
Brevard County,2020-09-27,31.78
Broward County,2020-09-27,33.56
Calhoun County,2020-09-27,31.68
Charlotte County,2020-09-27,32.16
Citrus County,2020-09-27,32.16
Clay County,2020-09-27,33.08
Collier County,2020-09-27,33.0
Columbia County,2020-09-27,32.15
DeSoto County,2020-09-27,32.51
Dixie County,2020-09-27,31.45
Duval County,2020-09-27,32.3
Escambia County,2020-09-27,28.73
Flagler County,2020-09-27,32.53
Franklin County,2020-09-27,31.81
Gadsden County,2020-09-27,30.6
Gilchrist County,2020-09-27,32.12
Glades County,2020-09-27,33.13
Gulf County,2020-09-27,32.06
Hamilton County,2020-09-27,31.26
Hardee County,2020-09-27,32.87
Hendry County,2020-09-27,33.39
Hernando County,2020-09-27,32.69
Highlands County,2020-09-27,32.98
Hillsborough County,2020-09-27,32.46
Holmes County,2020-09-27,30.48
Indian River County,2020-09-27,32.71
Jackson County,2020-09-27,30.65
Jefferson County,2020-09-27,30.35
Lafayette County,2020-09-27,31.87
Lake County,2020-09-27,33.72
Lee County,2020-09-27,31.89
Leon County,2020-09-27,30.54
Levy County,2020-09-27,31.55
Liberty County,2020-09-27,31.96
Madison County,2020-09-27,30.77
Manatee County,2020-09-27,31.69
Marion County,2020-09-27,32.83
Martin County,2020-09-27,33.22
Miami-Dade County,2020-09-27,33.72
Monroe County,2020-09-27,33.51
Nassau County,2020-09-27,32.1
Okaloosa County,2020-09-27,29.6
Okeechobee County,2020-09-27,33.17
Orange County,2020-09-27,33.49
Osceola County,2020-09-27,33.31
Palm Beach County,2020-09-27,33.44
Pasco County,2020-09-27,32.77
Pinellas County,2020-09-27,30.89
Polk County,2020-09-27,33.53
Putnam County,2020-09-27,33.17
St. Johns County,2020-09-27,32.21
St. Lucie County,2020-09-27,32.97
Santa Rosa County,2020-09-27,28.68
Sarasota County,2020-09-27,31.4
Seminole County,2020-09-27,33.32
Sumter County,2020-09-27,33.36
Suwannee County,2020-09-27,31.84
Taylor County,2020-09-27,31.29
Union County,2020-09-27,32.54
Volusia County,2020-09-27,32.65
Wakulla County,2020-09-27,31.18
Walton County,2020-09-27,30.22
Washington County,2020-09-27,30.81
Alachua County,2020-09-28,28.86
Baker County,2020-09-28,27.48
Bay County,2020-09-28,27.03
Bradford County,2020-09-28,28.42
Brevard County,2020-09-28,31.55
Broward County,2020-09-28,33.43
Calhoun County,2020-09-28,27.02
Charlotte County,2020-09-28,34.01
Citrus County,2020-09-28,31.01
Clay County,2020-09-28,29.12
Collier County,2020-09-28,33.89
Columbia County,2020-09-28,27.18
DeSoto County,2020-09-28,33.61
Dixie County,2020-09-28,28.06
Duval County,2020-09-28,28.53
Escambia County,2020-09-28,31.41
Flagler County,2020-09-28,30.73
Franklin County,2020-09-28,27.47
Gadsden County,2020-09-28,25.23
Gilchrist County,2020-09-28,28.27
Glades County,2020-09-28,33.47
Gulf County,2020-09-28,28.27
Hamilton County,2020-09-28,26.44
Hardee County,2020-09-28,33.41
Hendry County,2020-09-28,33.89
Hernando County,2020-09-28,32.14
Highlands County,2020-09-28,32.99
Hillsborough County,2020-09-28,33.26
Holmes County,2020-09-28,27.24
Indian River County,2020-09-28,32.17
Jackson County,2020-09-28,25.95
Jefferson County,2020-09-28,25.48
Lafayette County,2020-09-28,27.33
Lake County,2020-09-28,32.18
Lee County,2020-09-28,33.69
Leon County,2020-09-28,25.2
Levy County,2020-09-28,29.22
Liberty County,2020-09-28,27.11
Madison County,2020-09-28,26.14
Manatee County,2020-09-28,33.52
Marion County,2020-09-28,30.39
Martin County,2020-09-28,32.78
Miami-Dade County,2020-09-28,33.33
Monroe County,2020-09-28,33.62
Nassau County,2020-09-28,28.03
Okaloosa County,2020-09-28,29.72
Okeechobee County,2020-09-28,32.83
Orange County,2020-09-28,32.61
Osceola County,2020-09-28,32.77
Palm Beach County,2020-09-28,33.24
Pasco County,2020-09-28,32.7
Pinellas County,2020-09-28,32.25
Polk County,2020-09-28,33.25
Putnam County,2020-09-28,30.08
St. Johns County,2020-09-28,29.58
St. Lucie County,2020-09-28,32.46
Santa Rosa County,2020-09-28,30.54
Sarasota County,2020-09-28,34.05
Seminole County,2020-09-28,32.33
Sumter County,2020-09-28,31.94
Suwannee County,2020-09-28,26.99
Taylor County,2020-09-28,26.69
Union County,2020-09-28,27.79
Volusia County,2020-09-28,31.56
Wakulla County,2020-09-28,26.02
Walton County,2020-09-28,28.29
Washington County,2020-09-28,26.91
Alachua County,2020-09-29,28.65
Baker County,2020-09-29,28.19
Bay County,2020-09-29,31.23
Bradford County,2020-09-29,28.58
Brevard County,2020-09-29,31.98
Broward County,2020-09-29,33.14
Calhoun County,2020-09-29,32.29
Charlotte County,2020-09-29,33.12
Citrus County,2020-09-29,29.88
Clay County,2020-09-29,29.43
Collier County,2020-09-29,32.83
Columbia County,2020-09-29,27.85
DeSoto County,2020-09-29,33.1
Dixie County,2020-09-29,28.68
Duval County,2020-09-29,29.3
Escambia County,2020-09-29,31.92
Flagler County,2020-09-29,30.81
Franklin County,2020-09-29,31.67
Gadsden County,2020-09-29,31.02
Gilchrist County,2020-09-29,28.36
Glades County,2020-09-29,33.2
Gulf County,2020-09-29,32.36
Hamilton County,2020-09-29,27.93
Hardee County,2020-09-29,32.99
Hendry County,2020-09-29,33.23
Hernando County,2020-09-29,30.93
Highlands County,2020-09-29,32.97
Hillsborough County,2020-09-29,32.15
Holmes County,2020-09-29,31.38
Indian River County,2020-09-29,32.59
Jackson County,2020-09-29,31.38
Jefferson County,2020-09-29,29.72
Lafayette County,2020-09-29,28.79
Lake County,2020-09-29,31.44
Lee County,2020-09-29,32.62
Leon County,2020-09-29,30.63
Levy County,2020-09-29,28.61
Liberty County,2020-09-29,32.33
Madison County,2020-09-29,28.91
Manatee County,2020-09-29,32.44
Marion County,2020-09-29,29.69
Martin County,2020-09-29,32.85
Miami-Dade County,2020-09-29,33.04
Monroe County,2020-09-29,32.97
Nassau County,2020-09-29,29.16
Okaloosa County,2020-09-29,31.61
Okeechobee County,2020-09-29,32.99
Orange County,2020-09-29,32.26
Osceola County,2020-09-29,32.81
Palm Beach County,2020-09-29,33.06
Pasco County,2020-09-29,31.5
Pinellas County,2020-09-29,30.89
Polk County,2020-09-29,32.79
Putnam County,2020-09-29,29.99
St. Johns County,2020-09-29,30.03
St. Lucie County,2020-09-29,32.69
Santa Rosa County,2020-09-29,31.48
Sarasota County,2020-09-29,32.8
Seminole County,2020-09-29,32.02
Sumter County,2020-09-29,30.92
Suwannee County,2020-09-29,28.24
Taylor County,2020-09-29,29.56
Union County,2020-09-29,28.04
Volusia County,2020-09-29,31.48
Wakulla County,2020-09-29,31.09
Walton County,2020-09-29,31.39
Washington County,2020-09-29,31.63
Alachua County,2020-09-30,29.56
Baker County,2020-09-30,29.25
Bay County,2020-09-30,21.81
Bradford County,2020-09-30,29.72
Brevard County,2020-09-30,32.18
Broward County,2020-09-30,32.46
Calhoun County,2020-09-30,23.31
Charlotte County,2020-09-30,32.42
Citrus County,2020-09-30,30.38
Clay County,2020-09-30,30.61
Collier County,2020-09-30,31.69
Columbia County,2020-09-30,28.6
DeSoto County,2020-09-30,32.3
Dixie County,2020-09-30,28.28
Duval County,2020-09-30,30.47
Escambia County,2020-09-30,23.04
Flagler County,2020-09-30,31.68
Franklin County,2020-09-30,25.37
Gadsden County,2020-09-30,24.59
Gilchrist County,2020-09-30,28.79
Glades County,2020-09-30,32.32
Gulf County,2020-09-30,24.1
Hamilton County,2020-09-30,28.03
Hardee County,2020-09-30,32.29
Hendry County,2020-09-30,32.03
Hernando County,2020-09-30,31.19
Highlands County,2020-09-30,32.22
Hillsborough County,2020-09-30,31.83
Holmes County,2020-09-30,20.96
Indian River County,2020-09-30,32.3
Jackson County,2020-09-30,21.96
Jefferson County,2020-09-30,26.66
Lafayette County,2020-09-30,28.18
Lake County,2020-09-30,31.96
Lee County,2020-09-30,31.92
Leon County,2020-09-30,25.78
Levy County,2020-09-30,29.08
Liberty County,2020-09-30,24.86
Madison County,2020-09-30,27.48
Manatee County,2020-09-30,31.91
Marion County,2020-09-30,30.53
Martin County,2020-09-30,32.96
Miami-Dade County,2020-09-30,32.49
Monroe County,2020-09-30,32.58
Nassau County,2020-09-30,30.09
Okaloosa County,2020-09-30,21.72
Okeechobee County,2020-09-30,32.44
Orange County,2020-09-30,32.42
Osceola County,2020-09-30,32.41
Palm Beach County,2020-09-30,32.79
Pasco County,2020-09-30,31.5
Pinellas County,2020-09-30,31.36
Polk County,2020-09-30,32.3
Putnam County,2020-09-30,30.99
St. Johns County,2020-09-30,31.13
St. Lucie County,2020-09-30,32.62
Santa Rosa County,2020-09-30,21.98
Sarasota County,2020-09-30,32.27
Seminole County,2020-09-30,32.4
Sumter County,2020-09-30,31.35
Suwannee County,2020-09-30,28.21
Taylor County,2020-09-30,27.57
Union County,2020-09-30,29.08
Volusia County,2020-09-30,32.22
Wakulla County,2020-09-30,25.86
Walton County,2020-09-30,21.21
Washington County,2020-09-30,21.28
Alachua County,2020-10-01,26.1
Baker County,2020-10-01,25.33
Bay County,2020-10-01,25.63
Bradford County,2020-10-01,25.91
Brevard County,2020-10-01,25.08
Broward County,2020-10-01,31.69
Calhoun County,2020-10-01,25.62
Charlotte County,2020-10-01,28.58
Citrus County,2020-10-01,26.11
Clay County,2020-10-01,25.99
Collier County,2020-10-01,31.03
Columbia County,2020-10-01,25.12
DeSoto County,2020-10-01,27.43
Dixie County,2020-10-01,25.45
Duval County,2020-10-01,25.77
Escambia County,2020-10-01,25.95
Flagler County,2020-10-01,26.04
Franklin County,2020-10-01,25.55
Gadsden County,2020-10-01,25.4
Gilchrist County,2020-10-01,25.77
Glades County,2020-10-01,29.01
Gulf County,2020-10-01,25.67
Hamilton County,2020-10-01,24.28
Hardee County,2020-10-01,26.43
Hendry County,2020-10-01,30.52
Hernando County,2020-10-01,26.11
Highlands County,2020-10-01,26.96
Hillsborough County,2020-10-01,26.08
Holmes County,2020-10-01,25.51
Indian River County,2020-10-01,26.05
Jackson County,2020-10-01,25.41
Jefferson County,2020-10-01,25.06
Lafayette County,2020-10-01,25.12
Lake County,2020-10-01,26.02
Lee County,2020-10-01,29.44
Leon County,2020-10-01,25.29
Levy County,2020-10-01,26.21
Liberty County,2020-10-01,25.65
Madison County,2020-10-01,24.7
Manatee County,2020-10-01,26.2
Marion County,2020-10-01,25.91
Martin County,2020-10-01,28.74
Miami-Dade County,2020-10-01,32.77
Monroe County,2020-10-01,32.53
Nassau County,2020-10-01,25.47
Okaloosa County,2020-10-01,26.15
Okeechobee County,2020-10-01,27.11
Orange County,2020-10-01,25.71
Osceola County,2020-10-01,25.69
Palm Beach County,2020-10-01,30.4
Pasco County,2020-10-01,26.02
Pinellas County,2020-10-01,26.1
Polk County,2020-10-01,26.0
Putnam County,2020-10-01,25.99
St. Johns County,2020-10-01,25.99
St. Lucie County,2020-10-01,27.43
Santa Rosa County,2020-10-01,26.01
Sarasota County,2020-10-01,27.05
Seminole County,2020-10-01,25.62
Sumter County,2020-10-01,26.06
Suwannee County,2020-10-01,24.84
Taylor County,2020-10-01,25.21
Union County,2020-10-01,25.68
Volusia County,2020-10-01,25.85
Wakulla County,2020-10-01,25.34
Walton County,2020-10-01,25.84
Washington County,2020-10-01,25.45
Alachua County,2020-10-02,28.26
Baker County,2020-10-02,27.9
Bay County,2020-10-02,27.83
Bradford County,2020-10-02,28.1
Brevard County,2020-10-02,27.63
Broward County,2020-10-02,31.15
Calhoun County,2020-10-02,27.86
Charlotte County,2020-10-02,31.17
Citrus County,2020-10-02,28.44
Clay County,2020-10-02,28.08
Collier County,2020-10-02,31.41
Columbia County,2020-10-02,27.72
DeSoto County,2020-10-02,30.34
Dixie County,2020-10-02,27.95
Duval County,2020-10-02,28.09
Escambia County,2020-10-02,29.1
Flagler County,2020-10-02,27.74
Franklin County,2020-10-02,27.3
Gadsden County,2020-10-02,28.19
Gilchrist County,2020-10-02,28.18
Glades County,2020-10-02,30.55
Gulf County,2020-10-02,27.11
Hamilton County,2020-10-02,27.01
Hardee County,2020-10-02,29.74
Hendry County,2020-10-02,30.62
Hernando County,2020-10-02,28.65
Highlands County,2020-10-02,29.74
Hillsborough County,2020-10-02,29.41
Holmes County,2020-10-02,28.6
Indian River County,2020-10-02,28.6
Jackson County,2020-10-02,28.3
Jefferson County,2020-10-02,27.89
Lafayette County,2020-10-02,27.77
Lake County,2020-10-02,28.32
Lee County,2020-10-02,31.4
Leon County,2020-10-02,28.16
Levy County,2020-10-02,28.51
Liberty County,2020-10-02,27.78
Madison County,2020-10-02,27.44
Manatee County,2020-10-02,29.68
Marion County,2020-10-02,27.97
Martin County,2020-10-02,30.5
Miami-Dade County,2020-10-02,31.69
Monroe County,2020-10-02,32.47
Nassau County,2020-10-02,28.14
Okaloosa County,2020-10-02,29.19
Okeechobee County,2020-10-02,29.56
Orange County,2020-10-02,28.29
Osceola County,2020-10-02,28.63
Palm Beach County,2020-10-02,31.05
Pasco County,2020-10-02,28.81
Pinellas County,2020-10-02,28.95
Polk County,2020-10-02,29.2
Putnam County,2020-10-02,27.88
St. Johns County,2020-10-02,27.83
St. Lucie County,2020-10-02,29.6
Santa Rosa County,2020-10-02,29.16
Sarasota County,2020-10-02,30.38
Seminole County,2020-10-02,27.97
Sumter County,2020-10-02,28.47
Suwannee County,2020-10-02,27.5
Taylor County,2020-10-02,27.97
Union County,2020-10-02,28.04
Volusia County,2020-10-02,27.74
Wakulla County,2020-10-02,28.0
Walton County,2020-10-02,28.77
Washington County,2020-10-02,28.26
Alachua County,2020-10-03,26.54
Baker County,2020-10-03,25.43
Bay County,2020-10-03,24.71
Bradford County,2020-10-03,26.25
Brevard County,2020-10-03,27.04
Broward County,2020-10-03,28.43
Calhoun County,2020-10-03,24.11
Charlotte County,2020-10-03,27.5
Citrus County,2020-10-03,27.52
Clay County,2020-10-03,26.42
Collier County,2020-10-03,26.85
Columbia County,2020-10-03,25.1
DeSoto County,2020-10-03,27.67
Dixie County,2020-10-03,25.39
Duval County,2020-10-03,26.01
Escambia County,2020-10-03,25.55
Flagler County,2020-10-03,27.0
Franklin County,2020-10-03,24.29
Gadsden County,2020-10-03,23.62
Gilchrist County,2020-10-03,25.89
Glades County,2020-10-03,27.66
Gulf County,2020-10-03,24.38
Hamilton County,2020-10-03,23.79
Hardee County,2020-10-03,27.87
Hendry County,2020-10-03,27.55
Hernando County,2020-10-03,28.0
Highlands County,2020-10-03,27.48
Hillsborough County,2020-10-03,28.33
Holmes County,2020-10-03,24.45
Indian River County,2020-10-03,27.02
Jackson County,2020-10-03,23.93
Jefferson County,2020-10-03,23.72
Lafayette County,2020-10-03,24.8
Lake County,2020-10-03,28.12
Lee County,2020-10-03,26.66
Leon County,2020-10-03,23.68
Levy County,2020-10-03,26.72
Liberty County,2020-10-03,24.06
Madison County,2020-10-03,23.75
Manatee County,2020-10-03,27.74
Marion County,2020-10-03,27.14
Martin County,2020-10-03,27.62
Miami-Dade County,2020-10-03,29.13
Monroe County,2020-10-03,28.17
Nassau County,2020-10-03,25.48
Okaloosa County,2020-10-03,25.8
Okeechobee County,2020-10-03,27.51
Orange County,2020-10-03,28.11
Osceola County,2020-10-03,27.79
Palm Beach County,2020-10-03,28.0
Pasco County,2020-10-03,28.19
Pinellas County,2020-10-03,27.98
Polk County,2020-10-03,28.19
Putnam County,2020-10-03,26.82
St. Johns County,2020-10-03,26.39
St. Lucie County,2020-10-03,27.34
Santa Rosa County,2020-10-03,25.61
Sarasota County,2020-10-03,27.54
Seminole County,2020-10-03,28.0
Sumter County,2020-10-03,27.99
Suwannee County,2020-10-03,24.54
Taylor County,2020-10-03,24.47
Union County,2020-10-03,25.9
Volusia County,2020-10-03,27.61
Wakulla County,2020-10-03,23.94
Walton County,2020-10-03,25.3
Washington County,2020-10-03,24.42
Alachua County,2020-10-04,26.44
Baker County,2020-10-04,24.61
Bay County,2020-10-04,24.64
Bradford County,2020-10-04,25.99
Brevard County,2020-10-04,26.67
Broward County,2020-10-04,30.01
Calhoun County,2020-10-04,24.38
Charlotte County,2020-10-04,29.96
Citrus County,2020-10-04,27.43
Clay County,2020-10-04,26.31
Collier County,2020-10-04,30.07
Columbia County,2020-10-04,24.29
DeSoto County,2020-10-04,29.29
Dixie County,2020-10-04,25.23
Duval County,2020-10-04,25.43
Escambia County,2020-10-04,25.18
Flagler County,2020-10-04,27.09
Franklin County,2020-10-04,24.26
Gadsden County,2020-10-04,23.87
Gilchrist County,2020-10-04,25.65
Glades County,2020-10-04,29.71
Gulf County,2020-10-04,24.3
Hamilton County,2020-10-04,22.73
Hardee County,2020-10-04,28.66
Hendry County,2020-10-04,29.85
Hernando County,2020-10-04,27.75
Highlands County,2020-10-04,28.97
Hillsborough County,2020-10-04,28.22
Holmes County,2020-10-04,25.17
Indian River County,2020-10-04,28.09
Jackson County,2020-10-04,24.5
Jefferson County,2020-10-04,23.52
Lafayette County,2020-10-04,24.22
Lake County,2020-10-04,27.42
Lee County,2020-10-04,30.04
Leon County,2020-10-04,23.79
Levy County,2020-10-04,26.8
Liberty County,2020-10-04,24.22
Madison County,2020-10-04,23.11
Manatee County,2020-10-04,28.52
Marion County,2020-10-04,26.98
Martin County,2020-10-04,30.01
Miami-Dade County,2020-10-04,30.1
Monroe County,2020-10-04,30.8
Nassau County,2020-10-04,24.43
Okaloosa County,2020-10-04,25.51
Okeechobee County,2020-10-04,29.1
Orange County,2020-10-04,27.23
Osceola County,2020-10-04,27.73
Palm Beach County,2020-10-04,30.29
Pasco County,2020-10-04,27.9
Pinellas County,2020-10-04,28.42
Polk County,2020-10-04,28.08
Putnam County,2020-10-04,26.94
St. Johns County,2020-10-04,26.74
St. Lucie County,2020-10-04,29.23
Santa Rosa County,2020-10-04,25.27
Sarasota County,2020-10-04,29.23
Seminole County,2020-10-04,26.9
Sumter County,2020-10-04,27.53
Suwannee County,2020-10-04,23.71
Taylor County,2020-10-04,24.1
Union County,2020-10-04,25.43
Volusia County,2020-10-04,26.85
Wakulla County,2020-10-04,24.0
Walton County,2020-10-04,25.29
Washington County,2020-10-04,24.91
Alachua County,2020-10-05,22.11
Baker County,2020-10-05,21.77
Bay County,2020-10-05,24.38
Bradford County,2020-10-05,21.9
Brevard County,2020-10-05,27.71
Broward County,2020-10-05,32.08
Calhoun County,2020-10-05,24.68
Charlotte County,2020-10-05,28.67
Citrus County,2020-10-05,23.5
Clay County,2020-10-05,22.55
Collier County,2020-10-05,30.89
Columbia County,2020-10-05,21.76
DeSoto County,2020-10-05,28.3
Dixie County,2020-10-05,21.87
Duval County,2020-10-05,22.62
Escambia County,2020-10-05,25.13
Flagler County,2020-10-05,25.23
Franklin County,2020-10-05,24.26
Gadsden County,2020-10-05,24.72
Gilchrist County,2020-10-05,21.83
Glades County,2020-10-05,29.69
Gulf County,2020-10-05,24.57
Hamilton County,2020-10-05,22.06
Hardee County,2020-10-05,27.49
Hendry County,2020-10-05,30.61
Hernando County,2020-10-05,24.34
Highlands County,2020-10-05,28.58
Hillsborough County,2020-10-05,25.42
Holmes County,2020-10-05,24.55
Indian River County,2020-10-05,28.96
Jackson County,2020-10-05,24.32
Jefferson County,2020-10-05,24.06
Lafayette County,2020-10-05,22.11
Lake County,2020-10-05,25.62
Lee County,2020-10-05,29.04
Leon County,2020-10-05,24.72
Levy County,2020-10-05,22.36
Liberty County,2020-10-05,24.81
Madison County,2020-10-05,23.08
Manatee County,2020-10-05,26.18
Marion County,2020-10-05,23.43
Martin County,2020-10-05,30.78
Miami-Dade County,2020-10-05,32.43
Monroe County,2020-10-05,32.03
Nassau County,2020-10-05,22.47
Okaloosa County,2020-10-05,25.17
Okeechobee County,2020-10-05,29.37
Orange County,2020-10-05,26.87
Osceola County,2020-10-05,27.81
Palm Beach County,2020-10-05,31.6
Pasco County,2020-10-05,24.78
Pinellas County,2020-10-05,24.27
Polk County,2020-10-05,26.9
Putnam County,2020-10-05,23.45
St. Johns County,2020-10-05,23.81
St. Lucie County,2020-10-05,29.95
Santa Rosa County,2020-10-05,25.14
Sarasota County,2020-10-05,26.94
Seminole County,2020-10-05,26.75
Sumter County,2020-10-05,24.79
Suwannee County,2020-10-05,21.94
Taylor County,2020-10-05,23.04
Union County,2020-10-05,21.66
Volusia County,2020-10-05,26.32
Wakulla County,2020-10-05,24.44
Walton County,2020-10-05,24.8
Washington County,2020-10-05,24.54
Alachua County,2020-10-06,24.95
Baker County,2020-10-06,23.59
Bay County,2020-10-06,26.63
Bradford County,2020-10-06,24.42
Brevard County,2020-10-06,29.4
Broward County,2020-10-06,32.42
Calhoun County,2020-10-06,26.48
Charlotte County,2020-10-06,32.62
Citrus County,2020-10-06,27.58
Clay County,2020-10-06,24.94
Collier County,2020-10-06,32.53
Columbia County,2020-10-06,23.48
DeSoto County,2020-10-06,32.03
Dixie County,2020-10-06,24.52
Duval County,2020-10-06,24.59
Escambia County,2020-10-06,27.59
Flagler County,2020-10-06,27.48
Franklin County,2020-10-06,25.63
Gadsden County,2020-10-06,25.61
Gilchrist County,2020-10-06,24.42
Glades County,2020-10-06,32.1
Gulf County,2020-10-06,26.32
Hamilton County,2020-10-06,22.98
Hardee County,2020-10-06,31.48
Hendry County,2020-10-06,32.34
Hernando County,2020-10-06,28.79
Highlands County,2020-10-06,31.4
Hillsborough County,2020-10-06,30.74
Holmes County,2020-10-06,26.96
Indian River County,2020-10-06,30.68
Jackson County,2020-10-06,26.4
Jefferson County,2020-10-06,24.52
Lafayette County,2020-10-06,23.85
Lake County,2020-10-06,28.88
Lee County,2020-10-06,32.53
Leon County,2020-10-06,25.08
Levy County,2020-10-06,25.83
Liberty County,2020-10-06,26.04
Madison County,2020-10-06,23.79
Manatee County,2020-10-06,31.36
Marion County,2020-10-06,26.62
Martin County,2020-10-06,32.22
Miami-Dade County,2020-10-06,32.29
Monroe County,2020-10-06,32.52
Nassau County,2020-10-06,24.07
Okaloosa County,2020-10-06,27.83
Okeechobee County,2020-10-06,31.44
Orange County,2020-10-06,29.72
Osceola County,2020-10-06,30.45
Palm Beach County,2020-10-06,32.5
Pasco County,2020-10-06,29.57
Pinellas County,2020-10-06,29.97
Polk County,2020-10-06,30.82
Putnam County,2020-10-06,26.08
St. Johns County,2020-10-06,25.98
St. Lucie County,2020-10-06,31.6
Santa Rosa County,2020-10-06,27.75
Sarasota County,2020-10-06,32.02
Seminole County,2020-10-06,29.32
Sumter County,2020-10-06,28.48
Suwannee County,2020-10-06,23.41
Taylor County,2020-10-06,24.34
Union County,2020-10-06,23.96
Volusia County,2020-10-06,28.57
Wakulla County,2020-10-06,25.16
Walton County,2020-10-06,27.42
Washington County,2020-10-06,26.9
Alachua County,2020-10-07,31.76
Baker County,2020-10-07,29.72
Bay County,2020-10-07,29.39
Bradford County,2020-10-07,30.94
Brevard County,2020-10-07,31.2
Broward County,2020-10-07,32.78
Calhoun County,2020-10-07,29.94
Charlotte County,2020-10-07,33.53
Citrus County,2020-10-07,33.2
Clay County,2020-10-07,30.51
Collier County,2020-10-07,33.2
Columbia County,2020-10-07,30.06
DeSoto County,2020-10-07,32.97
Dixie County,2020-10-07,31.48
Duval County,2020-10-07,28.99
Escambia County,2020-10-07,26.92
Flagler County,2020-10-07,31.07
Franklin County,2020-10-07,30.74
Gadsden County,2020-10-07,29.7
Gilchrist County,2020-10-07,31.56
Glades County,2020-10-07,32.44
Gulf County,2020-10-07,30.62
Hamilton County,2020-10-07,28.93
Hardee County,2020-10-07,32.89
Hendry County,2020-10-07,32.81
Hernando County,2020-10-07,33.67
Highlands County,2020-10-07,32.06
Hillsborough County,2020-10-07,33.94
Holmes County,2020-10-07,27.88
Indian River County,2020-10-07,31.52
Jackson County,2020-10-07,28.74
Jefferson County,2020-10-07,29.83
Lafayette County,2020-10-07,30.72
Lake County,2020-10-07,32.87
Lee County,2020-10-07,33.34
Leon County,2020-10-07,29.97
Levy County,2020-10-07,32.54
Liberty County,2020-10-07,30.51
Madison County,2020-10-07,29.54
Manatee County,2020-10-07,33.55
Marion County,2020-10-07,32.25
Martin County,2020-10-07,32.55
Miami-Dade County,2020-10-07,32.55
Monroe County,2020-10-07,32.89
Nassau County,2020-10-07,28.18
Okaloosa County,2020-10-07,27.62
Okeechobee County,2020-10-07,32.01
Orange County,2020-10-07,32.6
Osceola County,2020-10-07,32.25
Palm Beach County,2020-10-07,32.87
Pasco County,2020-10-07,33.84
Pinellas County,2020-10-07,33.79
Polk County,2020-10-07,33.06
Putnam County,2020-10-07,31.28
St. Johns County,2020-10-07,29.97
St. Lucie County,2020-10-07,32.05
Santa Rosa County,2020-10-07,27.15
Sarasota County,2020-10-07,33.76
Seminole County,2020-10-07,32.27
Sumter County,2020-10-07,33.23
Suwannee County,2020-10-07,30.06
Taylor County,2020-10-07,30.7
Union County,2020-10-07,30.76
Volusia County,2020-10-07,31.69
Wakulla County,2020-10-07,30.51
Walton County,2020-10-07,28.03
Washington County,2020-10-07,28.72
Alachua County,2020-10-08,31.66
Baker County,2020-10-08,30.23
Bay County,2020-10-08,32.12
Bradford County,2020-10-08,30.92
Brevard County,2020-10-08,31.36
Broward County,2020-10-08,32.7
Calhoun County,2020-10-08,32.22
Charlotte County,2020-10-08,33.41
Citrus County,2020-10-08,32.42
Clay County,2020-10-08,30.43
Collier County,2020-10-08,32.84
Columbia County,2020-10-08,30.63
DeSoto County,2020-10-08,33.27
Dixie County,2020-10-08,31.17
Duval County,2020-10-08,29.23
Escambia County,2020-10-08,31.81
Flagler County,2020-10-08,30.74
Franklin County,2020-10-08,31.58
Gadsden County,2020-10-08,31.41
Gilchrist County,2020-10-08,31.6
Glades County,2020-10-08,32.89
Gulf County,2020-10-08,32.05
Hamilton County,2020-10-08,29.96
Hardee County,2020-10-08,33.34
Hendry County,2020-10-08,32.97
Hernando County,2020-10-08,32.99
Highlands County,2020-10-08,32.74
Hillsborough County,2020-10-08,33.4
Holmes County,2020-10-08,32.33
Indian River County,2020-10-08,31.8
Jackson County,2020-10-08,31.97
Jefferson County,2020-10-08,30.7
Lafayette County,2020-10-08,31.0
Lake County,2020-10-08,33.05
Lee County,2020-10-08,33.04
Leon County,2020-10-08,31.07
Levy County,2020-10-08,31.99
Liberty County,2020-10-08,32.04
Madison County,2020-10-08,30.5
Manatee County,2020-10-08,33.42
Marion County,2020-10-08,32.06
Martin County,2020-10-08,32.55
Miami-Dade County,2020-10-08,32.24
Monroe County,2020-10-08,32.37
Nassau County,2020-10-08,29.21
Okaloosa County,2020-10-08,32.44
Okeechobee County,2020-10-08,32.54
Orange County,2020-10-08,32.99
Osceola County,2020-10-08,32.85
Palm Beach County,2020-10-08,32.9
Pasco County,2020-10-08,33.32
Pinellas County,2020-10-08,33.23
Polk County,2020-10-08,33.43
Putnam County,2020-10-08,31.15
St. Johns County,2020-10-08,29.63
St. Lucie County,2020-10-08,32.15
Santa Rosa County,2020-10-08,31.97
Sarasota County,2020-10-08,33.54
Seminole County,2020-10-08,32.58
Sumter County,2020-10-08,33.05
Suwannee County,2020-10-08,30.64
Taylor County,2020-10-08,30.82
Union County,2020-10-08,30.96
Volusia County,2020-10-08,31.6
Wakulla County,2020-10-08,31.05
Walton County,2020-10-08,32.38
Washington County,2020-10-08,32.34
Alachua County,2020-10-09,32.08
Baker County,2020-10-09,31.63
Bay County,2020-10-09,32.16
Bradford County,2020-10-09,31.87
Brevard County,2020-10-09,31.15
Broward County,2020-10-09,32.54
Calhoun County,2020-10-09,32.14
Charlotte County,2020-10-09,33.69
Citrus County,2020-10-09,32.53
Clay County,2020-10-09,31.65
Collier County,2020-10-09,33.01
Columbia County,2020-10-09,31.51
DeSoto County,2020-10-09,33.42
Dixie County,2020-10-09,31.21
Duval County,2020-10-09,31.12
Escambia County,2020-10-09,31.11
Flagler County,2020-10-09,31.39
Franklin County,2020-10-09,31.68
Gadsden County,2020-10-09,30.96
Gilchrist County,2020-10-09,31.75
Glades County,2020-10-09,33.13
Gulf County,2020-10-09,32.25
Hamilton County,2020-10-09,30.64
Hardee County,2020-10-09,33.47
Hendry County,2020-10-09,33.11
Hernando County,2020-10-09,33.11
Highlands County,2020-10-09,32.9
Hillsborough County,2020-10-09,33.68
Holmes County,2020-10-09,31.98
Indian River County,2020-10-09,31.72
Jackson County,2020-10-09,31.72
Jefferson County,2020-10-09,30.37
Lafayette County,2020-10-09,31.04
Lake County,2020-10-09,33.12
Lee County,2020-10-09,33.37
Leon County,2020-10-09,30.6
Levy County,2020-10-09,32.08
Liberty County,2020-10-09,31.87
Madison County,2020-10-09,30.44
Manatee County,2020-10-09,33.61
Marion County,2020-10-09,32.23
Martin County,2020-10-09,32.53
Miami-Dade County,2020-10-09,32.21
Monroe County,2020-10-09,32.59
Nassau County,2020-10-09,31.26
Okaloosa County,2020-10-09,31.77
Okeechobee County,2020-10-09,32.65
Orange County,2020-10-09,32.93
Osceola County,2020-10-09,32.79
Palm Beach County,2020-10-09,32.81
Pasco County,2020-10-09,33.48
Pinellas County,2020-10-09,33.57
Polk County,2020-10-09,33.54
Putnam County,2020-10-09,31.81
St. Johns County,2020-10-09,30.89
St. Lucie County,2020-10-09,32.14
Santa Rosa County,2020-10-09,31.3
Sarasota County,2020-10-09,33.78
Seminole County,2020-10-09,32.6
Sumter County,2020-10-09,33.08
Suwannee County,2020-10-09,31.01
Taylor County,2020-10-09,30.75
Union County,2020-10-09,31.85
Volusia County,2020-10-09,31.86
Wakulla County,2020-10-09,30.85
Walton County,2020-10-09,31.93
Washington County,2020-10-09,32.14
Alachua County,2020-10-10,30.89
Baker County,2020-10-10,29.7
Bay County,2020-10-10,30.62
Bradford County,2020-10-10,30.15
Brevard County,2020-10-10,31.05
Broward County,2020-10-10,32.22
Calhoun County,2020-10-10,30.24
Charlotte County,2020-10-10,33.47
Citrus County,2020-10-10,32.32
Clay County,2020-10-10,29.79
Collier County,2020-10-10,32.85
Columbia County,2020-10-10,30.12
DeSoto County,2020-10-10,33.0
Dixie County,2020-10-10,31.41
Duval County,2020-10-10,29.29
Escambia County,2020-10-10,29.69
Flagler County,2020-10-10,30.26
Franklin County,2020-10-10,30.58
Gadsden County,2020-10-10,29.88
Gilchrist County,2020-10-10,31.24
Glades County,2020-10-10,32.58
Gulf County,2020-10-10,30.62
Hamilton County,2020-10-10,29.69
Hardee County,2020-10-10,32.86
Hendry County,2020-10-10,32.61
Hernando County,2020-10-10,32.8
Highlands County,2020-10-10,32.27
Hillsborough County,2020-10-10,33.3
Holmes County,2020-10-10,30.4
Indian River County,2020-10-10,31.47
Jackson County,2020-10-10,29.99
Jefferson County,2020-10-10,30.53
Lafayette County,2020-10-10,30.94
Lake County,2020-10-10,31.94
Lee County,2020-10-10,33.22
Leon County,2020-10-10,30.26
Levy County,2020-10-10,31.96
Liberty County,2020-10-10,30.25
Madison County,2020-10-10,30.41
Manatee County,2020-10-10,33.09
Marion County,2020-10-10,31.1
Martin County,2020-10-10,32.12
Miami-Dade County,2020-10-10,32.24
Monroe County,2020-10-10,32.65
Nassau County,2020-10-10,29.26
Okaloosa County,2020-10-10,30.11
Okeechobee County,2020-10-10,32.07
Orange County,2020-10-10,31.98
Osceola County,2020-10-10,32.11
Palm Beach County,2020-10-10,32.29
Pasco County,2020-10-10,33.04
Pinellas County,2020-10-10,33.14
Polk County,2020-10-10,32.81
Putnam County,2020-10-10,30.18
St. Johns County,2020-10-10,29.56
St. Lucie County,2020-10-10,31.84
Santa Rosa County,2020-10-10,29.76
Sarasota County,2020-10-10,33.4
Seminole County,2020-10-10,31.52
Sumter County,2020-10-10,32.3
Suwannee County,2020-10-10,30.4
Taylor County,2020-10-10,31.09
Union County,2020-10-10,30.27
Volusia County,2020-10-10,30.91
Wakulla County,2020-10-10,30.46
Walton County,2020-10-10,30.37
Washington County,2020-10-10,30.54
Alachua County,2020-10-11,31.73
Baker County,2020-10-11,31.39
Bay County,2020-10-11,29.68
Bradford County,2020-10-11,31.51
Brevard County,2020-10-11,30.46
Broward County,2020-10-11,32.52
Calhoun County,2020-10-11,29.92
Charlotte County,2020-10-11,32.86
Citrus County,2020-10-11,31.97
Clay County,2020-10-11,31.3
Collier County,2020-10-11,32.61
Columbia County,2020-10-11,31.3
DeSoto County,2020-10-11,32.7
Dixie County,2020-10-11,31.16
Duval County,2020-10-11,30.98
Escambia County,2020-10-11,28.59
Flagler County,2020-10-11,30.75
Franklin County,2020-10-11,29.93
Gadsden County,2020-10-11,29.57
Gilchrist County,2020-10-11,31.66
Glades County,2020-10-11,32.36
Gulf County,2020-10-11,30.09
Hamilton County,2020-10-11,30.43
Hardee County,2020-10-11,32.62
Hendry County,2020-10-11,32.46
Hernando County,2020-10-11,32.3
Highlands County,2020-10-11,32.13
Hillsborough County,2020-10-11,32.49
Holmes County,2020-10-11,29.51
Indian River County,2020-10-11,31.17
Jackson County,2020-10-11,29.62
Jefferson County,2020-10-11,30.09
Lafayette County,2020-10-11,31.06
Lake County,2020-10-11,32.18
Lee County,2020-10-11,32.55
Leon County,2020-10-11,29.87
Levy County,2020-10-11,31.87
Liberty County,2020-10-11,30.04
Madison County,2020-10-11,30.32
Manatee County,2020-10-11,32.33
Marion County,2020-10-11,31.6
Martin County,2020-10-11,32.08
Miami-Dade County,2020-10-11,32.68
Monroe County,2020-10-11,32.58
Nassau County,2020-10-11,31.12
Okaloosa County,2020-10-11,29.06
Okeechobee County,2020-10-11,31.84
Orange County,2020-10-11,32.02
Osceola County,2020-10-11,32.0
Palm Beach County,2020-10-11,32.41
Pasco County,2020-10-11,32.45
Pinellas County,2020-10-11,31.62
Polk County,2020-10-11,32.66
Putnam County,2020-10-11,31.23
St. Johns County,2020-10-11,30.53
St. Lucie County,2020-10-11,31.65
Santa Rosa County,2020-10-11,28.77
Sarasota County,2020-10-11,32.54
Seminole County,2020-10-11,31.64
Sumter County,2020-10-11,32.36
Suwannee County,2020-10-11,30.92
Taylor County,2020-10-11,30.68
Union County,2020-10-11,31.56
Volusia County,2020-10-11,31.0
Wakulla County,2020-10-11,29.98
Walton County,2020-10-11,29.26
Washington County,2020-10-11,29.77
Alachua County,2020-10-12,31.21
Baker County,2020-10-12,31.12
Bay County,2020-10-12,28.75
Bradford County,2020-10-12,31.28
Brevard County,2020-10-12,32.19
Broward County,2020-10-12,33.16
Calhoun County,2020-10-12,28.89
Charlotte County,2020-10-12,31.93
Citrus County,2020-10-12,31.22
Clay County,2020-10-12,31.63
Collier County,2020-10-12,32.06
Columbia County,2020-10-12,30.72
DeSoto County,2020-10-12,31.79
Dixie County,2020-10-12,30.62
Duval County,2020-10-12,31.99
Escambia County,2020-10-12,28.81
Flagler County,2020-10-12,32.03
Franklin County,2020-10-12,29.7
Gadsden County,2020-10-12,29.37
Gilchrist County,2020-10-12,30.92
Glades County,2020-10-12,32.07
Gulf County,2020-10-12,29.44
Hamilton County,2020-10-12,29.92
Hardee County,2020-10-12,31.75
Hendry County,2020-10-12,32.1
Hernando County,2020-10-12,31.38
Highlands County,2020-10-12,31.79
Hillsborough County,2020-10-12,31.56
Holmes County,2020-10-12,27.78
Indian River County,2020-10-12,32.44
Jackson County,2020-10-12,28.31
Jefferson County,2020-10-12,30.43
Lafayette County,2020-10-12,30.55
Lake County,2020-10-12,31.74
Lee County,2020-10-12,31.59
Leon County,2020-10-12,30.18
Levy County,2020-10-12,31.16
Liberty County,2020-10-12,29.42
Madison County,2020-10-12,30.2
Manatee County,2020-10-12,31.27
Marion County,2020-10-12,31.11
Martin County,2020-10-12,33.26
Miami-Dade County,2020-10-12,33.13
Monroe County,2020-10-12,32.42
Nassau County,2020-10-12,31.88
Okaloosa County,2020-10-12,28.49
Okeechobee County,2020-10-12,32.34
Orange County,2020-10-12,32.19
Osceola County,2020-10-12,32.28
Palm Beach County,2020-10-12,33.28
Pasco County,2020-10-12,31.41
Pinellas County,2020-10-12,30.57
Polk County,2020-10-12,32.06
Putnam County,2020-10-12,31.48
St. Johns County,2020-10-12,32.01
St. Lucie County,2020-10-12,32.93
Santa Rosa County,2020-10-12,28.62
Sarasota County,2020-10-12,31.47
Seminole County,2020-10-12,32.09
Sumter County,2020-10-12,31.57
Suwannee County,2020-10-12,30.36
Taylor County,2020-10-12,30.7
Union County,2020-10-12,31.11
Volusia County,2020-10-12,32.12
Wakulla County,2020-10-12,30.21
Walton County,2020-10-12,28.22
Washington County,2020-10-12,28.27
Alachua County,2020-10-13,30.25
Baker County,2020-10-13,29.46
Bay County,2020-10-13,30.45
Bradford County,2020-10-13,30.03
Brevard County,2020-10-13,31.01
Broward County,2020-10-13,32.61
Calhoun County,2020-10-13,30.29
Charlotte County,2020-10-13,31.29
Citrus County,2020-10-13,30.38
Clay County,2020-10-13,30.27
Collier County,2020-10-13,31.26
Columbia County,2020-10-13,29.38
DeSoto County,2020-10-13,31.4
Dixie County,2020-10-13,29.93
Duval County,2020-10-13,30.11
Escambia County,2020-10-13,31.43
Flagler County,2020-10-13,31.07
Franklin County,2020-10-13,30.22
Gadsden County,2020-10-13,29.82
Gilchrist County,2020-10-13,30.12
Glades County,2020-10-13,31.47
Gulf County,2020-10-13,30.59
Hamilton County,2020-10-13,28.71
Hardee County,2020-10-13,31.45
Hendry County,2020-10-13,31.36
Hernando County,2020-10-13,30.62
Highlands County,2020-10-13,31.41
Hillsborough County,2020-10-13,30.97
Holmes County,2020-10-13,30.08
Indian River County,2020-10-13,31.6
Jackson County,2020-10-13,29.72
Jefferson County,2020-10-13,29.79
Lafayette County,2020-10-13,29.82
Lake County,2020-10-13,31.08
Lee County,2020-10-13,30.79
Leon County,2020-10-13,29.93
Levy County,2020-10-13,30.4
Liberty County,2020-10-13,30.36
Madison County,2020-10-13,29.43
Manatee County,2020-10-13,30.85
Marion County,2020-10-13,30.34
Martin County,2020-10-13,32.45
Miami-Dade County,2020-10-13,32.86
Monroe County,2020-10-13,32.01
Nassau County,2020-10-13,29.64
Okaloosa County,2020-10-13,31.38
Okeechobee County,2020-10-13,31.78
Orange County,2020-10-13,31.43
Osceola County,2020-10-13,31.63
Palm Beach County,2020-10-13,32.62
Pasco County,2020-10-13,30.77
Pinellas County,2020-10-13,30.05
Polk County,2020-10-13,31.59
Putnam County,2020-10-13,30.49
St. Johns County,2020-10-13,30.62
St. Lucie County,2020-10-13,32.05
Santa Rosa County,2020-10-13,31.51
Sarasota County,2020-10-13,30.94
Seminole County,2020-10-13,31.33
Sumter County,2020-10-13,30.77
Suwannee County,2020-10-13,29.4
Taylor County,2020-10-13,29.96
Union County,2020-10-13,29.83
Volusia County,2020-10-13,31.26
Wakulla County,2020-10-13,30.03
Walton County,2020-10-13,30.77
Washington County,2020-10-13,30.25
Alachua County,2020-10-14,31.48
Baker County,2020-10-14,31.46
Bay County,2020-10-14,32.12
Bradford County,2020-10-14,31.45
Brevard County,2020-10-14,29.65
Broward County,2020-10-14,32.03
Calhoun County,2020-10-14,32.34
Charlotte County,2020-10-14,32.0
Citrus County,2020-10-14,31.0
Clay County,2020-10-14,31.4
Collier County,2020-10-14,32.2
Columbia County,2020-10-14,31.32
DeSoto County,2020-10-14,31.57
Dixie County,2020-10-14,31.52
Duval County,2020-10-14,31.51
Escambia County,2020-10-14,30.56
Flagler County,2020-10-14,30.74
Franklin County,2020-10-14,32.71
Gadsden County,2020-10-14,31.88
Gilchrist County,2020-10-14,31.62
Glades County,2020-10-14,31.51
Gulf County,2020-10-14,32.96
Hamilton County,2020-10-14,30.74
Hardee County,2020-10-14,31.21
Hendry County,2020-10-14,31.76
Hernando County,2020-10-14,30.96
Highlands County,2020-10-14,30.99
Hillsborough County,2020-10-14,31.04
Holmes County,2020-10-14,30.82
Indian River County,2020-10-14,30.02
Jackson County,2020-10-14,31.32
Jefferson County,2020-10-14,31.73
Lafayette County,2020-10-14,31.52
Lake County,2020-10-14,30.88
Lee County,2020-10-14,31.91
Leon County,2020-10-14,32.03
Levy County,2020-10-14,31.6
Liberty County,2020-10-14,32.71
Madison County,2020-10-14,31.26
Manatee County,2020-10-14,31.06
Marion County,2020-10-14,30.84
Martin County,2020-10-14,30.97
Miami-Dade County,2020-10-14,32.49
Monroe County,2020-10-14,32.61
Nassau County,2020-10-14,31.66
Okaloosa County,2020-10-14,31.2
Okeechobee County,2020-10-14,30.72
Orange County,2020-10-14,30.75
Osceola County,2020-10-14,30.64
Palm Beach County,2020-10-14,31.64
Pasco County,2020-10-14,30.93
Pinellas County,2020-10-14,30.35
Polk County,2020-10-14,31.06
Putnam County,2020-10-14,30.99
St. Johns County,2020-10-14,30.98
St. Lucie County,2020-10-14,30.46
Santa Rosa County,2020-10-14,30.84
Sarasota County,2020-10-14,31.48
Seminole County,2020-10-14,30.62
Sumter County,2020-10-14,30.94
Suwannee County,2020-10-14,31.2
Taylor County,2020-10-14,31.88
Union County,2020-10-14,31.48
Volusia County,2020-10-14,30.54
Wakulla County,2020-10-14,32.41
Walton County,2020-10-14,31.28
Washington County,2020-10-14,31.52
Alachua County,2020-10-15,31.7
Baker County,2020-10-15,30.98
Bay County,2020-10-15,29.66
Bradford County,2020-10-15,31.37
Brevard County,2020-10-15,30.05
Broward County,2020-10-15,31.88
Calhoun County,2020-10-15,30.27
Charlotte County,2020-10-15,32.58
Citrus County,2020-10-15,31.78
Clay County,2020-10-15,31.13
Collier County,2020-10-15,32.5
Columbia County,2020-10-15,31.02
DeSoto County,2020-10-15,32.1
Dixie County,2020-10-15,31.3
Duval County,2020-10-15,30.58
Escambia County,2020-10-15,27.95
Flagler County,2020-10-15,30.86
Franklin County,2020-10-15,30.36
Gadsden County,2020-10-15,30.39
Gilchrist County,2020-10-15,31.65
Glades County,2020-10-15,31.91
Gulf County,2020-10-15,30.29
Hamilton County,2020-10-15,30.26
Hardee County,2020-10-15,31.92
Hendry County,2020-10-15,32.15
Hernando County,2020-10-15,31.98
Highlands County,2020-10-15,31.43
Hillsborough County,2020-10-15,32.24
Holmes County,2020-10-15,29.27
Indian River County,2020-10-15,30.48
Jackson County,2020-10-15,29.87
Jefferson County,2020-10-15,30.8
Lafayette County,2020-10-15,31.18
Lake County,2020-10-15,31.68
Lee County,2020-10-15,32.51
Leon County,2020-10-15,30.74
Levy County,2020-10-15,31.88
Liberty County,2020-10-15,30.56
Madison County,2020-10-15,30.65
Manatee County,2020-10-15,32.09
Marion County,2020-10-15,31.43
Martin County,2020-10-15,31.49
Miami-Dade County,2020-10-15,32.03
Monroe County,2020-10-15,32.36
Nassau County,2020-10-15,30.47
Okaloosa County,2020-10-15,28.68
Okeechobee County,2020-10-15,31.2
Orange County,2020-10-15,31.4
Osceola County,2020-10-15,31.18
Palm Beach County,2020-10-15,31.82
Pasco County,2020-10-15,32.09
Pinellas County,2020-10-15,31.81
Polk County,2020-10-15,31.89
Putnam County,2020-10-15,31.19
St. Johns County,2020-10-15,30.58
St. Lucie County,2020-10-15,31.04
Santa Rosa County,2020-10-15,28.21
Sarasota County,2020-10-15,32.39
Seminole County,2020-10-15,31.19
Sumter County,2020-10-15,31.86
Suwannee County,2020-10-15,30.87
Taylor County,2020-10-15,31.09
Union County,2020-10-15,31.37
Volusia County,2020-10-15,30.93
Wakulla County,2020-10-15,30.69
Walton County,2020-10-15,28.98
Washington County,2020-10-15,29.67
Alachua County,2020-10-16,30.97
Baker County,2020-10-16,30.46
Bay County,2020-10-16,30.16
Bradford County,2020-10-16,30.76
Brevard County,2020-10-16,30.79
Broward County,2020-10-16,31.81
Calhoun County,2020-10-16,30.69
Charlotte County,2020-10-16,33.33
Citrus County,2020-10-16,31.69
Clay County,2020-10-16,30.76
Collier County,2020-10-16,32.79
Columbia County,2020-10-16,30.28
DeSoto County,2020-10-16,32.94
Dixie County,2020-10-16,30.47
Duval County,2020-10-16,30.47
Escambia County,2020-10-16,29.04
Flagler County,2020-10-16,31.01
Franklin County,2020-10-16,30.64
Gadsden County,2020-10-16,30.14
Gilchrist County,2020-10-16,30.73
Glades County,2020-10-16,32.61
Gulf County,2020-10-16,30.89
Hamilton County,2020-10-16,29.51
Hardee County,2020-10-16,32.8
Hendry County,2020-10-16,32.59
Hernando County,2020-10-16,32.25
Highlands County,2020-10-16,32.28
Hillsborough County,2020-10-16,32.87
Holmes County,2020-10-16,29.65
Indian River County,2020-10-16,31.23
Jackson County,2020-10-16,30.0
Jefferson County,2020-10-16,29.91
Lafayette County,2020-10-16,30.24
Lake County,2020-10-16,32.03
Lee County,2020-10-16,33.13
Leon County,2020-10-16,30.14
Levy County,2020-10-16,31.22
Liberty County,2020-10-16,30.86
Madison County,2020-10-16,29.72
Manatee County,2020-10-16,32.86
Marion County,2020-10-16,31.19
Martin County,2020-10-16,31.89
Miami-Dade County,2020-10-16,31.86
Monroe County,2020-10-16,32.42
Nassau County,2020-10-16,30.47
Okaloosa County,2020-10-16,29.47
Okeechobee County,2020-10-16,32.01
Orange County,2020-10-16,32.0
Osceola County,2020-10-16,32.0
Palm Beach County,2020-10-16,32.01
Pasco County,2020-10-16,32.57
Pinellas County,2020-10-16,32.48
Polk County,2020-10-16,32.69
Putnam County,2020-10-16,30.93
St. Johns County,2020-10-16,30.55
St. Lucie County,2020-10-16,31.59
Santa Rosa County,2020-10-16,29.16
Sarasota County,2020-10-16,33.16
Seminole County,2020-10-16,31.71
Sumter County,2020-10-16,32.07
Suwannee County,2020-10-16,29.98
Taylor County,2020-10-16,30.24
Union County,2020-10-16,30.63
Volusia County,2020-10-16,31.31
Wakulla County,2020-10-16,30.36
Walton County,2020-10-16,29.59
Washington County,2020-10-16,30.11
Alachua County,2020-10-17,30.99
Baker County,2020-10-17,30.44
Bay County,2020-10-17,27.75
Bradford County,2020-10-17,30.84
Brevard County,2020-10-17,30.47
Broward County,2020-10-17,31.05
Calhoun County,2020-10-17,27.44
Charlotte County,2020-10-17,33.57
Citrus County,2020-10-17,31.42
Clay County,2020-10-17,30.96
Collier County,2020-10-17,31.98
Columbia County,2020-10-17,30.16
DeSoto County,2020-10-17,32.95
Dixie County,2020-10-17,30.46
Duval County,2020-10-17,30.94
Escambia County,2020-10-17,24.59
Flagler County,2020-10-17,31.09
Franklin County,2020-10-17,29.01
Gadsden County,2020-10-17,27.49
Gilchrist County,2020-10-17,30.68
Glades County,2020-10-17,31.84
Gulf County,2020-10-17,28.37
Hamilton County,2020-10-17,28.99
Hardee County,2020-10-17,32.58
Hendry County,2020-10-17,31.67
Hernando County,2020-10-17,31.71
Highlands County,2020-10-17,31.63
Hillsborough County,2020-10-17,32.56
Holmes County,2020-10-17,26.28
Indian River County,2020-10-17,30.36
Jackson County,2020-10-17,26.61
Jefferson County,2020-10-17,28.82
Lafayette County,2020-10-17,30.05
Lake County,2020-10-17,31.67
Lee County,2020-10-17,33.04
Leon County,2020-10-17,28.44
Levy County,2020-10-17,31.17
Liberty County,2020-10-17,28.07
Madison County,2020-10-17,28.88
Manatee County,2020-10-17,33.11
Marion County,2020-10-17,31.02
Martin County,2020-10-17,30.59
Miami-Dade County,2020-10-17,31.41
Monroe County,2020-10-17,31.95
Nassau County,2020-10-17,30.75
Okaloosa County,2020-10-17,25.77
Okeechobee County,2020-10-17,30.99
Orange County,2020-10-17,31.69
Osceola County,2020-10-17,31.5
Palm Beach County,2020-10-17,30.87
Pasco County,2020-10-17,31.92
Pinellas County,2020-10-17,31.95
Polk County,2020-10-17,32.2
Putnam County,2020-10-17,30.98
St. Johns County,2020-10-17,30.95
St. Lucie County,2020-10-17,30.46
Santa Rosa County,2020-10-17,25.07
Sarasota County,2020-10-17,33.9
Seminole County,2020-10-17,31.51
Sumter County,2020-10-17,31.68
Suwannee County,2020-10-17,29.74
Taylor County,2020-10-17,30.0
Union County,2020-10-17,30.67
Volusia County,2020-10-17,31.25
Wakulla County,2020-10-17,29.13
Walton County,2020-10-17,26.43
Washington County,2020-10-17,26.87
Alachua County,2020-10-18,28.58
Baker County,2020-10-18,26.94
Bay County,2020-10-18,26.48
Bradford County,2020-10-18,27.84
Brevard County,2020-10-18,29.29
Broward County,2020-10-18,31.0
Calhoun County,2020-10-18,26.09
Charlotte County,2020-10-18,31.78
Citrus County,2020-10-18,29.63
Clay County,2020-10-18,27.35
Collier County,2020-10-18,31.39
Columbia County,2020-10-18,27.66
DeSoto County,2020-10-18,31.43
Dixie County,2020-10-18,28.24
Duval County,2020-10-18,26.04
Escambia County,2020-10-18,24.82
Flagler County,2020-10-18,28.39
Franklin County,2020-10-18,26.6
Gadsden County,2020-10-18,25.39
Gilchrist County,2020-10-18,28.62
Glades County,2020-10-18,31.28
Gulf County,2020-10-18,26.84
Hamilton County,2020-10-18,26.89
Hardee County,2020-10-18,31.21
Hendry County,2020-10-18,31.24
Hernando County,2020-10-18,30.21
Highlands County,2020-10-18,30.89
Hillsborough County,2020-10-18,31.07
Holmes County,2020-10-18,26.16
Indian River County,2020-10-18,30.11
Jackson County,2020-10-18,25.5
Jefferson County,2020-10-18,26.46
Lafayette County,2020-10-18,27.96
Lake County,2020-10-18,29.87
Lee County,2020-10-18,31.52
Leon County,2020-10-18,25.91
Levy County,2020-10-18,29.09
Liberty County,2020-10-18,26.21
Madison County,2020-10-18,26.95
Manatee County,2020-10-18,31.14
Marion County,2020-10-18,28.86
Martin County,2020-10-18,31.02
Miami-Dade County,2020-10-18,31.19
Monroe County,2020-10-18,31.58
Nassau County,2020-10-18,25.27
Okaloosa County,2020-10-18,25.79
Okeechobee County,2020-10-18,30.8
Orange County,2020-10-18,30.1
Osceola County,2020-10-18,30.48
Palm Beach County,2020-10-18,31.15
Pasco County,2020-10-18,30.58
Pinellas County,2020-10-18,30.51
Polk County,2020-10-18,30.99
Putnam County,2020-10-18,28.12
St. Johns County,2020-10-18,27.25
St. Lucie County,2020-10-18,30.64
Santa Rosa County,2020-10-18,25.09
Sarasota County,2020-10-18,31.48
Seminole County,2020-10-18,29.65
Sumter County,2020-10-18,29.97
Suwannee County,2020-10-18,27.74
Taylor County,2020-10-18,27.45
Union County,2020-10-18,27.98
Volusia County,2020-10-18,29.04
Wakulla County,2020-10-18,26.22
Walton County,2020-10-18,26.23
Washington County,2020-10-18,26.34
Alachua County,2020-10-19,30.02
Baker County,2020-10-19,28.09
Bay County,2020-10-19,29.04
Bradford County,2020-10-19,29.31
Brevard County,2020-10-19,29.2
Broward County,2020-10-19,30.57
Calhoun County,2020-10-19,28.72
Charlotte County,2020-10-19,32.24
Citrus County,2020-10-19,31.04
Clay County,2020-10-19,29.02
Collier County,2020-10-19,30.87
Columbia County,2020-10-19,28.32
DeSoto County,2020-10-19,32.03
Dixie County,2020-10-19,29.71
Duval County,2020-10-19,27.86
Escambia County,2020-10-19,27.95
Flagler County,2020-10-19,29.09
Franklin County,2020-10-19,28.91
Gadsden County,2020-10-19,28.05
Gilchrist County,2020-10-19,29.89
Glades County,2020-10-19,31.14
Gulf County,2020-10-19,29.12
Hamilton County,2020-10-19,26.99
Hardee County,2020-10-19,31.97
Hendry County,2020-10-19,30.54
Hernando County,2020-10-19,31.52
Highlands County,2020-10-19,31.31
Hillsborough County,2020-10-19,32.24
Holmes County,2020-10-19,28.87
Indian River County,2020-10-19,30.1
Jackson County,2020-10-19,28.41
Jefferson County,2020-10-19,28.17
Lafayette County,2020-10-19,28.93
Lake County,2020-10-19,30.55
Lee County,2020-10-19,31.69
Leon County,2020-10-19,28.3
Levy County,2020-10-19,30.71
Liberty County,2020-10-19,28.64
Madison County,2020-10-19,27.75
Manatee County,2020-10-19,32.24
Marion County,2020-10-19,30.12
Martin County,2020-10-19,30.74
Miami-Dade County,2020-10-19,30.83
Monroe County,2020-10-19,30.92
Nassau County,2020-10-19,27.03
Okaloosa County,2020-10-19,28.73
Okeechobee County,2020-10-19,30.92
Orange County,2020-10-19,30.38
Osceola County,2020-10-19,30.77
Palm Beach County,2020-10-19,30.72
Pasco County,2020-10-19,31.87
Pinellas County,2020-10-19,32.13
Polk County,2020-10-19,31.66
Putnam County,2020-10-19,29.48
St. Johns County,2020-10-19,28.55
St. Lucie County,2020-10-19,30.46
Santa Rosa County,2020-10-19,28.21
Sarasota County,2020-10-19,32.46
Seminole County,2020-10-19,29.88
Sumter County,2020-10-19,30.99
Suwannee County,2020-10-19,28.21
Taylor County,2020-10-19,28.88
Union County,2020-10-19,29.17
Volusia County,2020-10-19,29.32
Wakulla County,2020-10-19,28.6
Walton County,2020-10-19,28.94
Washington County,2020-10-19,29.0
Alachua County,2020-10-20,30.16
Baker County,2020-10-20,28.52
Bay County,2020-10-20,28.96
Bradford County,2020-10-20,29.35
Brevard County,2020-10-20,27.78
Broward County,2020-10-20,28.59
Calhoun County,2020-10-20,28.73
Charlotte County,2020-10-20,27.87
Citrus County,2020-10-20,31.19
Clay County,2020-10-20,28.87
Collier County,2020-10-20,27.28
Columbia County,2020-10-20,28.9
DeSoto County,2020-10-20,27.99
Dixie County,2020-10-20,30.35
Duval County,2020-10-20,27.71
Escambia County,2020-10-20,27.96
Flagler County,2020-10-20,28.86
Franklin County,2020-10-20,29.11
Gadsden County,2020-10-20,28.35
Gilchrist County,2020-10-20,30.35
Glades County,2020-10-20,26.97
Gulf County,2020-10-20,29.01
Hamilton County,2020-10-20,27.93
Hardee County,2020-10-20,28.87
Hendry County,2020-10-20,27.07
Hernando County,2020-10-20,31.41
Highlands County,2020-10-20,27.51
Hillsborough County,2020-10-20,31.02
Holmes County,2020-10-20,28.83
Indian River County,2020-10-20,27.85
Jackson County,2020-10-20,28.5
Jefferson County,2020-10-20,28.57
Lafayette County,2020-10-20,29.6
Lake County,2020-10-20,30.01
Lee County,2020-10-20,27.07
Leon County,2020-10-20,28.55
Levy County,2020-10-20,31.14
Liberty County,2020-10-20,28.77
Madison County,2020-10-20,28.44
Manatee County,2020-10-20,29.69
Marion County,2020-10-20,30.07
Martin County,2020-10-20,28.37
Miami-Dade County,2020-10-20,29.3
Monroe County,2020-10-20,28.71
Nassau County,2020-10-20,27.35
Okaloosa County,2020-10-20,28.55
Okeechobee County,2020-10-20,27.67
Orange County,2020-10-20,29.28
Osceola County,2020-10-20,28.7
Palm Beach County,2020-10-20,28.3
Pasco County,2020-10-20,31.42
Pinellas County,2020-10-20,31.43
Polk County,2020-10-20,29.83
Putnam County,2020-10-20,29.3
St. Johns County,2020-10-20,28.47
St. Lucie County,2020-10-20,28.22
Santa Rosa County,2020-10-20,28.01
Sarasota County,2020-10-20,29.06
Seminole County,2020-10-20,28.88
Sumter County,2020-10-20,30.73
Suwannee County,2020-10-20,28.94
Taylor County,2020-10-20,29.49
Union County,2020-10-20,29.35
Volusia County,2020-10-20,28.7
Wakulla County,2020-10-20,28.89
Walton County,2020-10-20,28.8
Washington County,2020-10-20,28.85
Alachua County,2020-10-21,29.51
Baker County,2020-10-21,28.41
Bay County,2020-10-21,30.87
Bradford County,2020-10-21,29.03
Brevard County,2020-10-21,28.32
Broward County,2020-10-21,28.1
Calhoun County,2020-10-21,30.31
Charlotte County,2020-10-21,29.3
Citrus County,2020-10-21,30.43
Clay County,2020-10-21,28.87
Collier County,2020-10-21,27.8
Columbia County,2020-10-21,28.46
DeSoto County,2020-10-21,28.7
Dixie County,2020-10-21,29.53
Duval County,2020-10-21,28.28
Escambia County,2020-10-21,29.71
Flagler County,2020-10-21,29.06
Franklin County,2020-10-21,30.37
Gadsden County,2020-10-21,29.46
Gilchrist County,2020-10-21,29.41
Glades County,2020-10-21,27.92
Gulf County,2020-10-21,30.56
Hamilton County,2020-10-21,27.7
Hardee County,2020-10-21,28.91
Hendry County,2020-10-21,27.51
Hernando County,2020-10-21,30.54
Highlands County,2020-10-21,28.03
Hillsborough County,2020-10-21,30.4
Holmes County,2020-10-21,30.31
Indian River County,2020-10-21,28.24
Jackson County,2020-10-21,30.07
Jefferson County,2020-10-21,28.89
Lafayette County,2020-10-21,28.85
Lake County,2020-10-21,29.69
Lee County,2020-10-21,28.88
Leon County,2020-10-21,29.32
Levy County,2020-10-21,30.25
Liberty County,2020-10-21,30.03
Madison County,2020-10-21,28.28
Manatee County,2020-10-21,29.76
Marion County,2020-10-21,29.51
Martin County,2020-10-21,28.91
Miami-Dade County,2020-10-21,28.1
Monroe County,2020-10-21,27.92
Nassau County,2020-10-21,27.85
Okaloosa County,2020-10-21,30.29
Okeechobee County,2020-10-21,28.16
Orange County,2020-10-21,29.32
Osceola County,2020-10-21,28.84
Palm Beach County,2020-10-21,28.43
Pasco County,2020-10-21,30.45
Pinellas County,2020-10-21,30.72
Polk County,2020-10-21,29.48
Putnam County,2020-10-21,29.08
St. Johns County,2020-10-21,28.94
St. Lucie County,2020-10-21,28.7
Santa Rosa County,2020-10-21,29.88
Sarasota County,2020-10-21,29.95
Seminole County,2020-10-21,28.98
Sumter County,2020-10-21,30.15
Suwannee County,2020-10-21,28.36
Taylor County,2020-10-21,29.32
Union County,2020-10-21,28.89
Volusia County,2020-10-21,28.94
Wakulla County,2020-10-21,29.85
Walton County,2020-10-21,30.52
Washington County,2020-10-21,30.55
Alachua County,2020-10-22,29.5
Baker County,2020-10-22,28.18
Bay County,2020-10-22,29.3
Bradford County,2020-10-22,28.91
Brevard County,2020-10-22,28.48
Broward County,2020-10-22,27.14
Calhoun County,2020-10-22,29.39
Charlotte County,2020-10-22,29.11
Citrus County,2020-10-22,29.69
Clay County,2020-10-22,28.72
Collier County,2020-10-22,27.35
Columbia County,2020-10-22,28.51
DeSoto County,2020-10-22,29.01
Dixie County,2020-10-22,29.56
Duval County,2020-10-22,28.08
Escambia County,2020-10-22,29.67
Flagler County,2020-10-22,29.06
Franklin County,2020-10-22,29.97
Gadsden County,2020-10-22,29.21
Gilchrist County,2020-10-22,29.61
Glades County,2020-10-22,28.27
Gulf County,2020-10-22,29.89
Hamilton County,2020-10-22,27.8
Hardee County,2020-10-22,29.05
Hendry County,2020-10-22,27.88
Hernando County,2020-10-22,29.61
Highlands County,2020-10-22,28.44
Hillsborough County,2020-10-22,29.23
Holmes County,2020-10-22,28.59
Indian River County,2020-10-22,28.23
Jackson County,2020-10-22,28.76
Jefferson County,2020-10-22,29.32
Lafayette County,2020-10-22,29.24
Lake County,2020-10-22,29.69
Lee County,2020-10-22,28.42
Leon County,2020-10-22,29.56
Levy County,2020-10-22,29.96
Liberty County,2020-10-22,29.75
Madison County,2020-10-22,28.73
Manatee County,2020-10-22,28.98
Marion County,2020-10-22,29.41
Martin County,2020-10-22,28.73
Miami-Dade County,2020-10-22,26.71
Monroe County,2020-10-22,26.92
Nassau County,2020-10-22,27.46
Okaloosa County,2020-10-22,28.9
Okeechobee County,2020-10-22,28.32
Orange County,2020-10-22,29.46
Osceola County,2020-10-22,28.93
Palm Beach County,2020-10-22,27.99
Pasco County,2020-10-22,29.44
Pinellas County,2020-10-22,28.91
Polk County,2020-10-22,29.3
Putnam County,2020-10-22,29.03
St. Johns County,2020-10-22,28.64
St. Lucie County,2020-10-22,28.58
Santa Rosa County,2020-10-22,29.22
Sarasota County,2020-10-22,29.21
Seminole County,2020-10-22,29.38
Sumter County,2020-10-22,29.76
Suwannee County,2020-10-22,28.65
Taylor County,2020-10-22,29.59
Union County,2020-10-22,28.89
Volusia County,2020-10-22,29.3
Wakulla County,2020-10-22,29.85
Walton County,2020-10-22,28.67
Washington County,2020-10-22,28.86
Alachua County,2020-10-23,29.56
Baker County,2020-10-23,28.75
Bay County,2020-10-23,30.38
Bradford County,2020-10-23,29.03
Brevard County,2020-10-23,29.21
Broward County,2020-10-23,29.64
Calhoun County,2020-10-23,29.85
Charlotte County,2020-10-23,30.37
Citrus County,2020-10-23,30.94
Clay County,2020-10-23,28.96
Collier County,2020-10-23,30.21
Columbia County,2020-10-23,28.95
DeSoto County,2020-10-23,29.48
Dixie County,2020-10-23,30.31
Duval County,2020-10-23,28.62
Escambia County,2020-10-23,28.98
Flagler County,2020-10-23,28.95
Franklin County,2020-10-23,30.36
Gadsden County,2020-10-23,29.65
Gilchrist County,2020-10-23,29.94
Glades County,2020-10-23,29.49
Gulf County,2020-10-23,30.18
Hamilton County,2020-10-23,28.55
Hardee County,2020-10-23,29.45
Hendry County,2020-10-23,29.75
Hernando County,2020-10-23,31.16
Highlands County,2020-10-23,29.06
Hillsborough County,2020-10-23,30.93
Holmes County,2020-10-23,29.83
Indian River County,2020-10-23,29.25
Jackson County,2020-10-23,29.8
Jefferson County,2020-10-23,29.99
Lafayette County,2020-10-23,29.75
Lake County,2020-10-23,30.11
Lee County,2020-10-23,30.46
Leon County,2020-10-23,30.03
Levy County,2020-10-23,30.72
Liberty County,2020-10-23,29.82
Madison County,2020-10-23,29.44
Manatee County,2020-10-23,30.27
Marion County,2020-10-23,29.68
Martin County,2020-10-23,29.77
Miami-Dade County,2020-10-23,29.5
Monroe County,2020-10-23,30.16
Nassau County,2020-10-23,28.23
Okaloosa County,2020-10-23,29.46
Okeechobee County,2020-10-23,29.35
Orange County,2020-10-23,29.98
Osceola County,2020-10-23,29.72
Palm Beach County,2020-10-23,29.75
Pasco County,2020-10-23,31.1
Pinellas County,2020-10-23,31.49
Polk County,2020-10-23,30.0
Putnam County,2020-10-23,29.04
St. Johns County,2020-10-23,28.81
St. Lucie County,2020-10-23,29.61
Santa Rosa County,2020-10-23,29.05
Sarasota County,2020-10-23,30.61
Seminole County,2020-10-23,29.62
Sumter County,2020-10-23,30.63
Suwannee County,2020-10-23,29.15
Taylor County,2020-10-23,30.32
Union County,2020-10-23,29.08
Volusia County,2020-10-23,29.22
Wakulla County,2020-10-23,30.31
Walton County,2020-10-23,29.8
Washington County,2020-10-23,29.98
Alachua County,2020-10-24,30.02
Baker County,2020-10-24,28.99
Bay County,2020-10-24,29.76
Bradford County,2020-10-24,29.47
Brevard County,2020-10-24,28.67
Broward County,2020-10-24,30.49
Calhoun County,2020-10-24,29.86
Charlotte County,2020-10-24,30.15
Citrus County,2020-10-24,30.74
Clay County,2020-10-24,29.21
Collier County,2020-10-24,30.58
Columbia County,2020-10-24,29.26
DeSoto County,2020-10-24,29.68
Dixie County,2020-10-24,30.29
Duval County,2020-10-24,28.61
Escambia County,2020-10-24,28.98
Flagler County,2020-10-24,29.05
Franklin County,2020-10-24,30.17
Gadsden County,2020-10-24,29.14
Gilchrist County,2020-10-24,30.28
Glades County,2020-10-24,29.84
Gulf County,2020-10-24,30.2
Hamilton County,2020-10-24,28.53
Hardee County,2020-10-24,29.81
Hendry County,2020-10-24,30.08
Hernando County,2020-10-24,30.91
Highlands County,2020-10-24,29.61
Hillsborough County,2020-10-24,30.62
Holmes County,2020-10-24,29.55
Indian River County,2020-10-24,29.26
Jackson County,2020-10-24,29.32
Jefferson County,2020-10-24,29.3
Lafayette County,2020-10-24,29.88
Lake County,2020-10-24,30.14
Lee County,2020-10-24,30.23
Leon County,2020-10-24,29.4
Levy County,2020-10-24,30.75
Liberty County,2020-10-24,30.04
Madison County,2020-10-24,29.08
Manatee County,2020-10-24,29.93
Marion County,2020-10-24,29.9
Martin County,2020-10-24,29.96
Miami-Dade County,2020-10-24,30.62
Monroe County,2020-10-24,30.82
Nassau County,2020-10-24,28.25
Okaloosa County,2020-10-24,29.17
Okeechobee County,2020-10-24,29.83
Orange County,2020-10-24,29.83
Osceola County,2020-10-24,29.9
Palm Beach County,2020-10-24,30.31
Pasco County,2020-10-24,30.89
Pinellas County,2020-10-24,30.68
Polk County,2020-10-24,30.32
Putnam County,2020-10-24,29.35
St. Johns County,2020-10-24,28.84
St. Lucie County,2020-10-24,29.61
Santa Rosa County,2020-10-24,28.85
Sarasota County,2020-10-24,30.04
Seminole County,2020-10-24,29.45
Sumter County,2020-10-24,30.6
Suwannee County,2020-10-24,29.33
Taylor County,2020-10-24,29.98
Union County,2020-10-24,29.54
Volusia County,2020-10-24,29.11
Wakulla County,2020-10-24,29.88
Walton County,2020-10-24,29.39
Washington County,2020-10-24,29.73
Alachua County,2020-10-25,29.93
Baker County,2020-10-25,29.06
Bay County,2020-10-25,26.08
Bradford County,2020-10-25,29.51
Brevard County,2020-10-25,29.23
Broward County,2020-10-25,30.34
Calhoun County,2020-10-25,26.68
Charlotte County,2020-10-25,31.58
Citrus County,2020-10-25,30.92
Clay County,2020-10-25,29.42
Collier County,2020-10-25,30.79
Columbia County,2020-10-25,29.07
DeSoto County,2020-10-25,31.1
Dixie County,2020-10-25,29.72
Duval County,2020-10-25,28.9
Escambia County,2020-10-25,27.1
Flagler County,2020-10-25,29.48
Franklin County,2020-10-25,27.9
Gadsden County,2020-10-25,27.4
Gilchrist County,2020-10-25,29.84
Glades County,2020-10-25,30.92
Gulf County,2020-10-25,27.18
Hamilton County,2020-10-25,28.37
Hardee County,2020-10-25,30.98
Hendry County,2020-10-25,30.72
Hernando County,2020-10-25,31.23
Highlands County,2020-10-25,30.61
Hillsborough County,2020-10-25,31.38
Holmes County,2020-10-25,25.11
Indian River County,2020-10-25,29.6
Jackson County,2020-10-25,26.08
Jefferson County,2020-10-25,28.5
Lafayette County,2020-10-25,29.3
Lake County,2020-10-25,30.58
Lee County,2020-10-25,31.36
Leon County,2020-10-25,28.07
Levy County,2020-10-25,30.53
Liberty County,2020-10-25,27.54
Madison County,2020-10-25,28.61
Manatee County,2020-10-25,31.06
Marion County,2020-10-25,30.1
Martin County,2020-10-25,30.49
Miami-Dade County,2020-10-25,30.45
Monroe County,2020-10-25,30.9
Nassau County,2020-10-25,28.65
Okaloosa County,2020-10-25,26.39
Okeechobee County,2020-10-25,30.4
Orange County,2020-10-25,30.3
Osceola County,2020-10-25,30.29
Palm Beach County,2020-10-25,30.6
Pasco County,2020-10-25,31.3
Pinellas County,2020-10-25,31.25
Polk County,2020-10-25,31.01
Putnam County,2020-10-25,29.64
St. Johns County,2020-10-25,29.22
St. Lucie County,2020-10-25,30.08
Santa Rosa County,2020-10-25,26.67
Sarasota County,2020-10-25,31.38
Seminole County,2020-10-25,29.93
Sumter County,2020-10-25,30.96
Suwannee County,2020-10-25,28.94
Taylor County,2020-10-25,29.22
Union County,2020-10-25,29.42
Volusia County,2020-10-25,29.59
Wakulla County,2020-10-25,28.26
Walton County,2020-10-25,25.69
Washington County,2020-10-25,25.46
Alachua County,2020-10-26,30.69
Baker County,2020-10-26,29.47
Bay County,2020-10-26,26.97
Bradford County,2020-10-26,30.36
Brevard County,2020-10-26,30.39
Broward County,2020-10-26,30.42
Calhoun County,2020-10-26,26.56
Charlotte County,2020-10-26,30.97
Citrus County,2020-10-26,30.94
Clay County,2020-10-26,30.54
Collier County,2020-10-26,29.6
Columbia County,2020-10-26,29.23
DeSoto County,2020-10-26,31.29
Dixie County,2020-10-26,29.47
Duval County,2020-10-26,30.03
Escambia County,2020-10-26,26.11
Flagler County,2020-10-26,30.76
Franklin County,2020-10-26,26.97
Gadsden County,2020-10-26,26.37
Gilchrist County,2020-10-26,30.14
Glades County,2020-10-26,30.61
Gulf County,2020-10-26,26.91
Hamilton County,2020-10-26,27.9
Hardee County,2020-10-26,31.56
Hendry County,2020-10-26,30.26
Hernando County,2020-10-26,31.2
Highlands County,2020-10-26,30.83
Hillsborough County,2020-10-26,31.69
Holmes County,2020-10-26,26.81
Indian River County,2020-10-26,30.37
Jackson County,2020-10-26,26.38
Jefferson County,2020-10-26,27.54
Lafayette County,2020-10-26,29.0
Lake County,2020-10-26,31.42
Lee County,2020-10-26,29.9
Leon County,2020-10-26,26.96
Levy County,2020-10-26,30.69
Liberty County,2020-10-26,26.65
Madison County,2020-10-26,27.84
Manatee County,2020-10-26,31.47
Marion County,2020-10-26,30.86
Martin County,2020-10-26,30.63
Miami-Dade County,2020-10-26,30.41
Monroe County,2020-10-26,29.88
Nassau County,2020-10-26,29.35
Okaloosa County,2020-10-26,27.61
Okeechobee County,2020-10-26,30.7
Orange County,2020-10-26,31.43
Osceola County,2020-10-26,31.27
Palm Beach County,2020-10-26,30.65
Pasco County,2020-10-26,31.39
Pinellas County,2020-10-26,30.67
Polk County,2020-10-26,31.71
Putnam County,2020-10-26,30.83
St. Johns County,2020-10-26,30.44
St. Lucie County,2020-10-26,30.48
Santa Rosa County,2020-10-26,27.04
Sarasota County,2020-10-26,31.32
Seminole County,2020-10-26,31.28
Sumter County,2020-10-26,31.4
Suwannee County,2020-10-26,28.72
Taylor County,2020-10-26,28.44
Union County,2020-10-26,30.05
Volusia County,2020-10-26,30.95
Wakulla County,2020-10-26,27.09
Walton County,2020-10-26,27.34
Washington County,2020-10-26,26.8
Alachua County,2020-10-27,30.32
Baker County,2020-10-27,29.36
Bay County,2020-10-27,29.77
Bradford County,2020-10-27,30.01
Brevard County,2020-10-27,29.77
Broward County,2020-10-27,31.74
Calhoun County,2020-10-27,28.88
Charlotte County,2020-10-27,32.04
Citrus County,2020-10-27,31.46
Clay County,2020-10-27,29.98
Collier County,2020-10-27,31.83
Columbia County,2020-10-27,29.33
DeSoto County,2020-10-27,31.76
Dixie County,2020-10-27,29.8
Duval County,2020-10-27,29.39
Escambia County,2020-10-27,29.15
Flagler County,2020-10-27,30.09
Franklin County,2020-10-27,29.05
Gadsden County,2020-10-27,28.73
Gilchrist County,2020-10-27,29.9
Glades County,2020-10-27,31.78
Gulf County,2020-10-27,29.18
Hamilton County,2020-10-27,28.68
Hardee County,2020-10-27,31.86
Hendry County,2020-10-27,31.87
Hernando County,2020-10-27,32.02
Highlands County,2020-10-27,31.65
Hillsborough County,2020-10-27,32.58
Holmes County,2020-10-27,29.83
Indian River County,2020-10-27,30.67
Jackson County,2020-10-27,29.17
Jefferson County,2020-10-27,29.46
Lafayette County,2020-10-27,29.41
Lake County,2020-10-27,31.2
Lee County,2020-10-27,31.7
Leon County,2020-10-27,29.21
Levy County,2020-10-27,30.71
Liberty County,2020-10-27,28.46
Madison County,2020-10-27,29.14
Manatee County,2020-10-27,32.02
Marion County,2020-10-27,30.55
Martin County,2020-10-27,31.7
Miami-Dade County,2020-10-27,31.42
Monroe County,2020-10-27,31.6
Nassau County,2020-10-27,28.87
Okaloosa County,2020-10-27,30.07
Okeechobee County,2020-10-27,31.61
Orange County,2020-10-27,31.08
Osceola County,2020-10-27,31.4
Palm Beach County,2020-10-27,31.96
Pasco County,2020-10-27,32.29
Pinellas County,2020-10-27,32.43
Polk County,2020-10-27,32.09
Putnam County,2020-10-27,30.22
St. Johns County,2020-10-27,29.97
St. Lucie County,2020-10-27,31.19
Santa Rosa County,2020-10-27,29.58
Sarasota County,2020-10-27,32.02
Seminole County,2020-10-27,30.48
Sumter County,2020-10-27,31.57
Suwannee County,2020-10-27,29.16
Taylor County,2020-10-27,29.71
Union County,2020-10-27,29.8
Volusia County,2020-10-27,30.02
Wakulla County,2020-10-27,29.14
Walton County,2020-10-27,30.1
Washington County,2020-10-27,29.72
Alachua County,2020-10-28,30.92
Baker County,2020-10-28,29.44
Bay County,2020-10-28,26.58
Bradford County,2020-10-28,30.27
Brevard County,2020-10-28,30.21
Broward County,2020-10-28,31.73
Calhoun County,2020-10-28,26.35
Charlotte County,2020-10-28,32.52
Citrus County,2020-10-28,32.23
Clay County,2020-10-28,30.07
Collier County,2020-10-28,32.26
Columbia County,2020-10-28,29.65
DeSoto County,2020-10-28,31.92
Dixie County,2020-10-28,31.02
Duval County,2020-10-28,29.55
Escambia County,2020-10-28,27.7
Flagler County,2020-10-28,30.42
Franklin County,2020-10-28,27.37
Gadsden County,2020-10-28,27.22
Gilchrist County,2020-10-28,30.93
Glades County,2020-10-28,31.75
Gulf County,2020-10-28,26.64
Hamilton County,2020-10-28,28.8
Hardee County,2020-10-28,31.92
Hendry County,2020-10-28,31.96
Hernando County,2020-10-28,32.58
Highlands County,2020-10-28,31.46
Hillsborough County,2020-10-28,32.94
Holmes County,2020-10-28,27.33
Indian River County,2020-10-28,30.62
Jackson County,2020-10-28,26.65
Jefferson County,2020-10-28,29.37
Lafayette County,2020-10-28,30.36
Lake County,2020-10-28,31.4
Lee County,2020-10-28,32.37
Leon County,2020-10-28,28.5
Levy County,2020-10-28,31.86
Liberty County,2020-10-28,26.59
Madison County,2020-10-28,29.39
Manatee County,2020-10-28,32.29
Marion County,2020-10-28,30.99
Martin County,2020-10-28,31.58
Miami-Dade County,2020-10-28,31.56
Monroe County,2020-10-28,31.92
Nassau County,2020-10-28,29.2
Okaloosa County,2020-10-28,27.62
Okeechobee County,2020-10-28,31.34
Orange County,2020-10-28,31.32
Osceola County,2020-10-28,31.37
Palm Beach County,2020-10-28,31.84
Pasco County,2020-10-28,32.71
Pinellas County,2020-10-28,32.83
Polk County,2020-10-28,32.17
Putnam County,2020-10-28,30.39
St. Johns County,2020-10-28,30.09
St. Lucie County,2020-10-28,31.14
Santa Rosa County,2020-10-28,27.69
Sarasota County,2020-10-28,32.49
Seminole County,2020-10-28,30.88
Sumter County,2020-10-28,31.85
Suwannee County,2020-10-28,29.76
Taylor County,2020-10-28,30.35
Union County,2020-10-28,30.15
Volusia County,2020-10-28,30.54
Wakulla County,2020-10-28,28.43
Walton County,2020-10-28,27.34
Washington County,2020-10-28,26.97
Alachua County,2020-10-29,31.67
Baker County,2020-10-29,30.74
Bay County,2020-10-29,29.09
Bradford County,2020-10-29,31.26
Brevard County,2020-10-29,30.34
Broward County,2020-10-29,31.71
Calhoun County,2020-10-29,28.91
Charlotte County,2020-10-29,32.75
Citrus County,2020-10-29,32.53
Clay County,2020-10-29,31.01
Collier County,2020-10-29,32.29
Columbia County,2020-10-29,31.02
DeSoto County,2020-10-29,32.25
Dixie County,2020-10-29,31.83
Duval County,2020-10-29,30.29
Escambia County,2020-10-29,27.16
Flagler County,2020-10-29,31.06
Franklin County,2020-10-29,29.72
Gadsden County,2020-10-29,29.43
Gilchrist County,2020-10-29,31.78
Glades County,2020-10-29,31.86
Gulf County,2020-10-29,29.18
Hamilton County,2020-10-29,30.22
Hardee County,2020-10-29,32.31
Hendry County,2020-10-29,31.96
Hernando County,2020-10-29,32.85
Highlands County,2020-10-29,31.73
Hillsborough County,2020-10-29,33.2
Holmes County,2020-10-29,28.72
Indian River County,2020-10-29,30.27
Jackson County,2020-10-29,29.08
Jefferson County,2020-10-29,30.56
Lafayette County,2020-10-29,31.46
Lake County,2020-10-29,31.95
Lee County,2020-10-29,32.56
Leon County,2020-10-29,30.09
Levy County,2020-10-29,32.32
Liberty County,2020-10-29,29.06
Madison County,2020-10-29,30.55
Manatee County,2020-10-29,32.5
Marion County,2020-10-29,31.52
Martin County,2020-10-29,31.36
Miami-Dade County,2020-10-29,31.6
Monroe County,2020-10-29,32.09
Nassau County,2020-10-29,29.78
Okaloosa County,2020-10-29,28.28
Okeechobee County,2020-10-29,31.28
Orange County,2020-10-29,31.86
Osceola County,2020-10-29,31.74
Palm Beach County,2020-10-29,31.83
Pasco County,2020-10-29,32.98
Pinellas County,2020-10-29,33.03
Polk County,2020-10-29,32.61
Putnam County,2020-10-29,31.17
St. Johns County,2020-10-29,30.87
St. Lucie County,2020-10-29,30.63
Santa Rosa County,2020-10-29,27.71
Sarasota County,2020-10-29,32.64
Seminole County,2020-10-29,31.42
Sumter County,2020-10-29,32.29
Suwannee County,2020-10-29,31.05
Taylor County,2020-10-29,31.5
Union County,2020-10-29,31.3
Volusia County,2020-10-29,31.04
Wakulla County,2020-10-29,30.27
Walton County,2020-10-29,28.62
Washington County,2020-10-29,28.79
Alachua County,2020-10-30,31.17
Baker County,2020-10-30,30.27
Bay County,2020-10-30,27.73
Bradford County,2020-10-30,31.22
Brevard County,2020-10-30,32.02
Broward County,2020-10-30,31.43
Calhoun County,2020-10-30,28.22
Charlotte County,2020-10-30,32.17
Citrus County,2020-10-30,31.56
Clay County,2020-10-30,31.83
Collier County,2020-10-30,31.5
Columbia County,2020-10-30,29.65
DeSoto County,2020-10-30,31.59
Dixie County,2020-10-30,29.89
Duval County,2020-10-30,31.94
Escambia County,2020-10-30,26.08
Flagler County,2020-10-30,32.88
Franklin County,2020-10-30,28.4
Gadsden County,2020-10-30,28.35
Gilchrist County,2020-10-30,30.27
Glades County,2020-10-30,31.62
Gulf County,2020-10-30,28.01
Hamilton County,2020-10-30,28.09
Hardee County,2020-10-30,31.24
Hendry County,2020-10-30,31.41
Hernando County,2020-10-30,31.62
Highlands County,2020-10-30,31.16
Hillsborough County,2020-10-30,31.58
Holmes County,2020-10-30,28.07
Indian River County,2020-10-30,31.75
Jackson County,2020-10-30,28.18
Jefferson County,2020-10-30,28.61
Lafayette County,2020-10-30,29.38
Lake County,2020-10-30,32.36
Lee County,2020-10-30,31.95
Leon County,2020-10-30,28.68
Levy County,2020-10-30,31.0
Liberty County,2020-10-30,28.43
Madison County,2020-10-30,28.25
Manatee County,2020-10-30,31.06
Marion County,2020-10-30,31.61
Martin County,2020-10-30,32.4
Miami-Dade County,2020-10-30,31.48
Monroe County,2020-10-30,31.7
Nassau County,2020-10-30,31.02
Okaloosa County,2020-10-30,27.55
Okeechobee County,2020-10-30,31.44
Orange County,2020-10-30,32.54
Osceola County,2020-10-30,31.94
Palm Beach County,2020-10-30,31.91
Pasco County,2020-10-30,31.44
Pinellas County,2020-10-30,30.71
Polk County,2020-10-30,31.74
Putnam County,2020-10-30,32.05
St. Johns County,2020-10-30,32.71
St. Lucie County,2020-10-30,32.22
Santa Rosa County,2020-10-30,26.82
Sarasota County,2020-10-30,31.49
Seminole County,2020-10-30,32.64
Sumter County,2020-10-30,31.95
Suwannee County,2020-10-30,29.04
Taylor County,2020-10-30,29.42
Union County,2020-10-30,30.65
Volusia County,2020-10-30,32.89
Wakulla County,2020-10-30,29.01
Walton County,2020-10-30,27.81
Washington County,2020-10-30,27.98
Alachua County,2020-10-31,25.03
Baker County,2020-10-31,24.04
Bay County,2020-10-31,20.48
Bradford County,2020-10-31,24.73
Brevard County,2020-10-31,26.03
Broward County,2020-10-31,32.0
Calhoun County,2020-10-31,21.09
Charlotte County,2020-10-31,29.39
Citrus County,2020-10-31,25.35
Clay County,2020-10-31,24.51
Collier County,2020-10-31,31.26
Columbia County,2020-10-31,24.03
DeSoto County,2020-10-31,28.93
Dixie County,2020-10-31,23.4
Duval County,2020-10-31,23.8
Escambia County,2020-10-31,19.61
Flagler County,2020-10-31,25.13
Franklin County,2020-10-31,20.37
Gadsden County,2020-10-31,20.79
Gilchrist County,2020-10-31,24.56
Glades County,2020-10-31,29.67
Gulf County,2020-10-31,20.51
Hamilton County,2020-10-31,22.26
Hardee County,2020-10-31,28.18
Hendry County,2020-10-31,30.67
Hernando County,2020-10-31,25.86
Highlands County,2020-10-31,28.49
Hillsborough County,2020-10-31,26.67
Holmes County,2020-10-31,21.34
Indian River County,2020-10-31,27.56
Jackson County,2020-10-31,21.18
Jefferson County,2020-10-31,21.18
Lafayette County,2020-10-31,22.99
Lake County,2020-10-31,25.97
Lee County,2020-10-31,29.8
Leon County,2020-10-31,20.93
Levy County,2020-10-31,24.9
Liberty County,2020-10-31,20.94
Madison County,2020-10-31,21.64
Manatee County,2020-10-31,27.33
Marion County,2020-10-31,25.14
Martin County,2020-10-31,30.17
Miami-Dade County,2020-10-31,32.22
Monroe County,2020-10-31,31.91
Nassau County,2020-10-31,23.3
Okaloosa County,2020-10-31,20.65
Okeechobee County,2020-10-31,28.62
Orange County,2020-10-31,26.24
Osceola County,2020-10-31,27.03
Palm Beach County,2020-10-31,31.46
Pasco County,2020-10-31,26.21
Pinellas County,2020-10-31,25.83
Polk County,2020-10-31,27.3
Putnam County,2020-10-31,24.87
St. Johns County,2020-10-31,24.39
St. Lucie County,2020-10-31,28.89
Santa Rosa County,2020-10-31,20.21
Sarasota County,2020-10-31,28.0
Seminole County,2020-10-31,25.92
Sumter County,2020-10-31,25.94
Suwannee County,2020-10-31,23.07
Taylor County,2020-10-31,21.91
Union County,2020-10-31,24.75
Volusia County,2020-10-31,25.6
Wakulla County,2020-10-31,20.68
Walton County,2020-10-31,20.73
Washington County,2020-10-31,21.4
Alachua County,2020-11-01,27.56
Baker County,2020-11-01,24.95
Bay County,2020-11-01,24.79
Bradford County,2020-11-01,26.76
Brevard County,2020-11-01,28.03
Broward County,2020-11-01,30.77
Calhoun County,2020-11-01,24.72
Charlotte County,2020-11-01,30.18
Citrus County,2020-11-01,29.07
Clay County,2020-11-01,27.37
Collier County,2020-11-01,31.35
Columbia County,2020-11-01,24.92
DeSoto County,2020-11-01,29.62
Dixie County,2020-11-01,27.07
Duval County,2020-11-01,26.21
Escambia County,2020-11-01,22.89
Flagler County,2020-11-01,28.44
Franklin County,2020-11-01,25.84
Gadsden County,2020-11-01,24.41
Gilchrist County,2020-11-01,27.18
Glades County,2020-11-01,29.73
Gulf County,2020-11-01,25.59
Hamilton County,2020-11-01,23.66
Hardee County,2020-11-01,29.29
Hendry County,2020-11-01,30.42
Hernando County,2020-11-01,29.27
Highlands County,2020-11-01,29.06
Hillsborough County,2020-11-01,29.12
Holmes County,2020-11-01,23.68
Indian River County,2020-11-01,28.49
Jackson County,2020-11-01,23.72
Jefferson County,2020-11-01,24.76
Lafayette County,2020-11-01,26.03
Lake County,2020-11-01,28.79
Lee County,2020-11-01,30.81
Leon County,2020-11-01,24.85
Levy County,2020-11-01,28.2
Liberty County,2020-11-01,25.27
Madison County,2020-11-01,24.38
Manatee County,2020-11-01,29.14
Marion County,2020-11-01,28.47
Martin County,2020-11-01,30.07
Miami-Dade County,2020-11-01,31.33
Monroe County,2020-11-01,31.79
Nassau County,2020-11-01,24.68
Okaloosa County,2020-11-01,23.39
Okeechobee County,2020-11-01,28.98
Orange County,2020-11-01,28.65
Osceola County,2020-11-01,28.54
Palm Beach County,2020-11-01,30.66
Pasco County,2020-11-01,29.17
Pinellas County,2020-11-01,28.88
Polk County,2020-11-01,28.94
Putnam County,2020-11-01,28.08
St. Johns County,2020-11-01,28.13
St. Lucie County,2020-11-01,29.3
Santa Rosa County,2020-11-01,22.58
Sarasota County,2020-11-01,29.45
Seminole County,2020-11-01,28.65
Sumter County,2020-11-01,29.05
Suwannee County,2020-11-01,25.05
Taylor County,2020-11-01,25.84
Union County,2020-11-01,26.06
Volusia County,2020-11-01,28.52
Wakulla County,2020-11-01,25.46
Walton County,2020-11-01,23.97
Washington County,2020-11-01,24.17
Alachua County,2020-11-02,27.12
Baker County,2020-11-02,25.95
Bay County,2020-11-02,25.31
Bradford County,2020-11-02,27.15
Brevard County,2020-11-02,27.67
Broward County,2020-11-02,30.59
Calhoun County,2020-11-02,25.41
Charlotte County,2020-11-02,31.16
Citrus County,2020-11-02,28.05
Clay County,2020-11-02,28.04
Collier County,2020-11-02,30.97
Columbia County,2020-11-02,25.27
DeSoto County,2020-11-02,30.91
Dixie County,2020-11-02,25.47
Duval County,2020-11-02,27.53
Escambia County,2020-11-02,24.39
Flagler County,2020-11-02,28.52
Franklin County,2020-11-02,26.18
Gadsden County,2020-11-02,24.83
Gilchrist County,2020-11-02,26.01
Glades County,2020-11-02,30.29
Gulf County,2020-11-02,26.05
Hamilton County,2020-11-02,23.74
Hardee County,2020-11-02,30.63
Hendry County,2020-11-02,30.27
Hernando County,2020-11-02,28.76
Highlands County,2020-11-02,30.13
Hillsborough County,2020-11-02,29.88
Holmes County,2020-11-02,24.45
Indian River County,2020-11-02,28.28
Jackson County,2020-11-02,24.46
Jefferson County,2020-11-02,24.35
Lafayette County,2020-11-02,24.9
Lake County,2020-11-02,28.72
Lee County,2020-11-02,31.21
Leon County,2020-11-02,24.99
Levy County,2020-11-02,26.61
Liberty County,2020-11-02,25.83
Madison County,2020-11-02,23.72
Manatee County,2020-11-02,30.44
Marion County,2020-11-02,27.87
Martin County,2020-11-02,29.94
Miami-Dade County,2020-11-02,31.07
Monroe County,2020-11-02,31.39
Nassau County,2020-11-02,26.28
Okaloosa County,2020-11-02,24.84
Okeechobee County,2020-11-02,29.29
Orange County,2020-11-02,28.64
Osceola County,2020-11-02,28.73
Palm Beach County,2020-11-02,30.52
Pasco County,2020-11-02,29.16
Pinellas County,2020-11-02,29.43
Polk County,2020-11-02,29.72
Putnam County,2020-11-02,28.18
St. Johns County,2020-11-02,28.73
St. Lucie County,2020-11-02,29.18
Santa Rosa County,2020-11-02,24.35
Sarasota County,2020-11-02,30.75
Seminole County,2020-11-02,28.62
Sumter County,2020-11-02,28.67
Suwannee County,2020-11-02,24.56
Taylor County,2020-11-02,24.94
Union County,2020-11-02,26.42
Volusia County,2020-11-02,28.51
Wakulla County,2020-11-02,25.69
Walton County,2020-11-02,24.88
Washington County,2020-11-02,24.79
Alachua County,2020-11-03,20.55
Baker County,2020-11-03,18.38
Bay County,2020-11-03,19.09
Bradford County,2020-11-03,19.55
Brevard County,2020-11-03,22.73
Broward County,2020-11-03,27.87
Calhoun County,2020-11-03,19.2
Charlotte County,2020-11-03,26.71
Citrus County,2020-11-03,23.14
Clay County,2020-11-03,19.78
Collier County,2020-11-03,28.05
Columbia County,2020-11-03,18.67
DeSoto County,2020-11-03,26.07
Dixie County,2020-11-03,20.46
Duval County,2020-11-03,18.6
Escambia County,2020-11-03,19.75
Flagler County,2020-11-03,20.83
Franklin County,2020-11-03,19.34
Gadsden County,2020-11-03,18.8
Gilchrist County,2020-11-03,20.57
Glades County,2020-11-03,26.84
Gulf County,2020-11-03,19.3
Hamilton County,2020-11-03,18.02
Hardee County,2020-11-03,25.29
Hendry County,2020-11-03,27.65
Hernando County,2020-11-03,23.82
Highlands County,2020-11-03,25.6
Hillsborough County,2020-11-03,24.18
Holmes County,2020-11-03,19.57
Indian River County,2020-11-03,24.07
Jackson County,2020-11-03,18.79
Jefferson County,2020-11-03,18.8
Lafayette County,2020-11-03,19.73
Lake County,2020-11-03,23.17
Lee County,2020-11-03,27.44
Leon County,2020-11-03,18.92
Levy County,2020-11-03,21.57
Liberty County,2020-11-03,19.34
Madison County,2020-11-03,18.62
Manatee County,2020-11-03,24.84
Marion County,2020-11-03,21.96
Martin County,2020-11-03,26.51
Miami-Dade County,2020-11-03,27.92
Monroe County,2020-11-03,28.1
Nassau County,2020-11-03,17.7
Okaloosa County,2020-11-03,20.28
Okeechobee County,2020-11-03,25.28
Orange County,2020-11-03,23.19
Osceola County,2020-11-03,23.7
Palm Beach County,2020-11-03,27.67
Pasco County,2020-11-03,23.94
Pinellas County,2020-11-03,23.74
Polk County,2020-11-03,24.3
Putnam County,2020-11-03,20.59
St. Johns County,2020-11-03,20.05
St. Lucie County,2020-11-03,25.37
Santa Rosa County,2020-11-03,19.83
Sarasota County,2020-11-03,25.45
Seminole County,2020-11-03,22.78
Sumter County,2020-11-03,23.68
Suwannee County,2020-11-03,18.98
Taylor County,2020-11-03,19.47
Union County,2020-11-03,19.23
Volusia County,2020-11-03,21.88
Wakulla County,2020-11-03,19.12
Walton County,2020-11-03,19.94
Washington County,2020-11-03,19.32
Alachua County,2020-11-04,22.15
Baker County,2020-11-04,20.98
Bay County,2020-11-04,21.68
Bradford County,2020-11-04,21.73
Brevard County,2020-11-04,24.12
Broward County,2020-11-04,27.36
Calhoun County,2020-11-04,21.63
Charlotte County,2020-11-04,26.69
Citrus County,2020-11-04,24.32
Clay County,2020-11-04,22.25
Collier County,2020-11-04,27.71
Columbia County,2020-11-04,20.92
DeSoto County,2020-11-04,26.09
Dixie County,2020-11-04,21.84
Duval County,2020-11-04,21.49
Escambia County,2020-11-04,21.64
Flagler County,2020-11-04,23.2
Franklin County,2020-11-04,22.07
Gadsden County,2020-11-04,21.39
Gilchrist County,2020-11-04,21.86
Glades County,2020-11-04,26.37
Gulf County,2020-11-04,21.92
Hamilton County,2020-11-04,20.57
Hardee County,2020-11-04,25.81
Hendry County,2020-11-04,27.09
Hernando County,2020-11-04,25.16
Highlands County,2020-11-04,25.78
Hillsborough County,2020-11-04,25.64
Holmes County,2020-11-04,21.61
Indian River County,2020-11-04,24.79
Jackson County,2020-11-04,21.08
Jefferson County,2020-11-04,21.36
Lafayette County,2020-11-04,21.47
Lake County,2020-11-04,24.53
Lee County,2020-11-04,27.3
Leon County,2020-11-04,21.57
Levy County,2020-11-04,22.63
Liberty County,2020-11-04,21.88
Madison County,2020-11-04,21.01
Manatee County,2020-11-04,25.76
Marion County,2020-11-04,23.32
Martin County,2020-11-04,26.44
Miami-Dade County,2020-11-04,27.4
Monroe County,2020-11-04,27.62
Nassau County,2020-11-04,20.76
Okaloosa County,2020-11-04,21.87
Okeechobee County,2020-11-04,25.66
Orange County,2020-11-04,24.69
Osceola County,2020-11-04,24.95
Palm Beach County,2020-11-04,27.29
Pasco County,2020-11-04,25.42
Pinellas County,2020-11-04,25.79
Polk County,2020-11-04,25.39
Putnam County,2020-11-04,22.72
St. Johns County,2020-11-04,22.73
St. Lucie County,2020-11-04,25.61
Santa Rosa County,2020-11-04,21.39
Sarasota County,2020-11-04,26.08
Seminole County,2020-11-04,24.46
Sumter County,2020-11-04,24.77
Suwannee County,2020-11-04,21.04
Taylor County,2020-11-04,21.62
Union County,2020-11-04,21.34
Volusia County,2020-11-04,23.88
Wakulla County,2020-11-04,21.83
Walton County,2020-11-04,21.9
Washington County,2020-11-04,21.56
Alachua County,2020-11-05,25.31
Baker County,2020-11-05,24.5
Bay County,2020-11-05,24.43
Bradford County,2020-11-05,25.19
Brevard County,2020-11-05,25.87
Broward County,2020-11-05,28.11
Calhoun County,2020-11-05,25.18
Charlotte County,2020-11-05,27.52
Citrus County,2020-11-05,26.59
Clay County,2020-11-05,25.62
Collier County,2020-11-05,27.98
Columbia County,2020-11-05,24.29
DeSoto County,2020-11-05,27.38
Dixie County,2020-11-05,24.59
Duval County,2020-11-05,24.89
Escambia County,2020-11-05,23.52
Flagler County,2020-11-05,25.63
Franklin County,2020-11-05,25.42
Gadsden County,2020-11-05,24.53
Gilchrist County,2020-11-05,24.92
Glades County,2020-11-05,27.48
Gulf County,2020-11-05,25.53
Hamilton County,2020-11-05,23.62
Hardee County,2020-11-05,27.48
Hendry County,2020-11-05,27.79
Hernando County,2020-11-05,27.44
Highlands County,2020-11-05,27.23
Hillsborough County,2020-11-05,27.76
Holmes County,2020-11-05,23.98
Indian River County,2020-11-05,26.66
Jackson County,2020-11-05,24.12
Jefferson County,2020-11-05,24.01
Lafayette County,2020-11-05,24.56
Lake County,2020-11-05,26.7
Lee County,2020-11-05,27.66
Leon County,2020-11-05,24.42
Levy County,2020-11-05,25.18
Liberty County,2020-11-05,25.61
Madison County,2020-11-05,23.85
Manatee County,2020-11-05,27.64
Marion County,2020-11-05,25.9
Martin County,2020-11-05,28.13
Miami-Dade County,2020-11-05,28.16
Monroe County,2020-11-05,28.05
Nassau County,2020-11-05,24.13
Okaloosa County,2020-11-05,23.77
Okeechobee County,2020-11-05,27.39
Orange County,2020-11-05,26.64
Osceola County,2020-11-05,26.77
Palm Beach County,2020-11-05,28.48
Pasco County,2020-11-05,27.77
Pinellas County,2020-11-05,28.11
Polk County,2020-11-05,27.3
Putnam County,2020-11-05,25.63
St. Johns County,2020-11-05,25.6
St. Lucie County,2020-11-05,27.45
Santa Rosa County,2020-11-05,23.21
Sarasota County,2020-11-05,27.53
Seminole County,2020-11-05,26.44
Sumter County,2020-11-05,26.99
Suwannee County,2020-11-05,24.22
Taylor County,2020-11-05,24.36
Union County,2020-11-05,24.83
Volusia County,2020-11-05,25.97
Wakulla County,2020-11-05,24.77
Walton County,2020-11-05,23.98
Washington County,2020-11-05,24.3
Alachua County,2020-11-06,26.62
Baker County,2020-11-06,24.86
Bay County,2020-11-06,26.09
Bradford County,2020-11-06,26.02
Brevard County,2020-11-06,27.41
Broward County,2020-11-06,29.33
Calhoun County,2020-11-06,25.76
Charlotte County,2020-11-06,29.37
Citrus County,2020-11-06,28.87
Clay County,2020-11-06,26.76
Collier County,2020-11-06,29.33
Columbia County,2020-11-06,24.6
DeSoto County,2020-11-06,29.22
Dixie County,2020-11-06,26.71
Duval County,2020-11-06,26.12
Escambia County,2020-11-06,25.3
Flagler County,2020-11-06,27.06
Franklin County,2020-11-06,26.52
Gadsden County,2020-11-06,25.36
Gilchrist County,2020-11-06,26.42
Glades County,2020-11-06,29.38
Gulf County,2020-11-06,26.38
Hamilton County,2020-11-06,24.01
Hardee County,2020-11-06,29.42
Hendry County,2020-11-06,29.38
Hernando County,2020-11-06,29.57
Highlands County,2020-11-06,29.17
Hillsborough County,2020-11-06,29.87
Holmes County,2020-11-06,25.59
Indian River County,2020-11-06,28.31
Jackson County,2020-11-06,25.33
Jefferson County,2020-11-06,25.39
Lafayette County,2020-11-06,25.83
Lake County,2020-11-06,28.27
Lee County,2020-11-06,29.4
Leon County,2020-11-06,25.63
Levy County,2020-11-06,27.55
Liberty County,2020-11-06,25.87
Madison County,2020-11-06,24.85
Manatee County,2020-11-06,29.49
Marion County,2020-11-06,27.61
Martin County,2020-11-06,29.44
Miami-Dade County,2020-11-06,29.18
Monroe County,2020-11-06,29.17
Nassau County,2020-11-06,25.2
Okaloosa County,2020-11-06,25.78
Okeechobee County,2020-11-06,29.07
Orange County,2020-11-06,28.2
Osceola County,2020-11-06,28.55
Palm Beach County,2020-11-06,29.68
Pasco County,2020-11-06,29.81
Pinellas County,2020-11-06,30.14
Polk County,2020-11-06,29.32
Putnam County,2020-11-06,27.07
St. Johns County,2020-11-06,27.21
St. Lucie County,2020-11-06,28.95
Santa Rosa County,2020-11-06,25.22
Sarasota County,2020-11-06,29.31
Seminole County,2020-11-06,27.81
Sumter County,2020-11-06,28.81
Suwannee County,2020-11-06,24.89
Taylor County,2020-11-06,26.08
Union County,2020-11-06,25.35
Volusia County,2020-11-06,27.17
Wakulla County,2020-11-06,26.08
Walton County,2020-11-06,25.93
Washington County,2020-11-06,25.74
Alachua County,2020-11-07,27.42
Baker County,2020-11-07,26.07
Bay County,2020-11-07,26.54
Bradford County,2020-11-07,26.85
Brevard County,2020-11-07,27.39
Broward County,2020-11-07,28.99
Calhoun County,2020-11-07,26.75
Charlotte County,2020-11-07,29.43
Citrus County,2020-11-07,29.13
Clay County,2020-11-07,27.31
Collier County,2020-11-07,28.74
Columbia County,2020-11-07,26.0
DeSoto County,2020-11-07,29.41
Dixie County,2020-11-07,27.57
Duval County,2020-11-07,26.63
Escambia County,2020-11-07,26.59
Flagler County,2020-11-07,27.27
Franklin County,2020-11-07,27.35
Gadsden County,2020-11-07,26.46
Gilchrist County,2020-11-07,27.46
Glades County,2020-11-07,28.86
Gulf County,2020-11-07,27.07
Hamilton County,2020-11-07,25.62
Hardee County,2020-11-07,29.51
Hendry County,2020-11-07,28.61
Hernando County,2020-11-07,29.66
Highlands County,2020-11-07,28.99
Hillsborough County,2020-11-07,29.7
Holmes County,2020-11-07,26.52
Indian River County,2020-11-07,28.08
Jackson County,2020-11-07,26.11
Jefferson County,2020-11-07,26.5
Lafayette County,2020-11-07,27.02
Lake County,2020-11-07,28.51
Lee County,2020-11-07,29.23
Leon County,2020-11-07,26.74
Levy County,2020-11-07,28.12
Liberty County,2020-11-07,27.19
Madison County,2020-11-07,26.19
Manatee County,2020-11-07,29.65
Marion County,2020-11-07,28.08
Martin County,2020-11-07,29.02
Miami-Dade County,2020-11-07,28.85
Monroe County,2020-11-07,28.59
Nassau County,2020-11-07,26.05
Okaloosa County,2020-11-07,26.7
Okeechobee County,2020-11-07,28.71
Orange County,2020-11-07,28.24
Osceola County,2020-11-07,28.45
Palm Beach County,2020-11-07,29.27
Pasco County,2020-11-07,29.78
Pinellas County,2020-11-07,29.93
Polk County,2020-11-07,29.19
Putnam County,2020-11-07,27.47
St. Johns County,2020-11-07,27.41
St. Lucie County,2020-11-07,28.58
Santa Rosa County,2020-11-07,26.29
Sarasota County,2020-11-07,29.6
Seminole County,2020-11-07,27.91
Sumter County,2020-11-07,29.16
Suwannee County,2020-11-07,26.29
Taylor County,2020-11-07,27.08
Union County,2020-11-07,26.45
Volusia County,2020-11-07,27.4
Wakulla County,2020-11-07,27.11
Walton County,2020-11-07,26.68
Washington County,2020-11-07,26.53
Alachua County,2020-11-08,28.11
Baker County,2020-11-08,26.81
Bay County,2020-11-08,26.39
Bradford County,2020-11-08,27.65
Brevard County,2020-11-08,27.25
Broward County,2020-11-08,27.36
Calhoun County,2020-11-08,26.5
Charlotte County,2020-11-08,27.45
Citrus County,2020-11-08,29.18
Clay County,2020-11-08,28.16
Collier County,2020-11-08,26.42
Columbia County,2020-11-08,26.64
DeSoto County,2020-11-08,27.72
Dixie County,2020-11-08,28.06
Duval County,2020-11-08,27.67
Escambia County,2020-11-08,25.78
Flagler County,2020-11-08,27.92
Franklin County,2020-11-08,27.25
Gadsden County,2020-11-08,26.28
Gilchrist County,2020-11-08,28.08
Glades County,2020-11-08,26.91
Gulf County,2020-11-08,26.95
Hamilton County,2020-11-08,25.85
Hardee County,2020-11-08,28.25
Hendry County,2020-11-08,26.47
Hernando County,2020-11-08,29.42
Highlands County,2020-11-08,27.42
Hillsborough County,2020-11-08,29.1
Holmes County,2020-11-08,26.07
Indian River County,2020-11-08,27.21
Jackson County,2020-11-08,25.97
Jefferson County,2020-11-08,26.84
Lafayette County,2020-11-08,27.52
Lake County,2020-11-08,28.6
Lee County,2020-11-08,26.87
Leon County,2020-11-08,26.79
Levy County,2020-11-08,28.57
Liberty County,2020-11-08,26.96
Madison County,2020-11-08,26.49
Manatee County,2020-11-08,28.44
Marion County,2020-11-08,28.44
Martin County,2020-11-08,27.67
Miami-Dade County,2020-11-08,27.45
Monroe County,2020-11-08,26.5
Nassau County,2020-11-08,26.99
Okaloosa County,2020-11-08,26.05
Okeechobee County,2020-11-08,27.24
Orange County,2020-11-08,28.26
Osceola County,2020-11-08,27.87
Palm Beach County,2020-11-08,27.6
Pasco County,2020-11-08,29.37
Pinellas County,2020-11-08,29.02
Polk County,2020-11-08,28.52
Putnam County,2020-11-08,28.15
St. Johns County,2020-11-08,28.21
St. Lucie County,2020-11-08,27.47
Santa Rosa County,2020-11-08,25.6
Sarasota County,2020-11-08,28.01
Seminole County,2020-11-08,28.24
Sumter County,2020-11-08,29.07
Suwannee County,2020-11-08,26.74
Taylor County,2020-11-08,27.53
Union County,2020-11-08,27.27
Volusia County,2020-11-08,27.95
Wakulla County,2020-11-08,27.21
Walton County,2020-11-08,26.17
Washington County,2020-11-08,26.19
Alachua County,2020-11-09,27.81
Baker County,2020-11-09,27.25
Bay County,2020-11-09,28.18
Bradford County,2020-11-09,27.53
Brevard County,2020-11-09,25.71
Broward County,2020-11-09,26.6
Calhoun County,2020-11-09,27.83
Charlotte County,2020-11-09,25.88
Citrus County,2020-11-09,28.93
Clay County,2020-11-09,28.07
Collier County,2020-11-09,25.78
Columbia County,2020-11-09,27.2
DeSoto County,2020-11-09,25.58
Dixie County,2020-11-09,28.61
Duval County,2020-11-09,28.02
Escambia County,2020-11-09,27.74
Flagler County,2020-11-09,27.21
Franklin County,2020-11-09,28.63
Gadsden County,2020-11-09,27.5
Gilchrist County,2020-11-09,28.24
Glades County,2020-11-09,25.29
Gulf County,2020-11-09,28.39
Hamilton County,2020-11-09,27.0
Hardee County,2020-11-09,26.0
Hendry County,2020-11-09,25.7
Hernando County,2020-11-09,28.88
Highlands County,2020-11-09,25.29
Hillsborough County,2020-11-09,27.83
Holmes County,2020-11-09,27.46
Indian River County,2020-11-09,25.58
Jackson County,2020-11-09,27.36
Jefferson County,2020-11-09,28.04
Lafayette County,2020-11-09,28.17
Lake County,2020-11-09,27.2
Lee County,2020-11-09,25.82
Leon County,2020-11-09,28.04
Levy County,2020-11-09,28.63
Liberty County,2020-11-09,28.0
Madison County,2020-11-09,27.62
Manatee County,2020-11-09,26.7
Marion County,2020-11-09,27.68
Martin County,2020-11-09,26.55
Miami-Dade County,2020-11-09,26.53
Monroe County,2020-11-09,26.49
Nassau County,2020-11-09,27.46
Okaloosa County,2020-11-09,27.65
Okeechobee County,2020-11-09,25.54
Orange County,2020-11-09,26.51
Osceola County,2020-11-09,26.06
Palm Beach County,2020-11-09,26.85
Pasco County,2020-11-09,28.48
Pinellas County,2020-11-09,28.57
Polk County,2020-11-09,26.57
Putnam County,2020-11-09,27.56
St. Johns County,2020-11-09,28.25
St. Lucie County,2020-11-09,26.03
Santa Rosa County,2020-11-09,27.33
Sarasota County,2020-11-09,26.39
Seminole County,2020-11-09,26.49
Sumter County,2020-11-09,28.13
Suwannee County,2020-11-09,27.54
Taylor County,2020-11-09,28.58
Union County,2020-11-09,27.38
Volusia County,2020-11-09,26.63
Wakulla County,2020-11-09,28.51
Walton County,2020-11-09,27.79
Washington County,2020-11-09,27.74
Alachua County,2020-11-10,26.55
Baker County,2020-11-10,26.53
Bay County,2020-11-10,28.3
Bradford County,2020-11-10,26.43
Brevard County,2020-11-10,27.09
Broward County,2020-11-10,29.6
Calhoun County,2020-11-10,28.19
Charlotte County,2020-11-10,28.94
Citrus County,2020-11-10,27.39
Clay County,2020-11-10,26.84
Collier County,2020-11-10,29.31
Columbia County,2020-11-10,26.69
DeSoto County,2020-11-10,28.69
Dixie County,2020-11-10,27.56
Duval County,2020-11-10,27.0
Escambia County,2020-11-10,28.7
Flagler County,2020-11-10,26.19
Franklin County,2020-11-10,28.54
Gadsden County,2020-11-10,27.57
Gilchrist County,2020-11-10,27.23
Glades County,2020-11-10,29.14
Gulf County,2020-11-10,28.67
Hamilton County,2020-11-10,26.76
Hardee County,2020-11-10,28.48
Hendry County,2020-11-10,29.22
Hernando County,2020-11-10,27.82
Highlands County,2020-11-10,28.67
Hillsborough County,2020-11-10,28.44
Holmes County,2020-11-10,27.7
Indian River County,2020-11-10,28.34
Jackson County,2020-11-10,27.43
Jefferson County,2020-11-10,27.77
Lafayette County,2020-11-10,27.56
Lake County,2020-11-10,26.26
Lee County,2020-11-10,29.07
Leon County,2020-11-10,27.93
Levy County,2020-11-10,27.18
Liberty County,2020-11-10,28.38
Madison County,2020-11-10,27.36
Manatee County,2020-11-10,28.3
Marion County,2020-11-10,26.09
Martin County,2020-11-10,29.79
Miami-Dade County,2020-11-10,29.51
Monroe County,2020-11-10,29.18
Nassau County,2020-11-10,26.69
Okaloosa County,2020-11-10,28.47
Okeechobee County,2020-11-10,28.88
Orange County,2020-11-10,26.71
Osceola County,2020-11-10,27.64
Palm Beach County,2020-11-10,29.97
Pasco County,2020-11-10,28.07
Pinellas County,2020-11-10,28.63
Polk County,2020-11-10,27.89
Putnam County,2020-11-10,26.15
St. Johns County,2020-11-10,26.98
St. Lucie County,2020-11-10,29.21
Santa Rosa County,2020-11-10,28.38
Sarasota County,2020-11-10,28.34
Seminole County,2020-11-10,26.43
Sumter County,2020-11-10,26.78
Suwannee County,2020-11-10,27.12
Taylor County,2020-11-10,28.0
Union County,2020-11-10,26.54
Volusia County,2020-11-10,26.15
Wakulla County,2020-11-10,28.36
Walton County,2020-11-10,28.25
Washington County,2020-11-10,28.01
Alachua County,2020-11-11,27.83
Baker County,2020-11-11,27.31
Bay County,2020-11-11,28.61
Bradford County,2020-11-11,27.65
Brevard County,2020-11-11,27.59
Broward County,2020-11-11,29.87
Calhoun County,2020-11-11,28.64
Charlotte County,2020-11-11,29.74
Citrus County,2020-11-11,28.97
Clay County,2020-11-11,28.05
Collier County,2020-11-11,29.65
Columbia County,2020-11-11,27.47
DeSoto County,2020-11-11,29.32
Dixie County,2020-11-11,28.09
Duval County,2020-11-11,27.56
Escambia County,2020-11-11,27.32
Flagler County,2020-11-11,27.89
Franklin County,2020-11-11,29.32
Gadsden County,2020-11-11,28.43
Gilchrist County,2020-11-11,27.95
Glades County,2020-11-11,28.98
Gulf County,2020-11-11,29.26
Hamilton County,2020-11-11,27.46
Hardee County,2020-11-11,29.15
Hendry County,2020-11-11,29.18
Hernando County,2020-11-11,29.54
Highlands County,2020-11-11,28.58
Hillsborough County,2020-11-11,29.84
Holmes County,2020-11-11,27.8
Indian River County,2020-11-11,28.19
Jackson County,2020-11-11,27.78
Jefferson County,2020-11-11,28.68
Lafayette County,2020-11-11,28.27
Lake County,2020-11-11,28.39
Lee County,2020-11-11,29.78
Leon County,2020-11-11,28.88
Levy County,2020-11-11,28.03
Liberty County,2020-11-11,29.11
Madison County,2020-11-11,28.18
Manatee County,2020-11-11,29.75
Marion County,2020-11-11,28.01
Martin County,2020-11-11,29.76
Miami-Dade County,2020-11-11,29.75
Monroe County,2020-11-11,29.47
Nassau County,2020-11-11,26.89
Okaloosa County,2020-11-11,28.12
Okeechobee County,2020-11-11,28.58
Orange County,2020-11-11,28.19
Osceola County,2020-11-11,28.14
Palm Beach County,2020-11-11,30.12
Pasco County,2020-11-11,29.71
Pinellas County,2020-11-11,30.09
Polk County,2020-11-11,28.76
Putnam County,2020-11-11,27.89
St. Johns County,2020-11-11,28.13
St. Lucie County,2020-11-11,29.05
Santa Rosa County,2020-11-11,27.51
Sarasota County,2020-11-11,29.89
Seminole County,2020-11-11,28.15
Sumter County,2020-11-11,28.91
Suwannee County,2020-11-11,27.88
Taylor County,2020-11-11,28.73
Union County,2020-11-11,27.56
Volusia County,2020-11-11,27.93
Wakulla County,2020-11-11,29.21
Walton County,2020-11-11,28.23
Washington County,2020-11-11,28.16
Alachua County,2020-11-12,27.34
Baker County,2020-11-12,27.68
Bay County,2020-11-12,28.57
Bradford County,2020-11-12,27.54
Brevard County,2020-11-12,28.13
Broward County,2020-11-12,30.05
Calhoun County,2020-11-12,28.94
Charlotte County,2020-11-12,28.02
Citrus County,2020-11-12,26.76
Clay County,2020-11-12,27.97
Collier County,2020-11-12,29.23
Columbia County,2020-11-12,27.52
DeSoto County,2020-11-12,28.36
Dixie County,2020-11-12,26.72
Duval County,2020-11-12,27.73
Escambia County,2020-11-12,28.63
Flagler County,2020-11-12,27.52
Franklin County,2020-11-12,28.34
Gadsden County,2020-11-12,28.61
Gilchrist County,2020-11-12,27.31
Glades County,2020-11-12,29.34
Gulf County,2020-11-12,28.78
Hamilton County,2020-11-12,27.68
Hardee County,2020-11-12,28.32
Hendry County,2020-11-12,29.53
Hernando County,2020-11-12,27.03
Highlands County,2020-11-12,28.99
Hillsborough County,2020-11-12,26.85
Holmes County,2020-11-12,28.84
Indian River County,2020-11-12,29.1
Jackson County,2020-11-12,28.36
Jefferson County,2020-11-12,28.28
Lafayette County,2020-11-12,27.58
Lake County,2020-11-12,27.97
Lee County,2020-11-12,28.13
Leon County,2020-11-12,28.65
Levy County,2020-11-12,26.56
Liberty County,2020-11-12,29.07
Madison County,2020-11-12,28.02
Manatee County,2020-11-12,27.07
Marion County,2020-11-12,27.27
Martin County,2020-11-12,30.22
Miami-Dade County,2020-11-12,29.92
Monroe County,2020-11-12,29.18
Nassau County,2020-11-12,27.64
Okaloosa County,2020-11-12,29.32
Okeechobee County,2020-11-12,29.55
Orange County,2020-11-12,28.46
Osceola County,2020-11-12,28.8
Palm Beach County,2020-11-12,30.49
Pasco County,2020-11-12,27.07
Pinellas County,2020-11-12,25.89
Polk County,2020-11-12,28.23
Putnam County,2020-11-12,27.58
St. Johns County,2020-11-12,27.64
St. Lucie County,2020-11-12,29.72
Santa Rosa County,2020-11-12,28.73
Sarasota County,2020-11-12,27.02
Seminole County,2020-11-12,28.49
Sumter County,2020-11-12,27.59
Suwannee County,2020-11-12,27.6
Taylor County,2020-11-12,27.62
Union County,2020-11-12,27.47
Volusia County,2020-11-12,27.94
Wakulla County,2020-11-12,28.37
Walton County,2020-11-12,29.13
Washington County,2020-11-12,28.82
Alachua County,2020-11-13,26.28
Baker County,2020-11-13,26.46
Bay County,2020-11-13,27.74
Bradford County,2020-11-13,26.42
Brevard County,2020-11-13,28.96
Broward County,2020-11-13,29.81
Calhoun County,2020-11-13,28.21
Charlotte County,2020-11-13,28.96
Citrus County,2020-11-13,26.62
Clay County,2020-11-13,26.9
Collier County,2020-11-13,29.57
Columbia County,2020-11-13,26.39
DeSoto County,2020-11-13,29.11
Dixie County,2020-11-13,26.06
Duval County,2020-11-13,26.57
Escambia County,2020-11-13,24.95
Flagler County,2020-11-13,27.38
Franklin County,2020-11-13,28.67
Gadsden County,2020-11-13,27.66
Gilchrist County,2020-11-13,26.25
Glades County,2020-11-13,29.68
Gulf County,2020-11-13,28.93
Hamilton County,2020-11-13,26.58
Hardee County,2020-11-13,29.04
Hendry County,2020-11-13,29.6
Hernando County,2020-11-13,27.27
Highlands County,2020-11-13,29.53
Hillsborough County,2020-11-13,27.84
Holmes County,2020-11-13,25.76
Indian River County,2020-11-13,29.86
Jackson County,2020-11-13,26.75
Jefferson County,2020-11-13,27.23
Lafayette County,2020-11-13,26.73
Lake County,2020-11-13,28.01
Lee County,2020-11-13,28.98
Leon County,2020-11-13,27.65
Levy County,2020-11-13,25.82
Liberty County,2020-11-13,28.75
Madison County,2020-11-13,26.94
Manatee County,2020-11-13,28.21
Marion County,2020-11-13,26.69
Martin County,2020-11-13,30.74
Miami-Dade County,2020-11-13,30.01
Monroe County,2020-11-13,29.82
Nassau County,2020-11-13,26.3
Okaloosa County,2020-11-13,25.44
Okeechobee County,2020-11-13,30.08
Orange County,2020-11-13,28.85
Osceola County,2020-11-13,29.36
Palm Beach County,2020-11-13,30.54
Pasco County,2020-11-13,27.57
Pinellas County,2020-11-13,27.21
Polk County,2020-11-13,28.79
Putnam County,2020-11-13,26.83
St. Johns County,2020-11-13,27.04
St. Lucie County,2020-11-13,30.42
Santa Rosa County,2020-11-13,24.61
Sarasota County,2020-11-13,28.27
Seminole County,2020-11-13,28.84
Sumter County,2020-11-13,27.51
Suwannee County,2020-11-13,26.62
Taylor County,2020-11-13,26.99
Union County,2020-11-13,26.31
Volusia County,2020-11-13,28.21
Wakulla County,2020-11-13,27.96
Walton County,2020-11-13,26.1
Washington County,2020-11-13,26.82
Alachua County,2020-11-14,25.15
Baker County,2020-11-14,25.05
Bay County,2020-11-14,26.69
Bradford County,2020-11-14,25.03
Brevard County,2020-11-14,27.34
Broward County,2020-11-14,29.55
Calhoun County,2020-11-14,26.81
Charlotte County,2020-11-14,29.81
Citrus County,2020-11-14,26.65
Clay County,2020-11-14,25.76
Collier County,2020-11-14,30.1
Columbia County,2020-11-14,24.98
DeSoto County,2020-11-14,29.25
Dixie County,2020-11-14,26.3
Duval County,2020-11-14,26.15
Escambia County,2020-11-14,25.83
Flagler County,2020-11-14,25.93
Franklin County,2020-11-14,27.63
Gadsden County,2020-11-14,26.74
Gilchrist County,2020-11-14,25.75
Glades County,2020-11-14,29.2
Gulf County,2020-11-14,27.29
Hamilton County,2020-11-14,25.08
Hardee County,2020-11-14,28.75
Hendry County,2020-11-14,29.57
Hernando County,2020-11-14,27.22
Highlands County,2020-11-14,28.67
Hillsborough County,2020-11-14,28.31
Holmes County,2020-11-14,25.89
Indian River County,2020-11-14,28.11
Jackson County,2020-11-14,26.03
Jefferson County,2020-11-14,26.62
Lafayette County,2020-11-14,26.0
Lake County,2020-11-14,26.05
Lee County,2020-11-14,30.08
Leon County,2020-11-14,26.96
Levy County,2020-11-14,26.11
Liberty County,2020-11-14,27.3
Madison County,2020-11-14,25.91
Manatee County,2020-11-14,28.96
Marion County,2020-11-14,25.35
Martin County,2020-11-14,29.34
Miami-Dade County,2020-11-14,29.68
Monroe County,2020-11-14,29.96
Nassau County,2020-11-14,25.78
Okaloosa County,2020-11-14,26.0
Okeechobee County,2020-11-14,28.56
Orange County,2020-11-14,26.64
Osceola County,2020-11-14,27.53
Palm Beach County,2020-11-14,29.71
Pasco County,2020-11-14,27.58
Pinellas County,2020-11-14,28.75
Polk County,2020-11-14,27.7
Putnam County,2020-11-14,25.35
St. Johns County,2020-11-14,26.51
St. Lucie County,2020-11-14,28.78
Santa Rosa County,2020-11-14,25.48
Sarasota County,2020-11-14,29.4
Seminole County,2020-11-14,26.4
Sumter County,2020-11-14,26.31
Suwannee County,2020-11-14,25.43
Taylor County,2020-11-14,26.71
Union County,2020-11-14,24.92
Volusia County,2020-11-14,26.18
Wakulla County,2020-11-14,27.38
Walton County,2020-11-14,26.2
Washington County,2020-11-14,26.15
Alachua County,2020-11-15,26.98
Baker County,2020-11-15,26.33
Bay County,2020-11-15,26.87
Bradford County,2020-11-15,26.65
Brevard County,2020-11-15,27.03
Broward County,2020-11-15,30.17
Calhoun County,2020-11-15,27.26
Charlotte County,2020-11-15,29.74
Citrus County,2020-11-15,27.72
Clay County,2020-11-15,26.86
Collier County,2020-11-15,30.29
Columbia County,2020-11-15,26.43
DeSoto County,2020-11-15,29.82
Dixie County,2020-11-15,26.9
Duval County,2020-11-15,26.26
Escambia County,2020-11-15,26.51
Flagler County,2020-11-15,26.52
Franklin County,2020-11-15,27.27
Gadsden County,2020-11-15,26.9
Gilchrist County,2020-11-15,27.2
Glades County,2020-11-15,30.03
Gulf County,2020-11-15,27.37
Hamilton County,2020-11-15,26.15
Hardee County,2020-11-15,29.68
Hendry County,2020-11-15,30.28
Hernando County,2020-11-15,28.31
Highlands County,2020-11-15,29.64
Hillsborough County,2020-11-15,28.85
Holmes County,2020-11-15,26.83
Indian River County,2020-11-15,28.38
Jackson County,2020-11-15,26.6
Jefferson County,2020-11-15,26.71
Lafayette County,2020-11-15,26.95
Lake County,2020-11-15,27.81
Lee County,2020-11-15,29.79
Leon County,2020-11-15,26.98
Levy County,2020-11-15,27.16
Liberty County,2020-11-15,27.58
Madison County,2020-11-15,26.52
Manatee County,2020-11-15,29.36
Marion County,2020-11-15,27.17
Martin County,2020-11-15,29.84
Miami-Dade County,2020-11-15,30.32
Monroe County,2020-11-15,30.18
Nassau County,2020-11-15,25.92
Okaloosa County,2020-11-15,26.85
Okeechobee County,2020-11-15,29.5
Orange County,2020-11-15,27.87
Osceola County,2020-11-15,28.43
Palm Beach County,2020-11-15,30.45
Pasco County,2020-11-15,28.66
Pinellas County,2020-11-15,28.62
Polk County,2020-11-15,28.96
Putnam County,2020-11-15,26.76
St. Johns County,2020-11-15,26.54
St. Lucie County,2020-11-15,29.19
Santa Rosa County,2020-11-15,26.31
Sarasota County,2020-11-15,29.4
Seminole County,2020-11-15,27.6
Sumter County,2020-11-15,28.06
Suwannee County,2020-11-15,26.59
Taylor County,2020-11-15,26.8
Union County,2020-11-15,26.59
Volusia County,2020-11-15,26.92
Wakulla County,2020-11-15,27.03
Walton County,2020-11-15,26.89
Washington County,2020-11-15,26.91
Alachua County,2020-11-16,28.56
Baker County,2020-11-16,28.82
Bay County,2020-11-16,28.1
Bradford County,2020-11-16,28.78
Brevard County,2020-11-16,28.11
Broward County,2020-11-16,30.65
Calhoun County,2020-11-16,28.18
Charlotte County,2020-11-16,30.62
Citrus County,2020-11-16,28.28
Clay County,2020-11-16,29.3
Collier County,2020-11-16,30.98
Columbia County,2020-11-16,28.65
DeSoto County,2020-11-16,30.76
Dixie County,2020-11-16,27.99
Duval County,2020-11-16,29.07
Escambia County,2020-11-16,28.44
Flagler County,2020-11-16,28.98
Franklin County,2020-11-16,28.24
Gadsden County,2020-11-16,27.4
Gilchrist County,2020-11-16,28.52
Glades County,2020-11-16,30.61
Gulf County,2020-11-16,28.49
Hamilton County,2020-11-16,28.35
Hardee County,2020-11-16,30.69
Hendry County,2020-11-16,30.88
Hernando County,2020-11-16,28.9
Highlands County,2020-11-16,30.37
Hillsborough County,2020-11-16,29.71
Holmes County,2020-11-16,27.98
Indian River County,2020-11-16,28.4
Jackson County,2020-11-16,27.46
Jefferson County,2020-11-16,28.11
Lafayette County,2020-11-16,28.75
Lake County,2020-11-16,29.44
Lee County,2020-11-16,30.59
Leon County,2020-11-16,27.91
Levy County,2020-11-16,27.8
Liberty County,2020-11-16,28.34
Madison County,2020-11-16,28.32
Manatee County,2020-11-16,30.29
Marion County,2020-11-16,28.56
Martin County,2020-11-16,29.58
Miami-Dade County,2020-11-16,30.68
Monroe County,2020-11-16,30.65
Nassau County,2020-11-16,28.82
Okaloosa County,2020-11-16,28.59
Okeechobee County,2020-11-16,29.75
Orange County,2020-11-16,29.61
Osceola County,2020-11-16,29.55
Palm Beach County,2020-11-16,30.64
Pasco County,2020-11-16,29.34
Pinellas County,2020-11-16,29.1
Polk County,2020-11-16,30.09
Putnam County,2020-11-16,28.97
St. Johns County,2020-11-16,29.09
St. Lucie County,2020-11-16,28.83
Santa Rosa County,2020-11-16,28.2
Sarasota County,2020-11-16,30.33
Seminole County,2020-11-16,29.74
Sumter County,2020-11-16,29.07
Suwannee County,2020-11-16,28.68
Taylor County,2020-11-16,28.47
Union County,2020-11-16,28.72
Volusia County,2020-11-16,29.27
Wakulla County,2020-11-16,28.09
Walton County,2020-11-16,28.39
Washington County,2020-11-16,28.18
Alachua County,2020-11-17,24.68
Baker County,2020-11-17,23.53
Bay County,2020-11-17,23.98
Bradford County,2020-11-17,24.39
Brevard County,2020-11-17,26.16
Broward County,2020-11-17,29.9
Calhoun County,2020-11-17,23.16
Charlotte County,2020-11-17,29.95
Citrus County,2020-11-17,26.41
Clay County,2020-11-17,25.02
Collier County,2020-11-17,29.91
Columbia County,2020-11-17,23.31
DeSoto County,2020-11-17,29.8
Dixie County,2020-11-17,23.94
Duval County,2020-11-17,24.31
Escambia County,2020-11-17,20.72
Flagler County,2020-11-17,25.18
Franklin County,2020-11-17,23.8
Gadsden County,2020-11-17,22.67
Gilchrist County,2020-11-17,24.2
Glades County,2020-11-17,29.83
Gulf County,2020-11-17,23.98
Hamilton County,2020-11-17,22.65
Hardee County,2020-11-17,29.38
Hendry County,2020-11-17,29.78
Hernando County,2020-11-17,27.35
Highlands County,2020-11-17,29.38
Hillsborough County,2020-11-17,28.5
Holmes County,2020-11-17,23.24
Indian River County,2020-11-17,28.09
Jackson County,2020-11-17,22.56
Jefferson County,2020-11-17,23.48
Lafayette County,2020-11-17,23.72
Lake County,2020-11-17,26.81
Lee County,2020-11-17,29.94
Leon County,2020-11-17,23.37
Levy County,2020-11-17,24.75
Liberty County,2020-11-17,23.12
Madison County,2020-11-17,23.1
Manatee County,2020-11-17,29.18
Marion County,2020-11-17,25.67
Martin County,2020-11-17,29.86
Miami-Dade County,2020-11-17,29.86
Monroe County,2020-11-17,29.55
Nassau County,2020-11-17,23.45
Okaloosa County,2020-11-17,22.4
Okeechobee County,2020-11-17,29.18
Orange County,2020-11-17,26.91
Osceola County,2020-11-17,27.79
Palm Beach County,2020-11-17,30.29
Pasco County,2020-11-17,27.85
Pinellas County,2020-11-17,27.82
Polk County,2020-11-17,28.39
Putnam County,2020-11-17,25.28
St. Johns County,2020-11-17,25.09
St. Lucie County,2020-11-17,29.08
Santa Rosa County,2020-11-17,21.09
Sarasota County,2020-11-17,29.47
Seminole County,2020-11-17,26.48
Sumter County,2020-11-17,27.15
Suwannee County,2020-11-17,23.29
Taylor County,2020-11-17,23.77
Union County,2020-11-17,23.93
Volusia County,2020-11-17,25.57
Wakulla County,2020-11-17,23.51
Walton County,2020-11-17,23.34
Washington County,2020-11-17,23.51
Alachua County,2020-11-18,22.25
Baker County,2020-11-18,22.03
Bay County,2020-11-18,22.79
Bradford County,2020-11-18,22.2
Brevard County,2020-11-18,24.42
Broward County,2020-11-18,28.52
Calhoun County,2020-11-18,22.72
Charlotte County,2020-11-18,26.2
Citrus County,2020-11-18,23.13
Clay County,2020-11-18,22.76
Collier County,2020-11-18,27.76
Columbia County,2020-11-18,21.78
DeSoto County,2020-11-18,25.97
Dixie County,2020-11-18,21.98
Duval County,2020-11-18,22.69
Escambia County,2020-11-18,22.7
Flagler County,2020-11-18,22.56
Franklin County,2020-11-18,22.79
Gadsden County,2020-11-18,21.87
Gilchrist County,2020-11-18,22.17
Glades County,2020-11-18,27.1
Gulf County,2020-11-18,23.02
Hamilton County,2020-11-18,21.5
Hardee County,2020-11-18,25.75
Hendry County,2020-11-18,27.48
Hernando County,2020-11-18,23.85
Highlands County,2020-11-18,26.54
Hillsborough County,2020-11-18,24.65
Holmes County,2020-11-18,22.47
Indian River County,2020-11-18,26.2
Jackson County,2020-11-18,22.19
Jefferson County,2020-11-18,21.86
Lafayette County,2020-11-18,22.11
Lake County,2020-11-18,23.64
Lee County,2020-11-18,26.72
Leon County,2020-11-18,22.01
Levy County,2020-11-18,22.19
Liberty County,2020-11-18,22.73
Madison County,2020-11-18,21.68
Manatee County,2020-11-18,25.05
Marion County,2020-11-18,22.61
Martin County,2020-11-18,28.02
Miami-Dade County,2020-11-18,28.71
Monroe County,2020-11-18,28.36
Nassau County,2020-11-18,22.47
Okaloosa County,2020-11-18,22.77
Okeechobee County,2020-11-18,27.12
Orange County,2020-11-18,24.27
Osceola County,2020-11-18,25.5
Palm Beach County,2020-11-18,28.67
Pasco County,2020-11-18,24.24
Pinellas County,2020-11-18,24.38
Polk County,2020-11-18,25.24
Putnam County,2020-11-18,22.54
St. Johns County,2020-11-18,22.82
St. Lucie County,2020-11-18,27.16
Santa Rosa County,2020-11-18,22.38
Sarasota County,2020-11-18,25.28
Seminole County,2020-11-18,23.9
Sumter County,2020-11-18,23.69
Suwannee County,2020-11-18,21.83
Taylor County,2020-11-18,22.16
Union County,2020-11-18,21.99
Volusia County,2020-11-18,23.08
Wakulla County,2020-11-18,22.34
Walton County,2020-11-18,22.74
Washington County,2020-11-18,22.65
Alachua County,2020-11-19,20.92
Baker County,2020-11-19,18.96
Bay County,2020-11-19,20.77
Bradford County,2020-11-19,20.11
Brevard County,2020-11-19,24.04
Broward County,2020-11-19,26.61
Calhoun County,2020-11-19,20.16
Charlotte County,2020-11-19,26.39
Citrus County,2020-11-19,23.24
Clay County,2020-11-19,20.41
Collier County,2020-11-19,26.65
Columbia County,2020-11-19,19.38
DeSoto County,2020-11-19,25.99
Dixie County,2020-11-19,21.09
Duval County,2020-11-19,19.14
Escambia County,2020-11-19,20.32
Flagler County,2020-11-19,21.76
Franklin County,2020-11-19,21.26
Gadsden County,2020-11-19,19.71
Gilchrist County,2020-11-19,20.91
Glades County,2020-11-19,26.2
Gulf County,2020-11-19,21.02
Hamilton County,2020-11-19,19.06
Hardee County,2020-11-19,25.72
Hendry County,2020-11-19,26.34
Hernando County,2020-11-19,24.0
Highlands County,2020-11-19,25.79
Hillsborough County,2020-11-19,25.01
Holmes County,2020-11-19,19.64
Indian River County,2020-11-19,25.03
Jackson County,2020-11-19,19.26
Jefferson County,2020-11-19,19.96
Lafayette County,2020-11-19,20.36
Lake County,2020-11-19,23.3
Lee County,2020-11-19,26.65
Leon County,2020-11-19,20.04
Levy County,2020-11-19,21.86
Liberty County,2020-11-19,20.48
Madison County,2020-11-19,19.6
Manatee County,2020-11-19,25.41
Marion County,2020-11-19,22.01
Martin County,2020-11-19,26.52
Miami-Dade County,2020-11-19,26.94
Monroe County,2020-11-19,27.22
Nassau County,2020-11-19,17.9
Okaloosa County,2020-11-19,20.27
Okeechobee County,2020-11-19,25.7
Orange County,2020-11-19,23.9
Osceola County,2020-11-19,24.68
Palm Beach County,2020-11-19,26.85
Pasco County,2020-11-19,24.38
Pinellas County,2020-11-19,25.05
Polk County,2020-11-19,25.01
Putnam County,2020-11-19,21.2
St. Johns County,2020-11-19,21.03
St. Lucie County,2020-11-19,25.89
Santa Rosa County,2020-11-19,19.96
Sarasota County,2020-11-19,25.77
Seminole County,2020-11-19,23.52
Sumter County,2020-11-19,23.45
Suwannee County,2020-11-19,19.78
Taylor County,2020-11-19,20.6
Union County,2020-11-19,19.81
Volusia County,2020-11-19,22.74
Wakulla County,2020-11-19,20.63
Walton County,2020-11-19,20.3
Washington County,2020-11-19,19.91
Alachua County,2020-11-20,21.73
Baker County,2020-11-20,20.24
Bay County,2020-11-20,22.52
Bradford County,2020-11-20,21.09
Brevard County,2020-11-20,24.51
Broward County,2020-11-20,26.57
Calhoun County,2020-11-20,22.24
Charlotte County,2020-11-20,24.87
Citrus County,2020-11-20,23.55
Clay County,2020-11-20,21.44
Collier County,2020-11-20,26.54
Columbia County,2020-11-20,20.61
DeSoto County,2020-11-20,24.55
Dixie County,2020-11-20,22.0
Duval County,2020-11-20,20.33
Escambia County,2020-11-20,21.09
Flagler County,2020-11-20,22.97
Franklin County,2020-11-20,22.68
Gadsden County,2020-11-20,21.74
Gilchrist County,2020-11-20,21.79
Glades County,2020-11-20,25.48
Gulf County,2020-11-20,22.8
Hamilton County,2020-11-20,20.54
Hardee County,2020-11-20,24.43
Hendry County,2020-11-20,25.91
Hernando County,2020-11-20,24.07
Highlands County,2020-11-20,25.02
Hillsborough County,2020-11-20,24.05
Holmes County,2020-11-20,21.62
Indian River County,2020-11-20,25.15
Jackson County,2020-11-20,21.5
Jefferson County,2020-11-20,21.86
Lafayette County,2020-11-20,21.79
Lake County,2020-11-20,23.91
Lee County,2020-11-20,25.57
Leon County,2020-11-20,21.99
Levy County,2020-11-20,22.34
Liberty County,2020-11-20,22.34
Madison County,2020-11-20,21.41
Manatee County,2020-11-20,23.51
Marion County,2020-11-20,22.73
Martin County,2020-11-20,26.32
Miami-Dade County,2020-11-20,27.18
Monroe County,2020-11-20,27.33
Nassau County,2020-11-20,19.45
Okaloosa County,2020-11-20,21.67
Okeechobee County,2020-11-20,25.39
Orange County,2020-11-20,24.49
Osceola County,2020-11-20,24.83
Palm Beach County,2020-11-20,26.57
Pasco County,2020-11-20,24.09
Pinellas County,2020-11-20,23.74
Polk County,2020-11-20,24.54
Putnam County,2020-11-20,22.19
St. Johns County,2020-11-20,22.14
St. Lucie County,2020-11-20,25.85
Santa Rosa County,2020-11-20,21.0
Sarasota County,2020-11-20,23.51
Seminole County,2020-11-20,24.33
Sumter County,2020-11-20,23.88
Suwannee County,2020-11-20,21.18
Taylor County,2020-11-20,22.14
Union County,2020-11-20,20.84
Volusia County,2020-11-20,23.77
Wakulla County,2020-11-20,22.32
Walton County,2020-11-20,22.01
Washington County,2020-11-20,22.0
Alachua County,2020-11-21,23.97
Baker County,2020-11-21,23.64
Bay County,2020-11-21,24.9
Bradford County,2020-11-21,23.87
Brevard County,2020-11-21,25.09
Broward County,2020-11-21,27.42
Calhoun County,2020-11-21,25.05
Charlotte County,2020-11-21,27.26
Citrus County,2020-11-21,25.18
Clay County,2020-11-21,24.35
Collier County,2020-11-21,27.7
Columbia County,2020-11-21,23.52
DeSoto County,2020-11-21,27.07
Dixie County,2020-11-21,23.9
Duval County,2020-11-21,24.03
Escambia County,2020-11-21,24.55
Flagler County,2020-11-21,24.52
Franklin County,2020-11-21,24.99
Gadsden County,2020-11-21,24.56
Gilchrist County,2020-11-21,23.99
Glades County,2020-11-21,26.9
Gulf County,2020-11-21,25.26
Hamilton County,2020-11-21,23.31
Hardee County,2020-11-21,26.97
Hendry County,2020-11-21,27.2
Hernando County,2020-11-21,25.92
Highlands County,2020-11-21,26.61
Hillsborough County,2020-11-21,26.72
Holmes County,2020-11-21,24.65
Indian River County,2020-11-21,25.8
Jackson County,2020-11-21,24.32
Jefferson County,2020-11-21,24.15
Lafayette County,2020-11-21,23.9
Lake County,2020-11-21,25.25
Lee County,2020-11-21,27.39
Leon County,2020-11-21,24.53
Levy County,2020-11-21,24.2
Liberty County,2020-11-21,25.21
Madison County,2020-11-21,23.74
Manatee County,2020-11-21,26.97
Marion County,2020-11-21,24.38
Martin County,2020-11-21,26.88
Miami-Dade County,2020-11-21,28.02
Monroe County,2020-11-21,28.12
Nassau County,2020-11-21,23.59
Okaloosa County,2020-11-21,24.9
Okeechobee County,2020-11-21,26.41
Orange County,2020-11-21,25.54
Osceola County,2020-11-21,25.91
Palm Beach County,2020-11-21,27.37
Pasco County,2020-11-21,26.3
Pinellas County,2020-11-21,26.4
Polk County,2020-11-21,26.46
Putnam County,2020-11-21,24.21
St. Johns County,2020-11-21,24.59
St. Lucie County,2020-11-21,26.38
Santa Rosa County,2020-11-21,24.38
Sarasota County,2020-11-21,27.04
Seminole County,2020-11-21,25.31
Sumter County,2020-11-21,25.44
Suwannee County,2020-11-21,23.6
Taylor County,2020-11-21,24.09
Union County,2020-11-21,23.69
Volusia County,2020-11-21,24.85
Wakulla County,2020-11-21,24.69
Walton County,2020-11-21,24.97
Washington County,2020-11-21,24.83
Alachua County,2020-11-22,25.01
Baker County,2020-11-22,24.35
Bay County,2020-11-22,25.35
Bradford County,2020-11-22,24.89
Brevard County,2020-11-22,24.21
Broward County,2020-11-22,28.13
Calhoun County,2020-11-22,25.03
Charlotte County,2020-11-22,25.98
Citrus County,2020-11-22,25.58
Clay County,2020-11-22,25.46
Collier County,2020-11-22,28.1
Columbia County,2020-11-22,24.07
DeSoto County,2020-11-22,25.27
Dixie County,2020-11-22,24.32
Duval County,2020-11-22,24.94
Escambia County,2020-11-22,25.8
Flagler County,2020-11-22,25.6
Franklin County,2020-11-22,25.0
Gadsden County,2020-11-22,24.33
Gilchrist County,2020-11-22,24.67
Glades County,2020-11-22,26.33
Gulf County,2020-11-22,25.39
Hamilton County,2020-11-22,23.64
Hardee County,2020-11-22,24.77
Hendry County,2020-11-22,27.35
Hernando County,2020-11-22,25.7
Highlands County,2020-11-22,25.21
Hillsborough County,2020-11-22,24.85
Holmes County,2020-11-22,24.93
Indian River County,2020-11-22,24.87
Jackson County,2020-11-22,24.37
Jefferson County,2020-11-22,24.06
Lafayette County,2020-11-22,24.22
Lake County,2020-11-22,25.67
Lee County,2020-11-22,26.87
Leon County,2020-11-22,24.31
Levy County,2020-11-22,24.91
Liberty County,2020-11-22,25.04
Madison County,2020-11-22,23.82
Manatee County,2020-11-22,24.73
Marion County,2020-11-22,25.43
Martin County,2020-11-22,27.19
Miami-Dade County,2020-11-22,28.17
Monroe County,2020-11-22,28.27
Nassau County,2020-11-22,24.39
Okaloosa County,2020-11-22,25.82
Okeechobee County,2020-11-22,25.61
Orange County,2020-11-22,25.43
Osceola County,2020-11-22,24.9
Palm Beach County,2020-11-22,28.19
Pasco County,2020-11-22,25.44
Pinellas County,2020-11-22,25.1
Polk County,2020-11-22,24.8
Putnam County,2020-11-22,25.48
St. Johns County,2020-11-22,25.64
St. Lucie County,2020-11-22,26.07
Santa Rosa County,2020-11-22,25.54
Sarasota County,2020-11-22,25.14
Seminole County,2020-11-22,25.64
Sumter County,2020-11-22,25.7
Suwannee County,2020-11-22,23.95
Taylor County,2020-11-22,24.16
Union County,2020-11-22,24.5
Volusia County,2020-11-22,25.55
Wakulla County,2020-11-22,24.5
Walton County,2020-11-22,25.62
Washington County,2020-11-22,25.15
Alachua County,2020-11-23,23.61
Baker County,2020-11-23,23.45
Bay County,2020-11-23,25.8
Bradford County,2020-11-23,23.41
Brevard County,2020-11-23,23.92
Broward County,2020-11-23,28.25
Calhoun County,2020-11-23,26.3
Charlotte County,2020-11-23,27.95
Citrus County,2020-11-23,24.1
Clay County,2020-11-23,23.55
Collier County,2020-11-23,28.25
Columbia County,2020-11-23,23.68
DeSoto County,2020-11-23,27.9
Dixie County,2020-11-23,23.94
Duval County,2020-11-23,23.14
Escambia County,2020-11-23,25.25
Flagler County,2020-11-23,22.81
Franklin County,2020-11-23,26.1
Gadsden County,2020-11-23,25.81
Gilchrist County,2020-11-23,24.03
Glades County,2020-11-23,27.99
Gulf County,2020-11-23,26.38
Hamilton County,2020-11-23,23.96
Hardee County,2020-11-23,27.52
Hendry County,2020-11-23,28.12
Hernando County,2020-11-23,24.87
Highlands County,2020-11-23,27.48
Hillsborough County,2020-11-23,26.08
Holmes County,2020-11-23,25.62
Indian River County,2020-11-23,25.78
Jackson County,2020-11-23,25.57
Jefferson County,2020-11-23,25.32
Lafayette County,2020-11-23,24.47
Lake County,2020-11-23,24.3
Lee County,2020-11-23,28.04
Leon County,2020-11-23,25.85
Levy County,2020-11-23,23.6
Liberty County,2020-11-23,26.55
Madison County,2020-11-23,24.77
Manatee County,2020-11-23,27.11
Marion County,2020-11-23,23.51
Martin County,2020-11-23,27.89
Miami-Dade County,2020-11-23,28.26
Monroe County,2020-11-23,28.07
Nassau County,2020-11-23,23.03
Okaloosa County,2020-11-23,25.51
Okeechobee County,2020-11-23,27.15
Orange County,2020-11-23,24.55
Osceola County,2020-11-23,25.54
Palm Beach County,2020-11-23,28.55
Pasco County,2020-11-23,25.44
Pinellas County,2020-11-23,25.7
Polk County,2020-11-23,26.31
Putnam County,2020-11-23,23.2
St. Johns County,2020-11-23,23.1
St. Lucie County,2020-11-23,26.97
Santa Rosa County,2020-11-23,24.99
Sarasota County,2020-11-23,27.42
Seminole County,2020-11-23,24.07
Sumter County,2020-11-23,24.58
Suwannee County,2020-11-23,24.16
Taylor County,2020-11-23,24.85
Union County,2020-11-23,23.52
Volusia County,2020-11-23,23.21
Wakulla County,2020-11-23,25.84
Walton County,2020-11-23,25.62
Washington County,2020-11-23,25.82
Alachua County,2020-11-24,24.53
Baker County,2020-11-24,23.71
Bay County,2020-11-24,23.01
Bradford County,2020-11-24,24.25
Brevard County,2020-11-24,24.01
Broward County,2020-11-24,27.07
Calhoun County,2020-11-24,22.09
Charlotte County,2020-11-24,26.5
Citrus County,2020-11-24,25.0
Clay County,2020-11-24,24.68
Collier County,2020-11-24,26.88
Columbia County,2020-11-24,23.58
DeSoto County,2020-11-24,26.48
Dixie County,2020-11-24,24.26
Duval County,2020-11-24,24.3
Escambia County,2020-11-24,19.59
Flagler County,2020-11-24,24.12
Franklin County,2020-11-24,23.31
Gadsden County,2020-11-24,21.58
Gilchrist County,2020-11-24,24.55
Glades County,2020-11-24,26.25
Gulf County,2020-11-24,23.18
Hamilton County,2020-11-24,22.87
Hardee County,2020-11-24,26.48
Hendry County,2020-11-24,26.59
Hernando County,2020-11-24,25.26
Highlands County,2020-11-24,26.11
Hillsborough County,2020-11-24,25.76
Holmes County,2020-11-24,21.71
Indian River County,2020-11-24,24.85
Jackson County,2020-11-24,21.3
Jefferson County,2020-11-24,22.73
Lafayette County,2020-11-24,23.91
Lake County,2020-11-24,24.99
Lee County,2020-11-24,26.59
Leon County,2020-11-24,22.37
Levy County,2020-11-24,24.71
Liberty County,2020-11-24,22.26
Madison County,2020-11-24,22.83
Manatee County,2020-11-24,26.06
Marion County,2020-11-24,24.6
Martin County,2020-11-24,26.28
Miami-Dade County,2020-11-24,27.21
Monroe County,2020-11-24,27.25
Nassau County,2020-11-24,23.71
Okaloosa County,2020-11-24,20.96
Okeechobee County,2020-11-24,25.72
Orange County,2020-11-24,24.97
Osceola County,2020-11-24,25.28
Palm Beach County,2020-11-24,27.1
Pasco County,2020-11-24,25.41
Pinellas County,2020-11-24,25.09
Polk County,2020-11-24,25.95
Putnam County,2020-11-24,24.45
St. Johns County,2020-11-24,24.6
St. Lucie County,2020-11-24,25.54
Santa Rosa County,2020-11-24,19.77
Sarasota County,2020-11-24,26.08
Seminole County,2020-11-24,24.75
Sumter County,2020-11-24,25.19
Suwannee County,2020-11-24,23.52
Taylor County,2020-11-24,23.65
Union County,2020-11-24,24.02
Volusia County,2020-11-24,24.2
Wakulla County,2020-11-24,22.87
Walton County,2020-11-24,21.89
Washington County,2020-11-24,22.12
Alachua County,2020-11-25,24.72
Baker County,2020-11-25,23.58
Bay County,2020-11-25,23.52
Bradford County,2020-11-25,24.23
Brevard County,2020-11-25,25.59
Broward County,2020-11-25,27.89
Calhoun County,2020-11-25,23.25
Charlotte County,2020-11-25,27.14
Citrus County,2020-11-25,25.78
Clay County,2020-11-25,24.39
Collier County,2020-11-25,27.67
Columbia County,2020-11-25,23.84
DeSoto County,2020-11-25,26.98
Dixie County,2020-11-25,24.44
Duval County,2020-11-25,23.4
Escambia County,2020-11-25,22.84
Flagler County,2020-11-25,24.6
Franklin County,2020-11-25,23.69
Gadsden County,2020-11-25,23.07
Gilchrist County,2020-11-25,24.73
Glades County,2020-11-25,27.16
Gulf County,2020-11-25,23.67
Hamilton County,2020-11-25,23.6
Hardee County,2020-11-25,26.95
Hendry County,2020-11-25,27.3
Hernando County,2020-11-25,26.27
Highlands County,2020-11-25,26.96
Hillsborough County,2020-11-25,26.62
Holmes County,2020-11-25,23.23
Indian River County,2020-11-25,26.58
Jackson County,2020-11-25,22.88
Jefferson County,2020-11-25,23.92
Lafayette County,2020-11-25,24.35
Lake County,2020-11-25,25.78
Lee County,2020-11-25,27.33
Leon County,2020-11-25,23.6
Levy County,2020-11-25,24.95
Liberty County,2020-11-25,23.35
Madison County,2020-11-25,23.95
Manatee County,2020-11-25,26.72
Marion County,2020-11-25,25.11
Martin County,2020-11-25,27.86
Miami-Dade County,2020-11-25,28.11
Monroe County,2020-11-25,27.93
Nassau County,2020-11-25,22.69
Okaloosa County,2020-11-25,22.92
Okeechobee County,2020-11-25,27.17
Orange County,2020-11-25,25.98
Osceola County,2020-11-25,26.46
Palm Beach County,2020-11-25,28.16
Pasco County,2020-11-25,26.45
Pinellas County,2020-11-25,26.44
Polk County,2020-11-25,26.66
Putnam County,2020-11-25,24.63
St. Johns County,2020-11-25,24.36
St. Lucie County,2020-11-25,27.29
Santa Rosa County,2020-11-25,22.39
Sarasota County,2020-11-25,26.82
Seminole County,2020-11-25,25.74
Sumter County,2020-11-25,26.02
Suwannee County,2020-11-25,24.05
Taylor County,2020-11-25,24.2
Union County,2020-11-25,24.11
Volusia County,2020-11-25,25.11
Wakulla County,2020-11-25,23.6
Walton County,2020-11-25,23.27
Washington County,2020-11-25,23.3
Alachua County,2020-11-26,27.22
Baker County,2020-11-26,26.71
Bay County,2020-11-26,26.08
Bradford County,2020-11-26,27.07
Brevard County,2020-11-26,26.71
Broward County,2020-11-26,27.24
Calhoun County,2020-11-26,26.19
Charlotte County,2020-11-26,26.9
Citrus County,2020-11-26,27.72
Clay County,2020-11-26,27.48
Collier County,2020-11-26,26.59
Columbia County,2020-11-26,26.65
DeSoto County,2020-11-26,27.0
Dixie County,2020-11-26,26.8
Duval County,2020-11-26,26.99
Escambia County,2020-11-26,26.25
Flagler County,2020-11-26,27.24
Franklin County,2020-11-26,26.01
Gadsden County,2020-11-26,25.9
Gilchrist County,2020-11-26,27.21
Glades County,2020-11-26,26.74
Gulf County,2020-11-26,26.14
Hamilton County,2020-11-26,26.22
Hardee County,2020-11-26,27.36
Hendry County,2020-11-26,26.67
Hernando County,2020-11-26,28.0
Highlands County,2020-11-26,26.86
Hillsborough County,2020-11-26,27.79
Holmes County,2020-11-26,26.35
Indian River County,2020-11-26,27.0
Jackson County,2020-11-26,26.05
Jefferson County,2020-11-26,26.24
Lafayette County,2020-11-26,26.87
Lake County,2020-11-26,27.83
Lee County,2020-11-26,26.66
Leon County,2020-11-26,26.11
Levy County,2020-11-26,27.19
Liberty County,2020-11-26,26.21
Madison County,2020-11-26,26.32
Manatee County,2020-11-26,27.39
Marion County,2020-11-26,27.4
Martin County,2020-11-26,27.9
Miami-Dade County,2020-11-26,27.14
Monroe County,2020-11-26,27.0
Nassau County,2020-11-26,26.45
Okaloosa County,2020-11-26,26.23
Okeechobee County,2020-11-26,27.1
Orange County,2020-11-26,27.81
Osceola County,2020-11-26,27.48
Palm Beach County,2020-11-26,27.92
Pasco County,2020-11-26,27.98
Pinellas County,2020-11-26,27.24
Polk County,2020-11-26,27.72
Putnam County,2020-11-26,27.33
St. Johns County,2020-11-26,27.43
St. Lucie County,2020-11-26,27.47
Santa Rosa County,2020-11-26,25.97
Sarasota County,2020-11-26,27.15
Seminole County,2020-11-26,27.77
Sumter County,2020-11-26,27.98
Suwannee County,2020-11-26,26.64
Taylor County,2020-11-26,26.56
Union County,2020-11-26,26.91
Volusia County,2020-11-26,27.35
Wakulla County,2020-11-26,26.12
Walton County,2020-11-26,26.27
Washington County,2020-11-26,26.33
Alachua County,2020-11-27,27.49
Baker County,2020-11-27,27.07
Bay County,2020-11-27,27.61
Bradford County,2020-11-27,27.37
Brevard County,2020-11-27,27.59
Broward County,2020-11-27,28.57
Calhoun County,2020-11-27,27.96
Charlotte County,2020-11-27,28.61
Citrus County,2020-11-27,28.07
Clay County,2020-11-27,27.98
Collier County,2020-11-27,29.03
Columbia County,2020-11-27,26.91
DeSoto County,2020-11-27,28.37
Dixie County,2020-11-27,27.59
Duval County,2020-11-27,28.0
Escambia County,2020-11-27,25.28
Flagler County,2020-11-27,28.09
Franklin County,2020-11-27,28.55
Gadsden County,2020-11-27,27.63
Gilchrist County,2020-11-27,27.61
Glades County,2020-11-27,28.3
Gulf County,2020-11-27,28.6
Hamilton County,2020-11-27,26.5
Hardee County,2020-11-27,28.31
Hendry County,2020-11-27,28.49
Hernando County,2020-11-27,28.23
Highlands County,2020-11-27,28.09
Hillsborough County,2020-11-27,28.1
Holmes County,2020-11-27,26.27
Indian River County,2020-11-27,27.75
Jackson County,2020-11-27,26.83
Jefferson County,2020-11-27,27.41
Lafayette County,2020-11-27,27.48
Lake County,2020-11-27,28.1
Lee County,2020-11-27,28.83
Leon County,2020-11-27,27.78
Levy County,2020-11-27,27.71
Liberty County,2020-11-27,28.46
Madison County,2020-11-27,26.92
Manatee County,2020-11-27,28.01
Marion County,2020-11-27,27.68
Martin County,2020-11-27,28.61
Miami-Dade County,2020-11-27,28.76
Monroe County,2020-11-27,29.02
Nassau County,2020-11-27,27.5
Okaloosa County,2020-11-27,26.51
Okeechobee County,2020-11-27,28.0
Orange County,2020-11-27,28.16
Osceola County,2020-11-27,28.01
Palm Beach County,2020-11-27,28.79
Pasco County,2020-11-27,28.12
Pinellas County,2020-11-27,27.42
Polk County,2020-11-27,28.25
Putnam County,2020-11-27,27.74
St. Johns County,2020-11-27,28.45
St. Lucie County,2020-11-27,28.2
Santa Rosa County,2020-11-27,25.66
Sarasota County,2020-11-27,28.12
Seminole County,2020-11-27,28.22
Sumter County,2020-11-27,28.2
Suwannee County,2020-11-27,27.02
Taylor County,2020-11-27,27.72
Union County,2020-11-27,27.15
Volusia County,2020-11-27,28.13
Wakulla County,2020-11-27,28.23
Walton County,2020-11-27,26.79
Washington County,2020-11-27,26.99
Alachua County,2020-11-28,26.91
Baker County,2020-11-28,25.63
Bay County,2020-11-28,27.3
Bradford County,2020-11-28,26.6
Brevard County,2020-11-28,27.36
Broward County,2020-11-28,28.12
Calhoun County,2020-11-28,27.23
Charlotte County,2020-11-28,28.72
Citrus County,2020-11-28,27.76
Clay County,2020-11-28,27.32
Collier County,2020-11-28,28.76
Columbia County,2020-11-28,25.49
DeSoto County,2020-11-28,28.58
Dixie County,2020-11-28,27.09
Duval County,2020-11-28,26.84
Escambia County,2020-11-28,24.44
Flagler County,2020-11-28,27.66
Franklin County,2020-11-28,28.25
Gadsden County,2020-11-28,26.51
Gilchrist County,2020-11-28,26.9
Glades County,2020-11-28,28.15
Gulf County,2020-11-28,28.17
Hamilton County,2020-11-28,24.61
Hardee County,2020-11-28,28.56
Hendry County,2020-11-28,28.23
Hernando County,2020-11-28,28.12
Highlands County,2020-11-28,28.1
Hillsborough County,2020-11-28,28.25
Holmes County,2020-11-28,25.84
Indian River County,2020-11-28,27.48
Jackson County,2020-11-28,25.86
Jefferson County,2020-11-28,26.2
Lafayette County,2020-11-28,26.88
Lake County,2020-11-28,28.09
Lee County,2020-11-28,28.8
Leon County,2020-11-28,26.8
Levy County,2020-11-28,27.11
Liberty County,2020-11-28,27.81
Madison County,2020-11-28,25.52
Manatee County,2020-11-28,28.29
Marion County,2020-11-28,27.44
Martin County,2020-11-28,28.21
Miami-Dade County,2020-11-28,28.38
Monroe County,2020-11-28,28.69
Nassau County,2020-11-28,25.9
Okaloosa County,2020-11-28,25.71
Okeechobee County,2020-11-28,27.8
Orange County,2020-11-28,28.17
Osceola County,2020-11-28,27.96
Palm Beach County,2020-11-28,28.35
Pasco County,2020-11-28,28.17
Pinellas County,2020-11-28,27.65
Polk County,2020-11-28,28.36
Putnam County,2020-11-28,27.46
St. Johns County,2020-11-28,27.73
St. Lucie County,2020-11-28,27.89
Santa Rosa County,2020-11-28,24.61
Sarasota County,2020-11-28,28.39
Seminole County,2020-11-28,28.21
Sumter County,2020-11-28,28.12
Suwannee County,2020-11-28,25.9
Taylor County,2020-11-28,27.14
Union County,2020-11-28,26.14
Volusia County,2020-11-28,27.88
Wakulla County,2020-11-28,27.7
Walton County,2020-11-28,26.34
Washington County,2020-11-28,26.54
Alachua County,2020-11-29,25.25
Baker County,2020-11-29,23.16
Bay County,2020-11-29,23.75
Bradford County,2020-11-29,24.67
Brevard County,2020-11-29,27.92
Broward County,2020-11-29,28.23
Calhoun County,2020-11-29,23.63
Charlotte County,2020-11-29,28.43
Citrus County,2020-11-29,26.87
Clay County,2020-11-29,25.31
Collier County,2020-11-29,28.55
Columbia County,2020-11-29,23.2
DeSoto County,2020-11-29,28.41
Dixie County,2020-11-29,24.82
Duval County,2020-11-29,24.12
Escambia County,2020-11-29,21.56
Flagler County,2020-11-29,26.96
Franklin County,2020-11-29,25.56
Gadsden County,2020-11-29,23.04
Gilchrist County,2020-11-29,24.84
Glades County,2020-11-29,28.47
Gulf County,2020-11-29,25.31
Hamilton County,2020-11-29,22.08
Hardee County,2020-11-29,28.37
Hendry County,2020-11-29,28.44
Hernando County,2020-11-29,27.37
Highlands County,2020-11-29,28.36
Hillsborough County,2020-11-29,27.63
Holmes County,2020-11-29,21.78
Indian River County,2020-11-29,28.2
Jackson County,2020-11-29,21.85
Jefferson County,2020-11-29,23.48
Lafayette County,2020-11-29,24.2
Lake County,2020-11-29,27.85
Lee County,2020-11-29,28.45
Leon County,2020-11-29,23.79
Levy County,2020-11-29,25.54
Liberty County,2020-11-29,24.64
Madison County,2020-11-29,22.86
Manatee County,2020-11-29,27.69
Marion County,2020-11-29,26.53
Martin County,2020-11-29,29.03
Miami-Dade County,2020-11-29,28.07
Monroe County,2020-11-29,28.15
Nassau County,2020-11-29,22.41
Okaloosa County,2020-11-29,22.58
Okeechobee County,2020-11-29,28.42
Orange County,2020-11-29,28.33
Osceola County,2020-11-29,28.37
Palm Beach County,2020-11-29,28.91
Pasco County,2020-11-29,27.45
Pinellas County,2020-11-29,26.6
Polk County,2020-11-29,28.29
Putnam County,2020-11-29,26.13
St. Johns County,2020-11-29,26.07
St. Lucie County,2020-11-29,28.65
Santa Rosa County,2020-11-29,21.93
Sarasota County,2020-11-29,27.79
Seminole County,2020-11-29,28.35
Sumter County,2020-11-29,27.64
Suwannee County,2020-11-29,23.36
Taylor County,2020-11-29,24.42
Union County,2020-11-29,24.12
Volusia County,2020-11-29,27.82
Wakulla County,2020-11-29,24.87
Walton County,2020-11-29,22.65
Washington County,2020-11-29,22.56
Alachua County,2020-11-30,22.51
Baker County,2020-11-30,21.15
Bay County,2020-11-30,23.5
Bradford County,2020-11-30,22.24
Brevard County,2020-11-30,27.61
Broward County,2020-11-30,28.55
Calhoun County,2020-11-30,22.57
Charlotte County,2020-11-30,28.32
Citrus County,2020-11-30,25.1
Clay County,2020-11-30,23.19
Collier County,2020-11-30,28.4
Columbia County,2020-11-30,21.0
DeSoto County,2020-11-30,28.32
Dixie County,2020-11-30,21.85
Duval County,2020-11-30,22.39
Escambia County,2020-11-30,21.81
Flagler County,2020-11-30,25.36
Franklin County,2020-11-30,23.6
Gadsden County,2020-11-30,21.69
Gilchrist County,2020-11-30,21.78
Glades County,2020-11-30,28.58
Gulf County,2020-11-30,23.97
Hamilton County,2020-11-30,20.7
Hardee County,2020-11-30,28.25
Hendry County,2020-11-30,28.42
Hernando County,2020-11-30,26.36
Highlands County,2020-11-30,28.45
Hillsborough County,2020-11-30,27.42
Holmes County,2020-11-30,21.46
Indian River County,2020-11-30,28.27
Jackson County,2020-11-30,21.24
Jefferson County,2020-11-30,21.91
Lafayette County,2020-11-30,21.75
Lake County,2020-11-30,26.87
Lee County,2020-11-30,28.29
Leon County,2020-11-30,22.07
Levy County,2020-11-30,22.59
Liberty County,2020-11-30,22.76
Madison County,2020-11-30,21.41
Manatee County,2020-11-30,27.56
Marion County,2020-11-30,24.5
Martin County,2020-11-30,29.14
Miami-Dade County,2020-11-30,28.52
Monroe County,2020-11-30,28.31
Nassau County,2020-11-30,21.04
Okaloosa County,2020-11-30,22.1
Okeechobee County,2020-11-30,28.63
Orange County,2020-11-30,27.82
Osceola County,2020-11-30,28.26
Palm Beach County,2020-11-30,29.11
Pasco County,2020-11-30,26.88
Pinellas County,2020-11-30,26.44
Polk County,2020-11-30,28.08
Putnam County,2020-11-30,24.12
St. Johns County,2020-11-30,24.19
St. Lucie County,2020-11-30,28.75
Santa Rosa County,2020-11-30,21.6
Sarasota County,2020-11-30,27.66
Seminole County,2020-11-30,27.67
Sumter County,2020-11-30,26.46
Suwannee County,2020-11-30,21.28
Taylor County,2020-11-30,22.17
Union County,2020-11-30,21.59
Volusia County,2020-11-30,26.71
Wakulla County,2020-11-30,22.67
Walton County,2020-11-30,22.42
Washington County,2020-11-30,22.25
Alachua County,2020-12-01,21.04
Baker County,2020-12-01,19.28
Bay County,2020-12-01,17.87
Bradford County,2020-12-01,20.69
Brevard County,2020-12-01,23.91
Broward County,2020-12-01,28.06
Calhoun County,2020-12-01,16.64
Charlotte County,2020-12-01,25.51
Citrus County,2020-12-01,21.6
Clay County,2020-12-01,21.61
Collier County,2020-12-01,26.15
Columbia County,2020-12-01,18.53
DeSoto County,2020-12-01,25.16
Dixie County,2020-12-01,19.73
Duval County,2020-12-01,21.14
Escambia County,2020-12-01,12.61
Flagler County,2020-12-01,23.02
Franklin County,2020-12-01,18.92
Gadsden County,2020-12-01,15.52
Gilchrist County,2020-12-01,20.12
Glades County,2020-12-01,25.73
Gulf County,2020-12-01,18.67
Hamilton County,2020-12-01,16.62
Hardee County,2020-12-01,24.67
Hendry County,2020-12-01,25.62
Hernando County,2020-12-01,22.14
Highlands County,2020-12-01,25.38
Hillsborough County,2020-12-01,23.32
Holmes County,2020-12-01,15.59
Indian River County,2020-12-01,25.67
Jackson County,2020-12-01,15.1
Jefferson County,2020-12-01,16.9
Lafayette County,2020-12-01,18.9
Lake County,2020-12-01,23.12
Lee County,2020-12-01,25.69
Leon County,2020-12-01,16.65
Levy County,2020-12-01,20.88
Liberty County,2020-12-01,17.17
Madison County,2020-12-01,16.76
Manatee County,2020-12-01,23.97
Marion County,2020-12-01,22.11
Martin County,2020-12-01,28.0
Miami-Dade County,2020-12-01,28.23
Monroe County,2020-12-01,27.32
Nassau County,2020-12-01,20.19
Okaloosa County,2020-12-01,13.75
Okeechobee County,2020-12-01,26.26
Orange County,2020-12-01,23.92
Osceola County,2020-12-01,24.68
Palm Beach County,2020-12-01,28.08
Pasco County,2020-12-01,22.68
Pinellas County,2020-12-01,23.0
Polk County,2020-12-01,24.09
Putnam County,2020-12-01,22.29
St. Johns County,2020-12-01,22.51
St. Lucie County,2020-12-01,27.03
Santa Rosa County,2020-12-01,12.73
Sarasota County,2020-12-01,24.66
Seminole County,2020-12-01,24.11
Sumter County,2020-12-01,22.41
Suwannee County,2020-12-01,18.06
Taylor County,2020-12-01,18.64
Union County,2020-12-01,19.82
Volusia County,2020-12-01,23.69
Wakulla County,2020-12-01,17.8
Walton County,2020-12-01,15.35
Washington County,2020-12-01,16.2
Alachua County,2020-12-02,11.66
Baker County,2020-12-02,10.25
Bay County,2020-12-02,12.89
Bradford County,2020-12-02,11.16
Brevard County,2020-12-02,13.92
Broward County,2020-12-02,19.73
Calhoun County,2020-12-02,12.45
Charlotte County,2020-12-02,19.42
Citrus County,2020-12-02,14.29
Clay County,2020-12-02,11.87
Collier County,2020-12-02,20.47
Columbia County,2020-12-02,9.99
DeSoto County,2020-12-02,18.06
Dixie County,2020-12-02,11.78
Duval County,2020-12-02,11.59
Escambia County,2020-12-02,12.75
Flagler County,2020-12-02,12.56
Franklin County,2020-12-02,12.63
Gadsden County,2020-12-02,11.03
Gilchrist County,2020-12-02,11.39
Glades County,2020-12-02,18.94
Gulf County,2020-12-02,13.03
Hamilton County,2020-12-02,9.4
Hardee County,2020-12-02,17.07
Hendry County,2020-12-02,19.8
Hernando County,2020-12-02,15.48
Highlands County,2020-12-02,17.3
Hillsborough County,2020-12-02,17.23
Holmes County,2020-12-02,13.06
Indian River County,2020-12-02,15.49
Jackson County,2020-12-02,11.79
Jefferson County,2020-12-02,10.74
Lafayette County,2020-12-02,10.95
Lake County,2020-12-02,13.21
Lee County,2020-12-02,20.27
Leon County,2020-12-02,10.91
Levy County,2020-12-02,12.71
Liberty County,2020-12-02,12.3
Madison County,2020-12-02,10.25
Manatee County,2020-12-02,17.51
Marion County,2020-12-02,12.61
Martin County,2020-12-02,17.81
Miami-Dade County,2020-12-02,20.02
Monroe County,2020-12-02,21.13
Nassau County,2020-12-02,10.96
Okaloosa County,2020-12-02,12.81
Okeechobee County,2020-12-02,16.81
Orange County,2020-12-02,13.4
Osceola County,2020-12-02,14.63
Palm Beach County,2020-12-02,18.97
Pasco County,2020-12-02,16.38
Pinellas County,2020-12-02,18.78
Polk County,2020-12-02,15.63
Putnam County,2020-12-02,12.23
St. Johns County,2020-12-02,12.67
St. Lucie County,2020-12-02,16.75
Santa Rosa County,2020-12-02,12.59
Sarasota County,2020-12-02,18.45
Seminole County,2020-12-02,13.18
Sumter County,2020-12-02,13.84
Suwannee County,2020-12-02,10.2
Taylor County,2020-12-02,11.35
Union County,2020-12-02,10.61
Volusia County,2020-12-02,12.91
Wakulla County,2020-12-02,11.47
Walton County,2020-12-02,13.04
Washington County,2020-12-02,12.76
Alachua County,2020-12-03,15.23
Baker County,2020-12-03,14.48
Bay County,2020-12-03,16.75
Bradford County,2020-12-03,15.01
Brevard County,2020-12-03,16.83
Broward County,2020-12-03,23.37
Calhoun County,2020-12-03,16.85
Charlotte County,2020-12-03,20.38
Citrus County,2020-12-03,15.19
Clay County,2020-12-03,15.19
Collier County,2020-12-03,22.59
Columbia County,2020-12-03,14.41
DeSoto County,2020-12-03,19.03
Dixie County,2020-12-03,14.4
Duval County,2020-12-03,14.62
Escambia County,2020-12-03,15.57
Flagler County,2020-12-03,16.22
Franklin County,2020-12-03,16.45
Gadsden County,2020-12-03,15.77
Gilchrist County,2020-12-03,14.88
Glades County,2020-12-03,20.36
Gulf County,2020-12-03,17.02
Hamilton County,2020-12-03,13.91
Hardee County,2020-12-03,17.88
Hendry County,2020-12-03,21.89
Hernando County,2020-12-03,15.44
Highlands County,2020-12-03,18.57
Hillsborough County,2020-12-03,16.78
Holmes County,2020-12-03,16.99
Indian River County,2020-12-03,17.96
Jackson County,2020-12-03,16.07
Jefferson County,2020-12-03,15.08
Lafayette County,2020-12-03,14.56
Lake County,2020-12-03,15.25
Lee County,2020-12-03,21.27
Leon County,2020-12-03,15.6
Levy County,2020-12-03,14.9
Liberty County,2020-12-03,16.84
Madison County,2020-12-03,14.49
Manatee County,2020-12-03,18.24
Marion County,2020-12-03,15.24
Martin County,2020-12-03,20.58
Miami-Dade County,2020-12-03,23.79
Monroe County,2020-12-03,23.43
Nassau County,2020-12-03,14.11
Okaloosa County,2020-12-03,16.01
Okeechobee County,2020-12-03,18.87
Orange County,2020-12-03,15.75
Osceola County,2020-12-03,16.66
Palm Beach County,2020-12-03,22.1
Pasco County,2020-12-03,15.83
Pinellas County,2020-12-03,16.6
Polk County,2020-12-03,16.51
Putnam County,2020-12-03,15.36
St. Johns County,2020-12-03,15.93
St. Lucie County,2020-12-03,19.31
Santa Rosa County,2020-12-03,15.53
Sarasota County,2020-12-03,19.58
Seminole County,2020-12-03,16.0
Sumter County,2020-12-03,15.3
Suwannee County,2020-12-03,14.34
Taylor County,2020-12-03,14.87
Union County,2020-12-03,14.82
Volusia County,2020-12-03,16.49
Wakulla County,2020-12-03,15.81
Walton County,2020-12-03,16.6
Washington County,2020-12-03,16.72
Alachua County,2020-12-04,22.19
Baker County,2020-12-04,20.16
Bay County,2020-12-04,17.6
Bradford County,2020-12-04,21.7
Brevard County,2020-12-04,22.27
Broward County,2020-12-04,24.76
Calhoun County,2020-12-04,17.01
Charlotte County,2020-12-04,24.44
Citrus County,2020-12-04,22.55
Clay County,2020-12-04,22.25
Collier County,2020-12-04,24.79
Columbia County,2020-12-04,19.8
DeSoto County,2020-12-04,24.01
Dixie County,2020-12-04,20.51
Duval County,2020-12-04,21.32
Escambia County,2020-12-04,17.99
Flagler County,2020-12-04,22.56
Franklin County,2020-12-04,17.97
Gadsden County,2020-12-04,17.37
Gilchrist County,2020-12-04,21.32
Glades County,2020-12-04,24.32
Gulf County,2020-12-04,17.65
Hamilton County,2020-12-04,18.35
Hardee County,2020-12-04,23.81
Hendry County,2020-12-04,24.53
Hernando County,2020-12-04,22.78
Highlands County,2020-12-04,23.91
Hillsborough County,2020-12-04,23.37
Holmes County,2020-12-04,17.3
Indian River County,2020-12-04,23.17
Jackson County,2020-12-04,16.59
Jefferson County,2020-12-04,18.54
Lafayette County,2020-12-04,20.04
Lake County,2020-12-04,22.74
Lee County,2020-12-04,24.61
Leon County,2020-12-04,18.1
Levy County,2020-12-04,21.92
Liberty County,2020-12-04,17.41
Madison County,2020-12-04,18.58
Manatee County,2020-12-04,23.53
Marion County,2020-12-04,22.78
Martin County,2020-12-04,24.08
Miami-Dade County,2020-12-04,24.71
Monroe County,2020-12-04,24.79
Nassau County,2020-12-04,20.19
Okaloosa County,2020-12-04,17.26
Okeechobee County,2020-12-04,23.92
Orange County,2020-12-04,22.66
Osceola County,2020-12-04,23.09
Palm Beach County,2020-12-04,24.35
Pasco County,2020-12-04,23.03
Pinellas County,2020-12-04,22.69
Polk County,2020-12-04,23.43
Putnam County,2020-12-04,22.7
St. Johns County,2020-12-04,22.64
St. Lucie County,2020-12-04,23.76
Santa Rosa County,2020-12-04,17.39
Sarasota County,2020-12-04,23.93
Seminole County,2020-12-04,22.67
Sumter County,2020-12-04,22.95
Suwannee County,2020-12-04,19.52
Taylor County,2020-12-04,19.47
Union County,2020-12-04,20.97
Volusia County,2020-12-04,22.52
Wakulla County,2020-12-04,18.09
Walton County,2020-12-04,17.41
Washington County,2020-12-04,17.02
Alachua County,2020-12-05,23.62
Baker County,2020-12-05,22.67
Bay County,2020-12-05,22.81
Bradford County,2020-12-05,23.45
Brevard County,2020-12-05,24.07
Broward County,2020-12-05,26.3
Calhoun County,2020-12-05,21.53
Charlotte County,2020-12-05,25.64
Citrus County,2020-12-05,23.64
Clay County,2020-12-05,24.23
Collier County,2020-12-05,26.07
Columbia County,2020-12-05,22.17
DeSoto County,2020-12-05,25.16
Dixie County,2020-12-05,22.56
Duval County,2020-12-05,24.23
Escambia County,2020-12-05,18.38
Flagler County,2020-12-05,24.84
Franklin County,2020-12-05,22.26
Gadsden County,2020-12-05,20.67
Gilchrist County,2020-12-05,23.01
Glades County,2020-12-05,25.68
Gulf County,2020-12-05,22.58
Hamilton County,2020-12-05,21.49
Hardee County,2020-12-05,24.67
Hendry County,2020-12-05,26.07
Hernando County,2020-12-05,23.58
Highlands County,2020-12-05,24.95
Hillsborough County,2020-12-05,23.95
Holmes County,2020-12-05,21.05
Indian River County,2020-12-05,24.95
Jackson County,2020-12-05,20.58
Jefferson County,2020-12-05,21.67
Lafayette County,2020-12-05,22.4
Lake County,2020-12-05,23.75
Lee County,2020-12-05,25.82
Leon County,2020-12-05,21.19
Levy County,2020-12-05,23.39
Liberty County,2020-12-05,21.55
Madison County,2020-12-05,21.77
Manatee County,2020-12-05,24.08
Marion County,2020-12-05,23.95
Martin County,2020-12-05,26.31
Miami-Dade County,2020-12-05,26.13
Monroe County,2020-12-05,26.34
Nassau County,2020-12-05,23.57
Okaloosa County,2020-12-05,20.36
Okeechobee County,2020-12-05,25.19
Orange County,2020-12-05,23.73
Osceola County,2020-12-05,24.03
Palm Beach County,2020-12-05,26.25
Pasco County,2020-12-05,23.59
Pinellas County,2020-12-05,23.01
Polk County,2020-12-05,24.13
Putnam County,2020-12-05,24.3
St. Johns County,2020-12-05,25.15
St. Lucie County,2020-12-05,25.87
Santa Rosa County,2020-12-05,19.18
Sarasota County,2020-12-05,24.62
Seminole County,2020-12-05,24.09
Sumter County,2020-12-05,23.76
Suwannee County,2020-12-05,22.03
Taylor County,2020-12-05,22.33
Union County,2020-12-05,22.84
Volusia County,2020-12-05,24.59
Wakulla County,2020-12-05,21.63
Walton County,2020-12-05,21.5
Washington County,2020-12-05,21.71
Alachua County,2020-12-06,19.07
Baker County,2020-12-06,17.63
Bay County,2020-12-06,20.24
Bradford County,2020-12-06,18.73
Brevard County,2020-12-06,21.69
Broward County,2020-12-06,28.94
Calhoun County,2020-12-06,19.07
Charlotte County,2020-12-06,26.63
Citrus County,2020-12-06,21.62
Clay County,2020-12-06,19.35
Collier County,2020-12-06,28.2
Columbia County,2020-12-06,17.0
DeSoto County,2020-12-06,26.07
Dixie County,2020-12-06,17.72
Duval County,2020-12-06,18.91
Escambia County,2020-12-06,16.53
Flagler County,2020-12-06,19.53
Franklin County,2020-12-06,20.13
Gadsden County,2020-12-06,17.52
Gilchrist County,2020-12-06,18.04
Glades County,2020-12-06,27.24
Gulf County,2020-12-06,20.92
Hamilton County,2020-12-06,15.75
Hardee County,2020-12-06,25.34
Hendry County,2020-12-06,27.96
Hernando County,2020-12-06,22.76
Highlands County,2020-12-06,25.92
Hillsborough County,2020-12-06,24.32
Holmes County,2020-12-06,18.27
Indian River County,2020-12-06,24.83
Jackson County,2020-12-06,17.53
Jefferson County,2020-12-06,17.03
Lafayette County,2020-12-06,16.92
Lake County,2020-12-06,21.38
Lee County,2020-12-06,27.07
Leon County,2020-12-06,17.57
Levy County,2020-12-06,19.39
Liberty County,2020-12-06,19.26
Madison County,2020-12-06,16.19
Manatee County,2020-12-06,24.84
Marion County,2020-12-06,20.46
Martin County,2020-12-06,28.02
Miami-Dade County,2020-12-06,28.74
Monroe County,2020-12-06,28.16
Nassau County,2020-12-06,18.11
Okaloosa County,2020-12-06,17.47
Okeechobee County,2020-12-06,26.04
Orange County,2020-12-06,21.57
Osceola County,2020-12-06,23.17
Palm Beach County,2020-12-06,28.58
Pasco County,2020-12-06,23.52
Pinellas County,2020-12-06,23.78
Polk County,2020-12-06,24.03
Putnam County,2020-12-06,19.67
St. Johns County,2020-12-06,19.59
St. Lucie County,2020-12-06,26.8
Santa Rosa County,2020-12-06,16.73
Sarasota County,2020-12-06,25.4
Seminole County,2020-12-06,21.03
Sumter County,2020-12-06,22.11
Suwannee County,2020-12-06,16.47
Taylor County,2020-12-06,17.27
Union County,2020-12-06,18.04
Volusia County,2020-12-06,20.1
Wakulla County,2020-12-06,18.31
Walton County,2020-12-06,18.49
Washington County,2020-12-06,18.74
Alachua County,2020-12-07,18.22
Baker County,2020-12-07,17.32
Bay County,2020-12-07,20.95
Bradford County,2020-12-07,18.03
Brevard County,2020-12-07,22.36
Broward County,2020-12-07,27.14
Calhoun County,2020-12-07,20.52
Charlotte County,2020-12-07,24.78
Citrus County,2020-12-07,19.44
Clay County,2020-12-07,19.05
Collier County,2020-12-07,25.58
Columbia County,2020-12-07,16.63
DeSoto County,2020-12-07,24.76
Dixie County,2020-12-07,17.2
Duval County,2020-12-07,18.91
Escambia County,2020-12-07,17.04
Flagler County,2020-12-07,20.49
Franklin County,2020-12-07,20.43
Gadsden County,2020-12-07,18.23
Gilchrist County,2020-12-07,17.49
Glades County,2020-12-07,24.71
Gulf County,2020-12-07,21.63
Hamilton County,2020-12-07,15.98
Hardee County,2020-12-07,24.42
Hendry County,2020-12-07,25.04
Hernando County,2020-12-07,20.52
Highlands County,2020-12-07,24.58
Hillsborough County,2020-12-07,22.66
Holmes County,2020-12-07,19.71
Indian River County,2020-12-07,24.13
Jackson County,2020-12-07,18.95
Jefferson County,2020-12-07,17.24
Lafayette County,2020-12-07,16.92
Lake County,2020-12-07,21.19
Lee County,2020-12-07,24.75
Leon County,2020-12-07,17.95
Levy County,2020-12-07,18.17
Liberty County,2020-12-07,20.36
Madison County,2020-12-07,16.56
Manatee County,2020-12-07,23.67
Marion County,2020-12-07,19.62
Martin County,2020-12-07,25.62
Miami-Dade County,2020-12-07,27.4
Monroe County,2020-12-07,26.19
Nassau County,2020-12-07,18.5
Okaloosa County,2020-12-07,18.28
Okeechobee County,2020-12-07,24.73
Orange County,2020-12-07,22.18
Osceola County,2020-12-07,23.45
Palm Beach County,2020-12-07,26.28
Pasco County,2020-12-07,21.51
Pinellas County,2020-12-07,21.4
Polk County,2020-12-07,23.42
Putnam County,2020-12-07,19.64
St. Johns County,2020-12-07,19.9
St. Lucie County,2020-12-07,24.94
Santa Rosa County,2020-12-07,17.41
Sarasota County,2020-12-07,24.12
Seminole County,2020-12-07,22.1
Sumter County,2020-12-07,20.7
Suwannee County,2020-12-07,16.43
Taylor County,2020-12-07,17.31
Union County,2020-12-07,17.31
Volusia County,2020-12-07,21.33
Wakulla County,2020-12-07,18.71
Walton County,2020-12-07,19.43
Washington County,2020-12-07,20.17
Alachua County,2020-12-08,18.04
Baker County,2020-12-08,17.61
Bay County,2020-12-08,16.01
Bradford County,2020-12-08,18.06
Brevard County,2020-12-08,17.5
Broward County,2020-12-08,23.73
Calhoun County,2020-12-08,15.56
Charlotte County,2020-12-08,22.46
Citrus County,2020-12-08,17.25
Clay County,2020-12-08,18.48
Collier County,2020-12-08,23.49
Columbia County,2020-12-08,17.2
DeSoto County,2020-12-08,21.52
Dixie County,2020-12-08,17.11
Duval County,2020-12-08,18.49
Escambia County,2020-12-08,14.35
Flagler County,2020-12-08,17.61
Franklin County,2020-12-08,16.05
Gadsden County,2020-12-08,15.09
Gilchrist County,2020-12-08,17.75
Glades County,2020-12-08,22.73
Gulf County,2020-12-08,16.25
Hamilton County,2020-12-08,16.32
Hardee County,2020-12-08,20.17
Hendry County,2020-12-08,23.06
Hernando County,2020-12-08,17.39
Highlands County,2020-12-08,20.84
Hillsborough County,2020-12-08,18.51
Holmes County,2020-12-08,15.3
Indian River County,2020-12-08,19.46
Jackson County,2020-12-08,14.91
Jefferson County,2020-12-08,16.44
Lafayette County,2020-12-08,17.24
Lake County,2020-12-08,17.34
Lee County,2020-12-08,23.02
Leon County,2020-12-08,15.95
Levy County,2020-12-08,17.54
Liberty County,2020-12-08,15.59
Madison County,2020-12-08,16.5
Manatee County,2020-12-08,19.61
Marion County,2020-12-08,17.51
Martin County,2020-12-08,22.72
Miami-Dade County,2020-12-08,24.71
Monroe County,2020-12-08,23.94
Nassau County,2020-12-08,18.08
Okaloosa County,2020-12-08,14.59
Okeechobee County,2020-12-08,20.55
Orange County,2020-12-08,17.66
Osceola County,2020-12-08,18.35
Palm Beach County,2020-12-08,22.95
Pasco County,2020-12-08,17.74
Pinellas County,2020-12-08,17.78
Polk County,2020-12-08,18.76
Putnam County,2020-12-08,17.93
St. Johns County,2020-12-08,18.52
St. Lucie County,2020-12-08,21.48
Santa Rosa County,2020-12-08,14.28
Sarasota County,2020-12-08,20.8
Seminole County,2020-12-08,17.53
Sumter County,2020-12-08,17.39
Suwannee County,2020-12-08,16.98
Taylor County,2020-12-08,17.03
Union County,2020-12-08,17.76
Volusia County,2020-12-08,17.37
Wakulla County,2020-12-08,16.04
Walton County,2020-12-08,15.19
Washington County,2020-12-08,15.61
Alachua County,2020-12-09,14.68
Baker County,2020-12-09,12.6
Bay County,2020-12-09,15.44
Bradford County,2020-12-09,13.58
Brevard County,2020-12-09,14.95
Broward County,2020-12-09,18.25
Calhoun County,2020-12-09,14.26
Charlotte County,2020-12-09,16.74
Citrus County,2020-12-09,14.96
Clay County,2020-12-09,13.83
Collier County,2020-12-09,18.32
Columbia County,2020-12-09,12.94
DeSoto County,2020-12-09,16.02
Dixie County,2020-12-09,15.76
Duval County,2020-12-09,13.44
Escambia County,2020-12-09,15.68
Flagler County,2020-12-09,14.8
Franklin County,2020-12-09,15.16
Gadsden County,2020-12-09,13.41
Gilchrist County,2020-12-09,15.51
Glades County,2020-12-09,16.55
Gulf County,2020-12-09,15.5
Hamilton County,2020-12-09,12.35
Hardee County,2020-12-09,15.45
Hendry County,2020-12-09,17.52
Hernando County,2020-12-09,14.52
Highlands County,2020-12-09,15.61
Hillsborough County,2020-12-09,14.58
Holmes County,2020-12-09,14.03
Indian River County,2020-12-09,15.58
Jackson County,2020-12-09,13.19
Jefferson County,2020-12-09,14.06
Lafayette County,2020-12-09,14.88
Lake County,2020-12-09,14.51
Lee County,2020-12-09,17.35
Leon County,2020-12-09,13.81
Levy County,2020-12-09,16.06
Liberty County,2020-12-09,14.38
Madison County,2020-12-09,13.66
Manatee County,2020-12-09,14.94
Marion County,2020-12-09,14.76
Martin County,2020-12-09,17.09
Miami-Dade County,2020-12-09,18.62
Monroe County,2020-12-09,19.63
Nassau County,2020-12-09,12.98
Okaloosa County,2020-12-09,15.06
Okeechobee County,2020-12-09,15.8
Orange County,2020-12-09,14.85
Osceola County,2020-12-09,15.06
Palm Beach County,2020-12-09,17.63
Pasco County,2020-12-09,14.41
Pinellas County,2020-12-09,13.88
Polk County,2020-12-09,14.96
Putnam County,2020-12-09,14.27
St. Johns County,2020-12-09,14.52
St. Lucie County,2020-12-09,16.41
Santa Rosa County,2020-12-09,15.35
Sarasota County,2020-12-09,15.7
Seminole County,2020-12-09,15.15
Sumter County,2020-12-09,14.49
Suwannee County,2020-12-09,13.67
Taylor County,2020-12-09,14.99
Union County,2020-12-09,13.36
Volusia County,2020-12-09,15.2
Wakulla County,2020-12-09,14.31
Walton County,2020-12-09,14.91
Washington County,2020-12-09,14.21
Alachua County,2020-12-10,18.18
Baker County,2020-12-10,17.27
Bay County,2020-12-10,20.42
Bradford County,2020-12-10,17.62
Brevard County,2020-12-10,16.39
Broward County,2020-12-10,19.33
Calhoun County,2020-12-10,20.47
Charlotte County,2020-12-10,18.59
Citrus County,2020-12-10,17.99
Clay County,2020-12-10,17.65
Collier County,2020-12-10,19.61
Columbia County,2020-12-10,17.42
DeSoto County,2020-12-10,17.6
Dixie County,2020-12-10,18.56
Duval County,2020-12-10,17.33
Escambia County,2020-12-10,20.93
Flagler County,2020-12-10,16.72
Franklin County,2020-12-10,20.07
Gadsden County,2020-12-10,19.89
Gilchrist County,2020-12-10,18.64
Glades County,2020-12-10,18.31
Gulf County,2020-12-10,20.56
Hamilton County,2020-12-10,17.29
Hardee County,2020-12-10,17.08
Hendry County,2020-12-10,19.06
Hernando County,2020-12-10,17.72
Highlands County,2020-12-10,17.29
Hillsborough County,2020-12-10,17.53
Holmes County,2020-12-10,20.48
Indian River County,2020-12-10,16.98
Jackson County,2020-12-10,19.88
Jefferson County,2020-12-10,19.07
Lafayette County,2020-12-10,18.37
Lake County,2020-12-10,16.87
Lee County,2020-12-10,19.21
Leon County,2020-12-10,19.59
Levy County,2020-12-10,18.74
Liberty County,2020-12-10,20.51
Madison County,2020-12-10,18.31
Manatee County,2020-12-10,17.57
Marion County,2020-12-10,17.75
Martin County,2020-12-10,17.97
Miami-Dade County,2020-12-10,19.17
Monroe County,2020-12-10,19.84
Nassau County,2020-12-10,17.26
Okaloosa County,2020-12-10,20.65
Okeechobee County,2020-12-10,17.34
Orange County,2020-12-10,16.45
Osceola County,2020-12-10,16.61
Palm Beach County,2020-12-10,18.67
Pasco County,2020-12-10,17.64
Pinellas County,2020-12-10,17.73
Polk County,2020-12-10,16.78
Putnam County,2020-12-10,17.36
St. Johns County,2020-12-10,17.41
St. Lucie County,2020-12-10,17.48
Santa Rosa County,2020-12-10,20.68
Sarasota County,2020-12-10,18.13
Seminole County,2020-12-10,16.53
Sumter County,2020-12-10,17.45
Suwannee County,2020-12-10,17.8
Taylor County,2020-12-10,18.82
Union County,2020-12-10,17.55
Volusia County,2020-12-10,16.58
Wakulla County,2020-12-10,19.61
Walton County,2020-12-10,20.58
Washington County,2020-12-10,20.26
Alachua County,2020-12-11,22.31
Baker County,2020-12-11,21.44
Bay County,2020-12-11,22.63
Bradford County,2020-12-11,21.89
Brevard County,2020-12-11,20.41
Broward County,2020-12-11,22.54
Calhoun County,2020-12-11,23.27
Charlotte County,2020-12-11,22.79
Citrus County,2020-12-11,22.38
Clay County,2020-12-11,22.11
Collier County,2020-12-11,22.65
Columbia County,2020-12-11,21.3
DeSoto County,2020-12-11,22.59
Dixie County,2020-12-11,21.82
Duval County,2020-12-11,21.67
Escambia County,2020-12-11,22.6
Flagler County,2020-12-11,21.38
Franklin County,2020-12-11,22.83
Gadsden County,2020-12-11,22.53
Gilchrist County,2020-12-11,22.27
Glades County,2020-12-11,21.62
Gulf County,2020-12-11,23.46
Hamilton County,2020-12-11,20.89
Hardee County,2020-12-11,22.44
Hendry County,2020-12-11,22.0
Hernando County,2020-12-11,22.46
Highlands County,2020-12-11,21.64
Hillsborough County,2020-12-11,22.56
Holmes County,2020-12-11,22.53
Indian River County,2020-12-11,20.94
Jackson County,2020-12-11,22.29
Jefferson County,2020-12-11,21.9
Lafayette County,2020-12-11,21.86
Lake County,2020-12-11,21.83
Lee County,2020-12-11,22.58
Leon County,2020-12-11,22.36
Levy County,2020-12-11,22.39
Liberty County,2020-12-11,23.54
Madison County,2020-12-11,21.49
Manatee County,2020-12-11,22.8
Marion County,2020-12-11,22.35
Martin County,2020-12-11,21.43
Miami-Dade County,2020-12-11,22.63
Monroe County,2020-12-11,22.52
Nassau County,2020-12-11,21.59
Okaloosa County,2020-12-11,22.28
Okeechobee County,2020-12-11,21.28
Orange County,2020-12-11,21.35
Osceola County,2020-12-11,21.33
Palm Beach County,2020-12-11,21.91
Pasco County,2020-12-11,22.59
Pinellas County,2020-12-11,21.79
Polk County,2020-12-11,21.97
Putnam County,2020-12-11,21.99
St. Johns County,2020-12-11,21.7
St. Lucie County,2020-12-11,21.13
Santa Rosa County,2020-12-11,22.33
Sarasota County,2020-12-11,23.05
Seminole County,2020-12-11,21.47
Sumter County,2020-12-11,22.4
Suwannee County,2020-12-11,21.4
Taylor County,2020-12-11,21.88
Union County,2020-12-11,21.62
Volusia County,2020-12-11,21.28
Wakulla County,2020-12-11,22.46
Walton County,2020-12-11,22.38
Washington County,2020-12-11,22.56
Alachua County,2020-12-12,22.72
Baker County,2020-12-12,21.77
Bay County,2020-12-12,22.7
Bradford County,2020-12-12,22.36
Brevard County,2020-12-12,21.86
Broward County,2020-12-12,24.97
Calhoun County,2020-12-12,22.86
Charlotte County,2020-12-12,23.81
Citrus County,2020-12-12,22.49
Clay County,2020-12-12,22.69
Collier County,2020-12-12,24.45
Columbia County,2020-12-12,21.53
DeSoto County,2020-12-12,23.64
Dixie County,2020-12-12,21.93
Duval County,2020-12-12,22.26
Escambia County,2020-12-12,23.03
Flagler County,2020-12-12,22.05
Franklin County,2020-12-12,22.63
Gadsden County,2020-12-12,22.21
Gilchrist County,2020-12-12,22.55
Glades County,2020-12-12,23.6
Gulf County,2020-12-12,23.06
Hamilton County,2020-12-12,20.91
Hardee County,2020-12-12,23.55
Hendry County,2020-12-12,24.07
Hernando County,2020-12-12,22.61
Highlands County,2020-12-12,23.34
Hillsborough County,2020-12-12,22.98
Holmes County,2020-12-12,22.41
Indian River County,2020-12-12,22.94
Jackson County,2020-12-12,22.03
Jefferson County,2020-12-12,21.78
Lafayette County,2020-12-12,21.9
Lake County,2020-12-12,22.58
Lee County,2020-12-12,23.9
Leon County,2020-12-12,22.11
Levy County,2020-12-12,22.6
Liberty County,2020-12-12,23.06
Madison County,2020-12-12,21.45
Manatee County,2020-12-12,23.24
Marion County,2020-12-12,22.79
Martin County,2020-12-12,23.93
Miami-Dade County,2020-12-12,24.94
Monroe County,2020-12-12,24.53
Nassau County,2020-12-12,22.02
Okaloosa County,2020-12-12,22.44
Okeechobee County,2020-12-12,23.38
Orange County,2020-12-12,22.38
Osceola County,2020-12-12,22.78
Palm Beach County,2020-12-12,24.47
Pasco County,2020-12-12,22.85
Pinellas County,2020-12-12,22.22
Polk County,2020-12-12,23.16
Putnam County,2020-12-12,22.61
St. Johns County,2020-12-12,22.43
St. Lucie County,2020-12-12,23.49
Santa Rosa County,2020-12-12,22.63
Sarasota County,2020-12-12,23.48
Seminole County,2020-12-12,22.39
Sumter County,2020-12-12,22.82
Suwannee County,2020-12-12,21.49
Taylor County,2020-12-12,21.8
Union County,2020-12-12,22.02
Volusia County,2020-12-12,22.06
Wakulla County,2020-12-12,22.15
Walton County,2020-12-12,22.42
Washington County,2020-12-12,22.41
Alachua County,2020-12-13,21.87
Baker County,2020-12-13,21.14
Bay County,2020-12-13,24.38
Bradford County,2020-12-13,21.34
Brevard County,2020-12-13,22.47
Broward County,2020-12-13,27.02
Calhoun County,2020-12-13,24.51
Charlotte County,2020-12-13,26.48
Citrus County,2020-12-13,22.61
Clay County,2020-12-13,21.48
Collier County,2020-12-13,26.89
Columbia County,2020-12-13,21.29
DeSoto County,2020-12-13,25.91
Dixie County,2020-12-13,22.29
Duval County,2020-12-13,21.25
Escambia County,2020-12-13,23.73
Flagler County,2020-12-13,21.41
Franklin County,2020-12-13,24.17
Gadsden County,2020-12-13,23.59
Gilchrist County,2020-12-13,22.28
Glades County,2020-12-13,25.31
Gulf County,2020-12-13,24.75
Hamilton County,2020-12-13,21.39
Hardee County,2020-12-13,25.41
Hendry County,2020-12-13,26.04
Hernando County,2020-12-13,23.28
Highlands County,2020-12-13,24.85
Hillsborough County,2020-12-13,24.82
Holmes County,2020-12-13,24.49
Indian River County,2020-12-13,23.47
Jackson County,2020-12-13,23.8
Jefferson County,2020-12-13,23.06
Lafayette County,2020-12-13,22.41
Lake County,2020-12-13,22.5
Lee County,2020-12-13,26.66
Leon County,2020-12-13,23.47
Levy County,2020-12-13,22.39
Liberty County,2020-12-13,24.58
Madison County,2020-12-13,22.49
Manatee County,2020-12-13,25.76
Marion County,2020-12-13,22.1
Martin County,2020-12-13,24.82
Miami-Dade County,2020-12-13,27.1
Monroe County,2020-12-13,26.93
Nassau County,2020-12-13,21.34
Okaloosa County,2020-12-13,24.01
Okeechobee County,2020-12-13,24.29
Orange County,2020-12-13,22.66
Osceola County,2020-12-13,23.37
Palm Beach County,2020-12-13,25.98
Pasco County,2020-12-13,24.01
Pinellas County,2020-12-13,24.7
Polk County,2020-12-13,24.15
Putnam County,2020-12-13,21.5
St. Johns County,2020-12-13,21.35
St. Lucie County,2020-12-13,24.1
Santa Rosa County,2020-12-13,23.76
Sarasota County,2020-12-13,26.42
Seminole County,2020-12-13,22.58
Sumter County,2020-12-13,22.8
Suwannee County,2020-12-13,21.84
Taylor County,2020-12-13,22.84
Union County,2020-12-13,21.28
Volusia County,2020-12-13,22.06
Wakulla County,2020-12-13,23.55
Walton County,2020-12-13,24.26
Washington County,2020-12-13,24.36
Alachua County,2020-12-14,24.16
Baker County,2020-12-14,24.26
Bay County,2020-12-14,23.97
Bradford County,2020-12-14,24.38
Brevard County,2020-12-14,25.79
Broward County,2020-12-14,28.85
Calhoun County,2020-12-14,23.96
Charlotte County,2020-12-14,27.54
Citrus County,2020-12-14,23.85
Clay County,2020-12-14,24.77
Collier County,2020-12-14,28.34
Columbia County,2020-12-14,23.94
DeSoto County,2020-12-14,27.51
Dixie County,2020-12-14,22.7
Duval County,2020-12-14,24.3
Escambia County,2020-12-14,23.04
Flagler County,2020-12-14,24.12
Franklin County,2020-12-14,24.19
Gadsden County,2020-12-14,23.2
Gilchrist County,2020-12-14,23.55
Glades County,2020-12-14,27.44
Gulf County,2020-12-14,24.76
Hamilton County,2020-12-14,23.73
Hardee County,2020-12-14,27.47
Hendry County,2020-12-14,27.91
Hernando County,2020-12-14,24.91
Highlands County,2020-12-14,27.3
Hillsborough County,2020-12-14,26.51
Holmes County,2020-12-14,23.2
Indian River County,2020-12-14,26.96
Jackson County,2020-12-14,22.57
Jefferson County,2020-12-14,23.71
Lafayette County,2020-12-14,23.93
Lake County,2020-12-14,25.64
Lee County,2020-12-14,27.53
Leon County,2020-12-14,23.65
Levy County,2020-12-14,22.83
Liberty County,2020-12-14,24.43
Madison County,2020-12-14,23.91
Manatee County,2020-12-14,27.12
Marion County,2020-12-14,24.55
Martin County,2020-12-14,27.56
Miami-Dade County,2020-12-14,28.77
Monroe County,2020-12-14,28.2
Nassau County,2020-12-14,24.24
Okaloosa County,2020-12-14,23.24
Okeechobee County,2020-12-14,27.35
Orange County,2020-12-14,26.29
Osceola County,2020-12-14,27.05
Palm Beach County,2020-12-14,28.19
Pasco County,2020-12-14,25.83
Pinellas County,2020-12-14,25.3
Polk County,2020-12-14,27.06
Putnam County,2020-12-14,24.65
St. Johns County,2020-12-14,24.09
St. Lucie County,2020-12-14,27.21
Santa Rosa County,2020-12-14,23.02
Sarasota County,2020-12-14,27.33
Seminole County,2020-12-14,26.08
Sumter County,2020-12-14,25.37
Suwannee County,2020-12-14,23.98
Taylor County,2020-12-14,23.69
Union County,2020-12-14,24.13
Volusia County,2020-12-14,24.89
Wakulla County,2020-12-14,23.71
Walton County,2020-12-14,23.43
Washington County,2020-12-14,23.39
Alachua County,2020-12-15,26.37
Baker County,2020-12-15,25.81
Bay County,2020-12-15,21.24
Bradford County,2020-12-15,26.55
Brevard County,2020-12-15,26.35
Broward County,2020-12-15,29.18
Calhoun County,2020-12-15,20.39
Charlotte County,2020-12-15,26.71
Citrus County,2020-12-15,25.48
Clay County,2020-12-15,27.16
Collier County,2020-12-15,28.13
Columbia County,2020-12-15,25.11
DeSoto County,2020-12-15,26.57
Dixie County,2020-12-15,23.99
Duval County,2020-12-15,26.89
Escambia County,2020-12-15,18.22
Flagler County,2020-12-15,26.74
Franklin County,2020-12-15,22.52
Gadsden County,2020-12-15,19.89
Gilchrist County,2020-12-15,25.27
Glades County,2020-12-15,27.75
Gulf County,2020-12-15,22.14
Hamilton County,2020-12-15,23.55
Hardee County,2020-12-15,26.33
Hendry County,2020-12-15,28.14
Hernando County,2020-12-15,25.46
Highlands County,2020-12-15,27.21
Hillsborough County,2020-12-15,25.24
Holmes County,2020-12-15,18.81
Indian River County,2020-12-15,27.3
Jackson County,2020-12-15,18.57
Jefferson County,2020-12-15,21.84
Lafayette County,2020-12-15,24.21
Lake County,2020-12-15,26.68
Lee County,2020-12-15,27.03
Leon County,2020-12-15,21.08
Levy County,2020-12-15,25.03
Liberty County,2020-12-15,21.24
Madison County,2020-12-15,22.64
Manatee County,2020-12-15,25.25
Marion County,2020-12-15,26.64
Martin County,2020-12-15,28.69
Miami-Dade County,2020-12-15,28.94
Monroe County,2020-12-15,28.49
Nassau County,2020-12-15,26.22
Okaloosa County,2020-12-15,19.0
Okeechobee County,2020-12-15,27.72
Orange County,2020-12-15,26.61
Osceola County,2020-12-15,26.74
Palm Beach County,2020-12-15,28.97
Pasco County,2020-12-15,25.43
Pinellas County,2020-12-15,24.66
Polk County,2020-12-15,26.27
Putnam County,2020-12-15,27.04
St. Johns County,2020-12-15,27.21
St. Lucie County,2020-12-15,28.15
Santa Rosa County,2020-12-15,18.68
Sarasota County,2020-12-15,25.55
Seminole County,2020-12-15,26.89
Sumter County,2020-12-15,26.38
Suwannee County,2020-12-15,24.31
Taylor County,2020-12-15,23.26
Union County,2020-12-15,26.02
Volusia County,2020-12-15,26.8
Wakulla County,2020-12-15,21.74
Walton County,2020-12-15,19.34
Washington County,2020-12-15,19.47
Alachua County,2020-12-16,22.49
Baker County,2020-12-16,18.62
Bay County,2020-12-16,20.32
Bradford County,2020-12-16,21.21
Brevard County,2020-12-16,23.75
Broward County,2020-12-16,28.71
Calhoun County,2020-12-16,18.83
Charlotte County,2020-12-16,24.95
Citrus County,2020-12-16,22.94
Clay County,2020-12-16,21.57
Collier County,2020-12-16,27.63
Columbia County,2020-12-16,18.88
DeSoto County,2020-12-16,24.69
Dixie County,2020-12-16,20.82
Duval County,2020-12-16,19.41
Escambia County,2020-12-16,15.11
Flagler County,2020-12-16,23.57
Franklin County,2020-12-16,19.69
Gadsden County,2020-12-16,16.88
Gilchrist County,2020-12-16,21.62
Glades County,2020-12-16,26.12
Gulf County,2020-12-16,20.2
Hamilton County,2020-12-16,17.19
Hardee County,2020-12-16,24.49
Hendry County,2020-12-16,27.22
Hernando County,2020-12-16,22.87
Highlands County,2020-12-16,25.37
Hillsborough County,2020-12-16,22.72
Holmes County,2020-12-16,18.93
Indian River County,2020-12-16,24.83
Jackson County,2020-12-16,17.77
Jefferson County,2020-12-16,17.74
Lafayette County,2020-12-16,20.01
Lake County,2020-12-16,24.54
Lee County,2020-12-16,25.66
Leon County,2020-12-16,17.42
Levy County,2020-12-16,22.42
Liberty County,2020-12-16,18.58
Madison County,2020-12-16,17.87
Manatee County,2020-12-16,22.98
Marion County,2020-12-16,23.93
Martin County,2020-12-16,26.55
Miami-Dade County,2020-12-16,28.66
Monroe County,2020-12-16,28.07
Nassau County,2020-12-16,17.44
Okaloosa County,2020-12-16,16.88
Okeechobee County,2020-12-16,25.61
Orange County,2020-12-16,24.72
Osceola County,2020-12-16,24.94
Palm Beach County,2020-12-16,27.69
Pasco County,2020-12-16,22.82
Pinellas County,2020-12-16,21.01
Polk County,2020-12-16,24.66
Putnam County,2020-12-16,23.25
St. Johns County,2020-12-16,22.31
St. Lucie County,2020-12-16,25.72
Santa Rosa County,2020-12-16,15.5
Sarasota County,2020-12-16,23.45
Seminole County,2020-12-16,24.73
Sumter County,2020-12-16,24.14
Suwannee County,2020-12-16,19.03
Taylor County,2020-12-16,19.36
Union County,2020-12-16,20.37
Volusia County,2020-12-16,24.2
Wakulla County,2020-12-16,18.33
Walton County,2020-12-16,18.57
Washington County,2020-12-16,19.22
Alachua County,2020-12-17,19.32
Baker County,2020-12-17,16.16
Bay County,2020-12-17,17.64
Bradford County,2020-12-17,18.22
Brevard County,2020-12-17,25.44
Broward County,2020-12-17,27.88
Calhoun County,2020-12-17,14.34
Charlotte County,2020-12-17,26.98
Citrus County,2020-12-17,21.55
Clay County,2020-12-17,18.38
Collier County,2020-12-17,27.73
Columbia County,2020-12-17,15.96
DeSoto County,2020-12-17,25.99
Dixie County,2020-12-17,18.49
Duval County,2020-12-17,16.9
Escambia County,2020-12-17,14.1
Flagler County,2020-12-17,20.43
Franklin County,2020-12-17,16.55
Gadsden County,2020-12-17,12.18
Gilchrist County,2020-12-17,18.63
Glades County,2020-12-17,26.69
Gulf County,2020-12-17,16.91
Hamilton County,2020-12-17,13.34
Hardee County,2020-12-17,25.21
Hendry County,2020-12-17,27.1
Hernando County,2020-12-17,22.32
Highlands County,2020-12-17,25.72
Hillsborough County,2020-12-17,24.13
Holmes County,2020-12-17,16.92
Indian River County,2020-12-17,26.65
Jackson County,2020-12-17,13.0
Jefferson County,2020-12-17,13.81
Lafayette County,2020-12-17,16.73
Lake County,2020-12-17,22.38
Lee County,2020-12-17,27.38
Leon County,2020-12-17,13.25
Levy County,2020-12-17,20.26
Liberty County,2020-12-17,14.06
Madison County,2020-12-17,13.65
Manatee County,2020-12-17,25.12
Marion County,2020-12-17,20.75
Martin County,2020-12-17,28.17
Miami-Dade County,2020-12-17,28.26
Monroe County,2020-12-17,28.27
Nassau County,2020-12-17,15.37
Okaloosa County,2020-12-17,16.67
Okeechobee County,2020-12-17,26.46
Orange County,2020-12-17,24.3
Osceola County,2020-12-17,25.48
Palm Beach County,2020-12-17,27.81
Pasco County,2020-12-17,22.96
Pinellas County,2020-12-17,23.52
Polk County,2020-12-17,24.65
Putnam County,2020-12-17,19.58
St. Johns County,2020-12-17,19.21
St. Lucie County,2020-12-17,27.67
Santa Rosa County,2020-12-17,15.08
Sarasota County,2020-12-17,26.22
Seminole County,2020-12-17,23.75
Sumter County,2020-12-17,22.1
Suwannee County,2020-12-17,15.51
Taylor County,2020-12-17,16.32
Union County,2020-12-17,17.51
Volusia County,2020-12-17,22.32
Wakulla County,2020-12-17,14.75
Walton County,2020-12-17,17.8
Washington County,2020-12-17,16.19
Alachua County,2020-12-18,15.85
Baker County,2020-12-18,12.19
Bay County,2020-12-18,8.68
Bradford County,2020-12-18,14.72
Brevard County,2020-12-18,19.19
Broward County,2020-12-18,26.63
Calhoun County,2020-12-18,8.23
Charlotte County,2020-12-18,23.63
Citrus County,2020-12-18,17.16
Clay County,2020-12-18,14.72
Collier County,2020-12-18,25.24
Columbia County,2020-12-18,11.82
DeSoto County,2020-12-18,22.17
Dixie County,2020-12-18,13.34
Duval County,2020-12-18,13.12
Escambia County,2020-12-18,9.77
Flagler County,2020-12-18,15.08
Franklin County,2020-12-18,8.55
Gadsden County,2020-12-18,8.19
Gilchrist County,2020-12-18,14.42
Glades County,2020-12-18,22.96
Gulf County,2020-12-18,8.55
Hamilton County,2020-12-18,9.91
Hardee County,2020-12-18,20.81
Hendry County,2020-12-18,23.9
Hernando County,2020-12-18,18.09
Highlands County,2020-12-18,21.25
Hillsborough County,2020-12-18,19.77
Holmes County,2020-12-18,10.3
Indian River County,2020-12-18,21.28
Jackson County,2020-12-18,7.83
Jefferson County,2020-12-18,10.2
Lafayette County,2020-12-18,12.34
Lake County,2020-12-18,17.4
Lee County,2020-12-18,24.34
Leon County,2020-12-18,9.3
Levy County,2020-12-18,15.74
Liberty County,2020-12-18,8.32
Madison County,2020-12-18,10.44
Manatee County,2020-12-18,21.76
Marion County,2020-12-18,16.74
Martin County,2020-12-18,24.45
Miami-Dade County,2020-12-18,27.42
Monroe County,2020-12-18,26.19
Nassau County,2020-12-18,11.93
Okaloosa County,2020-12-18,10.27
Okeechobee County,2020-12-18,21.57
Orange County,2020-12-18,18.67
Osceola County,2020-12-18,19.88
Palm Beach County,2020-12-18,25.5
Pasco County,2020-12-18,18.92
Pinellas County,2020-12-18,20.05
Polk County,2020-12-18,19.48
Putnam County,2020-12-18,15.58
St. Johns County,2020-12-18,14.38
St. Lucie County,2020-12-18,23.0
Santa Rosa County,2020-12-18,9.98
Sarasota County,2020-12-18,23.47
Seminole County,2020-12-18,18.04
Sumter County,2020-12-18,17.69
Suwannee County,2020-12-18,11.5
Taylor County,2020-12-18,11.25
Union County,2020-12-18,13.69
Volusia County,2020-12-18,16.55
Wakulla County,2020-12-18,8.79
Walton County,2020-12-18,10.21
Washington County,2020-12-18,9.58
Alachua County,2020-12-19,15.53
Baker County,2020-12-19,13.68
Bay County,2020-12-19,14.7
Bradford County,2020-12-19,14.67
Brevard County,2020-12-19,15.11
Broward County,2020-12-19,22.38
Calhoun County,2020-12-19,14.55
Charlotte County,2020-12-19,17.93
Citrus County,2020-12-19,17.04
Clay County,2020-12-19,14.66
Collier County,2020-12-19,20.88
Columbia County,2020-12-19,13.61
DeSoto County,2020-12-19,17.53
Dixie County,2020-12-19,14.31
Duval County,2020-12-19,13.65
Escambia County,2020-12-19,13.88
Flagler County,2020-12-19,14.79
Franklin County,2020-12-19,13.66
Gadsden County,2020-12-19,13.65
Gilchrist County,2020-12-19,15.12
Glades County,2020-12-19,18.66
Gulf County,2020-12-19,14.26
Hamilton County,2020-12-19,12.45
Hardee County,2020-12-19,17.31
Hendry County,2020-12-19,20.17
Hernando County,2020-12-19,17.06
Highlands County,2020-12-19,17.52
Hillsborough County,2020-12-19,16.75
Holmes County,2020-12-19,16.22
Indian River County,2020-12-19,17.16
Jackson County,2020-12-19,14.32
Jefferson County,2020-12-19,13.27
Lafayette County,2020-12-19,13.77
Lake County,2020-12-19,16.04
Lee County,2020-12-19,18.7
Leon County,2020-12-19,13.59
Levy County,2020-12-19,16.0
Liberty County,2020-12-19,14.31
Madison County,2020-12-19,12.87
Manatee County,2020-12-19,16.68
Marion County,2020-12-19,16.46
Martin County,2020-12-19,19.9
Miami-Dade County,2020-12-19,22.77
Monroe County,2020-12-19,22.38
Nassau County,2020-12-19,13.28
Okaloosa County,2020-12-19,14.6
Okeechobee County,2020-12-19,18.04
Orange County,2020-12-19,15.4
Osceola County,2020-12-19,16.19
Palm Beach County,2020-12-19,21.38
Pasco County,2020-12-19,16.92
Pinellas County,2020-12-19,15.3
Polk County,2020-12-19,16.89
Putnam County,2020-12-19,15.2
St. Johns County,2020-12-19,14.57
St. Lucie County,2020-12-19,18.6
Santa Rosa County,2020-12-19,13.8
Sarasota County,2020-12-19,16.89
Seminole County,2020-12-19,15.2
Sumter County,2020-12-19,17.18
Suwannee County,2020-12-19,13.3
Taylor County,2020-12-19,13.44
Union County,2020-12-19,14.37
Volusia County,2020-12-19,14.94
Wakulla County,2020-12-19,13.5
Walton County,2020-12-19,15.51
Washington County,2020-12-19,15.44
Alachua County,2020-12-20,19.56
Baker County,2020-12-20,17.02
Bay County,2020-12-20,16.18
Bradford County,2020-12-20,18.71
Brevard County,2020-12-20,21.85
Broward County,2020-12-20,25.34
Calhoun County,2020-12-20,16.36
Charlotte County,2020-12-20,23.8
Citrus County,2020-12-20,20.84
Clay County,2020-12-20,19.24
Collier County,2020-12-20,25.32
Columbia County,2020-12-20,17.11
DeSoto County,2020-12-20,23.45
Dixie County,2020-12-20,18.73
Duval County,2020-12-20,17.81
Escambia County,2020-12-20,16.13
Flagler County,2020-12-20,21.07
Franklin County,2020-12-20,17.48
Gadsden County,2020-12-20,16.69
Gilchrist County,2020-12-20,18.98
Glades County,2020-12-20,23.59
Gulf County,2020-12-20,16.98
Hamilton County,2020-12-20,16.61
Hardee County,2020-12-20,23.69
Hendry County,2020-12-20,24.49
Hernando County,2020-12-20,21.61
Highlands County,2020-12-20,23.65
Hillsborough County,2020-12-20,22.93
Holmes County,2020-12-20,15.45
Indian River County,2020-12-20,22.84
Jackson County,2020-12-20,15.31
Jefferson County,2020-12-20,17.83
Lafayette County,2020-12-20,18.41
Lake County,2020-12-20,21.95
Lee County,2020-12-20,24.29
Leon County,2020-12-20,17.43
Levy County,2020-12-20,19.79
Liberty County,2020-12-20,17.19
Madison County,2020-12-20,17.72
Manatee County,2020-12-20,23.1
Marion County,2020-12-20,20.95
Martin County,2020-12-20,24.04
Miami-Dade County,2020-12-20,25.69
Monroe County,2020-12-20,25.92
Nassau County,2020-12-20,16.59
Okaloosa County,2020-12-20,15.28
Okeechobee County,2020-12-20,23.51
Orange County,2020-12-20,22.22
Osceola County,2020-12-20,22.84
Palm Beach County,2020-12-20,24.63
Pasco County,2020-12-20,22.26
Pinellas County,2020-12-20,22.37
Polk County,2020-12-20,23.37
Putnam County,2020-12-20,20.48
St. Johns County,2020-12-20,20.07
St. Lucie County,2020-12-20,23.54
Santa Rosa County,2020-12-20,15.32
Sarasota County,2020-12-20,23.32
Seminole County,2020-12-20,22.15
Sumter County,2020-12-20,21.72
Suwannee County,2020-12-20,17.64
Taylor County,2020-12-20,18.39
Union County,2020-12-20,17.97
Volusia County,2020-12-20,21.74
Wakulla County,2020-12-20,17.5
Walton County,2020-12-20,15.51
Washington County,2020-12-20,15.54
Alachua County,2020-12-21,22.15
Baker County,2020-12-21,19.69
Bay County,2020-12-21,14.97
Bradford County,2020-12-21,21.54
Brevard County,2020-12-21,25.35
Broward County,2020-12-21,27.08
Calhoun County,2020-12-21,15.09
Charlotte County,2020-12-21,26.04
Citrus County,2020-12-21,22.03
Clay County,2020-12-21,21.94
Collier County,2020-12-21,26.88
Columbia County,2020-12-21,19.43
DeSoto County,2020-12-21,25.61
Dixie County,2020-12-21,20.49
Duval County,2020-12-21,20.77
Escambia County,2020-12-21,15.39
Flagler County,2020-12-21,22.69
Franklin County,2020-12-21,16.58
Gadsden County,2020-12-21,14.76
Gilchrist County,2020-12-21,21.52
Glades County,2020-12-21,26.4
Gulf County,2020-12-21,16.53
Hamilton County,2020-12-21,17.35
Hardee County,2020-12-21,24.89
Hendry County,2020-12-21,26.19
Hernando County,2020-12-21,22.18
Highlands County,2020-12-21,25.97
Hillsborough County,2020-12-21,22.82
Holmes County,2020-12-21,13.82
Indian River County,2020-12-21,26.43
Jackson County,2020-12-21,13.4
Jefferson County,2020-12-21,16.07
Lafayette County,2020-12-21,19.74
Lake County,2020-12-21,22.8
Lee County,2020-12-21,26.43
Leon County,2020-12-21,15.39
Levy County,2020-12-21,22.0
Liberty County,2020-12-21,16.05
Madison County,2020-12-21,17.06
Manatee County,2020-12-21,23.6
Marion County,2020-12-21,22.47
Martin County,2020-12-21,27.65
Miami-Dade County,2020-12-21,27.43
Monroe County,2020-12-21,27.29
Nassau County,2020-12-21,19.29
Okaloosa County,2020-12-21,14.91
Okeechobee County,2020-12-21,26.56
Orange County,2020-12-21,24.1
Osceola County,2020-12-21,25.14
Palm Beach County,2020-12-21,27.25
Pasco County,2020-12-21,22.43
Pinellas County,2020-12-21,21.66
Polk County,2020-12-21,24.21
Putnam County,2020-12-21,22.38
St. Johns County,2020-12-21,22.19
St. Lucie County,2020-12-21,27.25
Santa Rosa County,2020-12-21,15.41
Sarasota County,2020-12-21,24.54
Seminole County,2020-12-21,24.16
Sumter County,2020-12-21,22.42
Suwannee County,2020-12-21,19.05
Taylor County,2020-12-21,18.15
Union County,2020-12-21,20.84
Volusia County,2020-12-21,23.61
Wakulla County,2020-12-21,15.99
Walton County,2020-12-21,14.42
Washington County,2020-12-21,13.97
Alachua County,2020-12-22,19.13
Baker County,2020-12-22,16.47
Bay County,2020-12-22,18.73
Bradford County,2020-12-22,18.39
Brevard County,2020-12-22,21.38
Broward County,2020-12-22,25.03
Calhoun County,2020-12-22,18.36
Charlotte County,2020-12-22,22.54
Citrus County,2020-12-22,20.2
Clay County,2020-12-22,19.11
Collier County,2020-12-22,24.86
Columbia County,2020-12-22,15.84
DeSoto County,2020-12-22,21.75
Dixie County,2020-12-22,17.78
Duval County,2020-12-22,18.35
Escambia County,2020-12-22,17.83
Flagler County,2020-12-22,20.01
Franklin County,2020-12-22,18.26
Gadsden County,2020-12-22,17.46
Gilchrist County,2020-12-22,18.12
Glades County,2020-12-22,22.39
Gulf County,2020-12-22,18.78
Hamilton County,2020-12-22,14.4
Hardee County,2020-12-22,21.39
Hendry County,2020-12-22,23.32
Hernando County,2020-12-22,20.5
Highlands County,2020-12-22,21.76
Hillsborough County,2020-12-22,20.98
Holmes County,2020-12-22,17.89
Indian River County,2020-12-22,22.04
Jackson County,2020-12-22,17.69
Jefferson County,2020-12-22,16.4
Lafayette County,2020-12-22,16.56
Lake County,2020-12-22,20.37
Lee County,2020-12-22,23.31
Leon County,2020-12-22,17.0
Levy County,2020-12-22,19.49
Liberty County,2020-12-22,18.26
Madison County,2020-12-22,15.44
Manatee County,2020-12-22,21.08
Marion County,2020-12-22,20.02
Martin County,2020-12-22,23.34
Miami-Dade County,2020-12-22,26.51
Monroe County,2020-12-22,25.98
Nassau County,2020-12-22,17.25
Okaloosa County,2020-12-22,17.62
Okeechobee County,2020-12-22,22.09
Orange County,2020-12-22,21.28
Osceola County,2020-12-22,21.82
Palm Beach County,2020-12-22,23.82
Pasco County,2020-12-22,20.75
Pinellas County,2020-12-22,20.41
Polk County,2020-12-22,21.4
Putnam County,2020-12-22,19.75
St. Johns County,2020-12-22,19.83
St. Lucie County,2020-12-22,22.69
Santa Rosa County,2020-12-22,17.46
Sarasota County,2020-12-22,21.72
Seminole County,2020-12-22,21.13
Sumter County,2020-12-22,20.38
Suwannee County,2020-12-22,15.6
Taylor County,2020-12-22,16.75
Union County,2020-12-22,17.34
Volusia County,2020-12-22,20.52
Wakulla County,2020-12-22,17.38
Walton County,2020-12-22,18.07
Washington County,2020-12-22,18.09
Alachua County,2020-12-23,21.43
Baker County,2020-12-23,20.45
Bay County,2020-12-23,21.74
Bradford County,2020-12-23,21.1
Brevard County,2020-12-23,20.08
Broward County,2020-12-23,23.93
Calhoun County,2020-12-23,21.48
Charlotte County,2020-12-23,22.02
Citrus County,2020-12-23,22.02
Clay County,2020-12-23,21.5
Collier County,2020-12-23,23.26
Columbia County,2020-12-23,20.05
DeSoto County,2020-12-23,21.57
Dixie County,2020-12-23,20.38
Duval County,2020-12-23,21.18
Escambia County,2020-12-23,21.1
Flagler County,2020-12-23,20.71
Franklin County,2020-12-23,21.38
Gadsden County,2020-12-23,20.64
Gilchrist County,2020-12-23,20.88
Glades County,2020-12-23,21.43
Gulf County,2020-12-23,21.84
Hamilton County,2020-12-23,19.45
Hardee County,2020-12-23,21.57
Hendry County,2020-12-23,22.38
Hernando County,2020-12-23,22.17
Highlands County,2020-12-23,21.07
Hillsborough County,2020-12-23,22.02
Holmes County,2020-12-23,21.4
Indian River County,2020-12-23,20.81
Jackson County,2020-12-23,20.93
Jefferson County,2020-12-23,20.34
Lafayette County,2020-12-23,20.31
Lake County,2020-12-23,21.5
Lee County,2020-12-23,22.3
Leon County,2020-12-23,20.64
Levy County,2020-12-23,21.31
Liberty County,2020-12-23,21.45
Madison County,2020-12-23,19.93
Manatee County,2020-12-23,21.73
Marion County,2020-12-23,21.77
Martin County,2020-12-23,22.17
Miami-Dade County,2020-12-23,24.58
Monroe County,2020-12-23,24.56
Nassau County,2020-12-23,20.99
Okaloosa County,2020-12-23,20.85
Okeechobee County,2020-12-23,21.08
Orange County,2020-12-23,21.18
Osceola County,2020-12-23,21.18
Palm Beach County,2020-12-23,22.91
Pasco County,2020-12-23,22.19
Pinellas County,2020-12-23,21.47
Polk County,2020-12-23,21.7
Putnam County,2020-12-23,21.42
St. Johns County,2020-12-23,21.3
St. Lucie County,2020-12-23,21.48
Santa Rosa County,2020-12-23,20.7
Sarasota County,2020-12-23,21.93
Seminole County,2020-12-23,21.06
Sumter County,2020-12-23,22.15
Suwannee County,2020-12-23,19.95
Taylor County,2020-12-23,20.45
Union County,2020-12-23,20.64
Volusia County,2020-12-23,20.61
Wakulla County,2020-12-23,20.86
Walton County,2020-12-23,21.26
Washington County,2020-12-23,21.34
Alachua County,2020-12-24,23.98
Baker County,2020-12-24,22.79
Bay County,2020-12-24,22.13
Bradford County,2020-12-24,23.54
Brevard County,2020-12-24,23.83
Broward County,2020-12-24,26.29
Calhoun County,2020-12-24,22.0
Charlotte County,2020-12-24,24.89
Citrus County,2020-12-24,24.43
Clay County,2020-12-24,23.87
Collier County,2020-12-24,25.68
Columbia County,2020-12-24,22.54
DeSoto County,2020-12-24,24.6
Dixie County,2020-12-24,22.99
Duval County,2020-12-24,23.39
Escambia County,2020-12-24,22.25
Flagler County,2020-12-24,23.38
Franklin County,2020-12-24,22.19
Gadsden County,2020-12-24,21.16
Gilchrist County,2020-12-24,23.65
Glades County,2020-12-24,24.95
Gulf County,2020-12-24,22.54
Hamilton County,2020-12-24,21.49
Hardee County,2020-12-24,24.47
Hendry County,2020-12-24,25.25
Hernando County,2020-12-24,24.5
Highlands County,2020-12-24,24.6
Hillsborough County,2020-12-24,24.43
Holmes County,2020-12-24,21.85
Indian River County,2020-12-24,24.71
Jackson County,2020-12-24,21.11
Jefferson County,2020-12-24,21.55
Lafayette County,2020-12-24,22.79
Lake County,2020-12-24,23.97
Lee County,2020-12-24,25.02
Leon County,2020-12-24,21.48
Levy County,2020-12-24,23.99
Liberty County,2020-12-24,22.24
Madison County,2020-12-24,21.61
Manatee County,2020-12-24,24.23
Marion County,2020-12-24,24.27
Martin County,2020-12-24,25.59
Miami-Dade County,2020-12-24,26.59
Monroe County,2020-12-24,26.44
Nassau County,2020-12-24,23.07
Okaloosa County,2020-12-24,21.74
Okeechobee County,2020-12-24,24.99
Orange County,2020-12-24,23.93
Osceola County,2020-12-24,24.31
Palm Beach County,2020-12-24,25.87
Pasco County,2020-12-24,24.52
Pinellas County,2020-12-24,23.54
Polk County,2020-12-24,24.36
Putnam County,2020-12-24,23.88
St. Johns County,2020-12-24,23.64
St. Lucie County,2020-12-24,25.25
Santa Rosa County,2020-12-24,21.89
Sarasota County,2020-12-24,24.45
Seminole County,2020-12-24,23.96
Sumter County,2020-12-24,24.52
Suwannee County,2020-12-24,22.36
Taylor County,2020-12-24,22.36
Union County,2020-12-24,23.17
Volusia County,2020-12-24,23.59
Wakulla County,2020-12-24,21.83
Walton County,2020-12-24,21.87
Washington County,2020-12-24,21.83
Alachua County,2020-12-25,24.85
Baker County,2020-12-25,23.38
Bay County,2020-12-25,21.12
Bradford County,2020-12-25,24.73
Brevard County,2020-12-25,27.36
Broward County,2020-12-25,27.27
Calhoun County,2020-12-25,20.27
Charlotte County,2020-12-25,27.43
Citrus County,2020-12-25,24.67
Clay County,2020-12-25,25.8
Collier County,2020-12-25,25.79
Columbia County,2020-12-25,22.52
DeSoto County,2020-12-25,27.49
Dixie County,2020-12-25,23.16
Duval County,2020-12-25,25.57
Escambia County,2020-12-25,20.23
Flagler County,2020-12-25,26.77
Franklin County,2020-12-25,21.59
Gadsden County,2020-12-25,19.1
Gilchrist County,2020-12-25,23.91
Glades County,2020-12-25,26.88
Gulf County,2020-12-25,21.79
Hamilton County,2020-12-25,20.6
Hardee County,2020-12-25,27.32
Hendry County,2020-12-25,25.67
Hernando County,2020-12-25,24.95
Highlands County,2020-12-25,27.32
Hillsborough County,2020-12-25,26.18
Holmes County,2020-12-25,19.97
Indian River County,2020-12-25,28.15
Jackson County,2020-12-25,18.67
Jefferson County,2020-12-25,20.08
Lafayette County,2020-12-25,22.57
Lake County,2020-12-25,25.48
Lee County,2020-12-25,26.77
Leon County,2020-12-25,19.83
Levy County,2020-12-25,24.38
Liberty County,2020-12-25,20.83
Madison County,2020-12-25,20.35
Manatee County,2020-12-25,26.91
Marion County,2020-12-25,25.31
Martin County,2020-12-25,28.52
Miami-Dade County,2020-12-25,27.42
Monroe County,2020-12-25,26.42
Nassau County,2020-12-25,24.49
Okaloosa County,2020-12-25,20.89
Okeechobee County,2020-12-25,27.87
Orange County,2020-12-25,26.23
Osceola County,2020-12-25,26.99
Palm Beach County,2020-12-25,27.67
Pasco County,2020-12-25,25.4
Pinellas County,2020-12-25,25.17
Polk County,2020-12-25,26.49
Putnam County,2020-12-25,26.03
St. Johns County,2020-12-25,26.66
St. Lucie County,2020-12-25,28.52
Santa Rosa County,2020-12-25,20.68
Sarasota County,2020-12-25,27.41
Seminole County,2020-12-25,26.73
Sumter County,2020-12-25,25.09
Suwannee County,2020-12-25,21.96
Taylor County,2020-12-25,21.84
Union County,2020-12-25,23.84
Volusia County,2020-12-25,26.98
Wakulla County,2020-12-25,20.8
Walton County,2020-12-25,20.83
Washington County,2020-12-25,20.14
Alachua County,2020-12-26,12.7
Baker County,2020-12-26,10.1
Bay County,2020-12-26,12.96
Bradford County,2020-12-26,11.65
Brevard County,2020-12-26,11.83
Broward County,2020-12-26,18.13
Calhoun County,2020-12-26,10.92
Charlotte County,2020-12-26,16.72
Citrus County,2020-12-26,13.26
Clay County,2020-12-26,12.16
Collier County,2020-12-26,18.9
Columbia County,2020-12-26,10.46
DeSoto County,2020-12-26,15.06
Dixie County,2020-12-26,13.53
Duval County,2020-12-26,11.37
Escambia County,2020-12-26,10.09
Flagler County,2020-12-26,13.83
Franklin County,2020-12-26,12.64
Gadsden County,2020-12-26,9.49
Gilchrist County,2020-12-26,13.18
Glades County,2020-12-26,15.29
Gulf County,2020-12-26,12.84
Hamilton County,2020-12-26,9.27
Hardee County,2020-12-26,13.75
Hendry County,2020-12-26,17.18
Hernando County,2020-12-26,12.97
Highlands County,2020-12-26,13.57
Hillsborough County,2020-12-26,13.54
Holmes County,2020-12-26,11.05
Indian River County,2020-12-26,12.59
Jackson County,2020-12-26,9.75
Jefferson County,2020-12-26,10.4
Lafayette County,2020-12-26,12.5
Lake County,2020-12-26,12.26
Lee County,2020-12-26,17.87
Leon County,2020-12-26,9.95
Levy County,2020-12-26,13.89
Liberty County,2020-12-26,11.03
Madison County,2020-12-26,10.34
Manatee County,2020-12-26,14.7
Marion County,2020-12-26,12.95
Martin County,2020-12-26,15.27
Miami-Dade County,2020-12-26,17.68
Monroe County,2020-12-26,18.67
Nassau County,2020-12-26,10.06
Okaloosa County,2020-12-26,10.72
Okeechobee County,2020-12-26,13.5
Orange County,2020-12-26,11.85
Osceola County,2020-12-26,11.92
Palm Beach County,2020-12-26,17.12
Pasco County,2020-12-26,13.02
Pinellas County,2020-12-26,14.0
Polk County,2020-12-26,12.37
Putnam County,2020-12-26,12.92
St. Johns County,2020-12-26,13.74
St. Lucie County,2020-12-26,13.91
Santa Rosa County,2020-12-26,10.08
Sarasota County,2020-12-26,16.17
Seminole County,2020-12-26,12.33
Sumter County,2020-12-26,12.52
Suwannee County,2020-12-26,11.17
Taylor County,2020-12-26,12.32
Union County,2020-12-26,11.25
Volusia County,2020-12-26,13.14
Wakulla County,2020-12-26,11.09
Walton County,2020-12-26,11.64
Washington County,2020-12-26,11.19
Alachua County,2020-12-27,11.51
Baker County,2020-12-27,9.87
Bay County,2020-12-27,11.56
Bradford County,2020-12-27,10.66
Brevard County,2020-12-27,12.57
Broward County,2020-12-27,18.36
Calhoun County,2020-12-27,11.18
Charlotte County,2020-12-27,14.7
Citrus County,2020-12-27,12.77
Clay County,2020-12-27,10.86
Collier County,2020-12-27,17.69
Columbia County,2020-12-27,9.89
DeSoto County,2020-12-27,13.62
Dixie County,2020-12-27,11.62
Duval County,2020-12-27,10.61
Escambia County,2020-12-27,11.53
Flagler County,2020-12-27,11.14
Franklin County,2020-12-27,11.63
Gadsden County,2020-12-27,10.77
Gilchrist County,2020-12-27,11.63
Glades County,2020-12-27,14.92
Gulf County,2020-12-27,11.73
Hamilton County,2020-12-27,9.41
Hardee County,2020-12-27,12.73
Hendry County,2020-12-27,16.74
Hernando County,2020-12-27,12.4
Highlands County,2020-12-27,13.34
Hillsborough County,2020-12-27,12.08
Holmes County,2020-12-27,10.56
Indian River County,2020-12-27,13.46
Jackson County,2020-12-27,10.37
Jefferson County,2020-12-27,10.73
Lafayette County,2020-12-27,11.06
Lake County,2020-12-27,11.26
Lee County,2020-12-27,15.81
Leon County,2020-12-27,10.78
Levy County,2020-12-27,12.47
Liberty County,2020-12-27,11.4
Madison County,2020-12-27,10.31
Manatee County,2020-12-27,12.35
Marion County,2020-12-27,11.87
Martin County,2020-12-27,15.69
Miami-Dade County,2020-12-27,18.53
Monroe County,2020-12-27,18.83
Nassau County,2020-12-27,10.38
Okaloosa County,2020-12-27,10.82
Okeechobee County,2020-12-27,13.8
Orange County,2020-12-27,11.47
Osceola County,2020-12-27,12.2
Palm Beach County,2020-12-27,17.27
Pasco County,2020-12-27,12.03
Pinellas County,2020-12-27,11.18
Polk County,2020-12-27,12.01
Putnam County,2020-12-27,11.03
St. Johns County,2020-12-27,11.32
St. Lucie County,2020-12-27,14.52
Santa Rosa County,2020-12-27,10.98
Sarasota County,2020-12-27,13.15
Seminole County,2020-12-27,11.54
Sumter County,2020-12-27,12.15
Suwannee County,2020-12-27,10.28
Taylor County,2020-12-27,11.28
Union County,2020-12-27,10.33
Volusia County,2020-12-27,11.54
Wakulla County,2020-12-27,11.18
Walton County,2020-12-27,10.96
Washington County,2020-12-27,10.64
Alachua County,2020-12-28,19.12
Baker County,2020-12-28,17.22
Bay County,2020-12-28,15.75
Bradford County,2020-12-28,18.4
Brevard County,2020-12-28,20.24
Broward County,2020-12-28,24.09
Calhoun County,2020-12-28,16.19
Charlotte County,2020-12-28,22.51
Citrus County,2020-12-28,19.85
Clay County,2020-12-28,18.42
Collier County,2020-12-28,23.73
Columbia County,2020-12-28,17.18
DeSoto County,2020-12-28,22.17
Dixie County,2020-12-28,17.7
Duval County,2020-12-28,17.03
Escambia County,2020-12-28,16.4
Flagler County,2020-12-28,18.84
Franklin County,2020-12-28,16.74
Gadsden County,2020-12-28,16.16
Gilchrist County,2020-12-28,18.54
Glades County,2020-12-28,22.61
Gulf County,2020-12-28,16.8
Hamilton County,2020-12-28,16.09
Hardee County,2020-12-28,21.84
Hendry County,2020-12-28,23.27
Hernando County,2020-12-28,20.29
Highlands County,2020-12-28,22.03
Hillsborough County,2020-12-28,20.98
Holmes County,2020-12-28,14.92
Indian River County,2020-12-28,21.6
Jackson County,2020-12-28,15.13
Jefferson County,2020-12-28,16.4
Lafayette County,2020-12-28,17.3
Lake County,2020-12-28,20.31
Lee County,2020-12-28,22.81
Leon County,2020-12-28,16.37
Levy County,2020-12-28,19.12
Liberty County,2020-12-28,16.84
Madison County,2020-12-28,16.35
Manatee County,2020-12-28,21.4
Marion County,2020-12-28,19.91
Martin County,2020-12-28,22.76
Miami-Dade County,2020-12-28,24.17
Monroe County,2020-12-28,23.81
Nassau County,2020-12-28,16.46
Okaloosa County,2020-12-28,15.18
Okeechobee County,2020-12-28,22.22
Orange County,2020-12-28,20.49
Osceola County,2020-12-28,21.16
Palm Beach County,2020-12-28,23.41
Pasco County,2020-12-28,20.67
Pinellas County,2020-12-28,20.04
Polk County,2020-12-28,21.31
Putnam County,2020-12-28,19.1
St. Johns County,2020-12-28,18.13
St. Lucie County,2020-12-28,22.28
Santa Rosa County,2020-12-28,15.66
Sarasota County,2020-12-28,21.8
Seminole County,2020-12-28,20.35
Sumter County,2020-12-28,20.49
Suwannee County,2020-12-28,16.91
Taylor County,2020-12-28,16.81
Union County,2020-12-28,17.99
Volusia County,2020-12-28,19.61
Wakulla County,2020-12-28,16.41
Walton County,2020-12-28,15.04
Washington County,2020-12-28,15.07
Alachua County,2020-12-29,22.48
Baker County,2020-12-29,21.41
Bay County,2020-12-29,20.29
Bradford County,2020-12-29,22.07
Brevard County,2020-12-29,22.18
Broward County,2020-12-29,25.34
Calhoun County,2020-12-29,20.57
Charlotte County,2020-12-29,25.03
Citrus County,2020-12-29,22.55
Clay County,2020-12-29,22.25
Collier County,2020-12-29,25.4
Columbia County,2020-12-29,21.19
DeSoto County,2020-12-29,24.9
Dixie County,2020-12-29,21.3
Duval County,2020-12-29,21.51
Escambia County,2020-12-29,20.14
Flagler County,2020-12-29,21.66
Franklin County,2020-12-29,20.87
Gadsden County,2020-12-29,20.48
Gilchrist County,2020-12-29,22.08
Glades County,2020-12-29,24.71
Gulf County,2020-12-29,20.92
Hamilton County,2020-12-29,20.46
Hardee County,2020-12-29,24.69
Hendry County,2020-12-29,25.02
Hernando County,2020-12-29,23.03
Highlands County,2020-12-29,24.46
Hillsborough County,2020-12-29,23.86
Holmes County,2020-12-29,20.1
Indian River County,2020-12-29,23.44
Jackson County,2020-12-29,19.78
Jefferson County,2020-12-29,20.84
Lafayette County,2020-12-29,21.44
Lake County,2020-12-29,23.01
Lee County,2020-12-29,25.04
Leon County,2020-12-29,20.82
Levy County,2020-12-29,22.12
Liberty County,2020-12-29,21.11
Madison County,2020-12-29,20.8
Manatee County,2020-12-29,24.44
Marion County,2020-12-29,22.8
Martin County,2020-12-29,24.27
Miami-Dade County,2020-12-29,25.44
Monroe County,2020-12-29,25.21
Nassau County,2020-12-29,21.42
Okaloosa County,2020-12-29,19.71
Okeechobee County,2020-12-29,24.28
Orange County,2020-12-29,23.01
Osceola County,2020-12-29,23.59
Palm Beach County,2020-12-29,24.84
Pasco County,2020-12-29,23.53
Pinellas County,2020-12-29,22.99
Polk County,2020-12-29,24.04
Putnam County,2020-12-29,22.37
St. Johns County,2020-12-29,21.65
St. Lucie County,2020-12-29,23.88
Santa Rosa County,2020-12-29,19.7
Sarasota County,2020-12-29,24.77
Seminole County,2020-12-29,22.86
Sumter County,2020-12-29,23.25
Suwannee County,2020-12-29,21.1
Taylor County,2020-12-29,21.08
Union County,2020-12-29,21.74
Volusia County,2020-12-29,22.06
Wakulla County,2020-12-29,20.77
Walton County,2020-12-29,19.9
Washington County,2020-12-29,19.99
Alachua County,2020-12-30,22.31
Baker County,2020-12-30,20.8
Bay County,2020-12-30,22.54
Bradford County,2020-12-30,21.65
Brevard County,2020-12-30,22.84
Broward County,2020-12-30,25.46
Calhoun County,2020-12-30,22.58
Charlotte County,2020-12-30,25.31
Citrus County,2020-12-30,22.95
Clay County,2020-12-30,21.71
Collier County,2020-12-30,25.66
Columbia County,2020-12-30,20.86
DeSoto County,2020-12-30,25.08
Dixie County,2020-12-30,21.73
Duval County,2020-12-30,20.72
Escambia County,2020-12-30,22.12
Flagler County,2020-12-30,21.8
Franklin County,2020-12-30,22.68
Gadsden County,2020-12-30,21.67
Gilchrist County,2020-12-30,22.14
Glades County,2020-12-30,25.13
Gulf County,2020-12-30,23.24
Hamilton County,2020-12-30,20.23
Hardee County,2020-12-30,24.83
Hendry County,2020-12-30,25.32
Hernando County,2020-12-30,23.48
Highlands County,2020-12-30,24.82
Hillsborough County,2020-12-30,24.28
Holmes County,2020-12-30,21.78
Indian River County,2020-12-30,24.16
Jackson County,2020-12-30,21.33
Jefferson County,2020-12-30,21.37
Lafayette County,2020-12-30,21.62
Lake County,2020-12-30,23.06
Lee County,2020-12-30,25.35
Leon County,2020-12-30,21.7
Levy County,2020-12-30,22.45
Liberty County,2020-12-30,22.89
Madison County,2020-12-30,20.98
Manatee County,2020-12-30,24.68
Marion County,2020-12-30,22.78
Martin County,2020-12-30,24.97
Miami-Dade County,2020-12-30,25.51
Monroe County,2020-12-30,25.37
Nassau County,2020-12-30,20.46
Okaloosa County,2020-12-30,21.51
Okeechobee County,2020-12-30,24.84
Orange County,2020-12-30,23.25
Osceola County,2020-12-30,23.95
Palm Beach County,2020-12-30,25.15
Pasco County,2020-12-30,23.97
Pinellas County,2020-12-30,23.62
Polk County,2020-12-30,24.26
Putnam County,2020-12-30,22.12
St. Johns County,2020-12-30,21.36
St. Lucie County,2020-12-30,24.68
Santa Rosa County,2020-12-30,21.52
Sarasota County,2020-12-30,25.02
Seminole County,2020-12-30,23.13
Sumter County,2020-12-30,23.36
Suwannee County,2020-12-30,21.04
Taylor County,2020-12-30,21.59
Union County,2020-12-30,21.36
Volusia County,2020-12-30,22.42
Wakulla County,2020-12-30,21.96
Walton County,2020-12-30,21.84
Washington County,2020-12-30,22.03
Alachua County,2020-12-31,25.17
Baker County,2020-12-31,23.25
Bay County,2020-12-31,24.09
Bradford County,2020-12-31,24.43
Brevard County,2020-12-31,24.73
Broward County,2020-12-31,25.91
Calhoun County,2020-12-31,23.14
Charlotte County,2020-12-31,25.16
Citrus County,2020-12-31,25.68
Clay County,2020-12-31,24.3
Collier County,2020-12-31,25.53
Columbia County,2020-12-31,23.42
DeSoto County,2020-12-31,24.94
Dixie County,2020-12-31,24.28
Duval County,2020-12-31,23.06
Escambia County,2020-12-31,23.54
Flagler County,2020-12-31,24.07
Franklin County,2020-12-31,23.51
Gadsden County,2020-12-31,22.41
Gilchrist County,2020-12-31,24.84
Glades County,2020-12-31,24.96
Gulf County,2020-12-31,23.97
Hamilton County,2020-12-31,22.58
Hardee County,2020-12-31,25.15
Hendry County,2020-12-31,25.16
Hernando County,2020-12-31,26.01
Highlands County,2020-12-31,24.92
Hillsborough County,2020-12-31,25.98
Holmes County,2020-12-31,23.65
Indian River County,2020-12-31,25.49
Jackson County,2020-12-31,22.46
Jefferson County,2020-12-31,23.16
Lafayette County,2020-12-31,24.1
Lake County,2020-12-31,25.55
Lee County,2020-12-31,25.19
Leon County,2020-12-31,22.84
Levy County,2020-12-31,25.21
Liberty County,2020-12-31,23.19
Madison County,2020-12-31,23.17
Manatee County,2020-12-31,25.32
Marion County,2020-12-31,25.53
Martin County,2020-12-31,25.84
Miami-Dade County,2020-12-31,25.94
Monroe County,2020-12-31,25.71
Nassau County,2020-12-31,22.44
Okaloosa County,2020-12-31,23.05
Okeechobee County,2020-12-31,25.42
Orange County,2020-12-31,25.5
Osceola County,2020-12-31,25.51
Palm Beach County,2020-12-31,25.75
Pasco County,2020-12-31,26.21
Pinellas County,2020-12-31,25.6
Polk County,2020-12-31,25.63
Putnam County,2020-12-31,24.7
St. Johns County,2020-12-31,23.81
St. Lucie County,2020-12-31,25.79
Santa Rosa County,2020-12-31,22.85
Sarasota County,2020-12-31,25.2
Seminole County,2020-12-31,25.39
Sumter County,2020-12-31,25.92
Suwannee County,2020-12-31,23.56
Taylor County,2020-12-31,23.78
Union County,2020-12-31,24.11
Volusia County,2020-12-31,24.63
Wakulla County,2020-12-31,22.99
Walton County,2020-12-31,23.65
Washington County,2020-12-31,23.66
