region_name,date,value
Alachua County,2020-01-01,6.59
Baker County,2020-01-01,5.26
Bay County,2020-01-01,7.76
Bradford County,2020-01-01,6.44
Brevard County,2020-01-01,10.17
Broward County,2020-01-01,13.69
Calhoun County,2020-01-01,5.28
Charlotte County,2020-01-01,11.06
Citrus County,2020-01-01,8.73
Clay County,2020-01-01,7.79
Collier County,2020-01-01,12.43
Columbia County,2020-01-01,4.32
DeSoto County,2020-01-01,9.5
Dixie County,2020-01-01,5.48
Duval County,2020-01-01,7.69
Escambia County,2020-01-01,4.13
Flagler County,2020-01-01,8.66
Franklin County,2020-01-01,6.1
Gadsden County,2020-01-01,3.48
Gilchrist County,2020-01-01,5.36
Glades County,2020-01-01,10.38
Gulf County,2020-01-01,6.73
Hamilton County,2020-01-01,3.46
Hardee County,2020-01-01,9.25
Hendry County,2020-01-01,11.09
Hernando County,2020-01-01,10.07
Highlands County,2020-01-01,9.3
Hillsborough County,2020-01-01,11.48
Holmes County,2020-01-01,5.88
Indian River County,2020-01-01,10.36
Jackson County,2020-01-01,4.91
Jefferson County,2020-01-01,4.05
Lafayette County,2020-01-01,3.98
Lake County,2020-01-01,9.71
Lee County,2020-01-01,12.11
Leon County,2020-01-01,3.64
Levy County,2020-01-01,7.37
Liberty County,2020-01-01,4.6
Madison County,2020-01-01,3.75
Manatee County,2020-01-01,11.07
Marion County,2020-01-01,8.2
Martin County,2020-01-01,12.39
Miami-Dade County,2020-01-01,15.08
Monroe County,2020-01-01,15.89
Nassau County,2020-01-01,6.69
Okaloosa County,2020-01-01,4.61
Okeechobee County,2020-01-01,10.16
Orange County,2020-01-01,9.92
Osceola County,2020-01-01,9.45
Palm Beach County,2020-01-01,12.9
Pasco County,2020-01-01,10.82
Pinellas County,2020-01-01,12.89
Polk County,2020-01-01,9.68
Putnam County,2020-01-01,8.5
St. Johns County,2020-01-01,8.8
St. Lucie County,2020-01-01,11.52
Santa Rosa County,2020-01-01,3.74
Sarasota County,2020-01-01,11.24
Seminole County,2020-01-01,9.58
Sumter County,2020-01-01,9.37
Suwannee County,2020-01-01,3.69
Taylor County,2020-01-01,4.76
Union County,2020-01-01,5.31
Volusia County,2020-01-01,8.76
Wakulla County,2020-01-01,4.41
Walton County,2020-01-01,6.0
Washington County,2020-01-01,6.8
Alachua County,2020-01-02,6.11
Baker County,2020-01-02,4.83
Bay County,2020-01-02,9.12
Bradford County,2020-01-02,5.91
Brevard County,2020-01-02,11.16
Broward County,2020-01-02,14.04
Calhoun County,2020-01-02,6.1
Charlotte County,2020-01-02,11.35
Citrus County,2020-01-02,8.25
Clay County,2020-01-02,7.18
Collier County,2020-01-02,12.48
Columbia County,2020-01-02,4.3
DeSoto County,2020-01-02,10.37
Dixie County,2020-01-02,5.65
Duval County,2020-01-02,7.28
Escambia County,2020-01-02,4.91
Flagler County,2020-01-02,9.17
Franklin County,2020-01-02,6.95
Gadsden County,2020-01-02,4.53
Gilchrist County,2020-01-02,5.27
Glades County,2020-01-02,11.59
Gulf County,2020-01-02,7.55
Hamilton County,2020-01-02,3.87
Hardee County,2020-01-02,10.22
Hendry County,2020-01-02,11.95
Hernando County,2020-01-02,9.58
Highlands County,2020-01-02,10.67
Hillsborough County,2020-01-02,11.2
Holmes County,2020-01-02,6.26
Indian River County,2020-01-02,10.84
Jackson County,2020-01-02,5.89
Jefferson County,2020-01-02,5.22
Lafayette County,2020-01-02,4.39
Lake County,2020-01-02,10.11
Lee County,2020-01-02,12.24
Leon County,2020-01-02,4.64
Levy County,2020-01-02,7.05
Liberty County,2020-01-02,5.06
Madison County,2020-01-02,4.7
Manatee County,2020-01-02,10.75
Marion County,2020-01-02,7.81
Martin County,2020-01-02,12.53
Miami-Dade County,2020-01-02,15.41
Monroe County,2020-01-02,15.72
Nassau County,2020-01-02,6.2
Okaloosa County,2020-01-02,4.61
Okeechobee County,2020-01-02,11.15
Orange County,2020-01-02,10.97
Osceola County,2020-01-02,10.58
Palm Beach County,2020-01-02,13.17
Pasco County,2020-01-02,10.37
Pinellas County,2020-01-02,12.05
Polk County,2020-01-02,10.63
Putnam County,2020-01-02,8.07
St. Johns County,2020-01-02,8.79
St. Lucie County,2020-01-02,11.78
Santa Rosa County,2020-01-02,4.02
Sarasota County,2020-01-02,10.64
Seminole County,2020-01-02,10.69
Sumter County,2020-01-02,9.14
Suwannee County,2020-01-02,4.12
Taylor County,2020-01-02,5.54
Union County,2020-01-02,5.02
Volusia County,2020-01-02,9.92
Wakulla County,2020-01-02,5.17
Walton County,2020-01-02,6.36
Washington County,2020-01-02,7.55
Alachua County,2020-01-03,9.7
Baker County,2020-01-03,8.77
Bay County,2020-01-03,15.03
Bradford County,2020-01-03,9.11
Brevard County,2020-01-03,12.92
Broward County,2020-01-03,16.55
Calhoun County,2020-01-03,13.05
Charlotte County,2020-01-03,14.63
Citrus County,2020-01-03,10.9
Clay County,2020-01-03,9.64
Collier County,2020-01-03,15.24
Columbia County,2020-01-03,8.96
DeSoto County,2020-01-03,13.74
Dixie County,2020-01-03,11.33
Duval County,2020-01-03,9.64
Escambia County,2020-01-03,15.85
Flagler County,2020-01-03,10.44
Franklin County,2020-01-03,14.1
Gadsden County,2020-01-03,12.85
Gilchrist County,2020-01-03,10.28
Glades County,2020-01-03,15.2
Gulf County,2020-01-03,14.43
Hamilton County,2020-01-03,9.68
Hardee County,2020-01-03,12.79
Hendry County,2020-01-03,15.42
Hernando County,2020-01-03,11.58
Highlands County,2020-01-03,13.83
Hillsborough County,2020-01-03,12.66
Holmes County,2020-01-03,12.06
Indian River County,2020-01-03,12.78
Jackson County,2020-01-03,12.63
Jefferson County,2020-01-03,13.11
Lafayette County,2020-01-03,10.45
Lake County,2020-01-03,11.4
Lee County,2020-01-03,15.4
Leon County,2020-01-03,13.08
Levy County,2020-01-03,11.4
Liberty County,2020-01-03,12.85
Madison County,2020-01-03,11.75
Manatee County,2020-01-03,12.94
Marion County,2020-01-03,10.21
Martin County,2020-01-03,14.86
Miami-Dade County,2020-01-03,17.03
Monroe County,2020-01-03,17.46
Nassau County,2020-01-03,9.37
Okaloosa County,2020-01-03,13.22
Okeechobee County,2020-01-03,13.74
Orange County,2020-01-03,12.2
Osceola County,2020-01-03,12.19
Palm Beach County,2020-01-03,15.87
Pasco County,2020-01-03,12.04
Pinellas County,2020-01-03,13.62
Polk County,2020-01-03,12.14
Putnam County,2020-01-03,10.06
St. Johns County,2020-01-03,10.25
St. Lucie County,2020-01-03,13.91
Santa Rosa County,2020-01-03,14.27
Sarasota County,2020-01-03,13.2
Seminole County,2020-01-03,11.96
Sumter County,2020-01-03,10.9
Suwannee County,2020-01-03,9.77
Taylor County,2020-01-03,12.48
Union County,2020-01-03,8.82
Volusia County,2020-01-03,11.29
Wakulla County,2020-01-03,13.15
Walton County,2020-01-03,13.06
Washington County,2020-01-03,13.41
Alachua County,2020-01-04,17.8
Baker County,2020-01-04,16.78
Bay County,2020-01-04,18.37
Bradford County,2020-01-04,17.8
Brevard County,2020-01-04,20.7
Broward County,2020-01-04,21.11
Calhoun County,2020-01-04,18.09
Charlotte County,2020-01-04,19.72
Citrus County,2020-01-04,17.82
Clay County,2020-01-04,19.02
Collier County,2020-01-04,19.04
Columbia County,2020-01-04,16.62
DeSoto County,2020-01-04,19.38
Dixie County,2020-01-04,18.21
Duval County,2020-01-04,18.9
Escambia County,2020-01-04,13.92
Flagler County,2020-01-04,20.45
Franklin County,2020-01-04,18.77
Gadsden County,2020-01-04,16.47
Gilchrist County,2020-01-04,17.76
Glades County,2020-01-04,19.54
Gulf County,2020-01-04,18.86
Hamilton County,2020-01-04,15.82
Hardee County,2020-01-04,19.58
Hendry County,2020-01-04,18.97
Hernando County,2020-01-04,18.73
Highlands County,2020-01-04,19.65
Hillsborough County,2020-01-04,20.15
Holmes County,2020-01-04,16.06
Indian River County,2020-01-04,19.77
Jackson County,2020-01-04,16.85
Jefferson County,2020-01-04,16.3
Lafayette County,2020-01-04,17.93
Lake County,2020-01-04,19.73
Lee County,2020-01-04,19.72
Leon County,2020-01-04,16.36
Levy County,2020-01-04,18.07
Liberty County,2020-01-04,18.24
Madison County,2020-01-04,16.44
Manatee County,2020-01-04,19.82
Marion County,2020-01-04,18.36
Martin County,2020-01-04,20.76
Miami-Dade County,2020-01-04,21.56
Monroe County,2020-01-04,21.56
Nassau County,2020-01-04,17.72
Okaloosa County,2020-01-04,15.05
Okeechobee County,2020-01-04,19.96
Orange County,2020-01-04,20.42
Osceola County,2020-01-04,19.92
Palm Beach County,2020-01-04,20.89
Pasco County,2020-01-04,19.41
Pinellas County,2020-01-04,20.2
Polk County,2020-01-04,19.92
Putnam County,2020-01-04,19.54
St. Johns County,2020-01-04,20.21
St. Lucie County,2020-01-04,20.15
Santa Rosa County,2020-01-04,14.0
Sarasota County,2020-01-04,19.51
Seminole County,2020-01-04,20.65
Sumter County,2020-01-04,18.55
Suwannee County,2020-01-04,17.15
Taylor County,2020-01-04,18.33
Union County,2020-01-04,17.14
Volusia County,2020-01-04,20.53
Wakulla County,2020-01-04,17.85
Walton County,2020-01-04,16.18
Washington County,2020-01-04,17.46
Alachua County,2020-01-05,7.46
Baker County,2020-01-05,6.6
Bay County,2020-01-05,6.01
Bradford County,2020-01-05,7.88
Brevard County,2020-01-05,8.78
Broward County,2020-01-05,13.18
Calhoun County,2020-01-05,4.94
Charlotte County,2020-01-05,12.01
Citrus County,2020-01-05,8.42
Clay County,2020-01-05,8.86
Collier County,2020-01-05,13.19
Columbia County,2020-01-05,4.44
DeSoto County,2020-01-05,9.33
Dixie County,2020-01-05,4.11
Duval County,2020-01-05,8.19
Escambia County,2020-01-05,2.96
Flagler County,2020-01-05,8.47
Franklin County,2020-01-05,6.55
Gadsden County,2020-01-05,4.51
Gilchrist County,2020-01-05,4.55
Glades County,2020-01-05,9.59
Gulf County,2020-01-05,6.48
Hamilton County,2020-01-05,2.59
Hardee County,2020-01-05,8.55
Hendry County,2020-01-05,10.9
Hernando County,2020-01-05,9.98
Highlands County,2020-01-05,7.81
Hillsborough County,2020-01-05,13.01
Holmes County,2020-01-05,3.93
Indian River County,2020-01-05,8.66
Jackson County,2020-01-05,4.35
Jefferson County,2020-01-05,3.87
Lafayette County,2020-01-05,2.02
Lake County,2020-01-05,8.36
Lee County,2020-01-05,13.03
Leon County,2020-01-05,4.46
Levy County,2020-01-05,6.99
Liberty County,2020-01-05,5.26
Madison County,2020-01-05,2.36
Manatee County,2020-01-05,13.46
Marion County,2020-01-05,8.09
Martin County,2020-01-05,11.22
Miami-Dade County,2020-01-05,14.44
Monroe County,2020-01-05,15.99
Nassau County,2020-01-05,7.5
Okaloosa County,2020-01-05,3.6
Okeechobee County,2020-01-05,8.58
Orange County,2020-01-05,8.26
Osceola County,2020-01-05,7.4
Palm Beach County,2020-01-05,12.01
Pasco County,2020-01-05,11.32
Pinellas County,2020-01-05,16.8
Polk County,2020-01-05,8.01
Putnam County,2020-01-05,9.05
St. Johns County,2020-01-05,8.68
St. Lucie County,2020-01-05,10.1
Santa Rosa County,2020-01-05,2.89
Sarasota County,2020-01-05,14.09
Seminole County,2020-01-05,8.38
Sumter County,2020-01-05,8.09
Suwannee County,2020-01-05,2.14
Taylor County,2020-01-05,3.48
Union County,2020-01-05,6.27
Volusia County,2020-01-05,8.3
Wakulla County,2020-01-05,5.14
Walton County,2020-01-05,4.3
Washington County,2020-01-05,4.65
Alachua County,2020-01-06,3.58
Baker County,2020-01-06,2.85
Bay County,2020-01-06,4.47
Bradford County,2020-01-06,3.83
Brevard County,2020-01-06,5.85
Broward County,2020-01-06,10.62
Calhoun County,2020-01-06,2.33
Charlotte County,2020-01-06,5.07
Citrus County,2020-01-06,4.14
Clay County,2020-01-06,4.94
Collier County,2020-01-06,7.85
Columbia County,2020-01-06,1.89
DeSoto County,2020-01-06,2.98
Dixie County,2020-01-06,2.6
Duval County,2020-01-06,5.1
Escambia County,2020-01-06,2.0
Flagler County,2020-01-06,5.14
Franklin County,2020-01-06,3.71
Gadsden County,2020-01-06,1.88
Gilchrist County,2020-01-06,2.49
Glades County,2020-01-06,4.83
Gulf County,2020-01-06,3.88
Hamilton County,2020-01-06,0.85
Hardee County,2020-01-06,3.11
Hendry County,2020-01-06,6.53
Hernando County,2020-01-06,5.15
Highlands County,2020-01-06,2.82
Hillsborough County,2020-01-06,6.88
Holmes County,2020-01-06,1.8
Indian River County,2020-01-06,5.92
Jackson County,2020-01-06,2.25
Jefferson County,2020-01-06,2.13
Lafayette County,2020-01-06,1.19
Lake County,2020-01-06,4.76
Lee County,2020-01-06,6.58
Leon County,2020-01-06,1.88
Levy County,2020-01-06,3.96
Liberty County,2020-01-06,1.91
Madison County,2020-01-06,1.35
Manatee County,2020-01-06,6.12
Marion County,2020-01-06,3.88
Martin County,2020-01-06,9.56
Miami-Dade County,2020-01-06,11.49
Monroe County,2020-01-06,11.66
Nassau County,2020-01-06,3.98
Okaloosa County,2020-01-06,1.04
Okeechobee County,2020-01-06,5.23
Orange County,2020-01-06,5.37
Osceola County,2020-01-06,4.48
Palm Beach County,2020-01-06,10.24
Pasco County,2020-01-06,5.97
Pinellas County,2020-01-06,9.25
Polk County,2020-01-06,4.31
Putnam County,2020-01-06,4.91
St. Johns County,2020-01-06,5.91
St. Lucie County,2020-01-06,7.91
Santa Rosa County,2020-01-06,0.96
Sarasota County,2020-01-06,6.06
Seminole County,2020-01-06,5.18
Sumter County,2020-01-06,4.0
Suwannee County,2020-01-06,1.05
Taylor County,2020-01-06,2.3
Union County,2020-01-06,2.89
Volusia County,2020-01-06,4.87
Wakulla County,2020-01-06,2.27
Walton County,2020-01-06,2.05
Washington County,2020-01-06,2.76
Alachua County,2020-01-07,3.71
Baker County,2020-01-07,2.3
Bay County,2020-01-07,6.14
Bradford County,2020-01-07,3.34
Brevard County,2020-01-07,6.36
Broward County,2020-01-07,10.39
Calhoun County,2020-01-07,4.22
Charlotte County,2020-01-07,5.91
Citrus County,2020-01-07,4.57
Clay County,2020-01-07,4.44
Collier County,2020-01-07,7.91
Columbia County,2020-01-07,1.8
DeSoto County,2020-01-07,4.46
Dixie County,2020-01-07,4.42
Duval County,2020-01-07,5.13
Escambia County,2020-01-07,4.53
Flagler County,2020-01-07,4.92
Franklin County,2020-01-07,5.76
Gadsden County,2020-01-07,3.05
Gilchrist County,2020-01-07,3.78
Glades County,2020-01-07,6.54
Gulf County,2020-01-07,6.24
Hamilton County,2020-01-07,0.74
Hardee County,2020-01-07,4.2
Hendry County,2020-01-07,7.41
Hernando County,2020-01-07,4.9
Highlands County,2020-01-07,4.94
Hillsborough County,2020-01-07,5.84
Holmes County,2020-01-07,3.36
Indian River County,2020-01-07,6.78
Jackson County,2020-01-07,3.91
Jefferson County,2020-01-07,2.65
Lafayette County,2020-01-07,2.22
Lake County,2020-01-07,4.54
Lee County,2020-01-07,7.23
Leon County,2020-01-07,2.72
Levy County,2020-01-07,5.54
Liberty County,2020-01-07,3.79
Madison County,2020-01-07,1.63
Manatee County,2020-01-07,5.42
Marion County,2020-01-07,3.92
Martin County,2020-01-07,9.61
Miami-Dade County,2020-01-07,11.48
Monroe County,2020-01-07,11.49
Nassau County,2020-01-07,4.21
Okaloosa County,2020-01-07,2.28
Okeechobee County,2020-01-07,6.73
Orange County,2020-01-07,5.41
Osceola County,2020-01-07,5.33
Palm Beach County,2020-01-07,10.08
Pasco County,2020-01-07,5.26
Pinellas County,2020-01-07,7.49
Polk County,2020-01-07,4.77
Putnam County,2020-01-07,4.46
St. Johns County,2020-01-07,5.87
St. Lucie County,2020-01-07,8.4
Santa Rosa County,2020-01-07,2.74
Sarasota County,2020-01-07,5.43
Seminole County,2020-01-07,5.13
Sumter County,2020-01-07,3.88
Suwannee County,2020-01-07,1.48
Taylor County,2020-01-07,3.36
Union County,2020-01-07,2.62
Volusia County,2020-01-07,4.76
Wakulla County,2020-01-07,3.52
Walton County,2020-01-07,3.28
Washington County,2020-01-07,4.18
Alachua County,2020-01-08,3.2
Baker County,2020-01-08,3.16
Bay County,2020-01-08,5.01
Bradford County,2020-01-08,3.85
Brevard County,2020-01-08,9.37
Broward County,2020-01-08,11.56
Calhoun County,2020-01-08,2.65
Charlotte County,2020-01-08,8.06
Citrus County,2020-01-08,3.35
Clay County,2020-01-08,5.49
Collier County,2020-01-08,9.97
Columbia County,2020-01-08,2.0
DeSoto County,2020-01-08,6.58
Dixie County,2020-01-08,1.88
Duval County,2020-01-08,5.74
Escambia County,2020-01-08,1.86
Flagler County,2020-01-08,7.15
Franklin County,2020-01-08,4.38
Gadsden County,2020-01-08,1.84
Gilchrist County,2020-01-08,1.83
Glades County,2020-01-08,8.64
Gulf County,2020-01-08,4.48
Hamilton County,2020-01-08,1.23
Hardee County,2020-01-08,6.3
Hendry County,2020-01-08,9.14
Hernando County,2020-01-08,4.48
Highlands County,2020-01-08,7.38
Hillsborough County,2020-01-08,6.74
Holmes County,2020-01-08,1.46
Indian River County,2020-01-08,9.4
Jackson County,2020-01-08,1.99
Jefferson County,2020-01-08,1.86
Lafayette County,2020-01-08,1.07
Lake County,2020-01-08,6.48
Lee County,2020-01-08,9.57
Leon County,2020-01-08,1.75
Levy County,2020-01-08,2.88
Liberty County,2020-01-08,2.56
Madison County,2020-01-08,1.33
Manatee County,2020-01-08,6.59
Marion County,2020-01-08,4.21
Martin County,2020-01-08,11.33
Miami-Dade County,2020-01-08,12.76
Monroe County,2020-01-08,13.69
Nassau County,2020-01-08,4.64
Okaloosa County,2020-01-08,1.94
Okeechobee County,2020-01-08,8.83
Orange County,2020-01-08,8.26
Osceola County,2020-01-08,8.15
Palm Beach County,2020-01-08,11.35
Pasco County,2020-01-08,5.38
Pinellas County,2020-01-08,7.37
Polk County,2020-01-08,7.01
Putnam County,2020-01-08,5.92
St. Johns County,2020-01-08,7.15
St. Lucie County,2020-01-08,10.54
Santa Rosa County,2020-01-08,1.44
Sarasota County,2020-01-08,6.81
Seminole County,2020-01-08,8.12
Sumter County,2020-01-08,4.46
Suwannee County,2020-01-08,1.17
Taylor County,2020-01-08,2.24
Union County,2020-01-08,2.78
Volusia County,2020-01-08,7.46
Wakulla County,2020-01-08,2.69
Walton County,2020-01-08,2.59
Washington County,2020-01-08,2.62
Alachua County,2020-01-09,1.64
Baker County,2020-01-09,0.75
Bay County,2020-01-09,4.3
Bradford County,2020-01-09,1.66
Brevard County,2020-01-09,10.22
Broward County,2020-01-09,12.56
Calhoun County,2020-01-09,1.47
Charlotte County,2020-01-09,10.82
Citrus County,2020-01-09,4.57
Clay County,2020-01-09,3.29
Collier County,2020-01-09,11.34
Columbia County,2020-01-09,0.08
DeSoto County,2020-01-09,9.49
Dixie County,2020-01-09,1.78
Duval County,2020-01-09,3.77
Escambia County,2020-01-09,1.0
Flagler County,2020-01-09,6.6
Franklin County,2020-01-09,3.18
Gadsden County,2020-01-09,1.03
Gilchrist County,2020-01-09,0.81
Glades County,2020-01-09,10.72
Gulf County,2020-01-09,2.96
Hamilton County,2020-01-09,-0.08
Hardee County,2020-01-09,8.94
Hendry County,2020-01-09,11.01
Hernando County,2020-01-09,6.21
Highlands County,2020-01-09,9.55
Hillsborough County,2020-01-09,9.13
Holmes County,2020-01-09,0.99
Indian River County,2020-01-09,9.89
Jackson County,2020-01-09,1.47
Jefferson County,2020-01-09,1.57
Lafayette County,2020-01-09,0.34
Lake County,2020-01-09,6.88
Lee County,2020-01-09,11.96
Leon County,2020-01-09,1.04
Levy County,2020-01-09,2.97
Liberty County,2020-01-09,0.94
Madison County,2020-01-09,0.86
Manatee County,2020-01-09,9.03
Marion County,2020-01-09,3.69
Martin County,2020-01-09,11.95
Miami-Dade County,2020-01-09,13.72
Monroe County,2020-01-09,14.54
Nassau County,2020-01-09,2.56
Okaloosa County,2020-01-09,-0.25
Okeechobee County,2020-01-09,9.9
Orange County,2020-01-09,8.82
Osceola County,2020-01-09,9.05
Palm Beach County,2020-01-09,12.2
Pasco County,2020-01-09,7.3
Pinellas County,2020-01-09,9.8
Polk County,2020-01-09,8.87
Putnam County,2020-01-09,4.29
St. Johns County,2020-01-09,6.05
St. Lucie County,2020-01-09,11.09
Santa Rosa County,2020-01-09,-0.37
Sarasota County,2020-01-09,9.22
Seminole County,2020-01-09,8.28
Sumter County,2020-01-09,5.41
Suwannee County,2020-01-09,0.02
Taylor County,2020-01-09,2.05
Union County,2020-01-09,0.63
Volusia County,2020-01-09,7.58
Wakulla County,2020-01-09,1.86
Walton County,2020-01-09,1.28
Washington County,2020-01-09,1.95
Alachua County,2020-01-10,3.93
Baker County,2020-01-10,2.77
Bay County,2020-01-10,8.81
Bradford County,2020-01-10,3.96
Brevard County,2020-01-10,18.16
Broward County,2020-01-10,19.52
Calhoun County,2020-01-10,6.53
Charlotte County,2020-01-10,13.61
Citrus County,2020-01-10,6.56
Clay County,2020-01-10,5.88
Collier County,2020-01-10,15.22
Columbia County,2020-01-10,2.02
DeSoto County,2020-01-10,13.05
Dixie County,2020-01-10,3.51
Duval County,2020-01-10,6.41
Escambia County,2020-01-10,7.27
Flagler County,2020-01-10,10.62
Franklin County,2020-01-10,7.23
Gadsden County,2020-01-10,5.43
Gilchrist County,2020-01-10,2.83
Glades County,2020-01-10,15.67
Gulf County,2020-01-10,8.09
Hamilton County,2020-01-10,1.81
Hardee County,2020-01-10,12.52
Hendry County,2020-01-10,15.7
Hernando County,2020-01-10,8.15
Highlands County,2020-01-10,14.65
Hillsborough County,2020-01-10,10.96
Holmes County,2020-01-10,5.6
Indian River County,2020-01-10,18.17
Jackson County,2020-01-10,6.14
Jefferson County,2020-01-10,4.82
Lafayette County,2020-01-10,2.32
Lake County,2020-01-10,9.78
Lee County,2020-01-10,14.35
Leon County,2020-01-10,4.95
Levy County,2020-01-10,4.82
Liberty County,2020-01-10,5.82
Madison County,2020-01-10,3.42
Manatee County,2020-01-10,11.17
Marion County,2020-01-10,6.27
Martin County,2020-01-10,19.9
Miami-Dade County,2020-01-10,20.05
Monroe County,2020-01-10,18.59
Nassau County,2020-01-10,4.78
Okaloosa County,2020-01-10,5.54
Okeechobee County,2020-01-10,16.78
Orange County,2020-01-10,12.96
Osceola County,2020-01-10,14.49
Palm Beach County,2020-01-10,19.45
Pasco County,2020-01-10,9.16
Pinellas County,2020-01-10,10.58
Polk County,2020-01-10,12.36
Putnam County,2020-01-10,7.2
St. Johns County,2020-01-10,9.54
St. Lucie County,2020-01-10,19.4
Santa Rosa County,2020-01-10,5.81
Sarasota County,2020-01-10,11.28
Seminole County,2020-01-10,12.66
Sumter County,2020-01-10,8.03
Suwannee County,2020-01-10,1.95
Taylor County,2020-01-10,4.26
Union County,2020-01-10,2.8
Volusia County,2020-01-10,12.3
Wakulla County,2020-01-10,5.34
Walton County,2020-01-10,6.27
Washington County,2020-01-10,6.84
Alachua County,2020-01-11,11.66
Baker County,2020-01-11,9.44
Bay County,2020-01-11,14.67
Bradford County,2020-01-11,11.19
Brevard County,2020-01-11,20.54
Broward County,2020-01-11,21.88
Calhoun County,2020-01-11,14.28
Charlotte County,2020-01-11,19.43
Citrus County,2020-01-11,15.13
Clay County,2020-01-11,13.71
Collier County,2020-01-11,19.94
Columbia County,2020-01-11,8.59
DeSoto County,2020-01-11,18.47
Dixie County,2020-01-11,12.09
Duval County,2020-01-11,14.82
Escambia County,2020-01-11,16.85
Flagler County,2020-01-11,17.24
Franklin County,2020-01-11,15.12
Gadsden County,2020-01-11,14.85
Gilchrist County,2020-01-11,10.87
Glades County,2020-01-11,19.83
Gulf County,2020-01-11,15.23
Hamilton County,2020-01-11,8.93
Hardee County,2020-01-11,17.71
Hendry County,2020-01-11,19.9
Hernando County,2020-01-11,16.34
Highlands County,2020-01-11,18.61
Hillsborough County,2020-01-11,18.04
Holmes County,2020-01-11,12.9
Indian River County,2020-01-11,20.38
Jackson County,2020-01-11,13.73
Jefferson County,2020-01-11,14.1
Lafayette County,2020-01-11,10.07
Lake County,2020-01-11,16.22
Lee County,2020-01-11,19.98
Leon County,2020-01-11,14.88
Levy County,2020-01-11,13.78
Liberty County,2020-01-11,14.77
Madison County,2020-01-11,11.65
Manatee County,2020-01-11,18.07
Marion County,2020-01-11,14.18
Martin County,2020-01-11,21.65
Miami-Dade County,2020-01-11,22.35
Monroe County,2020-01-11,21.56
Nassau County,2020-01-11,13.2
Okaloosa County,2020-01-11,14.87
Okeechobee County,2020-01-11,19.72
Orange County,2020-01-11,17.6
Osceola County,2020-01-11,18.05
Palm Beach County,2020-01-11,21.52
Pasco County,2020-01-11,17.0
Pinellas County,2020-01-11,18.09
Polk County,2020-01-11,17.31
Putnam County,2020-01-11,14.88
St. Johns County,2020-01-11,17.08
St. Lucie County,2020-01-11,21.29
Santa Rosa County,2020-01-11,15.91
Sarasota County,2020-01-11,18.31
Seminole County,2020-01-11,17.6
Sumter County,2020-01-11,15.58
Suwannee County,2020-01-11,9.04
Taylor County,2020-01-11,12.8
Union County,2020-01-11,9.63
Volusia County,2020-01-11,17.63
Wakulla County,2020-01-11,14.93
Walton County,2020-01-11,13.94
Washington County,2020-01-11,13.72
Alachua County,2020-01-12,17.64
Baker County,2020-01-12,17.27
Bay County,2020-01-12,18.84
Bradford County,2020-01-12,17.7
Brevard County,2020-01-12,20.78
Broward County,2020-01-12,21.85
Calhoun County,2020-01-12,18.82
Charlotte County,2020-01-12,20.21
Citrus County,2020-01-12,18.12
Clay County,2020-01-12,18.94
Collier County,2020-01-12,20.32
Columbia County,2020-01-12,17.19
DeSoto County,2020-01-12,19.08
Dixie County,2020-01-12,18.5
Duval County,2020-01-12,19.46
Escambia County,2020-01-12,13.72
Flagler County,2020-01-12,19.7
Franklin County,2020-01-12,19.09
Gadsden County,2020-01-12,18.41
Gilchrist County,2020-01-12,17.8
Glades County,2020-01-12,19.66
Gulf County,2020-01-12,18.94
Hamilton County,2020-01-12,17.63
Hardee County,2020-01-12,18.57
Hendry County,2020-01-12,19.74
Hernando County,2020-01-12,18.91
Highlands County,2020-01-12,18.78
Hillsborough County,2020-01-12,19.93
Holmes County,2020-01-12,17.87
Indian River County,2020-01-12,20.22
Jackson County,2020-01-12,18.42
Jefferson County,2020-01-12,19.38
Lafayette County,2020-01-12,18.46
Lake County,2020-01-12,18.98
Lee County,2020-01-12,20.8
Leon County,2020-01-12,19.01
Levy County,2020-01-12,18.26
Liberty County,2020-01-12,18.88
Madison County,2020-01-12,18.97
Manatee County,2020-01-12,19.63
Marion County,2020-01-12,18.02
Martin County,2020-01-12,21.48
Miami-Dade County,2020-01-12,22.47
Monroe County,2020-01-12,22.28
Nassau County,2020-01-12,18.69
Okaloosa County,2020-01-12,15.27
Okeechobee County,2020-01-12,19.6
Orange County,2020-01-12,19.69
Osceola County,2020-01-12,19.17
Palm Beach County,2020-01-12,21.41
Pasco County,2020-01-12,19.36
Pinellas County,2020-01-12,20.65
Polk County,2020-01-12,18.69
Putnam County,2020-01-12,19.03
St. Johns County,2020-01-12,20.0
St. Lucie County,2020-01-12,21.02
Santa Rosa County,2020-01-12,14.14
Sarasota County,2020-01-12,19.78
Seminole County,2020-01-12,19.88
Sumter County,2020-01-12,18.33
Suwannee County,2020-01-12,17.99
Taylor County,2020-01-12,19.75
Union County,2020-01-12,17.21
Volusia County,2020-01-12,19.76
Wakulla County,2020-01-12,19.42
Walton County,2020-01-12,16.88
Washington County,2020-01-12,18.94
Alachua County,2020-01-13,18.01
Baker County,2020-01-13,16.46
Bay County,2020-01-13,17.13
Bradford County,2020-01-13,17.52
Brevard County,2020-01-13,19.76
Broward County,2020-01-13,20.64
Calhoun County,2020-01-13,15.56
Charlotte County,2020-01-13,19.41
Citrus County,2020-01-13,18.93
Clay County,2020-01-13,18.42
Collier County,2020-01-13,19.29
Columbia County,2020-01-13,16.12
DeSoto County,2020-01-13,18.44
Dixie County,2020-01-13,18.21
Duval County,2020-01-13,18.45
Escambia County,2020-01-13,13.95
Flagler County,2020-01-13,18.96
Franklin County,2020-01-13,17.46
Gadsden County,2020-01-13,15.79
Gilchrist County,2020-01-13,17.74
Glades County,2020-01-13,18.86
Gulf County,2020-01-13,17.5
Hamilton County,2020-01-13,15.78
Hardee County,2020-01-13,18.28
Hendry County,2020-01-13,18.78
Hernando County,2020-01-13,19.47
Highlands County,2020-01-13,18.26
Hillsborough County,2020-01-13,19.86
Holmes County,2020-01-13,15.22
Indian River County,2020-01-13,19.32
Jackson County,2020-01-13,15.1
Jefferson County,2020-01-13,17.78
Lafayette County,2020-01-13,16.96
Lake County,2020-01-13,19.38
Lee County,2020-01-13,19.97
Leon County,2020-01-13,17.1
Levy County,2020-01-13,19.16
Liberty County,2020-01-13,15.67
Madison County,2020-01-13,17.0
Manatee County,2020-01-13,19.01
Marion County,2020-01-13,18.63
Martin County,2020-01-13,20.41
Miami-Dade County,2020-01-13,21.44
Monroe County,2020-01-13,21.41
Nassau County,2020-01-13,17.93
Okaloosa County,2020-01-13,14.77
Okeechobee County,2020-01-13,18.61
Orange County,2020-01-13,19.66
Osceola County,2020-01-13,18.73
Palm Beach County,2020-01-13,19.91
Pasco County,2020-01-13,19.72
Pinellas County,2020-01-13,20.38
Polk County,2020-01-13,18.9
Putnam County,2020-01-13,18.85
St. Johns County,2020-01-13,18.94
St. Lucie County,2020-01-13,20.17
Santa Rosa County,2020-01-13,14.25
Sarasota County,2020-01-13,18.91
Seminole County,2020-01-13,19.61
Sumter County,2020-01-13,18.93
Suwannee County,2020-01-13,16.27
Taylor County,2020-01-13,18.16
Union County,2020-01-13,16.76
Volusia County,2020-01-13,19.17
Wakulla County,2020-01-13,17.25
Walton County,2020-01-13,15.45
Washington County,2020-01-13,16.11
Alachua County,2020-01-14,15.59
Baker County,2020-01-14,14.28
Bay County,2020-01-14,18.5
Bradford County,2020-01-14,15.49
Brevard County,2020-01-14,18.27
Broward County,2020-01-14,21.03
Calhoun County,2020-01-14,16.94
Charlotte County,2020-01-14,19.01
Citrus County,2020-01-14,16.34
Clay County,2020-01-14,16.37
Collier County,2020-01-14,19.24
Columbia County,2020-01-14,13.58
DeSoto County,2020-01-14,17.7
Dixie County,2020-01-14,14.79
Duval County,2020-01-14,16.39
Escambia County,2020-01-14,18.58
Flagler County,2020-01-14,16.0
Franklin County,2020-01-14,16.47
Gadsden County,2020-01-14,16.41
Gilchrist County,2020-01-14,14.61
Glades County,2020-01-14,18.61
Gulf County,2020-01-14,17.18
Hamilton County,2020-01-14,13.35
Hardee County,2020-01-14,17.31
Hendry County,2020-01-14,18.78
Hernando County,2020-01-14,17.54
Highlands County,2020-01-14,17.67
Hillsborough County,2020-01-14,19.23
Holmes County,2020-01-14,18.47
Indian River County,2020-01-14,18.96
Jackson County,2020-01-14,17.28
Jefferson County,2020-01-14,15.77
Lafayette County,2020-01-14,13.82
Lake County,2020-01-14,16.65
Lee County,2020-01-14,19.68
Leon County,2020-01-14,16.07
Levy County,2020-01-14,16.0
Liberty County,2020-01-14,16.35
Madison County,2020-01-14,14.67
Manatee County,2020-01-14,19.0
Marion County,2020-01-14,15.85
Martin County,2020-01-14,20.56
Miami-Dade County,2020-01-14,21.88
Monroe County,2020-01-14,21.47
Nassau County,2020-01-14,15.58
Okaloosa County,2020-01-14,19.16
Okeechobee County,2020-01-14,18.45
Orange County,2020-01-14,17.46
Osceola County,2020-01-14,17.57
Palm Beach County,2020-01-14,20.41
Pasco County,2020-01-14,18.43
Pinellas County,2020-01-14,20.89
Polk County,2020-01-14,17.47
Putnam County,2020-01-14,16.32
St. Johns County,2020-01-14,16.63
St. Lucie County,2020-01-14,20.1
Santa Rosa County,2020-01-14,18.75
Sarasota County,2020-01-14,19.05
Seminole County,2020-01-14,16.84
Sumter County,2020-01-14,16.34
Suwannee County,2020-01-14,13.44
Taylor County,2020-01-14,15.15
Union County,2020-01-14,14.49
Volusia County,2020-01-14,16.03
Wakulla County,2020-01-14,15.92
Walton County,2020-01-14,19.07
Washington County,2020-01-14,18.57
Alachua County,2020-01-15,14.75
Baker County,2020-01-15,14.04
Bay County,2020-01-15,18.83
Bradford County,2020-01-15,14.56
Brevard County,2020-01-15,18.7
Broward County,2020-01-15,17.63
Calhoun County,2020-01-15,17.51
Charlotte County,2020-01-15,17.94
Citrus County,2020-01-15,16.1
Clay County,2020-01-15,15.66
Collier County,2020-01-15,16.72
Columbia County,2020-01-15,13.62
DeSoto County,2020-01-15,16.4
Dixie County,2020-01-15,15.26
Duval County,2020-01-15,16.09
Escambia County,2020-01-15,16.34
Flagler County,2020-01-15,16.66
Franklin County,2020-01-15,17.28
Gadsden County,2020-01-15,16.97
Gilchrist County,2020-01-15,14.63
Glades County,2020-01-15,16.22
Gulf County,2020-01-15,17.94
Hamilton County,2020-01-15,13.72
Hardee County,2020-01-15,16.61
Hendry County,2020-01-15,16.06
Hernando County,2020-01-15,17.09
Highlands County,2020-01-15,16.17
Hillsborough County,2020-01-15,18.47
Holmes County,2020-01-15,17.67
Indian River County,2020-01-15,17.29
Jackson County,2020-01-15,17.45
Jefferson County,2020-01-15,16.69
Lafayette County,2020-01-15,14.28
Lake County,2020-01-15,17.31
Lee County,2020-01-15,18.63
Leon County,2020-01-15,16.85
Levy County,2020-01-15,15.96
Liberty County,2020-01-15,16.92
Madison County,2020-01-15,15.38
Manatee County,2020-01-15,17.94
Marion County,2020-01-15,15.57
Martin County,2020-01-15,17.78
Miami-Dade County,2020-01-15,17.93
Monroe County,2020-01-15,19.02
Nassau County,2020-01-15,15.56
Okaloosa County,2020-01-15,16.76
Okeechobee County,2020-01-15,16.79
Orange County,2020-01-15,18.52
Osceola County,2020-01-15,18.0
Palm Beach County,2020-01-15,17.59
Pasco County,2020-01-15,17.74
Pinellas County,2020-01-15,19.42
Polk County,2020-01-15,17.77
Putnam County,2020-01-15,15.95
St. Johns County,2020-01-15,16.77
St. Lucie County,2020-01-15,17.4
Santa Rosa County,2020-01-15,16.19
Sarasota County,2020-01-15,18.18
Seminole County,2020-01-15,18.11
Sumter County,2020-01-15,16.49
Suwannee County,2020-01-15,13.77
Taylor County,2020-01-15,15.95
Union County,2020-01-15,13.93
Volusia County,2020-01-15,17.25
Wakulla County,2020-01-15,16.69
Walton County,2020-01-15,17.61
Washington County,2020-01-15,18.53
Alachua County,2020-01-16,15.62
Baker County,2020-01-16,15.07
Bay County,2020-01-16,20.56
Bradford County,2020-01-16,15.45
Brevard County,2020-01-16,17.43
Broward County,2020-01-16,16.99
Calhoun County,2020-01-16,19.33
Charlotte County,2020-01-16,16.18
Citrus County,2020-01-16,16.55
Clay County,2020-01-16,16.55
Collier County,2020-01-16,15.44
Columbia County,2020-01-16,14.92
DeSoto County,2020-01-16,15.02
Dixie County,2020-01-16,16.32
Duval County,2020-01-16,17.07
Escambia County,2020-01-16,16.46
Flagler County,2020-01-16,17.44
Franklin County,2020-01-16,19.58
Gadsden County,2020-01-16,17.91
Gilchrist County,2020-01-16,15.6
Glades County,2020-01-16,15.05
Gulf County,2020-01-16,20.02
Hamilton County,2020-01-16,15.08
Hardee County,2020-01-16,15.34
Hendry County,2020-01-16,14.98
Hernando County,2020-01-16,17.46
Highlands County,2020-01-16,14.8
Hillsborough County,2020-01-16,18.11
Holmes County,2020-01-16,19.16
Indian River County,2020-01-16,15.48
Jackson County,2020-01-16,18.82
Jefferson County,2020-01-16,17.58
Lafayette County,2020-01-16,15.79
Lake County,2020-01-16,17.98
Lee County,2020-01-16,16.71
Leon County,2020-01-16,17.98
Levy County,2020-01-16,16.44
Liberty County,2020-01-16,19.01
Madison County,2020-01-16,16.36
Manatee County,2020-01-16,17.03
Marion County,2020-01-16,16.43
Martin County,2020-01-16,16.4
Miami-Dade County,2020-01-16,17.82
Monroe County,2020-01-16,18.2
Nassau County,2020-01-16,16.65
Okaloosa County,2020-01-16,17.4
Okeechobee County,2020-01-16,15.02
Orange County,2020-01-16,18.4
Osceola County,2020-01-16,16.7
Palm Beach County,2020-01-16,16.65
Pasco County,2020-01-16,17.94
Pinellas County,2020-01-16,19.46
Polk County,2020-01-16,16.75
Putnam County,2020-01-16,16.93
St. Johns County,2020-01-16,17.6
St. Lucie County,2020-01-16,15.8
Santa Rosa County,2020-01-16,16.38
Sarasota County,2020-01-16,16.75
Seminole County,2020-01-16,18.38
Sumter County,2020-01-16,17.12
Suwannee County,2020-01-16,15.32
Taylor County,2020-01-16,17.54
Union County,2020-01-16,14.96
Volusia County,2020-01-16,17.71
Wakulla County,2020-01-16,18.66
Walton County,2020-01-16,18.75
Washington County,2020-01-16,20.1
Alachua County,2020-01-17,13.66
Baker County,2020-01-17,12.32
Bay County,2020-01-17,12.08
Bradford County,2020-01-17,13.86
Brevard County,2020-01-17,18.01
Broward County,2020-01-17,16.89
Calhoun County,2020-01-17,12.18
Charlotte County,2020-01-17,15.7
Citrus County,2020-01-17,14.81
Clay County,2020-01-17,15.68
Collier County,2020-01-17,15.24
Columbia County,2020-01-17,11.33
DeSoto County,2020-01-17,14.95
Dixie County,2020-01-17,11.93
Duval County,2020-01-17,15.6
Escambia County,2020-01-17,11.58
Flagler County,2020-01-17,17.85
Franklin County,2020-01-17,13.04
Gadsden County,2020-01-17,12.91
Gilchrist County,2020-01-17,11.97
Glades County,2020-01-17,15.63
Gulf County,2020-01-17,12.63
Hamilton County,2020-01-17,10.56
Hardee County,2020-01-17,15.34
Hendry County,2020-01-17,15.45
Hernando County,2020-01-17,16.09
Highlands County,2020-01-17,15.31
Hillsborough County,2020-01-17,16.99
Holmes County,2020-01-17,11.44
Indian River County,2020-01-17,16.26
Jackson County,2020-01-17,12.12
Jefferson County,2020-01-17,13.2
Lafayette County,2020-01-17,11.36
Lake County,2020-01-17,17.88
Lee County,2020-01-17,16.29
Leon County,2020-01-17,13.5
Levy County,2020-01-17,13.28
Liberty County,2020-01-17,12.73
Madison County,2020-01-17,11.86
Manatee County,2020-01-17,15.72
Marion County,2020-01-17,15.55
Martin County,2020-01-17,17.31
Miami-Dade County,2020-01-17,17.06
Monroe County,2020-01-17,17.54
Nassau County,2020-01-17,13.69
Okaloosa County,2020-01-17,10.8
Okeechobee County,2020-01-17,16.02
Orange County,2020-01-17,18.6
Osceola County,2020-01-17,17.15
Palm Beach County,2020-01-17,17.27
Pasco County,2020-01-17,16.7
Pinellas County,2020-01-17,17.26
Polk County,2020-01-17,16.82
Putnam County,2020-01-17,16.64
St. Johns County,2020-01-17,17.35
St. Lucie County,2020-01-17,16.68
Santa Rosa County,2020-01-17,10.9
Sarasota County,2020-01-17,15.29
Seminole County,2020-01-17,18.81
Sumter County,2020-01-17,16.46
Suwannee County,2020-01-17,10.99
Taylor County,2020-01-17,12.78
Union County,2020-01-17,12.54
Volusia County,2020-01-17,18.37
Wakulla County,2020-01-17,13.41
Walton County,2020-01-17,11.02
Washington County,2020-01-17,12.01
Alachua County,2020-01-18,10.85
Baker County,2020-01-18,8.6
Bay County,2020-01-18,11.36
Bradford County,2020-01-18,10.49
Brevard County,2020-01-18,19.03
Broward County,2020-01-18,18.94
Calhoun County,2020-01-18,10.69
Charlotte County,2020-01-18,16.3
Citrus County,2020-01-18,13.27
Clay County,2020-01-18,12.4
Collier County,2020-01-18,17.34
Columbia County,2020-01-18,7.9
DeSoto County,2020-01-18,14.78
Dixie County,2020-01-18,10.51
Duval County,2020-01-18,12.52
Escambia County,2020-01-18,10.63
Flagler County,2020-01-18,15.92
Franklin County,2020-01-18,11.59
Gadsden County,2020-01-18,10.59
Gilchrist County,2020-01-18,9.68
Glades County,2020-01-18,16.74
Gulf County,2020-01-18,11.38
Hamilton County,2020-01-18,7.54
Hardee County,2020-01-18,14.37
Hendry County,2020-01-18,17.01
Hernando County,2020-01-18,14.47
Highlands County,2020-01-18,15.46
Hillsborough County,2020-01-18,16.04
Holmes County,2020-01-18,10.22
Indian River County,2020-01-18,17.97
Jackson County,2020-01-18,10.54
Jefferson County,2020-01-18,10.83
Lafayette County,2020-01-18,9.05
Lake County,2020-01-18,15.24
Lee County,2020-01-18,17.42
Leon County,2020-01-18,10.89
Levy County,2020-01-18,11.91
Liberty County,2020-01-18,10.78
Madison County,2020-01-18,9.45
Manatee County,2020-01-18,15.29
Marion County,2020-01-18,13.01
Martin County,2020-01-18,19.3
Miami-Dade County,2020-01-18,19.33
Monroe County,2020-01-18,19.47
Nassau County,2020-01-18,10.78
Okaloosa County,2020-01-18,9.23
Okeechobee County,2020-01-18,16.97
Orange County,2020-01-18,16.91
Osceola County,2020-01-18,16.52
Palm Beach County,2020-01-18,19.02
Pasco County,2020-01-18,15.14
Pinellas County,2020-01-18,17.24
Polk County,2020-01-18,15.14
Putnam County,2020-01-18,13.87
St. Johns County,2020-01-18,15.09
St. Lucie County,2020-01-18,18.81
Santa Rosa County,2020-01-18,9.23
Sarasota County,2020-01-18,15.4
Seminole County,2020-01-18,17.01
Sumter County,2020-01-18,13.92
Suwannee County,2020-01-18,8.18
Taylor County,2020-01-18,10.87
Union County,2020-01-18,9.07
Volusia County,2020-01-18,16.76
Wakulla County,2020-01-18,11.28
Walton County,2020-01-18,9.98
Washington County,2020-01-18,10.91
Alachua County,2020-01-19,9.97
Baker County,2020-01-19,8.08
Bay County,2020-01-19,13.1
Bradford County,2020-01-19,9.62
Brevard County,2020-01-19,15.9
Broward County,2020-01-19,17.17
Calhoun County,2020-01-19,11.0
Charlotte County,2020-01-19,15.27
Citrus County,2020-01-19,12.99
Clay County,2020-01-19,11.88
Collier County,2020-01-19,15.75
Columbia County,2020-01-19,7.32
DeSoto County,2020-01-19,13.99
Dixie County,2020-01-19,10.55
Duval County,2020-01-19,12.96
Escambia County,2020-01-19,8.36
Flagler County,2020-01-19,14.99
Franklin County,2020-01-19,12.76
Gadsden County,2020-01-19,10.38
Gilchrist County,2020-01-19,9.3
Glades County,2020-01-19,14.8
Gulf County,2020-01-19,12.37
Hamilton County,2020-01-19,6.64
Hardee County,2020-01-19,13.9
Hendry County,2020-01-19,15.25
Hernando County,2020-01-19,14.08
Highlands County,2020-01-19,13.9
Hillsborough County,2020-01-19,15.36
Holmes County,2020-01-19,10.71
Indian River County,2020-01-19,14.49
Jackson County,2020-01-19,10.93
Jefferson County,2020-01-19,10.23
Lafayette County,2020-01-19,8.73
Lake County,2020-01-19,14.95
Lee County,2020-01-19,16.21
Leon County,2020-01-19,10.59
Levy County,2020-01-19,11.65
Liberty County,2020-01-19,10.9
Madison County,2020-01-19,8.51
Manatee County,2020-01-19,14.53
Marion County,2020-01-19,12.4
Martin County,2020-01-19,16.29
Miami-Dade County,2020-01-19,17.55
Monroe County,2020-01-19,18.4
Nassau County,2020-01-19,11.39
Okaloosa County,2020-01-19,8.85
Okeechobee County,2020-01-19,14.29
Orange County,2020-01-19,15.79
Osceola County,2020-01-19,14.79
Palm Beach County,2020-01-19,16.82
Pasco County,2020-01-19,14.59
Pinellas County,2020-01-19,16.08
Polk County,2020-01-19,14.76
Putnam County,2020-01-19,13.05
St. Johns County,2020-01-19,15.07
St. Lucie County,2020-01-19,15.39
Santa Rosa County,2020-01-19,7.74
Sarasota County,2020-01-19,14.55
Seminole County,2020-01-19,15.71
Sumter County,2020-01-19,13.88
Suwannee County,2020-01-19,7.64
Taylor County,2020-01-19,10.85
Union County,2020-01-19,8.33
Volusia County,2020-01-19,15.35
Wakulla County,2020-01-19,11.65
Walton County,2020-01-19,10.6
Washington County,2020-01-19,11.59
Alachua County,2020-01-20,5.06
Baker County,2020-01-20,4.03
Bay County,2020-01-20,4.52
Bradford County,2020-01-20,5.41
Brevard County,2020-01-20,10.74
Broward County,2020-01-20,16.95
Calhoun County,2020-01-20,3.84
Charlotte County,2020-01-20,14.08
Citrus County,2020-01-20,7.25
Clay County,2020-01-20,7.12
Collier County,2020-01-20,15.1
Columbia County,2020-01-20,2.05
DeSoto County,2020-01-20,12.1
Dixie County,2020-01-20,3.45
Duval County,2020-01-20,7.6
Escambia County,2020-01-20,3.09
Flagler County,2020-01-20,6.94
Franklin County,2020-01-20,4.91
Gadsden County,2020-01-20,3.47
Gilchrist County,2020-01-20,2.95
Glades County,2020-01-20,14.45
Gulf County,2020-01-20,4.56
Hamilton County,2020-01-20,0.72
Hardee County,2020-01-20,10.88
Hendry County,2020-01-20,14.62
Hernando County,2020-01-20,9.26
Highlands County,2020-01-20,12.4
Hillsborough County,2020-01-20,12.8
Holmes County,2020-01-20,3.0
Indian River County,2020-01-20,13.07
Jackson County,2020-01-20,3.37
Jefferson County,2020-01-20,2.75
Lafayette County,2020-01-20,1.49
Lake County,2020-01-20,7.19
Lee County,2020-01-20,15.46
Leon County,2020-01-20,3.44
Levy County,2020-01-20,5.49
Liberty County,2020-01-20,4.09
Madison County,2020-01-20,1.3
Manatee County,2020-01-20,12.67
Marion County,2020-01-20,5.97
Martin County,2020-01-20,15.88
Miami-Dade County,2020-01-20,17.69
Monroe County,2020-01-20,17.84
Nassau County,2020-01-20,6.49
Okaloosa County,2020-01-20,3.95
Okeechobee County,2020-01-20,13.45
Orange County,2020-01-20,8.44
Osceola County,2020-01-20,9.97
Palm Beach County,2020-01-20,16.46
Pasco County,2020-01-20,10.88
Pinellas County,2020-01-20,15.93
Polk County,2020-01-20,9.75
Putnam County,2020-01-20,7.03
St. Johns County,2020-01-20,7.82
St. Lucie County,2020-01-20,14.97
Santa Rosa County,2020-01-20,3.79
Sarasota County,2020-01-20,13.0
Seminole County,2020-01-20,7.82
Sumter County,2020-01-20,6.84
Suwannee County,2020-01-20,0.94
Taylor County,2020-01-20,3.13
Union County,2020-01-20,3.71
Volusia County,2020-01-20,7.0
Wakulla County,2020-01-20,4.29
Walton County,2020-01-20,3.71
Washington County,2020-01-20,3.71
Alachua County,2020-01-21,1.41
Baker County,2020-01-21,-0.65
Bay County,2020-01-21,-0.08
Bradford County,2020-01-21,1.01
Brevard County,2020-01-21,7.51
Broward County,2020-01-21,10.53
Calhoun County,2020-01-21,-1.24
Charlotte County,2020-01-21,5.89
Citrus County,2020-01-21,3.8
Clay County,2020-01-21,2.81
Collier County,2020-01-21,8.67
Columbia County,2020-01-21,-1.72
DeSoto County,2020-01-21,4.67
Dixie County,2020-01-21,0.52
Duval County,2020-01-21,3.02
Escambia County,2020-01-21,-1.93
Flagler County,2020-01-21,5.13
Franklin County,2020-01-21,0.58
Gadsden County,2020-01-21,-1.19
Gilchrist County,2020-01-21,0.07
Glades County,2020-01-21,7.18
Gulf County,2020-01-21,0.07
Hamilton County,2020-01-21,-2.56
Hardee County,2020-01-21,4.58
Hendry County,2020-01-21,7.97
Hernando County,2020-01-21,4.98
Highlands County,2020-01-21,5.74
Hillsborough County,2020-01-21,6.35
Holmes County,2020-01-21,-1.98
Indian River County,2020-01-21,7.9
Jackson County,2020-01-21,-1.58
Jefferson County,2020-01-21,-0.46
Lafayette County,2020-01-21,-1.45
Lake County,2020-01-21,5.34
Lee County,2020-01-21,7.13
Leon County,2020-01-21,-0.49
Levy County,2020-01-21,2.55
Liberty County,2020-01-21,-0.85
Madison County,2020-01-21,-1.61
Manatee County,2020-01-21,5.54
Marion County,2020-01-21,3.42
Martin County,2020-01-21,10.15
Miami-Dade County,2020-01-21,11.27
Monroe County,2020-01-21,11.81
Nassau County,2020-01-21,1.55
Okaloosa County,2020-01-21,-2.64
Okeechobee County,2020-01-21,7.63
Orange County,2020-01-21,6.44
Osceola County,2020-01-21,6.39
Palm Beach County,2020-01-21,10.48
Pasco County,2020-01-21,5.71
Pinellas County,2020-01-21,7.21
Polk County,2020-01-21,5.51
Putnam County,2020-01-21,3.94
St. Johns County,2020-01-21,4.91
St. Lucie County,2020-01-21,9.21
Santa Rosa County,2020-01-21,-2.62
Sarasota County,2020-01-21,5.35
Seminole County,2020-01-21,6.22
Sumter County,2020-01-21,4.49
Suwannee County,2020-01-21,-2.14
Taylor County,2020-01-21,-0.0
Union County,2020-01-21,-0.43
Volusia County,2020-01-21,5.52
Wakulla County,2020-01-21,0.14
Walton County,2020-01-21,-2.02
Washington County,2020-01-21,-1.15
Alachua County,2020-01-22,-0.8
Baker County,2020-01-22,-1.88
Bay County,2020-01-22,-0.57
Bradford County,2020-01-22,-0.83
Brevard County,2020-01-22,3.31
Broward County,2020-01-22,4.3
Calhoun County,2020-01-22,-2.24
Charlotte County,2020-01-22,3.4
Citrus County,2020-01-22,0.57
Clay County,2020-01-22,0.7
Collier County,2020-01-22,4.97
Columbia County,2020-01-22,-2.67
DeSoto County,2020-01-22,1.4
Dixie County,2020-01-22,-1.12
Duval County,2020-01-22,1.11
Escambia County,2020-01-22,-2.69
Flagler County,2020-01-22,2.0
Franklin County,2020-01-22,-0.41
Gadsden County,2020-01-22,-2.05
Gilchrist County,2020-01-22,-1.69
Glades County,2020-01-22,3.29
Gulf County,2020-01-22,-0.82
Hamilton County,2020-01-22,-2.99
Hardee County,2020-01-22,0.82
Hendry County,2020-01-22,4.12
Hernando County,2020-01-22,1.49
Highlands County,2020-01-22,1.9
Hillsborough County,2020-01-22,2.64
Holmes County,2020-01-22,-2.69
Indian River County,2020-01-22,2.96
Jackson County,2020-01-22,-2.5
Jefferson County,2020-01-22,-0.94
Lafayette County,2020-01-22,-2.3
Lake County,2020-01-22,1.7
Lee County,2020-01-22,4.99
Leon County,2020-01-22,-1.31
Levy County,2020-01-22,-0.05
Liberty County,2020-01-22,-2.01
Madison County,2020-01-22,-1.86
Manatee County,2020-01-22,2.07
Marion County,2020-01-22,0.32
Martin County,2020-01-22,3.91
Miami-Dade County,2020-01-22,4.45
Monroe County,2020-01-22,6.47
Nassau County,2020-01-22,0.14
Okaloosa County,2020-01-22,-2.79
Okeechobee County,2020-01-22,3.08
Orange County,2020-01-22,2.59
Osceola County,2020-01-22,2.39
Palm Beach County,2020-01-22,4.07
Pasco County,2020-01-22,2.01
Pinellas County,2020-01-22,4.23
Polk County,2020-01-22,1.49
Putnam County,2020-01-22,1.22
St. Johns County,2020-01-22,2.23
St. Lucie County,2020-01-22,3.55
Santa Rosa County,2020-01-22,-3.14
Sarasota County,2020-01-22,2.49
Seminole County,2020-01-22,2.52
Sumter County,2020-01-22,0.86
Suwannee County,2020-01-22,-2.75
Taylor County,2020-01-22,-0.75
Union County,2020-01-22,-1.87
Volusia County,2020-01-22,2.09
Wakulla County,2020-01-22,-0.87
Walton County,2020-01-22,-2.25
Washington County,2020-01-22,-1.92
Alachua County,2020-01-23,-0.65
Baker County,2020-01-23,-1.5
Bay County,2020-01-23,1.24
Bradford County,2020-01-23,-0.64
Brevard County,2020-01-23,3.56
Broward County,2020-01-23,3.49
Calhoun County,2020-01-23,-0.07
Charlotte County,2020-01-23,3.25
Citrus County,2020-01-23,-0.06
Clay County,2020-01-23,0.82
Collier County,2020-01-23,2.81
Columbia County,2020-01-23,-1.98
DeSoto County,2020-01-23,2.07
Dixie County,2020-01-23,-0.73
Duval County,2020-01-23,1.34
Escambia County,2020-01-23,-1.38
Flagler County,2020-01-23,2.56
Franklin County,2020-01-23,1.4
Gadsden County,2020-01-23,-0.37
Gilchrist County,2020-01-23,-1.28
Glades County,2020-01-23,2.85
Gulf County,2020-01-23,1.59
Hamilton County,2020-01-23,-1.62
Hardee County,2020-01-23,1.44
Hendry County,2020-01-23,2.53
Hernando County,2020-01-23,0.62
Highlands County,2020-01-23,1.99
Hillsborough County,2020-01-23,1.86
Holmes County,2020-01-23,-1.56
Indian River County,2020-01-23,2.61
Jackson County,2020-01-23,-0.75
Jefferson County,2020-01-23,0.52
Lafayette County,2020-01-23,-1.35
Lake County,2020-01-23,1.66
Lee County,2020-01-23,3.85
Leon County,2020-01-23,0.14
Levy County,2020-01-23,-0.17
Liberty County,2020-01-23,0.0
Madison County,2020-01-23,-0.32
Manatee County,2020-01-23,2.05
Marion County,2020-01-23,0.25
Martin County,2020-01-23,3.58
Miami-Dade County,2020-01-23,4.79
Monroe County,2020-01-23,5.67
Nassau County,2020-01-23,0.38
Okaloosa County,2020-01-23,-2.16
Okeechobee County,2020-01-23,2.48
Orange County,2020-01-23,2.61
Osceola County,2020-01-23,2.1
Palm Beach County,2020-01-23,3.37
Pasco County,2020-01-23,1.04
Pinellas County,2020-01-23,2.43
Polk County,2020-01-23,1.51
Putnam County,2020-01-23,1.34
St. Johns County,2020-01-23,2.81
St. Lucie County,2020-01-23,3.24
Santa Rosa County,2020-01-23,-2.18
Sarasota County,2020-01-23,2.53
Seminole County,2020-01-23,2.63
Sumter County,2020-01-23,0.57
Suwannee County,2020-01-23,-1.65
Taylor County,2020-01-23,0.3
Union County,2020-01-23,-1.55
Volusia County,2020-01-23,2.52
Wakulla County,2020-01-23,0.49
Walton County,2020-01-23,-1.42
Washington County,2020-01-23,-0.34
Alachua County,2020-01-24,9.13
Baker County,2020-01-24,6.32
Bay County,2020-01-24,6.13
Bradford County,2020-01-24,8.72
Brevard County,2020-01-24,13.16
Broward County,2020-01-24,11.95
Calhoun County,2020-01-24,5.66
Charlotte County,2020-01-24,11.0
Citrus County,2020-01-24,9.35
Clay County,2020-01-24,10.36
Collier County,2020-01-24,10.34
Columbia County,2020-01-24,5.69
DeSoto County,2020-01-24,10.77
Dixie County,2020-01-24,8.59
Duval County,2020-01-24,10.02
Escambia County,2020-01-24,7.94
Flagler County,2020-01-24,12.91
Franklin County,2020-01-24,7.61
Gadsden County,2020-01-24,6.92
Gilchrist County,2020-01-24,8.27
Glades County,2020-01-24,10.94
Gulf County,2020-01-24,6.7
Hamilton County,2020-01-24,4.06
Hardee County,2020-01-24,10.64
Hendry County,2020-01-24,10.37
Hernando County,2020-01-24,9.86
Highlands County,2020-01-24,11.05
Hillsborough County,2020-01-24,10.8
Holmes County,2020-01-24,4.09
Indian River County,2020-01-24,12.16
Jackson County,2020-01-24,5.24
Jefferson County,2020-01-24,7.5
Lafayette County,2020-01-24,7.25
Lake County,2020-01-24,11.16
Lee County,2020-01-24,10.8
Leon County,2020-01-24,7.68
Levy County,2020-01-24,9.58
Liberty County,2020-01-24,6.61
Madison County,2020-01-24,6.1
Manatee County,2020-01-24,10.97
Marion County,2020-01-24,10.2
Martin County,2020-01-24,12.59
Miami-Dade County,2020-01-24,13.18
Monroe County,2020-01-24,12.7
Nassau County,2020-01-24,8.07
Okaloosa County,2020-01-24,5.31
Okeechobee County,2020-01-24,11.88
Orange County,2020-01-24,12.02
Osceola County,2020-01-24,11.5
Palm Beach County,2020-01-24,11.77
Pasco County,2020-01-24,10.21
Pinellas County,2020-01-24,10.73
Polk County,2020-01-24,10.71
Putnam County,2020-01-24,11.53
St. Johns County,2020-01-24,12.26
St. Lucie County,2020-01-24,12.48
Santa Rosa County,2020-01-24,6.47
Sarasota County,2020-01-24,10.88
Seminole County,2020-01-24,12.63
Sumter County,2020-01-24,9.93
Suwannee County,2020-01-24,5.89
Taylor County,2020-01-24,8.34
Union County,2020-01-24,7.36
Volusia County,2020-01-24,13.02
Wakulla County,2020-01-24,8.05
Walton County,2020-01-24,4.75
Washington County,2020-01-24,5.06
Alachua County,2020-01-25,9.37
Baker County,2020-01-25,8.49
Bay County,2020-01-25,5.83
Bradford County,2020-01-25,9.55
Brevard County,2020-01-25,14.78
Broward County,2020-01-25,16.36
Calhoun County,2020-01-25,5.1
Charlotte County,2020-01-25,15.02
Citrus County,2020-01-25,10.32
Clay County,2020-01-25,10.94
Collier County,2020-01-25,14.8
Columbia County,2020-01-25,7.25
DeSoto County,2020-01-25,14.24
Dixie County,2020-01-25,7.7
Duval County,2020-01-25,10.26
Escambia County,2020-01-25,3.83
Flagler County,2020-01-25,12.17
Franklin County,2020-01-25,7.42
Gadsden County,2020-01-25,5.52
Gilchrist County,2020-01-25,7.88
Glades County,2020-01-25,14.88
Gulf County,2020-01-25,6.75
Hamilton County,2020-01-25,5.85
Hardee County,2020-01-25,13.96
Hendry County,2020-01-25,14.93
Hernando County,2020-01-25,11.87
Highlands County,2020-01-25,14.18
Hillsborough County,2020-01-25,14.54
Holmes County,2020-01-25,2.01
Indian River County,2020-01-25,15.22
Jackson County,2020-01-25,4.08
Jefferson County,2020-01-25,5.95
Lafayette County,2020-01-25,6.35
Lake County,2020-01-25,12.31
Lee County,2020-01-25,15.39
Leon County,2020-01-25,5.94
Levy County,2020-01-25,9.43
Liberty County,2020-01-25,5.98
Madison County,2020-01-25,5.52
Manatee County,2020-01-25,14.87
Marion County,2020-01-25,10.49
Martin County,2020-01-25,16.48
Miami-Dade County,2020-01-25,16.06
Monroe County,2020-01-25,15.38
Nassau County,2020-01-25,9.19
Okaloosa County,2020-01-25,2.08
Okeechobee County,2020-01-25,15.28
Orange County,2020-01-25,13.83
Osceola County,2020-01-25,14.37
Palm Beach County,2020-01-25,16.69
Pasco County,2020-01-25,13.16
Pinellas County,2020-01-25,15.52
Polk County,2020-01-25,13.81
Putnam County,2020-01-25,11.65
St. Johns County,2020-01-25,11.74
St. Lucie County,2020-01-25,15.93
Santa Rosa County,2020-01-25,2.72
Sarasota County,2020-01-25,14.89
Seminole County,2020-01-25,13.47
Sumter County,2020-01-25,11.15
Suwannee County,2020-01-25,6.17
Taylor County,2020-01-25,6.9
Union County,2020-01-25,8.35
Volusia County,2020-01-25,12.54
Wakulla County,2020-01-25,6.64
Walton County,2020-01-25,2.45
Washington County,2020-01-25,3.65
Alachua County,2020-01-26,4.97
Baker County,2020-01-26,4.08
Bay County,2020-01-26,5.38
Bradford County,2020-01-26,5.12
Brevard County,2020-01-26,7.47
Broward County,2020-01-26,11.05
Calhoun County,2020-01-26,3.73
Charlotte County,2020-01-26,6.03
Citrus County,2020-01-26,6.0
Clay County,2020-01-26,6.65
Collier County,2020-01-26,9.45
Columbia County,2020-01-26,2.83
DeSoto County,2020-01-26,4.16
Dixie County,2020-01-26,4.56
Duval County,2020-01-26,7.3
Escambia County,2020-01-26,3.14
Flagler County,2020-01-26,6.84
Franklin County,2020-01-26,5.62
Gadsden County,2020-01-26,3.55
Gilchrist County,2020-01-26,3.98
Glades County,2020-01-26,6.58
Gulf County,2020-01-26,5.34
Hamilton County,2020-01-26,1.89
Hardee County,2020-01-26,4.34
Hendry County,2020-01-26,8.4
Hernando County,2020-01-26,6.9
Highlands County,2020-01-26,4.67
Hillsborough County,2020-01-26,7.89
Holmes County,2020-01-26,2.89
Indian River County,2020-01-26,6.74
Jackson County,2020-01-26,3.42
Jefferson County,2020-01-26,3.75
Lafayette County,2020-01-26,2.9
Lake County,2020-01-26,6.32
Lee County,2020-01-26,7.79
Leon County,2020-01-26,3.79
Levy County,2020-01-26,5.78
Liberty County,2020-01-26,3.91
Madison County,2020-01-26,2.69
Manatee County,2020-01-26,6.37
Marion County,2020-01-26,5.47
Martin County,2020-01-26,9.12
Miami-Dade County,2020-01-26,11.32
Monroe County,2020-01-26,12.48
Nassau County,2020-01-26,6.3
Okaloosa County,2020-01-26,2.02
Okeechobee County,2020-01-26,6.44
Orange County,2020-01-26,7.09
Osceola County,2020-01-26,6.3
Palm Beach County,2020-01-26,10.38
Pasco County,2020-01-26,7.51
Pinellas County,2020-01-26,10.24
Polk County,2020-01-26,5.9
Putnam County,2020-01-26,6.55
St. Johns County,2020-01-26,7.87
St. Lucie County,2020-01-26,7.89
Santa Rosa County,2020-01-26,2.07
Sarasota County,2020-01-26,6.07
Seminole County,2020-01-26,6.87
Sumter County,2020-01-26,5.66
Suwannee County,2020-01-26,2.32
Taylor County,2020-01-26,4.3
Union County,2020-01-26,3.93
Volusia County,2020-01-26,6.52
Wakulla County,2020-01-26,4.49
Walton County,2020-01-26,2.9
Washington County,2020-01-26,3.78
Alachua County,2020-01-27,4.98
Baker County,2020-01-27,3.04
Bay County,2020-01-27,6.45
Bradford County,2020-01-27,4.24
Brevard County,2020-01-27,9.11
Broward County,2020-01-27,9.66
Calhoun County,2020-01-27,4.43
Charlotte County,2020-01-27,7.6
Citrus County,2020-01-27,6.5
Clay County,2020-01-27,5.32
Collier County,2020-01-27,8.43
Columbia County,2020-01-27,2.92
DeSoto County,2020-01-27,6.28
Dixie County,2020-01-27,5.81
Duval County,2020-01-27,5.61
Escambia County,2020-01-27,6.57
Flagler County,2020-01-27,7.05
Franklin County,2020-01-27,5.36
Gadsden County,2020-01-27,3.31
Gilchrist County,2020-01-27,5.16
Glades County,2020-01-27,7.34
Gulf County,2020-01-27,5.76
Hamilton County,2020-01-27,2.29
Hardee County,2020-01-27,6.19
Hendry County,2020-01-27,7.61
Hernando County,2020-01-27,7.05
Highlands County,2020-01-27,6.65
Hillsborough County,2020-01-27,7.91
Holmes County,2020-01-27,4.8
Indian River County,2020-01-27,8.32
Jackson County,2020-01-27,4.34
Jefferson County,2020-01-27,3.69
Lafayette County,2020-01-27,3.94
Lake County,2020-01-27,6.97
Lee County,2020-01-27,8.4
Leon County,2020-01-27,3.36
Levy County,2020-01-27,6.92
Liberty County,2020-01-27,3.94
Madison County,2020-01-27,3.19
Manatee County,2020-01-27,7.7
Marion County,2020-01-27,5.81
Martin County,2020-01-27,9.26
Miami-Dade County,2020-01-27,10.96
Monroe County,2020-01-27,11.35
Nassau County,2020-01-27,4.64
Okaloosa County,2020-01-27,4.64
Okeechobee County,2020-01-27,7.85
Orange County,2020-01-27,8.07
Osceola County,2020-01-27,7.68
Palm Beach County,2020-01-27,9.26
Pasco County,2020-01-27,7.45
Pinellas County,2020-01-27,9.17
Polk County,2020-01-27,6.94
Putnam County,2020-01-27,5.99
St. Johns County,2020-01-27,6.93
St. Lucie County,2020-01-27,8.91
Santa Rosa County,2020-01-27,5.23
Sarasota County,2020-01-27,7.9
Seminole County,2020-01-27,7.99
Sumter County,2020-01-27,6.27
Suwannee County,2020-01-27,3.13
Taylor County,2020-01-27,4.76
Union County,2020-01-27,3.57
Volusia County,2020-01-27,7.59
Wakulla County,2020-01-27,4.04
Walton County,2020-01-27,4.94
Washington County,2020-01-27,5.41
Alachua County,2020-01-28,8.03
Baker County,2020-01-28,6.87
Bay County,2020-01-28,4.51
Bradford County,2020-01-28,8.11
Brevard County,2020-01-28,12.38
Broward County,2020-01-28,13.9
Calhoun County,2020-01-28,3.83
Charlotte County,2020-01-28,11.39
Citrus County,2020-01-28,9.17
Clay County,2020-01-28,9.45
Collier County,2020-01-28,11.88
Columbia County,2020-01-28,5.7
DeSoto County,2020-01-28,10.0
Dixie County,2020-01-28,6.59
Duval County,2020-01-28,9.67
Escambia County,2020-01-28,3.19
Flagler County,2020-01-28,10.27
Franklin County,2020-01-28,5.94
Gadsden County,2020-01-28,4.31
Gilchrist County,2020-01-28,6.56
Glades County,2020-01-28,11.78
Gulf County,2020-01-28,5.17
Hamilton County,2020-01-28,4.81
Hardee County,2020-01-28,10.24
Hendry County,2020-01-28,11.82
Hernando County,2020-01-28,10.41
Highlands County,2020-01-28,10.88
Hillsborough County,2020-01-28,12.14
Holmes County,2020-01-28,2.43
Indian River County,2020-01-28,11.87
Jackson County,2020-01-28,3.42
Jefferson County,2020-01-28,5.32
Lafayette County,2020-01-28,5.28
Lake County,2020-01-28,10.39
Lee County,2020-01-28,12.29
Leon County,2020-01-28,4.93
Levy County,2020-01-28,8.27
Liberty County,2020-01-28,4.49
Madison County,2020-01-28,4.97
Manatee County,2020-01-28,11.63
Marion County,2020-01-28,9.04
Martin County,2020-01-28,12.97
Miami-Dade County,2020-01-28,14.89
Monroe County,2020-01-28,14.46
Nassau County,2020-01-28,8.51
Okaloosa County,2020-01-28,1.97
Okeechobee County,2020-01-28,11.77
Orange County,2020-01-28,11.05
Osceola County,2020-01-28,10.9
Palm Beach County,2020-01-28,13.36
Pasco County,2020-01-28,11.27
Pinellas County,2020-01-28,13.38
Polk County,2020-01-28,10.93
Putnam County,2020-01-28,9.75
St. Johns County,2020-01-28,10.42
St. Lucie County,2020-01-28,12.49
Santa Rosa County,2020-01-28,2.26
Sarasota County,2020-01-28,11.58
Seminole County,2020-01-28,11.02
Sumter County,2020-01-28,9.66
Suwannee County,2020-01-28,5.05
Taylor County,2020-01-28,6.1
Union County,2020-01-28,6.86
Volusia County,2020-01-28,10.74
Wakulla County,2020-01-28,5.49
Walton County,2020-01-28,2.33
Washington County,2020-01-28,3.24
Alachua County,2020-01-29,4.1
Baker County,2020-01-29,2.99
Bay County,2020-01-29,4.26
Bradford County,2020-01-29,4.07
Brevard County,2020-01-29,10.35
Broward County,2020-01-29,14.08
Calhoun County,2020-01-29,3.56
Charlotte County,2020-01-29,10.38
Citrus County,2020-01-29,5.22
Clay County,2020-01-29,5.03
Collier County,2020-01-29,11.85
Columbia County,2020-01-29,2.56
DeSoto County,2020-01-29,9.0
Dixie County,2020-01-29,3.7
Duval County,2020-01-29,5.15
Escambia County,2020-01-29,4.16
Flagler County,2020-01-29,6.35
Franklin County,2020-01-29,4.82
Gadsden County,2020-01-29,3.92
Gilchrist County,2020-01-29,3.35
Glades County,2020-01-29,10.96
Gulf County,2020-01-29,4.88
Hamilton County,2020-01-29,2.01
Hardee County,2020-01-29,8.54
Hendry County,2020-01-29,11.45
Hernando County,2020-01-29,6.79
Highlands County,2020-01-29,9.63
Hillsborough County,2020-01-29,9.88
Holmes County,2020-01-29,2.53
Indian River County,2020-01-29,11.17
Jackson County,2020-01-29,3.61
Jefferson County,2020-01-29,4.38
Lafayette County,2020-01-29,2.65
Lake County,2020-01-29,6.73
Lee County,2020-01-29,11.39
Leon County,2020-01-29,4.22
Levy County,2020-01-29,4.66
Liberty County,2020-01-29,3.57
Madison County,2020-01-29,3.27
Manatee County,2020-01-29,9.88
Marion County,2020-01-29,4.69
Martin County,2020-01-29,13.44
Miami-Dade County,2020-01-29,14.13
Monroe County,2020-01-29,14.55
Nassau County,2020-01-29,3.89
Okaloosa County,2020-01-29,1.88
Okeechobee County,2020-01-29,10.96
Orange County,2020-01-29,8.64
Osceola County,2020-01-29,9.33
Palm Beach County,2020-01-29,13.9
Pasco County,2020-01-29,8.16
Pinellas County,2020-01-29,11.93
Polk County,2020-01-29,8.51
Putnam County,2020-01-29,5.38
St. Johns County,2020-01-29,6.35
St. Lucie County,2020-01-29,12.55
Santa Rosa County,2020-01-29,2.53
Sarasota County,2020-01-29,9.9
Seminole County,2020-01-29,8.1
Sumter County,2020-01-29,5.48
Suwannee County,2020-01-29,2.35
Taylor County,2020-01-29,4.04
Union County,2020-01-29,3.34
Volusia County,2020-01-29,7.08
Wakulla County,2020-01-29,4.03
Walton County,2020-01-29,2.14
Washington County,2020-01-29,3.31
Alachua County,2020-01-30,3.38
Baker County,2020-01-30,2.14
Bay County,2020-01-30,7.02
Bradford County,2020-01-30,2.99
Brevard County,2020-01-30,12.53
Broward County,2020-01-30,14.11
Calhoun County,2020-01-30,5.84
Charlotte County,2020-01-30,11.85
Citrus County,2020-01-30,4.7
Clay County,2020-01-30,4.09
Collier County,2020-01-30,11.5
Columbia County,2020-01-30,2.34
DeSoto County,2020-01-30,11.03
Dixie County,2020-01-30,4.43
Duval County,2020-01-30,4.16
Escambia County,2020-01-30,4.47
Flagler County,2020-01-30,7.57
Franklin County,2020-01-30,7.22
Gadsden County,2020-01-30,5.98
Gilchrist County,2020-01-30,3.46
Glades County,2020-01-30,12.94
Gulf County,2020-01-30,7.16
Hamilton County,2020-01-30,2.62
Hardee County,2020-01-30,10.01
Hendry County,2020-01-30,12.2
Hernando County,2020-01-30,5.85
Highlands County,2020-01-30,12.0
Hillsborough County,2020-01-30,8.45
Holmes County,2020-01-30,4.27
Indian River County,2020-01-30,12.87
Jackson County,2020-01-30,5.38
Jefferson County,2020-01-30,6.21
Lafayette County,2020-01-30,3.68
Lake County,2020-01-30,7.34
Lee County,2020-01-30,12.42
Leon County,2020-01-30,6.27
Levy County,2020-01-30,4.52
Liberty County,2020-01-30,5.99
Madison County,2020-01-30,4.75
Manatee County,2020-01-30,9.23
Marion County,2020-01-30,4.57
Martin County,2020-01-30,14.97
Miami-Dade County,2020-01-30,14.1
Monroe County,2020-01-30,14.04
Nassau County,2020-01-30,3.12
Okaloosa County,2020-01-30,3.86
Okeechobee County,2020-01-30,13.12
Orange County,2020-01-30,10.02
Osceola County,2020-01-30,11.07
Palm Beach County,2020-01-30,14.85
Pasco County,2020-01-30,6.82
Pinellas County,2020-01-30,9.22
Polk County,2020-01-30,9.33
Putnam County,2020-01-30,5.25
St. Johns County,2020-01-30,6.37
St. Lucie County,2020-01-30,14.11
Santa Rosa County,2020-01-30,3.83
Sarasota County,2020-01-30,9.84
Seminole County,2020-01-30,9.85
Sumter County,2020-01-30,5.46
Suwannee County,2020-01-30,3.04
Taylor County,2020-01-30,5.71
Union County,2020-01-30,2.52
Volusia County,2020-01-30,9.14
Wakulla County,2020-01-30,6.46
Walton County,2020-01-30,4.46
Washington County,2020-01-30,5.47
Alachua County,2020-01-31,10.84
Baker County,2020-01-31,9.03
Bay County,2020-01-31,6.77
Bradford County,2020-01-31,10.43
Brevard County,2020-01-31,14.66
Broward County,2020-01-31,15.23
Calhoun County,2020-01-31,6.67
Charlotte County,2020-01-31,12.99
Citrus County,2020-01-31,11.21
Clay County,2020-01-31,11.35
Collier County,2020-01-31,13.23
Columbia County,2020-01-31,8.83
DeSoto County,2020-01-31,12.59
Dixie County,2020-01-31,9.74
Duval County,2020-01-31,10.25
Escambia County,2020-01-31,4.64
Flagler County,2020-01-31,13.33
Franklin County,2020-01-31,7.9
Gadsden County,2020-01-31,8.35
Gilchrist County,2020-01-31,10.0
Glades County,2020-01-31,13.93
Gulf County,2020-01-31,7.21
Hamilton County,2020-01-31,8.38
Hardee County,2020-01-31,12.41
Hendry County,2020-01-31,13.68
Hernando County,2020-01-31,12.04
Highlands County,2020-01-31,13.2
Hillsborough County,2020-01-31,12.52
Holmes County,2020-01-31,5.25
Indian River County,2020-01-31,14.31
Jackson County,2020-01-31,6.58
Jefferson County,2020-01-31,10.04
Lafayette County,2020-01-31,9.56
Lake County,2020-01-31,13.71
Lee County,2020-01-31,13.43
Leon County,2020-01-31,9.38
Levy County,2020-01-31,10.72
Liberty County,2020-01-31,7.39
Madison County,2020-01-31,9.64
Manatee County,2020-01-31,12.19
Marion County,2020-01-31,12.14
Martin County,2020-01-31,15.66
Miami-Dade County,2020-01-31,14.49
Monroe County,2020-01-31,14.55
Nassau County,2020-01-31,9.15
Okaloosa County,2020-01-31,4.21
Okeechobee County,2020-01-31,14.21
Orange County,2020-01-31,14.28
Osceola County,2020-01-31,13.67
Palm Beach County,2020-01-31,15.69
Pasco County,2020-01-31,12.4
Pinellas County,2020-01-31,12.15
Polk County,2020-01-31,12.99
Putnam County,2020-01-31,12.6
St. Johns County,2020-01-31,12.22
St. Lucie County,2020-01-31,15.08
Santa Rosa County,2020-01-31,3.84
Sarasota County,2020-01-31,12.02
Seminole County,2020-01-31,14.32
Sumter County,2020-01-31,12.69
Suwannee County,2020-01-31,9.08
Taylor County,2020-01-31,10.14
Union County,2020-01-31,9.58
Volusia County,2020-01-31,13.8
Wakulla County,2020-01-31,8.81
Walton County,2020-01-31,4.95
Washington County,2020-01-31,6.18
Alachua County,2020-02-01,10.28
Baker County,2020-02-01,7.27
Bay County,2020-02-01,7.95
Bradford County,2020-02-01,9.26
Brevard County,2020-02-01,15.76
Broward County,2020-02-01,15.21
Calhoun County,2020-02-01,7.35
Charlotte County,2020-02-01,14.48
Citrus County,2020-02-01,12.44
Clay County,2020-02-01,10.07
Collier County,2020-02-01,13.32
Columbia County,2020-02-01,7.36
DeSoto County,2020-02-01,14.65
Dixie County,2020-02-01,9.76
Duval County,2020-02-01,8.54
Escambia County,2020-02-01,10.22
Flagler County,2020-02-01,12.33
Franklin County,2020-02-01,8.22
Gadsden County,2020-02-01,7.31
Gilchrist County,2020-02-01,9.51
Glades County,2020-02-01,15.76
Gulf County,2020-02-01,7.91
Hamilton County,2020-02-01,7.04
Hardee County,2020-02-01,14.39
Hendry County,2020-02-01,14.43
Hernando County,2020-02-01,13.52
Highlands County,2020-02-01,15.64
Hillsborough County,2020-02-01,14.01
Holmes County,2020-02-01,7.12
Indian River County,2020-02-01,16.01
Jackson County,2020-02-01,7.15
Jefferson County,2020-02-01,7.88
Lafayette County,2020-02-01,8.65
Lake County,2020-02-01,14.79
Lee County,2020-02-01,14.41
Leon County,2020-02-01,7.52
Levy County,2020-02-01,10.84
Liberty County,2020-02-01,7.62
Madison County,2020-02-01,7.82
Manatee County,2020-02-01,13.59
Marion County,2020-02-01,12.52
Martin County,2020-02-01,16.85
Miami-Dade County,2020-02-01,14.66
Monroe County,2020-02-01,14.52
Nassau County,2020-02-01,7.01
Okaloosa County,2020-02-01,8.95
Okeechobee County,2020-02-01,16.2
Orange County,2020-02-01,15.43
Osceola County,2020-02-01,15.61
Palm Beach County,2020-02-01,16.09
Pasco County,2020-02-01,13.81
Pinellas County,2020-02-01,13.53
Polk County,2020-02-01,15.05
Putnam County,2020-02-01,11.98
St. Johns County,2020-02-01,10.82
St. Lucie County,2020-02-01,16.45
Santa Rosa County,2020-02-01,9.88
Sarasota County,2020-02-01,13.34
Seminole County,2020-02-01,14.95
Sumter County,2020-02-01,14.03
Suwannee County,2020-02-01,7.83
Taylor County,2020-02-01,9.12
Union County,2020-02-01,8.21
Volusia County,2020-02-01,13.6
Wakulla County,2020-02-01,7.95
Walton County,2020-02-01,8.01
Washington County,2020-02-01,7.22
Alachua County,2020-02-02,5.68
Baker County,2020-02-02,4.21
Bay County,2020-02-02,4.34
Bradford County,2020-02-02,5.51
Brevard County,2020-02-02,8.21
Broward County,2020-02-02,12.22
Calhoun County,2020-02-02,3.26
Charlotte County,2020-02-02,9.42
Citrus County,2020-02-02,7.67
Clay County,2020-02-02,6.71
Collier County,2020-02-02,11.69
Columbia County,2020-02-02,3.42
DeSoto County,2020-02-02,7.98
Dixie County,2020-02-02,5.04
Duval County,2020-02-02,6.57
Escambia County,2020-02-02,3.4
Flagler County,2020-02-02,7.59
Franklin County,2020-02-02,4.8
Gadsden County,2020-02-02,2.96
Gilchrist County,2020-02-02,4.46
Glades County,2020-02-02,9.62
Gulf County,2020-02-02,4.31
Hamilton County,2020-02-02,3.21
Hardee County,2020-02-02,7.3
Hendry County,2020-02-02,10.42
Hernando County,2020-02-02,8.87
Highlands County,2020-02-02,7.99
Hillsborough County,2020-02-02,10.09
Holmes County,2020-02-02,2.07
Indian River County,2020-02-02,8.12
Jackson County,2020-02-02,3.2
Jefferson County,2020-02-02,3.44
Lafayette County,2020-02-02,3.5
Lake County,2020-02-02,8.03
Lee County,2020-02-02,10.63
Leon County,2020-02-02,2.98
Levy County,2020-02-02,6.17
Liberty County,2020-02-02,3.28
Madison County,2020-02-02,3.33
Manatee County,2020-02-02,9.27
Marion County,2020-02-02,6.96
Martin County,2020-02-02,11.22
Miami-Dade County,2020-02-02,12.59
Monroe County,2020-02-02,14.33
Nassau County,2020-02-02,5.64
Okaloosa County,2020-02-02,2.35
Okeechobee County,2020-02-02,8.66
Orange County,2020-02-02,7.91
Osceola County,2020-02-02,7.44
Palm Beach County,2020-02-02,11.96
Pasco County,2020-02-02,9.46
Pinellas County,2020-02-02,12.3
Polk County,2020-02-02,7.73
Putnam County,2020-02-02,7.43
St. Johns County,2020-02-02,7.61
St. Lucie County,2020-02-02,9.44
Santa Rosa County,2020-02-02,3.02
Sarasota County,2020-02-02,9.25
Seminole County,2020-02-02,7.84
Sumter County,2020-02-02,7.66
Suwannee County,2020-02-02,3.16
Taylor County,2020-02-02,4.5
Union County,2020-02-02,4.28
Volusia County,2020-02-02,7.59
Wakulla County,2020-02-02,3.8
Walton County,2020-02-02,2.41
Washington County,2020-02-02,2.7
Alachua County,2020-02-03,4.61
Baker County,2020-02-03,4.17
Bay County,2020-02-03,3.23
Bradford County,2020-02-03,4.83
Brevard County,2020-02-03,6.17
Broward County,2020-02-03,8.18
Calhoun County,2020-02-03,1.9
Charlotte County,2020-02-03,6.25
Citrus County,2020-02-03,5.7
Clay County,2020-02-03,5.99
Collier County,2020-02-03,7.62
Columbia County,2020-02-03,3.52
DeSoto County,2020-02-03,4.91
Dixie County,2020-02-03,4.23
Duval County,2020-02-03,6.11
Escambia County,2020-02-03,4.04
Flagler County,2020-02-03,6.29
Franklin County,2020-02-03,3.18
Gadsden County,2020-02-03,2.01
Gilchrist County,2020-02-03,3.79
Glades County,2020-02-03,6.31
Gulf County,2020-02-03,2.7
Hamilton County,2020-02-03,3.69
Hardee County,2020-02-03,4.58
Hendry County,2020-02-03,6.53
Hernando County,2020-02-03,6.65
Highlands County,2020-02-03,5.14
Hillsborough County,2020-02-03,7.16
Holmes County,2020-02-03,1.76
Indian River County,2020-02-03,5.47
Jackson County,2020-02-03,2.15
Jefferson County,2020-02-03,3.12
Lafayette County,2020-02-03,3.41
Lake County,2020-02-03,6.42
Lee County,2020-02-03,7.45
Leon County,2020-02-03,2.13
Levy County,2020-02-03,4.71
Liberty County,2020-02-03,1.75
Madison County,2020-02-03,3.56
Manatee County,2020-02-03,6.04
Marion County,2020-02-03,5.38
Martin County,2020-02-03,7.31
Miami-Dade County,2020-02-03,9.14
Monroe County,2020-02-03,11.03
Nassau County,2020-02-03,5.31
Okaloosa County,2020-02-03,2.49
Okeechobee County,2020-02-03,5.75
Orange County,2020-02-03,6.32
Osceola County,2020-02-03,5.54
Palm Beach County,2020-02-03,7.81
Pasco County,2020-02-03,6.97
Pinellas County,2020-02-03,9.46
Polk County,2020-02-03,5.64
Putnam County,2020-02-03,6.26
St. Johns County,2020-02-03,6.85
St. Lucie County,2020-02-03,6.2
Santa Rosa County,2020-02-03,3.29
Sarasota County,2020-02-03,6.0
Seminole County,2020-02-03,6.16
Sumter County,2020-02-03,5.83
Suwannee County,2020-02-03,3.41
Taylor County,2020-02-03,4.09
Union County,2020-02-03,3.9
Volusia County,2020-02-03,5.98
Wakulla County,2020-02-03,2.46
Walton County,2020-02-03,2.26
Washington County,2020-02-03,1.97
Alachua County,2020-02-04,4.07
Baker County,2020-02-04,3.83
Bay County,2020-02-04,6.21
Bradford County,2020-02-04,4.14
Brevard County,2020-02-04,6.91
Broward County,2020-02-04,8.41
Calhoun County,2020-02-04,5.35
Charlotte County,2020-02-04,7.49
Citrus County,2020-02-04,5.29
Clay County,2020-02-04,5.26
Collier County,2020-02-04,7.77
Columbia County,2020-02-04,3.67
DeSoto County,2020-02-04,6.43
Dixie County,2020-02-04,4.59
Duval County,2020-02-04,5.56
Escambia County,2020-02-04,7.86
Flagler County,2020-02-04,6.9
Franklin County,2020-02-04,5.83
Gadsden County,2020-02-04,4.69
Gilchrist County,2020-02-04,3.81
Glades County,2020-02-04,7.23
Gulf County,2020-02-04,6.11
Hamilton County,2020-02-04,4.72
Hardee County,2020-02-04,5.84
Hendry County,2020-02-04,7.13
Hernando County,2020-02-04,6.18
Highlands County,2020-02-04,6.25
Hillsborough County,2020-02-04,7.06
Holmes County,2020-02-04,4.39
Indian River County,2020-02-04,5.62
Jackson County,2020-02-04,5.53
Jefferson County,2020-02-04,4.81
Lafayette County,2020-02-04,4.11
Lake County,2020-02-04,6.65
Lee County,2020-02-04,8.27
Leon County,2020-02-04,4.25
Levy County,2020-02-04,4.52
Liberty County,2020-02-04,4.87
Madison County,2020-02-04,4.97
Manatee County,2020-02-04,6.68
Marion County,2020-02-04,5.05
Martin County,2020-02-04,7.58
Miami-Dade County,2020-02-04,9.47
Monroe County,2020-02-04,10.66
Nassau County,2020-02-04,4.8
Okaloosa County,2020-02-04,5.28
Okeechobee County,2020-02-04,6.11
Orange County,2020-02-04,6.91
Osceola County,2020-02-04,5.97
Palm Beach County,2020-02-04,8.1
Pasco County,2020-02-04,6.52
Pinellas County,2020-02-04,8.29
Polk County,2020-02-04,6.3
Putnam County,2020-02-04,5.83
St. Johns County,2020-02-04,6.86
St. Lucie County,2020-02-04,6.42
Santa Rosa County,2020-02-04,6.62
Sarasota County,2020-02-04,6.93
Seminole County,2020-02-04,6.96
Sumter County,2020-02-04,5.71
Suwannee County,2020-02-04,4.14
Taylor County,2020-02-04,5.26
Union County,2020-02-04,3.47
Volusia County,2020-02-04,7.05
Wakulla County,2020-02-04,4.64
Walton County,2020-02-04,4.82
Washington County,2020-02-04,4.94
Alachua County,2020-02-05,5.75
Baker County,2020-02-05,5.21
Bay County,2020-02-05,13.38
Bradford County,2020-02-05,5.51
Brevard County,2020-02-05,11.45
Broward County,2020-02-05,13.47
Calhoun County,2020-02-05,12.1
Charlotte County,2020-02-05,11.76
Citrus County,2020-02-05,7.4
Clay County,2020-02-05,6.81
Collier County,2020-02-05,11.79
Columbia County,2020-02-05,5.27
DeSoto County,2020-02-05,11.13
Dixie County,2020-02-05,7.51
Duval County,2020-02-05,7.22
Escambia County,2020-02-05,15.44
Flagler County,2020-02-05,9.16
Franklin County,2020-02-05,13.52
Gadsden County,2020-02-05,11.57
Gilchrist County,2020-02-05,5.9
Glades County,2020-02-05,11.96
Gulf County,2020-02-05,13.81
Hamilton County,2020-02-05,7.23
Hardee County,2020-02-05,10.22
Hendry County,2020-02-05,11.5
Hernando County,2020-02-05,8.4
Highlands County,2020-02-05,11.31
Hillsborough County,2020-02-05,9.85
Holmes County,2020-02-05,10.36
Indian River County,2020-02-05,10.58
Jackson County,2020-02-05,11.16
Jefferson County,2020-02-05,11.21
Lafayette County,2020-02-05,6.9
Lake County,2020-02-05,9.3
Lee County,2020-02-05,12.13
Leon County,2020-02-05,11.56
Levy County,2020-02-05,6.82
Liberty County,2020-02-05,12.4
Madison County,2020-02-05,9.43
Manatee County,2020-02-05,10.44
Marion County,2020-02-05,7.09
Martin County,2020-02-05,11.7
Miami-Dade County,2020-02-05,15.15
Monroe County,2020-02-05,14.77
Nassau County,2020-02-05,6.5
Okaloosa County,2020-02-05,12.43
Okeechobee County,2020-02-05,11.26
Orange County,2020-02-05,10.61
Osceola County,2020-02-05,10.73
Palm Beach County,2020-02-05,12.34
Pasco County,2020-02-05,8.96
Pinellas County,2020-02-05,10.56
Polk County,2020-02-05,10.08
Putnam County,2020-02-05,7.7
St. Johns County,2020-02-05,8.66
St. Lucie County,2020-02-05,10.9
Santa Rosa County,2020-02-05,13.94
Sarasota County,2020-02-05,10.98
Seminole County,2020-02-05,10.52
Sumter County,2020-02-05,8.07
Suwannee County,2020-02-05,6.35
Taylor County,2020-02-05,10.01
Union County,2020-02-05,4.85
Volusia County,2020-02-05,9.96
Wakulla County,2020-02-05,12.22
Walton County,2020-02-05,11.75
Washington County,2020-02-05,11.13
Alachua County,2020-02-06,11.6
Baker County,2020-02-06,11.4
Bay County,2020-02-06,19.68
Bradford County,2020-02-06,11.3
Brevard County,2020-02-06,16.35
Broward County,2020-02-06,16.85
Calhoun County,2020-02-06,18.25
Charlotte County,2020-02-06,15.77
Citrus County,2020-02-06,13.01
Clay County,2020-02-06,12.02
Collier County,2020-02-06,15.84
Columbia County,2020-02-06,11.77
DeSoto County,2020-02-06,14.89
Dixie County,2020-02-06,14.16
Duval County,2020-02-06,12.28
Escambia County,2020-02-06,18.54
Flagler County,2020-02-06,13.95
Franklin County,2020-02-06,18.44
Gadsden County,2020-02-06,16.52
Gilchrist County,2020-02-06,12.49
Glades County,2020-02-06,14.83
Gulf County,2020-02-06,18.93
Hamilton County,2020-02-06,12.77
Hardee County,2020-02-06,14.69
Hendry County,2020-02-06,14.69
Hernando County,2020-02-06,14.05
Highlands County,2020-02-06,14.9
Hillsborough County,2020-02-06,15.72
Holmes County,2020-02-06,18.3
Indian River County,2020-02-06,14.95
Jackson County,2020-02-06,18.07
Jefferson County,2020-02-06,15.28
Lafayette County,2020-02-06,13.64
Lake County,2020-02-06,14.4
Lee County,2020-02-06,16.4
Leon County,2020-02-06,15.95
Levy County,2020-02-06,12.86
Liberty County,2020-02-06,17.68
Madison County,2020-02-06,14.17
Manatee County,2020-02-06,15.42
Marion County,2020-02-06,12.26
Martin County,2020-02-06,15.52
Miami-Dade County,2020-02-06,17.7
Monroe County,2020-02-06,18.08
Nassau County,2020-02-06,12.06
Okaloosa County,2020-02-06,18.75
Okeechobee County,2020-02-06,14.73
Orange County,2020-02-06,15.72
Osceola County,2020-02-06,15.45
Palm Beach County,2020-02-06,15.81
Pasco County,2020-02-06,14.72
Pinellas County,2020-02-06,16.68
Polk County,2020-02-06,15.31
Putnam County,2020-02-06,12.67
St. Johns County,2020-02-06,13.24
St. Lucie County,2020-02-06,15.03
Santa Rosa County,2020-02-06,18.79
Sarasota County,2020-02-06,15.62
Seminole County,2020-02-06,15.62
Sumter County,2020-02-06,13.24
Suwannee County,2020-02-06,12.87
Taylor County,2020-02-06,15.78
Union County,2020-02-06,11.15
Volusia County,2020-02-06,15.03
Wakulla County,2020-02-06,17.14
Walton County,2020-02-06,18.88
Washington County,2020-02-06,18.69
Alachua County,2020-02-07,13.89
Baker County,2020-02-07,12.2
Bay County,2020-02-07,6.42
Bradford County,2020-02-07,13.97
Brevard County,2020-02-07,15.97
Broward County,2020-02-07,18.85
Calhoun County,2020-02-07,6.2
Charlotte County,2020-02-07,17.43
Citrus County,2020-02-07,14.82
Clay County,2020-02-07,15.71
Collier County,2020-02-07,17.8
Columbia County,2020-02-07,10.9
DeSoto County,2020-02-07,16.68
Dixie County,2020-02-07,11.46
Duval County,2020-02-07,15.86
Escambia County,2020-02-07,3.92
Flagler County,2020-02-07,15.67
Franklin County,2020-02-07,6.07
Gadsden County,2020-02-07,5.18
Gilchrist County,2020-02-07,12.07
Glades County,2020-02-07,17.16
Gulf County,2020-02-07,5.84
Hamilton County,2020-02-07,9.71
Hardee County,2020-02-07,16.05
Hendry County,2020-02-07,16.85
Hernando County,2020-02-07,16.04
Highlands County,2020-02-07,16.38
Hillsborough County,2020-02-07,17.43
Holmes County,2020-02-07,6.59
Indian River County,2020-02-07,15.46
Jackson County,2020-02-07,6.62
Jefferson County,2020-02-07,7.48
Lafayette County,2020-02-07,10.17
Lake County,2020-02-07,15.99
Lee County,2020-02-07,17.83
Leon County,2020-02-07,6.06
Levy County,2020-02-07,13.38
Liberty County,2020-02-07,5.67
Madison County,2020-02-07,8.64
Manatee County,2020-02-07,17.49
Marion County,2020-02-07,14.98
Martin County,2020-02-07,17.08
Miami-Dade County,2020-02-07,19.38
Monroe County,2020-02-07,19.57
Nassau County,2020-02-07,14.11
Okaloosa County,2020-02-07,4.69
Okeechobee County,2020-02-07,16.29
Orange County,2020-02-07,16.16
Osceola County,2020-02-07,15.85
Palm Beach County,2020-02-07,17.9
Pasco County,2020-02-07,16.75
Pinellas County,2020-02-07,18.13
Polk County,2020-02-07,16.11
Putnam County,2020-02-07,16.0
St. Johns County,2020-02-07,16.32
St. Lucie County,2020-02-07,15.97
Santa Rosa County,2020-02-07,4.49
Sarasota County,2020-02-07,17.64
Seminole County,2020-02-07,16.02
Sumter County,2020-02-07,15.57
Suwannee County,2020-02-07,10.03
Taylor County,2020-02-07,9.54
Union County,2020-02-07,12.4
Volusia County,2020-02-07,15.52
Wakulla County,2020-02-07,6.41
Walton County,2020-02-07,5.54
Washington County,2020-02-07,7.37
Alachua County,2020-02-08,2.42
Baker County,2020-02-08,2.55
Bay County,2020-02-08,3.66
Bradford County,2020-02-08,2.94
Brevard County,2020-02-08,6.98
Broward County,2020-02-08,12.54
Calhoun County,2020-02-08,2.17
Charlotte County,2020-02-08,8.61
Citrus County,2020-02-08,4.28
Clay County,2020-02-08,4.9
Collier County,2020-02-08,10.91
Columbia County,2020-02-08,1.32
DeSoto County,2020-02-08,7.28
Dixie County,2020-02-08,2.37
Duval County,2020-02-08,6.04
Escambia County,2020-02-08,2.35
Flagler County,2020-02-08,6.01
Franklin County,2020-02-08,2.38
Gadsden County,2020-02-08,1.1
Gilchrist County,2020-02-08,1.58
Glades County,2020-02-08,9.07
Gulf County,2020-02-08,2.61
Hamilton County,2020-02-08,1.42
Hardee County,2020-02-08,6.2
Hendry County,2020-02-08,9.68
Hernando County,2020-02-08,5.67
Highlands County,2020-02-08,7.24
Hillsborough County,2020-02-08,7.63
Holmes County,2020-02-08,2.85
Indian River County,2020-02-08,7.46
Jackson County,2020-02-08,2.62
Jefferson County,2020-02-08,1.65
Lafayette County,2020-02-08,1.25
Lake County,2020-02-08,5.09
Lee County,2020-02-08,9.73
Leon County,2020-02-08,1.09
Levy County,2020-02-08,2.91
Liberty County,2020-02-08,1.31
Madison County,2020-02-08,1.55
Manatee County,2020-02-08,7.5
Marion County,2020-02-08,3.57
Martin County,2020-02-08,10.43
Miami-Dade County,2020-02-08,14.22
Monroe County,2020-02-08,14.8
Nassau County,2020-02-08,5.14
Okaloosa County,2020-02-08,2.28
Okeechobee County,2020-02-08,7.84
Orange County,2020-02-08,5.6
Osceola County,2020-02-08,5.84
Palm Beach County,2020-02-08,11.39
Pasco County,2020-02-08,6.51
Pinellas County,2020-02-08,9.63
Polk County,2020-02-08,5.84
Putnam County,2020-02-08,5.01
St. Johns County,2020-02-08,6.72
St. Lucie County,2020-02-08,8.9
Santa Rosa County,2020-02-08,2.31
Sarasota County,2020-02-08,7.83
Seminole County,2020-02-08,5.56
Sumter County,2020-02-08,4.32
Suwannee County,2020-02-08,1.05
Taylor County,2020-02-08,2.38
Union County,2020-02-08,1.77
Volusia County,2020-02-08,5.64
Wakulla County,2020-02-08,1.54
Walton County,2020-02-08,2.81
Washington County,2020-02-08,3.21
Alachua County,2020-02-09,2.32
Baker County,2020-02-09,1.94
Bay County,2020-02-09,5.41
Bradford County,2020-02-09,2.41
Brevard County,2020-02-09,9.66
Broward County,2020-02-09,12.52
Calhoun County,2020-02-09,3.01
Charlotte County,2020-02-09,9.97
Citrus County,2020-02-09,3.55
Clay County,2020-02-09,3.86
Collier County,2020-02-09,11.33
Columbia County,2020-02-09,1.6
DeSoto County,2020-02-09,9.01
Dixie County,2020-02-09,2.7
Duval County,2020-02-09,4.42
Escambia County,2020-02-09,6.4
Flagler County,2020-02-09,6.16
Franklin County,2020-02-09,3.39
Gadsden County,2020-02-09,1.64
Gilchrist County,2020-02-09,2.02
Glades County,2020-02-09,10.89
Gulf County,2020-02-09,4.07
Hamilton County,2020-02-09,2.16
Hardee County,2020-02-09,7.76
Hendry County,2020-02-09,10.92
Hernando County,2020-02-09,4.66
Highlands County,2020-02-09,9.44
Hillsborough County,2020-02-09,6.89
Holmes County,2020-02-09,4.63
Indian River County,2020-02-09,9.75
Jackson County,2020-02-09,3.4
Jefferson County,2020-02-09,2.56
Lafayette County,2020-02-09,1.98
Lake County,2020-02-09,5.65
Lee County,2020-02-09,10.86
Leon County,2020-02-09,1.7
Levy County,2020-02-09,2.79
Liberty County,2020-02-09,2.05
Madison County,2020-02-09,2.6
Manatee County,2020-02-09,7.58
Marion County,2020-02-09,3.42
Martin County,2020-02-09,11.52
Miami-Dade County,2020-02-09,14.33
Monroe County,2020-02-09,14.63
Nassau County,2020-02-09,3.47
Okaloosa County,2020-02-09,4.98
Okeechobee County,2020-02-09,10.0
Orange County,2020-02-09,7.29
Osceola County,2020-02-09,8.06
Palm Beach County,2020-02-09,11.58
Pasco County,2020-02-09,5.42
Pinellas County,2020-02-09,7.83
Polk County,2020-02-09,7.13
Putnam County,2020-02-09,4.54
St. Johns County,2020-02-09,5.91
St. Lucie County,2020-02-09,10.77
Santa Rosa County,2020-02-09,5.75
Sarasota County,2020-02-09,8.27
Seminole County,2020-02-09,7.24
Sumter County,2020-02-09,4.17
Suwannee County,2020-02-09,1.87
Taylor County,2020-02-09,3.03
Union County,2020-02-09,1.67
Volusia County,2020-02-09,6.93
Wakulla County,2020-02-09,1.98
Walton County,2020-02-09,4.95
Washington County,2020-02-09,4.69
Alachua County,2020-02-10,5.56
Baker County,2020-02-10,4.63
Bay County,2020-02-10,8.01
Bradford County,2020-02-10,5.25
Brevard County,2020-02-10,15.07
Broward County,2020-02-10,18.43
Calhoun County,2020-02-10,7.41
Charlotte County,2020-02-10,12.96
Citrus County,2020-02-10,7.17
Clay County,2020-02-10,6.56
Collier County,2020-02-10,14.77
Columbia County,2020-02-10,4.79
DeSoto County,2020-02-10,12.04
Dixie County,2020-02-10,6.85
Duval County,2020-02-10,6.66
Escambia County,2020-02-10,9.92
Flagler County,2020-02-10,9.84
Franklin County,2020-02-10,7.96
Gadsden County,2020-02-10,7.94
Gilchrist County,2020-02-10,5.66
Glades County,2020-02-10,14.24
Gulf County,2020-02-10,7.55
Hamilton County,2020-02-10,5.9
Hardee County,2020-02-10,11.13
Hendry County,2020-02-10,14.3
Hernando County,2020-02-10,8.22
Highlands County,2020-02-10,13.15
Hillsborough County,2020-02-10,10.36
Holmes County,2020-02-10,6.77
Indian River County,2020-02-10,15.69
Jackson County,2020-02-10,8.12
Jefferson County,2020-02-10,8.18
Lafayette County,2020-02-10,6.24
Lake County,2020-02-10,9.36
Lee County,2020-02-10,13.93
Leon County,2020-02-10,7.95
Levy County,2020-02-10,6.46
Liberty County,2020-02-10,7.27
Madison County,2020-02-10,7.36
Manatee County,2020-02-10,10.83
Marion County,2020-02-10,6.93
Martin County,2020-02-10,18.23
Miami-Dade County,2020-02-10,18.87
Monroe County,2020-02-10,17.77
Nassau County,2020-02-10,5.57
Okaloosa County,2020-02-10,7.32
Okeechobee County,2020-02-10,14.86
Orange County,2020-02-10,11.39
Osceola County,2020-02-10,12.58
Palm Beach County,2020-02-10,18.15
Pasco County,2020-02-10,8.9
Pinellas County,2020-02-10,11.04
Polk County,2020-02-10,10.88
Putnam County,2020-02-10,7.77
St. Johns County,2020-02-10,8.86
St. Lucie County,2020-02-10,17.09
Santa Rosa County,2020-02-10,8.82
Sarasota County,2020-02-10,11.4
Seminole County,2020-02-10,11.36
Sumter County,2020-02-10,7.83
Suwannee County,2020-02-10,5.74
Taylor County,2020-02-10,8.12
Union County,2020-02-10,4.63
Volusia County,2020-02-10,11.03
Wakulla County,2020-02-10,8.01
Walton County,2020-02-10,6.83
Washington County,2020-02-10,7.12
Alachua County,2020-02-11,9.29
Baker County,2020-02-11,8.38
Bay County,2020-02-11,13.57
Bradford County,2020-02-11,8.68
Brevard County,2020-02-11,17.26
Broward County,2020-02-11,19.99
Calhoun County,2020-02-11,11.09
Charlotte County,2020-02-11,15.98
Citrus County,2020-02-11,12.52
Clay County,2020-02-11,9.98
Collier County,2020-02-11,16.86
Columbia County,2020-02-11,8.28
DeSoto County,2020-02-11,15.19
Dixie County,2020-02-11,11.5
Duval County,2020-02-11,10.66
Escambia County,2020-02-11,16.36
Flagler County,2020-02-11,13.02
Franklin County,2020-02-11,12.16
Gadsden County,2020-02-11,9.68
Gilchrist County,2020-02-11,9.78
Glades County,2020-02-11,15.65
Gulf County,2020-02-11,12.77
Hamilton County,2020-02-11,9.48
Hardee County,2020-02-11,14.55
Hendry County,2020-02-11,15.87
Hernando County,2020-02-11,13.67
Highlands County,2020-02-11,15.03
Hillsborough County,2020-02-11,15.21
Holmes County,2020-02-11,11.05
Indian River County,2020-02-11,16.69
Jackson County,2020-02-11,10.63
Jefferson County,2020-02-11,10.82
Lafayette County,2020-02-11,10.23
Lake County,2020-02-11,13.37
Lee County,2020-02-11,16.54
Leon County,2020-02-11,9.91
Levy County,2020-02-11,11.41
Liberty County,2020-02-11,10.38
Madison County,2020-02-11,10.69
Manatee County,2020-02-11,15.11
Marion County,2020-02-11,11.05
Martin County,2020-02-11,18.8
Miami-Dade County,2020-02-11,20.92
Monroe County,2020-02-11,19.89
Nassau County,2020-02-11,10.29
Okaloosa County,2020-02-11,13.47
Okeechobee County,2020-02-11,15.74
Orange County,2020-02-11,14.72
Osceola County,2020-02-11,15.0
Palm Beach County,2020-02-11,19.04
Pasco County,2020-02-11,14.23
Pinellas County,2020-02-11,16.11
Polk County,2020-02-11,14.6
Putnam County,2020-02-11,11.05
St. Johns County,2020-02-11,12.35
St. Lucie County,2020-02-11,17.72
Santa Rosa County,2020-02-11,15.02
Sarasota County,2020-02-11,15.4
Seminole County,2020-02-11,14.45
Sumter County,2020-02-11,12.7
Suwannee County,2020-02-11,9.37
Taylor County,2020-02-11,11.77
Union County,2020-02-11,7.98
Volusia County,2020-02-11,14.11
Wakulla County,2020-02-11,10.62
Walton County,2020-02-11,12.69
Washington County,2020-02-11,11.95
Alachua County,2020-02-12,17.2
Baker County,2020-02-12,16.58
Bay County,2020-02-12,19.4
Bradford County,2020-02-12,17.17
Brevard County,2020-02-12,18.92
Broward County,2020-02-12,20.72
Calhoun County,2020-02-12,18.21
Charlotte County,2020-02-12,18.68
Citrus County,2020-02-12,16.86
Clay County,2020-02-12,18.15
Collier County,2020-02-12,18.31
Columbia County,2020-02-12,16.69
DeSoto County,2020-02-12,18.61
Dixie County,2020-02-12,17.55
Duval County,2020-02-12,17.85
Escambia County,2020-02-12,18.68
Flagler County,2020-02-12,18.33
Franklin County,2020-02-12,18.02
Gadsden County,2020-02-12,17.53
Gilchrist County,2020-02-12,17.27
Glades County,2020-02-12,19.16
Gulf County,2020-02-12,18.41
Hamilton County,2020-02-12,17.4
Hardee County,2020-02-12,18.3
Hendry County,2020-02-12,18.35
Hernando County,2020-02-12,17.52
Highlands County,2020-02-12,19.0
Hillsborough County,2020-02-12,18.46
Holmes County,2020-02-12,18.52
Indian River County,2020-02-12,18.79
Jackson County,2020-02-12,18.13
Jefferson County,2020-02-12,18.14
Lafayette County,2020-02-12,17.23
Lake County,2020-02-12,18.21
Lee County,2020-02-12,18.74
Leon County,2020-02-12,17.67
Levy County,2020-02-12,17.28
Liberty County,2020-02-12,17.77
Madison County,2020-02-12,18.04
Manatee County,2020-02-12,18.37
Marion County,2020-02-12,17.25
Martin County,2020-02-12,20.07
Miami-Dade County,2020-02-12,21.15
Monroe County,2020-02-12,20.56
Nassau County,2020-02-12,16.39
Okaloosa County,2020-02-12,19.4
Okeechobee County,2020-02-12,19.06
Orange County,2020-02-12,18.75
Osceola County,2020-02-12,18.72
Palm Beach County,2020-02-12,20.31
Pasco County,2020-02-12,18.0
Pinellas County,2020-02-12,19.33
Polk County,2020-02-12,18.5
Putnam County,2020-02-12,18.39
St. Johns County,2020-02-12,18.69
St. Lucie County,2020-02-12,19.24
Santa Rosa County,2020-02-12,19.21
Sarasota County,2020-02-12,18.23
Seminole County,2020-02-12,18.62
Sumter County,2020-02-12,17.2
Suwannee County,2020-02-12,17.12
Taylor County,2020-02-12,18.14
Union County,2020-02-12,16.68
Volusia County,2020-02-12,18.14
Wakulla County,2020-02-12,17.59
Walton County,2020-02-12,19.27
Washington County,2020-02-12,18.93
Alachua County,2020-02-13,18.37
Baker County,2020-02-13,17.66
Bay County,2020-02-13,20.39
Bradford County,2020-02-13,18.08
Brevard County,2020-02-13,20.43
Broward County,2020-02-13,20.97
Calhoun County,2020-02-13,18.97
Charlotte County,2020-02-13,19.85
Citrus County,2020-02-13,19.8
Clay County,2020-02-13,18.96
Collier County,2020-02-13,19.59
Columbia County,2020-02-13,17.48
DeSoto County,2020-02-13,19.3
Dixie County,2020-02-13,18.82
Duval County,2020-02-13,18.85
Escambia County,2020-02-13,17.8
Flagler County,2020-02-13,19.86
Franklin County,2020-02-13,18.94
Gadsden County,2020-02-13,18.35
Gilchrist County,2020-02-13,18.18
Glades County,2020-02-13,20.1
Gulf County,2020-02-13,19.18
Hamilton County,2020-02-13,17.81
Hardee County,2020-02-13,18.84
Hendry County,2020-02-13,19.3
Hernando County,2020-02-13,20.35
Highlands County,2020-02-13,19.55
Hillsborough County,2020-02-13,20.14
Holmes County,2020-02-13,19.71
Indian River County,2020-02-13,19.75
Jackson County,2020-02-13,19.54
Jefferson County,2020-02-13,18.76
Lafayette County,2020-02-13,17.95
Lake County,2020-02-13,20.59
Lee County,2020-02-13,20.27
Leon County,2020-02-13,18.53
Levy County,2020-02-13,19.1
Liberty County,2020-02-13,18.2
Madison County,2020-02-13,18.26
Manatee County,2020-02-13,18.99
Marion County,2020-02-13,19.42
Martin County,2020-02-13,21.03
Miami-Dade County,2020-02-13,21.39
Monroe County,2020-02-13,21.56
Nassau County,2020-02-13,18.21
Okaloosa County,2020-02-13,19.3
Okeechobee County,2020-02-13,19.59
Orange County,2020-02-13,20.46
Osceola County,2020-02-13,19.61
Palm Beach County,2020-02-13,20.79
Pasco County,2020-02-13,20.25
Pinellas County,2020-02-13,20.32
Polk County,2020-02-13,19.68
Putnam County,2020-02-13,19.6
St. Johns County,2020-02-13,19.65
St. Lucie County,2020-02-13,20.34
Santa Rosa County,2020-02-13,18.7
Sarasota County,2020-02-13,18.87
Seminole County,2020-02-13,20.44
Sumter County,2020-02-13,20.22
Suwannee County,2020-02-13,17.65
Taylor County,2020-02-13,19.26
Union County,2020-02-13,17.5
Volusia County,2020-02-13,20.06
Wakulla County,2020-02-13,18.87
Walton County,2020-02-13,19.9
Washington County,2020-02-13,20.02
Alachua County,2020-02-14,15.1
Baker County,2020-02-14,12.78
Bay County,2020-02-14,8.9
Bradford County,2020-02-14,14.35
Brevard County,2020-02-14,21.04
Broward County,2020-02-14,20.57
Calhoun County,2020-02-14,7.91
Charlotte County,2020-02-14,20.39
Citrus County,2020-02-14,19.1
Clay County,2020-02-14,15.76
Collier County,2020-02-14,20.05
Columbia County,2020-02-14,11.83
DeSoto County,2020-02-14,20.16
Dixie County,2020-02-14,13.48
Duval County,2020-02-14,14.59
Escambia County,2020-02-14,6.57
Flagler County,2020-02-14,18.54
Franklin County,2020-02-14,10.05
Gadsden County,2020-02-14,7.95
Gilchrist County,2020-02-14,13.35
Glades County,2020-02-14,20.72
Gulf County,2020-02-14,9.38
Hamilton County,2020-02-14,10.95
Hardee County,2020-02-14,20.0
Hendry County,2020-02-14,19.79
Hernando County,2020-02-14,20.65
Highlands County,2020-02-14,20.53
Hillsborough County,2020-02-14,21.16
Holmes County,2020-02-14,6.38
Indian River County,2020-02-14,20.79
Jackson County,2020-02-14,7.27
Jefferson County,2020-02-14,10.04
Lafayette County,2020-02-14,11.44
Lake County,2020-02-14,21.22
Lee County,2020-02-14,20.62
Leon County,2020-02-14,9.1
Levy County,2020-02-14,15.96
Liberty County,2020-02-14,8.48
Madison County,2020-02-14,10.32
Manatee County,2020-02-14,19.88
Marion County,2020-02-14,18.46
Martin County,2020-02-14,21.32
Miami-Dade County,2020-02-14,20.84
Monroe County,2020-02-14,21.48
Nassau County,2020-02-14,13.14
Okaloosa County,2020-02-14,6.86
Okeechobee County,2020-02-14,20.7
Orange County,2020-02-14,21.5
Osceola County,2020-02-14,21.06
Palm Beach County,2020-02-14,20.73
Pasco County,2020-02-14,21.07
Pinellas County,2020-02-14,20.61
Polk County,2020-02-14,21.1
Putnam County,2020-02-14,17.89
St. Johns County,2020-02-14,16.88
St. Lucie County,2020-02-14,20.98
Santa Rosa County,2020-02-14,6.92
Sarasota County,2020-02-14,19.55
Seminole County,2020-02-14,21.11
Sumter County,2020-02-14,20.75
Suwannee County,2020-02-14,11.01
Taylor County,2020-02-14,11.82
Union County,2020-02-14,12.89
Volusia County,2020-02-14,19.65
Wakulla County,2020-02-14,9.98
Walton County,2020-02-14,7.09
Washington County,2020-02-14,7.5
Alachua County,2020-02-15,6.35
Baker County,2020-02-15,3.89
Bay County,2020-02-15,4.9
Bradford County,2020-02-15,5.79
Brevard County,2020-02-15,16.68
Broward County,2020-02-15,19.15
Calhoun County,2020-02-15,3.72
Charlotte County,2020-02-15,16.36
Citrus County,2020-02-15,10.02
Clay County,2020-02-15,7.71
Collier County,2020-02-15,17.25
Columbia County,2020-02-15,3.13
DeSoto County,2020-02-15,15.34
Dixie County,2020-02-15,6.21
Duval County,2020-02-15,7.88
Escambia County,2020-02-15,2.89
Flagler County,2020-02-15,11.66
Franklin County,2020-02-15,6.19
Gadsden County,2020-02-15,3.38
Gilchrist County,2020-02-15,5.09
Glades County,2020-02-15,17.33
Gulf County,2020-02-15,5.55
Hamilton County,2020-02-15,2.83
Hardee County,2020-02-15,14.29
Hendry County,2020-02-15,17.04
Hernando County,2020-02-15,11.67
Highlands County,2020-02-15,15.95
Hillsborough County,2020-02-15,14.27
Holmes County,2020-02-15,1.95
Indian River County,2020-02-15,17.18
Jackson County,2020-02-15,2.98
Jefferson County,2020-02-15,4.38
Lafayette County,2020-02-15,4.11
Lake County,2020-02-15,11.97
Lee County,2020-02-15,17.13
Leon County,2020-02-15,3.99
Levy County,2020-02-15,7.59
Liberty County,2020-02-15,4.22
Madison County,2020-02-15,3.71
Manatee County,2020-02-15,14.47
Marion County,2020-02-15,9.03
Martin County,2020-02-15,19.35
Miami-Dade County,2020-02-15,19.52
Monroe County,2020-02-15,19.43
Nassau County,2020-02-15,6.01
Okaloosa County,2020-02-15,2.4
Okeechobee County,2020-02-15,17.05
Orange County,2020-02-15,13.82
Osceola County,2020-02-15,14.93
Palm Beach County,2020-02-15,19.13
Pasco County,2020-02-15,12.62
Pinellas County,2020-02-15,14.93
Polk County,2020-02-15,13.98
Putnam County,2020-02-15,9.41
St. Johns County,2020-02-15,10.58
St. Lucie County,2020-02-15,18.37
Santa Rosa County,2020-02-15,2.78
Sarasota County,2020-02-15,14.97
Seminole County,2020-02-15,13.54
Sumter County,2020-02-15,10.87
Suwannee County,2020-02-15,3.21
Taylor County,2020-02-15,5.67
Union County,2020-02-15,4.25
Volusia County,2020-02-15,12.94
Wakulla County,2020-02-15,5.23
Walton County,2020-02-15,2.62
Washington County,2020-02-15,2.93
Alachua County,2020-02-16,6.45
Baker County,2020-02-16,4.38
Bay County,2020-02-16,4.83
Bradford County,2020-02-16,5.98
Brevard County,2020-02-16,16.79
Broward County,2020-02-16,19.4
Calhoun County,2020-02-16,3.47
Charlotte County,2020-02-16,16.2
Citrus County,2020-02-16,9.29
Clay County,2020-02-16,7.62
Collier County,2020-02-16,17.45
Columbia County,2020-02-16,3.82
DeSoto County,2020-02-16,15.49
Dixie County,2020-02-16,5.9
Duval County,2020-02-16,7.58
Escambia County,2020-02-16,4.06
Flagler County,2020-02-16,11.17
Franklin County,2020-02-16,5.28
Gadsden County,2020-02-16,3.47
Gilchrist County,2020-02-16,5.33
Glades County,2020-02-16,17.88
Gulf County,2020-02-16,4.69
Hamilton County,2020-02-16,3.72
Hardee County,2020-02-16,14.51
Hendry County,2020-02-16,17.53
Hernando County,2020-02-16,10.78
Highlands County,2020-02-16,16.64
Hillsborough County,2020-02-16,12.94
Holmes County,2020-02-16,2.62
Indian River County,2020-02-16,17.54
Jackson County,2020-02-16,3.24
Jefferson County,2020-02-16,4.36
Lafayette County,2020-02-16,4.42
Lake County,2020-02-16,12.39
Lee County,2020-02-16,17.13
Leon County,2020-02-16,3.76
Levy County,2020-02-16,7.15
Liberty County,2020-02-16,3.7
Madison County,2020-02-16,4.22
Manatee County,2020-02-16,13.48
Marion County,2020-02-16,9.09
Martin County,2020-02-16,19.69
Miami-Dade County,2020-02-16,19.64
Monroe County,2020-02-16,19.76
Nassau County,2020-02-16,6.09
Okaloosa County,2020-02-16,3.54
Okeechobee County,2020-02-16,17.64
Orange County,2020-02-16,14.28
Osceola County,2020-02-16,15.5
Palm Beach County,2020-02-16,19.5
Pasco County,2020-02-16,11.58
Pinellas County,2020-02-16,12.95
Polk County,2020-02-16,14.32
Putnam County,2020-02-16,9.32
St. Johns County,2020-02-16,10.01
St. Lucie County,2020-02-16,18.73
Santa Rosa County,2020-02-16,3.94
Sarasota County,2020-02-16,14.05
Seminole County,2020-02-16,13.79
Sumter County,2020-02-16,10.93
Suwannee County,2020-02-16,3.91
Taylor County,2020-02-16,5.41
Union County,2020-02-16,4.67
Volusia County,2020-02-16,12.73
Wakulla County,2020-02-16,4.44
Walton County,2020-02-16,3.41
Washington County,2020-02-16,3.16
Alachua County,2020-02-17,10.71
Baker County,2020-02-17,9.51
Bay County,2020-02-17,9.99
Bradford County,2020-02-17,10.43
Brevard County,2020-02-17,17.49
Broward County,2020-02-17,19.25
Calhoun County,2020-02-17,8.78
Charlotte County,2020-02-17,18.55
Citrus County,2020-02-17,12.37
Clay County,2020-02-17,11.68
Collier County,2020-02-17,19.08
Columbia County,2020-02-17,9.4
DeSoto County,2020-02-17,17.81
Dixie County,2020-02-17,11.55
Duval County,2020-02-17,11.74
Escambia County,2020-02-17,9.69
Flagler County,2020-02-17,13.83
Franklin County,2020-02-17,10.89
Gadsden County,2020-02-17,9.27
Gilchrist County,2020-02-17,10.57
Glades County,2020-02-17,19.23
Gulf County,2020-02-17,10.2
Hamilton County,2020-02-17,9.82
Hardee County,2020-02-17,16.7
Hendry County,2020-02-17,18.9
Hernando County,2020-02-17,13.59
Highlands County,2020-02-17,18.02
Hillsborough County,2020-02-17,15.82
Holmes County,2020-02-17,7.47
Indian River County,2020-02-17,17.86
Jackson County,2020-02-17,8.18
Jefferson County,2020-02-17,10.85
Lafayette County,2020-02-17,10.63
Lake County,2020-02-17,14.23
Lee County,2020-02-17,19.22
Leon County,2020-02-17,10.02
Levy County,2020-02-17,11.54
Liberty County,2020-02-17,9.34
Madison County,2020-02-17,10.7
Manatee County,2020-02-17,16.54
Marion County,2020-02-17,11.98
Martin County,2020-02-17,19.58
Miami-Dade County,2020-02-17,19.03
Monroe County,2020-02-17,19.84
Nassau County,2020-02-17,10.56
Okaloosa County,2020-02-17,9.03
Okeechobee County,2020-02-17,18.37
Orange County,2020-02-17,15.76
Osceola County,2020-02-17,16.64
Palm Beach County,2020-02-17,19.51
Pasco County,2020-02-17,14.42
Pinellas County,2020-02-17,16.05
Polk County,2020-02-17,16.12
Putnam County,2020-02-17,12.59
St. Johns County,2020-02-17,13.35
St. Lucie County,2020-02-17,18.74
Santa Rosa County,2020-02-17,9.58
Sarasota County,2020-02-17,17.11
Seminole County,2020-02-17,15.42
Sumter County,2020-02-17,13.08
Suwannee County,2020-02-17,10.03
Taylor County,2020-02-17,11.85
Union County,2020-02-17,9.63
Volusia County,2020-02-17,14.69
Wakulla County,2020-02-17,10.63
Walton County,2020-02-17,8.69
Washington County,2020-02-17,8.22
Alachua County,2020-02-18,14.26
Baker County,2020-02-18,12.65
Bay County,2020-02-18,13.08
Bradford County,2020-02-18,13.84
Brevard County,2020-02-18,18.43
Broward County,2020-02-18,19.42
Calhoun County,2020-02-18,12.2
Charlotte County,2020-02-18,19.28
Citrus County,2020-02-18,16.22
Clay County,2020-02-18,14.7
Collier County,2020-02-18,18.88
Columbia County,2020-02-18,12.67
DeSoto County,2020-02-18,18.99
Dixie County,2020-02-18,14.27
Duval County,2020-02-18,13.85
Escambia County,2020-02-18,12.23
Flagler County,2020-02-18,16.22
Franklin County,2020-02-18,13.65
Gadsden County,2020-02-18,12.61
Gilchrist County,2020-02-18,13.71
Glades County,2020-02-18,19.76
Gulf County,2020-02-18,13.13
Hamilton County,2020-02-18,12.95
Hardee County,2020-02-18,18.61
Hendry County,2020-02-18,18.95
Hernando County,2020-02-18,17.61
Highlands County,2020-02-18,19.38
Hillsborough County,2020-02-18,18.93
Holmes County,2020-02-18,10.75
Indian River County,2020-02-18,18.54
Jackson County,2020-02-18,11.92
Jefferson County,2020-02-18,13.79
Lafayette County,2020-02-18,13.6
Lake County,2020-02-18,18.04
Lee County,2020-02-18,19.55
Leon County,2020-02-18,13.12
Levy County,2020-02-18,14.67
Liberty County,2020-02-18,12.49
Madison County,2020-02-18,13.71
Manatee County,2020-02-18,18.67
Marion County,2020-02-18,15.89
Martin County,2020-02-18,19.81
Miami-Dade County,2020-02-18,19.76
Monroe County,2020-02-18,20.19
Nassau County,2020-02-18,12.63
Okaloosa County,2020-02-18,11.25
Okeechobee County,2020-02-18,19.32
Orange County,2020-02-18,18.5
Osceola County,2020-02-18,18.63
Palm Beach County,2020-02-18,19.65
Pasco County,2020-02-18,18.27
Pinellas County,2020-02-18,19.27
Polk County,2020-02-18,18.85
Putnam County,2020-02-18,15.89
St. Johns County,2020-02-18,15.44
St. Lucie County,2020-02-18,19.08
Santa Rosa County,2020-02-18,11.71
Sarasota County,2020-02-18,18.53
Seminole County,2020-02-18,18.02
Sumter County,2020-02-18,17.37
Suwannee County,2020-02-18,13.17
Taylor County,2020-02-18,14.56
Union County,2020-02-18,13.03
Volusia County,2020-02-18,16.99
Wakulla County,2020-02-18,13.43
Walton County,2020-02-18,11.37
Washington County,2020-02-18,11.69
Alachua County,2020-02-19,15.91
Baker County,2020-02-19,14.26
Bay County,2020-02-19,17.3
Bradford County,2020-02-19,15.16
Brevard County,2020-02-19,19.8
Broward County,2020-02-19,20.96
Calhoun County,2020-02-19,16.21
Charlotte County,2020-02-19,20.7
Citrus County,2020-02-19,18.06
Clay County,2020-02-19,15.85
Collier County,2020-02-19,19.58
Columbia County,2020-02-19,14.37
DeSoto County,2020-02-19,20.52
Dixie County,2020-02-19,16.85
Duval County,2020-02-19,15.32
Escambia County,2020-02-19,16.82
Flagler County,2020-02-19,17.34
Franklin County,2020-02-19,17.66
Gadsden County,2020-02-19,16.7
Gilchrist County,2020-02-19,15.9
Glades County,2020-02-19,20.43
Gulf County,2020-02-19,17.34
Hamilton County,2020-02-19,14.77
Hardee County,2020-02-19,20.0
Hendry County,2020-02-19,19.54
Hernando County,2020-02-19,19.15
Highlands County,2020-02-19,20.25
Hillsborough County,2020-02-19,20.21
Holmes County,2020-02-19,15.15
Indian River County,2020-02-19,19.2
Jackson County,2020-02-19,16.08
Jefferson County,2020-02-19,17.05
Lafayette County,2020-02-19,15.7
Lake County,2020-02-19,18.94
Lee County,2020-02-19,20.67
Leon County,2020-02-19,17.1
Levy County,2020-02-19,17.11
Liberty County,2020-02-19,16.57
Madison County,2020-02-19,16.02
Manatee County,2020-02-19,20.11
Marion County,2020-02-19,17.21
Martin County,2020-02-19,20.19
Miami-Dade County,2020-02-19,21.36
Monroe County,2020-02-19,20.75
Nassau County,2020-02-19,14.57
Okaloosa County,2020-02-19,15.89
Okeechobee County,2020-02-19,19.71
Orange County,2020-02-19,19.45
Osceola County,2020-02-19,19.49
Palm Beach County,2020-02-19,20.5
Pasco County,2020-02-19,19.66
Pinellas County,2020-02-19,20.46
Polk County,2020-02-19,19.92
Putnam County,2020-02-19,16.91
St. Johns County,2020-02-19,16.58
St. Lucie County,2020-02-19,19.48
Santa Rosa County,2020-02-19,16.38
Sarasota County,2020-02-19,20.13
Seminole County,2020-02-19,19.05
Sumter County,2020-02-19,18.63
Suwannee County,2020-02-19,14.96
Taylor County,2020-02-19,17.33
Union County,2020-02-19,14.55
Volusia County,2020-02-19,18.25
Wakulla County,2020-02-19,17.43
Walton County,2020-02-19,15.87
Washington County,2020-02-19,15.78
Alachua County,2020-02-20,16.55
Baker County,2020-02-20,14.65
Bay County,2020-02-20,16.44
Bradford County,2020-02-20,15.91
Brevard County,2020-02-20,20.04
Broward County,2020-02-20,20.97
Calhoun County,2020-02-20,15.37
Charlotte County,2020-02-20,21.28
Citrus County,2020-02-20,18.43
Clay County,2020-02-20,17.0
Collier County,2020-02-20,20.08
Columbia County,2020-02-20,14.37
DeSoto County,2020-02-20,21.03
Dixie County,2020-02-20,17.25
Duval County,2020-02-20,16.45
Escambia County,2020-02-20,15.22
Flagler County,2020-02-20,18.26
Franklin County,2020-02-20,17.02
Gadsden County,2020-02-20,14.87
Gilchrist County,2020-02-20,16.31
Glades County,2020-02-20,21.21
Gulf County,2020-02-20,16.71
Hamilton County,2020-02-20,14.04
Hardee County,2020-02-20,20.44
Hendry County,2020-02-20,20.18
Hernando County,2020-02-20,19.39
Highlands County,2020-02-20,20.8
Hillsborough County,2020-02-20,20.47
Holmes County,2020-02-20,14.77
Indian River County,2020-02-20,19.71
Jackson County,2020-02-20,14.74
Jefferson County,2020-02-20,15.97
Lafayette County,2020-02-20,15.93
Lake County,2020-02-20,19.72
Lee County,2020-02-20,21.32
Leon County,2020-02-20,15.65
Levy County,2020-02-20,17.57
Liberty County,2020-02-20,15.78
Madison County,2020-02-20,15.17
Manatee County,2020-02-20,20.5
Marion County,2020-02-20,18.04
Martin County,2020-02-20,20.74
Miami-Dade County,2020-02-20,21.18
Monroe County,2020-02-20,21.1
Nassau County,2020-02-20,15.03
Okaloosa County,2020-02-20,15.79
Okeechobee County,2020-02-20,20.31
Orange County,2020-02-20,20.07
Osceola County,2020-02-20,20.01
Palm Beach County,2020-02-20,20.87
Pasco County,2020-02-20,19.83
Pinellas County,2020-02-20,20.0
Polk County,2020-02-20,20.41
Putnam County,2020-02-20,18.03
St. Johns County,2020-02-20,17.79
St. Lucie County,2020-02-20,20.03
Santa Rosa County,2020-02-20,15.78
Sarasota County,2020-02-20,20.57
Seminole County,2020-02-20,19.7
Sumter County,2020-02-20,19.27
Suwannee County,2020-02-20,14.82
Taylor County,2020-02-20,17.31
Union County,2020-02-20,14.97
Volusia County,2020-02-20,18.8
Wakulla County,2020-02-20,16.69
Walton County,2020-02-20,15.65
Washington County,2020-02-20,15.23
Alachua County,2020-02-21,7.24
Baker County,2020-02-21,5.63
Bay County,2020-02-21,7.45
Bradford County,2020-02-21,6.85
Brevard County,2020-02-21,14.25
Broward County,2020-02-21,19.28
Calhoun County,2020-02-21,5.61
Charlotte County,2020-02-21,18.01
Citrus County,2020-02-21,10.86
Clay County,2020-02-21,8.16
Collier County,2020-02-21,18.74
Columbia County,2020-02-21,5.11
DeSoto County,2020-02-21,15.83
Dixie County,2020-02-21,8.14
Duval County,2020-02-21,8.2
Escambia County,2020-02-21,5.87
Flagler County,2020-02-21,10.17
Franklin County,2020-02-21,7.96
Gadsden County,2020-02-21,4.98
Gilchrist County,2020-02-21,6.6
Glades County,2020-02-21,17.82
Gulf County,2020-02-21,7.3
Hamilton County,2020-02-21,4.94
Hardee County,2020-02-21,14.16
Hendry County,2020-02-21,17.77
Hernando County,2020-02-21,12.75
Highlands County,2020-02-21,15.49
Hillsborough County,2020-02-21,16.23
Holmes County,2020-02-21,5.86
Indian River County,2020-02-21,15.26
Jackson County,2020-02-21,5.29
Jefferson County,2020-02-21,6.13
Lafayette County,2020-02-21,6.13
Lake County,2020-02-21,10.66
Lee County,2020-02-21,19.36
Leon County,2020-02-21,5.71
Levy County,2020-02-21,8.82
Liberty County,2020-02-21,5.8
Madison County,2020-02-21,5.55
Manatee County,2020-02-21,16.45
Marion County,2020-02-21,8.73
Martin County,2020-02-21,18.55
Miami-Dade County,2020-02-21,20.0
Monroe County,2020-02-21,20.58
Nassau County,2020-02-21,6.74
Okaloosa County,2020-02-21,7.44
Okeechobee County,2020-02-21,16.05
Orange County,2020-02-21,11.9
Osceola County,2020-02-21,12.95
Palm Beach County,2020-02-21,18.96
Pasco County,2020-02-21,14.09
Pinellas County,2020-02-21,19.26
Polk County,2020-02-21,12.98
Putnam County,2020-02-21,9.04
St. Johns County,2020-02-21,9.81
St. Lucie County,2020-02-21,17.1
Santa Rosa County,2020-02-21,7.0
Sarasota County,2020-02-21,17.23
Seminole County,2020-02-21,11.55
Sumter County,2020-02-21,10.28
Suwannee County,2020-02-21,5.28
Taylor County,2020-02-21,7.79
Union County,2020-02-21,5.77
Volusia County,2020-02-21,11.02
Wakulla County,2020-02-21,7.11
Walton County,2020-02-21,7.17
Washington County,2020-02-21,6.11
Alachua County,2020-02-22,2.56
Baker County,2020-02-22,0.56
Bay County,2020-02-22,2.25
Bradford County,2020-02-22,1.97
Brevard County,2020-02-22,11.89
Broward County,2020-02-22,12.91
Calhoun County,2020-02-22,1.11
Charlotte County,2020-02-22,8.53
Citrus County,2020-02-22,4.6
Clay County,2020-02-22,3.52
Collier County,2020-02-22,10.52
Columbia County,2020-02-22,0.4
DeSoto County,2020-02-22,7.47
Dixie County,2020-02-22,3.93
Duval County,2020-02-22,3.76
Escambia County,2020-02-22,1.65
Flagler County,2020-02-22,6.61
Franklin County,2020-02-22,3.24
Gadsden County,2020-02-22,0.41
Gilchrist County,2020-02-22,2.53
Glades County,2020-02-22,10.13
Gulf County,2020-02-22,2.67
Hamilton County,2020-02-22,0.45
Hardee County,2020-02-22,6.56
Hendry County,2020-02-22,10.0
Hernando County,2020-02-22,5.36
Highlands County,2020-02-22,8.7
Hillsborough County,2020-02-22,6.69
Holmes County,2020-02-22,-0.07
Indian River County,2020-02-22,11.97
Jackson County,2020-02-22,0.32
Jefferson County,2020-02-22,1.68
Lafayette County,2020-02-22,2.39
Lake County,2020-02-22,5.96
Lee County,2020-02-22,9.56
Leon County,2020-02-22,0.99
Levy County,2020-02-22,3.98
Liberty County,2020-02-22,1.48
Madison County,2020-02-22,1.54
Manatee County,2020-02-22,6.43
Marion County,2020-02-22,3.97
Martin County,2020-02-22,13.81
Miami-Dade County,2020-02-22,13.73
Monroe County,2020-02-22,14.25
Nassau County,2020-02-22,2.22
Okaloosa County,2020-02-22,1.12
Okeechobee County,2020-02-22,10.77
Orange County,2020-02-22,8.07
Osceola County,2020-02-22,8.95
Palm Beach County,2020-02-22,13.09
Pasco County,2020-02-22,5.72
Pinellas County,2020-02-22,7.5
Polk County,2020-02-22,6.94
Putnam County,2020-02-22,4.69
St. Johns County,2020-02-22,5.99
St. Lucie County,2020-02-22,13.08
Santa Rosa County,2020-02-22,1.62
Sarasota County,2020-02-22,6.89
Seminole County,2020-02-22,7.99
Sumter County,2020-02-22,4.72
Suwannee County,2020-02-22,1.25
Taylor County,2020-02-22,3.64
Union County,2020-02-22,0.95
Volusia County,2020-02-22,7.68
Wakulla County,2020-02-22,2.41
Walton County,2020-02-22,0.86
Washington County,2020-02-22,0.56
Alachua County,2020-02-23,1.47
Baker County,2020-02-23,0.03
Bay County,2020-02-23,2.07
Bradford County,2020-02-23,1.41
Brevard County,2020-02-23,12.61
Broward County,2020-02-23,13.73
Calhoun County,2020-02-23,0.33
Charlotte County,2020-02-23,10.24
Citrus County,2020-02-23,3.09
Clay County,2020-02-23,3.33
Collier County,2020-02-23,11.67
Columbia County,2020-02-23,-0.65
DeSoto County,2020-02-23,9.64
Dixie County,2020-02-23,1.29
Duval County,2020-02-23,3.57
Escambia County,2020-02-23,1.49
Flagler County,2020-02-23,7.14
Franklin County,2020-02-23,1.77
Gadsden County,2020-02-23,-0.29
Gilchrist County,2020-02-23,0.55
Glades County,2020-02-23,12.41
Gulf County,2020-02-23,1.71
Hamilton County,2020-02-23,-0.75
Hardee County,2020-02-23,8.33
Hendry County,2020-02-23,12.07
Hernando County,2020-02-23,4.12
Highlands County,2020-02-23,10.9
Hillsborough County,2020-02-23,6.15
Holmes County,2020-02-23,0.1
Indian River County,2020-02-23,12.47
Jackson County,2020-02-23,0.09
Jefferson County,2020-02-23,0.43
Lafayette County,2020-02-23,0.08
Lake County,2020-02-23,6.45
Lee County,2020-02-23,10.94
Leon County,2020-02-23,-0.03
Levy County,2020-02-23,1.87
Liberty County,2020-02-23,0.24
Madison County,2020-02-23,0.02
Manatee County,2020-02-23,7.06
Marion County,2020-02-23,3.48
Martin County,2020-02-23,14.13
Miami-Dade County,2020-02-23,14.44
Monroe County,2020-02-23,14.26
Nassau County,2020-02-23,1.91
Okaloosa County,2020-02-23,0.87
Okeechobee County,2020-02-23,12.21
Orange County,2020-02-23,9.12
Osceola County,2020-02-23,10.22
Palm Beach County,2020-02-23,13.84
Pasco County,2020-02-23,4.71
Pinellas County,2020-02-23,5.66
Polk County,2020-02-23,8.04
Putnam County,2020-02-23,4.69
St. Johns County,2020-02-23,6.13
St. Lucie County,2020-02-23,13.34
Santa Rosa County,2020-02-23,1.31
Sarasota County,2020-02-23,7.89
Seminole County,2020-02-23,9.04
Sumter County,2020-02-23,4.43
Suwannee County,2020-02-23,-0.48
Taylor County,2020-02-23,1.37
Union County,2020-02-23,0.12
Volusia County,2020-02-23,8.51
Wakulla County,2020-02-23,0.85
Walton County,2020-02-23,0.86
Washington County,2020-02-23,0.55
Alachua County,2020-02-24,5.38
Baker County,2020-02-24,4.61
Bay County,2020-02-24,4.23
Bradford County,2020-02-24,5.53
Brevard County,2020-02-24,12.74
Broward County,2020-02-24,15.21
Calhoun County,2020-02-24,2.3
Charlotte County,2020-02-24,12.27
Citrus County,2020-02-24,7.34
Clay County,2020-02-24,7.26
Collier County,2020-02-24,13.07
Columbia County,2020-02-24,3.44
DeSoto County,2020-02-24,11.54
Dixie County,2020-02-24,4.33
Duval County,2020-02-24,7.45
Escambia County,2020-02-24,5.4
Flagler County,2020-02-24,9.86
Franklin County,2020-02-24,3.51
Gadsden County,2020-02-24,2.44
Gilchrist County,2020-02-24,4.02
Glades County,2020-02-24,12.83
Gulf County,2020-02-24,3.31
Hamilton County,2020-02-24,3.3
Hardee County,2020-02-24,10.93
Hendry County,2020-02-24,12.46
Hernando County,2020-02-24,8.58
Highlands County,2020-02-24,12.07
Hillsborough County,2020-02-24,10.41
Holmes County,2020-02-24,2.94
Indian River County,2020-02-24,12.5
Jackson County,2020-02-24,2.42
Jefferson County,2020-02-24,3.49
Lafayette County,2020-02-24,3.06
Lake County,2020-02-24,10.31
Lee County,2020-02-24,13.08
Leon County,2020-02-24,2.73
Levy County,2020-02-24,5.6
Liberty County,2020-02-24,2.08
Madison County,2020-02-24,3.39
Manatee County,2020-02-24,10.45
Marion County,2020-02-24,7.53
Martin County,2020-02-24,14.53
Miami-Dade County,2020-02-24,16.44
Monroe County,2020-02-24,16.81
Nassau County,2020-02-24,6.39
Okaloosa County,2020-02-24,4.61
Okeechobee County,2020-02-24,12.57
Orange County,2020-02-24,11.63
Osceola County,2020-02-24,11.81
Palm Beach County,2020-02-24,14.67
Pasco County,2020-02-24,9.22
Pinellas County,2020-02-24,10.38
Polk County,2020-02-24,11.22
Putnam County,2020-02-24,8.34
St. Johns County,2020-02-24,9.13
St. Lucie County,2020-02-24,13.45
Santa Rosa County,2020-02-24,5.35
Sarasota County,2020-02-24,10.8
Seminole County,2020-02-24,11.45
Sumter County,2020-02-24,8.73
Suwannee County,2020-02-24,2.95
Taylor County,2020-02-24,4.01
Union County,2020-02-24,4.19
Volusia County,2020-02-24,10.81
Wakulla County,2020-02-24,2.93
Walton County,2020-02-24,3.96
Washington County,2020-02-24,2.87
Alachua County,2020-02-25,9.43
Baker County,2020-02-25,8.93
Bay County,2020-02-25,13.63
Bradford County,2020-02-25,9.45
Brevard County,2020-02-25,14.2
Broward County,2020-02-25,16.81
Calhoun County,2020-02-25,11.89
Charlotte County,2020-02-25,14.99
Citrus County,2020-02-25,11.18
Clay County,2020-02-25,11.13
Collier County,2020-02-25,14.1
Columbia County,2020-02-25,7.8
DeSoto County,2020-02-25,14.19
Dixie County,2020-02-25,9.17
Duval County,2020-02-25,11.98
Escambia County,2020-02-25,13.72
Flagler County,2020-02-25,12.84
Franklin County,2020-02-25,12.23
Gadsden County,2020-02-25,11.42
Gilchrist County,2020-02-25,8.44
Glades County,2020-02-25,14.58
Gulf County,2020-02-25,12.96
Hamilton County,2020-02-25,8.63
Hardee County,2020-02-25,13.39
Hendry County,2020-02-25,13.98
Hernando County,2020-02-25,12.08
Highlands County,2020-02-25,13.87
Hillsborough County,2020-02-25,13.93
Holmes County,2020-02-25,10.78
Indian River County,2020-02-25,13.71
Jackson County,2020-02-25,11.79
Jefferson County,2020-02-25,10.67
Lafayette County,2020-02-25,7.38
Lake County,2020-02-25,11.95
Lee County,2020-02-25,15.26
Leon County,2020-02-25,10.91
Levy County,2020-02-25,10.39
Liberty County,2020-02-25,11.23
Madison County,2020-02-25,9.32
Manatee County,2020-02-25,14.12
Marion County,2020-02-25,10.64
Martin County,2020-02-25,16.23
Miami-Dade County,2020-02-25,17.33
Monroe County,2020-02-25,17.34
Nassau County,2020-02-25,11.54
Okaloosa County,2020-02-25,12.13
Okeechobee County,2020-02-25,13.88
Orange County,2020-02-25,12.65
Osceola County,2020-02-25,12.65
Palm Beach County,2020-02-25,16.58
Pasco County,2020-02-25,12.69
Pinellas County,2020-02-25,15.27
Polk County,2020-02-25,12.86
Putnam County,2020-02-25,11.64
St. Johns County,2020-02-25,12.87
St. Lucie County,2020-02-25,14.94
Santa Rosa County,2020-02-25,13.09
Sarasota County,2020-02-25,14.48
Seminole County,2020-02-25,12.8
Sumter County,2020-02-25,11.09
Suwannee County,2020-02-25,7.36
Taylor County,2020-02-25,9.51
Union County,2020-02-25,8.23
Volusia County,2020-02-25,13.12
Wakulla County,2020-02-25,10.82
Walton County,2020-02-25,11.84
Washington County,2020-02-25,11.79
Alachua County,2020-02-26,16.12
Baker County,2020-02-26,14.6
Bay County,2020-02-26,15.63
Bradford County,2020-02-26,15.62
Brevard County,2020-02-26,16.73
Broward County,2020-02-26,19.52
Calhoun County,2020-02-26,15.37
Charlotte County,2020-02-26,17.55
Citrus County,2020-02-26,16.67
Clay County,2020-02-26,16.22
Collier County,2020-02-26,17.11
Columbia County,2020-02-26,14.96
DeSoto County,2020-02-26,17.05
Dixie County,2020-02-26,16.69
Duval County,2020-02-26,15.2
Escambia County,2020-02-26,11.69
Flagler County,2020-02-26,17.15
Franklin County,2020-02-26,17.06
Gadsden County,2020-02-26,15.64
Gilchrist County,2020-02-26,16.0
Glades County,2020-02-26,17.29
Gulf County,2020-02-26,16.46
Hamilton County,2020-02-26,15.3
Hardee County,2020-02-26,16.35
Hendry County,2020-02-26,16.72
Hernando County,2020-02-26,17.1
Highlands County,2020-02-26,17.05
Hillsborough County,2020-02-26,17.21
Holmes County,2020-02-26,12.98
Indian River County,2020-02-26,16.44
Jackson County,2020-02-26,14.64
Jefferson County,2020-02-26,16.49
Lafayette County,2020-02-26,15.95
Lake County,2020-02-26,16.56
Lee County,2020-02-26,17.97
Leon County,2020-02-26,16.3
Levy County,2020-02-26,16.55
Liberty County,2020-02-26,15.99
Madison County,2020-02-26,16.02
Manatee County,2020-02-26,16.76
Marion County,2020-02-26,16.48
Martin County,2020-02-26,18.19
Miami-Dade County,2020-02-26,19.84
Monroe County,2020-02-26,19.02
Nassau County,2020-02-26,13.67
Okaloosa County,2020-02-26,12.81
Okeechobee County,2020-02-26,16.94
Orange County,2020-02-26,15.88
Osceola County,2020-02-26,15.64
Palm Beach County,2020-02-26,18.9
Pasco County,2020-02-26,17.14
Pinellas County,2020-02-26,18.38
Polk County,2020-02-26,16.06
Putnam County,2020-02-26,17.07
St. Johns County,2020-02-26,17.01
St. Lucie County,2020-02-26,17.13
Santa Rosa County,2020-02-26,12.38
Sarasota County,2020-02-26,16.82
Seminole County,2020-02-26,16.19
Sumter County,2020-02-26,16.46
Suwannee County,2020-02-26,15.46
Taylor County,2020-02-26,17.26
Union County,2020-02-26,15.09
Volusia County,2020-02-26,16.76
Wakulla County,2020-02-26,16.94
Walton County,2020-02-26,13.36
Washington County,2020-02-26,14.19
Alachua County,2020-02-27,7.76
Baker County,2020-02-27,6.74
Bay County,2020-02-27,3.36
Bradford County,2020-02-27,7.8
Brevard County,2020-02-27,11.69
Broward County,2020-02-27,16.06
Calhoun County,2020-02-27,3.06
Charlotte County,2020-02-27,12.72
Citrus County,2020-02-27,9.01
Clay County,2020-02-27,8.94
Collier County,2020-02-27,14.52
Columbia County,2020-02-27,5.55
DeSoto County,2020-02-27,11.81
Dixie County,2020-02-27,6.12
Duval County,2020-02-27,8.37
Escambia County,2020-02-27,3.87
Flagler County,2020-02-27,9.44
Franklin County,2020-02-27,4.76
Gadsden County,2020-02-27,3.31
Gilchrist County,2020-02-27,6.11
Glades County,2020-02-27,13.47
Gulf County,2020-02-27,4.09
Hamilton County,2020-02-27,4.83
Hardee County,2020-02-27,11.15
Hendry County,2020-02-27,13.52
Hernando County,2020-02-27,10.5
Highlands County,2020-02-27,12.28
Hillsborough County,2020-02-27,12.68
Holmes County,2020-02-27,1.79
Indian River County,2020-02-27,12.63
Jackson County,2020-02-27,2.74
Jefferson County,2020-02-27,4.37
Lafayette County,2020-02-27,4.84
Lake County,2020-02-27,10.26
Lee County,2020-02-27,13.53
Leon County,2020-02-27,3.88
Levy County,2020-02-27,7.47
Liberty County,2020-02-27,3.72
Madison County,2020-02-27,4.38
Manatee County,2020-02-27,12.43
Marion County,2020-02-27,8.85
Martin County,2020-02-27,14.85
Miami-Dade County,2020-02-27,17.18
Monroe County,2020-02-27,17.55
Nassau County,2020-02-27,7.5
Okaloosa County,2020-02-27,2.81
Okeechobee County,2020-02-27,13.17
Orange County,2020-02-27,10.95
Osceola County,2020-02-27,11.5
Palm Beach County,2020-02-27,15.32
Pasco County,2020-02-27,11.53
Pinellas County,2020-02-27,14.22
Polk County,2020-02-27,11.17
Putnam County,2020-02-27,9.64
St. Johns County,2020-02-27,9.19
St. Lucie County,2020-02-27,13.68
Santa Rosa County,2020-02-27,3.72
Sarasota County,2020-02-27,12.38
Seminole County,2020-02-27,10.66
Sumter County,2020-02-27,9.52
Suwannee County,2020-02-27,4.66
Taylor County,2020-02-27,5.44
Union County,2020-02-27,6.54
Volusia County,2020-02-27,9.78
Wakulla County,2020-02-27,4.48
Walton County,2020-02-27,2.24
Washington County,2020-02-27,2.23
Alachua County,2020-02-28,2.2
Baker County,2020-02-28,1.8
Bay County,2020-02-28,2.25
Bradford County,2020-02-28,2.55
Brevard County,2020-02-28,6.24
Broward County,2020-02-28,8.81
Calhoun County,2020-02-28,0.84
Charlotte County,2020-02-28,4.73
Citrus County,2020-02-28,3.69
Clay County,2020-02-28,4.0
Collier County,2020-02-28,7.21
Columbia County,2020-02-28,1.03
DeSoto County,2020-02-28,3.46
Dixie County,2020-02-28,1.83
Duval County,2020-02-28,4.38
Escambia County,2020-02-28,0.96
Flagler County,2020-02-28,4.61
Franklin County,2020-02-28,3.06
Gadsden County,2020-02-28,-0.1
Gilchrist County,2020-02-28,1.25
Glades County,2020-02-28,5.25
Gulf County,2020-02-28,2.85
Hamilton County,2020-02-28,1.08
Hardee County,2020-02-28,3.46
Hendry County,2020-02-28,5.86
Hernando County,2020-02-28,5.12
Highlands County,2020-02-28,4.07
Hillsborough County,2020-02-28,6.75
Holmes County,2020-02-28,-0.77
Indian River County,2020-02-28,5.91
Jackson County,2020-02-28,-0.14
Jefferson County,2020-02-28,1.05
Lafayette County,2020-02-28,0.7
Lake County,2020-02-28,4.93
Lee County,2020-02-28,5.86
Leon County,2020-02-28,0.28
Levy County,2020-02-28,2.4
Liberty County,2020-02-28,1.15
Madison County,2020-02-28,1.12
Manatee County,2020-02-28,5.55
Marion County,2020-02-28,3.13
Martin County,2020-02-28,8.0
Miami-Dade County,2020-02-28,10.04
Monroe County,2020-02-28,11.65
Nassau County,2020-02-28,2.96
Okaloosa County,2020-02-28,-0.06
Okeechobee County,2020-02-28,5.69
Orange County,2020-02-28,5.9
Osceola County,2020-02-28,5.55
Palm Beach County,2020-02-28,8.48
Pasco County,2020-02-28,5.98
Pinellas County,2020-02-28,9.19
Polk County,2020-02-28,4.9
Putnam County,2020-02-28,4.19
St. Johns County,2020-02-28,5.1
St. Lucie County,2020-02-28,6.73
Santa Rosa County,2020-02-28,0.57
Sarasota County,2020-02-28,5.21
Seminole County,2020-02-28,5.63
Sumter County,2020-02-28,3.89
Suwannee County,2020-02-28,0.68
Taylor County,2020-02-28,1.84
Union County,2020-02-28,1.57
Volusia County,2020-02-28,4.82
Wakulla County,2020-02-28,1.35
Walton County,2020-02-28,0.0
Washington County,2020-02-28,0.16
Alachua County,2020-02-29,1.6
Baker County,2020-02-29,0.79
Bay County,2020-02-29,2.53
Bradford County,2020-02-29,1.35
Brevard County,2020-02-29,7.03
Broward County,2020-02-29,8.33
Calhoun County,2020-02-29,0.56
Charlotte County,2020-02-29,6.61
Citrus County,2020-02-29,3.77
Clay County,2020-02-29,2.58
Collier County,2020-02-29,6.74
Columbia County,2020-02-29,0.61
DeSoto County,2020-02-29,5.52
Dixie County,2020-02-29,2.58
Duval County,2020-02-29,2.85
Escambia County,2020-02-29,1.58
Flagler County,2020-02-29,4.81
Franklin County,2020-02-29,1.97
Gadsden County,2020-02-29,0.51
Gilchrist County,2020-02-29,1.52
Glades County,2020-02-29,6.45
Gulf County,2020-02-29,1.62
Hamilton County,2020-02-29,1.07
Hardee County,2020-02-29,5.08
Hendry County,2020-02-29,6.27
Hernando County,2020-02-29,4.99
Highlands County,2020-02-29,5.41
Hillsborough County,2020-02-29,6.63
Holmes County,2020-02-29,0.46
Indian River County,2020-02-29,6.59
Jackson County,2020-02-29,1.13
Jefferson County,2020-02-29,1.85
Lafayette County,2020-02-29,1.58
Lake County,2020-02-29,5.32
Lee County,2020-02-29,7.14
Leon County,2020-02-29,0.79
Levy County,2020-02-29,2.65
Liberty County,2020-02-29,0.14
Madison County,2020-02-29,1.85
Manatee County,2020-02-29,6.61
Marion County,2020-02-29,3.06
Martin County,2020-02-29,8.77
Miami-Dade County,2020-02-29,8.79
Monroe County,2020-02-29,9.75
Nassau County,2020-02-29,1.95
Okaloosa County,2020-02-29,0.61
Okeechobee County,2020-02-29,6.49
Orange County,2020-02-29,6.27
Osceola County,2020-02-29,5.97
Palm Beach County,2020-02-29,8.78
Pasco County,2020-02-29,5.68
Pinellas County,2020-02-29,8.11
Polk County,2020-02-29,5.62
Putnam County,2020-02-29,3.5
St. Johns County,2020-02-29,4.32
St. Lucie County,2020-02-29,7.56
Santa Rosa County,2020-02-29,1.14
Sarasota County,2020-02-29,6.95
Seminole County,2020-02-29,6.15
Sumter County,2020-02-29,4.26
Suwannee County,2020-02-29,1.09
Taylor County,2020-02-29,2.77
Union County,2020-02-29,0.67
Volusia County,2020-02-29,5.58
Wakulla County,2020-02-29,1.21
Walton County,2020-02-29,0.85
Washington County,2020-02-29,0.86
Alachua County,2020-03-01,2.53
Baker County,2020-03-01,1.43
Bay County,2020-03-01,4.0
Bradford County,2020-03-01,2.5
Brevard County,2020-03-01,6.52
Broward County,2020-03-01,8.92
Calhoun County,2020-03-01,2.59
Charlotte County,2020-03-01,7.57
Citrus County,2020-03-01,4.39
Clay County,2020-03-01,3.51
Collier County,2020-03-01,7.94
Columbia County,2020-03-01,0.88
DeSoto County,2020-03-01,5.69
Dixie County,2020-03-01,2.5
Duval County,2020-03-01,3.42
Escambia County,2020-03-01,4.09
Flagler County,2020-03-01,4.64
Franklin County,2020-03-01,4.22
Gadsden County,2020-03-01,2.78
Gilchrist County,2020-03-01,1.71
Glades County,2020-03-01,6.29
Gulf County,2020-03-01,3.79
Hamilton County,2020-03-01,0.79
Hardee County,2020-03-01,5.08
Hendry County,2020-03-01,7.11
Hernando County,2020-03-01,5.3
Highlands County,2020-03-01,5.4
Hillsborough County,2020-03-01,7.43
Holmes County,2020-03-01,2.57
Indian River County,2020-03-01,6.12
Jackson County,2020-03-01,2.62
Jefferson County,2020-03-01,2.92
Lafayette County,2020-03-01,1.23
Lake County,2020-03-01,4.79
Lee County,2020-03-01,8.76
Leon County,2020-03-01,2.96
Levy County,2020-03-01,3.53
Liberty County,2020-03-01,2.69
Madison County,2020-03-01,1.76
Manatee County,2020-03-01,7.81
Marion County,2020-03-01,3.59
Martin County,2020-03-01,7.99
Miami-Dade County,2020-03-01,9.25
Monroe County,2020-03-01,10.87
Nassau County,2020-03-01,2.35
Okaloosa County,2020-03-01,2.48
Okeechobee County,2020-03-01,6.01
Orange County,2020-03-01,5.34
Osceola County,2020-03-01,5.34
Palm Beach County,2020-03-01,8.62
Pasco County,2020-03-01,6.21
Pinellas County,2020-03-01,10.44
Polk County,2020-03-01,5.11
Putnam County,2020-03-01,4.04
St. Johns County,2020-03-01,4.68
St. Lucie County,2020-03-01,6.9
Santa Rosa County,2020-03-01,3.36
Sarasota County,2020-03-01,8.3
Seminole County,2020-03-01,5.23
Sumter County,2020-03-01,4.24
Suwannee County,2020-03-01,0.84
Taylor County,2020-03-01,2.64
Union County,2020-03-01,1.55
Volusia County,2020-03-01,4.93
Wakulla County,2020-03-01,3.24
Walton County,2020-03-01,2.62
Washington County,2020-03-01,2.69
Alachua County,2020-03-02,3.02
Baker County,2020-03-02,2.95
Bay County,2020-03-02,6.39
Bradford County,2020-03-02,3.28
Brevard County,2020-03-02,9.59
Broward County,2020-03-02,10.34
Calhoun County,2020-03-02,4.79
Charlotte County,2020-03-02,8.48
Citrus County,2020-03-02,4.1
Clay County,2020-03-02,4.4
Collier County,2020-03-02,9.21
Columbia County,2020-03-02,2.75
DeSoto County,2020-03-02,7.27
Dixie County,2020-03-02,3.37
Duval County,2020-03-02,5.04
Escambia County,2020-03-02,8.15
Flagler County,2020-03-02,6.01
Franklin County,2020-03-02,5.01
Gadsden County,2020-03-02,4.63
Gilchrist County,2020-03-02,2.73
Glades County,2020-03-02,8.6
Gulf County,2020-03-02,5.21
Hamilton County,2020-03-02,3.41
Hardee County,2020-03-02,6.61
Hendry County,2020-03-02,8.63
Hernando County,2020-03-02,4.69
Highlands County,2020-03-02,8.21
Hillsborough County,2020-03-02,6.69
Holmes County,2020-03-02,5.7
Indian River County,2020-03-02,9.4
Jackson County,2020-03-02,5.34
Jefferson County,2020-03-02,4.49
Lafayette County,2020-03-02,2.87
Lake County,2020-03-02,5.33
Lee County,2020-03-02,9.67
Leon County,2020-03-02,4.4
Levy County,2020-03-02,3.79
Liberty County,2020-03-02,4.11
Madison County,2020-03-02,3.87
Manatee County,2020-03-02,6.85
Marion County,2020-03-02,3.72
Martin County,2020-03-02,10.54
Miami-Dade County,2020-03-02,11.63
Monroe County,2020-03-02,12.97
Nassau County,2020-03-02,4.1
Okaloosa County,2020-03-02,6.55
Okeechobee County,2020-03-02,8.98
Orange County,2020-03-02,6.82
Osceola County,2020-03-02,7.73
Palm Beach County,2020-03-02,10.1
Pasco County,2020-03-02,5.33
Pinellas County,2020-03-02,8.11
Polk County,2020-03-02,6.58
Putnam County,2020-03-02,4.59
St. Johns County,2020-03-02,6.22
St. Lucie County,2020-03-02,10.05
Santa Rosa County,2020-03-02,7.65
Sarasota County,2020-03-02,7.18
Seminole County,2020-03-02,6.7
Sumter County,2020-03-02,4.29
Suwannee County,2020-03-02,3.01
Taylor County,2020-03-02,4.04
Union County,2020-03-02,2.69
Volusia County,2020-03-02,6.6
Wakulla County,2020-03-02,4.34
Walton County,2020-03-02,6.1
Washington County,2020-03-02,5.63
Alachua County,2020-03-03,10.14
Baker County,2020-03-03,8.24
Bay County,2020-03-03,14.84
Bradford County,2020-03-03,9.38
Brevard County,2020-03-03,14.13
Broward County,2020-03-03,15.91
Calhoun County,2020-03-03,13.37
Charlotte County,2020-03-03,13.21
Citrus County,2020-03-03,11.75
Clay County,2020-03-03,10.13
Collier County,2020-03-03,13.63
Columbia County,2020-03-03,8.61
DeSoto County,2020-03-03,12.64
Dixie County,2020-03-03,11.89
Duval County,2020-03-03,9.77
Escambia County,2020-03-03,15.86
Flagler County,2020-03-03,11.77
Franklin County,2020-03-03,14.15
Gadsden County,2020-03-03,12.69
Gilchrist County,2020-03-03,10.64
Glades County,2020-03-03,13.43
Gulf County,2020-03-03,14.48
Hamilton County,2020-03-03,9.25
Hardee County,2020-03-03,12.33
Hendry County,2020-03-03,13.53
Hernando County,2020-03-03,12.07
Highlands County,2020-03-03,13.29
Hillsborough County,2020-03-03,13.1
Holmes County,2020-03-03,13.35
Indian River County,2020-03-03,13.75
Jackson County,2020-03-03,13.04
Jefferson County,2020-03-03,12.4
Lafayette County,2020-03-03,10.77
Lake County,2020-03-03,12.06
Lee County,2020-03-03,13.81
Leon County,2020-03-03,12.63
Levy County,2020-03-03,12.1
Liberty County,2020-03-03,13.18
Madison County,2020-03-03,11.19
Manatee County,2020-03-03,13.02
Marion County,2020-03-03,11.04
Martin County,2020-03-03,15.06
Miami-Dade County,2020-03-03,16.6
Monroe County,2020-03-03,16.6
Nassau County,2020-03-03,8.69
Okaloosa County,2020-03-03,14.38
Okeechobee County,2020-03-03,13.63
Orange County,2020-03-03,12.8
Osceola County,2020-03-03,13.04
Palm Beach County,2020-03-03,15.41
Pasco County,2020-03-03,12.54
Pinellas County,2020-03-03,14.57
Polk County,2020-03-03,12.51
Putnam County,2020-03-03,10.98
St. Johns County,2020-03-03,11.3
St. Lucie County,2020-03-03,14.27
Santa Rosa County,2020-03-03,15.2
Sarasota County,2020-03-03,12.83
Seminole County,2020-03-03,12.74
Sumter County,2020-03-03,11.53
Suwannee County,2020-03-03,9.77
Taylor County,2020-03-03,12.24
Union County,2020-03-03,8.79
Volusia County,2020-03-03,12.4
Wakulla County,2020-03-03,12.98
Walton County,2020-03-03,14.1
Washington County,2020-03-03,13.71
Alachua County,2020-03-04,16.11
Baker County,2020-03-04,16.1
Bay County,2020-03-04,19.21
Bradford County,2020-03-04,16.44
Brevard County,2020-03-04,16.6
Broward County,2020-03-04,18.06
Calhoun County,2020-03-04,18.46
Charlotte County,2020-03-04,15.41
Citrus County,2020-03-04,15.73
Clay County,2020-03-04,17.37
Collier County,2020-03-04,15.76
Columbia County,2020-03-04,15.66
DeSoto County,2020-03-04,14.73
Dixie County,2020-03-04,16.4
Duval County,2020-03-04,17.61
Escambia County,2020-03-04,17.76
Flagler County,2020-03-04,17.0
Franklin County,2020-03-04,19.23
Gadsden County,2020-03-04,18.49
Gilchrist County,2020-03-04,15.92
Glades County,2020-03-04,15.32
Gulf County,2020-03-04,19.3
Hamilton County,2020-03-04,15.95
Hardee County,2020-03-04,14.82
Hendry County,2020-03-04,15.42
Hernando County,2020-03-04,15.85
Highlands County,2020-03-04,15.55
Hillsborough County,2020-03-04,16.32
Holmes County,2020-03-04,17.6
Indian River County,2020-03-04,15.81
Jackson County,2020-03-04,18.25
Jefferson County,2020-03-04,18.06
Lafayette County,2020-03-04,16.11
Lake County,2020-03-04,16.07
Lee County,2020-03-04,16.25
Leon County,2020-03-04,18.54
Levy County,2020-03-04,16.4
Liberty County,2020-03-04,18.58
Madison County,2020-03-04,16.93
Manatee County,2020-03-04,15.66
Marion County,2020-03-04,15.98
Martin County,2020-03-04,16.65
Miami-Dade County,2020-03-04,18.35
Monroe County,2020-03-04,18.4
Nassau County,2020-03-04,16.92
Okaloosa County,2020-03-04,17.49
Okeechobee County,2020-03-04,15.68
Orange County,2020-03-04,16.09
Osceola County,2020-03-04,15.82
Palm Beach County,2020-03-04,17.2
Pasco County,2020-03-04,16.14
Pinellas County,2020-03-04,17.96
Polk County,2020-03-04,15.55
Putnam County,2020-03-04,17.07
St. Johns County,2020-03-04,17.82
St. Lucie County,2020-03-04,16.01
Santa Rosa County,2020-03-04,17.58
Sarasota County,2020-03-04,15.23
Seminole County,2020-03-04,16.26
Sumter County,2020-03-04,15.61
Suwannee County,2020-03-04,15.85
Taylor County,2020-03-04,17.42
Union County,2020-03-04,15.85
Volusia County,2020-03-04,16.49
Wakulla County,2020-03-04,18.63
Walton County,2020-03-04,17.8
Washington County,2020-03-04,18.1
Alachua County,2020-03-05,16.69
Baker County,2020-03-05,16.2
Bay County,2020-03-05,15.35
Bradford County,2020-03-05,16.98
Brevard County,2020-03-05,19.57
Broward County,2020-03-05,20.82
Calhoun County,2020-03-05,14.59
Charlotte County,2020-03-05,19.88
Citrus County,2020-03-05,17.23
Clay County,2020-03-05,17.97
Collier County,2020-03-05,19.76
Columbia County,2020-03-05,15.72
DeSoto County,2020-03-05,19.13
Dixie County,2020-03-05,16.04
Duval County,2020-03-05,17.52
Escambia County,2020-03-05,13.81
Flagler County,2020-03-05,18.89
Franklin County,2020-03-05,16.55
Gadsden County,2020-03-05,14.53
Gilchrist County,2020-03-05,15.92
Glades County,2020-03-05,19.26
Gulf County,2020-03-05,16.08
Hamilton County,2020-03-05,15.15
Hardee County,2020-03-05,18.69
Hendry County,2020-03-05,19.54
Hernando County,2020-03-05,17.9
Highlands County,2020-03-05,19.05
Hillsborough County,2020-03-05,19.39
Holmes County,2020-03-05,13.28
Indian River County,2020-03-05,18.88
Jackson County,2020-03-05,13.71
Jefferson County,2020-03-05,15.32
Lafayette County,2020-03-05,15.47
Lake County,2020-03-05,18.3
Lee County,2020-03-05,20.6
Leon County,2020-03-05,15.22
Levy County,2020-03-05,16.77
Liberty County,2020-03-05,15.25
Madison County,2020-03-05,15.02
Manatee County,2020-03-05,19.46
Marion County,2020-03-05,17.39
Martin County,2020-03-05,19.43
Miami-Dade County,2020-03-05,20.61
Monroe County,2020-03-05,20.55
Nassau County,2020-03-05,16.32
Okaloosa County,2020-03-05,13.58
Okeechobee County,2020-03-05,18.8
Orange County,2020-03-05,18.44
Osceola County,2020-03-05,18.4
Palm Beach County,2020-03-05,20.04
Pasco County,2020-03-05,18.57
Pinellas County,2020-03-05,20.49
Polk County,2020-03-05,18.49
Putnam County,2020-03-05,18.37
St. Johns County,2020-03-05,18.79
St. Lucie County,2020-03-05,19.01
Santa Rosa County,2020-03-05,13.89
Sarasota County,2020-03-05,19.41
Seminole County,2020-03-05,18.62
Sumter County,2020-03-05,17.71
Suwannee County,2020-03-05,15.41
Taylor County,2020-03-05,15.99
Union County,2020-03-05,16.25
Volusia County,2020-03-05,18.81
Wakulla County,2020-03-05,15.93
Walton County,2020-03-05,13.71
Washington County,2020-03-05,13.94
Alachua County,2020-03-06,15.37
Baker County,2020-03-06,12.78
Bay County,2020-03-06,11.47
Bradford County,2020-03-06,15.05
Brevard County,2020-03-06,20.71
Broward County,2020-03-06,22.23
Calhoun County,2020-03-06,10.11
Charlotte County,2020-03-06,18.99
Citrus County,2020-03-06,17.75
Clay County,2020-03-06,16.08
Collier County,2020-03-06,19.6
Columbia County,2020-03-06,11.9
DeSoto County,2020-03-06,18.48
Dixie County,2020-03-06,13.48
Duval County,2020-03-06,15.11
Escambia County,2020-03-06,10.58
Flagler County,2020-03-06,17.14
Franklin County,2020-03-06,12.69
Gadsden County,2020-03-06,9.6
Gilchrist County,2020-03-06,13.46
Glades County,2020-03-06,19.8
Gulf County,2020-03-06,12.29
Hamilton County,2020-03-06,10.47
Hardee County,2020-03-06,18.69
Hendry County,2020-03-06,19.6
Hernando County,2020-03-06,18.98
Highlands County,2020-03-06,19.99
Hillsborough County,2020-03-06,20.54
Holmes County,2020-03-06,9.15
Indian River County,2020-03-06,21.03
Jackson County,2020-03-06,9.02
Jefferson County,2020-03-06,10.62
Lafayette County,2020-03-06,11.69
Lake County,2020-03-06,19.05
Lee County,2020-03-06,19.66
Leon County,2020-03-06,10.38
Levy County,2020-03-06,15.84
Liberty County,2020-03-06,10.79
Madison County,2020-03-06,10.3
Manatee County,2020-03-06,19.46
Marion County,2020-03-06,17.2
Martin County,2020-03-06,21.81
Miami-Dade County,2020-03-06,21.48
Monroe County,2020-03-06,19.97
Nassau County,2020-03-06,13.18
Okaloosa County,2020-03-06,10.29
Okeechobee County,2020-03-06,20.81
Orange County,2020-03-06,20.06
Osceola County,2020-03-06,20.56
Palm Beach County,2020-03-06,21.91
Pasco County,2020-03-06,19.88
Pinellas County,2020-03-06,21.39
Polk County,2020-03-06,19.84
Putnam County,2020-03-06,17.06
St. Johns County,2020-03-06,16.54
St. Lucie County,2020-03-06,21.28
Santa Rosa County,2020-03-06,10.84
Sarasota County,2020-03-06,18.71
Seminole County,2020-03-06,19.62
Sumter County,2020-03-06,18.57
Suwannee County,2020-03-06,11.21
Taylor County,2020-03-06,11.99
Union County,2020-03-06,13.56
Volusia County,2020-03-06,18.24
Wakulla County,2020-03-06,11.6
Walton County,2020-03-06,10.1
Washington County,2020-03-06,9.75
Alachua County,2020-03-07,6.95
Baker County,2020-03-07,5.83
Bay County,2020-03-07,6.6
Bradford County,2020-03-07,7.4
Brevard County,2020-03-07,11.52
Broward County,2020-03-07,14.24
Calhoun County,2020-03-07,6.4
Charlotte County,2020-03-07,11.96
Citrus County,2020-03-07,8.99
Clay County,2020-03-07,9.35
Collier County,2020-03-07,12.81
Columbia County,2020-03-07,4.25
DeSoto County,2020-03-07,10.18
Dixie County,2020-03-07,6.03
Duval County,2020-03-07,10.12
Escambia County,2020-03-07,5.91
Flagler County,2020-03-07,10.23
Franklin County,2020-03-07,8.41
Gadsden County,2020-03-07,6.04
Gilchrist County,2020-03-07,5.24
Glades County,2020-03-07,10.71
Gulf County,2020-03-07,7.82
Hamilton County,2020-03-07,3.28
Hardee County,2020-03-07,9.82
Hendry County,2020-03-07,11.72
Hernando County,2020-03-07,10.34
Highlands County,2020-03-07,10.06
Hillsborough County,2020-03-07,13.15
Holmes County,2020-03-07,4.68
Indian River County,2020-03-07,11.43
Jackson County,2020-03-07,5.68
Jefferson County,2020-03-07,5.53
Lafayette County,2020-03-07,4.36
Lake County,2020-03-07,9.3
Lee County,2020-03-07,12.82
Leon County,2020-03-07,6.18
Levy County,2020-03-07,7.48
Liberty County,2020-03-07,7.05
Madison County,2020-03-07,4.09
Manatee County,2020-03-07,13.46
Marion County,2020-03-07,8.18
Martin County,2020-03-07,12.82
Miami-Dade County,2020-03-07,14.11
Monroe County,2020-03-07,14.53
Nassau County,2020-03-07,8.42
Okaloosa County,2020-03-07,4.25
Okeechobee County,2020-03-07,11.0
Orange County,2020-03-07,9.9
Osceola County,2020-03-07,10.17
Palm Beach County,2020-03-07,13.41
Pasco County,2020-03-07,11.67
Pinellas County,2020-03-07,16.47
Polk County,2020-03-07,9.89
Putnam County,2020-03-07,9.42
St. Johns County,2020-03-07,10.89
St. Lucie County,2020-03-07,12.01
Santa Rosa County,2020-03-07,5.39
Sarasota County,2020-03-07,13.7
Seminole County,2020-03-07,9.97
Sumter County,2020-03-07,8.8
Suwannee County,2020-03-07,3.69
Taylor County,2020-03-07,5.84
Union County,2020-03-07,5.77
Volusia County,2020-03-07,10.07
Wakulla County,2020-03-07,7.26
Walton County,2020-03-07,4.35
Washington County,2020-03-07,5.19
Alachua County,2020-03-08,4.65
Baker County,2020-03-08,3.09
Bay County,2020-03-08,6.02
Bradford County,2020-03-08,4.34
Brevard County,2020-03-08,11.79
Broward County,2020-03-08,13.35
Calhoun County,2020-03-08,4.53
Charlotte County,2020-03-08,10.51
Citrus County,2020-03-08,7.21
Clay County,2020-03-08,5.72
Collier County,2020-03-08,11.63
Columbia County,2020-03-08,2.43
DeSoto County,2020-03-08,9.28
Dixie County,2020-03-08,4.74
Duval County,2020-03-08,5.86
Escambia County,2020-03-08,5.53
Flagler County,2020-03-08,8.28
Franklin County,2020-03-08,6.14
Gadsden County,2020-03-08,4.1
Gilchrist County,2020-03-08,3.87
Glades County,2020-03-08,10.57
Gulf County,2020-03-08,5.9
Hamilton County,2020-03-08,2.15
Hardee County,2020-03-08,8.77
Hendry County,2020-03-08,11.03
Hernando County,2020-03-08,7.88
Highlands County,2020-03-08,9.98
Hillsborough County,2020-03-08,9.62
Holmes County,2020-03-08,4.24
Indian River County,2020-03-08,11.29
Jackson County,2020-03-08,4.3
Jefferson County,2020-03-08,4.11
Lafayette County,2020-03-08,2.86
Lake County,2020-03-08,8.42
Lee County,2020-03-08,11.65
Leon County,2020-03-08,4.26
Levy County,2020-03-08,6.25
Liberty County,2020-03-08,4.55
Madison County,2020-03-08,2.94
Manatee County,2020-03-08,9.45
Marion County,2020-03-08,6.49
Martin County,2020-03-08,12.43
Miami-Dade County,2020-03-08,14.5
Monroe County,2020-03-08,14.85
Nassau County,2020-03-08,4.56
Okaloosa County,2020-03-08,4.09
Okeechobee County,2020-03-08,10.62
Orange County,2020-03-08,9.72
Osceola County,2020-03-08,10.06
Palm Beach County,2020-03-08,12.48
Pasco County,2020-03-08,8.5
Pinellas County,2020-03-08,11.01
Polk County,2020-03-08,9.12
Putnam County,2020-03-08,6.74
St. Johns County,2020-03-08,7.74
St. Lucie County,2020-03-08,11.87
Santa Rosa County,2020-03-08,4.85
Sarasota County,2020-03-08,9.6
Seminole County,2020-03-08,9.61
Sumter County,2020-03-08,7.47
Suwannee County,2020-03-08,2.3
Taylor County,2020-03-08,4.26
Union County,2020-03-08,3.22
Volusia County,2020-03-08,9.17
Wakulla County,2020-03-08,4.99
Walton County,2020-03-08,4.39
Washington County,2020-03-08,4.59
Alachua County,2020-03-09,5.49
Baker County,2020-03-09,4.82
Bay County,2020-03-09,8.83
Bradford County,2020-03-09,5.62
Brevard County,2020-03-09,15.71
Broward County,2020-03-09,17.3
Calhoun County,2020-03-09,6.71
Charlotte County,2020-03-09,10.62
Citrus County,2020-03-09,7.9
Clay County,2020-03-09,7.11
Collier County,2020-03-09,12.88
Columbia County,2020-03-09,4.13
DeSoto County,2020-03-09,9.73
Dixie County,2020-03-09,5.74
Duval County,2020-03-09,7.5
Escambia County,2020-03-09,9.04
Flagler County,2020-03-09,10.22
Franklin County,2020-03-09,8.22
Gadsden County,2020-03-09,6.38
Gilchrist County,2020-03-09,4.74
Glades County,2020-03-09,12.41
Gulf County,2020-03-09,8.2
Hamilton County,2020-03-09,4.21
Hardee County,2020-03-09,9.43
Hendry County,2020-03-09,12.88
Hernando County,2020-03-09,8.55
Highlands County,2020-03-09,11.87
Hillsborough County,2020-03-09,9.83
Holmes County,2020-03-09,6.08
Indian River County,2020-03-09,15.26
Jackson County,2020-03-09,6.28
Jefferson County,2020-03-09,6.29
Lafayette County,2020-03-09,4.45
Lake County,2020-03-09,10.11
Lee County,2020-03-09,11.84
Leon County,2020-03-09,6.4
Levy County,2020-03-09,6.74
Liberty County,2020-03-09,6.51
Madison County,2020-03-09,5.04
Manatee County,2020-03-09,8.98
Marion County,2020-03-09,7.5
Martin County,2020-03-09,16.54
Miami-Dade County,2020-03-09,17.47
Monroe County,2020-03-09,16.08
Nassau County,2020-03-09,6.36
Okaloosa County,2020-03-09,7.41
Okeechobee County,2020-03-09,13.88
Orange County,2020-03-09,12.33
Osceola County,2020-03-09,13.04
Palm Beach County,2020-03-09,16.69
Pasco County,2020-03-09,8.96
Pinellas County,2020-03-09,10.49
Polk County,2020-03-09,10.62
Putnam County,2020-03-09,8.06
St. Johns County,2020-03-09,9.41
St. Lucie County,2020-03-09,15.82
Santa Rosa County,2020-03-09,8.42
Sarasota County,2020-03-09,8.84
Seminole County,2020-03-09,12.28
Sumter County,2020-03-09,8.59
Suwannee County,2020-03-09,4.15
Taylor County,2020-03-09,6.14
Union County,2020-03-09,4.61
Volusia County,2020-03-09,11.66
Wakulla County,2020-03-09,7.09
Walton County,2020-03-09,7.28
Washington County,2020-03-09,6.76
Alachua County,2020-03-10,9.47
Baker County,2020-03-10,9.21
Bay County,2020-03-10,11.18
Bradford County,2020-03-10,10.04
Brevard County,2020-03-10,17.07
Broward County,2020-03-10,19.01
Calhoun County,2020-03-10,10.29
Charlotte County,2020-03-10,15.45
Citrus County,2020-03-10,10.46
Clay County,2020-03-10,11.56
Collier County,2020-03-10,16.63
Columbia County,2020-03-10,8.35
DeSoto County,2020-03-10,14.68
Dixie County,2020-03-10,8.26
Duval County,2020-03-10,11.81
Escambia County,2020-03-10,11.09
Flagler County,2020-03-10,13.79
Franklin County,2020-03-10,10.47
Gadsden County,2020-03-10,10.52
Gilchrist County,2020-03-10,8.08
Glades County,2020-03-10,16.46
Gulf County,2020-03-10,10.66
Hamilton County,2020-03-10,8.56
Hardee County,2020-03-10,13.93
Hendry County,2020-03-10,16.77
Hernando County,2020-03-10,11.39
Highlands County,2020-03-10,15.84
Hillsborough County,2020-03-10,13.43
Holmes County,2020-03-10,10.19
Indian River County,2020-03-10,17.09
Jackson County,2020-03-10,10.5
Jefferson County,2020-03-10,10.33
Lafayette County,2020-03-10,8.0
Lake County,2020-03-10,13.06
Lee County,2020-03-10,16.49
Leon County,2020-03-10,10.47
Levy County,2020-03-10,9.24
Liberty County,2020-03-10,10.0
Madison County,2020-03-10,9.29
Manatee County,2020-03-10,13.61
Marion County,2020-03-10,10.94
Martin County,2020-03-10,18.42
Miami-Dade County,2020-03-10,18.67
Monroe County,2020-03-10,17.86
Nassau County,2020-03-10,10.63
Okaloosa County,2020-03-10,9.9
Okeechobee County,2020-03-10,16.74
Orange County,2020-03-10,14.61
Osceola County,2020-03-10,15.37
Palm Beach County,2020-03-10,18.59
Pasco County,2020-03-10,12.17
Pinellas County,2020-03-10,13.89
Polk County,2020-03-10,13.93
Putnam County,2020-03-10,12.18
St. Johns County,2020-03-10,13.44
St. Lucie County,2020-03-10,17.74
Santa Rosa County,2020-03-10,10.44
Sarasota County,2020-03-10,13.7
Seminole County,2020-03-10,14.63
Sumter County,2020-03-10,11.64
Suwannee County,2020-03-10,8.15
Taylor County,2020-03-10,9.29
Union County,2020-03-10,8.93
Volusia County,2020-03-10,14.42
Wakulla County,2020-03-10,10.18
Walton County,2020-03-10,10.21
Washington County,2020-03-10,10.49
Alachua County,2020-03-11,12.56
Baker County,2020-03-11,11.86
Bay County,2020-03-11,15.16
Bradford County,2020-03-11,12.77
Brevard County,2020-03-11,15.65
Broward County,2020-03-11,18.15
Calhoun County,2020-03-11,13.92
Charlotte County,2020-03-11,15.51
Citrus County,2020-03-11,13.86
Clay County,2020-03-11,14.28
Collier County,2020-03-11,15.75
Columbia County,2020-03-11,11.1
DeSoto County,2020-03-11,14.16
Dixie County,2020-03-11,12.56
Duval County,2020-03-11,14.43
Escambia County,2020-03-11,16.13
Flagler County,2020-03-11,15.54
Franklin County,2020-03-11,14.8
Gadsden County,2020-03-11,14.21
Gilchrist County,2020-03-11,11.77
Glades County,2020-03-11,14.57
Gulf County,2020-03-11,14.81
Hamilton County,2020-03-11,11.32
Hardee County,2020-03-11,13.94
Hendry County,2020-03-11,15.25
Hernando County,2020-03-11,14.54
Highlands County,2020-03-11,14.07
Hillsborough County,2020-03-11,16.3
Holmes County,2020-03-11,13.87
Indian River County,2020-03-11,15.01
Jackson County,2020-03-11,13.96
Jefferson County,2020-03-11,14.12
Lafayette County,2020-03-11,11.63
Lake County,2020-03-11,14.98
Lee County,2020-03-11,16.46
Leon County,2020-03-11,14.31
Levy County,2020-03-11,13.32
Liberty County,2020-03-11,13.84
Madison County,2020-03-11,12.68
Manatee County,2020-03-11,15.95
Marion County,2020-03-11,13.72
Martin County,2020-03-11,17.15
Miami-Dade County,2020-03-11,17.13
Monroe County,2020-03-11,17.17
Nassau County,2020-03-11,13.18
Okaloosa County,2020-03-11,14.7
Okeechobee County,2020-03-11,14.5
Orange County,2020-03-11,15.39
Osceola County,2020-03-11,14.74
Palm Beach County,2020-03-11,17.69
Pasco County,2020-03-11,15.28
Pinellas County,2020-03-11,18.15
Polk County,2020-03-11,14.57
Putnam County,2020-03-11,14.76
St. Johns County,2020-03-11,15.74
St. Lucie County,2020-03-11,15.93
Santa Rosa County,2020-03-11,15.59
Sarasota County,2020-03-11,15.84
Seminole County,2020-03-11,15.5
Sumter County,2020-03-11,14.04
Suwannee County,2020-03-11,11.2
Taylor County,2020-03-11,13.27
Union County,2020-03-11,11.68
Volusia County,2020-03-11,15.37
Wakulla County,2020-03-11,14.24
Walton County,2020-03-11,14.41
Washington County,2020-03-11,14.06
Alachua County,2020-03-12,12.27
Baker County,2020-03-12,11.48
Bay County,2020-03-12,16.3
Bradford County,2020-03-12,12.28
Brevard County,2020-03-12,16.24
Broward County,2020-03-12,17.71
Calhoun County,2020-03-12,14.93
Charlotte County,2020-03-12,15.88
Citrus County,2020-03-12,13.38
Clay County,2020-03-12,13.24
Collier County,2020-03-12,16.16
Columbia County,2020-03-12,11.21
DeSoto County,2020-03-12,14.99
Dixie County,2020-03-12,11.97
Duval County,2020-03-12,12.63
Escambia County,2020-03-12,16.94
Flagler County,2020-03-12,15.0
Franklin County,2020-03-12,14.64
Gadsden County,2020-03-12,14.69
Gilchrist County,2020-03-12,11.61
Glades County,2020-03-12,15.6
Gulf County,2020-03-12,15.21
Hamilton County,2020-03-12,11.47
Hardee County,2020-03-12,14.72
Hendry County,2020-03-12,16.07
Hernando County,2020-03-12,14.19
Highlands County,2020-03-12,15.28
Hillsborough County,2020-03-12,15.76
Holmes County,2020-03-12,15.78
Indian River County,2020-03-12,15.7
Jackson County,2020-03-12,15.51
Jefferson County,2020-03-12,13.82
Lafayette County,2020-03-12,11.52
Lake County,2020-03-12,15.1
Lee County,2020-03-12,16.74
Leon County,2020-03-12,14.22
Levy County,2020-03-12,12.69
Liberty County,2020-03-12,14.27
Madison County,2020-03-12,12.62
Manatee County,2020-03-12,15.67
Marion County,2020-03-12,13.48
Martin County,2020-03-12,17.15
Miami-Dade County,2020-03-12,17.19
Monroe County,2020-03-12,17.32
Nassau County,2020-03-12,11.75
Okaloosa County,2020-03-12,16.27
Okeechobee County,2020-03-12,15.62
Orange County,2020-03-12,15.76
Osceola County,2020-03-12,15.56
Palm Beach County,2020-03-12,17.47
Pasco County,2020-03-12,14.93
Pinellas County,2020-03-12,16.95
Polk County,2020-03-12,15.18
Putnam County,2020-03-12,14.1
St. Johns County,2020-03-12,14.23
St. Lucie County,2020-03-12,16.26
Santa Rosa County,2020-03-12,16.67
Sarasota County,2020-03-12,15.57
Seminole County,2020-03-12,15.78
Sumter County,2020-03-12,14.12
Suwannee County,2020-03-12,11.34
Taylor County,2020-03-12,12.76
Union County,2020-03-12,11.55
Volusia County,2020-03-12,15.43
Wakulla County,2020-03-12,13.89
Walton County,2020-03-12,16.19
Washington County,2020-03-12,15.7
Alachua County,2020-03-13,11.65
Baker County,2020-03-13,11.33
Bay County,2020-03-13,17.01
Bradford County,2020-03-13,11.95
Brevard County,2020-03-13,16.3
Broward County,2020-03-13,17.97
Calhoun County,2020-03-13,16.17
Charlotte County,2020-03-13,16.39
Citrus County,2020-03-13,13.36
Clay County,2020-03-13,13.53
Collier County,2020-03-13,16.66
Columbia County,2020-03-13,10.41
DeSoto County,2020-03-13,15.34
Dixie County,2020-03-13,11.37
Duval County,2020-03-13,14.11
Escambia County,2020-03-13,16.84
Flagler County,2020-03-13,15.09
Franklin County,2020-03-13,15.07
Gadsden County,2020-03-13,14.75
Gilchrist County,2020-03-13,10.82
Glades County,2020-03-13,15.49
Gulf County,2020-03-13,16.17
Hamilton County,2020-03-13,10.51
Hardee County,2020-03-13,15.03
Hendry County,2020-03-13,15.99
Hernando County,2020-03-13,14.39
Highlands County,2020-03-13,15.22
Hillsborough County,2020-03-13,16.25
Holmes County,2020-03-13,16.72
Indian River County,2020-03-13,15.6
Jackson County,2020-03-13,16.6
Jefferson County,2020-03-13,12.85
Lafayette County,2020-03-13,10.6
Lake County,2020-03-13,15.27
Lee County,2020-03-13,17.33
Leon County,2020-03-13,13.72
Levy County,2020-03-13,12.3
Liberty County,2020-03-13,15.16
Madison County,2020-03-13,11.51
Manatee County,2020-03-13,16.22
Marion County,2020-03-13,13.26
Martin County,2020-03-13,16.95
Miami-Dade County,2020-03-13,18.08
Monroe County,2020-03-13,18.25
Nassau County,2020-03-13,13.36
Okaloosa County,2020-03-13,16.17
Okeechobee County,2020-03-13,15.32
Orange County,2020-03-13,16.04
Osceola County,2020-03-13,15.65
Palm Beach County,2020-03-13,17.4
Pasco County,2020-03-13,15.29
Pinellas County,2020-03-13,17.44
Polk County,2020-03-13,15.44
Putnam County,2020-03-13,14.04
St. Johns County,2020-03-13,14.92
St. Lucie County,2020-03-13,16.09
Santa Rosa County,2020-03-13,16.61
Sarasota County,2020-03-13,16.22
Seminole County,2020-03-13,16.08
Sumter County,2020-03-13,14.18
Suwannee County,2020-03-13,10.31
Taylor County,2020-03-13,11.93
Union County,2020-03-13,10.92
Volusia County,2020-03-13,15.53
Wakulla County,2020-03-13,13.8
Walton County,2020-03-13,16.43
Washington County,2020-03-13,16.9
Alachua County,2020-03-14,12.58
Baker County,2020-03-14,12.31
Bay County,2020-03-14,16.41
Bradford County,2020-03-14,12.74
Brevard County,2020-03-14,16.65
Broward County,2020-03-14,18.43
Calhoun County,2020-03-14,15.72
Charlotte County,2020-03-14,16.68
Citrus County,2020-03-14,14.14
Clay County,2020-03-14,14.05
Collier County,2020-03-14,16.98
Columbia County,2020-03-14,11.69
DeSoto County,2020-03-14,15.65
Dixie County,2020-03-14,12.56
Duval County,2020-03-14,14.51
Escambia County,2020-03-14,16.92
Flagler County,2020-03-14,15.44
Franklin County,2020-03-14,15.62
Gadsden County,2020-03-14,14.73
Gilchrist County,2020-03-14,11.99
Glades County,2020-03-14,16.13
Gulf County,2020-03-14,16.19
Hamilton County,2020-03-14,12.08
Hardee County,2020-03-14,15.18
Hendry County,2020-03-14,16.57
Hernando County,2020-03-14,14.94
Highlands County,2020-03-14,15.84
Hillsborough County,2020-03-14,16.31
Holmes County,2020-03-14,16.27
Indian River County,2020-03-14,16.01
Jackson County,2020-03-14,15.67
Jefferson County,2020-03-14,13.93
Lafayette County,2020-03-14,11.87
Lake County,2020-03-14,15.59
Lee County,2020-03-14,17.63
Leon County,2020-03-14,14.47
Levy County,2020-03-14,13.34
Liberty County,2020-03-14,15.39
Madison County,2020-03-14,12.83
Manatee County,2020-03-14,16.25
Marion County,2020-03-14,13.94
Martin County,2020-03-14,17.38
Miami-Dade County,2020-03-14,18.16
Monroe County,2020-03-14,18.32
Nassau County,2020-03-14,13.85
Okaloosa County,2020-03-14,16.01
Okeechobee County,2020-03-14,15.98
Orange County,2020-03-14,16.17
Osceola County,2020-03-14,15.93
Palm Beach County,2020-03-14,17.92
Pasco County,2020-03-14,15.61
Pinellas County,2020-03-14,17.51
Polk County,2020-03-14,15.52
Putnam County,2020-03-14,14.53
St. Johns County,2020-03-14,15.31
St. Lucie County,2020-03-14,16.48
Santa Rosa County,2020-03-14,16.55
Sarasota County,2020-03-14,16.31
Seminole County,2020-03-14,16.24
Sumter County,2020-03-14,14.78
Suwannee County,2020-03-14,11.71
Taylor County,2020-03-14,13.21
Union County,2020-03-14,11.92
Volusia County,2020-03-14,15.85
Wakulla County,2020-03-14,14.72
Walton County,2020-03-14,16.05
Washington County,2020-03-14,16.19
Alachua County,2020-03-15,13.61
Baker County,2020-03-15,13.95
Bay County,2020-03-15,15.37
Bradford County,2020-03-15,14.15
Brevard County,2020-03-15,17.71
Broward County,2020-03-15,19.91
Calhoun County,2020-03-15,14.35
Charlotte County,2020-03-15,16.79
Citrus County,2020-03-15,13.94
Clay County,2020-03-15,15.35
Collier County,2020-03-15,17.72
Columbia County,2020-03-15,13.14
DeSoto County,2020-03-15,15.8
Dixie County,2020-03-15,12.9
Duval County,2020-03-15,15.88
Escambia County,2020-03-15,15.28
Flagler County,2020-03-15,16.23
Franklin County,2020-03-15,14.77
Gadsden County,2020-03-15,13.92
Gilchrist County,2020-03-15,12.78
Glades County,2020-03-15,16.98
Gulf County,2020-03-15,14.95
Hamilton County,2020-03-15,13.24
Hardee County,2020-03-15,15.36
Hendry County,2020-03-15,17.45
Hernando County,2020-03-15,14.48
Highlands County,2020-03-15,16.63
Hillsborough County,2020-03-15,16.0
Holmes County,2020-03-15,14.86
Indian River County,2020-03-15,17.2
Jackson County,2020-03-15,14.56
Jefferson County,2020-03-15,13.79
Lafayette County,2020-03-15,12.41
Lake County,2020-03-15,15.69
Lee County,2020-03-15,18.01
Leon County,2020-03-15,13.86
Levy County,2020-03-15,13.68
Liberty County,2020-03-15,14.12
Madison County,2020-03-15,13.21
Manatee County,2020-03-15,15.73
Marion County,2020-03-15,14.31
Martin County,2020-03-15,18.72
Miami-Dade County,2020-03-15,19.24
Monroe County,2020-03-15,19.16
Nassau County,2020-03-15,15.39
Okaloosa County,2020-03-15,14.44
Okeechobee County,2020-03-15,17.01
Orange County,2020-03-15,16.6
Osceola County,2020-03-15,16.67
Palm Beach County,2020-03-15,19.34
Pasco County,2020-03-15,15.11
Pinellas County,2020-03-15,17.28
Polk County,2020-03-15,15.76
Putnam County,2020-03-15,15.47
St. Johns County,2020-03-15,16.41
St. Lucie County,2020-03-15,17.74
Santa Rosa County,2020-03-15,14.92
Sarasota County,2020-03-15,15.66
Seminole County,2020-03-15,16.73
Sumter County,2020-03-15,14.46
Suwannee County,2020-03-15,12.69
Taylor County,2020-03-15,13.33
Union County,2020-03-15,13.41
Volusia County,2020-03-15,16.48
Wakulla County,2020-03-15,14.02
Walton County,2020-03-15,14.64
Washington County,2020-03-15,14.71
Alachua County,2020-03-16,13.84
Baker County,2020-03-16,13.62
Bay County,2020-03-16,15.7
Bradford County,2020-03-16,13.88
Brevard County,2020-03-16,17.95
Broward County,2020-03-16,18.88
Calhoun County,2020-03-16,14.97
Charlotte County,2020-03-16,16.64
Citrus County,2020-03-16,14.8
Clay County,2020-03-16,14.72
Collier County,2020-03-16,17.34
Columbia County,2020-03-16,13.51
DeSoto County,2020-03-16,15.78
Dixie County,2020-03-16,14.01
Duval County,2020-03-16,14.08
Escambia County,2020-03-16,15.57
Flagler County,2020-03-16,16.29
Franklin County,2020-03-16,15.4
Gadsden County,2020-03-16,14.84
Gilchrist County,2020-03-16,13.55
Glades County,2020-03-16,16.61
Gulf County,2020-03-16,15.48
Hamilton County,2020-03-16,14.39
Hardee County,2020-03-16,15.79
Hendry County,2020-03-16,17.01
Hernando County,2020-03-16,15.7
Highlands County,2020-03-16,16.4
Hillsborough County,2020-03-16,17.31
Holmes County,2020-03-16,15.0
Indian River County,2020-03-16,16.87
Jackson County,2020-03-16,15.26
Jefferson County,2020-03-16,15.29
Lafayette County,2020-03-16,14.0
Lake County,2020-03-16,16.68
Lee County,2020-03-16,17.83
Leon County,2020-03-16,15.03
Levy County,2020-03-16,14.27
Liberty County,2020-03-16,14.83
Madison County,2020-03-16,14.98
Manatee County,2020-03-16,16.38
Marion County,2020-03-16,14.87
Martin County,2020-03-16,17.95
Miami-Dade County,2020-03-16,18.82
Monroe County,2020-03-16,19.04
Nassau County,2020-03-16,13.69
Okaloosa County,2020-03-16,14.63
Okeechobee County,2020-03-16,16.55
Orange County,2020-03-16,17.56
Osceola County,2020-03-16,17.15
Palm Beach County,2020-03-16,18.38
Pasco County,2020-03-16,16.55
Pinellas County,2020-03-16,18.75
Polk County,2020-03-16,16.7
Putnam County,2020-03-16,15.52
St. Johns County,2020-03-16,15.26
St. Lucie County,2020-03-16,17.14
Santa Rosa County,2020-03-16,15.24
Sarasota County,2020-03-16,15.87
Seminole County,2020-03-16,17.63
Sumter County,2020-03-16,15.49
Suwannee County,2020-03-16,13.97
Taylor County,2020-03-16,14.88
Union County,2020-03-16,13.36
Volusia County,2020-03-16,17.02
Wakulla County,2020-03-16,14.96
Walton County,2020-03-16,14.69
Washington County,2020-03-16,15.08
Alachua County,2020-03-17,17.27
Baker County,2020-03-17,16.7
Bay County,2020-03-17,16.82
Bradford County,2020-03-17,17.4
Brevard County,2020-03-17,18.95
Broward County,2020-03-17,19.06
Calhoun County,2020-03-17,16.18
Charlotte County,2020-03-17,16.72
Citrus County,2020-03-17,17.57
Clay County,2020-03-17,18.24
Collier County,2020-03-17,17.33
Columbia County,2020-03-17,16.17
DeSoto County,2020-03-17,15.75
Dixie County,2020-03-17,16.83
Duval County,2020-03-17,18.3
Escambia County,2020-03-17,15.73
Flagler County,2020-03-17,18.08
Franklin County,2020-03-17,17.31
Gadsden County,2020-03-17,16.54
Gilchrist County,2020-03-17,16.57
Glades County,2020-03-17,16.62
Gulf County,2020-03-17,16.87
Hamilton County,2020-03-17,16.08
Hardee County,2020-03-17,15.76
Hendry County,2020-03-17,17.01
Hernando County,2020-03-17,17.6
Highlands County,2020-03-17,16.48
Hillsborough County,2020-03-17,17.8
Holmes County,2020-03-17,15.86
Indian River County,2020-03-17,17.43
Jackson County,2020-03-17,16.31
Jefferson County,2020-03-17,17.12
Lafayette County,2020-03-17,16.05
Lake County,2020-03-17,17.89
Lee County,2020-03-17,17.94
Leon County,2020-03-17,16.96
Levy County,2020-03-17,17.66
Liberty County,2020-03-17,16.37
Madison County,2020-03-17,16.43
Manatee County,2020-03-17,16.2
Marion County,2020-03-17,17.5
Martin County,2020-03-17,18.15
Miami-Dade County,2020-03-17,18.84
Monroe County,2020-03-17,18.98
Nassau County,2020-03-17,17.41
Okaloosa County,2020-03-17,15.04
Okeechobee County,2020-03-17,16.75
Orange County,2020-03-17,18.14
Osceola County,2020-03-17,17.54
Palm Beach County,2020-03-17,18.47
Pasco County,2020-03-17,17.67
Pinellas County,2020-03-17,19.11
Polk County,2020-03-17,17.03
Putnam County,2020-03-17,18.19
St. Johns County,2020-03-17,18.72
St. Lucie County,2020-03-17,17.54
Santa Rosa County,2020-03-17,15.45
Sarasota County,2020-03-17,15.65
Seminole County,2020-03-17,18.16
Sumter County,2020-03-17,17.46
Suwannee County,2020-03-17,15.98
Taylor County,2020-03-17,17.04
Union County,2020-03-17,16.67
Volusia County,2020-03-17,18.08
Wakulla County,2020-03-17,17.18
Walton County,2020-03-17,15.45
Washington County,2020-03-17,15.91
Alachua County,2020-03-18,16.41
Baker County,2020-03-18,16.24
Bay County,2020-03-18,17.85
Bradford County,2020-03-18,16.72
Brevard County,2020-03-18,18.4
Broward County,2020-03-18,19.93
Calhoun County,2020-03-18,16.97
Charlotte County,2020-03-18,16.62
Citrus County,2020-03-18,17.27
Clay County,2020-03-18,17.72
Collier County,2020-03-18,17.43
Columbia County,2020-03-18,15.7
DeSoto County,2020-03-18,15.79
Dixie County,2020-03-18,15.94
Duval County,2020-03-18,17.85
Escambia County,2020-03-18,16.5
Flagler County,2020-03-18,17.97
Franklin County,2020-03-18,17.4
Gadsden County,2020-03-18,16.9
Gilchrist County,2020-03-18,15.61
Glades County,2020-03-18,16.68
Gulf County,2020-03-18,17.33
Hamilton County,2020-03-18,15.96
Hardee County,2020-03-18,15.89
Hendry County,2020-03-18,17.05
Hernando County,2020-03-18,17.71
Highlands County,2020-03-18,16.53
Hillsborough County,2020-03-18,18.14
Holmes County,2020-03-18,17.34
Indian River County,2020-03-18,17.46
Jackson County,2020-03-18,17.36
Jefferson County,2020-03-18,17.06
Lafayette County,2020-03-18,15.46
Lake County,2020-03-18,18.01
Lee County,2020-03-18,17.73
Leon County,2020-03-18,17.09
Levy County,2020-03-18,16.7
Liberty County,2020-03-18,16.72
Madison County,2020-03-18,16.31
Manatee County,2020-03-18,16.5
Marion County,2020-03-18,17.11
Martin County,2020-03-18,18.89
Miami-Dade County,2020-03-18,19.92
Monroe County,2020-03-18,19.72
Nassau County,2020-03-18,17.07
Okaloosa County,2020-03-18,16.49
Okeechobee County,2020-03-18,16.96
Orange County,2020-03-18,18.01
Osceola County,2020-03-18,17.37
Palm Beach County,2020-03-18,19.33
Pasco County,2020-03-18,17.99
Pinellas County,2020-03-18,19.47
Polk County,2020-03-18,17.17
Putnam County,2020-03-18,17.83
St. Johns County,2020-03-18,18.43
St. Lucie County,2020-03-18,17.95
Santa Rosa County,2020-03-18,16.46
Sarasota County,2020-03-18,15.82
Seminole County,2020-03-18,18.0
Sumter County,2020-03-18,17.54
Suwannee County,2020-03-18,15.58
Taylor County,2020-03-18,16.62
Union County,2020-03-18,15.99
Volusia County,2020-03-18,17.85
Wakulla County,2020-03-18,17.2
Walton County,2020-03-18,17.04
Washington County,2020-03-18,17.34
Alachua County,2020-03-19,15.95
Baker County,2020-03-19,15.38
Bay County,2020-03-19,17.49
Bradford County,2020-03-19,15.79
Brevard County,2020-03-19,18.79
Broward County,2020-03-19,19.67
Calhoun County,2020-03-19,16.05
Charlotte County,2020-03-19,16.27
Citrus County,2020-03-19,16.76
Clay County,2020-03-19,16.14
Collier County,2020-03-19,17.17
Columbia County,2020-03-19,15.35
DeSoto County,2020-03-19,15.38
Dixie County,2020-03-19,16.23
Duval County,2020-03-19,15.63
Escambia County,2020-03-19,19.06
Flagler County,2020-03-19,16.34
Franklin County,2020-03-19,17.13
Gadsden County,2020-03-19,15.8
Gilchrist County,2020-03-19,15.81
Glades County,2020-03-19,16.72
Gulf County,2020-03-19,17.06
Hamilton County,2020-03-19,15.51
Hardee County,2020-03-19,15.35
Hendry County,2020-03-19,16.94
Hernando County,2020-03-19,17.05
Highlands County,2020-03-19,16.53
Hillsborough County,2020-03-19,17.39
Holmes County,2020-03-19,16.36
Indian River County,2020-03-19,18.31
Jackson County,2020-03-19,15.81
Jefferson County,2020-03-19,16.39
Lafayette County,2020-03-19,15.61
Lake County,2020-03-19,16.96
Lee County,2020-03-19,17.4
Leon County,2020-03-19,16.14
Levy County,2020-03-19,16.75
Liberty County,2020-03-19,16.06
Madison County,2020-03-19,15.94
Manatee County,2020-03-19,15.98
Marion County,2020-03-19,16.32
Martin County,2020-03-19,19.41
Miami-Dade County,2020-03-19,19.74
Monroe County,2020-03-19,19.8
Nassau County,2020-03-19,15.28
Okaloosa County,2020-03-19,17.79
Okeechobee County,2020-03-19,17.39
Orange County,2020-03-19,17.32
Osceola County,2020-03-19,17.2
Palm Beach County,2020-03-19,19.28
Pasco County,2020-03-19,17.27
Pinellas County,2020-03-19,19.28
Polk County,2020-03-19,16.43
Putnam County,2020-03-19,16.42
St. Johns County,2020-03-19,16.16
St. Lucie County,2020-03-19,18.84
Santa Rosa County,2020-03-19,18.68
Sarasota County,2020-03-19,15.4
Seminole County,2020-03-19,17.26
Sumter County,2020-03-19,16.62
Suwannee County,2020-03-19,15.46
Taylor County,2020-03-19,16.42
Union County,2020-03-19,15.43
Volusia County,2020-03-19,16.85
Wakulla County,2020-03-19,16.41
Walton County,2020-03-19,17.21
Washington County,2020-03-19,16.43
Alachua County,2020-03-20,15.44
Baker County,2020-03-20,15.46
Bay County,2020-03-20,18.5
Bradford County,2020-03-20,15.69
Brevard County,2020-03-20,19.55
Broward County,2020-03-20,21.33
Calhoun County,2020-03-20,16.85
Charlotte County,2020-03-20,17.4
Citrus County,2020-03-20,16.21
Clay County,2020-03-20,16.66
Collier County,2020-03-20,18.66
Columbia County,2020-03-20,14.87
DeSoto County,2020-03-20,16.48
Dixie County,2020-03-20,15.66
Duval County,2020-03-20,17.23
Escambia County,2020-03-20,20.47
Flagler County,2020-03-20,17.05
Franklin County,2020-03-20,17.67
Gadsden County,2020-03-20,16.02
Gilchrist County,2020-03-20,15.08
Glades County,2020-03-20,18.11
Gulf County,2020-03-20,17.99
Hamilton County,2020-03-20,14.97
Hardee County,2020-03-20,16.12
Hendry County,2020-03-20,18.45
Hernando County,2020-03-20,16.56
Highlands County,2020-03-20,17.63
Hillsborough County,2020-03-20,17.41
Holmes County,2020-03-20,17.17
Indian River County,2020-03-20,19.28
Jackson County,2020-03-20,16.5
Jefferson County,2020-03-20,16.11
Lafayette County,2020-03-20,14.92
Lake County,2020-03-20,16.76
Lee County,2020-03-20,18.54
Leon County,2020-03-20,16.14
Levy County,2020-03-20,16.16
Liberty County,2020-03-20,16.63
Madison County,2020-03-20,15.38
Manatee County,2020-03-20,16.48
Marion County,2020-03-20,15.85
Martin County,2020-03-20,20.64
Miami-Dade County,2020-03-20,21.3
Monroe County,2020-03-20,20.76
Nassau County,2020-03-20,16.83
Okaloosa County,2020-03-20,18.61
Okeechobee County,2020-03-20,18.52
Orange County,2020-03-20,17.65
Osceola County,2020-03-20,17.9
Palm Beach County,2020-03-20,20.77
Pasco County,2020-03-20,16.92
Pinellas County,2020-03-20,18.85
Polk County,2020-03-20,16.82
Putnam County,2020-03-20,16.56
St. Johns County,2020-03-20,17.47
St. Lucie County,2020-03-20,19.92
Santa Rosa County,2020-03-20,19.74
Sarasota County,2020-03-20,16.18
Seminole County,2020-03-20,17.62
Sumter County,2020-03-20,16.12
Suwannee County,2020-03-20,14.78
Taylor County,2020-03-20,16.03
Union County,2020-03-20,15.08
Volusia County,2020-03-20,17.35
Wakulla County,2020-03-20,16.66
Walton County,2020-03-20,18.09
Washington County,2020-03-20,17.38
Alachua County,2020-03-21,16.21
Baker County,2020-03-21,16.21
Bay County,2020-03-21,19.34
Bradford County,2020-03-21,16.63
Brevard County,2020-03-21,18.5
Broward County,2020-03-21,20.88
Calhoun County,2020-03-21,17.71
Charlotte County,2020-03-21,16.85
Citrus County,2020-03-21,16.73
Clay County,2020-03-21,17.79
Collier County,2020-03-21,18.05
Columbia County,2020-03-21,15.34
DeSoto County,2020-03-21,15.8
Dixie County,2020-03-21,15.67
Duval County,2020-03-21,18.46
Escambia County,2020-03-21,19.46
Flagler County,2020-03-21,17.87
Franklin County,2020-03-21,18.41
Gadsden County,2020-03-21,16.87
Gilchrist County,2020-03-21,15.33
Glades County,2020-03-21,16.64
Gulf County,2020-03-21,18.71
Hamilton County,2020-03-21,15.36
Hardee County,2020-03-21,15.71
Hendry County,2020-03-21,17.44
Hernando County,2020-03-21,17.2
Highlands County,2020-03-21,16.24
Hillsborough County,2020-03-21,17.97
Holmes County,2020-03-21,18.35
Indian River County,2020-03-21,17.51
Jackson County,2020-03-21,17.67
Jefferson County,2020-03-21,16.61
Lafayette County,2020-03-21,14.99
Lake County,2020-03-21,17.45
Lee County,2020-03-21,17.99
Leon County,2020-03-21,16.92
Levy County,2020-03-21,16.43
Liberty County,2020-03-21,17.45
Madison County,2020-03-21,15.68
Manatee County,2020-03-21,16.95
Marion County,2020-03-21,16.67
Martin County,2020-03-21,19.14
Miami-Dade County,2020-03-21,20.37
Monroe County,2020-03-21,19.77
Nassau County,2020-03-21,17.95
Okaloosa County,2020-03-21,18.75
Okeechobee County,2020-03-21,16.79
Orange County,2020-03-21,17.81
Osceola County,2020-03-21,17.19
Palm Beach County,2020-03-21,19.93
Pasco County,2020-03-21,17.64
Pinellas County,2020-03-21,19.81
Polk County,2020-03-21,16.72
Putnam County,2020-03-21,17.64
St. Johns County,2020-03-21,18.58
St. Lucie County,2020-03-21,18.12
Santa Rosa County,2020-03-21,19.29
Sarasota County,2020-03-21,16.58
Seminole County,2020-03-21,17.9
Sumter County,2020-03-21,16.84
Suwannee County,2020-03-21,15.0
Taylor County,2020-03-21,16.21
Union County,2020-03-21,15.8
Volusia County,2020-03-21,17.79
Wakulla County,2020-03-21,17.36
Walton County,2020-03-21,18.72
Washington County,2020-03-21,18.46
Alachua County,2020-03-22,15.85
Baker County,2020-03-22,15.61
Bay County,2020-03-22,18.29
Bradford County,2020-03-22,15.94
Brevard County,2020-03-22,18.93
Broward County,2020-03-22,19.65
Calhoun County,2020-03-22,17.37
Charlotte County,2020-03-22,17.04
Citrus County,2020-03-22,17.03
Clay County,2020-03-22,17.03
Collier County,2020-03-22,17.9
Columbia County,2020-03-22,15.23
DeSoto County,2020-03-22,16.21
Dixie County,2020-03-22,16.58
Duval County,2020-03-22,17.53
Escambia County,2020-03-22,15.83
Flagler County,2020-03-22,17.86
Franklin County,2020-03-22,18.83
Gadsden County,2020-03-22,17.23
Gilchrist County,2020-03-22,15.67
Glades County,2020-03-22,17.3
Gulf County,2020-03-22,18.49
Hamilton County,2020-03-22,15.6
Hardee County,2020-03-22,16.19
Hendry County,2020-03-22,17.51
Hernando County,2020-03-22,17.4
Highlands County,2020-03-22,17.21
Hillsborough County,2020-03-22,17.98
Holmes County,2020-03-22,16.44
Indian River County,2020-03-22,17.83
Jackson County,2020-03-22,16.96
Jefferson County,2020-03-22,17.55
Lafayette County,2020-03-22,15.86
Lake County,2020-03-22,17.77
Lee County,2020-03-22,18.2
Leon County,2020-03-22,17.66
Levy County,2020-03-22,16.84
Liberty County,2020-03-22,17.66
Madison County,2020-03-22,16.5
Manatee County,2020-03-22,16.45
Marion County,2020-03-22,16.61
Martin County,2020-03-22,18.77
Miami-Dade County,2020-03-22,19.52
Monroe County,2020-03-22,19.93
Nassau County,2020-03-22,16.99
Okaloosa County,2020-03-22,15.73
Okeechobee County,2020-03-22,17.45
Orange County,2020-03-22,18.32
Osceola County,2020-03-22,17.92
Palm Beach County,2020-03-22,19.07
Pasco County,2020-03-22,17.71
Pinellas County,2020-03-22,19.51
Polk County,2020-03-22,17.34
Putnam County,2020-03-22,17.25
St. Johns County,2020-03-22,18.09
St. Lucie County,2020-03-22,18.09
Santa Rosa County,2020-03-22,15.77
Sarasota County,2020-03-22,15.87
Seminole County,2020-03-22,18.39
Sumter County,2020-03-22,17.03
Suwannee County,2020-03-22,15.52
Taylor County,2020-03-22,17.4
Union County,2020-03-22,15.34
Volusia County,2020-03-22,18.11
Wakulla County,2020-03-22,18.24
Walton County,2020-03-22,16.42
Washington County,2020-03-22,16.97
Alachua County,2020-03-23,16.06
Baker County,2020-03-23,16.06
Bay County,2020-03-23,17.23
Bradford County,2020-03-23,16.29
Brevard County,2020-03-23,19.34
Broward County,2020-03-23,19.45
Calhoun County,2020-03-23,15.48
Charlotte County,2020-03-23,18.44
Citrus County,2020-03-23,16.82
Clay County,2020-03-23,17.35
Collier County,2020-03-23,17.9
Columbia County,2020-03-23,15.85
DeSoto County,2020-03-23,17.58
Dixie County,2020-03-23,16.61
Duval County,2020-03-23,17.76
Escambia County,2020-03-23,15.91
Flagler County,2020-03-23,18.47
Franklin County,2020-03-23,16.75
Gadsden County,2020-03-23,15.25
Gilchrist County,2020-03-23,15.94
Glades County,2020-03-23,17.61
Gulf County,2020-03-23,16.69
Hamilton County,2020-03-23,16.41
Hardee County,2020-03-23,17.54
Hendry County,2020-03-23,17.6
Hernando County,2020-03-23,17.39
Highlands County,2020-03-23,17.81
Hillsborough County,2020-03-23,18.96
Holmes County,2020-03-23,15.84
Indian River County,2020-03-23,17.99
Jackson County,2020-03-23,15.43
Jefferson County,2020-03-23,16.94
Lafayette County,2020-03-23,16.39
Lake County,2020-03-23,18.03
Lee County,2020-03-23,19.15
Leon County,2020-03-23,16.05
Levy County,2020-03-23,16.67
Liberty County,2020-03-23,15.27
Madison County,2020-03-23,16.88
Manatee County,2020-03-23,18.42
Marion County,2020-03-23,16.65
Martin County,2020-03-23,18.63
Miami-Dade County,2020-03-23,19.12
Monroe County,2020-03-23,19.38
Nassau County,2020-03-23,17.05
Okaloosa County,2020-03-23,15.82
Okeechobee County,2020-03-23,17.65
Orange County,2020-03-23,18.75
Osceola County,2020-03-23,18.4
Palm Beach County,2020-03-23,18.93
Pasco County,2020-03-23,18.04
Pinellas County,2020-03-23,20.2
Polk County,2020-03-23,18.19
Putnam County,2020-03-23,17.56
St. Johns County,2020-03-23,18.61
St. Lucie County,2020-03-23,18.05
Santa Rosa County,2020-03-23,16.01
Sarasota County,2020-03-23,18.18
Seminole County,2020-03-23,18.83
Sumter County,2020-03-23,17.07
Suwannee County,2020-03-23,16.29
Taylor County,2020-03-23,17.22
Union County,2020-03-23,15.78
Volusia County,2020-03-23,18.66
Wakulla County,2020-03-23,16.24
Walton County,2020-03-23,16.15
Washington County,2020-03-23,16.14
Alachua County,2020-03-24,16.34
Baker County,2020-03-24,15.93
Bay County,2020-03-24,18.36
Bradford County,2020-03-24,16.52
Brevard County,2020-03-24,19.33
Broward County,2020-03-24,19.63
Calhoun County,2020-03-24,16.46
Charlotte County,2020-03-24,17.16
Citrus County,2020-03-24,17.14
Clay County,2020-03-24,17.5
Collier County,2020-03-24,17.89
Columbia County,2020-03-24,15.54
DeSoto County,2020-03-24,16.61
Dixie County,2020-03-24,16.22
Duval County,2020-03-24,17.61
Escambia County,2020-03-24,19.64
Flagler County,2020-03-24,18.18
Franklin County,2020-03-24,17.36
Gadsden County,2020-03-24,16.45
Gilchrist County,2020-03-24,15.68
Glades County,2020-03-24,17.79
Gulf County,2020-03-24,17.41
Hamilton County,2020-03-24,16.04
Hardee County,2020-03-24,16.75
Hendry County,2020-03-24,17.75
Hernando County,2020-03-24,17.55
Highlands County,2020-03-24,17.97
Hillsborough County,2020-03-24,18.19
Holmes County,2020-03-24,17.18
Indian River County,2020-03-24,18.33
Jackson County,2020-03-24,16.68
Jefferson County,2020-03-24,17.41
Lafayette County,2020-03-24,15.77
Lake County,2020-03-24,18.29
Lee County,2020-03-24,18.31
Leon County,2020-03-24,16.95
Levy County,2020-03-24,16.77
Liberty County,2020-03-24,16.17
Madison County,2020-03-24,16.74
Manatee County,2020-03-24,16.24
Marion County,2020-03-24,17.05
Martin County,2020-03-24,18.73
Miami-Dade County,2020-03-24,19.56
Monroe County,2020-03-24,19.78
Nassau County,2020-03-24,16.8
Okaloosa County,2020-03-24,18.5
Okeechobee County,2020-03-24,18.07
Orange County,2020-03-24,18.98
Osceola County,2020-03-24,18.75
Palm Beach County,2020-03-24,19.04
Pasco County,2020-03-24,17.88
Pinellas County,2020-03-24,19.16
Polk County,2020-03-24,18.13
Putnam County,2020-03-24,17.8
St. Johns County,2020-03-24,18.34
St. Lucie County,2020-03-24,18.29
Santa Rosa County,2020-03-24,19.44
Sarasota County,2020-03-24,15.41
Seminole County,2020-03-24,18.93
Sumter County,2020-03-24,17.37
Suwannee County,2020-03-24,15.74
Taylor County,2020-03-24,17.03
Union County,2020-03-24,15.78
Volusia County,2020-03-24,18.43
Wakulla County,2020-03-24,17.02
Walton County,2020-03-24,18.03
Washington County,2020-03-24,17.23
Alachua County,2020-03-25,16.16
Baker County,2020-03-25,16.48
Bay County,2020-03-25,20.99
Bradford County,2020-03-25,16.65
Brevard County,2020-03-25,19.42
Broward County,2020-03-25,19.63
Calhoun County,2020-03-25,19.58
Charlotte County,2020-03-25,16.53
Citrus County,2020-03-25,17.09
Clay County,2020-03-25,17.73
Collier County,2020-03-25,17.69
Columbia County,2020-03-25,15.97
DeSoto County,2020-03-25,16.43
Dixie County,2020-03-25,15.52
Duval County,2020-03-25,17.86
Escambia County,2020-03-25,20.0
Flagler County,2020-03-25,18.33
Franklin County,2020-03-25,19.31
Gadsden County,2020-03-25,18.45
Gilchrist County,2020-03-25,15.34
Glades County,2020-03-25,18.24
Gulf County,2020-03-25,20.06
Hamilton County,2020-03-25,16.48
Hardee County,2020-03-25,16.93
Hendry County,2020-03-25,18.01
Hernando County,2020-03-25,17.8
Highlands County,2020-03-25,18.71
Hillsborough County,2020-03-25,18.22
Holmes County,2020-03-25,19.88
Indian River County,2020-03-25,18.92
Jackson County,2020-03-25,19.7
Jefferson County,2020-03-25,17.37
Lafayette County,2020-03-25,15.32
Lake County,2020-03-25,18.6
Lee County,2020-03-25,17.68
Leon County,2020-03-25,17.86
Levy County,2020-03-25,16.22
Liberty County,2020-03-25,18.86
Madison County,2020-03-25,16.59
Manatee County,2020-03-25,15.89
Marion County,2020-03-25,17.12
Martin County,2020-03-25,19.24
Miami-Dade County,2020-03-25,18.82
Monroe County,2020-03-25,19.0
Nassau County,2020-03-25,17.21
Okaloosa County,2020-03-25,19.96
Okeechobee County,2020-03-25,19.03
Orange County,2020-03-25,19.05
Osceola County,2020-03-25,19.13
Palm Beach County,2020-03-25,19.49
Pasco County,2020-03-25,18.2
Pinellas County,2020-03-25,19.45
Polk County,2020-03-25,18.42
Putnam County,2020-03-25,17.92
St. Johns County,2020-03-25,18.43
St. Lucie County,2020-03-25,18.86
Santa Rosa County,2020-03-25,20.23
Sarasota County,2020-03-25,14.54
Seminole County,2020-03-25,18.96
Sumter County,2020-03-25,17.79
Suwannee County,2020-03-25,15.74
Taylor County,2020-03-25,16.48
Union County,2020-03-25,16.04
Volusia County,2020-03-25,18.5
Wakulla County,2020-03-25,18.02
Walton County,2020-03-25,20.07
Washington County,2020-03-25,20.1
Alachua County,2020-03-26,19.01
Baker County,2020-03-26,18.26
Bay County,2020-03-26,18.8
Bradford County,2020-03-26,19.43
Brevard County,2020-03-26,20.54
Broward County,2020-03-26,19.71
Calhoun County,2020-03-26,17.25
Charlotte County,2020-03-26,19.84
Citrus County,2020-03-26,19.4
Clay County,2020-03-26,20.76
Collier County,2020-03-26,18.92
Columbia County,2020-03-26,17.27
DeSoto County,2020-03-26,18.86
Dixie County,2020-03-26,18.15
Duval County,2020-03-26,21.05
Escambia County,2020-03-26,17.8
Flagler County,2020-03-26,20.85
Franklin County,2020-03-26,19.34
Gadsden County,2020-03-26,16.82
Gilchrist County,2020-03-26,17.78
Glades County,2020-03-26,19.0
Gulf County,2020-03-26,19.04
Hamilton County,2020-03-26,16.57
Hardee County,2020-03-26,18.67
Hendry County,2020-03-26,18.81
Hernando County,2020-03-26,19.73
Highlands County,2020-03-26,19.28
Hillsborough County,2020-03-26,20.59
Holmes County,2020-03-26,16.26
Indian River County,2020-03-26,19.36
Jackson County,2020-03-26,16.57
Jefferson County,2020-03-26,17.44
Lafayette County,2020-03-26,17.02
Lake County,2020-03-26,20.02
Lee County,2020-03-26,20.67
Leon County,2020-03-26,17.33
Levy County,2020-03-26,19.16
Liberty County,2020-03-26,17.54
Madison County,2020-03-26,16.77
Manatee County,2020-03-26,19.67
Marion County,2020-03-26,19.5
Martin County,2020-03-26,19.41
Miami-Dade County,2020-03-26,18.93
Monroe County,2020-03-26,19.22
Nassau County,2020-03-26,19.78
Okaloosa County,2020-03-26,16.63
Okeechobee County,2020-03-26,19.15
Orange County,2020-03-26,20.26
Osceola County,2020-03-26,19.8
Palm Beach County,2020-03-26,19.52
Pasco County,2020-03-26,20.12
Pinellas County,2020-03-26,22.58
Polk County,2020-03-26,19.4
Putnam County,2020-03-26,20.76
St. Johns County,2020-03-26,21.65
St. Lucie County,2020-03-26,19.15
Santa Rosa County,2020-03-26,17.21
Sarasota County,2020-03-26,19.41
Seminole County,2020-03-26,20.43
Sumter County,2020-03-26,19.25
Suwannee County,2020-03-26,16.79
Taylor County,2020-03-26,17.99
Union County,2020-03-26,18.28
Volusia County,2020-03-26,20.42
Wakulla County,2020-03-26,18.26
Walton County,2020-03-26,16.88
Washington County,2020-03-26,16.97
Alachua County,2020-03-27,18.09
Baker County,2020-03-27,17.89
Bay County,2020-03-27,17.98
Bradford County,2020-03-27,18.52
Brevard County,2020-03-27,20.23
Broward County,2020-03-27,19.85
Calhoun County,2020-03-27,16.35
Charlotte County,2020-03-27,18.58
Citrus County,2020-03-27,18.71
Clay County,2020-03-27,19.69
Collier County,2020-03-27,18.49
Columbia County,2020-03-27,17.13
DeSoto County,2020-03-27,18.05
Dixie County,2020-03-27,17.69
Duval County,2020-03-27,19.89
Escambia County,2020-03-27,17.09
Flagler County,2020-03-27,19.92
Franklin County,2020-03-27,17.93
Gadsden County,2020-03-27,16.34
Gilchrist County,2020-03-27,17.29
Glades County,2020-03-27,19.04
Gulf County,2020-03-27,17.67
Hamilton County,2020-03-27,16.99
Hardee County,2020-03-27,18.27
Hendry County,2020-03-27,18.79
Hernando County,2020-03-27,19.15
Highlands County,2020-03-27,19.26
Hillsborough County,2020-03-27,19.98
Holmes County,2020-03-27,16.1
Indian River County,2020-03-27,19.49
Jackson County,2020-03-27,16.09
Jefferson County,2020-03-27,17.45
Lafayette County,2020-03-27,16.96
Lake County,2020-03-27,19.63
Lee County,2020-03-27,19.4
Leon County,2020-03-27,16.94
Levy County,2020-03-27,18.44
Liberty County,2020-03-27,16.36
Madison County,2020-03-27,17.11
Manatee County,2020-03-27,18.37
Marion County,2020-03-27,18.66
Martin County,2020-03-27,20.04
Miami-Dade County,2020-03-27,18.74
Monroe County,2020-03-27,18.93
Nassau County,2020-03-27,18.95
Okaloosa County,2020-03-27,16.34
Okeechobee County,2020-03-27,19.45
Orange County,2020-03-27,20.09
Osceola County,2020-03-27,19.84
Palm Beach County,2020-03-27,20.01
Pasco County,2020-03-27,19.56
Pinellas County,2020-03-27,21.27
Polk County,2020-03-27,19.49
Putnam County,2020-03-27,19.68
St. Johns County,2020-03-27,20.47
St. Lucie County,2020-03-27,19.61
Santa Rosa County,2020-03-27,16.76
Sarasota County,2020-03-27,17.51
Seminole County,2020-03-27,20.03
Sumter County,2020-03-27,18.8
Suwannee County,2020-03-27,16.93
Taylor County,2020-03-27,17.79
Union County,2020-03-27,17.64
Volusia County,2020-03-27,19.76
Wakulla County,2020-03-27,17.35
Walton County,2020-03-27,16.64
Washington County,2020-03-27,16.58
Alachua County,2020-03-28,16.91
Baker County,2020-03-28,16.64
Bay County,2020-03-28,19.38
Bradford County,2020-03-28,17.24
Brevard County,2020-03-28,19.11
Broward County,2020-03-28,19.02
Calhoun County,2020-03-28,17.78
Charlotte County,2020-03-28,18.03
Citrus County,2020-03-28,17.49
Clay County,2020-03-28,18.42
Collier County,2020-03-28,18.25
Columbia County,2020-03-28,15.93
DeSoto County,2020-03-28,17.22
Dixie County,2020-03-28,16.44
Duval County,2020-03-28,18.65
Escambia County,2020-03-28,20.19
Flagler County,2020-03-28,18.91
Franklin County,2020-03-28,18.18
Gadsden County,2020-03-28,17.11
Gilchrist County,2020-03-28,16.13
Glades County,2020-03-28,17.73
Gulf County,2020-03-28,18.41
Hamilton County,2020-03-28,16.02
Hardee County,2020-03-28,17.14
Hendry County,2020-03-28,17.78
Hernando County,2020-03-28,17.84
Highlands County,2020-03-28,17.92
Hillsborough County,2020-03-28,18.53
Holmes County,2020-03-28,18.89
Indian River County,2020-03-28,17.89
Jackson County,2020-03-28,17.96
Jefferson County,2020-03-28,17.0
Lafayette County,2020-03-28,15.82
Lake County,2020-03-28,18.72
Lee County,2020-03-28,18.98
Leon County,2020-03-28,17.03
Levy County,2020-03-28,17.21
Liberty County,2020-03-28,17.36
Madison County,2020-03-28,16.39
Manatee County,2020-03-28,17.68
Marion County,2020-03-28,17.72
Martin County,2020-03-28,18.41
Miami-Dade County,2020-03-28,19.02
Monroe County,2020-03-28,20.0
Nassau County,2020-03-28,17.84
Okaloosa County,2020-03-28,19.45
Okeechobee County,2020-03-28,17.85
Orange County,2020-03-28,18.99
Osceola County,2020-03-28,18.43
Palm Beach County,2020-03-28,18.6
Pasco County,2020-03-28,18.17
Pinellas County,2020-03-28,19.99
Polk County,2020-03-28,18.01
Putnam County,2020-03-28,18.6
St. Johns County,2020-03-28,19.27
St. Lucie County,2020-03-28,17.92
Santa Rosa County,2020-03-28,19.93
Sarasota County,2020-03-28,17.33
Seminole County,2020-03-28,19.1
Sumter County,2020-03-28,17.87
Suwannee County,2020-03-28,15.8
Taylor County,2020-03-28,16.77
Union County,2020-03-28,16.36
Volusia County,2020-03-28,18.91
Wakulla County,2020-03-28,17.28
Walton County,2020-03-28,19.33
Washington County,2020-03-28,18.74
Alachua County,2020-03-29,16.24
Baker County,2020-03-29,15.82
Bay County,2020-03-29,21.8
Bradford County,2020-03-29,16.43
Brevard County,2020-03-29,18.31
Broward County,2020-03-29,19.5
Calhoun County,2020-03-29,19.98
Charlotte County,2020-03-29,17.97
Citrus County,2020-03-29,17.54
Clay County,2020-03-29,17.76
Collier County,2020-03-29,17.57
Columbia County,2020-03-29,14.99
DeSoto County,2020-03-29,17.03
Dixie County,2020-03-29,16.22
Duval County,2020-03-29,18.16
Escambia County,2020-03-29,21.95
Flagler County,2020-03-29,18.66
Franklin County,2020-03-29,20.09
Gadsden County,2020-03-29,18.37
Gilchrist County,2020-03-29,15.55
Glades County,2020-03-29,17.19
Gulf County,2020-03-29,20.85
Hamilton County,2020-03-29,14.89
Hardee County,2020-03-29,16.99
Hendry County,2020-03-29,17.29
Hernando County,2020-03-29,18.06
Highlands County,2020-03-29,17.38
Hillsborough County,2020-03-29,18.95
Holmes County,2020-03-29,21.04
Indian River County,2020-03-29,17.32
Jackson County,2020-03-29,20.11
Jefferson County,2020-03-29,16.92
Lafayette County,2020-03-29,15.17
Lake County,2020-03-29,18.56
Lee County,2020-03-29,18.79
Leon County,2020-03-29,17.69
Levy County,2020-03-29,17.04
Liberty County,2020-03-29,19.27
Madison County,2020-03-29,15.67
Manatee County,2020-03-29,18.18
Marion County,2020-03-29,17.39
Martin County,2020-03-29,18.57
Miami-Dade County,2020-03-29,19.35
Monroe County,2020-03-29,19.63
Nassau County,2020-03-29,17.53
Okaloosa County,2020-03-29,21.46
Okeechobee County,2020-03-29,17.3
Orange County,2020-03-29,18.61
Osceola County,2020-03-29,17.9
Palm Beach County,2020-03-29,19.07
Pasco County,2020-03-29,18.53
Pinellas County,2020-03-29,20.93
Polk County,2020-03-29,17.81
Putnam County,2020-03-29,18.12
St. Johns County,2020-03-29,18.88
St. Lucie County,2020-03-29,17.67
Santa Rosa County,2020-03-29,21.79
Sarasota County,2020-03-29,17.88
Seminole County,2020-03-29,18.74
Sumter County,2020-03-29,17.79
Suwannee County,2020-03-29,14.81
Taylor County,2020-03-29,16.53
Union County,2020-03-29,15.5
Volusia County,2020-03-29,18.58
Wakulla County,2020-03-29,18.3
Walton County,2020-03-29,21.45
Washington County,2020-03-29,20.98
Alachua County,2020-03-30,16.62
Baker County,2020-03-30,16.31
Bay County,2020-03-30,19.21
Bradford County,2020-03-30,16.77
Brevard County,2020-03-30,19.1
Broward County,2020-03-30,20.4
Calhoun County,2020-03-30,17.77
Charlotte County,2020-03-30,19.41
Citrus County,2020-03-30,17.92
Clay County,2020-03-30,17.95
Collier County,2020-03-30,19.11
Columbia County,2020-03-30,15.64
DeSoto County,2020-03-30,18.24
Dixie County,2020-03-30,16.91
Duval County,2020-03-30,18.46
Escambia County,2020-03-30,17.52
Flagler County,2020-03-30,18.89
Franklin County,2020-03-30,19.59
Gadsden County,2020-03-30,17.17
Gilchrist County,2020-03-30,16.1
Glades County,2020-03-30,18.19
Gulf County,2020-03-30,19.4
Hamilton County,2020-03-30,15.77
Hardee County,2020-03-30,17.93
Hendry County,2020-03-30,18.56
Hernando County,2020-03-30,18.48
Highlands County,2020-03-30,17.98
Hillsborough County,2020-03-30,19.82
Holmes County,2020-03-30,16.92
Indian River County,2020-03-30,17.74
Jackson County,2020-03-30,17.02
Jefferson County,2020-03-30,17.42
Lafayette County,2020-03-30,15.91
Lake County,2020-03-30,18.69
Lee County,2020-03-30,20.26
Leon County,2020-03-30,17.51
Levy County,2020-03-30,17.52
Liberty County,2020-03-30,18.07
Madison County,2020-03-30,16.44
Manatee County,2020-03-30,19.46
Marion County,2020-03-30,17.55
Martin County,2020-03-30,18.76
Miami-Dade County,2020-03-30,20.6
Monroe County,2020-03-30,20.96
Nassau County,2020-03-30,17.93
Okaloosa County,2020-03-30,17.19
Okeechobee County,2020-03-30,17.6
Orange County,2020-03-30,18.89
Osceola County,2020-03-30,18.15
Palm Beach County,2020-03-30,19.43
Pasco County,2020-03-30,19.07
Pinellas County,2020-03-30,21.86
Polk County,2020-03-30,18.28
Putnam County,2020-03-30,18.24
St. Johns County,2020-03-30,19.11
St. Lucie County,2020-03-30,18.04
Santa Rosa County,2020-03-30,17.48
Sarasota County,2020-03-30,19.42
Seminole County,2020-03-30,19.07
Sumter County,2020-03-30,17.99
Suwannee County,2020-03-30,15.61
Taylor County,2020-03-30,17.37
Union County,2020-03-30,15.98
Volusia County,2020-03-30,18.99
Wakulla County,2020-03-30,18.32
Walton County,2020-03-30,17.45
Washington County,2020-03-30,17.46
Alachua County,2020-03-31,17.21
Baker County,2020-03-31,17.1
Bay County,2020-03-31,18.38
Bradford County,2020-03-31,17.58
Brevard County,2020-03-31,20.19
Broward County,2020-03-31,21.1
Calhoun County,2020-03-31,17.25
Charlotte County,2020-03-31,19.21
Citrus County,2020-03-31,17.66
Clay County,2020-03-31,18.87
Collier County,2020-03-31,19.44
Columbia County,2020-03-31,16.46
DeSoto County,2020-03-31,18.54
Dixie County,2020-03-31,17.19
Duval County,2020-03-31,19.24
Escambia County,2020-03-31,17.86
Flagler County,2020-03-31,19.63
Franklin County,2020-03-31,18.97
Gadsden County,2020-03-31,16.56
Gilchrist County,2020-03-31,16.67
Glades County,2020-03-31,19.49
Gulf County,2020-03-31,18.71
Hamilton County,2020-03-31,16.15
Hardee County,2020-03-31,18.4
Hendry County,2020-03-31,19.7
Hernando County,2020-03-31,18.19
Highlands County,2020-03-31,19.39
Hillsborough County,2020-03-31,19.48
Holmes County,2020-03-31,16.56
Indian River County,2020-03-31,19.4
Jackson County,2020-03-31,16.67
Jefferson County,2020-03-31,16.52
Lafayette County,2020-03-31,16.41
Lake County,2020-03-31,19.18
Lee County,2020-03-31,20.16
Leon County,2020-03-31,16.88
Levy County,2020-03-31,17.61
Liberty County,2020-03-31,17.58
Madison County,2020-03-31,15.94
Manatee County,2020-03-31,18.65
Marion County,2020-03-31,17.9
Martin County,2020-03-31,19.97
Miami-Dade County,2020-03-31,20.36
Monroe County,2020-03-31,20.62
Nassau County,2020-03-31,18.35
Okaloosa County,2020-03-31,16.83
Okeechobee County,2020-03-31,19.5
Orange County,2020-03-31,19.84
Osceola County,2020-03-31,19.66
Palm Beach County,2020-03-31,20.7
Pasco County,2020-03-31,18.82
Pinellas County,2020-03-31,21.12
Polk County,2020-03-31,19.04
Putnam County,2020-03-31,19.08
St. Johns County,2020-03-31,19.88
St. Lucie County,2020-03-31,19.44
Santa Rosa County,2020-03-31,17.44
Sarasota County,2020-03-31,18.18
Seminole County,2020-03-31,20.08
Sumter County,2020-03-31,17.92
Suwannee County,2020-03-31,16.28
Taylor County,2020-03-31,17.3
Union County,2020-03-31,16.83
Volusia County,2020-03-31,19.72
Wakulla County,2020-03-31,17.92
Walton County,2020-03-31,16.9
Washington County,2020-03-31,17.02
Alachua County,2020-04-01,13.29
Baker County,2020-04-01,11.65
Bay County,2020-04-01,10.22
Bradford County,2020-04-01,13.67
Brevard County,2020-04-01,17.44
Broward County,2020-04-01,20.56
Calhoun County,2020-04-01,9.51
Charlotte County,2020-04-01,19.73
Citrus County,2020-04-01,15.33
Clay County,2020-04-01,15.86
Collier County,2020-04-01,19.43
Columbia County,2020-04-01,10.03
DeSoto County,2020-04-01,18.3
Dixie County,2020-04-01,11.62
Duval County,2020-04-01,16.32
Escambia County,2020-04-01,9.78
Flagler County,2020-04-01,15.62
Franklin County,2020-04-01,12.27
Gadsden County,2020-04-01,10.08
Gilchrist County,2020-04-01,10.94
Glades County,2020-04-01,20.15
Gulf County,2020-04-01,10.91
Hamilton County,2020-04-01,9.0
Hardee County,2020-04-01,17.51
Hendry County,2020-04-01,19.8
Hernando County,2020-04-01,16.8
Highlands County,2020-04-01,19.0
Hillsborough County,2020-04-01,19.2
Holmes County,2020-04-01,7.77
Indian River County,2020-04-01,18.74
Jackson County,2020-04-01,9.19
Jefferson County,2020-04-01,10.54
Lafayette County,2020-04-01,10.29
Lake County,2020-04-01,15.48
Lee County,2020-04-01,20.83
Leon County,2020-04-01,10.61
Levy County,2020-04-01,13.19
Liberty County,2020-04-01,10.27
Madison County,2020-04-01,9.76
Manatee County,2020-04-01,18.64
Marion County,2020-04-01,14.67
Martin County,2020-04-01,20.3
Miami-Dade County,2020-04-01,19.97
Monroe County,2020-04-01,20.45
Nassau County,2020-04-01,14.42
Okaloosa County,2020-04-01,8.73
Okeechobee County,2020-04-01,19.36
Orange County,2020-04-01,16.67
Osceola County,2020-04-01,17.57
Palm Beach County,2020-04-01,20.86
Pasco County,2020-04-01,17.76
Pinellas County,2020-04-01,22.23
Polk County,2020-04-01,17.24
Putnam County,2020-04-01,16.08
St. Johns County,2020-04-01,17.06
St. Lucie County,2020-04-01,19.39
Santa Rosa County,2020-04-01,9.39
Sarasota County,2020-04-01,18.52
Seminole County,2020-04-01,16.05
Sumter County,2020-04-01,14.89
Suwannee County,2020-04-01,9.71
Taylor County,2020-04-01,11.5
Union County,2020-04-01,11.73
Volusia County,2020-04-01,15.15
Wakulla County,2020-04-01,11.68
Walton County,2020-04-01,8.4
Washington County,2020-04-01,8.48
Alachua County,2020-04-02,8.28
Baker County,2020-04-02,7.63
Bay County,2020-04-02,9.06
Bradford County,2020-04-02,8.27
Brevard County,2020-04-02,13.33
Broward County,2020-04-02,15.33
Calhoun County,2020-04-02,8.1
Charlotte County,2020-04-02,12.9
Citrus County,2020-04-02,10.89
Clay County,2020-04-02,9.86
Collier County,2020-04-02,13.5
Columbia County,2020-04-02,7.11
DeSoto County,2020-04-02,11.47
Dixie County,2020-04-02,8.39
Duval County,2020-04-02,10.3
Escambia County,2020-04-02,8.46
Flagler County,2020-04-02,11.4
Franklin County,2020-04-02,9.93
Gadsden County,2020-04-02,7.98
Gilchrist County,2020-04-02,7.37
Glades County,2020-04-02,12.57
Gulf County,2020-04-02,9.15
Hamilton County,2020-04-02,7.19
Hardee County,2020-04-02,11.3
Hendry County,2020-04-02,12.83
Hernando County,2020-04-02,12.07
Highlands County,2020-04-02,12.01
Hillsborough County,2020-04-02,13.53
Holmes County,2020-04-02,7.06
Indian River County,2020-04-02,13.4
Jackson County,2020-04-02,7.88
Jefferson County,2020-04-02,8.23
Lafayette County,2020-04-02,7.72
Lake County,2020-04-02,11.09
Lee County,2020-04-02,13.97
Leon County,2020-04-02,8.11
Levy County,2020-04-02,9.02
Liberty County,2020-04-02,8.3
Madison County,2020-04-02,7.84
Manatee County,2020-04-02,12.74
Marion County,2020-04-02,9.9
Martin County,2020-04-02,14.39
Miami-Dade County,2020-04-02,16.43
Monroe County,2020-04-02,17.41
Nassau County,2020-04-02,9.49
Okaloosa County,2020-04-02,7.87
Okeechobee County,2020-04-02,12.71
Orange County,2020-04-02,11.9
Osceola County,2020-04-02,12.06
Palm Beach County,2020-04-02,14.74
Pasco County,2020-04-02,12.58
Pinellas County,2020-04-02,16.09
Polk County,2020-04-02,11.81
Putnam County,2020-04-02,10.6
St. Johns County,2020-04-02,11.69
St. Lucie County,2020-04-02,13.71
Santa Rosa County,2020-04-02,8.23
Sarasota County,2020-04-02,12.58
Seminole County,2020-04-02,11.58
Sumter County,2020-04-02,10.65
Suwannee County,2020-04-02,7.43
Taylor County,2020-04-02,8.92
Union County,2020-04-02,7.3
Volusia County,2020-04-02,11.39
Wakulla County,2020-04-02,8.99
Walton County,2020-04-02,7.67
Washington County,2020-04-02,7.58
Alachua County,2020-04-03,8.07
Baker County,2020-04-03,7.53
Bay County,2020-04-03,10.02
Bradford County,2020-04-03,7.99
Brevard County,2020-04-03,12.68
Broward County,2020-04-03,15.37
Calhoun County,2020-04-03,8.83
Charlotte County,2020-04-03,12.89
Citrus County,2020-04-03,10.25
Clay County,2020-04-03,9.38
Collier County,2020-04-03,13.47
Columbia County,2020-04-03,7.25
DeSoto County,2020-04-03,11.62
Dixie County,2020-04-03,8.65
Duval County,2020-04-03,9.64
Escambia County,2020-04-03,10.39
Flagler County,2020-04-03,11.17
Franklin County,2020-04-03,10.24
Gadsden County,2020-04-03,8.64
Gilchrist County,2020-04-03,7.63
Glades County,2020-04-03,12.66
Gulf County,2020-04-03,9.74
Hamilton County,2020-04-03,7.6
Hardee County,2020-04-03,11.19
Hendry County,2020-04-03,13.01
Hernando County,2020-04-03,11.11
Highlands County,2020-04-03,11.78
Hillsborough County,2020-04-03,12.16
Holmes County,2020-04-03,8.0
Indian River County,2020-04-03,12.47
Jackson County,2020-04-03,8.68
Jefferson County,2020-04-03,8.96
Lafayette County,2020-04-03,8.34
Lake County,2020-04-03,10.97
Lee County,2020-04-03,13.97
Leon County,2020-04-03,8.7
Levy County,2020-04-03,8.87
Liberty County,2020-04-03,8.8
Madison County,2020-04-03,8.64
Manatee County,2020-04-03,11.79
Marion County,2020-04-03,9.66
Martin County,2020-04-03,13.91
Miami-Dade County,2020-04-03,16.47
Monroe County,2020-04-03,17.12
Nassau County,2020-04-03,8.97
Okaloosa County,2020-04-03,9.15
Okeechobee County,2020-04-03,12.0
Orange County,2020-04-03,11.72
Osceola County,2020-04-03,11.48
Palm Beach County,2020-04-03,14.64
Pasco County,2020-04-03,11.37
Pinellas County,2020-04-03,13.62
Polk County,2020-04-03,11.46
Putnam County,2020-04-03,10.22
St. Johns County,2020-04-03,11.16
St. Lucie County,2020-04-03,13.0
Santa Rosa County,2020-04-03,9.79
Sarasota County,2020-04-03,11.89
Seminole County,2020-04-03,11.49
Sumter County,2020-04-03,10.37
Suwannee County,2020-04-03,7.96
Taylor County,2020-04-03,9.49
Union County,2020-04-03,7.24
Volusia County,2020-04-03,11.3
Wakulla County,2020-04-03,9.33
Walton County,2020-04-03,8.82
Washington County,2020-04-03,8.51
Alachua County,2020-04-04,9.06
Baker County,2020-04-04,8.04
Bay County,2020-04-04,11.76
Bradford County,2020-04-04,8.78
Brevard County,2020-04-04,13.69
Broward County,2020-04-04,16.32
Calhoun County,2020-04-04,10.16
Charlotte County,2020-04-04,13.7
Citrus County,2020-04-04,11.25
Clay County,2020-04-04,10.14
Collier County,2020-04-04,14.51
Columbia County,2020-04-04,7.73
DeSoto County,2020-04-04,12.5
Dixie County,2020-04-04,9.8
Duval County,2020-04-04,10.36
Escambia County,2020-04-04,12.68
Flagler County,2020-04-04,11.93
Franklin County,2020-04-04,11.73
Gadsden County,2020-04-04,9.77
Gilchrist County,2020-04-04,8.61
Glades County,2020-04-04,13.81
Gulf County,2020-04-04,11.31
Hamilton County,2020-04-04,7.92
Hardee County,2020-04-04,11.88
Hendry County,2020-04-04,14.08
Hernando County,2020-04-04,11.84
Highlands County,2020-04-04,12.92
Hillsborough County,2020-04-04,12.59
Holmes County,2020-04-04,9.84
Indian River County,2020-04-04,13.61
Jackson County,2020-04-04,9.94
Jefferson County,2020-04-04,10.05
Lafayette County,2020-04-04,9.1
Lake County,2020-04-04,11.39
Lee County,2020-04-04,14.75
Leon County,2020-04-04,9.96
Levy County,2020-04-04,10.13
Liberty County,2020-04-04,10.11
Madison County,2020-04-04,9.32
Manatee County,2020-04-04,12.28
Marion County,2020-04-04,10.53
Martin County,2020-04-04,14.72
Miami-Dade County,2020-04-04,17.77
Monroe County,2020-04-04,18.38
Nassau County,2020-04-04,9.64
Okaloosa County,2020-04-04,11.45
Okeechobee County,2020-04-04,13.31
Orange County,2020-04-04,12.15
Osceola County,2020-04-04,12.29
Palm Beach County,2020-04-04,15.4
Pasco County,2020-04-04,11.9
Pinellas County,2020-04-04,13.99
Polk County,2020-04-04,11.94
Putnam County,2020-04-04,11.01
St. Johns County,2020-04-04,11.99
St. Lucie County,2020-04-04,14.0
Santa Rosa County,2020-04-04,12.15
Sarasota County,2020-04-04,12.46
Seminole County,2020-04-04,11.98
Sumter County,2020-04-04,11.0
Suwannee County,2020-04-04,8.45
Taylor County,2020-04-04,10.54
Union County,2020-04-04,7.93
Volusia County,2020-04-04,12.0
Wakulla County,2020-04-04,10.77
Walton County,2020-04-04,10.94
Washington County,2020-04-04,10.27
Alachua County,2020-04-05,11.61
Baker County,2020-04-05,10.85
Bay County,2020-04-05,12.72
Bradford County,2020-04-05,11.38
Brevard County,2020-04-05,16.48
Broward County,2020-04-05,18.28
Calhoun County,2020-04-05,12.17
Charlotte County,2020-04-05,18.04
Citrus County,2020-04-05,13.42
Clay County,2020-04-05,12.86
Collier County,2020-04-05,18.09
Columbia County,2020-04-05,10.55
DeSoto County,2020-04-05,16.67
Dixie County,2020-04-05,12.46
Duval County,2020-04-05,13.32
Escambia County,2020-04-05,14.1
Flagler County,2020-04-05,14.98
Franklin County,2020-04-05,13.22
Gadsden County,2020-04-05,12.75
Gilchrist County,2020-04-05,11.33
Glades County,2020-04-05,17.52
Gulf County,2020-04-05,12.5
Hamilton County,2020-04-05,11.08
Hardee County,2020-04-05,15.56
Hendry County,2020-04-05,17.7
Hernando County,2020-04-05,13.96
Highlands County,2020-04-05,16.53
Hillsborough County,2020-04-05,15.31
Holmes County,2020-04-05,12.16
Indian River County,2020-04-05,16.06
Jackson County,2020-04-05,12.66
Jefferson County,2020-04-05,13.06
Lafayette County,2020-04-05,11.88
Lake County,2020-04-05,13.79
Lee County,2020-04-05,19.12
Leon County,2020-04-05,12.89
Levy County,2020-04-05,12.72
Liberty County,2020-04-05,12.26
Madison County,2020-04-05,12.44
Manatee County,2020-04-05,15.84
Marion County,2020-04-05,12.9
Martin County,2020-04-05,16.64
Miami-Dade County,2020-04-05,18.92
Monroe County,2020-04-05,20.01
Nassau County,2020-04-05,12.73
Okaloosa County,2020-04-05,13.04
Okeechobee County,2020-04-05,16.2
Orange County,2020-04-05,14.92
Osceola County,2020-04-05,15.22
Palm Beach County,2020-04-05,17.49
Pasco County,2020-04-05,14.17
Pinellas County,2020-04-05,16.48
Polk County,2020-04-05,14.89
Putnam County,2020-04-05,13.68
St. Johns County,2020-04-05,15.01
St. Lucie County,2020-04-05,16.1
Santa Rosa County,2020-04-05,13.76
Sarasota County,2020-04-05,16.47
Seminole County,2020-04-05,14.83
Sumter County,2020-04-05,13.08
Suwannee County,2020-04-05,11.34
Taylor County,2020-04-05,13.25
Union County,2020-04-05,10.54
Volusia County,2020-04-05,14.98
Wakulla County,2020-04-05,13.18
Walton County,2020-04-05,12.47
Washington County,2020-04-05,12.04
Alachua County,2020-04-06,13.13
Baker County,2020-04-06,11.43
Bay County,2020-04-06,14.63
Bradford County,2020-04-06,12.78
Brevard County,2020-04-06,18.57
Broward County,2020-04-06,20.11
Calhoun County,2020-04-06,14.17
Charlotte County,2020-04-06,18.09
Citrus County,2020-04-06,14.38
Clay County,2020-04-06,14.35
Collier County,2020-04-06,18.68
Columbia County,2020-04-06,11.16
DeSoto County,2020-04-06,17.24
Dixie County,2020-04-06,12.89
Duval County,2020-04-06,13.86
Escambia County,2020-04-06,15.34
Flagler County,2020-04-06,17.06
Franklin County,2020-04-06,14.77
Gadsden County,2020-04-06,14.06
Gilchrist County,2020-04-06,12.2
Glades County,2020-04-06,18.86
Gulf County,2020-04-06,14.61
Hamilton County,2020-04-06,11.57
Hardee County,2020-04-06,16.54
Hendry County,2020-04-06,18.81
Hernando County,2020-04-06,14.95
Highlands County,2020-04-06,18.01
Hillsborough County,2020-04-06,15.93
Holmes County,2020-04-06,13.28
Indian River County,2020-04-06,18.6
Jackson County,2020-04-06,13.97
Jefferson County,2020-04-06,13.94
Lafayette County,2020-04-06,12.63
Lake County,2020-04-06,16.28
Lee County,2020-04-06,19.06
Leon County,2020-04-06,14.07
Levy County,2020-04-06,13.41
Liberty County,2020-04-06,14.19
Madison County,2020-04-06,13.2
Manatee County,2020-04-06,16.11
Marion County,2020-04-06,14.97
Martin County,2020-04-06,19.47
Miami-Dade County,2020-04-06,20.38
Monroe County,2020-04-06,20.83
Nassau County,2020-04-06,12.71
Okaloosa County,2020-04-06,14.22
Okeechobee County,2020-04-06,18.49
Orange County,2020-04-06,17.57
Osceola County,2020-04-06,17.64
Palm Beach County,2020-04-06,19.95
Pasco County,2020-04-06,15.14
Pinellas County,2020-04-06,16.02
Polk County,2020-04-06,16.65
Putnam County,2020-04-06,15.87
St. Johns County,2020-04-06,16.21
St. Lucie County,2020-04-06,18.81
Santa Rosa County,2020-04-06,14.9
Sarasota County,2020-04-06,16.34
Seminole County,2020-04-06,17.64
Sumter County,2020-04-06,15.01
Suwannee County,2020-04-06,12.03
Taylor County,2020-04-06,13.87
Union County,2020-04-06,11.63
Volusia County,2020-04-06,17.38
Wakulla County,2020-04-06,14.42
Walton County,2020-04-06,13.81
Washington County,2020-04-06,13.78
Alachua County,2020-04-07,13.72
Baker County,2020-04-07,13.05
Bay County,2020-04-07,15.23
Bradford County,2020-04-07,13.67
Brevard County,2020-04-07,17.49
Broward County,2020-04-07,20.82
Calhoun County,2020-04-07,15.07
Charlotte County,2020-04-07,18.1
Citrus County,2020-04-07,15.42
Clay County,2020-04-07,15.08
Collier County,2020-04-07,19.19
Columbia County,2020-04-07,12.49
DeSoto County,2020-04-07,17.16
Dixie County,2020-04-07,13.43
Duval County,2020-04-07,15.23
Escambia County,2020-04-07,14.97
Flagler County,2020-04-07,16.32
Franklin County,2020-04-07,15.15
Gadsden County,2020-04-07,14.98
Gilchrist County,2020-04-07,12.85
Glades County,2020-04-07,18.48
Gulf County,2020-04-07,14.97
Hamilton County,2020-04-07,12.73
Hardee County,2020-04-07,16.61
Hendry County,2020-04-07,18.86
Hernando County,2020-04-07,16.16
Highlands County,2020-04-07,17.58
Hillsborough County,2020-04-07,16.89
Holmes County,2020-04-07,14.5
Indian River County,2020-04-07,17.65
Jackson County,2020-04-07,15.39
Jefferson County,2020-04-07,14.47
Lafayette County,2020-04-07,13.16
Lake County,2020-04-07,16.22
Lee County,2020-04-07,19.12
Leon County,2020-04-07,14.66
Levy County,2020-04-07,14.1
Liberty County,2020-04-07,14.81
Madison County,2020-04-07,13.83
Manatee County,2020-04-07,16.75
Marion County,2020-04-07,15.24
Martin County,2020-04-07,18.86
Miami-Dade County,2020-04-07,21.73
Monroe County,2020-04-07,21.79
Nassau County,2020-04-07,14.58
Okaloosa County,2020-04-07,14.29
Okeechobee County,2020-04-07,17.73
Orange County,2020-04-07,16.79
Osceola County,2020-04-07,16.84
Palm Beach County,2020-04-07,19.85
Pasco County,2020-04-07,16.33
Pinellas County,2020-04-07,17.62
Polk County,2020-04-07,16.71
Putnam County,2020-04-07,15.83
St. Johns County,2020-04-07,16.53
St. Lucie County,2020-04-07,18.02
Santa Rosa County,2020-04-07,14.58
Sarasota County,2020-04-07,16.8
Seminole County,2020-04-07,16.49
Sumter County,2020-04-07,15.78
Suwannee County,2020-04-07,12.88
Taylor County,2020-04-07,14.28
Union County,2020-04-07,12.74
Volusia County,2020-04-07,16.23
Wakulla County,2020-04-07,14.8
Walton County,2020-04-07,14.34
Washington County,2020-04-07,14.8
Alachua County,2020-04-08,15.57
Baker County,2020-04-08,15.77
Bay County,2020-04-08,17.63
Bradford County,2020-04-08,15.64
Brevard County,2020-04-08,18.78
Broward County,2020-04-08,21.01
Calhoun County,2020-04-08,17.63
Charlotte County,2020-04-08,18.66
Citrus County,2020-04-08,16.64
Clay County,2020-04-08,16.65
Collier County,2020-04-08,19.26
Columbia County,2020-04-08,15.54
DeSoto County,2020-04-08,17.79
Dixie County,2020-04-08,16.05
Duval County,2020-04-08,17.05
Escambia County,2020-04-08,16.9
Flagler County,2020-04-08,17.27
Franklin County,2020-04-08,17.89
Gadsden County,2020-04-08,17.81
Gilchrist County,2020-04-08,15.36
Glades County,2020-04-08,19.16
Gulf County,2020-04-08,17.65
Hamilton County,2020-04-08,16.3
Hardee County,2020-04-08,17.22
Hendry County,2020-04-08,19.31
Hernando County,2020-04-08,17.22
Highlands County,2020-04-08,18.28
Hillsborough County,2020-04-08,17.7
Holmes County,2020-04-08,16.84
Indian River County,2020-04-08,18.91
Jackson County,2020-04-08,17.81
Jefferson County,2020-04-08,17.81
Lafayette County,2020-04-08,16.32
Lake County,2020-04-08,16.83
Lee County,2020-04-08,19.54
Leon County,2020-04-08,17.78
Levy County,2020-04-08,15.96
Liberty County,2020-04-08,17.6
Madison County,2020-04-08,17.36
Manatee County,2020-04-08,17.43
Marion County,2020-04-08,16.29
Martin County,2020-04-08,20.0
Miami-Dade County,2020-04-08,21.19
Monroe County,2020-04-08,21.08
Nassau County,2020-04-08,16.99
Okaloosa County,2020-04-08,16.43
Okeechobee County,2020-04-08,18.7
Orange County,2020-04-08,17.51
Osceola County,2020-04-08,17.66
Palm Beach County,2020-04-08,20.62
Pasco County,2020-04-08,17.28
Pinellas County,2020-04-08,18.46
Polk County,2020-04-08,17.32
Putnam County,2020-04-08,16.9
St. Johns County,2020-04-08,17.61
St. Lucie County,2020-04-08,19.24
Santa Rosa County,2020-04-08,16.58
Sarasota County,2020-04-08,17.41
Seminole County,2020-04-08,17.28
Sumter County,2020-04-08,16.61
Suwannee County,2020-04-08,16.19
Taylor County,2020-04-08,17.48
Union County,2020-04-08,15.18
Volusia County,2020-04-08,17.2
Wakulla County,2020-04-08,17.83
Walton County,2020-04-08,16.62
Washington County,2020-04-08,17.15
Alachua County,2020-04-09,18.74
Baker County,2020-04-09,17.98
Bay County,2020-04-09,22.56
Bradford County,2020-04-09,18.42
Brevard County,2020-04-09,20.61
Broward County,2020-04-09,21.05
Calhoun County,2020-04-09,21.26
Charlotte County,2020-04-09,19.43
Citrus County,2020-04-09,19.54
Clay County,2020-04-09,19.31
Collier County,2020-04-09,19.6
Columbia County,2020-04-09,18.01
DeSoto County,2020-04-09,18.84
Dixie County,2020-04-09,19.06
Duval County,2020-04-09,19.14
Escambia County,2020-04-09,23.01
Flagler County,2020-04-09,19.91
Franklin County,2020-04-09,20.77
Gadsden County,2020-04-09,20.03
Gilchrist County,2020-04-09,18.56
Glades County,2020-04-09,20.23
Gulf County,2020-04-09,21.36
Hamilton County,2020-04-09,18.32
Hardee County,2020-04-09,18.47
Hendry County,2020-04-09,19.96
Hernando County,2020-04-09,19.64
Highlands County,2020-04-09,19.66
Hillsborough County,2020-04-09,19.11
Holmes County,2020-04-09,21.92
Indian River County,2020-04-09,20.55
Jackson County,2020-04-09,21.61
Jefferson County,2020-04-09,19.75
Lafayette County,2020-04-09,18.99
Lake County,2020-04-09,19.43
Lee County,2020-04-09,20.16
Leon County,2020-04-09,19.82
Levy County,2020-04-09,19.25
Liberty County,2020-04-09,20.34
Madison County,2020-04-09,19.34
Manatee County,2020-04-09,18.35
Marion County,2020-04-09,19.46
Martin County,2020-04-09,20.97
Miami-Dade County,2020-04-09,20.86
Monroe County,2020-04-09,21.04
Nassau County,2020-04-09,18.66
Okaloosa County,2020-04-09,22.69
Okeechobee County,2020-04-09,20.26
Orange County,2020-04-09,19.62
Osceola County,2020-04-09,19.47
Palm Beach County,2020-04-09,21.14
Pasco County,2020-04-09,19.29
Pinellas County,2020-04-09,19.7
Polk County,2020-04-09,18.95
Putnam County,2020-04-09,19.88
St. Johns County,2020-04-09,20.08
St. Lucie County,2020-04-09,20.57
Santa Rosa County,2020-04-09,22.98
Sarasota County,2020-04-09,18.09
Seminole County,2020-04-09,19.6
Sumter County,2020-04-09,19.37
Suwannee County,2020-04-09,18.68
Taylor County,2020-04-09,19.86
Union County,2020-04-09,17.94
Volusia County,2020-04-09,19.69
Wakulla County,2020-04-09,20.09
Walton County,2020-04-09,22.43
Washington County,2020-04-09,22.3
Alachua County,2020-04-10,20.13
Baker County,2020-04-10,19.12
Bay County,2020-04-10,18.91
Bradford County,2020-04-10,20.15
Brevard County,2020-04-10,21.71
Broward County,2020-04-10,21.69
Calhoun County,2020-04-10,17.69
Charlotte County,2020-04-10,20.82
Citrus County,2020-04-10,21.45
Clay County,2020-04-10,21.4
Collier County,2020-04-10,19.99
Columbia County,2020-04-10,18.26
DeSoto County,2020-04-10,20.68
Dixie County,2020-04-10,18.71
Duval County,2020-04-10,20.93
Escambia County,2020-04-10,17.43
Flagler County,2020-04-10,21.95
Franklin County,2020-04-10,19.36
Gadsden County,2020-04-10,16.64
Gilchrist County,2020-04-10,18.61
Glades County,2020-04-10,21.59
Gulf County,2020-04-10,18.94
Hamilton County,2020-04-10,17.07
Hardee County,2020-04-10,20.76
Hendry County,2020-04-10,20.86
Hernando County,2020-04-10,22.06
Highlands County,2020-04-10,21.51
Hillsborough County,2020-04-10,21.87
Holmes County,2020-04-10,16.4
Indian River County,2020-04-10,21.42
Jackson County,2020-04-10,17.02
Jefferson County,2020-04-10,16.89
Lafayette County,2020-04-10,18.12
Lake County,2020-04-10,21.87
Lee County,2020-04-10,21.12
Leon County,2020-04-10,16.88
Levy County,2020-04-10,19.85
Liberty County,2020-04-10,17.82
Madison County,2020-04-10,16.92
Manatee County,2020-04-10,20.42
Marion County,2020-04-10,21.54
Martin County,2020-04-10,21.67
Miami-Dade County,2020-04-10,21.47
Monroe County,2020-04-10,21.37
Nassau County,2020-04-10,20.07
Okaloosa County,2020-04-10,17.38
Okeechobee County,2020-04-10,21.55
Orange County,2020-04-10,21.54
Osceola County,2020-04-10,21.12
Palm Beach County,2020-04-10,21.87
Pasco County,2020-04-10,21.97
Pinellas County,2020-04-10,22.75
Polk County,2020-04-10,21.36
Putnam County,2020-04-10,22.23
St. Johns County,2020-04-10,22.18
St. Lucie County,2020-04-10,21.3
Santa Rosa County,2020-04-10,17.63
Sarasota County,2020-04-10,19.59
Seminole County,2020-04-10,21.53
Sumter County,2020-04-10,21.77
Suwannee County,2020-04-10,17.87
Taylor County,2020-04-10,18.42
Union County,2020-04-10,19.09
Volusia County,2020-04-10,21.51
Wakulla County,2020-04-10,18.19
Walton County,2020-04-10,17.23
Washington County,2020-04-10,17.34
Alachua County,2020-04-11,10.08
Baker County,2020-04-11,8.66
Bay County,2020-04-11,10.3
Bradford County,2020-04-11,9.71
Brevard County,2020-04-11,16.99
Broward County,2020-04-11,21.57
Calhoun County,2020-04-11,8.52
Charlotte County,2020-04-11,19.59
Citrus County,2020-04-11,14.1
Clay County,2020-04-11,11.08
Collier County,2020-04-11,19.92
Columbia County,2020-04-11,8.04
DeSoto County,2020-04-11,17.99
Dixie County,2020-04-11,10.4
Duval County,2020-04-11,11.19
Escambia County,2020-04-11,9.25
Flagler County,2020-04-11,12.32
Franklin County,2020-04-11,11.14
Gadsden County,2020-04-11,8.19
Gilchrist County,2020-04-11,9.15
Glades County,2020-04-11,19.25
Gulf County,2020-04-11,10.15
Hamilton County,2020-04-11,7.57
Hardee County,2020-04-11,17.12
Hendry County,2020-04-11,19.59
Hernando County,2020-04-11,15.65
Highlands County,2020-04-11,17.95
Hillsborough County,2020-04-11,18.13
Holmes County,2020-04-11,7.76
Indian River County,2020-04-11,18.24
Jackson County,2020-04-11,8.22
Jefferson County,2020-04-11,8.92
Lafayette County,2020-04-11,8.89
Lake County,2020-04-11,13.53
Lee County,2020-04-11,20.69
Leon County,2020-04-11,8.62
Levy County,2020-04-11,11.62
Liberty County,2020-04-11,8.74
Madison County,2020-04-11,8.41
Manatee County,2020-04-11,18.25
Marion County,2020-04-11,12.06
Martin County,2020-04-11,20.26
Miami-Dade County,2020-04-11,22.27
Monroe County,2020-04-11,22.85
Nassau County,2020-04-11,10.13
Okaloosa County,2020-04-11,8.81
Okeechobee County,2020-04-11,18.19
Orange County,2020-04-11,14.57
Osceola County,2020-04-11,15.93
Palm Beach County,2020-04-11,20.95
Pasco County,2020-04-11,16.47
Pinellas County,2020-04-11,20.43
Polk County,2020-04-11,16.31
Putnam County,2020-04-11,11.91
St. Johns County,2020-04-11,12.68
St. Lucie County,2020-04-11,19.23
Santa Rosa County,2020-04-11,9.08
Sarasota County,2020-04-11,18.59
Seminole County,2020-04-11,13.62
Sumter County,2020-04-11,13.78
Suwannee County,2020-04-11,8.23
Taylor County,2020-04-11,10.14
Union County,2020-04-11,8.67
Volusia County,2020-04-11,12.8
Wakulla County,2020-04-11,9.86
Walton County,2020-04-11,8.72
Washington County,2020-04-11,8.35
Alachua County,2020-04-12,11.46
Baker County,2020-04-12,9.14
Bay County,2020-04-12,11.33
Bradford County,2020-04-12,10.51
Brevard County,2020-04-12,19.71
Broward County,2020-04-12,22.08
Calhoun County,2020-04-12,9.81
Charlotte County,2020-04-12,19.85
Citrus County,2020-04-12,14.88
Clay County,2020-04-12,11.64
Collier County,2020-04-12,20.34
Columbia County,2020-04-12,9.35
DeSoto County,2020-04-12,18.65
Dixie County,2020-04-12,12.81
Duval County,2020-04-12,11.36
Escambia County,2020-04-12,9.76
Flagler County,2020-04-12,14.6
Franklin County,2020-04-12,12.54
Gadsden County,2020-04-12,9.94
Gilchrist County,2020-04-12,11.37
Glades County,2020-04-12,20.42
Gulf County,2020-04-12,11.42
Hamilton County,2020-04-12,9.24
Hardee County,2020-04-12,17.76
Hendry County,2020-04-12,20.44
Hernando County,2020-04-12,15.73
Highlands County,2020-04-12,19.43
Hillsborough County,2020-04-12,17.22
Holmes County,2020-04-12,8.64
Indian River County,2020-04-12,20.28
Jackson County,2020-04-12,9.21
Jefferson County,2020-04-12,11.28
Lafayette County,2020-04-12,11.59
Lake County,2020-04-12,15.19
Lee County,2020-04-12,20.96
Leon County,2020-04-12,10.7
Levy County,2020-04-12,13.39
Liberty County,2020-04-12,10.28
Madison County,2020-04-12,10.87
Manatee County,2020-04-12,17.44
Marion County,2020-04-12,13.54
Martin County,2020-04-12,21.57
Miami-Dade County,2020-04-12,22.05
Monroe County,2020-04-12,22.32
Nassau County,2020-04-12,10.19
Okaloosa County,2020-04-12,9.71
Okeechobee County,2020-04-12,19.97
Orange County,2020-04-12,16.84
Osceola County,2020-04-12,18.02
Palm Beach County,2020-04-12,21.81
Pasco County,2020-04-12,15.99
Pinellas County,2020-04-12,18.31
Polk County,2020-04-12,17.27
Putnam County,2020-04-12,13.17
St. Johns County,2020-04-12,13.82
St. Lucie County,2020-04-12,20.91
Santa Rosa County,2020-04-12,9.79
Sarasota County,2020-04-12,17.86
Seminole County,2020-04-12,16.29
Sumter County,2020-04-12,14.79
Suwannee County,2020-04-12,10.49
Taylor County,2020-04-12,12.72
Union County,2020-04-12,9.71
Volusia County,2020-04-12,15.75
Wakulla County,2020-04-12,11.76
Walton County,2020-04-12,9.69
Washington County,2020-04-12,9.39
Alachua County,2020-04-13,18.13
Baker County,2020-04-13,16.4
Bay County,2020-04-13,18.05
Bradford County,2020-04-13,17.38
Brevard County,2020-04-13,23.75
Broward County,2020-04-13,23.64
Calhoun County,2020-04-13,15.73
Charlotte County,2020-04-13,22.72
Citrus County,2020-04-13,20.57
Clay County,2020-04-13,18.6
Collier County,2020-04-13,22.35
Columbia County,2020-04-13,16.51
DeSoto County,2020-04-13,21.38
Dixie County,2020-04-13,19.91
Duval County,2020-04-13,18.55
Escambia County,2020-04-13,17.49
Flagler County,2020-04-13,21.23
Franklin County,2020-04-13,19.09
Gadsden County,2020-04-13,15.55
Gilchrist County,2020-04-13,18.28
Glades County,2020-04-13,22.4
Gulf County,2020-04-13,18.08
Hamilton County,2020-04-13,16.7
Hardee County,2020-04-13,20.72
Hendry County,2020-04-13,22.11
Hernando County,2020-04-13,20.8
Highlands County,2020-04-13,21.82
Hillsborough County,2020-04-13,21.66
Holmes County,2020-04-13,14.11
Indian River County,2020-04-13,23.09
Jackson County,2020-04-13,14.83
Jefferson County,2020-04-13,17.83
Lafayette County,2020-04-13,18.57
Lake County,2020-04-13,20.17
Lee County,2020-04-13,23.53
Leon County,2020-04-13,16.74
Levy County,2020-04-13,20.16
Liberty County,2020-04-13,16.1
Madison County,2020-04-13,17.8
Manatee County,2020-04-13,21.27
Marion County,2020-04-13,19.46
Martin County,2020-04-13,23.32
Miami-Dade County,2020-04-13,24.27
Monroe County,2020-04-13,24.64
Nassau County,2020-04-13,17.65
Okaloosa County,2020-04-13,16.22
Okeechobee County,2020-04-13,22.25
Orange County,2020-04-13,21.57
Osceola County,2020-04-13,21.71
Palm Beach County,2020-04-13,23.25
Pasco County,2020-04-13,20.73
Pinellas County,2020-04-13,23.15
Polk County,2020-04-13,20.85
Putnam County,2020-04-13,19.78
St. Johns County,2020-04-13,20.72
St. Lucie County,2020-04-13,23.07
Santa Rosa County,2020-04-13,17.04
Sarasota County,2020-04-13,21.55
Seminole County,2020-04-13,21.6
Sumter County,2020-04-13,19.54
Suwannee County,2020-04-13,17.6
Taylor County,2020-04-13,19.74
Union County,2020-04-13,16.62
Volusia County,2020-04-13,21.7
Wakulla County,2020-04-13,18.19
Walton County,2020-04-13,15.88
Washington County,2020-04-13,15.35
Alachua County,2020-04-14,22.15
Baker County,2020-04-14,19.45
Bay County,2020-04-14,17.01
Bradford County,2020-04-14,21.18
Brevard County,2020-04-14,22.08
Broward County,2020-04-14,23.28
Calhoun County,2020-04-14,16.59
Charlotte County,2020-04-14,20.99
Citrus County,2020-04-14,24.15
Clay County,2020-04-14,21.7
Collier County,2020-04-14,22.09
Columbia County,2020-04-14,19.53
DeSoto County,2020-04-14,20.22
Dixie County,2020-04-14,21.99
Duval County,2020-04-14,20.49
Escambia County,2020-04-14,12.94
Flagler County,2020-04-14,21.84
Franklin County,2020-04-14,19.51
Gadsden County,2020-04-14,16.92
Gilchrist County,2020-04-14,21.52
Glades County,2020-04-14,21.33
Gulf County,2020-04-14,18.2
Hamilton County,2020-04-14,18.42
Hardee County,2020-04-14,20.37
Hendry County,2020-04-14,21.64
Hernando County,2020-04-14,24.37
Highlands County,2020-04-14,20.81
Hillsborough County,2020-04-14,23.07
Holmes County,2020-04-14,13.89
Indian River County,2020-04-14,21.69
Jackson County,2020-04-14,15.57
Jefferson County,2020-04-14,18.79
Lafayette County,2020-04-14,20.87
Lake County,2020-04-14,23.18
Lee County,2020-04-14,22.09
Leon County,2020-04-14,18.02
Levy County,2020-04-14,23.13
Liberty County,2020-04-14,17.6
Madison County,2020-04-14,19.05
Manatee County,2020-04-14,20.81
Marion County,2020-04-14,23.37
Martin County,2020-04-14,22.23
Miami-Dade County,2020-04-14,23.84
Monroe County,2020-04-14,24.22
Nassau County,2020-04-14,19.42
Okaloosa County,2020-04-14,13.82
Okeechobee County,2020-04-14,21.1
Orange County,2020-04-14,22.66
Osceola County,2020-04-14,21.6
Palm Beach County,2020-04-14,22.65
Pasco County,2020-04-14,23.88
Pinellas County,2020-04-14,24.27
Polk County,2020-04-14,21.88
Putnam County,2020-04-14,22.79
St. Johns County,2020-04-14,21.76
St. Lucie County,2020-04-14,21.77
Santa Rosa County,2020-04-14,13.42
Sarasota County,2020-04-14,19.92
Seminole County,2020-04-14,22.34
Sumter County,2020-04-14,23.7
Suwannee County,2020-04-14,19.97
Taylor County,2020-04-14,20.95
Union County,2020-04-14,20.38
Volusia County,2020-04-14,21.77
Wakulla County,2020-04-14,19.19
Walton County,2020-04-14,14.36
Washington County,2020-04-14,15.16
Alachua County,2020-04-15,20.45
Baker County,2020-04-15,18.23
Bay County,2020-04-15,13.64
Bradford County,2020-04-15,19.86
Brevard County,2020-04-15,23.34
Broward County,2020-04-15,22.96
Calhoun County,2020-04-15,12.99
Charlotte County,2020-04-15,21.49
Citrus County,2020-04-15,22.89
Clay County,2020-04-15,21.05
Collier County,2020-04-15,21.75
Columbia County,2020-04-15,18.2
DeSoto County,2020-04-15,21.07
Dixie County,2020-04-15,19.98
Duval County,2020-04-15,20.19
Escambia County,2020-04-15,10.48
Flagler County,2020-04-15,23.12
Franklin County,2020-04-15,16.06
Gadsden County,2020-04-15,14.28
Gilchrist County,2020-04-15,19.51
Glades County,2020-04-15,22.12
Gulf County,2020-04-15,14.23
Hamilton County,2020-04-15,17.45
Hardee County,2020-04-15,21.29
Hendry County,2020-04-15,21.69
Hernando County,2020-04-15,23.52
Highlands County,2020-04-15,22.06
Hillsborough County,2020-04-15,22.96
Holmes County,2020-04-15,11.15
Indian River County,2020-04-15,22.52
Jackson County,2020-04-15,12.36
Jefferson County,2020-04-15,17.38
Lafayette County,2020-04-15,19.44
Lake County,2020-04-15,23.57
Lee County,2020-04-15,22.41
Leon County,2020-04-15,16.04
Levy County,2020-04-15,21.0
Liberty County,2020-04-15,14.11
Madison County,2020-04-15,17.98
Manatee County,2020-04-15,20.6
Marion County,2020-04-15,22.52
Martin County,2020-04-15,22.53
Miami-Dade County,2020-04-15,23.38
Monroe County,2020-04-15,23.76
Nassau County,2020-04-15,18.82
Okaloosa County,2020-04-15,11.42
Okeechobee County,2020-04-15,22.1
Orange County,2020-04-15,23.69
Osceola County,2020-04-15,22.77
Palm Beach County,2020-04-15,22.68
Pasco County,2020-04-15,23.26
Pinellas County,2020-04-15,23.23
Polk County,2020-04-15,22.79
Putnam County,2020-04-15,22.58
St. Johns County,2020-04-15,22.39
St. Lucie County,2020-04-15,22.29
Santa Rosa County,2020-04-15,11.02
Sarasota County,2020-04-15,19.61
Seminole County,2020-04-15,23.59
Sumter County,2020-04-15,23.28
Suwannee County,2020-04-15,18.82
Taylor County,2020-04-15,19.53
Union County,2020-04-15,18.9
Volusia County,2020-04-15,23.29
Wakulla County,2020-04-15,16.84
Walton County,2020-04-15,11.81
Washington County,2020-04-15,12.16
Alachua County,2020-04-16,14.37
Baker County,2020-04-16,13.11
Bay County,2020-04-16,11.93
Bradford County,2020-04-16,14.07
Brevard County,2020-04-16,20.05
Broward County,2020-04-16,22.43
Calhoun County,2020-04-16,11.16
Charlotte County,2020-04-16,23.11
Citrus County,2020-04-16,17.31
Clay County,2020-04-16,15.33
Collier County,2020-04-16,22.08
Columbia County,2020-04-16,12.64
DeSoto County,2020-04-16,21.81
Dixie County,2020-04-16,14.67
Duval County,2020-04-16,15.25
Escambia County,2020-04-16,9.02
Flagler County,2020-04-16,16.5
Franklin County,2020-04-16,14.1
Gadsden County,2020-04-16,11.47
Gilchrist County,2020-04-16,13.69
Glades County,2020-04-16,22.19
Gulf County,2020-04-16,12.87
Hamilton County,2020-04-16,12.13
Hardee County,2020-04-16,20.81
Hendry County,2020-04-16,21.97
Hernando County,2020-04-16,18.61
Highlands County,2020-04-16,21.37
Hillsborough County,2020-04-16,21.04
Holmes County,2020-04-16,9.01
Indian River County,2020-04-16,20.92
Jackson County,2020-04-16,10.25
Jefferson County,2020-04-16,12.95
Lafayette County,2020-04-16,13.58
Lake County,2020-04-16,17.21
Lee County,2020-04-16,23.83
Leon County,2020-04-16,12.38
Levy County,2020-04-16,15.55
Liberty County,2020-04-16,12.0
Madison County,2020-04-16,12.81
Manatee County,2020-04-16,21.7
Marion County,2020-04-16,15.95
Martin County,2020-04-16,21.76
Miami-Dade County,2020-04-16,22.68
Monroe County,2020-04-16,23.49
Nassau County,2020-04-16,14.35
Okaloosa County,2020-04-16,9.45
Okeechobee County,2020-04-16,21.09
Orange County,2020-04-16,18.36
Osceola County,2020-04-16,19.52
Palm Beach County,2020-04-16,22.15
Pasco County,2020-04-16,19.37
Pinellas County,2020-04-16,22.49
Polk County,2020-04-16,19.79
Putnam County,2020-04-16,16.11
St. Johns County,2020-04-16,16.65
St. Lucie County,2020-04-16,21.23
Santa Rosa County,2020-04-16,9.28
Sarasota County,2020-04-16,22.19
Seminole County,2020-04-16,17.59
Sumter County,2020-04-16,17.12
Suwannee County,2020-04-16,12.93
Taylor County,2020-04-16,14.41
Union County,2020-04-16,13.14
Volusia County,2020-04-16,16.84
Wakulla County,2020-04-16,13.5
Walton County,2020-04-16,9.74
Washington County,2020-04-16,10.03
Alachua County,2020-04-17,12.0
Baker County,2020-04-17,10.44
Bay County,2020-04-17,11.02
Bradford County,2020-04-17,11.64
Brevard County,2020-04-17,17.75
Broward County,2020-04-17,22.35
Calhoun County,2020-04-17,10.5
Charlotte County,2020-04-17,18.72
Citrus County,2020-04-17,14.42
Clay County,2020-04-17,13.08
Collier County,2020-04-17,20.06
Columbia County,2020-04-17,9.96
DeSoto County,2020-04-17,17.73
Dixie County,2020-04-17,11.64
Duval County,2020-04-17,12.79
Escambia County,2020-04-17,9.73
Flagler County,2020-04-17,15.19
Franklin County,2020-04-17,11.46
Gadsden County,2020-04-17,10.45
Gilchrist County,2020-04-17,11.04
Glades County,2020-04-17,19.35
Gulf County,2020-04-17,11.02
Hamilton County,2020-04-17,9.75
Hardee County,2020-04-17,16.93
Hendry County,2020-04-17,19.9
Hernando County,2020-04-17,15.37
Highlands County,2020-04-17,18.16
Hillsborough County,2020-04-17,16.6
Holmes County,2020-04-17,10.03
Indian River County,2020-04-17,18.63
Jackson County,2020-04-17,10.49
Jefferson County,2020-04-17,10.88
Lafayette County,2020-04-17,10.93
Lake County,2020-04-17,15.39
Lee County,2020-04-17,19.78
Leon County,2020-04-17,10.6
Levy County,2020-04-17,12.73
Liberty County,2020-04-17,10.53
Madison County,2020-04-17,10.66
Manatee County,2020-04-17,16.91
Marion County,2020-04-17,14.03
Martin County,2020-04-17,20.38
Miami-Dade County,2020-04-17,22.87
Monroe County,2020-04-17,22.4
Nassau County,2020-04-17,11.64
Okaloosa County,2020-04-17,9.96
Okeechobee County,2020-04-17,18.64
Orange County,2020-04-17,16.38
Osceola County,2020-04-17,16.96
Palm Beach County,2020-04-17,21.42
Pasco County,2020-04-17,15.7
Pinellas County,2020-04-17,16.96
Polk County,2020-04-17,16.65
Putnam County,2020-04-17,14.31
St. Johns County,2020-04-17,14.8
St. Lucie County,2020-04-17,19.37
Santa Rosa County,2020-04-17,9.81
Sarasota County,2020-04-17,17.17
Seminole County,2020-04-17,15.96
Sumter County,2020-04-17,14.9
Suwannee County,2020-04-17,10.38
Taylor County,2020-04-17,11.6
Union County,2020-04-17,10.52
Volusia County,2020-04-17,15.51
Wakulla County,2020-04-17,11.05
Walton County,2020-04-17,10.17
Washington County,2020-04-17,10.31
Alachua County,2020-04-18,13.8
Baker County,2020-04-18,11.15
Bay County,2020-04-18,13.17
Bradford County,2020-04-18,12.89
Brevard County,2020-04-18,21.37
Broward County,2020-04-18,22.53
Calhoun County,2020-04-18,11.77
Charlotte County,2020-04-18,20.0
Citrus County,2020-04-18,16.81
Clay County,2020-04-18,14.33
Collier County,2020-04-18,20.8
Columbia County,2020-04-18,11.08
DeSoto County,2020-04-18,19.51
Dixie County,2020-04-18,14.24
Duval County,2020-04-18,13.78
Escambia County,2020-04-18,13.79
Flagler County,2020-04-18,17.97
Franklin County,2020-04-18,13.64
Gadsden County,2020-04-18,11.56
Gilchrist County,2020-04-18,13.24
Glades County,2020-04-18,21.07
Gulf County,2020-04-18,13.15
Hamilton County,2020-04-18,10.65
Hardee County,2020-04-18,19.09
Hendry County,2020-04-18,20.86
Hernando County,2020-04-18,17.54
Highlands County,2020-04-18,20.59
Hillsborough County,2020-04-18,18.46
Holmes County,2020-04-18,11.62
Indian River County,2020-04-18,21.5
Jackson County,2020-04-18,11.65
Jefferson County,2020-04-18,12.51
Lafayette County,2020-04-18,13.01
Lake County,2020-04-18,18.16
Lee County,2020-04-18,20.84
Leon County,2020-04-18,12.05
Levy County,2020-04-18,15.3
Liberty County,2020-04-18,11.92
Madison County,2020-04-18,12.13
Manatee County,2020-04-18,18.23
Marion County,2020-04-18,16.28
Martin County,2020-04-18,21.83
Miami-Dade County,2020-04-18,23.09
Monroe County,2020-04-18,23.23
Nassau County,2020-04-18,12.2
Okaloosa County,2020-04-18,12.7
Okeechobee County,2020-04-18,21.11
Orange County,2020-04-18,19.84
Osceola County,2020-04-18,20.37
Palm Beach County,2020-04-18,22.08
Pasco County,2020-04-18,17.69
Pinellas County,2020-04-18,18.26
Polk County,2020-04-18,19.4
Putnam County,2020-04-18,16.22
St. Johns County,2020-04-18,16.77
St. Lucie County,2020-04-18,21.48
Santa Rosa County,2020-04-18,13.28
Sarasota County,2020-04-18,18.09
Seminole County,2020-04-18,19.52
Sumter County,2020-04-18,17.29
Suwannee County,2020-04-18,11.93
Taylor County,2020-04-18,13.79
Union County,2020-04-18,11.78
Volusia County,2020-04-18,18.95
Wakulla County,2020-04-18,12.87
Walton County,2020-04-18,12.38
Washington County,2020-04-18,11.91
Alachua County,2020-04-19,19.31
Baker County,2020-04-19,18.55
Bay County,2020-04-19,18.99
Bradford County,2020-04-19,19.18
Brevard County,2020-04-19,20.71
Broward County,2020-04-19,21.05
Calhoun County,2020-04-19,18.4
Charlotte County,2020-04-19,20.77
Citrus County,2020-04-19,19.84
Clay County,2020-04-19,20.29
Collier County,2020-04-19,20.61
Columbia County,2020-04-19,18.3
DeSoto County,2020-04-19,19.98
Dixie County,2020-04-19,19.61
Duval County,2020-04-19,20.24
Escambia County,2020-04-19,18.5
Flagler County,2020-04-19,21.05
Franklin County,2020-04-19,19.66
Gadsden County,2020-04-19,18.31
Gilchrist County,2020-04-19,18.99
Glades County,2020-04-19,20.39
Gulf County,2020-04-19,19.26
Hamilton County,2020-04-19,18.24
Hardee County,2020-04-19,19.57
Hendry County,2020-04-19,20.27
Hernando County,2020-04-19,20.09
Highlands County,2020-04-19,20.01
Hillsborough County,2020-04-19,20.35
Holmes County,2020-04-19,17.75
Indian River County,2020-04-19,19.96
Jackson County,2020-04-19,18.11
Jefferson County,2020-04-19,19.39
Lafayette County,2020-04-19,19.45
Lake County,2020-04-19,20.19
Lee County,2020-04-19,21.42
Leon County,2020-04-19,18.95
Levy County,2020-04-19,19.68
Liberty County,2020-04-19,18.64
Madison County,2020-04-19,19.23
Manatee County,2020-04-19,20.07
Marion County,2020-04-19,19.97
Martin County,2020-04-19,20.03
Miami-Dade County,2020-04-19,21.75
Monroe County,2020-04-19,22.6
Nassau County,2020-04-19,19.54
Okaloosa County,2020-04-19,17.91
Okeechobee County,2020-04-19,19.84
Orange County,2020-04-19,20.64
Osceola County,2020-04-19,20.03
Palm Beach County,2020-04-19,20.51
Pasco County,2020-04-19,20.04
Pinellas County,2020-04-19,21.0
Polk County,2020-04-19,19.89
Putnam County,2020-04-19,20.79
St. Johns County,2020-04-19,21.26
St. Lucie County,2020-04-19,19.69
Santa Rosa County,2020-04-19,18.25
Sarasota County,2020-04-19,20.03
Seminole County,2020-04-19,20.7
Sumter County,2020-04-19,19.65
Suwannee County,2020-04-19,18.92
Taylor County,2020-04-19,20.17
Union County,2020-04-19,18.48
Volusia County,2020-04-19,20.73
Wakulla County,2020-04-19,19.48
Walton County,2020-04-19,17.93
Washington County,2020-04-19,18.28
Alachua County,2020-04-20,19.56
Baker County,2020-04-20,16.95
Bay County,2020-04-20,16.55
Bradford County,2020-04-20,18.85
Brevard County,2020-04-20,21.55
Broward County,2020-04-20,21.61
Calhoun County,2020-04-20,15.56
Charlotte County,2020-04-20,21.25
Citrus County,2020-04-20,21.24
Clay County,2020-04-20,20.0
Collier County,2020-04-20,20.59
Columbia County,2020-04-20,16.77
DeSoto County,2020-04-20,20.76
Dixie County,2020-04-20,19.45
Duval County,2020-04-20,19.37
Escambia County,2020-04-20,16.37
Flagler County,2020-04-20,21.92
Franklin County,2020-04-20,17.39
Gadsden County,2020-04-20,15.47
Gilchrist County,2020-04-20,18.85
Glades County,2020-04-20,21.3
Gulf County,2020-04-20,16.54
Hamilton County,2020-04-20,15.58
Hardee County,2020-04-20,20.65
Hendry County,2020-04-20,20.9
Hernando County,2020-04-20,21.52
Highlands County,2020-04-20,21.22
Hillsborough County,2020-04-20,21.55
Holmes County,2020-04-20,14.99
Indian River County,2020-04-20,20.47
Jackson County,2020-04-20,15.24
Jefferson County,2020-04-20,16.59
Lafayette County,2020-04-20,18.23
Lake County,2020-04-20,21.42
Lee County,2020-04-20,21.7
Leon County,2020-04-20,15.98
Levy County,2020-04-20,20.49
Liberty County,2020-04-20,15.8
Madison County,2020-04-20,16.58
Manatee County,2020-04-20,20.7
Marion County,2020-04-20,21.0
Martin County,2020-04-20,20.38
Miami-Dade County,2020-04-20,22.15
Monroe County,2020-04-20,22.26
Nassau County,2020-04-20,17.89
Okaloosa County,2020-04-20,15.92
Okeechobee County,2020-04-20,20.76
Orange County,2020-04-20,21.73
Osceola County,2020-04-20,21.09
Palm Beach County,2020-04-20,21.03
Pasco County,2020-04-20,21.37
Pinellas County,2020-04-20,22.42
Polk County,2020-04-20,21.21
Putnam County,2020-04-20,21.3
St. Johns County,2020-04-20,21.62
St. Lucie County,2020-04-20,20.07
Santa Rosa County,2020-04-20,16.23
Sarasota County,2020-04-20,20.29
Seminole County,2020-04-20,21.73
Sumter County,2020-04-20,20.97
Suwannee County,2020-04-20,17.24
Taylor County,2020-04-20,18.46
Union County,2020-04-20,17.8
Volusia County,2020-04-20,21.82
Wakulla County,2020-04-20,16.88
Walton County,2020-04-20,15.68
Washington County,2020-04-20,15.42
Alachua County,2020-04-21,16.18
Baker County,2020-04-21,15.01
Bay County,2020-04-21,17.14
Bradford County,2020-04-21,16.01
Brevard County,2020-04-21,17.8
Broward County,2020-04-21,23.23
Calhoun County,2020-04-21,15.95
Charlotte County,2020-04-21,20.71
Citrus County,2020-04-21,17.62
Clay County,2020-04-21,17.4
Collier County,2020-04-21,22.87
Columbia County,2020-04-21,14.57
DeSoto County,2020-04-21,18.75
Dixie County,2020-04-21,16.06
Duval County,2020-04-21,17.61
Escambia County,2020-04-21,13.32
Flagler County,2020-04-21,18.17
Franklin County,2020-04-21,17.33
Gadsden County,2020-04-21,13.99
Gilchrist County,2020-04-21,15.34
Glades County,2020-04-21,20.68
Gulf County,2020-04-21,17.48
Hamilton County,2020-04-21,14.07
Hardee County,2020-04-21,17.43
Hendry County,2020-04-21,21.73
Hernando County,2020-04-21,18.07
Highlands County,2020-04-21,18.76
Hillsborough County,2020-04-21,18.51
Holmes County,2020-04-21,14.16
Indian River County,2020-04-21,18.29
Jackson County,2020-04-21,14.88
Jefferson County,2020-04-21,14.29
Lafayette County,2020-04-21,15.2
Lake County,2020-04-21,17.17
Lee County,2020-04-21,22.63
Leon County,2020-04-21,14.05
Levy County,2020-04-21,16.76
Liberty County,2020-04-21,15.66
Madison County,2020-04-21,14.33
Manatee County,2020-04-21,18.39
Marion County,2020-04-21,17.15
Martin County,2020-04-21,20.35
Miami-Dade County,2020-04-21,24.34
Monroe County,2020-04-21,25.06
Nassau County,2020-04-21,16.64
Okaloosa County,2020-04-21,13.44
Okeechobee County,2020-04-21,18.86
Orange County,2020-04-21,17.3
Osceola County,2020-04-21,17.15
Palm Beach County,2020-04-21,21.86
Pasco County,2020-04-21,18.08
Pinellas County,2020-04-21,20.57
Polk County,2020-04-21,17.08
Putnam County,2020-04-21,17.96
St. Johns County,2020-04-21,18.77
St. Lucie County,2020-04-21,19.13
Santa Rosa County,2020-04-21,13.21
Sarasota County,2020-04-21,19.01
Seminole County,2020-04-21,17.29
Sumter County,2020-04-21,16.97
Suwannee County,2020-04-21,14.77
Taylor County,2020-04-21,15.8
Union County,2020-04-21,15.04
Volusia County,2020-04-21,17.5
Wakulla County,2020-04-21,15.49
Walton County,2020-04-21,14.38
Washington County,2020-04-21,15.61
Alachua County,2020-04-22,14.5
Baker County,2020-04-22,13.2
Bay County,2020-04-22,13.44
Bradford County,2020-04-22,14.3
Brevard County,2020-04-22,16.5
Broward County,2020-04-22,17.54
Calhoun County,2020-04-22,12.72
Charlotte County,2020-04-22,15.74
Citrus County,2020-04-22,16.19
Clay County,2020-04-22,15.68
Collier County,2020-04-22,16.58
Columbia County,2020-04-22,12.64
DeSoto County,2020-04-22,14.4
Dixie County,2020-04-22,14.19
Duval County,2020-04-22,15.42
Escambia County,2020-04-22,12.79
Flagler County,2020-04-22,17.06
Franklin County,2020-04-22,14.21
Gadsden County,2020-04-22,12.68
Gilchrist County,2020-04-22,13.51
Glades County,2020-04-22,15.42
Gulf County,2020-04-22,13.48
Hamilton County,2020-04-22,12.25
Hardee County,2020-04-22,14.19
Hendry County,2020-04-22,15.77
Hernando County,2020-04-22,16.58
Highlands County,2020-04-22,14.63
Hillsborough County,2020-04-22,16.43
Holmes County,2020-04-22,12.01
Indian River County,2020-04-22,15.63
Jackson County,2020-04-22,12.64
Jefferson County,2020-04-22,13.27
Lafayette County,2020-04-22,13.41
Lake County,2020-04-22,16.22
Lee County,2020-04-22,16.92
Leon County,2020-04-22,12.95
Levy County,2020-04-22,15.05
Liberty County,2020-04-22,12.86
Madison County,2020-04-22,13.03
Manatee County,2020-04-22,15.33
Marion County,2020-04-22,15.92
Martin County,2020-04-22,16.63
Miami-Dade County,2020-04-22,18.68
Monroe County,2020-04-22,20.21
Nassau County,2020-04-22,14.34
Okaloosa County,2020-04-22,12.06
Okeechobee County,2020-04-22,15.09
Orange County,2020-04-22,16.2
Osceola County,2020-04-22,15.14
Palm Beach County,2020-04-22,17.03
Pasco County,2020-04-22,16.4
Pinellas County,2020-04-22,18.27
Polk County,2020-04-22,15.08
Putnam County,2020-04-22,16.6
St. Johns County,2020-04-22,17.15
St. Lucie County,2020-04-22,15.93
Santa Rosa County,2020-04-22,12.32
Sarasota County,2020-04-22,15.19
Seminole County,2020-04-22,16.36
Sumter County,2020-04-22,15.87
Suwannee County,2020-04-22,12.91
Taylor County,2020-04-22,14.2
Union County,2020-04-22,13.24
Volusia County,2020-04-22,16.68
Wakulla County,2020-04-22,13.65
Walton County,2020-04-22,12.18
Washington County,2020-04-22,12.38
Alachua County,2020-04-23,14.51
Baker County,2020-04-23,12.81
Bay County,2020-04-23,14.81
Bradford County,2020-04-23,13.87
Brevard County,2020-04-23,17.65
Broward County,2020-04-23,18.17
Calhoun County,2020-04-23,14.25
Charlotte County,2020-04-23,17.25
Citrus County,2020-04-23,16.79
Clay County,2020-04-23,15.02
Collier County,2020-04-23,16.66
Columbia County,2020-04-23,12.81
DeSoto County,2020-04-23,16.57
Dixie County,2020-04-23,15.23
Duval County,2020-04-23,14.75
Escambia County,2020-04-23,15.29
Flagler County,2020-04-23,17.18
Franklin County,2020-04-23,15.49
Gadsden County,2020-04-23,14.21
Gilchrist County,2020-04-23,14.25
Glades County,2020-04-23,17.17
Gulf County,2020-04-23,14.81
Hamilton County,2020-04-23,12.71
Hardee County,2020-04-23,16.36
Hendry County,2020-04-23,16.75
Hernando County,2020-04-23,17.22
Highlands County,2020-04-23,17.01
Hillsborough County,2020-04-23,17.33
Holmes County,2020-04-23,13.55
Indian River County,2020-04-23,17.01
Jackson County,2020-04-23,14.29
Jefferson County,2020-04-23,14.26
Lafayette County,2020-04-23,14.37
Lake County,2020-04-23,16.76
Lee County,2020-04-23,17.8
Leon County,2020-04-23,14.22
Levy County,2020-04-23,15.82
Liberty County,2020-04-23,14.36
Madison County,2020-04-23,13.92
Manatee County,2020-04-23,16.65
Marion County,2020-04-23,16.11
Martin County,2020-04-23,17.6
Miami-Dade County,2020-04-23,19.15
Monroe County,2020-04-23,20.05
Nassau County,2020-04-23,13.79
Okaloosa County,2020-04-23,13.94
Okeechobee County,2020-04-23,16.95
Orange County,2020-04-23,17.01
Osceola County,2020-04-23,16.61
Palm Beach County,2020-04-23,17.95
Pasco County,2020-04-23,17.1
Pinellas County,2020-04-23,18.78
Polk County,2020-04-23,16.65
Putnam County,2020-04-23,16.26
St. Johns County,2020-04-23,16.81
St. Lucie County,2020-04-23,17.07
Santa Rosa County,2020-04-23,14.51
Sarasota County,2020-04-23,16.41
Seminole County,2020-04-23,17.02
Sumter County,2020-04-23,16.48
Suwannee County,2020-04-23,13.6
Taylor County,2020-04-23,15.21
Union County,2020-04-23,13.1
Volusia County,2020-04-23,17.25
Wakulla County,2020-04-23,14.89
Walton County,2020-04-23,13.78
Washington County,2020-04-23,13.86
Alachua County,2020-04-24,17.66
Baker County,2020-04-24,15.95
Bay County,2020-04-24,18.2
Bradford County,2020-04-24,16.86
Brevard County,2020-04-24,21.57
Broward County,2020-04-24,22.03
Calhoun County,2020-04-24,17.3
Charlotte County,2020-04-24,20.64
Citrus County,2020-04-24,19.85
Clay County,2020-04-24,17.62
Collier County,2020-04-24,20.73
Columbia County,2020-04-24,16.28
DeSoto County,2020-04-24,19.65
Dixie County,2020-04-24,18.93
Duval County,2020-04-24,17.26
Escambia County,2020-04-24,16.33
Flagler County,2020-04-24,18.67
Franklin County,2020-04-24,19.34
Gadsden County,2020-04-24,17.14
Gilchrist County,2020-04-24,17.81
Glades County,2020-04-24,20.64
Gulf County,2020-04-24,18.61
Hamilton County,2020-04-24,16.34
Hardee County,2020-04-24,19.14
Hendry County,2020-04-24,20.5
Hernando County,2020-04-24,20.28
Highlands County,2020-04-24,19.99
Hillsborough County,2020-04-24,20.19
Holmes County,2020-04-24,15.53
Indian River County,2020-04-24,21.41
Jackson County,2020-04-24,16.53
Jefferson County,2020-04-24,18.05
Lafayette County,2020-04-24,18.3
Lake County,2020-04-24,19.58
Lee County,2020-04-24,21.47
Leon County,2020-04-24,17.76
Levy County,2020-04-24,19.08
Liberty County,2020-04-24,17.79
Madison County,2020-04-24,17.72
Manatee County,2020-04-24,19.58
Marion County,2020-04-24,18.95
Martin County,2020-04-24,21.72
Miami-Dade County,2020-04-24,23.44
Monroe County,2020-04-24,23.69
Nassau County,2020-04-24,16.69
Okaloosa County,2020-04-24,16.31
Okeechobee County,2020-04-24,20.49
Orange County,2020-04-24,20.23
Osceola County,2020-04-24,20.06
Palm Beach County,2020-04-24,21.62
Pasco County,2020-04-24,20.11
Pinellas County,2020-04-24,21.3
Polk County,2020-04-24,19.54
Putnam County,2020-04-24,18.59
St. Johns County,2020-04-24,18.36
St. Lucie County,2020-04-24,21.49
Santa Rosa County,2020-04-24,16.38
Sarasota County,2020-04-24,19.57
Seminole County,2020-04-24,19.95
Sumter County,2020-04-24,19.58
Suwannee County,2020-04-24,17.39
Taylor County,2020-04-24,19.25
Union County,2020-04-24,16.34
Volusia County,2020-04-24,19.34
Wakulla County,2020-04-24,18.75
Walton County,2020-04-24,16.38
Washington County,2020-04-24,16.56
Alachua County,2020-04-25,18.78
Baker County,2020-04-25,17.98
Bay County,2020-04-25,16.28
Bradford County,2020-04-25,18.73
Brevard County,2020-04-25,19.75
Broward County,2020-04-25,22.53
Calhoun County,2020-04-25,15.64
Charlotte County,2020-04-25,20.15
Citrus County,2020-04-25,19.45
Clay County,2020-04-25,19.86
Collier County,2020-04-25,21.47
Columbia County,2020-04-25,17.44
DeSoto County,2020-04-25,19.52
Dixie County,2020-04-25,18.17
Duval County,2020-04-25,19.72
Escambia County,2020-04-25,15.43
Flagler County,2020-04-25,19.93
Franklin County,2020-04-25,16.79
Gadsden County,2020-04-25,15.16
Gilchrist County,2020-04-25,18.08
Glades County,2020-04-25,20.73
Gulf County,2020-04-25,16.39
Hamilton County,2020-04-25,16.78
Hardee County,2020-04-25,19.19
Hendry County,2020-04-25,21.18
Hernando County,2020-04-25,19.92
Highlands County,2020-04-25,20.0
Hillsborough County,2020-04-25,19.94
Holmes County,2020-04-25,15.06
Indian River County,2020-04-25,19.8
Jackson County,2020-04-25,15.43
Jefferson County,2020-04-25,16.3
Lafayette County,2020-04-25,17.87
Lake County,2020-04-25,19.69
Lee County,2020-04-25,21.0
Leon County,2020-04-25,15.73
Levy County,2020-04-25,18.86
Liberty County,2020-04-25,15.76
Madison County,2020-04-25,16.82
Manatee County,2020-04-25,19.53
Marion County,2020-04-25,19.55
Martin County,2020-04-25,20.18
Miami-Dade County,2020-04-25,23.57
Monroe County,2020-04-25,23.72
Nassau County,2020-04-25,19.02
Okaloosa County,2020-04-25,14.88
Okeechobee County,2020-04-25,20.13
Orange County,2020-04-25,19.87
Osceola County,2020-04-25,19.66
Palm Beach County,2020-04-25,21.38
Pasco County,2020-04-25,19.94
Pinellas County,2020-04-25,20.82
Polk County,2020-04-25,19.57
Putnam County,2020-04-25,20.23
St. Johns County,2020-04-25,20.41
St. Lucie County,2020-04-25,19.67
Santa Rosa County,2020-04-25,15.09
Sarasota County,2020-04-25,19.28
Seminole County,2020-04-25,19.66
Sumter County,2020-04-25,19.48
Suwannee County,2020-04-25,17.56
Taylor County,2020-04-25,17.73
Union County,2020-04-25,17.92
Volusia County,2020-04-25,19.44
Wakulla County,2020-04-25,16.35
Walton County,2020-04-25,15.09
Washington County,2020-04-25,15.76
Alachua County,2020-04-26,18.64
Baker County,2020-04-26,17.98
Bay County,2020-04-26,15.66
Bradford County,2020-04-26,18.65
Brevard County,2020-04-26,21.07
Broward County,2020-04-26,22.53
Calhoun County,2020-04-26,14.8
Charlotte County,2020-04-26,21.68
Citrus County,2020-04-26,19.67
Clay County,2020-04-26,19.87
Collier County,2020-04-26,21.16
Columbia County,2020-04-26,17.42
DeSoto County,2020-04-26,20.84
Dixie County,2020-04-26,18.2
Duval County,2020-04-26,19.95
Escambia County,2020-04-26,15.25
Flagler County,2020-04-26,20.69
Franklin County,2020-04-26,16.24
Gadsden County,2020-04-26,15.07
Gilchrist County,2020-04-26,17.93
Glades County,2020-04-26,21.22
Gulf County,2020-04-26,15.47
Hamilton County,2020-04-26,16.71
Hardee County,2020-04-26,20.34
Hendry County,2020-04-26,20.99
Hernando County,2020-04-26,20.17
Highlands County,2020-04-26,20.86
Hillsborough County,2020-04-26,20.85
Holmes County,2020-04-26,15.03
Indian River County,2020-04-26,20.34
Jackson County,2020-04-26,15.14
Jefferson County,2020-04-26,16.57
Lafayette County,2020-04-26,17.84
Lake County,2020-04-26,19.99
Lee County,2020-04-26,22.29
Leon County,2020-04-26,15.81
Levy County,2020-04-26,18.86
Liberty County,2020-04-26,14.98
Madison County,2020-04-26,16.91
Manatee County,2020-04-26,20.78
Marion County,2020-04-26,19.55
Martin County,2020-04-26,20.47
Miami-Dade County,2020-04-26,22.83
Monroe County,2020-04-26,22.3
Nassau County,2020-04-26,19.25
Okaloosa County,2020-04-26,15.18
Okeechobee County,2020-04-26,20.47
Orange County,2020-04-26,20.54
Osceola County,2020-04-26,20.32
Palm Beach County,2020-04-26,21.36
Pasco County,2020-04-26,20.25
Pinellas County,2020-04-26,21.63
Polk County,2020-04-26,20.31
Putnam County,2020-04-26,20.34
St. Johns County,2020-04-26,21.06
St. Lucie County,2020-04-26,20.09
Santa Rosa County,2020-04-26,15.22
Sarasota County,2020-04-26,20.86
Seminole County,2020-04-26,20.43
Sumter County,2020-04-26,19.64
Suwannee County,2020-04-26,17.51
Taylor County,2020-04-26,17.95
Union County,2020-04-26,17.85
Volusia County,2020-04-26,20.44
Wakulla County,2020-04-26,16.29
Walton County,2020-04-26,15.2
Washington County,2020-04-26,15.16
Alachua County,2020-04-27,12.99
Baker County,2020-04-27,11.98
Bay County,2020-04-27,12.38
Bradford County,2020-04-27,13.13
Brevard County,2020-04-27,15.88
Broward County,2020-04-27,18.83
Calhoun County,2020-04-27,11.62
Charlotte County,2020-04-27,17.09
Citrus County,2020-04-27,15.7
Clay County,2020-04-27,14.93
Collier County,2020-04-27,18.01
Columbia County,2020-04-27,10.78
DeSoto County,2020-04-27,16.0
Dixie County,2020-04-27,12.06
Duval County,2020-04-27,15.2
Escambia County,2020-04-27,11.26
Flagler County,2020-04-27,15.32
Franklin County,2020-04-27,13.83
Gadsden County,2020-04-27,11.56
Gilchrist County,2020-04-27,11.4
Glades County,2020-04-27,16.51
Gulf County,2020-04-27,13.04
Hamilton County,2020-04-27,10.26
Hardee County,2020-04-27,16.01
Hendry County,2020-04-27,17.29
Hernando County,2020-04-27,17.12
Highlands County,2020-04-27,15.74
Hillsborough County,2020-04-27,18.56
Holmes County,2020-04-27,9.55
Indian River County,2020-04-27,15.62
Jackson County,2020-04-27,10.93
Jefferson County,2020-04-27,11.57
Lafayette County,2020-04-27,11.03
Lake County,2020-04-27,15.75
Lee County,2020-04-27,18.01
Leon County,2020-04-27,11.76
Levy County,2020-04-27,13.42
Liberty County,2020-04-27,12.17
Madison County,2020-04-27,10.94
Manatee County,2020-04-27,17.71
Marion County,2020-04-27,14.78
Martin County,2020-04-27,16.56
Miami-Dade County,2020-04-27,19.98
Monroe County,2020-04-27,20.57
Nassau County,2020-04-27,14.1
Okaloosa County,2020-04-27,10.5
Okeechobee County,2020-04-27,15.7
Orange County,2020-04-27,15.95
Osceola County,2020-04-27,15.64
Palm Beach County,2020-04-27,17.72
Pasco County,2020-04-27,17.81
Pinellas County,2020-04-27,20.71
Polk County,2020-04-27,16.45
Putnam County,2020-04-27,15.43
St. Johns County,2020-04-27,16.04
St. Lucie County,2020-04-27,15.76
Santa Rosa County,2020-04-27,11.0
Sarasota County,2020-04-27,17.18
Seminole County,2020-04-27,15.49
Sumter County,2020-04-27,15.75
Suwannee County,2020-04-27,10.61
Taylor County,2020-04-27,12.14
Union County,2020-04-27,11.72
Volusia County,2020-04-27,15.05
Wakulla County,2020-04-27,12.69
Walton County,2020-04-27,10.3
Washington County,2020-04-27,10.5
Alachua County,2020-04-28,10.5
Baker County,2020-04-28,9.68
Bay County,2020-04-28,11.27
Bradford County,2020-04-28,10.38
Brevard County,2020-04-28,14.24
Broward County,2020-04-28,16.15
Calhoun County,2020-04-28,10.16
Charlotte County,2020-04-28,14.64
Citrus County,2020-04-28,12.73
Clay County,2020-04-28,11.55
Collier County,2020-04-28,14.55
Columbia County,2020-04-28,9.12
DeSoto County,2020-04-28,13.31
Dixie County,2020-04-28,10.35
Duval County,2020-04-28,11.51
Escambia County,2020-04-28,10.05
Flagler County,2020-04-28,12.44
Franklin County,2020-04-28,11.48
Gadsden County,2020-04-28,9.91
Gilchrist County,2020-04-28,9.64
Glades County,2020-04-28,13.64
Gulf County,2020-04-28,10.85
Hamilton County,2020-04-28,8.95
Hardee County,2020-04-28,13.17
Hendry County,2020-04-28,13.85
Hernando County,2020-04-28,13.7
Highlands County,2020-04-28,13.17
Hillsborough County,2020-04-28,14.95
Holmes County,2020-04-28,9.61
Indian River County,2020-04-28,13.75
Jackson County,2020-04-28,10.35
Jefferson County,2020-04-28,9.99
Lafayette County,2020-04-28,9.62
Lake County,2020-04-28,12.76
Lee County,2020-04-28,15.61
Leon County,2020-04-28,9.78
Levy County,2020-04-28,11.19
Liberty County,2020-04-28,10.0
Madison County,2020-04-28,9.69
Manatee County,2020-04-28,14.39
Marion County,2020-04-28,11.83
Martin County,2020-04-28,14.79
Miami-Dade County,2020-04-28,17.55
Monroe County,2020-04-28,18.54
Nassau County,2020-04-28,10.79
Okaloosa County,2020-04-28,9.46
Okeechobee County,2020-04-28,13.19
Orange County,2020-04-28,13.28
Osceola County,2020-04-28,13.12
Palm Beach County,2020-04-28,15.31
Pasco County,2020-04-28,14.07
Pinellas County,2020-04-28,17.17
Polk County,2020-04-28,13.51
Putnam County,2020-04-28,12.16
St. Johns County,2020-04-28,12.73
St. Lucie County,2020-04-28,14.06
Santa Rosa County,2020-04-28,9.59
Sarasota County,2020-04-28,14.32
Seminole County,2020-04-28,12.81
Sumter County,2020-04-28,12.58
Suwannee County,2020-04-28,9.3
Taylor County,2020-04-28,10.53
Union County,2020-04-28,9.51
Volusia County,2020-04-28,12.54
Wakulla County,2020-04-28,10.36
Walton County,2020-04-28,9.77
Washington County,2020-04-28,9.93
Alachua County,2020-04-29,10.69
Baker County,2020-04-29,10.01
Bay County,2020-04-29,12.24
Bradford County,2020-04-29,10.35
Brevard County,2020-04-29,16.5
Broward County,2020-04-29,16.95
Calhoun County,2020-04-29,11.87
Charlotte County,2020-04-29,15.78
Citrus County,2020-04-29,13.02
Clay County,2020-04-29,11.48
Collier County,2020-04-29,14.62
Columbia County,2020-04-29,10.08
DeSoto County,2020-04-29,14.62
Dixie County,2020-04-29,11.77
Duval County,2020-04-29,11.91
Escambia County,2020-04-29,11.93
Flagler County,2020-04-29,13.34
Franklin County,2020-04-29,12.74
Gadsden County,2020-04-29,11.76
Gilchrist County,2020-04-29,10.62
Glades County,2020-04-29,14.94
Gulf County,2020-04-29,12.34
Hamilton County,2020-04-29,10.73
Hardee County,2020-04-29,14.17
Hendry County,2020-04-29,14.5
Hernando County,2020-04-29,13.8
Highlands County,2020-04-29,14.5
Hillsborough County,2020-04-29,15.1
Holmes County,2020-04-29,10.86
Indian River County,2020-04-29,16.17
Jackson County,2020-04-29,12.02
Jefferson County,2020-04-29,12.03
Lafayette County,2020-04-29,11.48
Lake County,2020-04-29,13.03
Lee County,2020-04-29,16.41
Leon County,2020-04-29,11.63
Levy County,2020-04-29,11.86
Liberty County,2020-04-29,11.72
Madison County,2020-04-29,11.85
Manatee County,2020-04-29,14.82
Marion County,2020-04-29,11.96
Martin County,2020-04-29,17.27
Miami-Dade County,2020-04-29,17.85
Monroe County,2020-04-29,18.39
Nassau County,2020-04-29,11.45
Okaloosa County,2020-04-29,10.66
Okeechobee County,2020-04-29,14.86
Orange County,2020-04-29,14.06
Osceola County,2020-04-29,14.23
Palm Beach County,2020-04-29,16.94
Pasco County,2020-04-29,14.03
Pinellas County,2020-04-29,16.46
Polk County,2020-04-29,14.13
Putnam County,2020-04-29,12.23
St. Johns County,2020-04-29,13.4
St. Lucie County,2020-04-29,16.68
Santa Rosa County,2020-04-29,11.21
Sarasota County,2020-04-29,14.96
Seminole County,2020-04-29,13.73
Sumter County,2020-04-29,12.74
Suwannee County,2020-04-29,11.06
Taylor County,2020-04-29,12.55
Union County,2020-04-29,9.8
Volusia County,2020-04-29,13.7
Wakulla County,2020-04-29,12.06
Walton County,2020-04-29,10.76
Washington County,2020-04-29,11.25
Alachua County,2020-04-30,15.48
Baker County,2020-04-30,14.25
Bay County,2020-04-30,15.74
Bradford County,2020-04-30,14.94
Brevard County,2020-04-30,18.84
Broward County,2020-04-30,19.33
Calhoun County,2020-04-30,14.96
Charlotte County,2020-04-30,18.34
Citrus County,2020-04-30,17.8
Clay County,2020-04-30,15.92
Collier County,2020-04-30,17.01
Columbia County,2020-04-30,14.1
DeSoto County,2020-04-30,17.6
Dixie County,2020-04-30,16.51
Duval County,2020-04-30,15.88
Escambia County,2020-04-30,13.31
Flagler County,2020-04-30,17.01
Franklin County,2020-04-30,17.32
Gadsden County,2020-04-30,15.38
Gilchrist County,2020-04-30,15.27
Glades County,2020-04-30,18.45
Gulf County,2020-04-30,16.23
Hamilton County,2020-04-30,14.02
Hardee County,2020-04-30,17.15
Hendry County,2020-04-30,17.66
Hernando County,2020-04-30,18.21
Highlands County,2020-04-30,18.12
Hillsborough County,2020-04-30,18.28
Holmes County,2020-04-30,12.77
Indian River County,2020-04-30,18.93
Jackson County,2020-04-30,14.41
Jefferson County,2020-04-30,16.13
Lafayette County,2020-04-30,15.6
Lake County,2020-04-30,16.82
Lee County,2020-04-30,18.67
Leon County,2020-04-30,15.97
Levy County,2020-04-30,16.87
Liberty County,2020-04-30,15.57
Madison County,2020-04-30,15.38
Manatee County,2020-04-30,17.46
Marion County,2020-04-30,16.62
Martin County,2020-04-30,19.54
Miami-Dade County,2020-04-30,19.7
Monroe County,2020-04-30,19.49
Nassau County,2020-04-30,15.43
Okaloosa County,2020-04-30,13.1
Okeechobee County,2020-04-30,18.41
Orange County,2020-04-30,17.13
Osceola County,2020-04-30,17.32
Palm Beach County,2020-04-30,19.33
Pasco County,2020-04-30,18.03
Pinellas County,2020-04-30,19.75
Polk County,2020-04-30,17.22
Putnam County,2020-04-30,16.67
St. Johns County,2020-04-30,17.15
St. Lucie County,2020-04-30,19.21
Santa Rosa County,2020-04-30,13.26
Sarasota County,2020-04-30,17.32
Seminole County,2020-04-30,16.9
Sumter County,2020-04-30,17.09
Suwannee County,2020-04-30,14.78
Taylor County,2020-04-30,16.97
Union County,2020-04-30,14.28
Volusia County,2020-04-30,16.98
Wakulla County,2020-04-30,16.91
Walton County,2020-04-30,13.36
Washington County,2020-04-30,13.82
Alachua County,2020-05-01,12.99
Baker County,2020-05-01,12.46
Bay County,2020-05-01,11.51
Bradford County,2020-05-01,13.43
Brevard County,2020-05-01,13.51
Broward County,2020-05-01,15.95
Calhoun County,2020-05-01,10.34
Charlotte County,2020-05-01,13.04
Citrus County,2020-05-01,14.33
Clay County,2020-05-01,14.91
Collier County,2020-05-01,14.13
Columbia County,2020-05-01,11.29
DeSoto County,2020-05-01,11.5
Dixie County,2020-05-01,11.59
Duval County,2020-05-01,15.66
Escambia County,2020-05-01,10.71
Flagler County,2020-05-01,14.32
Franklin County,2020-05-01,11.89
Gadsden County,2020-05-01,10.4
Gilchrist County,2020-05-01,11.33
Glades County,2020-05-01,12.6
Gulf County,2020-05-01,11.39
Hamilton County,2020-05-01,10.73
Hardee County,2020-05-01,11.69
Hendry County,2020-05-01,13.41
Hernando County,2020-05-01,15.29
Highlands County,2020-05-01,11.37
Hillsborough County,2020-05-01,16.03
Holmes County,2020-05-01,8.96
Indian River County,2020-05-01,12.92
Jackson County,2020-05-01,10.12
Jefferson County,2020-05-01,10.89
Lafayette County,2020-05-01,10.79
Lake County,2020-05-01,13.75
Lee County,2020-05-01,13.74
Leon County,2020-05-01,10.68
Levy County,2020-05-01,12.76
Liberty County,2020-05-01,10.41
Madison County,2020-05-01,10.68
Manatee County,2020-05-01,14.52
Marion County,2020-05-01,13.63
Martin County,2020-05-01,14.73
Miami-Dade County,2020-05-01,17.13
Monroe County,2020-05-01,18.21
Nassau County,2020-05-01,14.47
Okaloosa County,2020-05-01,9.48
Okeechobee County,2020-05-01,12.47
Orange County,2020-05-01,13.3
Osceola County,2020-05-01,12.29
Palm Beach County,2020-05-01,15.24
Pasco County,2020-05-01,15.65
Pinellas County,2020-05-01,19.15
Polk County,2020-05-01,13.0
Putnam County,2020-05-01,14.69
St. Johns County,2020-05-01,15.8
St. Lucie County,2020-05-01,13.52
Santa Rosa County,2020-05-01,10.19
Sarasota County,2020-05-01,14.02
Seminole County,2020-05-01,13.4
Sumter County,2020-05-01,13.85
Suwannee County,2020-05-01,10.89
Taylor County,2020-05-01,11.41
Union County,2020-05-01,12.19
Volusia County,2020-05-01,13.56
Wakulla County,2020-05-01,11.19
Walton County,2020-05-01,9.43
Washington County,2020-05-01,9.68
Alachua County,2020-05-02,11.24
Baker County,2020-05-02,10.29
Bay County,2020-05-02,11.24
Bradford County,2020-05-02,11.07
Brevard County,2020-05-02,13.49
Broward County,2020-05-02,15.26
Calhoun County,2020-05-02,10.01
Charlotte County,2020-05-02,14.04
Citrus County,2020-05-02,12.82
Clay County,2020-05-02,12.18
Collier County,2020-05-02,13.93
Columbia County,2020-05-02,9.93
DeSoto County,2020-05-02,12.65
Dixie County,2020-05-02,11.43
Duval County,2020-05-02,12.45
Escambia County,2020-05-02,10.56
Flagler County,2020-05-02,12.68
Franklin County,2020-05-02,11.31
Gadsden County,2020-05-02,10.08
Gilchrist County,2020-05-02,10.73
Glades County,2020-05-02,13.59
Gulf County,2020-05-02,10.89
Hamilton County,2020-05-02,9.78
Hardee County,2020-05-02,12.28
Hendry County,2020-05-02,13.77
Hernando County,2020-05-02,13.49
Highlands County,2020-05-02,12.59
Hillsborough County,2020-05-02,14.3
Holmes County,2020-05-02,9.79
Indian River County,2020-05-02,13.1
Jackson County,2020-05-02,10.08
Jefferson County,2020-05-02,10.73
Lafayette County,2020-05-02,10.65
Lake County,2020-05-02,12.7
Lee County,2020-05-02,14.64
Leon County,2020-05-02,10.48
Levy County,2020-05-02,11.97
Liberty County,2020-05-02,10.01
Madison County,2020-05-02,10.39
Manatee County,2020-05-02,13.77
Marion County,2020-05-02,12.07
Martin County,2020-05-02,14.5
Miami-Dade County,2020-05-02,16.09
Monroe County,2020-05-02,17.12
Nassau County,2020-05-02,11.66
Okaloosa County,2020-05-02,9.91
Okeechobee County,2020-05-02,12.94
Orange County,2020-05-02,12.93
Osceola County,2020-05-02,12.5
Palm Beach County,2020-05-02,14.76
Pasco County,2020-05-02,13.7
Pinellas County,2020-05-02,16.24
Polk County,2020-05-02,12.87
Putnam County,2020-05-02,12.58
St. Johns County,2020-05-02,13.21
St. Lucie County,2020-05-02,13.54
Santa Rosa County,2020-05-02,10.18
Sarasota County,2020-05-02,13.88
Seminole County,2020-05-02,12.89
Sumter County,2020-05-02,12.48
Suwannee County,2020-05-02,10.3
Taylor County,2020-05-02,11.37
Union County,2020-05-02,10.27
Volusia County,2020-05-02,12.59
Wakulla County,2020-05-02,10.93
Walton County,2020-05-02,10.08
Washington County,2020-05-02,9.99
Alachua County,2020-05-03,12.39
Baker County,2020-05-03,11.57
Bay County,2020-05-03,12.02
Bradford County,2020-05-03,12.23
Brevard County,2020-05-03,14.88
Broward County,2020-05-03,16.39
Calhoun County,2020-05-03,10.8
Charlotte County,2020-05-03,14.72
Citrus County,2020-05-03,13.45
Clay County,2020-05-03,13.27
Collier County,2020-05-03,14.36
Columbia County,2020-05-03,11.41
DeSoto County,2020-05-03,13.58
Dixie County,2020-05-03,12.88
Duval County,2020-05-03,13.69
Escambia County,2020-05-03,12.08
Flagler County,2020-05-03,14.05
Franklin County,2020-05-03,12.04
Gadsden County,2020-05-03,11.39
Gilchrist County,2020-05-03,12.15
Glades County,2020-05-03,14.52
Gulf County,2020-05-03,11.38
Hamilton County,2020-05-03,11.54
Hardee County,2020-05-03,13.23
Hendry County,2020-05-03,14.38
Hernando County,2020-05-03,13.81
Highlands County,2020-05-03,13.78
Hillsborough County,2020-05-03,14.46
Holmes County,2020-05-03,10.93
Indian River County,2020-05-03,14.48
Jackson County,2020-05-03,11.19
Jefferson County,2020-05-03,12.34
Lafayette County,2020-05-03,12.35
Lake County,2020-05-03,13.57
Lee County,2020-05-03,15.23
Leon County,2020-05-03,11.86
Levy County,2020-05-03,13.08
Liberty County,2020-05-03,10.78
Madison County,2020-05-03,12.2
Manatee County,2020-05-03,13.85
Marion County,2020-05-03,12.96
Martin County,2020-05-03,15.93
Miami-Dade County,2020-05-03,17.71
Monroe County,2020-05-03,18.38
Nassau County,2020-05-03,12.91
Okaloosa County,2020-05-03,11.11
Okeechobee County,2020-05-03,14.14
Orange County,2020-05-03,14.03
Osceola County,2020-05-03,13.72
Palm Beach County,2020-05-03,15.91
Pasco County,2020-05-03,13.82
Pinellas County,2020-05-03,15.91
Polk County,2020-05-03,13.85
Putnam County,2020-05-03,13.6
St. Johns County,2020-05-03,14.62
St. Lucie County,2020-05-03,15.0
Santa Rosa County,2020-05-03,11.58
Sarasota County,2020-05-03,13.91
Seminole County,2020-05-03,14.0
Sumter County,2020-05-03,13.09
Suwannee County,2020-05-03,12.06
Taylor County,2020-05-03,13.01
Union County,2020-05-03,11.56
Volusia County,2020-05-03,13.9
Wakulla County,2020-05-03,12.11
Walton County,2020-05-03,11.14
Washington County,2020-05-03,10.9
Alachua County,2020-05-04,13.41
Baker County,2020-05-04,12.63
Bay County,2020-05-04,13.51
Bradford County,2020-05-04,13.3
Brevard County,2020-05-04,16.29
Broward County,2020-05-04,16.26
Calhoun County,2020-05-04,12.76
Charlotte County,2020-05-04,17.0
Citrus County,2020-05-04,14.72
Clay County,2020-05-04,14.63
Collier County,2020-05-04,15.29
Columbia County,2020-05-04,12.37
DeSoto County,2020-05-04,15.78
Dixie County,2020-05-04,13.35
Duval County,2020-05-04,15.25
Escambia County,2020-05-04,14.13
Flagler County,2020-05-04,15.82
Franklin County,2020-05-04,13.43
Gadsden County,2020-05-04,13.3
Gilchrist County,2020-05-04,12.76
Glades County,2020-05-04,15.77
Gulf County,2020-05-04,12.92
Hamilton County,2020-05-04,12.72
Hardee County,2020-05-04,15.51
Hendry County,2020-05-04,15.32
Hernando County,2020-05-04,15.48
Highlands County,2020-05-04,15.28
Hillsborough County,2020-05-04,16.98
Holmes County,2020-05-04,12.43
Indian River County,2020-05-04,15.4
Jackson County,2020-05-04,13.39
Jefferson County,2020-05-04,13.55
Lafayette County,2020-05-04,12.9
Lake County,2020-05-04,15.21
Lee County,2020-05-04,17.24
Leon County,2020-05-04,13.33
Levy County,2020-05-04,13.82
Liberty County,2020-05-04,12.56
Madison County,2020-05-04,13.26
Manatee County,2020-05-04,16.72
Marion County,2020-05-04,14.31
Martin County,2020-05-04,16.31
Miami-Dade County,2020-05-04,17.59
Monroe County,2020-05-04,18.73
Nassau County,2020-05-04,14.59
Okaloosa County,2020-05-04,12.69
Okeechobee County,2020-05-04,15.02
Orange County,2020-05-04,15.53
Osceola County,2020-05-04,15.03
Palm Beach County,2020-05-04,16.0
Pasco County,2020-05-04,15.87
Pinellas County,2020-05-04,18.67
Polk County,2020-05-04,15.78
Putnam County,2020-05-04,15.19
St. Johns County,2020-05-04,16.33
St. Lucie County,2020-05-04,15.65
Santa Rosa County,2020-05-04,13.45
Sarasota County,2020-05-04,16.86
Seminole County,2020-05-04,15.59
Sumter County,2020-05-04,14.64
Suwannee County,2020-05-04,12.84
Taylor County,2020-05-04,13.7
Union County,2020-05-04,12.48
Volusia County,2020-05-04,15.62
Wakulla County,2020-05-04,13.39
Walton County,2020-05-04,12.49
Washington County,2020-05-04,12.49
Alachua County,2020-05-05,15.56
Baker County,2020-05-05,15.56
Bay County,2020-05-05,16.19
Bradford County,2020-05-05,15.77
Brevard County,2020-05-05,17.72
Broward County,2020-05-05,17.77
Calhoun County,2020-05-05,16.19
Charlotte County,2020-05-05,17.34
Citrus County,2020-05-05,16.16
Clay County,2020-05-05,16.91
Collier County,2020-05-05,16.5
Columbia County,2020-05-05,15.24
DeSoto County,2020-05-05,16.16
Dixie County,2020-05-05,14.95
Duval County,2020-05-05,17.2
Escambia County,2020-05-05,15.65
Flagler County,2020-05-05,17.6
Franklin County,2020-05-05,15.75
Gadsden County,2020-05-05,16.39
Gilchrist County,2020-05-05,14.81
Glades County,2020-05-05,16.93
Gulf County,2020-05-05,15.7
Hamilton County,2020-05-05,15.77
Hardee County,2020-05-05,16.06
Hendry County,2020-05-05,16.91
Hernando County,2020-05-05,16.93
Highlands County,2020-05-05,16.1
Hillsborough County,2020-05-05,17.77
Holmes County,2020-05-05,15.02
Indian River County,2020-05-05,16.96
Jackson County,2020-05-05,16.77
Jefferson County,2020-05-05,16.1
Lafayette County,2020-05-05,15.24
Lake County,2020-05-05,17.18
Lee County,2020-05-05,17.89
Leon County,2020-05-05,16.02
Levy County,2020-05-05,15.24
Liberty County,2020-05-05,15.74
Madison County,2020-05-05,16.05
Manatee County,2020-05-05,17.2
Marion County,2020-05-05,16.34
Martin County,2020-05-05,18.07
Miami-Dade County,2020-05-05,18.43
Monroe County,2020-05-05,19.23
Nassau County,2020-05-05,16.79
Okaloosa County,2020-05-05,14.29
Okeechobee County,2020-05-05,16.49
Orange County,2020-05-05,17.17
Osceola County,2020-05-05,16.35
Palm Beach County,2020-05-05,17.92
Pasco County,2020-05-05,17.22
Pinellas County,2020-05-05,19.54
Polk County,2020-05-05,16.79
Putnam County,2020-05-05,17.37
St. Johns County,2020-05-05,17.97
St. Lucie County,2020-05-05,17.29
Santa Rosa County,2020-05-05,14.88
Sarasota County,2020-05-05,17.14
Seminole County,2020-05-05,17.44
Sumter County,2020-05-05,16.51
Suwannee County,2020-05-05,15.57
Taylor County,2020-05-05,15.73
Union County,2020-05-05,15.12
Volusia County,2020-05-05,17.42
Wakulla County,2020-05-05,15.64
Walton County,2020-05-05,14.51
Washington County,2020-05-05,15.61
Alachua County,2020-05-06,17.33
Baker County,2020-05-06,17.81
Bay County,2020-05-06,19.8
Bradford County,2020-05-06,17.62
Brevard County,2020-05-06,18.8
Broward County,2020-05-06,19.32
Calhoun County,2020-05-06,19.0
Charlotte County,2020-05-06,18.27
Citrus County,2020-05-06,17.33
Clay County,2020-05-06,18.49
Collier County,2020-05-06,17.39
Columbia County,2020-05-06,17.81
DeSoto County,2020-05-06,16.98
Dixie County,2020-05-06,18.07
Duval County,2020-05-06,19.02
Escambia County,2020-05-06,18.19
Flagler County,2020-05-06,18.38
Franklin County,2020-05-06,19.83
Gadsden County,2020-05-06,18.88
Gilchrist County,2020-05-06,17.49
Glades County,2020-05-06,18.08
Gulf County,2020-05-06,19.53
Hamilton County,2020-05-06,18.18
Hardee County,2020-05-06,16.8
Hendry County,2020-05-06,18.24
Hernando County,2020-05-06,17.89
Highlands County,2020-05-06,16.95
Hillsborough County,2020-05-06,18.46
Holmes County,2020-05-06,18.16
Indian River County,2020-05-06,18.13
Jackson County,2020-05-06,18.75
Jefferson County,2020-05-06,19.04
Lafayette County,2020-05-06,18.52
Lake County,2020-05-06,17.68
Lee County,2020-05-06,18.92
Leon County,2020-05-06,19.25
Levy County,2020-05-06,17.28
Liberty County,2020-05-06,19.04
Madison County,2020-05-06,18.7
Manatee County,2020-05-06,17.88
Marion County,2020-05-06,17.24
Martin County,2020-05-06,19.77
Miami-Dade County,2020-05-06,19.24
Monroe County,2020-05-06,19.66
Nassau County,2020-05-06,18.78
Okaloosa County,2020-05-06,18.42
Okeechobee County,2020-05-06,17.72
Orange County,2020-05-06,17.91
Osceola County,2020-05-06,17.31
Palm Beach County,2020-05-06,19.84
Pasco County,2020-05-06,18.09
Pinellas County,2020-05-06,20.32
Polk County,2020-05-06,17.56
Putnam County,2020-05-06,18.32
St. Johns County,2020-05-06,19.14
St. Lucie County,2020-05-06,18.69
Santa Rosa County,2020-05-06,18.31
Sarasota County,2020-05-06,17.87
Seminole County,2020-05-06,18.11
Sumter County,2020-05-06,17.24
Suwannee County,2020-05-06,18.5
Taylor County,2020-05-06,19.34
Union County,2020-05-06,17.41
Volusia County,2020-05-06,18.13
Wakulla County,2020-05-06,19.63
Walton County,2020-05-06,18.56
Washington County,2020-05-06,18.7
Alachua County,2020-05-07,14.35
Baker County,2020-05-07,14.01
Bay County,2020-05-07,11.48
Bradford County,2020-05-07,14.88
Brevard County,2020-05-07,17.01
Broward County,2020-05-07,18.92
Calhoun County,2020-05-07,10.09
Charlotte County,2020-05-07,17.39
Citrus County,2020-05-07,16.17
Clay County,2020-05-07,16.62
Collier County,2020-05-07,17.28
Columbia County,2020-05-07,12.4
DeSoto County,2020-05-07,15.98
Dixie County,2020-05-07,12.98
Duval County,2020-05-07,17.23
Escambia County,2020-05-07,11.39
Flagler County,2020-05-07,15.8
Franklin County,2020-05-07,12.62
Gadsden County,2020-05-07,10.07
Gilchrist County,2020-05-07,12.73
Glades County,2020-05-07,16.65
Gulf County,2020-05-07,11.9
Hamilton County,2020-05-07,11.15
Hardee County,2020-05-07,15.85
Hendry County,2020-05-07,17.27
Hernando County,2020-05-07,17.43
Highlands County,2020-05-07,15.56
Hillsborough County,2020-05-07,18.78
Holmes County,2020-05-07,8.55
Indian River County,2020-05-07,16.73
Jackson County,2020-05-07,9.21
Jefferson County,2020-05-07,10.93
Lafayette County,2020-05-07,11.71
Lake County,2020-05-07,15.97
Lee County,2020-05-07,17.99
Leon County,2020-05-07,10.75
Levy County,2020-05-07,14.43
Liberty County,2020-05-07,10.69
Madison County,2020-05-07,10.78
Manatee County,2020-05-07,17.96
Marion County,2020-05-07,15.29
Martin County,2020-05-07,17.77
Miami-Dade County,2020-05-07,19.71
Monroe County,2020-05-07,20.42
Nassau County,2020-05-07,15.99
Okaloosa County,2020-05-07,10.38
Okeechobee County,2020-05-07,16.12
Orange County,2020-05-07,16.21
Osceola County,2020-05-07,15.91
Palm Beach County,2020-05-07,18.26
Pasco County,2020-05-07,18.09
Pinellas County,2020-05-07,21.8
Polk County,2020-05-07,16.51
Putnam County,2020-05-07,16.37
St. Johns County,2020-05-07,17.19
St. Lucie County,2020-05-07,17.05
Santa Rosa County,2020-05-07,11.12
Sarasota County,2020-05-07,17.79
Seminole County,2020-05-07,15.98
Sumter County,2020-05-07,15.88
Suwannee County,2020-05-07,11.58
Taylor County,2020-05-07,12.03
Union County,2020-05-07,13.51
Volusia County,2020-05-07,15.49
Wakulla County,2020-05-07,11.62
Walton County,2020-05-07,9.82
Washington County,2020-05-07,9.33
Alachua County,2020-05-08,9.18
Baker County,2020-05-08,9.01
Bay County,2020-05-08,10.91
Bradford County,2020-05-08,9.44
Brevard County,2020-05-08,12.85
Broward County,2020-05-08,15.43
Calhoun County,2020-05-08,8.94
Charlotte County,2020-05-08,13.16
Citrus County,2020-05-08,10.91
Clay County,2020-05-08,10.4
Collier County,2020-05-08,13.41
Columbia County,2020-05-08,8.48
DeSoto County,2020-05-08,11.01
Dixie County,2020-05-08,9.36
Duval County,2020-05-08,11.15
Escambia County,2020-05-08,10.36
Flagler County,2020-05-08,10.04
Franklin County,2020-05-08,10.38
Gadsden County,2020-05-08,8.57
Gilchrist County,2020-05-08,8.47
Glades County,2020-05-08,12.18
Gulf County,2020-05-08,10.16
Hamilton County,2020-05-08,8.37
Hardee County,2020-05-08,10.57
Hendry County,2020-05-08,12.54
Hernando County,2020-05-08,11.95
Highlands County,2020-05-08,11.0
Hillsborough County,2020-05-08,13.83
Holmes County,2020-05-08,8.45
Indian River County,2020-05-08,13.72
Jackson County,2020-05-08,8.88
Jefferson County,2020-05-08,9.1
Lafayette County,2020-05-08,8.66
Lake County,2020-05-08,9.78
Lee County,2020-05-08,14.12
Leon County,2020-05-08,8.78
Levy County,2020-05-08,9.71
Liberty County,2020-05-08,8.54
Madison County,2020-05-08,8.74
Manatee County,2020-05-08,13.1
Marion County,2020-05-08,9.35
Martin County,2020-05-08,15.5
Miami-Dade County,2020-05-08,17.24
Monroe County,2020-05-08,18.67
Nassau County,2020-05-08,10.45
Okaloosa County,2020-05-08,9.22
Okeechobee County,2020-05-08,12.38
Orange County,2020-05-08,10.35
Osceola County,2020-05-08,10.88
Palm Beach County,2020-05-08,14.84
Pasco County,2020-05-08,12.51
Pinellas County,2020-05-08,17.3
Polk County,2020-05-08,11.04
Putnam County,2020-05-08,10.09
St. Johns County,2020-05-08,11.41
St. Lucie County,2020-05-08,14.79
Santa Rosa County,2020-05-08,9.81
Sarasota County,2020-05-08,13.37
Seminole County,2020-05-08,9.93
Sumter County,2020-05-08,9.87
Suwannee County,2020-05-08,8.62
Taylor County,2020-05-08,9.66
Union County,2020-05-08,8.74
Volusia County,2020-05-08,9.75
Wakulla County,2020-05-08,9.38
Walton County,2020-05-08,9.26
Washington County,2020-05-08,9.03
Alachua County,2020-05-09,10.65
Baker County,2020-05-09,8.94
Bay County,2020-05-09,13.33
Bradford County,2020-05-09,9.69
Brevard County,2020-05-09,14.67
Broward County,2020-05-09,15.75
Calhoun County,2020-05-09,11.19
Charlotte County,2020-05-09,14.25
Citrus County,2020-05-09,12.89
Clay County,2020-05-09,10.33
Collier County,2020-05-09,13.39
Columbia County,2020-05-09,9.1
DeSoto County,2020-05-09,12.97
Dixie County,2020-05-09,12.18
Duval County,2020-05-09,10.03
Escambia County,2020-05-09,11.92
Flagler County,2020-05-09,11.81
Franklin County,2020-05-09,13.17
Gadsden County,2020-05-09,10.08
Gilchrist County,2020-05-09,11.02
Glades County,2020-05-09,13.9
Gulf County,2020-05-09,13.44
Hamilton County,2020-05-09,8.84
Hardee County,2020-05-09,12.26
Hendry County,2020-05-09,13.73
Hernando County,2020-05-09,13.05
Highlands County,2020-05-09,13.0
Hillsborough County,2020-05-09,13.25
Holmes County,2020-05-09,10.18
Indian River County,2020-05-09,14.63
Jackson County,2020-05-09,10.42
Jefferson County,2020-05-09,10.32
Lafayette County,2020-05-09,10.56
Lake County,2020-05-09,11.78
Lee County,2020-05-09,14.71
Leon County,2020-05-09,10.27
Levy County,2020-05-09,12.72
Liberty County,2020-05-09,11.12
Madison County,2020-05-09,9.73
Manatee County,2020-05-09,13.02
Marion County,2020-05-09,11.48
Martin County,2020-05-09,16.23
Miami-Dade County,2020-05-09,16.57
Monroe County,2020-05-09,17.19
Nassau County,2020-05-09,9.37
Okaloosa County,2020-05-09,11.28
Okeechobee County,2020-05-09,13.72
Orange County,2020-05-09,12.25
Osceola County,2020-05-09,12.44
Palm Beach County,2020-05-09,15.76
Pasco County,2020-05-09,12.88
Pinellas County,2020-05-09,15.39
Polk County,2020-05-09,12.29
Putnam County,2020-05-09,11.21
St. Johns County,2020-05-09,11.45
St. Lucie County,2020-05-09,15.37
Santa Rosa County,2020-05-09,11.75
Sarasota County,2020-05-09,13.48
Seminole County,2020-05-09,12.29
Sumter County,2020-05-09,11.85
Suwannee County,2020-05-09,9.71
Taylor County,2020-05-09,11.35
Union County,2020-05-09,9.22
Volusia County,2020-05-09,12.32
Wakulla County,2020-05-09,11.26
Walton County,2020-05-09,11.24
Washington County,2020-05-09,10.98
Alachua County,2020-05-10,15.25
Baker County,2020-05-10,13.1
Bay County,2020-05-10,14.48
Bradford County,2020-05-10,14.58
Brevard County,2020-05-10,19.12
Broward County,2020-05-10,18.76
Calhoun County,2020-05-10,13.36
Charlotte County,2020-05-10,18.71
Citrus County,2020-05-10,17.8
Clay County,2020-05-10,15.9
Collier County,2020-05-10,17.19
Columbia County,2020-05-10,12.93
DeSoto County,2020-05-10,17.92
Dixie County,2020-05-10,15.85
Duval County,2020-05-10,15.53
Escambia County,2020-05-10,12.41
Flagler County,2020-05-10,17.84
Franklin County,2020-05-10,15.73
Gadsden County,2020-05-10,13.34
Gilchrist County,2020-05-10,14.75
Glades County,2020-05-10,18.32
Gulf County,2020-05-10,14.97
Hamilton County,2020-05-10,12.77
Hardee County,2020-05-10,17.89
Hendry County,2020-05-10,17.89
Hernando County,2020-05-10,18.7
Highlands County,2020-05-10,18.0
Hillsborough County,2020-05-10,19.65
Holmes County,2020-05-10,11.73
Indian River County,2020-05-10,18.33
Jackson County,2020-05-10,12.48
Jefferson County,2020-05-10,14.38
Lafayette County,2020-05-10,14.68
Lake County,2020-05-10,18.29
Lee County,2020-05-10,18.7
Leon County,2020-05-10,14.21
Levy County,2020-05-10,16.5
Liberty County,2020-05-10,13.99
Madison County,2020-05-10,13.9
Manatee County,2020-05-10,18.96
Marion County,2020-05-10,16.97
Martin County,2020-05-10,18.92
Miami-Dade County,2020-05-10,19.1
Monroe County,2020-05-10,19.43
Nassau County,2020-05-10,14.22
Okaloosa County,2020-05-10,12.21
Okeechobee County,2020-05-10,18.16
Orange County,2020-05-10,18.88
Osceola County,2020-05-10,18.43
Palm Beach County,2020-05-10,18.77
Pasco County,2020-05-10,19.07
Pinellas County,2020-05-10,21.42
Polk County,2020-05-10,18.69
Putnam County,2020-05-10,17.19
St. Johns County,2020-05-10,17.4
St. Lucie County,2020-05-10,18.33
Santa Rosa County,2020-05-10,12.25
Sarasota County,2020-05-10,18.75
Seminole County,2020-05-10,18.83
Sumter County,2020-05-10,17.79
Suwannee County,2020-05-10,13.79
Taylor County,2020-05-10,15.58
Union County,2020-05-10,13.52
Volusia County,2020-05-10,18.26
Wakulla County,2020-05-10,15.18
Walton County,2020-05-10,12.46
Washington County,2020-05-10,12.61
Alachua County,2020-05-11,14.72
Baker County,2020-05-11,12.42
Bay County,2020-05-11,12.76
Bradford County,2020-05-11,14.11
Brevard County,2020-05-11,18.83
Broward County,2020-05-11,19.68
Calhoun County,2020-05-11,10.77
Charlotte County,2020-05-11,19.01
Citrus County,2020-05-11,16.9
Clay County,2020-05-11,15.39
Collier County,2020-05-11,18.08
Columbia County,2020-05-11,12.13
DeSoto County,2020-05-11,18.01
Dixie County,2020-05-11,14.42
Duval County,2020-05-11,15.04
Escambia County,2020-05-11,11.7
Flagler County,2020-05-11,17.04
Franklin County,2020-05-11,12.99
Gadsden County,2020-05-11,10.62
Gilchrist County,2020-05-11,13.84
Glades County,2020-05-11,18.98
Gulf County,2020-05-11,12.39
Hamilton County,2020-05-11,11.42
Hardee County,2020-05-11,17.62
Hendry County,2020-05-11,18.74
Hernando County,2020-05-11,17.7
Highlands County,2020-05-11,18.15
Hillsborough County,2020-05-11,18.78
Holmes County,2020-05-11,10.29
Indian River County,2020-05-11,18.68
Jackson County,2020-05-11,10.39
Jefferson County,2020-05-11,12.13
Lafayette County,2020-05-11,13.15
Lake County,2020-05-11,17.47
Lee County,2020-05-11,19.23
Leon County,2020-05-11,11.56
Levy County,2020-05-11,15.56
Liberty County,2020-05-11,10.92
Madison County,2020-05-11,12.01
Manatee County,2020-05-11,18.46
Marion County,2020-05-11,16.32
Martin County,2020-05-11,19.77
Miami-Dade County,2020-05-11,19.66
Monroe County,2020-05-11,19.69
Nassau County,2020-05-11,13.59
Okaloosa County,2020-05-11,11.36
Okeechobee County,2020-05-11,18.55
Orange County,2020-05-11,18.0
Osceola County,2020-05-11,17.94
Palm Beach County,2020-05-11,19.7
Pasco County,2020-05-11,18.01
Pinellas County,2020-05-11,20.16
Polk County,2020-05-11,18.04
Putnam County,2020-05-11,16.6
St. Johns County,2020-05-11,16.84
St. Lucie County,2020-05-11,18.98
Santa Rosa County,2020-05-11,11.55
Sarasota County,2020-05-11,18.51
Seminole County,2020-05-11,17.91
Sumter County,2020-05-11,17.04
Suwannee County,2020-05-11,12.51
Taylor County,2020-05-11,13.55
Union County,2020-05-11,13.02
Volusia County,2020-05-11,17.35
Wakulla County,2020-05-11,12.37
Walton County,2020-05-11,11.34
Washington County,2020-05-11,10.84
Alachua County,2020-05-12,12.24
Baker County,2020-05-12,10.43
Bay County,2020-05-12,14.0
Bradford County,2020-05-12,11.82
Brevard County,2020-05-12,16.9
Broward County,2020-05-12,18.96
Calhoun County,2020-05-12,11.94
Charlotte County,2020-05-12,17.34
Citrus County,2020-05-12,14.78
Clay County,2020-05-12,13.23
Collier County,2020-05-12,17.25
Columbia County,2020-05-12,9.95
DeSoto County,2020-05-12,16.07
Dixie County,2020-05-12,12.14
Duval County,2020-05-12,12.94
Escambia County,2020-05-12,11.77
Flagler County,2020-05-12,15.1
Franklin County,2020-05-12,14.01
Gadsden County,2020-05-12,11.23
Gilchrist County,2020-05-12,11.2
Glades County,2020-05-12,17.5
Gulf County,2020-05-12,13.68
Hamilton County,2020-05-12,9.71
Hardee County,2020-05-12,15.71
Hendry County,2020-05-12,17.58
Hernando County,2020-05-12,15.8
Highlands County,2020-05-12,16.43
Hillsborough County,2020-05-12,17.25
Holmes County,2020-05-12,10.87
Indian River County,2020-05-12,17.26
Jackson County,2020-05-12,11.3
Jefferson County,2020-05-12,11.51
Lafayette County,2020-05-12,10.81
Lake County,2020-05-12,15.23
Lee County,2020-05-12,17.86
Leon County,2020-05-12,11.63
Levy County,2020-05-12,13.15
Liberty County,2020-05-12,11.98
Madison County,2020-05-12,10.63
Manatee County,2020-05-12,16.89
Marion County,2020-05-12,13.99
Martin County,2020-05-12,18.95
Miami-Dade County,2020-05-12,19.53
Monroe County,2020-05-12,20.05
Nassau County,2020-05-12,11.6
Okaloosa County,2020-05-12,11.47
Okeechobee County,2020-05-12,17.1
Orange County,2020-05-12,15.7
Osceola County,2020-05-12,15.9
Palm Beach County,2020-05-12,18.91
Pasco County,2020-05-12,16.28
Pinellas County,2020-05-12,19.4
Polk County,2020-05-12,16.05
Putnam County,2020-05-12,14.46
St. Johns County,2020-05-12,14.91
St. Lucie County,2020-05-12,17.93
Santa Rosa County,2020-05-12,11.57
Sarasota County,2020-05-12,16.96
Seminole County,2020-05-12,15.61
Sumter County,2020-05-12,14.77
Suwannee County,2020-05-12,10.25
Taylor County,2020-05-12,12.1
Union County,2020-05-12,10.66
Volusia County,2020-05-12,15.23
Wakulla County,2020-05-12,12.69
Walton County,2020-05-12,11.79
Washington County,2020-05-12,11.65
Alachua County,2020-05-13,12.53
Baker County,2020-05-13,10.36
Bay County,2020-05-13,13.91
Bradford County,2020-05-13,11.8
Brevard County,2020-05-13,19.01
Broward County,2020-05-13,19.86
Calhoun County,2020-05-13,12.3
Charlotte County,2020-05-13,17.06
Citrus County,2020-05-13,14.93
Clay County,2020-05-13,13.04
Collier County,2020-05-13,16.51
Columbia County,2020-05-13,10.6
DeSoto County,2020-05-13,15.98
Dixie County,2020-05-13,13.19
Duval County,2020-05-13,12.83
Escambia County,2020-05-13,12.94
Flagler County,2020-05-13,15.85
Franklin County,2020-05-13,14.07
Gadsden County,2020-05-13,12.14
Gilchrist County,2020-05-13,12.12
Glades County,2020-05-13,17.22
Gulf County,2020-05-13,13.41
Hamilton County,2020-05-13,10.76
Hardee County,2020-05-13,15.77
Hendry County,2020-05-13,16.95
Hernando County,2020-05-13,15.69
Highlands County,2020-05-13,16.56
Hillsborough County,2020-05-13,16.83
Holmes County,2020-05-13,11.72
Indian River County,2020-05-13,18.55
Jackson County,2020-05-13,12.2
Jefferson County,2020-05-13,12.69
Lafayette County,2020-05-13,12.21
Lake County,2020-05-13,15.87
Lee County,2020-05-13,17.43
Leon County,2020-05-13,12.63
Levy County,2020-05-13,13.68
Liberty County,2020-05-13,12.32
Madison County,2020-05-13,12.03
Manatee County,2020-05-13,16.39
Marion County,2020-05-13,14.27
Martin County,2020-05-13,19.93
Miami-Dade County,2020-05-13,20.62
Monroe County,2020-05-13,20.54
Nassau County,2020-05-13,11.37
Okaloosa County,2020-05-13,12.18
Okeechobee County,2020-05-13,17.5
Orange County,2020-05-13,16.86
Osceola County,2020-05-13,16.89
Palm Beach County,2020-05-13,19.64
Pasco County,2020-05-13,15.96
Pinellas County,2020-05-13,18.71
Polk County,2020-05-13,16.43
Putnam County,2020-05-13,14.54
St. Johns County,2020-05-13,15.27
St. Lucie County,2020-05-13,19.06
Santa Rosa County,2020-05-13,12.48
Sarasota County,2020-05-13,16.48
Seminole County,2020-05-13,16.9
Sumter County,2020-05-13,15.07
Suwannee County,2020-05-13,11.57
Taylor County,2020-05-13,13.38
Union County,2020-05-13,10.95
Volusia County,2020-05-13,16.61
Wakulla County,2020-05-13,13.39
Walton County,2020-05-13,12.29
Washington County,2020-05-13,12.15
Alachua County,2020-05-14,13.28
Baker County,2020-05-14,11.58
Bay County,2020-05-14,16.35
Bradford County,2020-05-14,12.83
Brevard County,2020-05-14,20.69
Broward County,2020-05-14,20.66
Calhoun County,2020-05-14,15.21
Charlotte County,2020-05-14,18.15
Citrus County,2020-05-14,15.96
Clay County,2020-05-14,14.59
Collier County,2020-05-14,17.36
Columbia County,2020-05-14,11.28
DeSoto County,2020-05-14,17.12
Dixie County,2020-05-14,14.03
Duval County,2020-05-14,15.1
Escambia County,2020-05-14,15.37
Flagler County,2020-05-14,17.53
Franklin County,2020-05-14,16.29
Gadsden County,2020-05-14,15.11
Gilchrist County,2020-05-14,12.7
Glades County,2020-05-14,18.5
Gulf County,2020-05-14,15.93
Hamilton County,2020-05-14,11.8
Hardee County,2020-05-14,16.84
Hendry County,2020-05-14,18.11
Hernando County,2020-05-14,16.76
Highlands County,2020-05-14,17.76
Hillsborough County,2020-05-14,17.86
Holmes County,2020-05-14,14.29
Indian River County,2020-05-14,19.96
Jackson County,2020-05-14,15.22
Jefferson County,2020-05-14,14.77
Lafayette County,2020-05-14,13.03
Lake County,2020-05-14,16.97
Lee County,2020-05-14,18.39
Leon County,2020-05-14,15.16
Levy County,2020-05-14,14.52
Liberty County,2020-05-14,15.11
Madison County,2020-05-14,13.52
Manatee County,2020-05-14,17.44
Marion County,2020-05-14,15.26
Martin County,2020-05-14,21.32
Miami-Dade County,2020-05-14,20.78
Monroe County,2020-05-14,20.32
Nassau County,2020-05-14,13.81
Okaloosa County,2020-05-14,14.37
Okeechobee County,2020-05-14,18.87
Orange County,2020-05-14,18.21
Osceola County,2020-05-14,18.23
Palm Beach County,2020-05-14,20.86
Pasco County,2020-05-14,17.0
Pinellas County,2020-05-14,19.47
Polk County,2020-05-14,17.52
Putnam County,2020-05-14,15.86
St. Johns County,2020-05-14,17.3
St. Lucie County,2020-05-14,20.47
Santa Rosa County,2020-05-14,14.78
Sarasota County,2020-05-14,17.54
Seminole County,2020-05-14,18.32
Sumter County,2020-05-14,16.13
Suwannee County,2020-05-14,12.29
Taylor County,2020-05-14,14.75
Union County,2020-05-14,11.69
Volusia County,2020-05-14,18.18
Wakulla County,2020-05-14,15.7
Walton County,2020-05-14,14.57
Washington County,2020-05-14,14.8
Alachua County,2020-05-15,16.06
Baker County,2020-05-15,14.42
Bay County,2020-05-15,18.9
Bradford County,2020-05-15,15.61
Brevard County,2020-05-15,21.87
Broward County,2020-05-15,21.74
Calhoun County,2020-05-15,17.85
Charlotte County,2020-05-15,20.58
Citrus County,2020-05-15,17.83
Clay County,2020-05-15,16.88
Collier County,2020-05-15,20.13
Columbia County,2020-05-15,14.46
DeSoto County,2020-05-15,19.54
Dixie County,2020-05-15,16.7
Duval County,2020-05-15,16.74
Escambia County,2020-05-15,19.01
Flagler County,2020-05-15,19.26
Franklin County,2020-05-15,18.58
Gadsden County,2020-05-15,17.61
Gilchrist County,2020-05-15,15.69
Glades County,2020-05-15,21.03
Gulf County,2020-05-15,18.52
Hamilton County,2020-05-15,14.74
Hardee County,2020-05-15,19.01
Hendry County,2020-05-15,20.81
Hernando County,2020-05-15,18.54
Highlands County,2020-05-15,20.01
Hillsborough County,2020-05-15,19.7
Holmes County,2020-05-15,17.31
Indian River County,2020-05-15,21.7
Jackson County,2020-05-15,17.62
Jefferson County,2020-05-15,17.34
Lafayette County,2020-05-15,16.07
Lake County,2020-05-15,18.75
Lee County,2020-05-15,20.94
Leon County,2020-05-15,17.75
Levy County,2020-05-15,16.92
Liberty County,2020-05-15,17.75
Madison County,2020-05-15,16.25
Manatee County,2020-05-15,19.55
Marion County,2020-05-15,17.43
Martin County,2020-05-15,22.72
Miami-Dade County,2020-05-15,21.41
Monroe County,2020-05-15,21.44
Nassau County,2020-05-15,15.45
Okaloosa County,2020-05-15,18.22
Okeechobee County,2020-05-15,20.98
Orange County,2020-05-15,19.87
Osceola County,2020-05-15,20.03
Palm Beach County,2020-05-15,22.14
Pasco County,2020-05-15,18.82
Pinellas County,2020-05-15,20.76
Polk County,2020-05-15,19.43
Putnam County,2020-05-15,18.02
St. Johns County,2020-05-15,18.78
St. Lucie County,2020-05-15,22.08
Santa Rosa County,2020-05-15,18.7
Sarasota County,2020-05-15,19.72
Seminole County,2020-05-15,19.95
Sumter County,2020-05-15,17.96
Suwannee County,2020-05-15,15.43
Taylor County,2020-05-15,17.43
Union County,2020-05-15,14.75
Volusia County,2020-05-15,19.72
Wakulla County,2020-05-15,18.24
Walton County,2020-05-15,18.01
Washington County,2020-05-15,17.75
Alachua County,2020-05-16,17.13
Baker County,2020-05-16,15.36
Bay County,2020-05-16,18.36
Bradford County,2020-05-16,16.65
Brevard County,2020-05-16,21.96
Broward County,2020-05-16,21.95
Calhoun County,2020-05-16,17.71
Charlotte County,2020-05-16,21.33
Citrus County,2020-05-16,18.63
Clay County,2020-05-16,18.25
Collier County,2020-05-16,20.8
Columbia County,2020-05-16,15.33
DeSoto County,2020-05-16,20.6
Dixie County,2020-05-16,17.93
Duval County,2020-05-16,18.23
Escambia County,2020-05-16,17.77
Flagler County,2020-05-16,20.86
Franklin County,2020-05-16,18.56
Gadsden County,2020-05-16,17.71
Gilchrist County,2020-05-16,16.95
Glades County,2020-05-16,22.06
Gulf County,2020-05-16,18.31
Hamilton County,2020-05-16,15.37
Hardee County,2020-05-16,19.99
Hendry County,2020-05-16,21.81
Hernando County,2020-05-16,19.16
Highlands County,2020-05-16,20.91
Hillsborough County,2020-05-16,20.21
Holmes County,2020-05-16,17.17
Indian River County,2020-05-16,21.69
Jackson County,2020-05-16,17.7
Jefferson County,2020-05-16,17.69
Lafayette County,2020-05-16,17.08
Lake County,2020-05-16,19.22
Lee County,2020-05-16,21.48
Leon County,2020-05-16,17.94
Levy County,2020-05-16,18.19
Liberty County,2020-05-16,17.8
Madison County,2020-05-16,16.84
Manatee County,2020-05-16,20.33
Marion County,2020-05-16,18.42
Martin County,2020-05-16,22.71
Miami-Dade County,2020-05-16,21.65
Monroe County,2020-05-16,21.81
Nassau County,2020-05-16,16.88
Okaloosa County,2020-05-16,16.9
Okeechobee County,2020-05-16,21.53
Orange County,2020-05-16,19.9
Osceola County,2020-05-16,20.01
Palm Beach County,2020-05-16,22.38
Pasco County,2020-05-16,19.41
Pinellas County,2020-05-16,21.24
Polk County,2020-05-16,19.84
Putnam County,2020-05-16,19.49
St. Johns County,2020-05-16,20.61
St. Lucie County,2020-05-16,22.05
Santa Rosa County,2020-05-16,17.2
Sarasota County,2020-05-16,20.42
Seminole County,2020-05-16,20.31
Sumter County,2020-05-16,18.48
Suwannee County,2020-05-16,16.27
Taylor County,2020-05-16,18.09
Union County,2020-05-16,15.72
Volusia County,2020-05-16,20.69
Wakulla County,2020-05-16,18.37
Walton County,2020-05-16,17.13
Washington County,2020-05-16,17.48
Alachua County,2020-05-17,18.9
Baker County,2020-05-17,17.5
Bay County,2020-05-17,19.33
Bradford County,2020-05-17,18.84
Brevard County,2020-05-17,21.9
Broward County,2020-05-17,21.61
Calhoun County,2020-05-17,18.42
Charlotte County,2020-05-17,20.71
Citrus County,2020-05-17,19.83
Clay County,2020-05-17,20.57
Collier County,2020-05-17,20.29
Columbia County,2020-05-17,16.8
DeSoto County,2020-05-17,19.95
Dixie County,2020-05-17,18.25
Duval County,2020-05-17,20.65
Escambia County,2020-05-17,19.22
Flagler County,2020-05-17,22.14
Franklin County,2020-05-17,18.82
Gadsden County,2020-05-17,18.16
Gilchrist County,2020-05-17,17.87
Glades County,2020-05-17,20.89
Gulf County,2020-05-17,19.01
Hamilton County,2020-05-17,16.6
Hardee County,2020-05-17,19.86
Hendry County,2020-05-17,20.82
Hernando County,2020-05-17,20.52
Highlands County,2020-05-17,20.25
Hillsborough County,2020-05-17,21.39
Holmes County,2020-05-17,18.56
Indian River County,2020-05-17,21.24
Jackson County,2020-05-17,18.55
Jefferson County,2020-05-17,18.24
Lafayette County,2020-05-17,17.62
Lake County,2020-05-17,21.21
Lee County,2020-05-17,20.86
Leon County,2020-05-17,18.37
Levy County,2020-05-17,19.03
Liberty County,2020-05-17,18.23
Madison County,2020-05-17,17.62
Manatee County,2020-05-17,21.02
Marion County,2020-05-17,20.23
Martin County,2020-05-17,21.89
Miami-Dade County,2020-05-17,21.73
Monroe County,2020-05-17,21.84
Nassau County,2020-05-17,19.33
Okaloosa County,2020-05-17,18.3
Okeechobee County,2020-05-17,20.96
Orange County,2020-05-17,21.75
Osceola County,2020-05-17,21.01
Palm Beach County,2020-05-17,21.74
Pasco County,2020-05-17,20.87
Pinellas County,2020-05-17,22.69
Polk County,2020-05-17,20.75
Putnam County,2020-05-17,21.47
St. Johns County,2020-05-17,22.14
St. Lucie County,2020-05-17,21.26
Santa Rosa County,2020-05-17,18.7
Sarasota County,2020-05-17,20.8
Seminole County,2020-05-17,22.14
Sumter County,2020-05-17,20.14
Suwannee County,2020-05-17,17.17
Taylor County,2020-05-17,18.3
Union County,2020-05-17,17.57
Volusia County,2020-05-17,21.97
Wakulla County,2020-05-17,18.45
Walton County,2020-05-17,18.43
Washington County,2020-05-17,18.75
Alachua County,2020-05-18,19.12
Baker County,2020-05-18,17.22
Bay County,2020-05-18,20.87
Bradford County,2020-05-18,18.52
Brevard County,2020-05-18,21.67
Broward County,2020-05-18,21.46
Calhoun County,2020-05-18,19.88
Charlotte County,2020-05-18,20.03
Citrus County,2020-05-18,20.61
Clay County,2020-05-18,19.79
Collier County,2020-05-18,19.96
Columbia County,2020-05-18,17.01
DeSoto County,2020-05-18,19.5
Dixie County,2020-05-18,19.48
Duval County,2020-05-18,19.73
Escambia County,2020-05-18,20.62
Flagler County,2020-05-18,21.1
Franklin County,2020-05-18,19.89
Gadsden County,2020-05-18,19.24
Gilchrist County,2020-05-18,18.68
Glades County,2020-05-18,20.74
Gulf County,2020-05-18,20.19
Hamilton County,2020-05-18,17.23
Hardee County,2020-05-18,19.71
Hendry County,2020-05-18,20.48
Hernando County,2020-05-18,21.19
Highlands County,2020-05-18,20.37
Hillsborough County,2020-05-18,21.22
Holmes County,2020-05-18,20.1
Indian River County,2020-05-18,21.21
Jackson County,2020-05-18,19.97
Jefferson County,2020-05-18,19.33
Lafayette County,2020-05-18,19.0
Lake County,2020-05-18,21.58
Lee County,2020-05-18,20.34
Leon County,2020-05-18,19.38
Levy County,2020-05-18,19.83
Liberty County,2020-05-18,19.44
Madison County,2020-05-18,18.78
Manatee County,2020-05-18,20.05
Marion County,2020-05-18,20.54
Martin County,2020-05-18,21.71
Miami-Dade County,2020-05-18,21.98
Monroe County,2020-05-18,22.24
Nassau County,2020-05-18,18.83
Okaloosa County,2020-05-18,20.57
Okeechobee County,2020-05-18,21.02
Orange County,2020-05-18,21.96
Osceola County,2020-05-18,21.31
Palm Beach County,2020-05-18,21.52
Pasco County,2020-05-18,21.25
Pinellas County,2020-05-18,22.12
Polk County,2020-05-18,21.14
Putnam County,2020-05-18,20.84
St. Johns County,2020-05-18,20.89
St. Lucie County,2020-05-18,21.14
Santa Rosa County,2020-05-18,20.75
Sarasota County,2020-05-18,19.52
Seminole County,2020-05-18,22.01
Sumter County,2020-05-18,20.94
Suwannee County,2020-05-18,18.12
Taylor County,2020-05-18,19.74
Union County,2020-05-18,17.48
Volusia County,2020-05-18,21.31
Wakulla County,2020-05-18,19.58
Walton County,2020-05-18,20.44
Washington County,2020-05-18,20.38
Alachua County,2020-05-19,19.57
Baker County,2020-05-19,18.22
Bay County,2020-05-19,20.68
Bradford County,2020-05-19,19.17
Brevard County,2020-05-19,20.89
Broward County,2020-05-19,20.92
Calhoun County,2020-05-19,20.24
Charlotte County,2020-05-19,19.87
Citrus County,2020-05-19,20.21
Clay County,2020-05-19,20.22
Collier County,2020-05-19,19.51
Columbia County,2020-05-19,17.95
DeSoto County,2020-05-19,19.64
Dixie County,2020-05-19,19.75
Duval County,2020-05-19,19.95
Escambia County,2020-05-19,17.57
Flagler County,2020-05-19,20.95
Franklin County,2020-05-19,21.1
Gadsden County,2020-05-19,20.27
Gilchrist County,2020-05-19,19.16
Glades County,2020-05-19,20.91
Gulf County,2020-05-19,21.03
Hamilton County,2020-05-19,17.98
Hardee County,2020-05-19,19.65
Hendry County,2020-05-19,20.46
Hernando County,2020-05-19,20.63
Highlands County,2020-05-19,20.34
Hillsborough County,2020-05-19,20.67
Holmes County,2020-05-19,18.51
Indian River County,2020-05-19,20.79
Jackson County,2020-05-19,19.72
Jefferson County,2020-05-19,20.58
Lafayette County,2020-05-19,19.3
Lake County,2020-05-19,20.99
Lee County,2020-05-19,19.84
Leon County,2020-05-19,20.75
Levy County,2020-05-19,19.98
Liberty County,2020-05-19,20.51
Madison County,2020-05-19,19.56
Manatee County,2020-05-19,19.82
Marion County,2020-05-19,20.42
Martin County,2020-05-19,21.43
Miami-Dade County,2020-05-19,21.11
Monroe County,2020-05-19,21.12
Nassau County,2020-05-19,19.33
Okaloosa County,2020-05-19,18.14
Okeechobee County,2020-05-19,20.87
Orange County,2020-05-19,21.23
Osceola County,2020-05-19,20.69
Palm Beach County,2020-05-19,21.2
Pasco County,2020-05-19,20.71
Pinellas County,2020-05-19,21.39
Polk County,2020-05-19,20.64
Putnam County,2020-05-19,21.0
St. Johns County,2020-05-19,20.74
St. Lucie County,2020-05-19,20.82
Santa Rosa County,2020-05-19,17.86
Sarasota County,2020-05-19,19.29
Seminole County,2020-05-19,21.42
Sumter County,2020-05-19,20.36
Suwannee County,2020-05-19,18.59
Taylor County,2020-05-19,20.37
Union County,2020-05-19,18.35
Volusia County,2020-05-19,20.9
Wakulla County,2020-05-19,20.94
Walton County,2020-05-19,18.65
Washington County,2020-05-19,19.37
Alachua County,2020-05-20,19.12
Baker County,2020-05-20,18.69
Bay County,2020-05-20,19.99
Bradford County,2020-05-20,19.28
Brevard County,2020-05-20,18.52
Broward County,2020-05-20,21.67
Calhoun County,2020-05-20,19.69
Charlotte County,2020-05-20,18.56
Citrus County,2020-05-20,19.7
Clay County,2020-05-20,20.57
Collier County,2020-05-20,19.63
Columbia County,2020-05-20,18.12
DeSoto County,2020-05-20,17.24
Dixie County,2020-05-20,19.0
Duval County,2020-05-20,21.14
Escambia County,2020-05-20,18.09
Flagler County,2020-05-20,20.48
Franklin County,2020-05-20,20.41
Gadsden County,2020-05-20,19.84
Gilchrist County,2020-05-20,18.43
Glades County,2020-05-20,18.72
Gulf County,2020-05-20,20.19
Hamilton County,2020-05-20,18.21
Hardee County,2020-05-20,16.95
Hendry County,2020-05-20,19.64
Hernando County,2020-05-20,20.14
Highlands County,2020-05-20,17.04
Hillsborough County,2020-05-20,19.91
Holmes County,2020-05-20,18.35
Indian River County,2020-05-20,18.09
Jackson County,2020-05-20,19.49
Jefferson County,2020-05-20,19.95
Lafayette County,2020-05-20,18.77
Lake County,2020-05-20,19.56
Lee County,2020-05-20,19.31
Leon County,2020-05-20,20.25
Levy County,2020-05-20,19.17
Liberty County,2020-05-20,19.85
Madison County,2020-05-20,19.13
Manatee County,2020-05-20,18.75
Marion County,2020-05-20,19.6
Martin County,2020-05-20,20.6
Miami-Dade County,2020-05-20,22.46
Monroe County,2020-05-20,22.64
Nassau County,2020-05-20,20.4
Okaloosa County,2020-05-20,17.98
Okeechobee County,2020-05-20,17.85
Orange County,2020-05-20,18.93
Osceola County,2020-05-20,17.43
Palm Beach County,2020-05-20,21.28
Pasco County,2020-05-20,20.11
Pinellas County,2020-05-20,21.94
Polk County,2020-05-20,17.98
Putnam County,2020-05-20,20.66
St. Johns County,2020-05-20,21.28
St. Lucie County,2020-05-20,19.09
Santa Rosa County,2020-05-20,18.01
Sarasota County,2020-05-20,18.53
Seminole County,2020-05-20,19.5
Sumter County,2020-05-20,19.32
Suwannee County,2020-05-20,18.51
Taylor County,2020-05-20,19.86
Union County,2020-05-20,18.44
Volusia County,2020-05-20,19.77
Wakulla County,2020-05-20,20.5
Walton County,2020-05-20,18.36
Washington County,2020-05-20,19.06
Alachua County,2020-05-21,18.99
Baker County,2020-05-21,17.4
Bay County,2020-05-21,18.81
Bradford County,2020-05-21,18.26
Brevard County,2020-05-21,20.06
Broward County,2020-05-21,21.92
Calhoun County,2020-05-21,18.08
Charlotte County,2020-05-21,20.6
Citrus County,2020-05-21,20.59
Clay County,2020-05-21,18.78
Collier County,2020-05-21,20.8
Columbia County,2020-05-21,17.9
DeSoto County,2020-05-21,19.53
Dixie County,2020-05-21,20.24
Duval County,2020-05-21,18.32
Escambia County,2020-05-21,17.87
Flagler County,2020-05-21,19.56
Franklin County,2020-05-21,19.73
Gadsden County,2020-05-21,18.48
Gilchrist County,2020-05-21,19.21
Glades County,2020-05-21,20.85
Gulf County,2020-05-21,19.07
Hamilton County,2020-05-21,18.24
Hardee County,2020-05-21,19.26
Hendry County,2020-05-21,20.75
Hernando County,2020-05-21,21.2
Highlands County,2020-05-21,19.9
Hillsborough County,2020-05-21,21.1
Holmes County,2020-05-21,17.34
Indian River County,2020-05-21,19.98
Jackson County,2020-05-21,17.76
Jefferson County,2020-05-21,19.88
Lafayette County,2020-05-21,19.83
Lake County,2020-05-21,20.04
Lee County,2020-05-21,21.31
Leon County,2020-05-21,19.5
Levy County,2020-05-21,20.07
Liberty County,2020-05-21,18.46
Madison County,2020-05-21,19.53
Manatee County,2020-05-21,19.94
Marion County,2020-05-21,19.61
Martin County,2020-05-21,21.25
Miami-Dade County,2020-05-21,23.08
Monroe County,2020-05-21,23.75
Nassau County,2020-05-21,17.64
Okaloosa County,2020-05-21,17.44
Okeechobee County,2020-05-21,20.18
Orange County,2020-05-21,19.96
Osceola County,2020-05-21,19.6
Palm Beach County,2020-05-21,21.51
Pasco County,2020-05-21,21.28
Pinellas County,2020-05-21,23.4
Polk County,2020-05-21,20.06
Putnam County,2020-05-21,19.59
St. Johns County,2020-05-21,19.36
St. Lucie County,2020-05-21,20.28
Santa Rosa County,2020-05-21,17.7
Sarasota County,2020-05-21,19.85
Seminole County,2020-05-21,19.96
Sumter County,2020-05-21,19.99
Suwannee County,2020-05-21,19.13
Taylor County,2020-05-21,20.66
Union County,2020-05-21,17.86
Volusia County,2020-05-21,19.59
Wakulla County,2020-05-21,19.86
Walton County,2020-05-21,17.51
Washington County,2020-05-21,17.73
Alachua County,2020-05-22,18.94
Baker County,2020-05-22,18.19
Bay County,2020-05-22,19.43
Bradford County,2020-05-22,18.73
Brevard County,2020-05-22,21.18
Broward County,2020-05-22,22.1
Calhoun County,2020-05-22,18.54
Charlotte County,2020-05-22,20.81
Citrus County,2020-05-22,20.44
Clay County,2020-05-22,19.76
Collier County,2020-05-22,20.28
Columbia County,2020-05-22,18.11
DeSoto County,2020-05-22,19.98
Dixie County,2020-05-22,19.81
Duval County,2020-05-22,20.3
Escambia County,2020-05-22,18.75
Flagler County,2020-05-22,19.64
Franklin County,2020-05-22,19.66
Gadsden County,2020-05-22,18.92
Gilchrist County,2020-05-22,18.96
Glades County,2020-05-22,20.95
Gulf County,2020-05-22,19.38
Hamilton County,2020-05-22,18.33
Hardee County,2020-05-22,19.7
Hendry County,2020-05-22,20.82
Hernando County,2020-05-22,21.29
Highlands County,2020-05-22,20.0
Hillsborough County,2020-05-22,21.91
Holmes County,2020-05-22,17.95
Indian River County,2020-05-22,21.09
Jackson County,2020-05-22,18.65
Jefferson County,2020-05-22,19.79
Lafayette County,2020-05-22,19.42
Lake County,2020-05-22,20.18
Lee County,2020-05-22,20.95
Leon County,2020-05-22,19.66
Levy County,2020-05-22,19.8
Liberty County,2020-05-22,18.58
Madison County,2020-05-22,19.3
Manatee County,2020-05-22,21.12
Marion County,2020-05-22,19.52
Martin County,2020-05-22,22.31
Miami-Dade County,2020-05-22,22.33
Monroe County,2020-05-22,22.36
Nassau County,2020-05-22,19.59
Okaloosa County,2020-05-22,17.84
Okeechobee County,2020-05-22,20.75
Orange County,2020-05-22,20.6
Osceola County,2020-05-22,20.23
Palm Beach County,2020-05-22,22.2
Pasco County,2020-05-22,21.63
Pinellas County,2020-05-22,23.9
Polk County,2020-05-22,20.32
Putnam County,2020-05-22,19.86
St. Johns County,2020-05-22,20.19
St. Lucie County,2020-05-22,21.47
Santa Rosa County,2020-05-22,18.24
Sarasota County,2020-05-22,20.8
Seminole County,2020-05-22,20.62
Sumter County,2020-05-22,20.04
Suwannee County,2020-05-22,18.95
Taylor County,2020-05-22,20.23
Union County,2020-05-22,18.17
Volusia County,2020-05-22,19.94
Wakulla County,2020-05-22,19.81
Walton County,2020-05-22,18.03
Washington County,2020-05-22,18.43
Alachua County,2020-05-23,18.91
Baker County,2020-05-23,18.08
Bay County,2020-05-23,20.6
Bradford County,2020-05-23,18.56
Brevard County,2020-05-23,22.62
Broward County,2020-05-23,22.78
Calhoun County,2020-05-23,19.75
Charlotte County,2020-05-23,20.32
Citrus County,2020-05-23,20.39
Clay County,2020-05-23,19.55
Collier County,2020-05-23,19.92
Columbia County,2020-05-23,18.15
DeSoto County,2020-05-23,19.82
Dixie County,2020-05-23,19.91
Duval County,2020-05-23,19.9
Escambia County,2020-05-23,22.7
Flagler County,2020-05-23,20.3
Franklin County,2020-05-23,20.34
Gadsden County,2020-05-23,19.86
Gilchrist County,2020-05-23,19.06
Glades County,2020-05-23,21.31
Gulf County,2020-05-23,20.02
Hamilton County,2020-05-23,18.48
Hardee County,2020-05-23,20.06
Hendry County,2020-05-23,20.8
Hernando County,2020-05-23,21.04
Highlands County,2020-05-23,20.96
Hillsborough County,2020-05-23,21.52
Holmes County,2020-05-23,19.19
Indian River County,2020-05-23,22.62
Jackson County,2020-05-23,19.7
Jefferson County,2020-05-23,20.04
Lafayette County,2020-05-23,19.52
Lake County,2020-05-23,20.47
Lee County,2020-05-23,20.35
Leon County,2020-05-23,20.14
Levy County,2020-05-23,19.87
Liberty County,2020-05-23,19.75
Madison County,2020-05-23,19.52
Manatee County,2020-05-23,20.59
Marion County,2020-05-23,19.63
Martin County,2020-05-23,23.31
Miami-Dade County,2020-05-23,23.23
Monroe County,2020-05-23,22.76
Nassau County,2020-05-23,19.24
Okaloosa County,2020-05-23,20.58
Okeechobee County,2020-05-23,22.01
Orange County,2020-05-23,21.19
Osceola County,2020-05-23,21.41
Palm Beach County,2020-05-23,22.88
Pasco County,2020-05-23,21.21
Pinellas County,2020-05-23,22.88
Polk County,2020-05-23,21.08
Putnam County,2020-05-23,19.95
St. Johns County,2020-05-23,20.52
St. Lucie County,2020-05-23,22.74
Santa Rosa County,2020-05-23,21.76
Sarasota County,2020-05-23,20.1
Seminole County,2020-05-23,21.06
Sumter County,2020-05-23,20.22
Suwannee County,2020-05-23,19.04
Taylor County,2020-05-23,20.38
Union County,2020-05-23,18.08
Volusia County,2020-05-23,20.6
Wakulla County,2020-05-23,20.41
Walton County,2020-05-23,19.9
Washington County,2020-05-23,19.63
Alachua County,2020-05-24,20.01
Baker County,2020-05-24,18.95
Bay County,2020-05-24,21.17
Bradford County,2020-05-24,19.8
Brevard County,2020-05-24,24.42
Broward County,2020-05-24,22.31
Calhoun County,2020-05-24,19.65
Charlotte County,2020-05-24,21.26
Citrus County,2020-05-24,21.36
Clay County,2020-05-24,21.21
Collier County,2020-05-24,20.2
Columbia County,2020-05-24,18.78
DeSoto County,2020-05-24,21.19
Dixie County,2020-05-24,20.38
Duval County,2020-05-24,21.49
Escambia County,2020-05-24,20.23
Flagler County,2020-05-24,22.65
Franklin County,2020-05-24,20.59
Gadsden County,2020-05-24,19.63
Gilchrist County,2020-05-24,19.69
Glades County,2020-05-24,22.51
Gulf County,2020-05-24,20.45
Hamilton County,2020-05-24,18.97
Hardee County,2020-05-24,21.44
Hendry County,2020-05-24,21.52
Hernando County,2020-05-24,21.95
Highlands County,2020-05-24,22.51
Hillsborough County,2020-05-24,22.21
Holmes County,2020-05-24,19.74
Indian River County,2020-05-24,24.13
Jackson County,2020-05-24,19.78
Jefferson County,2020-05-24,20.33
Lafayette County,2020-05-24,20.05
Lake County,2020-05-24,22.37
Lee County,2020-05-24,21.03
Leon County,2020-05-24,20.13
Levy County,2020-05-24,20.58
Liberty County,2020-05-24,19.55
Madison County,2020-05-24,19.97
Manatee County,2020-05-24,21.08
Marion County,2020-05-24,21.18
Martin County,2020-05-24,24.17
Miami-Dade County,2020-05-24,22.26
Monroe County,2020-05-24,22.04
Nassau County,2020-05-24,20.42
Okaloosa County,2020-05-24,20.17
Okeechobee County,2020-05-24,23.5
Orange County,2020-05-24,23.27
Osceola County,2020-05-24,23.27
Palm Beach County,2020-05-24,23.1
Pasco County,2020-05-24,22.01
Pinellas County,2020-05-24,22.92
Polk County,2020-05-24,22.62
Putnam County,2020-05-24,21.93
St. Johns County,2020-05-24,22.7
St. Lucie County,2020-05-24,24.01
Santa Rosa County,2020-05-24,20.27
Sarasota County,2020-05-24,20.45
Seminole County,2020-05-24,23.31
Sumter County,2020-05-24,21.65
Suwannee County,2020-05-24,19.6
Taylor County,2020-05-24,20.79
Union County,2020-05-24,19.0
Volusia County,2020-05-24,22.89
Wakulla County,2020-05-24,20.42
Walton County,2020-05-24,20.25
Washington County,2020-05-24,20.03
Alachua County,2020-05-25,21.0
Baker County,2020-05-25,19.56
Bay County,2020-05-25,22.11
Bradford County,2020-05-25,20.48
Brevard County,2020-05-25,23.81
Broward County,2020-05-25,22.27
Calhoun County,2020-05-25,20.86
Charlotte County,2020-05-25,21.74
Citrus County,2020-05-25,22.74
Clay County,2020-05-25,21.65
Collier County,2020-05-25,20.94
Columbia County,2020-05-25,19.73
DeSoto County,2020-05-25,21.16
Dixie County,2020-05-25,21.98
Duval County,2020-05-25,21.98
Escambia County,2020-05-25,19.98
Flagler County,2020-05-25,23.38
Franklin County,2020-05-25,21.76
Gadsden County,2020-05-25,20.14
Gilchrist County,2020-05-25,21.11
Glades County,2020-05-25,21.96
Gulf County,2020-05-25,21.75
Hamilton County,2020-05-25,19.66
Hardee County,2020-05-25,21.28
Hendry County,2020-05-25,21.64
Hernando County,2020-05-25,23.28
Highlands County,2020-05-25,21.46
Hillsborough County,2020-05-25,23.33
Holmes County,2020-05-25,20.67
Indian River County,2020-05-25,22.71
Jackson County,2020-05-25,21.0
Jefferson County,2020-05-25,20.75
Lafayette County,2020-05-25,21.37
Lake County,2020-05-25,23.07
Lee County,2020-05-25,21.7
Leon County,2020-05-25,20.55
Levy County,2020-05-25,22.09
Liberty County,2020-05-25,20.67
Madison County,2020-05-25,20.62
Manatee County,2020-05-25,22.21
Marion County,2020-05-25,22.14
Martin County,2020-05-25,23.01
Miami-Dade County,2020-05-25,22.35
Monroe County,2020-05-25,22.41
Nassau County,2020-05-25,21.05
Okaloosa County,2020-05-25,20.12
Okeechobee County,2020-05-25,22.14
Orange County,2020-05-25,23.4
Osceola County,2020-05-25,22.49
Palm Beach County,2020-05-25,22.48
Pasco County,2020-05-25,23.28
Pinellas County,2020-05-25,24.45
Polk County,2020-05-25,22.52
Putnam County,2020-05-25,22.5
St. Johns County,2020-05-25,23.27
St. Lucie County,2020-05-25,22.63
Santa Rosa County,2020-05-25,20.04
Sarasota County,2020-05-25,21.73
Seminole County,2020-05-25,23.67
Sumter County,2020-05-25,22.66
Suwannee County,2020-05-25,20.68
Taylor County,2020-05-25,21.88
Union County,2020-05-25,19.89
Volusia County,2020-05-25,23.53
Wakulla County,2020-05-25,21.31
Walton County,2020-05-25,20.65
Washington County,2020-05-25,21.23
Alachua County,2020-05-26,21.75
Baker County,2020-05-26,21.28
Bay County,2020-05-26,21.0
Bradford County,2020-05-26,21.81
Brevard County,2020-05-26,22.56
Broward County,2020-05-26,22.5
Calhoun County,2020-05-26,20.69
Charlotte County,2020-05-26,22.53
Citrus County,2020-05-26,21.81
Clay County,2020-05-26,22.78
Collier County,2020-05-26,21.73
Columbia County,2020-05-26,21.03
DeSoto County,2020-05-26,22.13
Dixie County,2020-05-26,21.27
Duval County,2020-05-26,22.8
Escambia County,2020-05-26,21.25
Flagler County,2020-05-26,22.57
Franklin County,2020-05-26,20.82
Gadsden County,2020-05-26,21.28
Gilchrist County,2020-05-26,21.27
Glades County,2020-05-26,22.89
Gulf County,2020-05-26,20.81
Hamilton County,2020-05-26,21.08
Hardee County,2020-05-26,22.02
Hendry County,2020-05-26,22.39
Hernando County,2020-05-26,22.44
Highlands County,2020-05-26,22.37
Hillsborough County,2020-05-26,23.04
Holmes County,2020-05-26,20.31
Indian River County,2020-05-26,22.47
Jackson County,2020-05-26,20.89
Jefferson County,2020-05-26,21.89
Lafayette County,2020-05-26,21.46
Lake County,2020-05-26,22.47
Lee County,2020-05-26,22.48
Leon County,2020-05-26,21.74
Levy County,2020-05-26,21.49
Liberty County,2020-05-26,20.69
Madison County,2020-05-26,21.67
Manatee County,2020-05-26,22.56
Marion County,2020-05-26,22.02
Martin County,2020-05-26,22.96
Miami-Dade County,2020-05-26,22.85
Monroe County,2020-05-26,23.19
Nassau County,2020-05-26,22.19
Okaloosa County,2020-05-26,20.73
Okeechobee County,2020-05-26,22.54
Orange County,2020-05-26,22.68
Osceola County,2020-05-26,22.37
Palm Beach County,2020-05-26,22.65
Pasco County,2020-05-26,22.7
Pinellas County,2020-05-26,23.67
Polk County,2020-05-26,22.67
Putnam County,2020-05-26,22.92
St. Johns County,2020-05-26,23.09
St. Lucie County,2020-05-26,22.45
Santa Rosa County,2020-05-26,21.11
Sarasota County,2020-05-26,22.2
Seminole County,2020-05-26,22.62
Sumter County,2020-05-26,22.07
Suwannee County,2020-05-26,21.41
Taylor County,2020-05-26,21.77
Union County,2020-05-26,21.21
Volusia County,2020-05-26,22.16
Wakulla County,2020-05-26,21.34
Walton County,2020-05-26,20.49
Washington County,2020-05-26,20.55
Alachua County,2020-05-27,22.24
Baker County,2020-05-27,21.21
Bay County,2020-05-27,21.59
Bradford County,2020-05-27,22.05
Brevard County,2020-05-27,23.03
Broward County,2020-05-27,21.69
Calhoun County,2020-05-27,21.17
Charlotte County,2020-05-27,22.89
Citrus County,2020-05-27,22.91
Clay County,2020-05-27,23.08
Collier County,2020-05-27,21.27
Columbia County,2020-05-27,21.02
DeSoto County,2020-05-27,22.68
Dixie County,2020-05-27,21.97
Duval County,2020-05-27,22.8
Escambia County,2020-05-27,20.94
Flagler County,2020-05-27,23.16
Franklin County,2020-05-27,21.69
Gadsden County,2020-05-27,20.87
Gilchrist County,2020-05-27,21.78
Glades County,2020-05-27,23.07
Gulf County,2020-05-27,21.68
Hamilton County,2020-05-27,20.93
Hardee County,2020-05-27,22.81
Hendry County,2020-05-27,22.23
Hernando County,2020-05-27,23.54
Highlands County,2020-05-27,22.88
Hillsborough County,2020-05-27,23.9
Holmes County,2020-05-27,20.7
Indian River County,2020-05-27,22.86
Jackson County,2020-05-27,20.99
Jefferson County,2020-05-27,21.41
Lafayette County,2020-05-27,21.82
Lake County,2020-05-27,23.4
Lee County,2020-05-27,22.6
Leon County,2020-05-27,21.32
Levy County,2020-05-27,22.34
Liberty County,2020-05-27,21.26
Madison County,2020-05-27,21.4
Manatee County,2020-05-27,23.24
Marion County,2020-05-27,22.92
Martin County,2020-05-27,23.16
Miami-Dade County,2020-05-27,21.33
Monroe County,2020-05-27,22.51
Nassau County,2020-05-27,21.94
Okaloosa County,2020-05-27,20.68
Okeechobee County,2020-05-27,23.01
Orange County,2020-05-27,23.32
Osceola County,2020-05-27,22.98
Palm Beach County,2020-05-27,22.59
Pasco County,2020-05-27,23.73
Pinellas County,2020-05-27,24.42
Polk County,2020-05-27,23.59
Putnam County,2020-05-27,23.56
St. Johns County,2020-05-27,23.56
St. Lucie County,2020-05-27,22.71
Santa Rosa County,2020-05-27,20.78
Sarasota County,2020-05-27,22.77
Seminole County,2020-05-27,23.19
Sumter County,2020-05-27,23.23
Suwannee County,2020-05-27,21.53
Taylor County,2020-05-27,22.02
Union County,2020-05-27,21.33
Volusia County,2020-05-27,22.7
Wakulla County,2020-05-27,21.62
Walton County,2020-05-27,20.76
Washington County,2020-05-27,20.98
Alachua County,2020-05-28,22.35
Baker County,2020-05-28,21.62
Bay County,2020-05-28,22.05
Bradford County,2020-05-28,22.28
Brevard County,2020-05-28,21.76
Broward County,2020-05-28,23.1
Calhoun County,2020-05-28,21.11
Charlotte County,2020-05-28,22.65
Citrus County,2020-05-28,23.51
Clay County,2020-05-28,23.38
Collier County,2020-05-28,21.89
Columbia County,2020-05-28,21.26
DeSoto County,2020-05-28,22.11
Dixie County,2020-05-28,22.43
Duval County,2020-05-28,23.71
Escambia County,2020-05-28,20.49
Flagler County,2020-05-28,22.77
Franklin County,2020-05-28,22.34
Gadsden County,2020-05-28,20.98
Gilchrist County,2020-05-28,21.96
Glades County,2020-05-28,22.88
Gulf County,2020-05-28,22.07
Hamilton County,2020-05-28,21.14
Hardee County,2020-05-28,22.09
Hendry County,2020-05-28,22.61
Hernando County,2020-05-28,24.13
Highlands County,2020-05-28,22.22
Hillsborough County,2020-05-28,24.13
Holmes County,2020-05-28,20.33
Indian River County,2020-05-28,21.48
Jackson County,2020-05-28,20.82
Jefferson County,2020-05-28,21.77
Lafayette County,2020-05-28,22.02
Lake County,2020-05-28,23.01
Lee County,2020-05-28,22.65
Leon County,2020-05-28,21.58
Levy County,2020-05-28,22.79
Liberty County,2020-05-28,21.27
Madison County,2020-05-28,21.63
Manatee County,2020-05-28,23.1
Marion County,2020-05-28,22.89
Martin County,2020-05-28,22.53
Miami-Dade County,2020-05-28,23.64
Monroe County,2020-05-28,24.05
Nassau County,2020-05-28,22.98
Okaloosa County,2020-05-28,20.54
Okeechobee County,2020-05-28,22.09
Orange County,2020-05-28,22.5
Osceola County,2020-05-28,21.87
Palm Beach County,2020-05-28,22.94
Pasco County,2020-05-28,24.22
Pinellas County,2020-05-28,25.63
Polk County,2020-05-28,22.86
Putnam County,2020-05-28,23.42
St. Johns County,2020-05-28,23.82
St. Lucie County,2020-05-28,21.62
Santa Rosa County,2020-05-28,20.53
Sarasota County,2020-05-28,22.57
Seminole County,2020-05-28,22.38
Sumter County,2020-05-28,23.26
Suwannee County,2020-05-28,21.71
Taylor County,2020-05-28,22.48
Union County,2020-05-28,21.56
Volusia County,2020-05-28,22.05
Wakulla County,2020-05-28,22.05
Walton County,2020-05-28,20.71
Washington County,2020-05-28,20.84
Alachua County,2020-05-29,21.3
Baker County,2020-05-29,20.25
Bay County,2020-05-29,22.3
Bradford County,2020-05-29,20.96
Brevard County,2020-05-29,21.55
Broward County,2020-05-29,23.16
Calhoun County,2020-05-29,21.57
Charlotte County,2020-05-29,21.49
Citrus County,2020-05-29,21.96
Clay County,2020-05-29,21.83
Collier County,2020-05-29,21.52
Columbia County,2020-05-29,20.13
DeSoto County,2020-05-29,20.67
Dixie County,2020-05-29,21.79
Duval County,2020-05-29,21.99
Escambia County,2020-05-29,21.89
Flagler County,2020-05-29,20.23
Franklin County,2020-05-29,21.92
Gadsden County,2020-05-29,21.99
Gilchrist County,2020-05-29,21.3
Glades County,2020-05-29,21.66
Gulf County,2020-05-29,21.96
Hamilton County,2020-05-29,20.32
Hardee County,2020-05-29,20.51
Hendry County,2020-05-29,21.74
Hernando County,2020-05-29,22.42
Highlands County,2020-05-29,20.81
Hillsborough County,2020-05-29,22.27
Holmes County,2020-05-29,21.35
Indian River County,2020-05-29,21.68
Jackson County,2020-05-29,21.86
Jefferson County,2020-05-29,22.4
Lafayette County,2020-05-29,21.49
Lake County,2020-05-29,21.58
Lee County,2020-05-29,21.86
Leon County,2020-05-29,22.46
Levy County,2020-05-29,21.91
Liberty County,2020-05-29,21.45
Madison County,2020-05-29,21.68
Manatee County,2020-05-29,21.58
Marion County,2020-05-29,21.57
Martin County,2020-05-29,22.55
Miami-Dade County,2020-05-29,23.96
Monroe County,2020-05-29,24.19
Nassau County,2020-05-29,21.49
Okaloosa County,2020-05-29,21.65
Okeechobee County,2020-05-29,21.46
Orange County,2020-05-29,21.56
Osceola County,2020-05-29,21.21
Palm Beach County,2020-05-29,22.77
Pasco County,2020-05-29,22.47
Pinellas County,2020-05-29,23.65
Polk County,2020-05-29,21.35
Putnam County,2020-05-29,21.78
St. Johns County,2020-05-29,21.21
St. Lucie County,2020-05-29,21.76
Santa Rosa County,2020-05-29,21.91
Sarasota County,2020-05-29,21.34
Seminole County,2020-05-29,21.4
Sumter County,2020-05-29,21.71
Suwannee County,2020-05-29,20.93
Taylor County,2020-05-29,22.21
Union County,2020-05-29,20.36
Volusia County,2020-05-29,20.25
Wakulla County,2020-05-29,22.16
Walton County,2020-05-29,21.55
Washington County,2020-05-29,21.66
Alachua County,2020-05-30,20.7
Baker County,2020-05-30,19.37
Bay County,2020-05-30,22.01
Bradford County,2020-05-30,20.22
Brevard County,2020-05-30,22.75
Broward County,2020-05-30,23.74
Calhoun County,2020-05-30,21.57
Charlotte County,2020-05-30,20.99
Citrus County,2020-05-30,21.49
Clay County,2020-05-30,21.07
Collier County,2020-05-30,20.83
Columbia County,2020-05-30,19.26
DeSoto County,2020-05-30,20.79
Dixie County,2020-05-30,21.06
Duval County,2020-05-30,21.17
Escambia County,2020-05-30,21.85
Flagler County,2020-05-30,20.85
Franklin County,2020-05-30,21.8
Gadsden County,2020-05-30,21.67
Gilchrist County,2020-05-30,20.56
Glades County,2020-05-30,21.95
Gulf County,2020-05-30,21.76
Hamilton County,2020-05-30,19.2
Hardee County,2020-05-30,20.92
Hendry County,2020-05-30,21.66
Hernando County,2020-05-30,22.03
Highlands County,2020-05-30,21.54
Hillsborough County,2020-05-30,22.12
Holmes County,2020-05-30,21.06
Indian River County,2020-05-30,22.71
Jackson County,2020-05-30,21.62
Jefferson County,2020-05-30,21.54
Lafayette County,2020-05-30,20.72
Lake County,2020-05-30,21.95
Lee County,2020-05-30,20.87
Leon County,2020-05-30,21.88
Levy County,2020-05-30,21.22
Liberty County,2020-05-30,21.61
Madison County,2020-05-30,20.68
Manatee County,2020-05-30,21.36
Marion County,2020-05-30,21.33
Martin County,2020-05-30,23.36
Miami-Dade County,2020-05-30,24.11
Monroe County,2020-05-30,23.46
Nassau County,2020-05-30,20.73
Okaloosa County,2020-05-30,21.36
Okeechobee County,2020-05-30,22.35
Orange County,2020-05-30,22.4
Osceola County,2020-05-30,22.21
Palm Beach County,2020-05-30,23.49
Pasco County,2020-05-30,22.16
Pinellas County,2020-05-30,22.93
Polk County,2020-05-30,21.96
Putnam County,2020-05-30,21.51
St. Johns County,2020-05-30,21.12
St. Lucie County,2020-05-30,22.69
Santa Rosa County,2020-05-30,21.71
Sarasota County,2020-05-30,20.81
Seminole County,2020-05-30,22.28
Sumter County,2020-05-30,21.68
Suwannee County,2020-05-30,20.01
Taylor County,2020-05-30,21.49
Union County,2020-05-30,19.59
Volusia County,2020-05-30,21.27
Wakulla County,2020-05-30,21.91
Walton County,2020-05-30,21.21
Washington County,2020-05-30,21.37
Alachua County,2020-05-31,21.05
Baker County,2020-05-31,19.79
Bay County,2020-05-31,21.71
Bradford County,2020-05-31,20.71
Brevard County,2020-05-31,22.21
Broward County,2020-05-31,23.48
Calhoun County,2020-05-31,20.56
Charlotte County,2020-05-31,20.7
Citrus County,2020-05-31,21.83
Clay County,2020-05-31,21.79
Collier County,2020-05-31,20.51
Columbia County,2020-05-31,19.54
DeSoto County,2020-05-31,20.39
Dixie County,2020-05-31,21.63
Duval County,2020-05-31,22.09
Escambia County,2020-05-31,21.36
Flagler County,2020-05-31,21.82
Franklin County,2020-05-31,21.73
Gadsden County,2020-05-31,20.99
Gilchrist County,2020-05-31,20.88
Glades County,2020-05-31,21.74
Gulf County,2020-05-31,21.29
Hamilton County,2020-05-31,19.33
Hardee County,2020-05-31,20.48
Hendry County,2020-05-31,21.49
Hernando County,2020-05-31,22.24
Highlands County,2020-05-31,21.08
Hillsborough County,2020-05-31,22.33
Holmes County,2020-05-31,20.3
Indian River County,2020-05-31,22.19
Jackson County,2020-05-31,20.66
Jefferson County,2020-05-31,21.58
Lafayette County,2020-05-31,21.07
Lake County,2020-05-31,21.81
Lee County,2020-05-31,20.52
Leon County,2020-05-31,21.62
Levy County,2020-05-31,21.69
Liberty County,2020-05-31,20.76
Madison County,2020-05-31,20.78
Manatee County,2020-05-31,21.36
Marion County,2020-05-31,21.55
Martin County,2020-05-31,23.3
Miami-Dade County,2020-05-31,23.99
Monroe County,2020-05-31,23.6
Nassau County,2020-05-31,21.44
Okaloosa County,2020-05-31,20.82
Okeechobee County,2020-05-31,21.96
Orange County,2020-05-31,21.9
Osceola County,2020-05-31,21.47
Palm Beach County,2020-05-31,23.37
Pasco County,2020-05-31,22.32
Pinellas County,2020-05-31,23.92
Polk County,2020-05-31,21.44
Putnam County,2020-05-31,22.15
St. Johns County,2020-05-31,22.43
St. Lucie County,2020-05-31,22.47
Santa Rosa County,2020-05-31,21.16
Sarasota County,2020-05-31,20.71
Seminole County,2020-05-31,22.02
Sumter County,2020-05-31,21.51
Suwannee County,2020-05-31,20.27
Taylor County,2020-05-31,21.96
Union County,2020-05-31,19.96
Volusia County,2020-05-31,21.6
Wakulla County,2020-05-31,21.86
Walton County,2020-05-31,20.71
Washington County,2020-05-31,20.52
Alachua County,2020-06-01,21.21
Baker County,2020-06-01,20.72
Bay County,2020-06-01,21.01
Bradford County,2020-06-01,20.97
Brevard County,2020-06-01,22.69
Broward County,2020-06-01,23.21
Calhoun County,2020-06-01,19.5
Charlotte County,2020-06-01,21.9
Citrus County,2020-06-01,21.74
Clay County,2020-06-01,21.98
Collier County,2020-06-01,21.3
Columbia County,2020-06-01,20.38
DeSoto County,2020-06-01,21.35
Dixie County,2020-06-01,21.3
Duval County,2020-06-01,22.59
Escambia County,2020-06-01,20.63
Flagler County,2020-06-01,22.15
Franklin County,2020-06-01,20.76
Gadsden County,2020-06-01,18.96
Gilchrist County,2020-06-01,20.93
Glades County,2020-06-01,21.81
Gulf County,2020-06-01,20.55
Hamilton County,2020-06-01,19.71
Hardee County,2020-06-01,21.51
Hendry County,2020-06-01,21.63
Hernando County,2020-06-01,21.71
Highlands County,2020-06-01,21.78
Hillsborough County,2020-06-01,22.48
Holmes County,2020-06-01,19.53
Indian River County,2020-06-01,22.72
Jackson County,2020-06-01,19.55
Jefferson County,2020-06-01,19.99
Lafayette County,2020-06-01,20.79
Lake County,2020-06-01,21.81
Lee County,2020-06-01,21.85
Leon County,2020-06-01,19.37
Levy County,2020-06-01,21.56
Liberty County,2020-06-01,19.38
Madison County,2020-06-01,20.09
Manatee County,2020-06-01,21.9
Marion County,2020-06-01,21.58
Martin County,2020-06-01,23.54
Miami-Dade County,2020-06-01,23.69
Monroe County,2020-06-01,24.06
Nassau County,2020-06-01,22.44
Okaloosa County,2020-06-01,20.43
Okeechobee County,2020-06-01,22.52
Orange County,2020-06-01,22.19
Osceola County,2020-06-01,22.32
Palm Beach County,2020-06-01,23.31
Pasco County,2020-06-01,21.97
Pinellas County,2020-06-01,23.66
Polk County,2020-06-01,22.13
Putnam County,2020-06-01,22.37
St. Johns County,2020-06-01,23.07
St. Lucie County,2020-06-01,22.96
Santa Rosa County,2020-06-01,20.65
Sarasota County,2020-06-01,21.73
Seminole County,2020-06-01,22.17
Sumter County,2020-06-01,21.47
Suwannee County,2020-06-01,20.39
Taylor County,2020-06-01,20.98
Union County,2020-06-01,20.54
Volusia County,2020-06-01,21.74
Wakulla County,2020-06-01,19.95
Walton County,2020-06-01,20.19
Washington County,2020-06-01,19.78
Alachua County,2020-06-02,21.23
Baker County,2020-06-02,19.43
Bay County,2020-06-02,21.11
Bradford County,2020-06-02,20.56
Brevard County,2020-06-02,23.33
Broward County,2020-06-02,23.24
Calhoun County,2020-06-02,20.11
Charlotte County,2020-06-02,23.18
Citrus County,2020-06-02,22.42
Clay County,2020-06-02,21.54
Collier County,2020-06-02,22.0
Columbia County,2020-06-02,19.27
DeSoto County,2020-06-02,22.71
Dixie County,2020-06-02,20.8
Duval County,2020-06-02,21.31
Escambia County,2020-06-02,20.41
Flagler County,2020-06-02,23.13
Franklin County,2020-06-02,20.39
Gadsden County,2020-06-02,19.89
Gilchrist County,2020-06-02,20.51
Glades County,2020-06-02,22.82
Gulf County,2020-06-02,20.12
Hamilton County,2020-06-02,18.52
Hardee County,2020-06-02,22.69
Hendry County,2020-06-02,22.59
Hernando County,2020-06-02,22.5
Highlands County,2020-06-02,22.7
Hillsborough County,2020-06-02,23.31
Holmes County,2020-06-02,20.58
Indian River County,2020-06-02,22.77
Jackson County,2020-06-02,20.81
Jefferson County,2020-06-02,19.93
Lafayette County,2020-06-02,20.08
Lake County,2020-06-02,22.85
Lee County,2020-06-02,22.95
Leon County,2020-06-02,19.83
Levy County,2020-06-02,21.6
Liberty County,2020-06-02,19.67
Madison County,2020-06-02,19.51
Manatee County,2020-06-02,23.08
Marion County,2020-06-02,22.41
Martin County,2020-06-02,23.48
Miami-Dade County,2020-06-02,23.78
Monroe County,2020-06-02,24.41
Nassau County,2020-06-02,20.42
Okaloosa County,2020-06-02,20.37
Okeechobee County,2020-06-02,22.87
Orange County,2020-06-02,22.79
Osceola County,2020-06-02,22.58
Palm Beach County,2020-06-02,23.3
Pasco County,2020-06-02,22.75
Pinellas County,2020-06-02,24.6
Polk County,2020-06-02,22.83
Putnam County,2020-06-02,22.82
St. Johns County,2020-06-02,23.2
St. Lucie County,2020-06-02,22.94
Santa Rosa County,2020-06-02,20.33
Sarasota County,2020-06-02,22.99
Seminole County,2020-06-02,23.0
Sumter County,2020-06-02,22.52
Suwannee County,2020-06-02,19.48
Taylor County,2020-06-02,20.47
Union County,2020-06-02,19.84
Volusia County,2020-06-02,22.96
Wakulla County,2020-06-02,19.97
Walton County,2020-06-02,20.47
Washington County,2020-06-02,20.54
Alachua County,2020-06-03,19.56
Baker County,2020-06-03,17.37
Bay County,2020-06-03,22.38
Bradford County,2020-06-03,18.38
Brevard County,2020-06-03,23.26
Broward County,2020-06-03,22.8
Calhoun County,2020-06-03,21.28
Charlotte County,2020-06-03,23.19
Citrus County,2020-06-03,21.96
Clay County,2020-06-03,18.91
Collier County,2020-06-03,22.08
Columbia County,2020-06-03,17.94
DeSoto County,2020-06-03,22.68
Dixie County,2020-06-03,20.45
Duval County,2020-06-03,18.41
Escambia County,2020-06-03,22.48
Flagler County,2020-06-03,20.95
Franklin County,2020-06-03,21.94
Gadsden County,2020-06-03,20.73
Gilchrist County,2020-06-03,19.52
Glades County,2020-06-03,22.59
Gulf County,2020-06-03,22.07
Hamilton County,2020-06-03,17.89
Hardee County,2020-06-03,22.61
Hendry County,2020-06-03,22.31
Hernando County,2020-06-03,22.43
Highlands County,2020-06-03,22.51
Hillsborough County,2020-06-03,23.53
Holmes County,2020-06-03,21.03
Indian River County,2020-06-03,22.9
Jackson County,2020-06-03,21.06
Jefferson County,2020-06-03,20.68
Lafayette County,2020-06-03,19.83
Lake County,2020-06-03,22.09
Lee County,2020-06-03,22.97
Leon County,2020-06-03,20.84
Levy County,2020-06-03,20.77
Liberty County,2020-06-03,21.12
Madison County,2020-06-03,19.73
Manatee County,2020-06-03,23.18
Marion County,2020-06-03,21.04
Martin County,2020-06-03,23.31
Miami-Dade County,2020-06-03,23.29
Monroe County,2020-06-03,24.19
Nassau County,2020-06-03,17.72
Okaloosa County,2020-06-03,22.03
Okeechobee County,2020-06-03,22.76
Orange County,2020-06-03,22.58
Osceola County,2020-06-03,22.64
Palm Beach County,2020-06-03,22.92
Pasco County,2020-06-03,22.87
Pinellas County,2020-06-03,24.28
Polk County,2020-06-03,22.85
Putnam County,2020-06-03,20.46
St. Johns County,2020-06-03,20.17
St. Lucie County,2020-06-03,22.93
Santa Rosa County,2020-06-03,22.4
Sarasota County,2020-06-03,23.05
Seminole County,2020-06-03,22.5
Sumter County,2020-06-03,22.05
Suwannee County,2020-06-03,18.89
Taylor County,2020-06-03,20.86
Union County,2020-06-03,17.98
Volusia County,2020-06-03,21.79
Wakulla County,2020-06-03,21.23
Walton County,2020-06-03,21.72
Washington County,2020-06-03,21.47
Alachua County,2020-06-04,20.21
Baker County,2020-06-04,18.47
Bay County,2020-06-04,21.7
Bradford County,2020-06-04,19.2
Brevard County,2020-06-04,22.62
Broward County,2020-06-04,22.5
Calhoun County,2020-06-04,20.93
Charlotte County,2020-06-04,22.42
Citrus County,2020-06-04,22.15
Clay County,2020-06-04,19.73
Collier County,2020-06-04,21.67
Columbia County,2020-06-04,18.82
DeSoto County,2020-06-04,22.01
Dixie County,2020-06-04,21.06
Duval County,2020-06-04,19.29
Escambia County,2020-06-04,21.51
Flagler County,2020-06-04,21.63
Franklin County,2020-06-04,21.74
Gadsden County,2020-06-04,20.86
Gilchrist County,2020-06-04,20.22
Glades County,2020-06-04,22.37
Gulf County,2020-06-04,21.52
Hamilton County,2020-06-04,18.6
Hardee County,2020-06-04,22.03
Hendry County,2020-06-04,22.17
Hernando County,2020-06-04,22.3
Highlands County,2020-06-04,22.23
Hillsborough County,2020-06-04,22.73
Holmes County,2020-06-04,20.51
Indian River County,2020-06-04,22.15
Jackson County,2020-06-04,20.91
Jefferson County,2020-06-04,21.13
Lafayette County,2020-06-04,20.42
Lake County,2020-06-04,22.23
Lee County,2020-06-04,22.34
Leon County,2020-06-04,21.1
Levy County,2020-06-04,21.35
Liberty County,2020-06-04,20.95
Madison County,2020-06-04,20.26
Manatee County,2020-06-04,22.12
Marion County,2020-06-04,21.48
Martin County,2020-06-04,22.8
Miami-Dade County,2020-06-04,22.35
Monroe County,2020-06-04,22.81
Nassau County,2020-06-04,18.7
Okaloosa County,2020-06-04,21.07
Okeechobee County,2020-06-04,22.46
Orange County,2020-06-04,22.44
Osceola County,2020-06-04,22.31
Palm Beach County,2020-06-04,22.74
Pasco County,2020-06-04,22.46
Pinellas County,2020-06-04,23.38
Polk County,2020-06-04,22.5
Putnam County,2020-06-04,21.12
St. Johns County,2020-06-04,21.07
St. Lucie County,2020-06-04,22.21
Santa Rosa County,2020-06-04,21.39
Sarasota County,2020-06-04,21.91
Seminole County,2020-06-04,22.45
Sumter County,2020-06-04,22.15
Suwannee County,2020-06-04,19.54
Taylor County,2020-06-04,21.36
Union County,2020-06-04,18.84
Volusia County,2020-06-04,21.99
Wakulla County,2020-06-04,21.37
Walton County,2020-06-04,20.89
Washington County,2020-06-04,20.85
Alachua County,2020-06-05,21.41
Baker County,2020-06-05,20.31
Bay County,2020-06-05,20.97
Bradford County,2020-06-05,20.81
Brevard County,2020-06-05,22.07
Broward County,2020-06-05,22.78
Calhoun County,2020-06-05,20.09
Charlotte County,2020-06-05,22.35
Citrus County,2020-06-05,22.24
Clay County,2020-06-05,21.56
Collier County,2020-06-05,21.93
Columbia County,2020-06-05,20.38
DeSoto County,2020-06-05,21.77
Dixie County,2020-06-05,21.53
Duval County,2020-06-05,21.18
Escambia County,2020-06-05,21.38
Flagler County,2020-06-05,22.6
Franklin County,2020-06-05,20.47
Gadsden County,2020-06-05,20.04
Gilchrist County,2020-06-05,21.23
Glades County,2020-06-05,22.02
Gulf County,2020-06-05,20.32
Hamilton County,2020-06-05,20.0
Hardee County,2020-06-05,21.66
Hendry County,2020-06-05,22.12
Hernando County,2020-06-05,22.23
Highlands County,2020-06-05,21.59
Hillsborough County,2020-06-05,22.61
Holmes County,2020-06-05,20.3
Indian River County,2020-06-05,21.81
Jackson County,2020-06-05,20.51
Jefferson County,2020-06-05,20.92
Lafayette County,2020-06-05,21.25
Lake County,2020-06-05,22.55
Lee County,2020-06-05,22.38
Leon County,2020-06-05,20.41
Levy County,2020-06-05,21.85
Liberty County,2020-06-05,19.83
Madison County,2020-06-05,20.84
Manatee County,2020-06-05,22.12
Marion County,2020-06-05,22.23
Martin County,2020-06-05,22.71
Miami-Dade County,2020-06-05,23.09
Monroe County,2020-06-05,23.53
Nassau County,2020-06-05,20.78
Okaloosa County,2020-06-05,20.57
Okeechobee County,2020-06-05,21.92
Orange County,2020-06-05,22.46
Osceola County,2020-06-05,21.96
Palm Beach County,2020-06-05,22.74
Pasco County,2020-06-05,22.39
Pinellas County,2020-06-05,23.27
Polk County,2020-06-05,22.19
Putnam County,2020-06-05,22.59
St. Johns County,2020-06-05,22.5
St. Lucie County,2020-06-05,22.05
Santa Rosa County,2020-06-05,21.03
Sarasota County,2020-06-05,22.01
Seminole County,2020-06-05,22.61
Sumter County,2020-06-05,22.29
Suwannee County,2020-06-05,20.76
Taylor County,2020-06-05,21.44
Union County,2020-06-05,20.43
Volusia County,2020-06-05,22.28
Wakulla County,2020-06-05,20.45
Walton County,2020-06-05,20.39
Washington County,2020-06-05,20.44
Alachua County,2020-06-06,22.03
Baker County,2020-06-06,21.11
Bay County,2020-06-06,21.56
Bradford County,2020-06-06,21.41
Brevard County,2020-06-06,22.61
Broward County,2020-06-06,24.12
Calhoun County,2020-06-06,20.26
Charlotte County,2020-06-06,22.7
Citrus County,2020-06-06,22.66
Clay County,2020-06-06,21.9
Collier County,2020-06-06,22.64
Columbia County,2020-06-06,21.17
DeSoto County,2020-06-06,22.08
Dixie County,2020-06-06,22.05
Duval County,2020-06-06,21.68
Escambia County,2020-06-06,21.18
Flagler County,2020-06-06,22.2
Franklin County,2020-06-06,20.66
Gadsden County,2020-06-06,20.31
Gilchrist County,2020-06-06,21.85
Glades County,2020-06-06,22.11
Gulf County,2020-06-06,20.55
Hamilton County,2020-06-06,20.84
Hardee County,2020-06-06,21.92
Hendry County,2020-06-06,22.36
Hernando County,2020-06-06,22.56
Highlands County,2020-06-06,21.74
Hillsborough County,2020-06-06,22.92
Holmes County,2020-06-06,20.74
Indian River County,2020-06-06,22.21
Jackson County,2020-06-06,20.91
Jefferson County,2020-06-06,21.43
Lafayette County,2020-06-06,21.8
Lake County,2020-06-06,22.61
Lee County,2020-06-06,22.75
Leon County,2020-06-06,20.78
Levy County,2020-06-06,22.42
Liberty County,2020-06-06,19.86
Madison County,2020-06-06,21.45
Manatee County,2020-06-06,22.39
Marion County,2020-06-06,22.5
Martin County,2020-06-06,22.86
Miami-Dade County,2020-06-06,25.53
Monroe County,2020-06-06,25.48
Nassau County,2020-06-06,21.7
Okaloosa County,2020-06-06,20.74
Okeechobee County,2020-06-06,21.98
Orange County,2020-06-06,22.62
Osceola County,2020-06-06,22.22
Palm Beach County,2020-06-06,23.17
Pasco County,2020-06-06,22.66
Pinellas County,2020-06-06,23.46
Polk County,2020-06-06,22.4
Putnam County,2020-06-06,22.65
St. Johns County,2020-06-06,22.28
St. Lucie County,2020-06-06,22.28
Santa Rosa County,2020-06-06,20.97
Sarasota County,2020-06-06,22.33
Seminole County,2020-06-06,22.68
Sumter County,2020-06-06,22.54
Suwannee County,2020-06-06,21.42
Taylor County,2020-06-06,21.96
Union County,2020-06-06,21.14
Volusia County,2020-06-06,22.17
Wakulla County,2020-06-06,20.76
Walton County,2020-06-06,20.83
Washington County,2020-06-06,20.86
Alachua County,2020-06-07,22.2
Baker County,2020-06-07,21.02
Bay County,2020-06-07,23.19
Bradford County,2020-06-07,21.53
Brevard County,2020-06-07,24.04
Broward County,2020-06-07,26.37
Calhoun County,2020-06-07,22.71
Charlotte County,2020-06-07,23.73
Citrus County,2020-06-07,22.52
Clay County,2020-06-07,22.08
Collier County,2020-06-07,24.23
Columbia County,2020-06-07,21.18
DeSoto County,2020-06-07,23.01
Dixie County,2020-06-07,22.23
Duval County,2020-06-07,21.69
Escambia County,2020-06-07,23.02
Flagler County,2020-06-07,22.65
Franklin County,2020-06-07,22.93
Gadsden County,2020-06-07,22.11
Gilchrist County,2020-06-07,22.02
Glades County,2020-06-07,23.79
Gulf County,2020-06-07,23.12
Hamilton County,2020-06-07,20.92
Hardee County,2020-06-07,22.61
Hendry County,2020-06-07,24.15
Hernando County,2020-06-07,22.4
Highlands County,2020-06-07,23.13
Hillsborough County,2020-06-07,22.91
Holmes County,2020-06-07,22.55
Indian River County,2020-06-07,24.81
Jackson County,2020-06-07,22.66
Jefferson County,2020-06-07,22.32
Lafayette County,2020-06-07,22.02
Lake County,2020-06-07,22.72
Lee County,2020-06-07,24.04
Leon County,2020-06-07,22.29
Levy County,2020-06-07,22.46
Liberty County,2020-06-07,22.6
Madison County,2020-06-07,21.9
Manatee County,2020-06-07,22.86
Marion County,2020-06-07,22.64
Martin County,2020-06-07,26.28
Miami-Dade County,2020-06-07,26.88
Monroe County,2020-06-07,26.69
Nassau County,2020-06-07,21.41
Okaloosa County,2020-06-07,22.73
Okeechobee County,2020-06-07,24.31
Orange County,2020-06-07,23.04
Osceola County,2020-06-07,23.34
Palm Beach County,2020-06-07,26.22
Pasco County,2020-06-07,22.56
Pinellas County,2020-06-07,23.36
Polk County,2020-06-07,22.86
Putnam County,2020-06-07,22.96
St. Johns County,2020-06-07,22.69
St. Lucie County,2020-06-07,25.48
Santa Rosa County,2020-06-07,22.98
Sarasota County,2020-06-07,23.04
Seminole County,2020-06-07,23.04
Sumter County,2020-06-07,22.55
Suwannee County,2020-06-07,21.53
Taylor County,2020-06-07,22.45
Union County,2020-06-07,21.22
Volusia County,2020-06-07,22.52
Wakulla County,2020-06-07,22.5
Walton County,2020-06-07,22.59
Washington County,2020-06-07,22.75
Alachua County,2020-06-08,22.74
Baker County,2020-06-08,21.48
Bay County,2020-06-08,23.25
Bradford County,2020-06-08,22.0
Brevard County,2020-06-08,24.32
Broward County,2020-06-08,26.15
Calhoun County,2020-06-08,22.52
Charlotte County,2020-06-08,25.22
Citrus County,2020-06-08,23.16
Clay County,2020-06-08,22.49
Collier County,2020-06-08,25.33
Columbia County,2020-06-08,21.71
DeSoto County,2020-06-08,24.58
Dixie County,2020-06-08,22.77
Duval County,2020-06-08,22.08
Escambia County,2020-06-08,23.3
Flagler County,2020-06-08,23.18
Franklin County,2020-06-08,22.82
Gadsden County,2020-06-08,21.86
Gilchrist County,2020-06-08,22.63
Glades County,2020-06-08,24.88
Gulf County,2020-06-08,22.98
Hamilton County,2020-06-08,21.36
Hardee County,2020-06-08,24.22
Hendry County,2020-06-08,25.19
Hernando County,2020-06-08,23.16
Highlands County,2020-06-08,24.45
Hillsborough County,2020-06-08,24.02
Holmes County,2020-06-08,22.73
Indian River County,2020-06-08,24.31
Jackson County,2020-06-08,22.6
Jefferson County,2020-06-08,22.34
Lafayette County,2020-06-08,22.58
Lake County,2020-06-08,23.51
Lee County,2020-06-08,25.49
Leon County,2020-06-08,22.07
Levy County,2020-06-08,23.03
Liberty County,2020-06-08,22.35
Madison County,2020-06-08,22.21
Manatee County,2020-06-08,24.24
Marion County,2020-06-08,23.23
Martin County,2020-06-08,25.0
Miami-Dade County,2020-06-08,26.59
Monroe County,2020-06-08,26.99
Nassau County,2020-06-08,21.81
Okaloosa County,2020-06-08,23.13
Okeechobee County,2020-06-08,24.55
Orange County,2020-06-08,23.8
Osceola County,2020-06-08,24.09
Palm Beach County,2020-06-08,25.52
Pasco County,2020-06-08,23.47
Pinellas County,2020-06-08,24.54
Polk County,2020-06-08,24.12
Putnam County,2020-06-08,23.43
St. Johns County,2020-06-08,23.17
St. Lucie County,2020-06-08,24.36
Santa Rosa County,2020-06-08,23.33
Sarasota County,2020-06-08,24.45
Seminole County,2020-06-08,23.73
Sumter County,2020-06-08,23.31
Suwannee County,2020-06-08,22.09
Taylor County,2020-06-08,22.72
Union County,2020-06-08,21.75
Volusia County,2020-06-08,23.16
Wakulla County,2020-06-08,22.23
Walton County,2020-06-08,22.86
Washington County,2020-06-08,22.83
Alachua County,2020-06-09,23.12
Baker County,2020-06-09,21.79
Bay County,2020-06-09,25.76
Bradford County,2020-06-09,22.26
Brevard County,2020-06-09,23.9
Broward County,2020-06-09,24.71
Calhoun County,2020-06-09,24.59
Charlotte County,2020-06-09,24.84
Citrus County,2020-06-09,24.26
Clay County,2020-06-09,22.61
Collier County,2020-06-09,23.97
Columbia County,2020-06-09,22.1
DeSoto County,2020-06-09,23.94
Dixie County,2020-06-09,23.97
Duval County,2020-06-09,22.34
Escambia County,2020-06-09,24.24
Flagler County,2020-06-09,23.04
Franklin County,2020-06-09,25.39
Gadsden County,2020-06-09,23.61
Gilchrist County,2020-06-09,23.26
Glades County,2020-06-09,23.96
Gulf County,2020-06-09,25.42
Hamilton County,2020-06-09,21.76
Hardee County,2020-06-09,23.77
Hendry County,2020-06-09,23.99
Hernando County,2020-06-09,24.26
Highlands County,2020-06-09,23.63
Hillsborough County,2020-06-09,24.94
Holmes County,2020-06-09,24.41
Indian River County,2020-06-09,23.74
Jackson County,2020-06-09,24.38
Jefferson County,2020-06-09,23.66
Lafayette County,2020-06-09,23.38
Lake County,2020-06-09,23.6
Lee County,2020-06-09,24.96
Leon County,2020-06-09,23.71
Levy County,2020-06-09,24.04
Liberty County,2020-06-09,24.38
Madison County,2020-06-09,23.03
Manatee County,2020-06-09,24.62
Marion County,2020-06-09,23.54
Martin County,2020-06-09,24.72
Miami-Dade County,2020-06-09,24.91
Monroe County,2020-06-09,25.96
Nassau County,2020-06-09,22.16
Okaloosa County,2020-06-09,24.51
Okeechobee County,2020-06-09,23.78
Orange County,2020-06-09,23.55
Osceola County,2020-06-09,23.54
Palm Beach County,2020-06-09,24.67
Pasco County,2020-06-09,24.49
Pinellas County,2020-06-09,26.48
Polk County,2020-06-09,23.98
Putnam County,2020-06-09,23.4
St. Johns County,2020-06-09,23.28
St. Lucie County,2020-06-09,24.05
Santa Rosa County,2020-06-09,24.35
Sarasota County,2020-06-09,24.7
Seminole County,2020-06-09,23.4
Sumter County,2020-06-09,23.81
Suwannee County,2020-06-09,22.63
Taylor County,2020-06-09,24.11
Union County,2020-06-09,22.08
Volusia County,2020-06-09,22.94
Wakulla County,2020-06-09,24.29
Walton County,2020-06-09,24.69
Washington County,2020-06-09,24.8
Alachua County,2020-06-10,22.6
Baker County,2020-06-10,21.83
Bay County,2020-06-10,24.95
Bradford County,2020-06-10,22.17
Brevard County,2020-06-10,23.85
Broward County,2020-06-10,24.72
Calhoun County,2020-06-10,23.7
Charlotte County,2020-06-10,23.5
Citrus County,2020-06-10,23.6
Clay County,2020-06-10,22.88
Collier County,2020-06-10,22.85
Columbia County,2020-06-10,21.71
DeSoto County,2020-06-10,22.91
Dixie County,2020-06-10,22.66
Duval County,2020-06-10,22.93
Escambia County,2020-06-10,24.87
Flagler County,2020-06-10,23.65
Franklin County,2020-06-10,24.29
Gadsden County,2020-06-10,22.97
Gilchrist County,2020-06-10,22.2
Glades County,2020-06-10,23.02
Gulf County,2020-06-10,24.5
Hamilton County,2020-06-10,21.48
Hardee County,2020-06-10,23.0
Hendry County,2020-06-10,23.01
Hernando County,2020-06-10,23.75
Highlands County,2020-06-10,22.89
Hillsborough County,2020-06-10,24.41
Holmes County,2020-06-10,23.46
Indian River County,2020-06-10,23.6
Jackson County,2020-06-10,23.49
Jefferson County,2020-06-10,22.99
Lafayette County,2020-06-10,22.33
Lake County,2020-06-10,23.48
Lee County,2020-06-10,23.4
Leon County,2020-06-10,23.05
Levy County,2020-06-10,22.96
Liberty County,2020-06-10,23.46
Madison County,2020-06-10,22.39
Manatee County,2020-06-10,23.78
Marion County,2020-06-10,23.23
Martin County,2020-06-10,24.62
Miami-Dade County,2020-06-10,25.19
Monroe County,2020-06-10,25.4
Nassau County,2020-06-10,22.71
Okaloosa County,2020-06-10,24.42
Okeechobee County,2020-06-10,23.39
Orange County,2020-06-10,23.5
Osceola County,2020-06-10,23.31
Palm Beach County,2020-06-10,24.61
Pasco County,2020-06-10,24.02
Pinellas County,2020-06-10,25.66
Polk County,2020-06-10,23.54
Putnam County,2020-06-10,23.58
St. Johns County,2020-06-10,23.93
St. Lucie County,2020-06-10,23.89
Santa Rosa County,2020-06-10,24.76
Sarasota County,2020-06-10,23.55
Seminole County,2020-06-10,23.52
Sumter County,2020-06-10,23.43
Suwannee County,2020-06-10,21.94
Taylor County,2020-06-10,23.07
Union County,2020-06-10,21.76
Volusia County,2020-06-10,23.34
Wakulla County,2020-06-10,23.39
Walton County,2020-06-10,24.13
Washington County,2020-06-10,23.92
Alachua County,2020-06-11,21.96
Baker County,2020-06-11,21.38
Bay County,2020-06-11,24.2
Bradford County,2020-06-11,21.56
Brevard County,2020-06-11,23.46
Broward County,2020-06-11,23.71
Calhoun County,2020-06-11,23.19
Charlotte County,2020-06-11,23.21
Citrus County,2020-06-11,22.85
Clay County,2020-06-11,22.3
Collier County,2020-06-11,22.62
Columbia County,2020-06-11,21.31
DeSoto County,2020-06-11,22.25
Dixie County,2020-06-11,22.46
Duval County,2020-06-11,22.61
Escambia County,2020-06-11,21.2
Flagler County,2020-06-11,22.82
Franklin County,2020-06-11,24.08
Gadsden County,2020-06-11,22.71
Gilchrist County,2020-06-11,21.77
Glades County,2020-06-11,22.31
Gulf County,2020-06-11,24.01
Hamilton County,2020-06-11,21.26
Hardee County,2020-06-11,22.1
Hendry County,2020-06-11,22.44
Hernando County,2020-06-11,22.88
Highlands County,2020-06-11,21.98
Hillsborough County,2020-06-11,23.66
Holmes County,2020-06-11,22.09
Indian River County,2020-06-11,23.13
Jackson County,2020-06-11,22.94
Jefferson County,2020-06-11,22.89
Lafayette County,2020-06-11,22.07
Lake County,2020-06-11,22.52
Lee County,2020-06-11,23.32
Leon County,2020-06-11,22.85
Levy County,2020-06-11,22.5
Liberty County,2020-06-11,23.05
Madison County,2020-06-11,22.26
Manatee County,2020-06-11,23.22
Marion County,2020-06-11,22.39
Martin County,2020-06-11,23.88
Miami-Dade County,2020-06-11,24.11
Monroe County,2020-06-11,24.84
Nassau County,2020-06-11,22.51
Okaloosa County,2020-06-11,21.85
Okeechobee County,2020-06-11,22.6
Orange County,2020-06-11,22.68
Osceola County,2020-06-11,22.48
Palm Beach County,2020-06-11,23.64
Pasco County,2020-06-11,23.13
Pinellas County,2020-06-11,25.21
Polk County,2020-06-11,22.49
Putnam County,2020-06-11,22.85
St. Johns County,2020-06-11,23.29
St. Lucie County,2020-06-11,23.35
Santa Rosa County,2020-06-11,21.54
Sarasota County,2020-06-11,23.28
Seminole County,2020-06-11,22.82
Sumter County,2020-06-11,22.4
Suwannee County,2020-06-11,21.65
Taylor County,2020-06-11,23.02
Union County,2020-06-11,21.22
Volusia County,2020-06-11,22.64
Wakulla County,2020-06-11,23.29
Walton County,2020-06-11,22.36
Washington County,2020-06-11,22.93
Alachua County,2020-06-12,22.29
Baker County,2020-06-12,21.81
Bay County,2020-06-12,22.99
Bradford County,2020-06-12,21.78
Brevard County,2020-06-12,22.44
Broward County,2020-06-12,22.9
Calhoun County,2020-06-12,22.21
Charlotte County,2020-06-12,21.94
Citrus County,2020-06-12,22.7
Clay County,2020-06-12,22.17
Collier County,2020-06-12,21.07
Columbia County,2020-06-12,22.0
DeSoto County,2020-06-12,21.12
Dixie County,2020-06-12,23.16
Duval County,2020-06-12,22.42
Escambia County,2020-06-12,19.63
Flagler County,2020-06-12,22.27
Franklin County,2020-06-12,23.65
Gadsden County,2020-06-12,21.98
Gilchrist County,2020-06-12,22.52
Glades County,2020-06-12,21.25
Gulf County,2020-06-12,23.11
Hamilton County,2020-06-12,21.91
Hardee County,2020-06-12,21.1
Hendry County,2020-06-12,21.26
Hernando County,2020-06-12,22.41
Highlands County,2020-06-12,21.0
Hillsborough County,2020-06-12,22.66
Holmes County,2020-06-12,20.82
Indian River County,2020-06-12,22.12
Jackson County,2020-06-12,21.82
Jefferson County,2020-06-12,22.82
Lafayette County,2020-06-12,22.89
Lake County,2020-06-12,21.95
Lee County,2020-06-12,21.92
Leon County,2020-06-12,22.42
Levy County,2020-06-12,22.91
Liberty County,2020-06-12,22.4
Madison County,2020-06-12,22.66
Manatee County,2020-06-12,22.09
Marion County,2020-06-12,22.28
Martin County,2020-06-12,23.18
Miami-Dade County,2020-06-12,22.95
Monroe County,2020-06-12,23.42
Nassau County,2020-06-12,22.58
Okaloosa County,2020-06-12,20.15
Okeechobee County,2020-06-12,21.62
Orange County,2020-06-12,21.7
Osceola County,2020-06-12,21.39
Palm Beach County,2020-06-12,22.87
Pasco County,2020-06-12,22.42
Pinellas County,2020-06-12,24.43
Polk County,2020-06-12,21.56
Putnam County,2020-06-12,22.58
St. Johns County,2020-06-12,22.97
St. Lucie County,2020-06-12,22.54
Santa Rosa County,2020-06-12,19.73
Sarasota County,2020-06-12,22.02
Seminole County,2020-06-12,21.81
Sumter County,2020-06-12,22.04
Suwannee County,2020-06-12,22.47
Taylor County,2020-06-12,23.49
Union County,2020-06-12,21.7
Volusia County,2020-06-12,21.84
Wakulla County,2020-06-12,22.98
Walton County,2020-06-12,20.84
Washington County,2020-06-12,21.62
Alachua County,2020-06-13,20.64
Baker County,2020-06-13,19.34
Bay County,2020-06-13,22.24
Bradford County,2020-06-13,20.04
Brevard County,2020-06-13,22.43
Broward County,2020-06-13,23.15
Calhoun County,2020-06-13,21.44
Charlotte County,2020-06-13,22.0
Citrus County,2020-06-13,22.25
Clay County,2020-06-13,20.92
Collier County,2020-06-13,21.27
Columbia County,2020-06-13,19.02
DeSoto County,2020-06-13,21.19
Dixie County,2020-06-13,20.32
Duval County,2020-06-13,20.89
Escambia County,2020-06-13,20.65
Flagler County,2020-06-13,21.78
Franklin County,2020-06-13,21.98
Gadsden County,2020-06-13,20.54
Gilchrist County,2020-06-13,19.9
Glades County,2020-06-13,20.92
Gulf County,2020-06-13,22.07
Hamilton County,2020-06-13,18.48
Hardee County,2020-06-13,21.35
Hendry County,2020-06-13,21.15
Hernando County,2020-06-13,22.48
Highlands County,2020-06-13,20.91
Hillsborough County,2020-06-13,23.02
Holmes County,2020-06-13,20.95
Indian River County,2020-06-13,21.97
Jackson County,2020-06-13,21.25
Jefferson County,2020-06-13,20.1
Lafayette County,2020-06-13,19.5
Lake County,2020-06-13,22.36
Lee County,2020-06-13,22.02
Leon County,2020-06-13,20.4
Levy County,2020-06-13,21.18
Liberty County,2020-06-13,21.22
Madison County,2020-06-13,19.33
Manatee County,2020-06-13,22.4
Marion County,2020-06-13,21.84
Martin County,2020-06-13,23.01
Miami-Dade County,2020-06-13,23.22
Monroe County,2020-06-13,23.41
Nassau County,2020-06-13,20.63
Okaloosa County,2020-06-13,21.02
Okeechobee County,2020-06-13,21.42
Orange County,2020-06-13,22.32
Osceola County,2020-06-13,21.83
Palm Beach County,2020-06-13,22.95
Pasco County,2020-06-13,22.73
Pinellas County,2020-06-13,24.17
Polk County,2020-06-13,22.11
Putnam County,2020-06-13,21.93
St. Johns County,2020-06-13,21.86
St. Lucie County,2020-06-13,22.27
Santa Rosa County,2020-06-13,20.9
Sarasota County,2020-06-13,22.3
Seminole County,2020-06-13,22.33
Sumter County,2020-06-13,22.34
Suwannee County,2020-06-13,19.0
Taylor County,2020-06-13,20.28
Union County,2020-06-13,19.39
Volusia County,2020-06-13,21.88
Wakulla County,2020-06-13,20.97
Walton County,2020-06-13,21.17
Washington County,2020-06-13,21.4
Alachua County,2020-06-14,20.76
Baker County,2020-06-14,19.56
Bay County,2020-06-14,21.74
Bradford County,2020-06-14,20.28
Brevard County,2020-06-14,22.35
Broward County,2020-06-14,23.37
Calhoun County,2020-06-14,21.0
Charlotte County,2020-06-14,21.4
Citrus County,2020-06-14,21.7
Clay County,2020-06-14,21.31
Collier County,2020-06-14,21.06
Columbia County,2020-06-14,19.0
DeSoto County,2020-06-14,20.96
Dixie County,2020-06-14,20.75
Duval County,2020-06-14,21.43
Escambia County,2020-06-14,20.79
Flagler County,2020-06-14,22.25
Franklin County,2020-06-14,21.77
Gadsden County,2020-06-14,20.46
Gilchrist County,2020-06-14,20.23
Glades County,2020-06-14,21.29
Gulf County,2020-06-14,21.55
Hamilton County,2020-06-14,17.75
Hardee County,2020-06-14,21.18
Hendry County,2020-06-14,21.35
Hernando County,2020-06-14,21.67
Highlands County,2020-06-14,21.25
Hillsborough County,2020-06-14,22.23
Holmes County,2020-06-14,20.36
Indian River County,2020-06-14,22.15
Jackson County,2020-06-14,20.85
Jefferson County,2020-06-14,20.05
Lafayette County,2020-06-14,19.82
Lake County,2020-06-14,21.89
Lee County,2020-06-14,21.31
Leon County,2020-06-14,20.47
Levy County,2020-06-14,21.28
Liberty County,2020-06-14,20.97
Madison County,2020-06-14,19.02
Manatee County,2020-06-14,21.58
Marion County,2020-06-14,21.62
Martin County,2020-06-14,23.02
Miami-Dade County,2020-06-14,23.55
Monroe County,2020-06-14,23.4
Nassau County,2020-06-14,21.01
Okaloosa County,2020-06-14,20.63
Okeechobee County,2020-06-14,21.84
Orange County,2020-06-14,21.98
Osceola County,2020-06-14,21.86
Palm Beach County,2020-06-14,23.12
Pasco County,2020-06-14,21.85
Pinellas County,2020-06-14,23.15
Polk County,2020-06-14,21.85
Putnam County,2020-06-14,22.16
St. Johns County,2020-06-14,22.62
St. Lucie County,2020-06-14,22.31
Santa Rosa County,2020-06-14,20.76
Sarasota County,2020-06-14,21.25
Seminole County,2020-06-14,22.04
Sumter County,2020-06-14,21.62
Suwannee County,2020-06-14,18.89
Taylor County,2020-06-14,20.58
Union County,2020-06-14,19.6
Volusia County,2020-06-14,21.81
Wakulla County,2020-06-14,21.13
Walton County,2020-06-14,20.62
Washington County,2020-06-14,20.73
Alachua County,2020-06-15,20.27
Baker County,2020-06-15,19.21
Bay County,2020-06-15,20.6
Bradford County,2020-06-15,19.91
Brevard County,2020-06-15,22.7
Broward County,2020-06-15,22.85
Calhoun County,2020-06-15,19.68
Charlotte County,2020-06-15,21.95
Citrus County,2020-06-15,20.93
Clay County,2020-06-15,20.69
Collier County,2020-06-15,20.96
Columbia County,2020-06-15,18.65
DeSoto County,2020-06-15,21.83
Dixie County,2020-06-15,19.07
Duval County,2020-06-15,20.41
Escambia County,2020-06-15,20.61
Flagler County,2020-06-15,21.18
Franklin County,2020-06-15,20.03
Gadsden County,2020-06-15,18.54
Gilchrist County,2020-06-15,19.24
Glades County,2020-06-15,21.74
Gulf County,2020-06-15,20.44
Hamilton County,2020-06-15,17.42
Hardee County,2020-06-15,22.0
Hendry County,2020-06-15,21.32
Hernando County,2020-06-15,21.22
Highlands County,2020-06-15,22.01
Hillsborough County,2020-06-15,22.31
Holmes County,2020-06-15,19.36
Indian River County,2020-06-15,22.79
Jackson County,2020-06-15,19.61
Jefferson County,2020-06-15,18.16
Lafayette County,2020-06-15,18.43
Lake County,2020-06-15,21.91
Lee County,2020-06-15,21.54
Leon County,2020-06-15,18.36
Levy County,2020-06-15,20.1
Liberty County,2020-06-15,19.37
Madison County,2020-06-15,17.74
Manatee County,2020-06-15,22.11
Marion County,2020-06-15,21.2
Martin County,2020-06-15,23.32
Miami-Dade County,2020-06-15,23.06
Monroe County,2020-06-15,23.14
Nassau County,2020-06-15,20.05
Okaloosa County,2020-06-15,19.64
Okeechobee County,2020-06-15,22.55
Orange County,2020-06-15,22.4
Osceola County,2020-06-15,22.52
Palm Beach County,2020-06-15,23.03
Pasco County,2020-06-15,21.7
Pinellas County,2020-06-15,22.59
Polk County,2020-06-15,22.37
Putnam County,2020-06-15,21.58
St. Johns County,2020-06-15,21.02
St. Lucie County,2020-06-15,22.81
Santa Rosa County,2020-06-15,20.15
Sarasota County,2020-06-15,21.86
Seminole County,2020-06-15,22.45
Sumter County,2020-06-15,21.42
Suwannee County,2020-06-15,18.1
Taylor County,2020-06-15,18.6
Union County,2020-06-15,19.26
Volusia County,2020-06-15,21.62
Wakulla County,2020-06-15,18.92
Walton County,2020-06-15,19.55
Washington County,2020-06-15,19.77
Alachua County,2020-06-16,18.7
Baker County,2020-06-16,17.08
Bay County,2020-06-16,20.19
Bradford County,2020-06-16,17.83
Brevard County,2020-06-16,20.62
Broward County,2020-06-16,21.79
Calhoun County,2020-06-16,18.84
Charlotte County,2020-06-16,20.67
Citrus County,2020-06-16,20.37
Clay County,2020-06-16,18.54
Collier County,2020-06-16,20.76
Columbia County,2020-06-16,17.12
DeSoto County,2020-06-16,19.25
Dixie County,2020-06-16,19.27
Duval County,2020-06-16,18.42
Escambia County,2020-06-16,19.8
Flagler County,2020-06-16,19.72
Franklin County,2020-06-16,19.47
Gadsden County,2020-06-16,18.05
Gilchrist County,2020-06-16,18.55
Glades County,2020-06-16,19.3
Gulf County,2020-06-16,19.44
Hamilton County,2020-06-16,16.54
Hardee County,2020-06-16,19.09
Hendry County,2020-06-16,20.15
Hernando County,2020-06-16,20.52
Highlands County,2020-06-16,18.53
Hillsborough County,2020-06-16,21.29
Holmes County,2020-06-16,19.17
Indian River County,2020-06-16,19.94
Jackson County,2020-06-16,19.03
Jefferson County,2020-06-16,18.33
Lafayette County,2020-06-16,18.33
Lake County,2020-06-16,20.18
Lee County,2020-06-16,21.19
Leon County,2020-06-16,18.23
Levy County,2020-06-16,19.76
Liberty County,2020-06-16,18.44
Madison County,2020-06-16,17.71
Manatee County,2020-06-16,20.81
Marion County,2020-06-16,19.68
Martin County,2020-06-16,21.2
Miami-Dade County,2020-06-16,22.39
Monroe County,2020-06-16,23.17
Nassau County,2020-06-16,18.07
Okaloosa County,2020-06-16,19.5
Okeechobee County,2020-06-16,19.3
Orange County,2020-06-16,20.39
Osceola County,2020-06-16,19.73
Palm Beach County,2020-06-16,21.42
Pasco County,2020-06-16,20.84
Pinellas County,2020-06-16,23.19
Polk County,2020-06-16,19.79
Putnam County,2020-06-16,19.65
St. Johns County,2020-06-16,19.54
St. Lucie County,2020-06-16,20.32
Santa Rosa County,2020-06-16,19.66
Sarasota County,2020-06-16,20.99
Seminole County,2020-06-16,20.52
Sumter County,2020-06-16,20.0
Suwannee County,2020-06-16,17.51
Taylor County,2020-06-16,19.0
Union County,2020-06-16,17.37
Volusia County,2020-06-16,20.05
Wakulla County,2020-06-16,18.73
Walton County,2020-06-16,19.47
Washington County,2020-06-16,19.41
Alachua County,2020-06-17,18.13
Baker County,2020-06-17,16.19
Bay County,2020-06-17,19.95
Bradford County,2020-06-17,17.08
Brevard County,2020-06-17,20.57
Broward County,2020-06-17,21.92
Calhoun County,2020-06-17,18.3
Charlotte County,2020-06-17,20.51
Citrus County,2020-06-17,20.11
Clay County,2020-06-17,17.74
Collier County,2020-06-17,20.16
Columbia County,2020-06-17,16.47
DeSoto County,2020-06-17,19.6
Dixie County,2020-06-17,19.07
Duval County,2020-06-17,17.39
Escambia County,2020-06-17,18.77
Flagler County,2020-06-17,19.38
Franklin County,2020-06-17,20.19
Gadsden County,2020-06-17,17.0
Gilchrist County,2020-06-17,18.12
Glades County,2020-06-17,19.72
Gulf County,2020-06-17,20.05
Hamilton County,2020-06-17,15.86
Hardee County,2020-06-17,19.5
Hendry County,2020-06-17,19.98
Hernando County,2020-06-17,20.25
Highlands County,2020-06-17,19.32
Hillsborough County,2020-06-17,20.86
Holmes County,2020-06-17,17.49
Indian River County,2020-06-17,20.25
Jackson County,2020-06-17,17.42
Jefferson County,2020-06-17,17.61
Lafayette County,2020-06-17,18.14
Lake County,2020-06-17,20.09
Lee County,2020-06-17,20.66
Leon County,2020-06-17,17.5
Levy County,2020-06-17,19.34
Liberty County,2020-06-17,18.43
Madison County,2020-06-17,17.08
Manatee County,2020-06-17,20.35
Marion County,2020-06-17,19.38
Martin County,2020-06-17,21.37
Miami-Dade County,2020-06-17,22.55
Monroe County,2020-06-17,22.76
Nassau County,2020-06-17,16.84
Okaloosa County,2020-06-17,18.38
Okeechobee County,2020-06-17,19.91
Orange County,2020-06-17,20.27
Osceola County,2020-06-17,19.98
Palm Beach County,2020-06-17,21.52
Pasco County,2020-06-17,20.47
Pinellas County,2020-06-17,22.05
Polk County,2020-06-17,20.07
Putnam County,2020-06-17,19.11
St. Johns County,2020-06-17,18.91
St. Lucie County,2020-06-17,20.58
Santa Rosa County,2020-06-17,18.58
Sarasota County,2020-06-17,20.41
Seminole County,2020-06-17,20.33
Sumter County,2020-06-17,19.99
Suwannee County,2020-06-17,17.12
Taylor County,2020-06-17,18.86
Union County,2020-06-17,16.67
Volusia County,2020-06-17,19.77
Wakulla County,2020-06-17,18.75
Walton County,2020-06-17,18.37
Washington County,2020-06-17,18.26
Alachua County,2020-06-18,18.1
Baker County,2020-06-18,16.73
Bay County,2020-06-18,19.86
Bradford County,2020-06-18,17.42
Brevard County,2020-06-18,20.89
Broward County,2020-06-18,22.41
Calhoun County,2020-06-18,18.45
Charlotte County,2020-06-18,21.54
Citrus County,2020-06-18,20.15
Clay County,2020-06-18,18.38
Collier County,2020-06-18,20.78
Columbia County,2020-06-18,16.49
DeSoto County,2020-06-18,20.62
Dixie County,2020-06-18,18.27
Duval County,2020-06-18,18.38
Escambia County,2020-06-18,19.09
Flagler County,2020-06-18,20.26
Franklin County,2020-06-18,19.81
Gadsden County,2020-06-18,17.31
Gilchrist County,2020-06-18,17.59
Glades County,2020-06-18,20.26
Gulf County,2020-06-18,19.72
Hamilton County,2020-06-18,15.78
Hardee County,2020-06-18,20.59
Hendry County,2020-06-18,20.62
Hernando County,2020-06-18,20.52
Highlands County,2020-06-18,19.9
Hillsborough County,2020-06-18,21.81
Holmes County,2020-06-18,17.95
Indian River County,2020-06-18,20.34
Jackson County,2020-06-18,18.13
Jefferson County,2020-06-18,17.24
Lafayette County,2020-06-18,17.18
Lake County,2020-06-18,20.54
Lee County,2020-06-18,21.59
Leon County,2020-06-18,17.38
Levy County,2020-06-18,19.03
Liberty County,2020-06-18,18.34
Madison County,2020-06-18,16.59
Manatee County,2020-06-18,21.6
Marion County,2020-06-18,19.53
Martin County,2020-06-18,21.73
Miami-Dade County,2020-06-18,22.57
Monroe County,2020-06-18,23.03
Nassau County,2020-06-18,17.87
Okaloosa County,2020-06-18,18.37
Okeechobee County,2020-06-18,20.14
Orange County,2020-06-18,20.78
Osceola County,2020-06-18,20.38
Palm Beach County,2020-06-18,22.07
Pasco County,2020-06-18,21.0
Pinellas County,2020-06-18,23.05
Polk County,2020-06-18,20.94
Putnam County,2020-06-18,19.63
St. Johns County,2020-06-18,19.97
St. Lucie County,2020-06-18,20.81
Santa Rosa County,2020-06-18,18.72
Sarasota County,2020-06-18,21.73
Seminole County,2020-06-18,20.82
Sumter County,2020-06-18,20.21
Suwannee County,2020-06-18,16.55
Taylor County,2020-06-18,17.95
Union County,2020-06-18,16.83
Volusia County,2020-06-18,20.48
Wakulla County,2020-06-18,18.35
Walton County,2020-06-18,18.39
Washington County,2020-06-18,18.45
Alachua County,2020-06-19,19.08
Baker County,2020-06-19,18.14
Bay County,2020-06-19,20.26
Bradford County,2020-06-19,18.56
Brevard County,2020-06-19,22.64
Broward County,2020-06-19,22.36
Calhoun County,2020-06-19,19.19
Charlotte County,2020-06-19,22.46
Citrus County,2020-06-19,20.9
Clay County,2020-06-19,19.63
Collier County,2020-06-19,21.52
Columbia County,2020-06-19,17.99
DeSoto County,2020-06-19,21.61
Dixie County,2020-06-19,19.26
Duval County,2020-06-19,19.74
Escambia County,2020-06-19,19.34
Flagler County,2020-06-19,21.65
Franklin County,2020-06-19,19.71
Gadsden County,2020-06-19,18.71
Gilchrist County,2020-06-19,18.67
Glades County,2020-06-19,21.38
Gulf County,2020-06-19,19.61
Hamilton County,2020-06-19,17.8
Hardee County,2020-06-19,21.56
Hendry County,2020-06-19,21.45
Hernando County,2020-06-19,21.29
Highlands County,2020-06-19,21.13
Hillsborough County,2020-06-19,22.65
Holmes County,2020-06-19,19.1
Indian River County,2020-06-19,22.05
Jackson County,2020-06-19,19.61
Jefferson County,2020-06-19,18.9
Lafayette County,2020-06-19,18.72
Lake County,2020-06-19,21.55
Lee County,2020-06-19,22.49
Leon County,2020-06-19,18.73
Levy County,2020-06-19,19.79
Liberty County,2020-06-19,18.8
Madison County,2020-06-19,18.56
Manatee County,2020-06-19,22.34
Marion County,2020-06-19,20.46
Martin County,2020-06-19,22.76
Miami-Dade County,2020-06-19,22.76
Monroe County,2020-06-19,23.62
Nassau County,2020-06-19,19.33
Okaloosa County,2020-06-19,18.82
Okeechobee County,2020-06-19,21.56
Orange County,2020-06-19,21.99
Osceola County,2020-06-19,21.74
Palm Beach County,2020-06-19,22.4
Pasco County,2020-06-19,21.76
Pinellas County,2020-06-19,23.65
Polk County,2020-06-19,21.94
Putnam County,2020-06-19,20.82
St. Johns County,2020-06-19,21.38
St. Lucie County,2020-06-19,22.26
Santa Rosa County,2020-06-19,18.99
Sarasota County,2020-06-19,22.38
Seminole County,2020-06-19,22.11
Sumter County,2020-06-19,21.08
Suwannee County,2020-06-19,18.29
Taylor County,2020-06-19,19.34
Union County,2020-06-19,18.03
Volusia County,2020-06-19,21.82
Wakulla County,2020-06-19,19.09
Walton County,2020-06-19,19.07
Washington County,2020-06-19,19.37
Alachua County,2020-06-20,20.13
Baker County,2020-06-20,18.89
Bay County,2020-06-20,21.37
Bradford County,2020-06-20,19.32
Brevard County,2020-06-20,21.7
Broward County,2020-06-20,21.96
Calhoun County,2020-06-20,20.49
Charlotte County,2020-06-20,22.44
Citrus County,2020-06-20,22.0
Clay County,2020-06-20,19.99
Collier County,2020-06-20,21.48
Columbia County,2020-06-20,19.02
DeSoto County,2020-06-20,21.71
Dixie County,2020-06-20,20.67
Duval County,2020-06-20,19.86
Escambia County,2020-06-20,20.12
Flagler County,2020-06-20,21.43
Franklin County,2020-06-20,20.99
Gadsden County,2020-06-20,20.04
Gilchrist County,2020-06-20,20.02
Glades County,2020-06-20,21.37
Gulf County,2020-06-20,20.9
Hamilton County,2020-06-20,18.88
Hardee County,2020-06-20,21.65
Hendry County,2020-06-20,21.36
Hernando County,2020-06-20,22.26
Highlands County,2020-06-20,21.2
Hillsborough County,2020-06-20,23.08
Holmes County,2020-06-20,20.1
Indian River County,2020-06-20,21.0
Jackson County,2020-06-20,20.55
Jefferson County,2020-06-20,20.34
Lafayette County,2020-06-20,20.04
Lake County,2020-06-20,21.9
Lee County,2020-06-20,22.37
Leon County,2020-06-20,20.2
Levy County,2020-06-20,21.14
Liberty County,2020-06-20,20.21
Madison County,2020-06-20,19.89
Manatee County,2020-06-20,22.66
Marion County,2020-06-20,21.28
Martin County,2020-06-20,21.69
Miami-Dade County,2020-06-20,22.97
Monroe County,2020-06-20,23.98
Nassau County,2020-06-20,19.63
Okaloosa County,2020-06-20,19.74
Okeechobee County,2020-06-20,21.12
Orange County,2020-06-20,21.81
Osceola County,2020-06-20,21.33
Palm Beach County,2020-06-20,21.69
Pasco County,2020-06-20,22.58
Pinellas County,2020-06-20,24.39
Polk County,2020-06-20,21.94
Putnam County,2020-06-20,21.13
St. Johns County,2020-06-20,21.16
St. Lucie County,2020-06-20,21.09
Santa Rosa County,2020-06-20,19.8
Sarasota County,2020-06-20,22.59
Seminole County,2020-06-20,21.91
Sumter County,2020-06-20,21.87
Suwannee County,2020-06-20,19.47
Taylor County,2020-06-20,20.68
Union County,2020-06-20,18.97
Volusia County,2020-06-20,21.57
Wakulla County,2020-06-20,20.47
Walton County,2020-06-20,20.07
Washington County,2020-06-20,20.53
Alachua County,2020-06-21,20.19
Baker County,2020-06-21,19.45
Bay County,2020-06-21,22.55
Bradford County,2020-06-21,19.8
Brevard County,2020-06-21,22.01
Broward County,2020-06-21,23.01
Calhoun County,2020-06-21,21.27
Charlotte County,2020-06-21,22.98
Citrus County,2020-06-21,21.52
Clay County,2020-06-21,20.69
Collier County,2020-06-21,22.22
Columbia County,2020-06-21,19.37
DeSoto County,2020-06-21,21.94
Dixie County,2020-06-21,20.35
Duval County,2020-06-21,21.05
Escambia County,2020-06-21,21.69
Flagler County,2020-06-21,21.91
Franklin County,2020-06-21,21.69
Gadsden County,2020-06-21,20.6
Gilchrist County,2020-06-21,19.75
Glades County,2020-06-21,21.86
Gulf County,2020-06-21,21.77
Hamilton County,2020-06-21,19.32
Hardee County,2020-06-21,21.62
Hendry County,2020-06-21,22.02
Hernando County,2020-06-21,21.77
Highlands County,2020-06-21,21.41
Hillsborough County,2020-06-21,22.89
Holmes County,2020-06-21,21.08
Indian River County,2020-06-21,21.47
Jackson County,2020-06-21,21.54
Jefferson County,2020-06-21,20.65
Lafayette County,2020-06-21,19.97
Lake County,2020-06-21,21.64
Lee County,2020-06-21,23.14
Leon County,2020-06-21,20.55
Levy County,2020-06-21,20.65
Liberty County,2020-06-21,20.76
Madison County,2020-06-21,20.17
Manatee County,2020-06-21,22.63
Marion County,2020-06-21,21.06
Martin County,2020-06-21,22.37
Miami-Dade County,2020-06-21,23.51
Monroe County,2020-06-21,24.45
Nassau County,2020-06-21,20.72
Okaloosa County,2020-06-21,21.02
Okeechobee County,2020-06-21,21.48
Orange County,2020-06-21,21.73
Osceola County,2020-06-21,21.43
Palm Beach County,2020-06-21,22.63
Pasco County,2020-06-21,22.14
Pinellas County,2020-06-21,24.4
Polk County,2020-06-21,21.77
Putnam County,2020-06-21,21.5
St. Johns County,2020-06-21,22.16
St. Lucie County,2020-06-21,21.68
Santa Rosa County,2020-06-21,21.34
Sarasota County,2020-06-21,22.84
Seminole County,2020-06-21,21.89
Sumter County,2020-06-21,21.37
Suwannee County,2020-06-21,19.68
Taylor County,2020-06-21,20.81
Union County,2020-06-21,19.37
Volusia County,2020-06-21,21.75
Wakulla County,2020-06-21,20.92
Walton County,2020-06-21,21.2
Washington County,2020-06-21,21.49
Alachua County,2020-06-22,20.11
Baker County,2020-06-22,20.08
Bay County,2020-06-22,22.46
Bradford County,2020-06-22,19.97
Brevard County,2020-06-22,22.6
Broward County,2020-06-22,23.64
Calhoun County,2020-06-22,20.64
Charlotte County,2020-06-22,23.27
Citrus County,2020-06-22,20.77
Clay County,2020-06-22,20.79
Collier County,2020-06-22,22.58
Columbia County,2020-06-22,19.94
DeSoto County,2020-06-22,22.03
Dixie County,2020-06-22,20.12
Duval County,2020-06-22,21.17
Escambia County,2020-06-22,21.98
Flagler County,2020-06-22,21.91
Franklin County,2020-06-22,21.13
Gadsden County,2020-06-22,19.94
Gilchrist County,2020-06-22,19.72
Glades County,2020-06-22,22.16
Gulf County,2020-06-22,21.23
Hamilton County,2020-06-22,20.01
Hardee County,2020-06-22,21.77
Hendry County,2020-06-22,22.35
Hernando County,2020-06-22,21.04
Highlands County,2020-06-22,21.77
Hillsborough County,2020-06-22,22.66
Holmes County,2020-06-22,20.62
Indian River County,2020-06-22,22.33
Jackson County,2020-06-22,20.97
Jefferson County,2020-06-22,20.39
Lafayette County,2020-06-22,20.02
Lake County,2020-06-22,21.55
Lee County,2020-06-22,23.62
Leon County,2020-06-22,19.99
Levy County,2020-06-22,20.23
Liberty County,2020-06-22,19.96
Madison County,2020-06-22,20.31
Manatee County,2020-06-22,22.67
Marion County,2020-06-22,20.68
Martin County,2020-06-22,23.61
Miami-Dade County,2020-06-22,24.02
Monroe County,2020-06-22,24.79
Nassau County,2020-06-22,21.09
Okaloosa County,2020-06-22,20.77
Okeechobee County,2020-06-22,22.24
Orange County,2020-06-22,22.22
Osceola County,2020-06-22,22.16
Palm Beach County,2020-06-22,23.68
Pasco County,2020-06-22,21.58
Pinellas County,2020-06-22,24.08
Polk County,2020-06-22,22.05
Putnam County,2020-06-22,21.43
St. Johns County,2020-06-22,22.08
St. Lucie County,2020-06-22,22.71
Santa Rosa County,2020-06-22,21.27
Sarasota County,2020-06-22,23.04
Seminole County,2020-06-22,22.32
Sumter County,2020-06-22,20.8
Suwannee County,2020-06-22,20.05
Taylor County,2020-06-22,20.62
Union County,2020-06-22,19.69
Volusia County,2020-06-22,21.93
Wakulla County,2020-06-22,20.3
Walton County,2020-06-22,20.94
Washington County,2020-06-22,21.04
Alachua County,2020-06-23,20.79
Baker County,2020-06-23,20.56
Bay County,2020-06-23,21.99
Bradford County,2020-06-23,20.42
Brevard County,2020-06-23,22.77
Broward County,2020-06-23,24.1
Calhoun County,2020-06-23,20.96
Charlotte County,2020-06-23,22.97
Citrus County,2020-06-23,21.65
Clay County,2020-06-23,21.25
Collier County,2020-06-23,22.58
Columbia County,2020-06-23,20.6
DeSoto County,2020-06-23,22.08
Dixie County,2020-06-23,21.58
Duval County,2020-06-23,21.76
Escambia County,2020-06-23,22.24
Flagler County,2020-06-23,22.26
Franklin County,2020-06-23,21.27
Gadsden County,2020-06-23,20.61
Gilchrist County,2020-06-23,21.0
Glades County,2020-06-23,22.16
Gulf County,2020-06-23,21.22
Hamilton County,2020-06-23,20.54
Hardee County,2020-06-23,21.94
Hendry County,2020-06-23,22.31
Hernando County,2020-06-23,21.81
Highlands County,2020-06-23,21.87
Hillsborough County,2020-06-23,23.01
Holmes County,2020-06-23,21.46
Indian River County,2020-06-23,22.89
Jackson County,2020-06-23,21.43
Jefferson County,2020-06-23,21.34
Lafayette County,2020-06-23,21.4
Lake County,2020-06-23,21.83
Lee County,2020-06-23,23.13
Leon County,2020-06-23,20.86
Levy County,2020-06-23,21.46
Liberty County,2020-06-23,20.57
Madison County,2020-06-23,21.27
Manatee County,2020-06-23,22.84
Marion County,2020-06-23,21.26
Martin County,2020-06-23,24.24
Miami-Dade County,2020-06-23,24.53
Monroe County,2020-06-23,25.25
Nassau County,2020-06-23,21.73
Okaloosa County,2020-06-23,21.8
Okeechobee County,2020-06-23,22.52
Orange County,2020-06-23,22.27
Osceola County,2020-06-23,22.23
Palm Beach County,2020-06-23,24.12
Pasco County,2020-06-23,22.25
Pinellas County,2020-06-23,24.32
Polk County,2020-06-23,22.22
Putnam County,2020-06-23,21.84
St. Johns County,2020-06-23,22.52
St. Lucie County,2020-06-23,23.43
Santa Rosa County,2020-06-23,22.03
Sarasota County,2020-06-23,22.95
Seminole County,2020-06-23,22.39
Sumter County,2020-06-23,21.39
Suwannee County,2020-06-23,21.03
Taylor County,2020-06-23,21.8
Union County,2020-06-23,20.27
Volusia County,2020-06-23,22.09
Wakulla County,2020-06-23,20.99
Walton County,2020-06-23,21.65
Washington County,2020-06-23,21.47
Alachua County,2020-06-24,22.44
Baker County,2020-06-24,21.65
Bay County,2020-06-24,23.17
Bradford County,2020-06-24,22.0
Brevard County,2020-06-24,23.4
Broward County,2020-06-24,24.5
Calhoun County,2020-06-24,22.31
Charlotte County,2020-06-24,23.65
Citrus County,2020-06-24,23.56
Clay County,2020-06-24,22.94
Collier County,2020-06-24,23.31
Columbia County,2020-06-24,21.51
DeSoto County,2020-06-24,22.69
Dixie County,2020-06-24,22.59
Duval County,2020-06-24,23.38
Escambia County,2020-06-24,22.19
Flagler County,2020-06-24,23.7
Franklin County,2020-06-24,22.86
Gadsden County,2020-06-24,21.75
Gilchrist County,2020-06-24,22.1
Glades County,2020-06-24,22.66
Gulf County,2020-06-24,22.81
Hamilton County,2020-06-24,21.15
Hardee County,2020-06-24,22.5
Hendry County,2020-06-24,22.96
Hernando County,2020-06-24,23.61
Highlands County,2020-06-24,22.27
Hillsborough County,2020-06-24,24.14
Holmes County,2020-06-24,22.19
Indian River County,2020-06-24,23.03
Jackson County,2020-06-24,22.42
Jefferson County,2020-06-24,22.09
Lafayette County,2020-06-24,22.09
Lake County,2020-06-24,23.25
Lee County,2020-06-24,23.87
Leon County,2020-06-24,21.9
Levy County,2020-06-24,22.98
Liberty County,2020-06-24,22.06
Madison County,2020-06-24,21.79
Manatee County,2020-06-24,23.55
Marion County,2020-06-24,23.1
Martin County,2020-06-24,24.28
Miami-Dade County,2020-06-24,25.01
Monroe County,2020-06-24,25.83
Nassau County,2020-06-24,22.99
Okaloosa County,2020-06-24,22.15
Okeechobee County,2020-06-24,22.76
Orange County,2020-06-24,23.17
Osceola County,2020-06-24,22.73
Palm Beach County,2020-06-24,24.33
Pasco County,2020-06-24,23.8
Pinellas County,2020-06-24,25.57
Polk County,2020-06-24,22.96
Putnam County,2020-06-24,23.57
St. Johns County,2020-06-24,24.22
St. Lucie County,2020-06-24,23.44
Santa Rosa County,2020-06-24,22.18
Sarasota County,2020-06-24,23.6
Seminole County,2020-06-24,23.35
Sumter County,2020-06-24,23.2
Suwannee County,2020-06-24,21.69
Taylor County,2020-06-24,22.6
Union County,2020-06-24,21.56
Volusia County,2020-06-24,23.27
Wakulla County,2020-06-24,22.3
Walton County,2020-06-24,22.29
Washington County,2020-06-24,22.49
Alachua County,2020-06-25,22.52
Baker County,2020-06-25,21.26
Bay County,2020-06-25,24.67
Bradford County,2020-06-25,21.69
Brevard County,2020-06-25,23.81
Broward County,2020-06-25,25.09
Calhoun County,2020-06-25,23.42
Charlotte County,2020-06-25,24.26
Citrus County,2020-06-25,23.87
Clay County,2020-06-25,22.01
Collier County,2020-06-25,23.47
Columbia County,2020-06-25,21.7
DeSoto County,2020-06-25,23.42
Dixie County,2020-06-25,23.34
Duval County,2020-06-25,21.84
Escambia County,2020-06-25,22.69
Flagler County,2020-06-25,22.91
Franklin County,2020-06-25,23.93
Gadsden County,2020-06-25,22.56
Gilchrist County,2020-06-25,22.58
Glades County,2020-06-25,23.25
Gulf County,2020-06-25,24.03
Hamilton County,2020-06-25,21.62
Hardee County,2020-06-25,23.36
Hendry County,2020-06-25,23.34
Hernando County,2020-06-25,24.05
Highlands County,2020-06-25,23.07
Hillsborough County,2020-06-25,25.01
Holmes County,2020-06-25,22.82
Indian River County,2020-06-25,23.53
Jackson County,2020-06-25,23.36
Jefferson County,2020-06-25,22.84
Lafayette County,2020-06-25,22.83
Lake County,2020-06-25,23.14
Lee County,2020-06-25,24.25
Leon County,2020-06-25,22.59
Levy County,2020-06-25,23.43
Liberty County,2020-06-25,22.92
Madison County,2020-06-25,22.54
Manatee County,2020-06-25,24.44
Marion County,2020-06-25,22.93
Martin County,2020-06-25,24.98
Miami-Dade County,2020-06-25,25.45
Monroe County,2020-06-25,26.1
Nassau County,2020-06-25,21.71
Okaloosa County,2020-06-25,22.74
Okeechobee County,2020-06-25,23.42
Orange County,2020-06-25,23.35
Osceola County,2020-06-25,23.25
Palm Beach County,2020-06-25,25.09
Pasco County,2020-06-25,24.42
Pinellas County,2020-06-25,26.84
Polk County,2020-06-25,23.61
Putnam County,2020-06-25,22.88
St. Johns County,2020-06-25,22.85
St. Lucie County,2020-06-25,24.0
Santa Rosa County,2020-06-25,22.67
Sarasota County,2020-06-25,24.39
Seminole County,2020-06-25,23.38
Sumter County,2020-06-25,23.15
Suwannee County,2020-06-25,22.3
Taylor County,2020-06-25,23.47
Union County,2020-06-25,21.53
Volusia County,2020-06-25,23.04
Wakulla County,2020-06-25,23.11
Walton County,2020-06-25,23.11
Washington County,2020-06-25,23.48
Alachua County,2020-06-26,22.17
Baker County,2020-06-26,21.39
Bay County,2020-06-26,24.37
Bradford County,2020-06-26,21.5
Brevard County,2020-06-26,23.71
Broward County,2020-06-26,25.64
Calhoun County,2020-06-26,22.94
Charlotte County,2020-06-26,24.35
Citrus County,2020-06-26,23.44
Clay County,2020-06-26,21.85
Collier County,2020-06-26,23.86
Columbia County,2020-06-26,21.56
DeSoto County,2020-06-26,23.47
Dixie County,2020-06-26,22.86
Duval County,2020-06-26,21.87
Escambia County,2020-06-26,24.0
Flagler County,2020-06-26,22.14
Franklin County,2020-06-26,23.87
Gadsden County,2020-06-26,22.0
Gilchrist County,2020-06-26,22.25
Glades County,2020-06-26,23.41
Gulf County,2020-06-26,24.07
Hamilton County,2020-06-26,21.34
Hardee County,2020-06-26,23.29
Hendry County,2020-06-26,23.61
Hernando County,2020-06-26,23.6
Highlands County,2020-06-26,23.09
Hillsborough County,2020-06-26,24.55
Holmes County,2020-06-26,22.48
Indian River County,2020-06-26,23.57
Jackson County,2020-06-26,22.58
Jefferson County,2020-06-26,22.33
Lafayette County,2020-06-26,22.29
Lake County,2020-06-26,22.96
Lee County,2020-06-26,24.46
Leon County,2020-06-26,22.17
Levy County,2020-06-26,23.07
Liberty County,2020-06-26,22.72
Madison County,2020-06-26,22.01
Manatee County,2020-06-26,24.23
Marion County,2020-06-26,22.63
Martin County,2020-06-26,24.87
Miami-Dade County,2020-06-26,26.2
Monroe County,2020-06-26,26.6
Nassau County,2020-06-26,22.0
Okaloosa County,2020-06-26,23.49
Okeechobee County,2020-06-26,23.41
Orange County,2020-06-26,23.25
Osceola County,2020-06-26,23.24
Palm Beach County,2020-06-26,25.22
Pasco County,2020-06-26,23.94
Pinellas County,2020-06-26,25.81
Polk County,2020-06-26,23.5
Putnam County,2020-06-26,22.47
St. Johns County,2020-06-26,22.23
St. Lucie County,2020-06-26,23.93
Santa Rosa County,2020-06-26,23.83
Sarasota County,2020-06-26,24.3
Seminole County,2020-06-26,23.18
Sumter County,2020-06-26,23.0
Suwannee County,2020-06-26,21.85
Taylor County,2020-06-26,22.88
Union County,2020-06-26,21.36
Volusia County,2020-06-26,22.51
Wakulla County,2020-06-26,22.79
Walton County,2020-06-26,23.31
Washington County,2020-06-26,23.1
Alachua County,2020-06-27,23.0
Baker County,2020-06-27,22.44
Bay County,2020-06-27,23.79
Bradford County,2020-06-27,22.71
Brevard County,2020-06-27,23.88
Broward County,2020-06-27,25.42
Calhoun County,2020-06-27,22.57
Charlotte County,2020-06-27,24.33
Citrus County,2020-06-27,23.57
Clay County,2020-06-27,23.57
Collier County,2020-06-27,23.84
Columbia County,2020-06-27,22.25
DeSoto County,2020-06-27,23.22
Dixie County,2020-06-27,23.24
Duval County,2020-06-27,23.91
Escambia County,2020-06-27,22.29
Flagler County,2020-06-27,24.18
Franklin County,2020-06-27,23.66
Gadsden County,2020-06-27,22.09
Gilchrist County,2020-06-27,22.71
Glades County,2020-06-27,22.88
Gulf County,2020-06-27,23.45
Hamilton County,2020-06-27,21.88
Hardee County,2020-06-27,22.99
Hendry County,2020-06-27,23.25
Hernando County,2020-06-27,23.49
Highlands County,2020-06-27,22.62
Hillsborough County,2020-06-27,24.36
Holmes County,2020-06-27,22.21
Indian River County,2020-06-27,23.54
Jackson County,2020-06-27,22.54
Jefferson County,2020-06-27,22.81
Lafayette County,2020-06-27,22.87
Lake County,2020-06-27,23.33
Lee County,2020-06-27,24.59
Leon County,2020-06-27,22.45
Levy County,2020-06-27,23.34
Liberty County,2020-06-27,22.43
Madison County,2020-06-27,22.57
Manatee County,2020-06-27,24.07
Marion County,2020-06-27,23.36
Martin County,2020-06-27,24.92
Miami-Dade County,2020-06-27,26.03
Monroe County,2020-06-27,26.68
Nassau County,2020-06-27,23.62
Okaloosa County,2020-06-27,22.1
Okeechobee County,2020-06-27,23.03
Orange County,2020-06-27,23.27
Osceola County,2020-06-27,22.9
Palm Beach County,2020-06-27,24.92
Pasco County,2020-06-27,23.7
Pinellas County,2020-06-27,25.84
Polk County,2020-06-27,23.17
Putnam County,2020-06-27,24.11
St. Johns County,2020-06-27,24.77
St. Lucie County,2020-06-27,24.07
Santa Rosa County,2020-06-27,22.16
Sarasota County,2020-06-27,24.27
Seminole County,2020-06-27,23.55
Sumter County,2020-06-27,23.12
Suwannee County,2020-06-27,22.47
Taylor County,2020-06-27,23.44
Union County,2020-06-27,22.3
Volusia County,2020-06-27,23.66
Wakulla County,2020-06-27,22.97
Walton County,2020-06-27,22.4
Washington County,2020-06-27,22.7
Alachua County,2020-06-28,22.62
Baker County,2020-06-28,21.52
Bay County,2020-06-28,24.07
Bradford County,2020-06-28,22.16
Brevard County,2020-06-28,24.1
Broward County,2020-06-28,24.86
Calhoun County,2020-06-28,22.85
Charlotte County,2020-06-28,24.19
Citrus County,2020-06-28,24.14
Clay County,2020-06-28,23.14
Collier County,2020-06-28,23.57
Columbia County,2020-06-28,21.0
DeSoto County,2020-06-28,23.11
Dixie County,2020-06-28,22.46
Duval County,2020-06-28,23.44
Escambia County,2020-06-28,22.5
Flagler County,2020-06-28,24.2
Franklin County,2020-06-28,23.41
Gadsden County,2020-06-28,22.33
Gilchrist County,2020-06-28,21.87
Glades County,2020-06-28,22.63
Gulf County,2020-06-28,23.36
Hamilton County,2020-06-28,20.18
Hardee County,2020-06-28,23.07
Hendry County,2020-06-28,22.89
Hernando County,2020-06-28,24.25
Highlands County,2020-06-28,22.52
Hillsborough County,2020-06-28,24.89
Holmes County,2020-06-28,22.81
Indian River County,2020-06-28,23.36
Jackson County,2020-06-28,23.15
Jefferson County,2020-06-28,22.24
Lafayette County,2020-06-28,21.57
Lake County,2020-06-28,24.11
Lee County,2020-06-28,24.42
Leon County,2020-06-28,22.3
Levy County,2020-06-28,23.19
Liberty County,2020-06-28,22.41
Madison County,2020-06-28,21.34
Manatee County,2020-06-28,24.2
Marion County,2020-06-28,23.68
Martin County,2020-06-28,24.51
Miami-Dade County,2020-06-28,25.64
Monroe County,2020-06-28,26.56
Nassau County,2020-06-28,23.14
Okaloosa County,2020-06-28,22.35
Okeechobee County,2020-06-28,22.78
Orange County,2020-06-28,24.03
Osceola County,2020-06-28,23.28
Palm Beach County,2020-06-28,24.45
Pasco County,2020-06-28,24.44
Pinellas County,2020-06-28,26.42
Polk County,2020-06-28,23.69
Putnam County,2020-06-28,24.01
St. Johns County,2020-06-28,24.51
St. Lucie County,2020-06-28,23.74
Santa Rosa County,2020-06-28,22.37
Sarasota County,2020-06-28,24.29
Seminole County,2020-06-28,24.19
Sumter County,2020-06-28,23.92
Suwannee County,2020-06-28,20.91
Taylor County,2020-06-28,22.45
Union County,2020-06-28,21.47
Volusia County,2020-06-28,24.0
Wakulla County,2020-06-28,22.69
Walton County,2020-06-28,22.75
Washington County,2020-06-28,23.1
Alachua County,2020-06-29,23.0
Baker County,2020-06-29,22.24
Bay County,2020-06-29,25.12
Bradford County,2020-06-29,22.4
Brevard County,2020-06-29,24.09
Broward County,2020-06-29,24.59
Calhoun County,2020-06-29,23.49
Charlotte County,2020-06-29,23.64
Citrus County,2020-06-29,24.31
Clay County,2020-06-29,23.14
Collier County,2020-06-29,22.71
Columbia County,2020-06-29,22.3
DeSoto County,2020-06-29,22.95
Dixie County,2020-06-29,23.71
Duval County,2020-06-29,23.58
Escambia County,2020-06-29,24.11
Flagler County,2020-06-29,23.91
Franklin County,2020-06-29,24.39
Gadsden County,2020-06-29,22.76
Gilchrist County,2020-06-29,23.02
Glades County,2020-06-29,22.59
Gulf County,2020-06-29,24.32
Hamilton County,2020-06-29,22.27
Hardee County,2020-06-29,23.08
Hendry County,2020-06-29,22.6
Hernando County,2020-06-29,24.29
Highlands County,2020-06-29,22.63
Hillsborough County,2020-06-29,24.79
Holmes County,2020-06-29,23.34
Indian River County,2020-06-29,23.45
Jackson County,2020-06-29,23.49
Jefferson County,2020-06-29,23.35
Lafayette County,2020-06-29,23.15
Lake County,2020-06-29,23.95
Lee County,2020-06-29,23.5
Leon County,2020-06-29,22.96
Levy County,2020-06-29,23.9
Liberty County,2020-06-29,23.12
Madison County,2020-06-29,23.08
Manatee County,2020-06-29,24.1
Marion County,2020-06-29,23.67
Martin County,2020-06-29,24.39
Miami-Dade County,2020-06-29,25.27
Monroe County,2020-06-29,25.62
Nassau County,2020-06-29,23.52
Okaloosa County,2020-06-29,23.92
Okeechobee County,2020-06-29,23.01
Orange County,2020-06-29,23.89
Osceola County,2020-06-29,23.4
Palm Beach County,2020-06-29,24.32
Pasco County,2020-06-29,24.44
Pinellas County,2020-06-29,26.31
Polk County,2020-06-29,23.71
Putnam County,2020-06-29,23.83
St. Johns County,2020-06-29,24.37
St. Lucie County,2020-06-29,23.69
Santa Rosa County,2020-06-29,24.05
Sarasota County,2020-06-29,23.94
Seminole County,2020-06-29,23.97
Sumter County,2020-06-29,23.93
Suwannee County,2020-06-29,22.72
Taylor County,2020-06-29,23.83
Union County,2020-06-29,22.14
Volusia County,2020-06-29,23.74
Wakulla County,2020-06-29,23.45
Walton County,2020-06-29,23.93
Washington County,2020-06-29,23.79
Alachua County,2020-06-30,23.63
Baker County,2020-06-30,23.36
Bay County,2020-06-30,24.66
Bradford County,2020-06-30,23.39
Brevard County,2020-06-30,24.23
Broward County,2020-06-30,23.49
Calhoun County,2020-06-30,23.84
Charlotte County,2020-06-30,23.17
Citrus County,2020-06-30,24.21
Clay County,2020-06-30,24.25
Collier County,2020-06-30,22.0
Columbia County,2020-06-30,23.14
DeSoto County,2020-06-30,22.64
Dixie County,2020-06-30,23.76
Duval County,2020-06-30,24.81
Escambia County,2020-06-30,24.76
Flagler County,2020-06-30,24.58
Franklin County,2020-06-30,24.21
Gadsden County,2020-06-30,23.52
Gilchrist County,2020-06-30,23.36
Glades County,2020-06-30,22.4
Gulf County,2020-06-30,24.04
Hamilton County,2020-06-30,22.89
Hardee County,2020-06-30,22.98
Hendry County,2020-06-30,22.13
Hernando County,2020-06-30,24.22
Highlands County,2020-06-30,22.66
Hillsborough County,2020-06-30,24.75
Holmes County,2020-06-30,23.89
Indian River County,2020-06-30,23.76
Jackson County,2020-06-30,24.24
Jefferson County,2020-06-30,23.83
Lafayette County,2020-06-30,23.53
Lake County,2020-06-30,24.14
Lee County,2020-06-30,22.96
Leon County,2020-06-30,23.63
Levy County,2020-06-30,23.89
Liberty County,2020-06-30,23.53
Madison County,2020-06-30,23.54
Manatee County,2020-06-30,23.9
Marion County,2020-06-30,24.01
Martin County,2020-06-30,24.45
Miami-Dade County,2020-06-30,23.54
Monroe County,2020-06-30,24.52
Nassau County,2020-06-30,24.76
Okaloosa County,2020-06-30,23.98
Okeechobee County,2020-06-30,23.28
Orange County,2020-06-30,24.06
Osceola County,2020-06-30,23.64
Palm Beach County,2020-06-30,23.93
Pasco County,2020-06-30,24.44
Pinellas County,2020-06-30,26.35
Polk County,2020-06-30,23.79
Putnam County,2020-06-30,24.67
St. Johns County,2020-06-30,25.37
St. Lucie County,2020-06-30,23.92
Santa Rosa County,2020-06-30,24.41
Sarasota County,2020-06-30,23.57
Seminole County,2020-06-30,24.2
Sumter County,2020-06-30,23.94
Suwannee County,2020-06-30,23.26
Taylor County,2020-06-30,24.08
Union County,2020-06-30,23.07
Volusia County,2020-06-30,24.05
Wakulla County,2020-06-30,23.81
Walton County,2020-06-30,23.86
Washington County,2020-06-30,24.07
Alachua County,2020-07-01,22.54
Baker County,2020-07-01,21.12
Bay County,2020-07-01,23.98
Bradford County,2020-07-01,22.02
Brevard County,2020-07-01,24.12
Broward County,2020-07-01,24.34
Calhoun County,2020-07-01,23.03
Charlotte County,2020-07-01,23.83
Citrus County,2020-07-01,24.39
Clay County,2020-07-01,22.82
Collier County,2020-07-01,24.12
Columbia County,2020-07-01,20.66
DeSoto County,2020-07-01,22.87
Dixie County,2020-07-01,22.46
Duval County,2020-07-01,23.15
Escambia County,2020-07-01,24.98
Flagler County,2020-07-01,23.75
Franklin County,2020-07-01,24.18
Gadsden County,2020-07-01,22.43
Gilchrist County,2020-07-01,21.8
Glades County,2020-07-01,23.12
Gulf County,2020-07-01,24.07
Hamilton County,2020-07-01,20.03
Hardee County,2020-07-01,23.04
Hendry County,2020-07-01,23.4
Hernando County,2020-07-01,24.6
Highlands County,2020-07-01,22.89
Hillsborough County,2020-07-01,25.12
Holmes County,2020-07-01,22.47
Indian River County,2020-07-01,23.5
Jackson County,2020-07-01,22.66
Jefferson County,2020-07-01,21.98
Lafayette County,2020-07-01,21.42
Lake County,2020-07-01,24.47
Lee County,2020-07-01,24.45
Leon County,2020-07-01,22.47
Levy County,2020-07-01,23.23
Liberty County,2020-07-01,23.15
Madison County,2020-07-01,21.17
Manatee County,2020-07-01,24.39
Marion County,2020-07-01,23.83
Martin County,2020-07-01,24.72
Miami-Dade County,2020-07-01,24.45
Monroe County,2020-07-01,25.24
Nassau County,2020-07-01,22.64
Okaloosa County,2020-07-01,23.58
Okeechobee County,2020-07-01,23.27
Orange County,2020-07-01,24.5
Osceola County,2020-07-01,23.87
Palm Beach County,2020-07-01,24.49
Pasco County,2020-07-01,24.88
Pinellas County,2020-07-01,26.8
Polk County,2020-07-01,23.92
Putnam County,2020-07-01,23.53
St. Johns County,2020-07-01,23.52
St. Lucie County,2020-07-01,23.91
Santa Rosa County,2020-07-01,24.15
Sarasota County,2020-07-01,24.31
Seminole County,2020-07-01,24.64
Sumter County,2020-07-01,24.16
Suwannee County,2020-07-01,20.72
Taylor County,2020-07-01,22.36
Union County,2020-07-01,21.38
Volusia County,2020-07-01,24.22
Wakulla County,2020-07-01,23.2
Walton County,2020-07-01,23.13
Washington County,2020-07-01,22.81
Alachua County,2020-07-02,21.97
Baker County,2020-07-02,21.15
Bay County,2020-07-02,22.57
Bradford County,2020-07-02,21.47
Brevard County,2020-07-02,23.34
Broward County,2020-07-02,23.12
Calhoun County,2020-07-02,21.8
Charlotte County,2020-07-02,24.17
Citrus County,2020-07-02,24.18
Clay County,2020-07-02,22.02
Collier County,2020-07-02,24.2
Columbia County,2020-07-02,21.12
DeSoto County,2020-07-02,23.11
Dixie County,2020-07-02,22.64
Duval County,2020-07-02,22.53
Escambia County,2020-07-02,21.8
Flagler County,2020-07-02,22.35
Franklin County,2020-07-02,23.15
Gadsden County,2020-07-02,21.65
Gilchrist County,2020-07-02,21.84
Glades County,2020-07-02,22.89
Gulf County,2020-07-02,22.69
Hamilton County,2020-07-02,21.13
Hardee County,2020-07-02,23.14
Hendry County,2020-07-02,23.11
Hernando County,2020-07-02,24.55
Highlands County,2020-07-02,22.79
Hillsborough County,2020-07-02,25.21
Holmes County,2020-07-02,21.39
Indian River County,2020-07-02,22.82
Jackson County,2020-07-02,21.68
Jefferson County,2020-07-02,22.12
Lafayette County,2020-07-02,22.0
Lake County,2020-07-02,23.81
Lee County,2020-07-02,24.79
Leon County,2020-07-02,22.01
Levy County,2020-07-02,22.99
Liberty County,2020-07-02,22.0
Madison County,2020-07-02,21.92
Manatee County,2020-07-02,24.6
Marion County,2020-07-02,23.07
Martin County,2020-07-02,23.24
Miami-Dade County,2020-07-02,23.86
Monroe County,2020-07-02,25.28
Nassau County,2020-07-02,22.28
Okaloosa County,2020-07-02,21.49
Okeechobee County,2020-07-02,22.68
Orange County,2020-07-02,23.75
Osceola County,2020-07-02,23.31
Palm Beach County,2020-07-02,22.86
Pasco County,2020-07-02,24.91
Pinellas County,2020-07-02,27.11
Polk County,2020-07-02,23.73
Putnam County,2020-07-02,22.45
St. Johns County,2020-07-02,22.44
St. Lucie County,2020-07-02,22.92
Santa Rosa County,2020-07-02,21.5
Sarasota County,2020-07-02,24.63
Seminole County,2020-07-02,23.62
Sumter County,2020-07-02,23.84
Suwannee County,2020-07-02,21.56
Taylor County,2020-07-02,22.72
Union County,2020-07-02,21.23
Volusia County,2020-07-02,22.91
Wakulla County,2020-07-02,22.55
Walton County,2020-07-02,21.53
Washington County,2020-07-02,21.55
Alachua County,2020-07-03,21.66
Baker County,2020-07-03,20.59
Bay County,2020-07-03,23.31
Bradford County,2020-07-03,20.97
Brevard County,2020-07-03,23.99
Broward County,2020-07-03,23.31
Calhoun County,2020-07-03,22.52
Charlotte County,2020-07-03,24.0
Citrus County,2020-07-03,24.42
Clay County,2020-07-03,21.76
Collier County,2020-07-03,23.94
Columbia County,2020-07-03,20.68
DeSoto County,2020-07-03,22.99
Dixie County,2020-07-03,23.19
Duval County,2020-07-03,22.39
Escambia County,2020-07-03,22.33
Flagler County,2020-07-03,23.12
Franklin County,2020-07-03,24.01
Gadsden County,2020-07-03,22.45
Gilchrist County,2020-07-03,21.86
Glades County,2020-07-03,22.93
Gulf County,2020-07-03,23.41
Hamilton County,2020-07-03,20.98
Hardee County,2020-07-03,23.13
Hendry County,2020-07-03,22.95
Hernando County,2020-07-03,24.69
Highlands County,2020-07-03,22.98
Hillsborough County,2020-07-03,25.38
Holmes County,2020-07-03,21.91
Indian River County,2020-07-03,23.26
Jackson County,2020-07-03,22.36
Jefferson County,2020-07-03,22.81
Lafayette County,2020-07-03,22.22
Lake County,2020-07-03,23.92
Lee County,2020-07-03,24.55
Leon County,2020-07-03,22.83
Levy County,2020-07-03,23.35
Liberty County,2020-07-03,22.75
Madison County,2020-07-03,22.27
Manatee County,2020-07-03,24.52
Marion County,2020-07-03,23.04
Martin County,2020-07-03,23.5
Miami-Dade County,2020-07-03,24.25
Monroe County,2020-07-03,25.6
Nassau County,2020-07-03,21.98
Okaloosa County,2020-07-03,22.05
Okeechobee County,2020-07-03,23.06
Orange County,2020-07-03,24.13
Osceola County,2020-07-03,23.84
Palm Beach County,2020-07-03,23.07
Pasco County,2020-07-03,25.0
Pinellas County,2020-07-03,27.39
Polk County,2020-07-03,23.9
Putnam County,2020-07-03,22.48
St. Johns County,2020-07-03,22.9
St. Lucie County,2020-07-03,23.21
Santa Rosa County,2020-07-03,22.1
Sarasota County,2020-07-03,24.43
Seminole County,2020-07-03,24.16
Sumter County,2020-07-03,23.77
Suwannee County,2020-07-03,21.49
Taylor County,2020-07-03,23.41
Union County,2020-07-03,20.69
Volusia County,2020-07-03,23.71
Wakulla County,2020-07-03,23.53
Walton County,2020-07-03,22.1
Washington County,2020-07-03,22.14
Alachua County,2020-07-04,21.86
Baker County,2020-07-04,21.09
Bay County,2020-07-04,22.89
Bradford County,2020-07-04,21.43
Brevard County,2020-07-04,23.58
Broward County,2020-07-04,24.02
Calhoun County,2020-07-04,22.32
Charlotte County,2020-07-04,24.49
Citrus County,2020-07-04,23.73
Clay County,2020-07-04,22.25
Collier County,2020-07-04,24.46
Columbia County,2020-07-04,20.82
DeSoto County,2020-07-04,23.33
Dixie County,2020-07-04,22.62
Duval County,2020-07-04,23.02
Escambia County,2020-07-04,22.01
Flagler County,2020-07-04,22.65
Franklin County,2020-07-04,23.47
Gadsden County,2020-07-04,22.2
Gilchrist County,2020-07-04,21.73
Glades County,2020-07-04,23.19
Gulf County,2020-07-04,23.05
Hamilton County,2020-07-04,20.92
Hardee County,2020-07-04,23.21
Hendry County,2020-07-04,23.42
Hernando County,2020-07-04,23.89
Highlands County,2020-07-04,23.06
Hillsborough County,2020-07-04,24.66
Holmes County,2020-07-04,22.03
Indian River County,2020-07-04,23.17
Jackson County,2020-07-04,22.17
Jefferson County,2020-07-04,22.46
Lafayette County,2020-07-04,21.9
Lake County,2020-07-04,23.42
Lee County,2020-07-04,25.22
Leon County,2020-07-04,22.53
Levy County,2020-07-04,22.91
Liberty County,2020-07-04,22.54
Madison County,2020-07-04,21.99
Manatee County,2020-07-04,24.37
Marion County,2020-07-04,22.85
Martin County,2020-07-04,23.69
Miami-Dade County,2020-07-04,24.85
Monroe County,2020-07-04,25.88
Nassau County,2020-07-04,22.71
Okaloosa County,2020-07-04,22.13
Okeechobee County,2020-07-04,23.0
Orange County,2020-07-04,23.54
Osceola County,2020-07-04,23.45
Palm Beach County,2020-07-04,23.52
Pasco County,2020-07-04,24.18
Pinellas County,2020-07-04,26.22
Polk County,2020-07-04,23.61
Putnam County,2020-07-04,22.55
St. Johns County,2020-07-04,23.0
St. Lucie County,2020-07-04,23.27
Santa Rosa County,2020-07-04,21.94
Sarasota County,2020-07-04,24.59
Seminole County,2020-07-04,23.4
Sumter County,2020-07-04,23.35
Suwannee County,2020-07-04,21.32
Taylor County,2020-07-04,22.83
Union County,2020-07-04,21.01
Volusia County,2020-07-04,22.94
Wakulla County,2020-07-04,23.0
Walton County,2020-07-04,22.17
Washington County,2020-07-04,22.18
Alachua County,2020-07-05,21.77
Baker County,2020-07-05,20.4
Bay County,2020-07-05,22.29
Bradford County,2020-07-05,20.99
Brevard County,2020-07-05,22.42
Broward County,2020-07-05,24.1
Calhoun County,2020-07-05,22.25
Charlotte County,2020-07-05,23.42
Citrus County,2020-07-05,23.58
Clay County,2020-07-05,21.39
Collier County,2020-07-05,23.79
Columbia County,2020-07-05,20.59
DeSoto County,2020-07-05,22.85
Dixie County,2020-07-05,22.46
Duval County,2020-07-05,21.29
Escambia County,2020-07-05,21.87
Flagler County,2020-07-05,21.85
Franklin County,2020-07-05,22.77
Gadsden County,2020-07-05,22.67
Gilchrist County,2020-07-05,21.79
Glades County,2020-07-05,22.89
Gulf County,2020-07-05,22.21
Hamilton County,2020-07-05,20.82
Hardee County,2020-07-05,23.05
Hendry County,2020-07-05,23.17
Hernando County,2020-07-05,23.84
Highlands County,2020-07-05,22.85
Hillsborough County,2020-07-05,24.44
Holmes County,2020-07-05,22.05
Indian River County,2020-07-05,22.13
Jackson County,2020-07-05,22.47
Jefferson County,2020-07-05,22.65
Lafayette County,2020-07-05,21.97
Lake County,2020-07-05,23.46
Lee County,2020-07-05,23.86
Leon County,2020-07-05,22.85
Levy County,2020-07-05,22.76
Liberty County,2020-07-05,22.44
Madison County,2020-07-05,22.17
Manatee County,2020-07-05,24.01
Marion County,2020-07-05,22.88
Martin County,2020-07-05,22.8
Miami-Dade County,2020-07-05,25.11
Monroe County,2020-07-05,25.5
Nassau County,2020-07-05,21.04
Okaloosa County,2020-07-05,21.79
Okeechobee County,2020-07-05,22.55
Orange County,2020-07-05,23.19
Osceola County,2020-07-05,22.96
Palm Beach County,2020-07-05,23.24
Pasco County,2020-07-05,24.21
Pinellas County,2020-07-05,25.98
Polk County,2020-07-05,23.49
Putnam County,2020-07-05,22.13
St. Johns County,2020-07-05,21.53
St. Lucie County,2020-07-05,22.18
Santa Rosa County,2020-07-05,21.59
Sarasota County,2020-07-05,23.74
Seminole County,2020-07-05,23.04
Sumter County,2020-07-05,23.44
Suwannee County,2020-07-05,21.36
Taylor County,2020-07-05,22.72
Union County,2020-07-05,20.72
Volusia County,2020-07-05,22.34
Wakulla County,2020-07-05,22.82
Walton County,2020-07-05,21.82
Washington County,2020-07-05,21.95
Alachua County,2020-07-06,22.29
Baker County,2020-07-06,20.53
Bay County,2020-07-06,22.93
Bradford County,2020-07-06,21.19
Brevard County,2020-07-06,22.18
Broward County,2020-07-06,22.58
Calhoun County,2020-07-06,22.86
Charlotte County,2020-07-06,22.84
Citrus County,2020-07-06,23.2
Clay County,2020-07-06,21.27
Collier County,2020-07-06,23.32
Columbia County,2020-07-06,21.42
DeSoto County,2020-07-06,22.45
Dixie County,2020-07-06,22.91
Duval County,2020-07-06,20.89
Escambia County,2020-07-06,22.09
Flagler County,2020-07-06,21.62
Franklin County,2020-07-06,23.38
Gadsden County,2020-07-06,22.9
Gilchrist County,2020-07-06,22.53
Glades County,2020-07-06,22.47
Gulf County,2020-07-06,23.03
Hamilton County,2020-07-06,21.83
Hardee County,2020-07-06,22.62
Hendry County,2020-07-06,22.76
Hernando County,2020-07-06,23.17
Highlands County,2020-07-06,22.46
Hillsborough County,2020-07-06,23.38
Holmes County,2020-07-06,22.34
Indian River County,2020-07-06,21.76
Jackson County,2020-07-06,22.92
Jefferson County,2020-07-06,22.95
Lafayette County,2020-07-06,22.84
Lake County,2020-07-06,23.28
Lee County,2020-07-06,23.25
Leon County,2020-07-06,23.01
Levy County,2020-07-06,22.92
Liberty County,2020-07-06,23.04
Madison County,2020-07-06,22.89
Manatee County,2020-07-06,23.16
Marion County,2020-07-06,22.99
Martin County,2020-07-06,21.83
Miami-Dade County,2020-07-06,23.55
Monroe County,2020-07-06,24.62
Nassau County,2020-07-06,20.6
Okaloosa County,2020-07-06,21.93
Okeechobee County,2020-07-06,22.09
Orange County,2020-07-06,22.97
Osceola County,2020-07-06,22.7
Palm Beach County,2020-07-06,21.87
Pasco County,2020-07-06,23.35
Pinellas County,2020-07-06,24.42
Polk County,2020-07-06,23.09
Putnam County,2020-07-06,22.17
St. Johns County,2020-07-06,21.36
St. Lucie County,2020-07-06,21.57
Santa Rosa County,2020-07-06,21.75
Sarasota County,2020-07-06,22.96
Seminole County,2020-07-06,22.78
Sumter County,2020-07-06,23.25
Suwannee County,2020-07-06,22.4
Taylor County,2020-07-06,23.2
Union County,2020-07-06,21.21
Volusia County,2020-07-06,22.03
Wakulla County,2020-07-06,23.08
Walton County,2020-07-06,22.06
Washington County,2020-07-06,22.44
Alachua County,2020-07-07,22.49
Baker County,2020-07-07,22.07
Bay County,2020-07-07,23.57
Bradford County,2020-07-07,22.16
Brevard County,2020-07-07,22.59
Broward County,2020-07-07,22.93
Calhoun County,2020-07-07,23.44
Charlotte County,2020-07-07,23.38
Citrus County,2020-07-07,23.12
Clay County,2020-07-07,22.47
Collier County,2020-07-07,23.38
Columbia County,2020-07-07,22.1
DeSoto County,2020-07-07,22.66
Dixie County,2020-07-07,22.93
Duval County,2020-07-07,22.91
Escambia County,2020-07-07,22.28
Flagler County,2020-07-07,22.12
Franklin County,2020-07-07,24.05
Gadsden County,2020-07-07,23.47
Gilchrist County,2020-07-07,22.45
Glades County,2020-07-07,22.57
Gulf County,2020-07-07,23.74
Hamilton County,2020-07-07,22.25
Hardee County,2020-07-07,22.6
Hendry County,2020-07-07,22.69
Hernando County,2020-07-07,23.06
Highlands County,2020-07-07,22.48
Hillsborough County,2020-07-07,23.6
Holmes County,2020-07-07,22.87
Indian River County,2020-07-07,22.11
Jackson County,2020-07-07,23.49
Jefferson County,2020-07-07,23.42
Lafayette County,2020-07-07,22.77
Lake County,2020-07-07,22.9
Lee County,2020-07-07,23.81
Leon County,2020-07-07,23.6
Levy County,2020-07-07,22.88
Liberty County,2020-07-07,23.61
Madison County,2020-07-07,23.07
Manatee County,2020-07-07,23.36
Marion County,2020-07-07,22.74
Martin County,2020-07-07,22.4
Miami-Dade County,2020-07-07,24.18
Monroe County,2020-07-07,24.84
Nassau County,2020-07-07,22.79
Okaloosa County,2020-07-07,22.39
Okeechobee County,2020-07-07,22.17
Orange County,2020-07-07,22.86
Osceola County,2020-07-07,22.67
Palm Beach County,2020-07-07,22.22
Pasco County,2020-07-07,23.26
Pinellas County,2020-07-07,24.79
Polk County,2020-07-07,22.92
Putnam County,2020-07-07,22.52
St. Johns County,2020-07-07,22.55
St. Lucie County,2020-07-07,22.11
Santa Rosa County,2020-07-07,22.14
Sarasota County,2020-07-07,23.39
Seminole County,2020-07-07,22.76
Sumter County,2020-07-07,22.81
Suwannee County,2020-07-07,22.52
Taylor County,2020-07-07,23.49
Union County,2020-07-07,22.08
Volusia County,2020-07-07,22.32
Wakulla County,2020-07-07,23.81
Walton County,2020-07-07,22.62
Washington County,2020-07-07,23.02
Alachua County,2020-07-08,22.63
Baker County,2020-07-08,21.54
Bay County,2020-07-08,23.24
Bradford County,2020-07-08,21.78
Brevard County,2020-07-08,23.67
Broward County,2020-07-08,23.57
Calhoun County,2020-07-08,22.71
Charlotte County,2020-07-08,23.64
Citrus County,2020-07-08,23.89
Clay County,2020-07-08,22.22
Collier County,2020-07-08,23.86
Columbia County,2020-07-08,22.15
DeSoto County,2020-07-08,22.76
Dixie County,2020-07-08,23.62
Duval County,2020-07-08,22.75
Escambia County,2020-07-08,22.32
Flagler County,2020-07-08,22.86
Franklin County,2020-07-08,23.77
Gadsden County,2020-07-08,22.69
Gilchrist County,2020-07-08,22.91
Glades County,2020-07-08,22.75
Gulf County,2020-07-08,23.41
Hamilton County,2020-07-08,22.74
Hardee County,2020-07-08,22.72
Hendry County,2020-07-08,23.0
Hernando County,2020-07-08,23.75
Highlands County,2020-07-08,22.59
Hillsborough County,2020-07-08,23.98
Holmes County,2020-07-08,22.22
Indian River County,2020-07-08,22.87
Jackson County,2020-07-08,22.67
Jefferson County,2020-07-08,23.4
Lafayette County,2020-07-08,23.35
Lake County,2020-07-08,23.62
Lee County,2020-07-08,24.2
Leon County,2020-07-08,23.06
Levy County,2020-07-08,23.58
Liberty County,2020-07-08,22.9
Madison County,2020-07-08,23.51
Manatee County,2020-07-08,23.56
Marion County,2020-07-08,23.3
Martin County,2020-07-08,22.91
Miami-Dade County,2020-07-08,24.69
Monroe County,2020-07-08,25.27
Nassau County,2020-07-08,22.69
Okaloosa County,2020-07-08,22.16
Okeechobee County,2020-07-08,22.53
Orange County,2020-07-08,23.67
Osceola County,2020-07-08,23.27
Palm Beach County,2020-07-08,22.75
Pasco County,2020-07-08,23.82
Pinellas County,2020-07-08,25.16
Polk County,2020-07-08,23.3
Putnam County,2020-07-08,22.8
St. Johns County,2020-07-08,22.85
St. Lucie County,2020-07-08,22.73
Santa Rosa County,2020-07-08,22.13
Sarasota County,2020-07-08,23.65
Seminole County,2020-07-08,23.71
Sumter County,2020-07-08,23.47
Suwannee County,2020-07-08,23.01
Taylor County,2020-07-08,23.9
Union County,2020-07-08,21.75
Volusia County,2020-07-08,23.29
Wakulla County,2020-07-08,23.39
Walton County,2020-07-08,22.23
Washington County,2020-07-08,22.36
Alachua County,2020-07-09,23.86
Baker County,2020-07-09,23.05
Bay County,2020-07-09,23.0
Bradford County,2020-07-09,23.47
Brevard County,2020-07-09,24.45
Broward County,2020-07-09,24.16
Calhoun County,2020-07-09,22.6
Charlotte County,2020-07-09,23.78
Citrus County,2020-07-09,24.71
Clay County,2020-07-09,23.81
Collier County,2020-07-09,24.07
Columbia County,2020-07-09,23.14
DeSoto County,2020-07-09,23.02
Dixie County,2020-07-09,24.0
Duval County,2020-07-09,23.93
Escambia County,2020-07-09,21.98
Flagler County,2020-07-09,23.52
Franklin County,2020-07-09,23.49
Gadsden County,2020-07-09,22.58
Gilchrist County,2020-07-09,23.66
Glades County,2020-07-09,23.13
Gulf County,2020-07-09,23.13
Hamilton County,2020-07-09,23.04
Hardee County,2020-07-09,23.18
Hendry County,2020-07-09,23.3
Hernando County,2020-07-09,24.72
Highlands County,2020-07-09,23.04
Hillsborough County,2020-07-09,25.02
Holmes County,2020-07-09,22.12
Indian River County,2020-07-09,23.69
Jackson County,2020-07-09,22.53
Jefferson County,2020-07-09,23.36
Lafayette County,2020-07-09,23.72
Lake County,2020-07-09,24.44
Lee County,2020-07-09,24.25
Leon County,2020-07-09,23.01
Levy County,2020-07-09,24.24
Liberty County,2020-07-09,22.76
Madison County,2020-07-09,23.54
Manatee County,2020-07-09,24.25
Marion County,2020-07-09,24.25
Martin County,2020-07-09,24.18
Miami-Dade County,2020-07-09,24.96
Monroe County,2020-07-09,25.45
Nassau County,2020-07-09,23.36
Okaloosa County,2020-07-09,22.02
Okeechobee County,2020-07-09,23.31
Orange County,2020-07-09,24.54
Osceola County,2020-07-09,24.06
Palm Beach County,2020-07-09,23.87
Pasco County,2020-07-09,24.89
Pinellas County,2020-07-09,26.4
Polk County,2020-07-09,24.0
Putnam County,2020-07-09,23.99
St. Johns County,2020-07-09,23.69
St. Lucie County,2020-07-09,23.72
Santa Rosa County,2020-07-09,21.86
Sarasota County,2020-07-09,24.06
Seminole County,2020-07-09,24.6
Sumter County,2020-07-09,24.3
Suwannee County,2020-07-09,23.48
Taylor County,2020-07-09,23.99
Union County,2020-07-09,23.3
Volusia County,2020-07-09,24.09
Wakulla County,2020-07-09,23.3
Walton County,2020-07-09,22.14
Washington County,2020-07-09,22.31
Alachua County,2020-07-10,24.4
Baker County,2020-07-10,23.1
Bay County,2020-07-10,23.18
Bradford County,2020-07-10,23.72
Brevard County,2020-07-10,25.24
Broward County,2020-07-10,24.2
Calhoun County,2020-07-10,22.46
Charlotte County,2020-07-10,24.91
Citrus County,2020-07-10,25.45
Clay County,2020-07-10,24.01
Collier County,2020-07-10,24.37
Columbia County,2020-07-10,23.4
DeSoto County,2020-07-10,24.07
Dixie County,2020-07-10,24.8
Duval County,2020-07-10,23.9
Escambia County,2020-07-10,23.03
Flagler County,2020-07-10,24.47
Franklin County,2020-07-10,23.45
Gadsden County,2020-07-10,22.42
Gilchrist County,2020-07-10,24.36
Glades County,2020-07-10,23.95
Gulf County,2020-07-10,23.07
Hamilton County,2020-07-10,23.22
Hardee County,2020-07-10,24.15
Hendry County,2020-07-10,23.74
Hernando County,2020-07-10,25.26
Highlands County,2020-07-10,24.04
Hillsborough County,2020-07-10,25.83
Holmes County,2020-07-10,22.4
Indian River County,2020-07-10,24.49
Jackson County,2020-07-10,22.68
Jefferson County,2020-07-10,23.36
Lafayette County,2020-07-10,24.18
Lake County,2020-07-10,24.87
Lee County,2020-07-10,25.26
Leon County,2020-07-10,22.8
Levy County,2020-07-10,25.19
Liberty County,2020-07-10,22.48
Madison County,2020-07-10,23.69
Manatee County,2020-07-10,25.29
Marion County,2020-07-10,24.87
Martin County,2020-07-10,25.02
Miami-Dade County,2020-07-10,24.53
Monroe County,2020-07-10,25.52
Nassau County,2020-07-10,23.24
Okaloosa County,2020-07-10,22.42
Okeechobee County,2020-07-10,24.21
Orange County,2020-07-10,24.95
Osceola County,2020-07-10,24.64
Palm Beach County,2020-07-10,24.39
Pasco County,2020-07-10,25.38
Pinellas County,2020-07-10,27.25
Polk County,2020-07-10,24.62
Putnam County,2020-07-10,24.57
St. Johns County,2020-07-10,24.37
St. Lucie County,2020-07-10,24.59
Santa Rosa County,2020-07-10,22.47
Sarasota County,2020-07-10,25.24
Seminole County,2020-07-10,25.11
Sumter County,2020-07-10,24.75
Suwannee County,2020-07-10,23.83
Taylor County,2020-07-10,24.31
Union County,2020-07-10,23.58
Volusia County,2020-07-10,24.85
Wakulla County,2020-07-10,23.12
Walton County,2020-07-10,22.47
Washington County,2020-07-10,22.41
Alachua County,2020-07-11,23.34
Baker County,2020-07-11,22.12
Bay County,2020-07-11,25.06
Bradford County,2020-07-11,22.67
Brevard County,2020-07-11,24.48
Broward County,2020-07-11,24.51
Calhoun County,2020-07-11,23.72
Charlotte County,2020-07-11,26.6
Citrus County,2020-07-11,24.8
Clay County,2020-07-11,23.17
Collier County,2020-07-11,25.89
Columbia County,2020-07-11,22.24
DeSoto County,2020-07-11,25.55
Dixie County,2020-07-11,23.69
Duval County,2020-07-11,23.6
Escambia County,2020-07-11,24.89
Flagler County,2020-07-11,23.39
Franklin County,2020-07-11,24.14
Gadsden County,2020-07-11,22.59
Gilchrist County,2020-07-11,23.19
Glades County,2020-07-11,25.24
Gulf County,2020-07-11,24.46
Hamilton County,2020-07-11,22.19
Hardee County,2020-07-11,25.19
Hendry County,2020-07-11,25.22
Hernando County,2020-07-11,24.93
Highlands County,2020-07-11,25.0
Hillsborough County,2020-07-11,26.08
Holmes County,2020-07-11,24.32
Indian River County,2020-07-11,24.29
Jackson County,2020-07-11,23.75
Jefferson County,2020-07-11,22.65
Lafayette County,2020-07-11,23.02
Lake County,2020-07-11,24.26
Lee County,2020-07-11,27.18
Leon County,2020-07-11,22.52
Levy County,2020-07-11,24.18
Liberty County,2020-07-11,23.27
Madison County,2020-07-11,22.74
Manatee County,2020-07-11,26.24
Marion County,2020-07-11,24.01
Martin County,2020-07-11,25.0
Miami-Dade County,2020-07-11,24.38
Monroe County,2020-07-11,25.58
Nassau County,2020-07-11,23.34
Okaloosa County,2020-07-11,24.89
Okeechobee County,2020-07-11,24.56
Orange County,2020-07-11,24.3
Osceola County,2020-07-11,24.48
Palm Beach County,2020-07-11,24.66
Pasco County,2020-07-11,25.32
Pinellas County,2020-07-11,27.41
Polk County,2020-07-11,24.96
Putnam County,2020-07-11,23.58
St. Johns County,2020-07-11,23.67
St. Lucie County,2020-07-11,24.5
Santa Rosa County,2020-07-11,24.69
Sarasota County,2020-07-11,26.56
Seminole County,2020-07-11,24.1
Sumter County,2020-07-11,24.35
Suwannee County,2020-07-11,22.64
Taylor County,2020-07-11,23.34
Union County,2020-07-11,22.39
Volusia County,2020-07-11,23.66
Wakulla County,2020-07-11,23.01
Walton County,2020-07-11,24.83
Washington County,2020-07-11,24.33
Alachua County,2020-07-12,23.23
Baker County,2020-07-12,22.58
Bay County,2020-07-12,22.75
Bradford County,2020-07-12,23.09
Brevard County,2020-07-12,24.4
Broward County,2020-07-12,24.15
Calhoun County,2020-07-12,21.88
Charlotte County,2020-07-12,25.78
Citrus County,2020-07-12,24.19
Clay County,2020-07-12,23.82
Collier County,2020-07-12,25.37
Columbia County,2020-07-12,22.07
DeSoto County,2020-07-12,24.75
Dixie County,2020-07-12,22.79
Duval County,2020-07-12,24.42
Escambia County,2020-07-12,22.74
Flagler County,2020-07-12,23.66
Franklin County,2020-07-12,23.04
Gadsden County,2020-07-12,21.39
Gilchrist County,2020-07-12,22.55
Glades County,2020-07-12,24.57
Gulf County,2020-07-12,22.79
Hamilton County,2020-07-12,21.54
Hardee County,2020-07-12,24.47
Hendry County,2020-07-12,24.67
Hernando County,2020-07-12,24.38
Highlands County,2020-07-12,24.27
Hillsborough County,2020-07-12,25.51
Holmes County,2020-07-12,21.48
Indian River County,2020-07-12,24.07
Jackson County,2020-07-12,21.58
Jefferson County,2020-07-12,21.64
Lafayette County,2020-07-12,22.2
Lake County,2020-07-12,24.07
Lee County,2020-07-12,26.36
Leon County,2020-07-12,21.55
Levy County,2020-07-12,23.42
Liberty County,2020-07-12,21.98
Madison County,2020-07-12,21.75
Manatee County,2020-07-12,25.66
Marion County,2020-07-12,23.83
Martin County,2020-07-12,24.64
Miami-Dade County,2020-07-12,24.27
Monroe County,2020-07-12,25.59
Nassau County,2020-07-12,24.07
Okaloosa County,2020-07-12,22.05
Okeechobee County,2020-07-12,24.1
Orange County,2020-07-12,24.13
Osceola County,2020-07-12,24.16
Palm Beach County,2020-07-12,24.28
Pasco County,2020-07-12,24.79
Pinellas County,2020-07-12,27.01
Polk County,2020-07-12,24.39
Putnam County,2020-07-12,23.91
St. Johns County,2020-07-12,24.23
St. Lucie County,2020-07-12,24.19
Santa Rosa County,2020-07-12,22.11
Sarasota County,2020-07-12,25.91
Seminole County,2020-07-12,24.06
Sumter County,2020-07-12,23.95
Suwannee County,2020-07-12,21.98
Taylor County,2020-07-12,22.44
Union County,2020-07-12,22.59
Volusia County,2020-07-12,23.74
Wakulla County,2020-07-12,22.14
Walton County,2020-07-12,21.97
Washington County,2020-07-12,21.66
Alachua County,2020-07-13,22.36
Baker County,2020-07-13,21.75
Bay County,2020-07-13,21.59
Bradford County,2020-07-13,22.08
Brevard County,2020-07-13,24.18
Broward County,2020-07-13,23.97
Calhoun County,2020-07-13,20.85
Charlotte County,2020-07-13,24.23
Citrus County,2020-07-13,23.41
Clay County,2020-07-13,22.56
Collier County,2020-07-13,23.92
Columbia County,2020-07-13,21.71
DeSoto County,2020-07-13,23.57
Dixie County,2020-07-13,22.4
Duval County,2020-07-13,22.83
Escambia County,2020-07-13,21.68
Flagler County,2020-07-13,22.76
Franklin County,2020-07-13,22.05
Gadsden County,2020-07-13,21.0
Gilchrist County,2020-07-13,22.05
Glades County,2020-07-13,23.68
Gulf County,2020-07-13,21.52
Hamilton County,2020-07-13,21.66
Hardee County,2020-07-13,23.63
Hendry County,2020-07-13,23.69
Hernando County,2020-07-13,23.7
Highlands County,2020-07-13,23.6
Hillsborough County,2020-07-13,24.83
Holmes County,2020-07-13,20.68
Indian River County,2020-07-13,23.64
Jackson County,2020-07-13,20.85
Jefferson County,2020-07-13,21.97
Lafayette County,2020-07-13,22.08
Lake County,2020-07-13,23.45
Lee County,2020-07-13,24.51
Leon County,2020-07-13,21.52
Levy County,2020-07-13,22.71
Liberty County,2020-07-13,21.06
Madison County,2020-07-13,22.13
Manatee County,2020-07-13,24.56
Marion County,2020-07-13,22.91
Martin County,2020-07-13,24.02
Miami-Dade County,2020-07-13,24.41
Monroe County,2020-07-13,24.9
Nassau County,2020-07-13,22.42
Okaloosa County,2020-07-13,21.21
Okeechobee County,2020-07-13,23.62
Orange County,2020-07-13,23.84
Osceola County,2020-07-13,23.92
Palm Beach County,2020-07-13,23.79
Pasco County,2020-07-13,24.2
Pinellas County,2020-07-13,26.46
Polk County,2020-07-13,23.92
Putnam County,2020-07-13,22.83
St. Johns County,2020-07-13,22.91
St. Lucie County,2020-07-13,23.62
Santa Rosa County,2020-07-13,21.29
Sarasota County,2020-07-13,24.41
Seminole County,2020-07-13,23.75
Sumter County,2020-07-13,23.14
Suwannee County,2020-07-13,21.95
Taylor County,2020-07-13,22.43
Union County,2020-07-13,21.85
Volusia County,2020-07-13,23.25
Wakulla County,2020-07-13,21.7
Walton County,2020-07-13,20.99
Washington County,2020-07-13,20.73
Alachua County,2020-07-14,22.95
Baker County,2020-07-14,22.48
Bay County,2020-07-14,23.43
Bradford County,2020-07-14,22.67
Brevard County,2020-07-14,24.95
Broward County,2020-07-14,24.5
Calhoun County,2020-07-14,22.67
Charlotte County,2020-07-14,24.46
Citrus County,2020-07-14,23.9
Clay County,2020-07-14,23.22
Collier County,2020-07-14,24.3
Columbia County,2020-07-14,22.44
DeSoto County,2020-07-14,23.67
Dixie County,2020-07-14,23.4
Duval County,2020-07-14,23.67
Escambia County,2020-07-14,23.09
Flagler County,2020-07-14,23.61
Franklin County,2020-07-14,23.86
Gadsden County,2020-07-14,22.68
Gilchrist County,2020-07-14,22.82
Glades County,2020-07-14,23.7
Gulf County,2020-07-14,23.42
Hamilton County,2020-07-14,22.59
Hardee County,2020-07-14,23.79
Hendry County,2020-07-14,23.77
Hernando County,2020-07-14,24.0
Highlands County,2020-07-14,23.71
Hillsborough County,2020-07-14,24.94
Holmes County,2020-07-14,22.33
Indian River County,2020-07-14,24.08
Jackson County,2020-07-14,22.51
Jefferson County,2020-07-14,23.16
Lafayette County,2020-07-14,23.07
Lake County,2020-07-14,23.97
Lee County,2020-07-14,24.92
Leon County,2020-07-14,22.98
Levy County,2020-07-14,23.48
Liberty County,2020-07-14,22.89
Madison County,2020-07-14,23.18
Manatee County,2020-07-14,24.57
Marion County,2020-07-14,23.44
Martin County,2020-07-14,24.33
Miami-Dade County,2020-07-14,24.86
Monroe County,2020-07-14,25.37
Nassau County,2020-07-14,23.36
Okaloosa County,2020-07-14,22.8
Okeechobee County,2020-07-14,23.88
Orange County,2020-07-14,24.53
Osceola County,2020-07-14,24.53
Palm Beach County,2020-07-14,24.3
Pasco County,2020-07-14,24.37
Pinellas County,2020-07-14,26.37
Polk County,2020-07-14,24.34
Putnam County,2020-07-14,23.47
St. Johns County,2020-07-14,23.78
St. Lucie County,2020-07-14,23.89
Santa Rosa County,2020-07-14,22.75
Sarasota County,2020-07-14,24.55
Seminole County,2020-07-14,24.5
Sumter County,2020-07-14,23.53
Suwannee County,2020-07-14,22.83
Taylor County,2020-07-14,23.63
Union County,2020-07-14,22.46
Volusia County,2020-07-14,24.09
Wakulla County,2020-07-14,23.37
Walton County,2020-07-14,22.72
Washington County,2020-07-14,22.42
Alachua County,2020-07-15,23.87
Baker County,2020-07-15,23.49
Bay County,2020-07-15,24.53
Bradford County,2020-07-15,23.68
Brevard County,2020-07-15,23.8
Broward County,2020-07-15,24.31
Calhoun County,2020-07-15,24.18
Charlotte County,2020-07-15,24.35
Citrus County,2020-07-15,24.39
Clay County,2020-07-15,24.0
Collier County,2020-07-15,24.71
Columbia County,2020-07-15,23.33
DeSoto County,2020-07-15,23.53
Dixie County,2020-07-15,23.82
Duval County,2020-07-15,24.43
Escambia County,2020-07-15,23.65
Flagler County,2020-07-15,23.14
Franklin County,2020-07-15,25.25
Gadsden County,2020-07-15,24.02
Gilchrist County,2020-07-15,23.54
Glades County,2020-07-15,23.7
Gulf County,2020-07-15,24.99
Hamilton County,2020-07-15,23.23
Hardee County,2020-07-15,23.65
Hendry County,2020-07-15,23.98
Hernando County,2020-07-15,24.48
Highlands County,2020-07-15,23.53
Hillsborough County,2020-07-15,25.05
Holmes County,2020-07-15,22.64
Indian River County,2020-07-15,23.48
Jackson County,2020-07-15,23.74
Jefferson County,2020-07-15,23.8
Lafayette County,2020-07-15,23.68
Lake County,2020-07-15,24.34
Lee County,2020-07-15,24.98
Leon County,2020-07-15,23.97
Levy County,2020-07-15,23.93
Liberty County,2020-07-15,24.56
Madison County,2020-07-15,23.72
Manatee County,2020-07-15,24.61
Marion County,2020-07-15,24.1
Martin County,2020-07-15,24.08
Miami-Dade County,2020-07-15,24.85
Monroe County,2020-07-15,25.64
Nassau County,2020-07-15,24.21
Okaloosa County,2020-07-15,23.09
Okeechobee County,2020-07-15,23.63
Orange County,2020-07-15,24.33
Osceola County,2020-07-15,24.14
Palm Beach County,2020-07-15,24.02
Pasco County,2020-07-15,24.79
Pinellas County,2020-07-15,26.44
Polk County,2020-07-15,24.31
Putnam County,2020-07-15,23.88
St. Johns County,2020-07-15,23.76
St. Lucie County,2020-07-15,23.56
Santa Rosa County,2020-07-15,23.14
Sarasota County,2020-07-15,24.5
Seminole County,2020-07-15,24.12
Sumter County,2020-07-15,24.25
Suwannee County,2020-07-15,23.53
Taylor County,2020-07-15,24.15
Union County,2020-07-15,23.5
Volusia County,2020-07-15,23.41
Wakulla County,2020-07-15,24.45
Walton County,2020-07-15,23.04
Washington County,2020-07-15,23.16
Alachua County,2020-07-16,22.19
Baker County,2020-07-16,22.07
Bay County,2020-07-16,22.51
Bradford County,2020-07-16,22.19
Brevard County,2020-07-16,23.63
Broward County,2020-07-16,23.44
Calhoun County,2020-07-16,22.1
Charlotte County,2020-07-16,22.74
Citrus County,2020-07-16,22.67
Clay County,2020-07-16,23.01
Collier County,2020-07-16,22.97
Columbia County,2020-07-16,21.64
DeSoto County,2020-07-16,21.88
Dixie County,2020-07-16,22.19
Duval County,2020-07-16,24.02
Escambia County,2020-07-16,21.53
Flagler County,2020-07-16,22.97
Franklin County,2020-07-16,23.01
Gadsden County,2020-07-16,22.08
Gilchrist County,2020-07-16,21.76
Glades County,2020-07-16,22.17
Gulf County,2020-07-16,22.66
Hamilton County,2020-07-16,21.67
Hardee County,2020-07-16,21.82
Hendry County,2020-07-16,22.3
Hernando County,2020-07-16,22.48
Highlands County,2020-07-16,22.0
Hillsborough County,2020-07-16,22.91
Holmes County,2020-07-16,21.57
Indian River County,2020-07-16,22.88
Jackson County,2020-07-16,21.91
Jefferson County,2020-07-16,22.55
Lafayette County,2020-07-16,22.04
Lake County,2020-07-16,22.81
Lee County,2020-07-16,23.3
Leon County,2020-07-16,22.46
Levy County,2020-07-16,22.28
Liberty County,2020-07-16,22.3
Madison County,2020-07-16,22.34
Manatee County,2020-07-16,22.41
Marion County,2020-07-16,22.59
Martin County,2020-07-16,23.51
Miami-Dade County,2020-07-16,24.14
Monroe County,2020-07-16,24.67
Nassau County,2020-07-16,23.83
Okaloosa County,2020-07-16,21.57
Okeechobee County,2020-07-16,22.29
Orange County,2020-07-16,23.05
Osceola County,2020-07-16,22.76
Palm Beach County,2020-07-16,23.13
Pasco County,2020-07-16,22.52
Pinellas County,2020-07-16,23.76
Polk County,2020-07-16,22.43
Putnam County,2020-07-16,22.92
St. Johns County,2020-07-16,23.65
St. Lucie County,2020-07-16,23.05
Santa Rosa County,2020-07-16,21.38
Sarasota County,2020-07-16,22.45
Seminole County,2020-07-16,23.17
Sumter County,2020-07-16,22.45
Suwannee County,2020-07-16,21.85
Taylor County,2020-07-16,22.76
Union County,2020-07-16,21.81
Volusia County,2020-07-16,23.07
Wakulla County,2020-07-16,22.8
Walton County,2020-07-16,21.69
Washington County,2020-07-16,21.78
Alachua County,2020-07-17,22.02
Baker County,2020-07-17,21.57
Bay County,2020-07-17,22.91
Bradford County,2020-07-17,21.8
Brevard County,2020-07-17,24.64
Broward County,2020-07-17,23.59
Calhoun County,2020-07-17,22.18
Charlotte County,2020-07-17,23.43
Citrus County,2020-07-17,22.67
Clay County,2020-07-17,22.57
Collier County,2020-07-17,23.58
Columbia County,2020-07-17,21.41
DeSoto County,2020-07-17,22.67
Dixie County,2020-07-17,22.43
Duval County,2020-07-17,23.28
Escambia County,2020-07-17,22.13
Flagler County,2020-07-17,23.27
Franklin County,2020-07-17,23.26
Gadsden County,2020-07-17,22.2
Gilchrist County,2020-07-17,21.83
Glades County,2020-07-17,23.19
Gulf County,2020-07-17,22.84
Hamilton County,2020-07-17,21.49
Hardee County,2020-07-17,22.52
Hendry County,2020-07-17,23.18
Hernando County,2020-07-17,22.47
Highlands County,2020-07-17,22.95
Hillsborough County,2020-07-17,23.04
Holmes County,2020-07-17,21.79
Indian River County,2020-07-17,24.02
Jackson County,2020-07-17,22.09
Jefferson County,2020-07-17,22.64
Lafayette County,2020-07-17,22.16
Lake County,2020-07-17,23.11
Lee County,2020-07-17,23.95
Leon County,2020-07-17,22.6
Levy County,2020-07-17,22.4
Liberty County,2020-07-17,22.37
Madison County,2020-07-17,22.33
Manatee County,2020-07-17,22.8
Marion County,2020-07-17,22.62
Martin County,2020-07-17,24.47
Miami-Dade County,2020-07-17,23.81
Monroe County,2020-07-17,24.47
Nassau County,2020-07-17,22.92
Okaloosa County,2020-07-17,21.94
Okeechobee County,2020-07-17,23.4
Orange County,2020-07-17,23.65
Osceola County,2020-07-17,23.59
Palm Beach County,2020-07-17,23.75
Pasco County,2020-07-17,22.55
Pinellas County,2020-07-17,23.8
Polk County,2020-07-17,22.98
Putnam County,2020-07-17,22.85
St. Johns County,2020-07-17,23.45
St. Lucie County,2020-07-17,24.15
Santa Rosa County,2020-07-17,21.86
Sarasota County,2020-07-17,22.95
Seminole County,2020-07-17,23.82
Sumter County,2020-07-17,22.52
Suwannee County,2020-07-17,21.82
Taylor County,2020-07-17,22.98
Union County,2020-07-17,21.51
Volusia County,2020-07-17,23.67
Wakulla County,2020-07-17,23.04
Walton County,2020-07-17,22.01
Washington County,2020-07-17,21.95
Alachua County,2020-07-18,22.37
Baker County,2020-07-18,21.66
Bay County,2020-07-18,23.51
Bradford County,2020-07-18,22.11
Brevard County,2020-07-18,24.61
Broward County,2020-07-18,22.47
Calhoun County,2020-07-18,22.77
Charlotte County,2020-07-18,23.46
Citrus County,2020-07-18,23.4
Clay County,2020-07-18,23.05
Collier County,2020-07-18,23.3
Columbia County,2020-07-18,21.37
DeSoto County,2020-07-18,22.86
Dixie County,2020-07-18,22.61
Duval County,2020-07-18,23.6
Escambia County,2020-07-18,22.88
Flagler County,2020-07-18,24.23
Franklin County,2020-07-18,23.76
Gadsden County,2020-07-18,22.58
Gilchrist County,2020-07-18,21.98
Glades County,2020-07-18,23.12
Gulf County,2020-07-18,23.48
Hamilton County,2020-07-18,21.3
Hardee County,2020-07-18,22.9
Hendry County,2020-07-18,23.03
Hernando County,2020-07-18,23.35
Highlands County,2020-07-18,23.07
Hillsborough County,2020-07-18,23.9
Holmes County,2020-07-18,22.37
Indian River County,2020-07-18,23.09
Jackson County,2020-07-18,22.62
Jefferson County,2020-07-18,22.72
Lafayette County,2020-07-18,22.11
Lake County,2020-07-18,23.99
Lee County,2020-07-18,23.81
Leon County,2020-07-18,22.85
Levy County,2020-07-18,22.84
Liberty County,2020-07-18,22.91
Madison County,2020-07-18,22.24
Manatee County,2020-07-18,23.35
Marion County,2020-07-18,23.33
Martin County,2020-07-18,22.8
Miami-Dade County,2020-07-18,22.79
Monroe County,2020-07-18,23.65
Nassau County,2020-07-18,22.95
Okaloosa County,2020-07-18,22.65
Okeechobee County,2020-07-18,22.94
Orange County,2020-07-18,24.46
Osceola County,2020-07-18,23.91
Palm Beach County,2020-07-18,22.44
Pasco County,2020-07-18,23.53
Pinellas County,2020-07-18,24.87
Polk County,2020-07-18,23.56
Putnam County,2020-07-18,23.6
St. Johns County,2020-07-18,24.18
St. Lucie County,2020-07-18,22.67
Santa Rosa County,2020-07-18,22.62
Sarasota County,2020-07-18,23.21
Seminole County,2020-07-18,24.77
Sumter County,2020-07-18,23.3
Suwannee County,2020-07-18,21.69
Taylor County,2020-07-18,22.99
Union County,2020-07-18,21.65
Volusia County,2020-07-18,24.64
Wakulla County,2020-07-18,23.31
Walton County,2020-07-18,22.64
Washington County,2020-07-18,22.58
Alachua County,2020-07-19,22.18
Baker County,2020-07-19,21.31
Bay County,2020-07-19,24.06
Bradford County,2020-07-19,21.73
Brevard County,2020-07-19,24.94
Broward County,2020-07-19,22.95
Calhoun County,2020-07-19,23.25
Charlotte County,2020-07-19,23.89
Citrus County,2020-07-19,23.83
Clay County,2020-07-19,22.64
Collier County,2020-07-19,23.67
Columbia County,2020-07-19,21.11
DeSoto County,2020-07-19,23.31
Dixie County,2020-07-19,22.83
Duval County,2020-07-19,23.47
Escambia County,2020-07-19,23.44
Flagler County,2020-07-19,23.92
Franklin County,2020-07-19,23.99
Gadsden County,2020-07-19,22.93
Gilchrist County,2020-07-19,22.0
Glades County,2020-07-19,23.43
Gulf County,2020-07-19,23.84
Hamilton County,2020-07-19,21.31
Hardee County,2020-07-19,23.32
Hendry County,2020-07-19,23.35
Hernando County,2020-07-19,23.77
Highlands County,2020-07-19,23.43
Hillsborough County,2020-07-19,24.18
Holmes County,2020-07-19,23.06
Indian River County,2020-07-19,23.63
Jackson County,2020-07-19,23.24
Jefferson County,2020-07-19,22.98
Lafayette County,2020-07-19,22.23
Lake County,2020-07-19,24.06
Lee County,2020-07-19,24.19
Leon County,2020-07-19,23.11
Levy County,2020-07-19,23.1
Liberty County,2020-07-19,23.2
Madison County,2020-07-19,22.46
Manatee County,2020-07-19,23.69
Marion County,2020-07-19,23.3
Martin County,2020-07-19,23.3
Miami-Dade County,2020-07-19,23.44
Monroe County,2020-07-19,24.05
Nassau County,2020-07-19,23.02
Okaloosa County,2020-07-19,23.18
Okeechobee County,2020-07-19,23.37
Orange County,2020-07-19,24.55
Osceola County,2020-07-19,24.24
Palm Beach County,2020-07-19,22.81
Pasco County,2020-07-19,23.84
Pinellas County,2020-07-19,24.79
Polk County,2020-07-19,23.96
Putnam County,2020-07-19,23.14
St. Johns County,2020-07-19,23.91
St. Lucie County,2020-07-19,23.26
Santa Rosa County,2020-07-19,23.14
Sarasota County,2020-07-19,23.64
Seminole County,2020-07-19,24.64
Sumter County,2020-07-19,23.69
Suwannee County,2020-07-19,21.69
Taylor County,2020-07-19,23.23
Union County,2020-07-19,21.29
Volusia County,2020-07-19,24.44
Wakulla County,2020-07-19,23.56
Walton County,2020-07-19,23.27
Washington County,2020-07-19,23.24
Alachua County,2020-07-20,22.48
Baker County,2020-07-20,21.87
Bay County,2020-07-20,24.19
Bradford County,2020-07-20,22.12
Brevard County,2020-07-20,24.72
Broward County,2020-07-20,24.49
Calhoun County,2020-07-20,23.31
Charlotte County,2020-07-20,23.51
Citrus County,2020-07-20,23.63
Clay County,2020-07-20,22.91
Collier County,2020-07-20,23.5
Columbia County,2020-07-20,21.91
DeSoto County,2020-07-20,23.02
Dixie County,2020-07-20,22.72
Duval County,2020-07-20,23.48
Escambia County,2020-07-20,23.5
Flagler County,2020-07-20,23.99
Franklin County,2020-07-20,24.01
Gadsden County,2020-07-20,23.08
Gilchrist County,2020-07-20,22.18
Glades County,2020-07-20,23.3
Gulf County,2020-07-20,23.83
Hamilton County,2020-07-20,22.28
Hardee County,2020-07-20,23.17
Hendry County,2020-07-20,23.2
Hernando County,2020-07-20,23.59
Highlands County,2020-07-20,23.38
Hillsborough County,2020-07-20,24.08
Holmes County,2020-07-20,23.13
Indian River County,2020-07-20,24.01
Jackson County,2020-07-20,23.3
Jefferson County,2020-07-20,23.29
Lafayette County,2020-07-20,22.5
Lake County,2020-07-20,24.14
Lee County,2020-07-20,23.73
Leon County,2020-07-20,23.26
Levy County,2020-07-20,22.91
Liberty County,2020-07-20,23.24
Madison County,2020-07-20,23.02
Manatee County,2020-07-20,23.53
Marion County,2020-07-20,23.44
Martin County,2020-07-20,24.5
Miami-Dade County,2020-07-20,24.96
Monroe County,2020-07-20,25.04
Nassau County,2020-07-20,23.01
Okaloosa County,2020-07-20,23.38
Okeechobee County,2020-07-20,23.64
Orange County,2020-07-20,24.43
Osceola County,2020-07-20,24.18
Palm Beach County,2020-07-20,24.16
Pasco County,2020-07-20,23.71
Pinellas County,2020-07-20,24.93
Polk County,2020-07-20,23.89
Putnam County,2020-07-20,23.47
St. Johns County,2020-07-20,24.03
St. Lucie County,2020-07-20,24.09
Santa Rosa County,2020-07-20,23.29
Sarasota County,2020-07-20,23.37
Seminole County,2020-07-20,24.51
Sumter County,2020-07-20,23.64
Suwannee County,2020-07-20,22.34
Taylor County,2020-07-20,23.34
Union County,2020-07-20,21.83
Volusia County,2020-07-20,24.31
Wakulla County,2020-07-20,23.55
Walton County,2020-07-20,23.42
Washington County,2020-07-20,23.28
Alachua County,2020-07-21,23.14
Baker County,2020-07-21,22.68
Bay County,2020-07-21,23.63
Bradford County,2020-07-21,22.83
Brevard County,2020-07-21,25.23
Broward County,2020-07-21,23.1
Calhoun County,2020-07-21,22.6
Charlotte County,2020-07-21,23.6
Citrus County,2020-07-21,23.85
Clay County,2020-07-21,23.32
Collier County,2020-07-21,23.39
Columbia County,2020-07-21,22.76
DeSoto County,2020-07-21,22.99
Dixie County,2020-07-21,23.5
Duval County,2020-07-21,23.61
Escambia County,2020-07-21,23.38
Flagler County,2020-07-21,24.11
Franklin County,2020-07-21,23.61
Gadsden County,2020-07-21,22.57
Gilchrist County,2020-07-21,23.05
Glades County,2020-07-21,23.5
Gulf County,2020-07-21,23.17
Hamilton County,2020-07-21,22.89
Hardee County,2020-07-21,23.1
Hendry County,2020-07-21,23.21
Hernando County,2020-07-21,23.65
Highlands County,2020-07-21,23.48
Hillsborough County,2020-07-21,24.02
Holmes County,2020-07-21,22.58
Indian River County,2020-07-21,24.55
Jackson County,2020-07-21,22.66
Jefferson County,2020-07-21,23.36
Lafayette County,2020-07-21,23.32
Lake County,2020-07-21,24.14
Lee County,2020-07-21,23.96
Leon County,2020-07-21,22.99
Levy County,2020-07-21,23.54
Liberty County,2020-07-21,22.61
Madison County,2020-07-21,23.43
Manatee County,2020-07-21,23.42
Marion County,2020-07-21,23.69
Martin County,2020-07-21,24.87
Miami-Dade County,2020-07-21,23.07
Monroe County,2020-07-21,24.08
Nassau County,2020-07-21,23.22
Okaloosa County,2020-07-21,22.92
Okeechobee County,2020-07-21,23.93
Orange County,2020-07-21,24.49
Osceola County,2020-07-21,24.27
Palm Beach County,2020-07-21,23.69
Pasco County,2020-07-21,23.69
Pinellas County,2020-07-21,24.98
Polk County,2020-07-21,23.83
Putnam County,2020-07-21,23.7
St. Johns County,2020-07-21,24.04
St. Lucie County,2020-07-21,24.7
Santa Rosa County,2020-07-21,22.94
Sarasota County,2020-07-21,23.31
Seminole County,2020-07-21,24.63
Sumter County,2020-07-21,23.66
Suwannee County,2020-07-21,23.16
Taylor County,2020-07-21,23.84
Union County,2020-07-21,22.7
Volusia County,2020-07-21,24.53
Wakulla County,2020-07-21,23.31
Walton County,2020-07-21,22.9
Washington County,2020-07-21,22.67
Alachua County,2020-07-22,22.76
Baker County,2020-07-22,21.58
Bay County,2020-07-22,23.07
Bradford County,2020-07-22,22.36
Brevard County,2020-07-22,25.91
Broward County,2020-07-22,23.3
Calhoun County,2020-07-22,22.12
Charlotte County,2020-07-22,23.89
Citrus County,2020-07-22,23.89
Clay County,2020-07-22,23.16
Collier County,2020-07-22,23.4
Columbia County,2020-07-22,21.33
DeSoto County,2020-07-22,23.37
Dixie County,2020-07-22,22.5
Duval County,2020-07-22,23.42
Escambia County,2020-07-22,23.49
Flagler County,2020-07-22,24.71
Franklin County,2020-07-22,22.74
Gadsden County,2020-07-22,21.78
Gilchrist County,2020-07-22,22.12
Glades County,2020-07-22,23.64
Gulf County,2020-07-22,22.55
Hamilton County,2020-07-22,20.93
Hardee County,2020-07-22,23.55
Hendry County,2020-07-22,23.27
Hernando County,2020-07-22,23.83
Highlands County,2020-07-22,23.81
Hillsborough County,2020-07-22,24.43
Holmes County,2020-07-22,22.57
Indian River County,2020-07-22,24.79
Jackson County,2020-07-22,22.29
Jefferson County,2020-07-22,22.11
Lafayette County,2020-07-22,21.89
Lake County,2020-07-22,24.54
Lee County,2020-07-22,24.13
Leon County,2020-07-22,22.04
Levy County,2020-07-22,23.11
Liberty County,2020-07-22,21.96
Madison County,2020-07-22,21.77
Manatee County,2020-07-22,23.83
Marion County,2020-07-22,23.83
Martin County,2020-07-22,24.66
Miami-Dade County,2020-07-22,23.39
Monroe County,2020-07-22,24.02
Nassau County,2020-07-22,22.66
Okaloosa County,2020-07-22,23.03
Okeechobee County,2020-07-22,24.13
Orange County,2020-07-22,25.09
Osceola County,2020-07-22,24.82
Palm Beach County,2020-07-22,23.66
Pasco County,2020-07-22,23.96
Pinellas County,2020-07-22,25.16
Polk County,2020-07-22,24.31
Putnam County,2020-07-22,23.91
St. Johns County,2020-07-22,24.38
St. Lucie County,2020-07-22,24.61
Santa Rosa County,2020-07-22,23.11
Sarasota County,2020-07-22,23.67
Seminole County,2020-07-22,25.31
Sumter County,2020-07-22,23.9
Suwannee County,2020-07-22,21.48
Taylor County,2020-07-22,22.51
Union County,2020-07-22,21.84
Volusia County,2020-07-22,25.26
Wakulla County,2020-07-22,22.37
Walton County,2020-07-22,22.87
Washington County,2020-07-22,22.51
Alachua County,2020-07-23,22.3
Baker County,2020-07-23,21.34
Bay County,2020-07-23,23.15
Bradford County,2020-07-23,21.84
Brevard County,2020-07-23,24.75
Broward County,2020-07-23,22.73
Calhoun County,2020-07-23,22.47
Charlotte County,2020-07-23,23.31
Citrus County,2020-07-23,23.72
Clay County,2020-07-23,22.7
Collier County,2020-07-23,23.38
Columbia County,2020-07-23,21.23
DeSoto County,2020-07-23,22.64
Dixie County,2020-07-23,22.52
Duval County,2020-07-23,23.01
Escambia County,2020-07-23,22.43
Flagler County,2020-07-23,24.25
Franklin County,2020-07-23,23.08
Gadsden County,2020-07-23,22.27
Gilchrist County,2020-07-23,21.9
Glades County,2020-07-23,23.16
Gulf County,2020-07-23,22.82
Hamilton County,2020-07-23,21.5
Hardee County,2020-07-23,22.59
Hendry County,2020-07-23,23.07
Hernando County,2020-07-23,23.6
Highlands County,2020-07-23,22.94
Hillsborough County,2020-07-23,23.7
Holmes County,2020-07-23,22.55
Indian River County,2020-07-23,23.63
Jackson County,2020-07-23,22.57
Jefferson County,2020-07-23,22.74
Lafayette County,2020-07-23,22.15
Lake County,2020-07-23,24.47
Lee County,2020-07-23,23.76
Leon County,2020-07-23,22.65
Levy County,2020-07-23,22.87
Liberty County,2020-07-23,22.39
Madison County,2020-07-23,22.45
Manatee County,2020-07-23,22.95
Marion County,2020-07-23,23.68
Martin County,2020-07-23,23.67
Miami-Dade County,2020-07-23,23.39
Monroe County,2020-07-23,24.39
Nassau County,2020-07-23,22.49
Okaloosa County,2020-07-23,22.34
Okeechobee County,2020-07-23,23.18
Orange County,2020-07-23,24.64
Osceola County,2020-07-23,23.84
Palm Beach County,2020-07-23,22.75
Pasco County,2020-07-23,23.56
Pinellas County,2020-07-23,24.46
Polk County,2020-07-23,23.37
Putnam County,2020-07-23,23.58
St. Johns County,2020-07-23,23.69
St. Lucie County,2020-07-23,23.62
Santa Rosa County,2020-07-23,22.19
Sarasota County,2020-07-23,22.82
Seminole County,2020-07-23,25.09
Sumter County,2020-07-23,23.82
Suwannee County,2020-07-23,21.77
Taylor County,2020-07-23,22.98
Union County,2020-07-23,21.38
Volusia County,2020-07-23,24.94
Wakulla County,2020-07-23,22.95
Walton County,2020-07-23,22.52
Washington County,2020-07-23,22.66
Alachua County,2020-07-24,22.49
Baker County,2020-07-24,21.9
Bay County,2020-07-24,23.13
Bradford County,2020-07-24,22.38
Brevard County,2020-07-24,23.56
Broward County,2020-07-24,23.12
Calhoun County,2020-07-24,22.24
Charlotte County,2020-07-24,22.57
Citrus County,2020-07-24,22.85
Clay County,2020-07-24,23.18
Collier County,2020-07-24,22.94
Columbia County,2020-07-24,21.5
DeSoto County,2020-07-24,22.13
Dixie County,2020-07-24,22.09
Duval County,2020-07-24,23.8
Escambia County,2020-07-24,23.02
Flagler County,2020-07-24,23.71
Franklin County,2020-07-24,22.48
Gadsden County,2020-07-24,21.73
Gilchrist County,2020-07-24,21.85
Glades County,2020-07-24,22.75
Gulf County,2020-07-24,22.47
Hamilton County,2020-07-24,21.17
Hardee County,2020-07-24,22.17
Hendry County,2020-07-24,22.74
Hernando County,2020-07-24,22.69
Highlands County,2020-07-24,22.49
Hillsborough County,2020-07-24,23.19
Holmes County,2020-07-24,22.96
Indian River County,2020-07-24,23.37
Jackson County,2020-07-24,22.63
Jefferson County,2020-07-24,22.08
Lafayette County,2020-07-24,21.79
Lake County,2020-07-24,23.11
Lee County,2020-07-24,22.82
Leon County,2020-07-24,22.02
Levy County,2020-07-24,22.44
Liberty County,2020-07-24,21.84
Madison County,2020-07-24,21.83
Manatee County,2020-07-24,22.7
Marion County,2020-07-24,22.98
Martin County,2020-07-24,24.4
Miami-Dade County,2020-07-24,23.53
Monroe County,2020-07-24,23.96
Nassau County,2020-07-24,23.32
Okaloosa County,2020-07-24,22.62
Okeechobee County,2020-07-24,23.03
Orange County,2020-07-24,23.11
Osceola County,2020-07-24,22.82
Palm Beach County,2020-07-24,23.52
Pasco County,2020-07-24,22.82
Pinellas County,2020-07-24,24.14
Polk County,2020-07-24,22.64
Putnam County,2020-07-24,23.42
St. Johns County,2020-07-24,24.0
St. Lucie County,2020-07-24,23.9
Santa Rosa County,2020-07-24,22.59
Sarasota County,2020-07-24,22.49
Seminole County,2020-07-24,23.42
Sumter County,2020-07-24,22.64
Suwannee County,2020-07-24,21.56
Taylor County,2020-07-24,22.33
Union County,2020-07-24,21.94
Volusia County,2020-07-24,23.64
Wakulla County,2020-07-24,22.22
Walton County,2020-07-24,22.77
Washington County,2020-07-24,22.93
Alachua County,2020-07-25,22.67
Baker County,2020-07-25,22.01
Bay County,2020-07-25,23.32
Bradford County,2020-07-25,22.44
Brevard County,2020-07-25,24.74
Broward County,2020-07-25,23.27
Calhoun County,2020-07-25,22.57
Charlotte County,2020-07-25,22.87
Citrus County,2020-07-25,23.12
Clay County,2020-07-25,23.35
Collier County,2020-07-25,23.34
Columbia County,2020-07-25,21.75
DeSoto County,2020-07-25,22.39
Dixie County,2020-07-25,22.63
Duval County,2020-07-25,24.05
Escambia County,2020-07-25,22.89
Flagler County,2020-07-25,24.36
Franklin County,2020-07-25,23.12
Gadsden County,2020-07-25,22.2
Gilchrist County,2020-07-25,22.33
Glades County,2020-07-25,22.88
Gulf County,2020-07-25,23.07
Hamilton County,2020-07-25,21.63
Hardee County,2020-07-25,22.49
Hendry County,2020-07-25,22.99
Hernando County,2020-07-25,22.86
Highlands County,2020-07-25,22.74
Hillsborough County,2020-07-25,23.17
Holmes County,2020-07-25,22.83
Indian River County,2020-07-25,23.55
Jackson County,2020-07-25,22.67
Jefferson County,2020-07-25,22.49
Lafayette County,2020-07-25,22.35
Lake County,2020-07-25,23.64
Lee County,2020-07-25,23.28
Leon County,2020-07-25,22.44
Levy County,2020-07-25,22.88
Liberty County,2020-07-25,22.51
Madison County,2020-07-25,22.36
Manatee County,2020-07-25,22.76
Marion County,2020-07-25,23.31
Martin County,2020-07-25,23.84
Miami-Dade County,2020-07-25,23.4
Monroe County,2020-07-25,24.31
Nassau County,2020-07-25,23.5
Okaloosa County,2020-07-25,22.79
Okeechobee County,2020-07-25,23.04
Orange County,2020-07-25,23.97
Osceola County,2020-07-25,23.57
Palm Beach County,2020-07-25,23.33
Pasco County,2020-07-25,22.9
Pinellas County,2020-07-25,23.85
Polk County,2020-07-25,23.12
Putnam County,2020-07-25,23.7
St. Johns County,2020-07-25,24.49
St. Lucie County,2020-07-25,23.53
Santa Rosa County,2020-07-25,22.6
Sarasota County,2020-07-25,22.65
Seminole County,2020-07-25,24.32
Sumter County,2020-07-25,23.07
Suwannee County,2020-07-25,22.05
Taylor County,2020-07-25,22.8
Union County,2020-07-25,22.05
Volusia County,2020-07-25,24.53
Wakulla County,2020-07-25,22.68
Walton County,2020-07-25,22.86
Washington County,2020-07-25,22.83
Alachua County,2020-07-26,22.86
Baker County,2020-07-26,22.26
Bay County,2020-07-26,22.77
Bradford County,2020-07-26,22.72
Brevard County,2020-07-26,24.86
Broward County,2020-07-26,22.89
Calhoun County,2020-07-26,22.29
Charlotte County,2020-07-26,23.87
Citrus County,2020-07-26,23.5
Clay County,2020-07-26,23.65
Collier County,2020-07-26,23.66
Columbia County,2020-07-26,21.78
DeSoto County,2020-07-26,23.24
Dixie County,2020-07-26,22.77
Duval County,2020-07-26,24.54
Escambia County,2020-07-26,22.56
Flagler County,2020-07-26,24.46
Franklin County,2020-07-26,23.06
Gadsden County,2020-07-26,22.46
Gilchrist County,2020-07-26,22.32
Glades County,2020-07-26,23.39
Gulf County,2020-07-26,22.69
Hamilton County,2020-07-26,21.47
Hardee County,2020-07-26,23.15
Hendry County,2020-07-26,23.16
Hernando County,2020-07-26,23.3
Highlands County,2020-07-26,23.38
Hillsborough County,2020-07-26,23.84
Holmes County,2020-07-26,22.37
Indian River County,2020-07-26,23.87
Jackson County,2020-07-26,22.46
Jefferson County,2020-07-26,22.93
Lafayette County,2020-07-26,22.36
Lake County,2020-07-26,24.04
Lee County,2020-07-26,24.19
Leon County,2020-07-26,22.93
Levy County,2020-07-26,23.07
Liberty County,2020-07-26,22.42
Madison County,2020-07-26,22.43
Manatee County,2020-07-26,23.46
Marion County,2020-07-26,23.55
Martin County,2020-07-26,23.64
Miami-Dade County,2020-07-26,23.64
Monroe County,2020-07-26,24.65
Nassau County,2020-07-26,24.06
Okaloosa County,2020-07-26,22.36
Okeechobee County,2020-07-26,23.45
Orange County,2020-07-26,24.54
Osceola County,2020-07-26,24.2
Palm Beach County,2020-07-26,22.83
Pasco County,2020-07-26,23.38
Pinellas County,2020-07-26,24.33
Polk County,2020-07-26,23.75
Putnam County,2020-07-26,23.9
St. Johns County,2020-07-26,24.75
St. Lucie County,2020-07-26,23.65
Santa Rosa County,2020-07-26,22.33
Sarasota County,2020-07-26,23.5
Seminole County,2020-07-26,24.73
Sumter County,2020-07-26,23.4
Suwannee County,2020-07-26,21.94
Taylor County,2020-07-26,23.15
Union County,2020-07-26,22.22
Volusia County,2020-07-26,24.65
Wakulla County,2020-07-26,23.18
Walton County,2020-07-26,22.37
Washington County,2020-07-26,22.37
Alachua County,2020-07-27,22.5
Baker County,2020-07-27,21.83
Bay County,2020-07-27,22.23
Bradford County,2020-07-27,22.18
Brevard County,2020-07-27,23.14
Broward County,2020-07-27,23.44
Calhoun County,2020-07-27,21.65
Charlotte County,2020-07-27,23.0
Citrus County,2020-07-27,23.13
Clay County,2020-07-27,22.68
Collier County,2020-07-27,23.54
Columbia County,2020-07-27,21.85
DeSoto County,2020-07-27,22.17
Dixie County,2020-07-27,22.76
Duval County,2020-07-27,23.13
Escambia County,2020-07-27,22.27
Flagler County,2020-07-27,22.9
Franklin County,2020-07-27,22.54
Gadsden County,2020-07-27,21.93
Gilchrist County,2020-07-27,22.34
Glades County,2020-07-27,22.38
Gulf County,2020-07-27,22.09
Hamilton County,2020-07-27,21.92
Hardee County,2020-07-27,22.16
Hendry County,2020-07-27,22.69
Hernando County,2020-07-27,22.93
Highlands County,2020-07-27,22.16
Hillsborough County,2020-07-27,23.37
Holmes County,2020-07-27,21.57
Indian River County,2020-07-27,22.44
Jackson County,2020-07-27,21.7
Jefferson County,2020-07-27,22.75
Lafayette County,2020-07-27,22.52
Lake County,2020-07-27,23.04
Lee County,2020-07-27,23.62
Leon County,2020-07-27,22.41
Levy County,2020-07-27,22.89
Liberty County,2020-07-27,21.8
Madison County,2020-07-27,22.69
Manatee County,2020-07-27,22.92
Marion County,2020-07-27,22.9
Martin County,2020-07-27,23.02
Miami-Dade County,2020-07-27,24.13
Monroe County,2020-07-27,24.85
Nassau County,2020-07-27,22.66
Okaloosa County,2020-07-27,21.85
Okeechobee County,2020-07-27,22.28
Orange County,2020-07-27,23.09
Osceola County,2020-07-27,22.74
Palm Beach County,2020-07-27,22.93
Pasco County,2020-07-27,23.01
Pinellas County,2020-07-27,24.43
Polk County,2020-07-27,22.7
Putnam County,2020-07-27,22.9
St. Johns County,2020-07-27,23.24
St. Lucie County,2020-07-27,22.54
Santa Rosa County,2020-07-27,21.89
Sarasota County,2020-07-27,22.89
Seminole County,2020-07-27,23.19
Sumter County,2020-07-27,22.75
Suwannee County,2020-07-27,22.27
Taylor County,2020-07-27,23.06
Union County,2020-07-27,21.97
Volusia County,2020-07-27,23.05
Wakulla County,2020-07-27,22.52
Walton County,2020-07-27,21.76
Washington County,2020-07-27,21.57
Alachua County,2020-07-28,22.73
Baker County,2020-07-28,22.42
Bay County,2020-07-28,23.39
Bradford County,2020-07-28,22.58
Brevard County,2020-07-28,22.41
Broward County,2020-07-28,23.62
Calhoun County,2020-07-28,22.56
Charlotte County,2020-07-28,22.96
Citrus County,2020-07-28,23.21
Clay County,2020-07-28,23.13
Collier County,2020-07-28,23.47
Columbia County,2020-07-28,22.16
DeSoto County,2020-07-28,22.31
Dixie County,2020-07-28,22.69
Duval County,2020-07-28,23.59
Escambia County,2020-07-28,22.43
Flagler County,2020-07-28,22.85
Franklin County,2020-07-28,23.26
Gadsden County,2020-07-28,22.35
Gilchrist County,2020-07-28,22.4
Glades County,2020-07-28,22.29
Gulf County,2020-07-28,23.09
Hamilton County,2020-07-28,22.06
Hardee County,2020-07-28,22.32
Hendry County,2020-07-28,22.62
Hernando County,2020-07-28,23.07
Highlands County,2020-07-28,22.2
Hillsborough County,2020-07-28,23.45
Holmes County,2020-07-28,22.3
Indian River County,2020-07-28,21.67
Jackson County,2020-07-28,22.67
Jefferson County,2020-07-28,22.61
Lafayette County,2020-07-28,22.43
Lake County,2020-07-28,23.2
Lee County,2020-07-28,23.39
Leon County,2020-07-28,22.5
Levy County,2020-07-28,22.91
Liberty County,2020-07-28,22.45
Madison County,2020-07-28,22.54
Manatee County,2020-07-28,23.05
Marion County,2020-07-28,23.11
Martin County,2020-07-28,22.25
Miami-Dade County,2020-07-28,24.91
Monroe County,2020-07-28,25.19
Nassau County,2020-07-28,23.31
Okaloosa County,2020-07-28,22.05
Okeechobee County,2020-07-28,21.88
Orange County,2020-07-28,22.98
Osceola County,2020-07-28,22.5
Palm Beach County,2020-07-28,22.56
Pasco County,2020-07-28,23.2
Pinellas County,2020-07-28,24.65
Polk County,2020-07-28,22.75
Putnam County,2020-07-28,23.2
St. Johns County,2020-07-28,23.37
St. Lucie County,2020-07-28,21.69
Santa Rosa County,2020-07-28,22.01
Sarasota County,2020-07-28,22.95
Seminole County,2020-07-28,23.06
Sumter County,2020-07-28,22.96
Suwannee County,2020-07-28,22.29
Taylor County,2020-07-28,22.9
Union County,2020-07-28,22.32
Volusia County,2020-07-28,22.82
Wakulla County,2020-07-28,22.73
Walton County,2020-07-28,22.28
Washington County,2020-07-28,22.48
Alachua County,2020-07-29,22.46
Baker County,2020-07-29,21.62
Bay County,2020-07-29,22.45
Bradford County,2020-07-29,21.96
Brevard County,2020-07-29,23.03
Broward County,2020-07-29,24.39
Calhoun County,2020-07-29,22.07
Charlotte County,2020-07-29,23.43
Citrus County,2020-07-29,23.54
Clay County,2020-07-29,22.61
Collier County,2020-07-29,23.92
Columbia County,2020-07-29,21.58
DeSoto County,2020-07-29,22.76
Dixie County,2020-07-29,22.93
Duval County,2020-07-29,23.23
Escambia County,2020-07-29,23.26
Flagler County,2020-07-29,23.02
Franklin County,2020-07-29,22.58
Gadsden County,2020-07-29,22.14
Gilchrist County,2020-07-29,22.4
Glades County,2020-07-29,22.98
Gulf County,2020-07-29,22.27
Hamilton County,2020-07-29,21.86
Hardee County,2020-07-29,22.74
Hendry County,2020-07-29,23.11
Hernando County,2020-07-29,23.41
Highlands County,2020-07-29,22.89
Hillsborough County,2020-07-29,23.69
Holmes County,2020-07-29,22.51
Indian River County,2020-07-29,22.77
Jackson County,2020-07-29,22.34
Jefferson County,2020-07-29,22.78
Lafayette County,2020-07-29,22.58
Lake County,2020-07-29,23.63
Lee County,2020-07-29,23.9
Leon County,2020-07-29,22.53
Levy County,2020-07-29,23.17
Liberty County,2020-07-29,22.1
Madison County,2020-07-29,22.74
Manatee County,2020-07-29,23.36
Marion County,2020-07-29,23.25
Martin County,2020-07-29,23.49
Miami-Dade County,2020-07-29,25.66
Monroe County,2020-07-29,26.07
Nassau County,2020-07-29,22.94
Okaloosa County,2020-07-29,22.77
Okeechobee County,2020-07-29,22.91
Orange County,2020-07-29,23.59
Osceola County,2020-07-29,23.31
Palm Beach County,2020-07-29,23.56
Pasco County,2020-07-29,23.5
Pinellas County,2020-07-29,24.54
Polk County,2020-07-29,23.3
Putnam County,2020-07-29,22.98
St. Johns County,2020-07-29,23.26
St. Lucie County,2020-07-29,22.95
Santa Rosa County,2020-07-29,22.89
Sarasota County,2020-07-29,23.34
Seminole County,2020-07-29,23.59
Sumter County,2020-07-29,23.38
Suwannee County,2020-07-29,22.17
Taylor County,2020-07-29,23.1
Union County,2020-07-29,21.65
Volusia County,2020-07-29,23.17
Wakulla County,2020-07-29,22.61
Walton County,2020-07-29,22.5
Washington County,2020-07-29,22.28
Alachua County,2020-07-30,22.91
Baker County,2020-07-30,22.23
Bay County,2020-07-30,23.84
Bradford County,2020-07-30,22.55
Brevard County,2020-07-30,23.68
Broward County,2020-07-30,24.65
Calhoun County,2020-07-30,22.97
Charlotte County,2020-07-30,23.8
Citrus County,2020-07-30,23.6
Clay County,2020-07-30,23.02
Collier County,2020-07-30,24.11
Columbia County,2020-07-30,22.21
DeSoto County,2020-07-30,23.25
Dixie County,2020-07-30,23.04
Duval County,2020-07-30,23.18
Escambia County,2020-07-30,23.43
Flagler County,2020-07-30,22.9
Franklin County,2020-07-30,23.65
Gadsden County,2020-07-30,22.61
Gilchrist County,2020-07-30,22.69
Glades County,2020-07-30,23.31
Gulf County,2020-07-30,23.53
Hamilton County,2020-07-30,22.24
Hardee County,2020-07-30,23.23
Hendry County,2020-07-30,23.46
Hernando County,2020-07-30,23.53
Highlands County,2020-07-30,23.23
Hillsborough County,2020-07-30,24.0
Holmes County,2020-07-30,23.02
Indian River County,2020-07-30,23.57
Jackson County,2020-07-30,23.01
Jefferson County,2020-07-30,22.88
Lafayette County,2020-07-30,22.74
Lake County,2020-07-30,23.63
Lee County,2020-07-30,24.18
Leon County,2020-07-30,22.77
Levy County,2020-07-30,23.26
Liberty County,2020-07-30,22.88
Madison County,2020-07-30,22.84
Manatee County,2020-07-30,23.75
Marion County,2020-07-30,23.4
Martin County,2020-07-30,24.26
Miami-Dade County,2020-07-30,25.55
Monroe County,2020-07-30,25.99
Nassau County,2020-07-30,22.81
Okaloosa County,2020-07-30,23.31
Okeechobee County,2020-07-30,23.43
Orange County,2020-07-30,23.7
Osceola County,2020-07-30,23.67
Palm Beach County,2020-07-30,24.16
Pasco County,2020-07-30,23.72
Pinellas County,2020-07-30,25.13
Polk County,2020-07-30,23.61
Putnam County,2020-07-30,23.31
St. Johns County,2020-07-30,23.21
St. Lucie County,2020-07-30,23.76
Santa Rosa County,2020-07-30,23.2
Sarasota County,2020-07-30,23.74
Seminole County,2020-07-30,23.61
Sumter County,2020-07-30,23.38
Suwannee County,2020-07-30,22.52
Taylor County,2020-07-30,23.2
Union County,2020-07-30,22.33
Volusia County,2020-07-30,23.06
Wakulla County,2020-07-30,23.06
Walton County,2020-07-30,23.26
Washington County,2020-07-30,23.07
Alachua County,2020-07-31,22.54
Baker County,2020-07-31,20.82
Bay County,2020-07-31,24.93
Bradford County,2020-07-31,21.73
Brevard County,2020-07-31,24.28
Broward County,2020-07-31,25.41
Calhoun County,2020-07-31,23.57
Charlotte County,2020-07-31,23.83
Citrus County,2020-07-31,24.08
Clay County,2020-07-31,22.27
Collier County,2020-07-31,24.39
Columbia County,2020-07-31,21.29
DeSoto County,2020-07-31,23.26
Dixie County,2020-07-31,23.32
Duval County,2020-07-31,22.33
Escambia County,2020-07-31,24.57
Flagler County,2020-07-31,23.18
Franklin County,2020-07-31,24.25
Gadsden County,2020-07-31,22.86
Gilchrist County,2020-07-31,22.58
Glades County,2020-07-31,23.52
Gulf County,2020-07-31,24.32
Hamilton County,2020-07-31,21.68
Hardee County,2020-07-31,23.33
Hendry County,2020-07-31,23.88
Hernando County,2020-07-31,24.07
Highlands County,2020-07-31,23.29
Hillsborough County,2020-07-31,24.32
Holmes County,2020-07-31,23.73
Indian River County,2020-07-31,24.1
Jackson County,2020-07-31,23.65
Jefferson County,2020-07-31,23.12
Lafayette County,2020-07-31,22.87
Lake County,2020-07-31,24.15
Lee County,2020-07-31,24.25
Leon County,2020-07-31,22.98
Levy County,2020-07-31,23.47
Liberty County,2020-07-31,23.23
Madison County,2020-07-31,22.95
Manatee County,2020-07-31,23.8
Marion County,2020-07-31,23.59
Martin County,2020-07-31,25.03
Miami-Dade County,2020-07-31,25.95
Monroe County,2020-07-31,26.11
Nassau County,2020-07-31,21.66
Okaloosa County,2020-07-31,24.2
Okeechobee County,2020-07-31,23.67
Orange County,2020-07-31,24.19
Osceola County,2020-07-31,23.94
Palm Beach County,2020-07-31,24.93
Pasco County,2020-07-31,24.19
Pinellas County,2020-07-31,25.36
Polk County,2020-07-31,23.9
Putnam County,2020-07-31,23.1
St. Johns County,2020-07-31,22.9
St. Lucie County,2020-07-31,24.43
Santa Rosa County,2020-07-31,24.24
Sarasota County,2020-07-31,23.7
Seminole County,2020-07-31,24.23
Sumter County,2020-07-31,23.9
Suwannee County,2020-07-31,22.3
Taylor County,2020-07-31,23.55
Union County,2020-07-31,21.45
Volusia County,2020-07-31,23.73
Wakulla County,2020-07-31,23.4
Walton County,2020-07-31,24.15
Washington County,2020-07-31,23.94
Alachua County,2020-08-01,23.21
Baker County,2020-08-01,22.45
Bay County,2020-08-01,24.18
Bradford County,2020-08-01,22.74
Brevard County,2020-08-01,24.81
Broward County,2020-08-01,24.25
Calhoun County,2020-08-01,23.01
Charlotte County,2020-08-01,24.45
Citrus County,2020-08-01,24.23
Clay County,2020-08-01,23.23
Collier County,2020-08-01,24.65
Columbia County,2020-08-01,22.4
DeSoto County,2020-08-01,23.84
Dixie County,2020-08-01,23.3
Duval County,2020-08-01,23.27
Escambia County,2020-08-01,24.18
Flagler County,2020-08-01,23.52
Franklin County,2020-08-01,23.94
Gadsden County,2020-08-01,22.69
Gilchrist County,2020-08-01,22.91
Glades County,2020-08-01,24.03
Gulf County,2020-08-01,23.68
Hamilton County,2020-08-01,22.21
Hardee County,2020-08-01,23.85
Hendry County,2020-08-01,24.04
Hernando County,2020-08-01,24.28
Highlands County,2020-08-01,24.04
Hillsborough County,2020-08-01,24.83
Holmes County,2020-08-01,22.84
Indian River County,2020-08-01,24.79
Jackson County,2020-08-01,22.94
Jefferson County,2020-08-01,22.96
Lafayette County,2020-08-01,22.8
Lake County,2020-08-01,24.26
Lee County,2020-08-01,24.8
Leon County,2020-08-01,22.92
Levy County,2020-08-01,23.64
Liberty County,2020-08-01,23.01
Madison County,2020-08-01,22.68
Manatee County,2020-08-01,24.39
Marion County,2020-08-01,23.96
Martin County,2020-08-01,24.64
Miami-Dade County,2020-08-01,24.54
Monroe County,2020-08-01,25.71
Nassau County,2020-08-01,23.01
Okaloosa County,2020-08-01,23.7
Okeechobee County,2020-08-01,24.53
Orange County,2020-08-01,24.36
Osceola County,2020-08-01,24.39
Palm Beach County,2020-08-01,24.02
Pasco County,2020-08-01,24.51
Pinellas County,2020-08-01,26.1
Polk County,2020-08-01,24.31
Putnam County,2020-08-01,23.7
St. Johns County,2020-08-01,23.35
St. Lucie County,2020-08-01,24.84
Santa Rosa County,2020-08-01,23.79
Sarasota County,2020-08-01,24.43
Seminole County,2020-08-01,24.38
Sumter County,2020-08-01,24.05
Suwannee County,2020-08-01,22.5
Taylor County,2020-08-01,23.34
Union County,2020-08-01,22.49
Volusia County,2020-08-01,24.01
Wakulla County,2020-08-01,23.31
Walton County,2020-08-01,23.45
Washington County,2020-08-01,23.12
Alachua County,2020-08-02,22.88
Baker County,2020-08-02,21.86
Bay County,2020-08-02,22.82
Bradford County,2020-08-02,22.6
Brevard County,2020-08-02,25.27
Broward County,2020-08-02,24.33
Calhoun County,2020-08-02,22.1
Charlotte County,2020-08-02,24.42
Citrus County,2020-08-02,24.22
Clay County,2020-08-02,23.74
Collier County,2020-08-02,24.04
Columbia County,2020-08-02,21.2
DeSoto County,2020-08-02,23.97
Dixie County,2020-08-02,22.37
Duval County,2020-08-02,24.41
Escambia County,2020-08-02,22.92
Flagler County,2020-08-02,24.77
Franklin County,2020-08-02,22.96
Gadsden County,2020-08-02,22.13
Gilchrist County,2020-08-02,21.97
Glades County,2020-08-02,23.8
Gulf County,2020-08-02,22.52
Hamilton County,2020-08-02,20.51
Hardee County,2020-08-02,24.22
Hendry County,2020-08-02,23.68
Hernando County,2020-08-02,24.37
Highlands County,2020-08-02,24.21
Hillsborough County,2020-08-02,25.17
Holmes County,2020-08-02,22.26
Indian River County,2020-08-02,24.75
Jackson County,2020-08-02,22.35
Jefferson County,2020-08-02,22.08
Lafayette County,2020-08-02,21.49
Lake County,2020-08-02,24.54
Lee County,2020-08-02,24.5
Leon County,2020-08-02,22.3
Levy County,2020-08-02,23.18
Liberty County,2020-08-02,22.2
Madison County,2020-08-02,21.3
Manatee County,2020-08-02,24.75
Marion County,2020-08-02,24.05
Martin County,2020-08-02,24.48
Miami-Dade County,2020-08-02,24.83
Monroe County,2020-08-02,25.35
Nassau County,2020-08-02,23.79
Okaloosa County,2020-08-02,22.46
Okeechobee County,2020-08-02,24.59
Orange County,2020-08-02,24.81
Osceola County,2020-08-02,24.84
Palm Beach County,2020-08-02,24.12
Pasco County,2020-08-02,24.68
Pinellas County,2020-08-02,26.23
Polk County,2020-08-02,24.76
Putnam County,2020-08-02,24.27
St. Johns County,2020-08-02,24.92
St. Lucie County,2020-08-02,24.58
Santa Rosa County,2020-08-02,22.52
Sarasota County,2020-08-02,24.71
Seminole County,2020-08-02,24.89
Sumter County,2020-08-02,24.18
Suwannee County,2020-08-02,20.99
Taylor County,2020-08-02,22.29
Union County,2020-08-02,21.86
Volusia County,2020-08-02,24.88
Wakulla County,2020-08-02,22.64
Walton County,2020-08-02,22.33
Washington County,2020-08-02,22.13
Alachua County,2020-08-03,22.28
Baker County,2020-08-03,21.35
Bay County,2020-08-03,23.71
Bradford County,2020-08-03,21.63
Brevard County,2020-08-03,24.72
Broward County,2020-08-03,24.86
Calhoun County,2020-08-03,22.68
Charlotte County,2020-08-03,24.15
Citrus County,2020-08-03,24.18
Clay County,2020-08-03,22.71
Collier County,2020-08-03,24.55
Columbia County,2020-08-03,21.49
DeSoto County,2020-08-03,23.36
Dixie County,2020-08-03,23.56
Duval County,2020-08-03,23.48
Escambia County,2020-08-03,22.64
Flagler County,2020-08-03,24.04
Franklin County,2020-08-03,23.9
Gadsden County,2020-08-03,22.27
Gilchrist County,2020-08-03,22.51
Glades County,2020-08-03,23.61
Gulf County,2020-08-03,23.5
Hamilton County,2020-08-03,21.96
Hardee County,2020-08-03,23.46
Hendry County,2020-08-03,23.95
Hernando County,2020-08-03,24.19
Highlands County,2020-08-03,23.51
Hillsborough County,2020-08-03,24.71
Holmes County,2020-08-03,22.34
Indian River County,2020-08-03,24.41
Jackson County,2020-08-03,22.73
Jefferson County,2020-08-03,22.95
Lafayette County,2020-08-03,22.81
Lake County,2020-08-03,24.26
Lee County,2020-08-03,24.63
Leon County,2020-08-03,22.68
Levy County,2020-08-03,23.6
Liberty County,2020-08-03,22.67
Madison County,2020-08-03,22.74
Manatee County,2020-08-03,24.16
Marion County,2020-08-03,23.55
Martin County,2020-08-03,24.85
Miami-Dade County,2020-08-03,25.19
Monroe County,2020-08-03,25.98
Nassau County,2020-08-03,22.9
Okaloosa County,2020-08-03,22.13
Okeechobee County,2020-08-03,24.24
Orange County,2020-08-03,24.58
Osceola County,2020-08-03,24.43
Palm Beach County,2020-08-03,24.71
Pasco County,2020-08-03,24.39
Pinellas County,2020-08-03,25.93
Polk County,2020-08-03,24.22
Putnam County,2020-08-03,23.41
St. Johns County,2020-08-03,24.09
St. Lucie County,2020-08-03,24.6
Santa Rosa County,2020-08-03,22.09
Sarasota County,2020-08-03,24.25
Seminole County,2020-08-03,24.65
Sumter County,2020-08-03,23.89
Suwannee County,2020-08-03,22.26
Taylor County,2020-08-03,23.68
Union County,2020-08-03,21.3
Volusia County,2020-08-03,24.31
Wakulla County,2020-08-03,23.32
Walton County,2020-08-03,22.36
Washington County,2020-08-03,22.6
Alachua County,2020-08-04,23.74
Baker County,2020-08-04,22.3
Bay County,2020-08-04,24.33
Bradford County,2020-08-04,23.07
Brevard County,2020-08-04,25.2
Broward County,2020-08-04,25.27
Calhoun County,2020-08-04,23.11
Charlotte County,2020-08-04,24.02
Citrus County,2020-08-04,24.48
Clay County,2020-08-04,23.85
Collier County,2020-08-04,25.12
Columbia County,2020-08-04,22.28
DeSoto County,2020-08-04,23.28
Dixie County,2020-08-04,23.98
Duval County,2020-08-04,23.83
Escambia County,2020-08-04,22.97
Flagler County,2020-08-04,25.02
Franklin County,2020-08-04,24.22
Gadsden County,2020-08-04,22.5
Gilchrist County,2020-08-04,23.41
Glades County,2020-08-04,23.82
Gulf County,2020-08-04,24.02
Hamilton County,2020-08-04,22.1
Hardee County,2020-08-04,23.41
Hendry County,2020-08-04,24.28
Hernando County,2020-08-04,24.14
Highlands County,2020-08-04,23.7
Hillsborough County,2020-08-04,24.3
Holmes County,2020-08-04,22.75
Indian River County,2020-08-04,24.8
Jackson County,2020-08-04,22.9
Jefferson County,2020-08-04,23.03
Lafayette County,2020-08-04,23.21
Lake County,2020-08-04,24.79
Lee County,2020-08-04,24.67
Leon County,2020-08-04,22.87
Levy County,2020-08-04,24.33
Liberty County,2020-08-04,23.09
Madison County,2020-08-04,22.75
Manatee County,2020-08-04,23.69
Marion County,2020-08-04,24.6
Martin County,2020-08-04,25.08
Miami-Dade County,2020-08-04,25.96
Monroe County,2020-08-04,26.63
Nassau County,2020-08-04,22.93
Okaloosa County,2020-08-04,22.89
Okeechobee County,2020-08-04,24.57
Orange County,2020-08-04,25.08
Osceola County,2020-08-04,24.81
Palm Beach County,2020-08-04,24.83
Pasco County,2020-08-04,24.14
Pinellas County,2020-08-04,25.03
Polk County,2020-08-04,24.36
Putnam County,2020-08-04,24.65
St. Johns County,2020-08-04,24.75
St. Lucie County,2020-08-04,24.95
Santa Rosa County,2020-08-04,22.62
Sarasota County,2020-08-04,23.77
Seminole County,2020-08-04,25.33
Sumter County,2020-08-04,24.24
Suwannee County,2020-08-04,22.64
Taylor County,2020-08-04,23.81
Union County,2020-08-04,22.57
Volusia County,2020-08-04,25.23
Wakulla County,2020-08-04,23.55
Walton County,2020-08-04,23.15
Washington County,2020-08-04,23.17
Alachua County,2020-08-05,22.86
Baker County,2020-08-05,21.13
Bay County,2020-08-05,23.94
Bradford County,2020-08-05,22.0
Brevard County,2020-08-05,24.01
Broward County,2020-08-05,24.96
Calhoun County,2020-08-05,22.6
Charlotte County,2020-08-05,24.25
Citrus County,2020-08-05,24.08
Clay County,2020-08-05,22.54
Collier County,2020-08-05,24.87
Columbia County,2020-08-05,21.47
DeSoto County,2020-08-05,23.13
Dixie County,2020-08-05,23.78
Duval County,2020-08-05,22.5
Escambia County,2020-08-05,22.42
Flagler County,2020-08-05,23.15
Franklin County,2020-08-05,23.9
Gadsden County,2020-08-05,22.25
Gilchrist County,2020-08-05,22.85
Glades County,2020-08-05,23.57
Gulf County,2020-08-05,23.45
Hamilton County,2020-08-05,21.46
Hardee County,2020-08-05,22.94
Hendry County,2020-08-05,23.88
Hernando County,2020-08-05,23.83
Highlands County,2020-08-05,23.21
Hillsborough County,2020-08-05,24.25
Holmes County,2020-08-05,22.25
Indian River County,2020-08-05,24.51
Jackson County,2020-08-05,22.5
Jefferson County,2020-08-05,22.99
Lafayette County,2020-08-05,22.91
Lake County,2020-08-05,23.34
Lee County,2020-08-05,24.98
Leon County,2020-08-05,22.71
Levy County,2020-08-05,23.88
Liberty County,2020-08-05,22.59
Madison County,2020-08-05,22.56
Manatee County,2020-08-05,23.7
Marion County,2020-08-05,23.44
Martin County,2020-08-05,25.48
Miami-Dade County,2020-08-05,25.73
Monroe County,2020-08-05,26.54
Nassau County,2020-08-05,21.71
Okaloosa County,2020-08-05,22.45
Okeechobee County,2020-08-05,24.16
Orange County,2020-08-05,23.47
Osceola County,2020-08-05,23.61
Palm Beach County,2020-08-05,24.78
Pasco County,2020-08-05,23.89
Pinellas County,2020-08-05,25.79
Polk County,2020-08-05,23.44
Putnam County,2020-08-05,23.2
St. Johns County,2020-08-05,23.22
St. Lucie County,2020-08-05,25.26
Santa Rosa County,2020-08-05,22.19
Sarasota County,2020-08-05,24.04
Seminole County,2020-08-05,23.44
Sumter County,2020-08-05,23.28
Suwannee County,2020-08-05,22.19
Taylor County,2020-08-05,23.81
Union County,2020-08-05,21.68
Volusia County,2020-08-05,23.24
Wakulla County,2020-08-05,23.41
Walton County,2020-08-05,22.69
Washington County,2020-08-05,22.63
Alachua County,2020-08-06,23.01
Baker County,2020-08-06,21.77
Bay County,2020-08-06,23.66
Bradford County,2020-08-06,22.32
Brevard County,2020-08-06,23.33
Broward County,2020-08-06,23.78
Calhoun County,2020-08-06,22.19
Charlotte County,2020-08-06,23.72
Citrus County,2020-08-06,24.08
Clay County,2020-08-06,22.96
Collier County,2020-08-06,23.97
Columbia County,2020-08-06,22.0
DeSoto County,2020-08-06,22.97
Dixie County,2020-08-06,24.03
Duval County,2020-08-06,23.28
Escambia County,2020-08-06,22.81
Flagler County,2020-08-06,23.6
Franklin County,2020-08-06,23.75
Gadsden County,2020-08-06,21.86
Gilchrist County,2020-08-06,23.12
Glades County,2020-08-06,23.09
Gulf County,2020-08-06,23.31
Hamilton County,2020-08-06,21.87
Hardee County,2020-08-06,22.74
Hendry County,2020-08-06,23.21
Hernando County,2020-08-06,23.71
Highlands County,2020-08-06,22.9
Hillsborough County,2020-08-06,23.95
Holmes County,2020-08-06,22.19
Indian River County,2020-08-06,23.04
Jackson County,2020-08-06,22.12
Jefferson County,2020-08-06,23.0
Lafayette County,2020-08-06,23.17
Lake County,2020-08-06,23.19
Lee County,2020-08-06,24.05
Leon County,2020-08-06,22.59
Levy County,2020-08-06,24.05
Liberty County,2020-08-06,22.25
Madison County,2020-08-06,22.68
Manatee County,2020-08-06,23.41
Marion County,2020-08-06,23.44
Martin County,2020-08-06,23.7
Miami-Dade County,2020-08-06,24.48
Monroe County,2020-08-06,25.73
Nassau County,2020-08-06,22.64
Okaloosa County,2020-08-06,22.75
Okeechobee County,2020-08-06,23.21
Orange County,2020-08-06,23.22
Osceola County,2020-08-06,23.07
Palm Beach County,2020-08-06,23.51
Pasco County,2020-08-06,23.68
Pinellas County,2020-08-06,25.15
Polk County,2020-08-06,23.09
Putnam County,2020-08-06,23.42
St. Johns County,2020-08-06,23.78
St. Lucie County,2020-08-06,23.37
Santa Rosa County,2020-08-06,22.6
Sarasota County,2020-08-06,23.64
Seminole County,2020-08-06,23.39
Sumter County,2020-08-06,23.14
Suwannee County,2020-08-06,22.53
Taylor County,2020-08-06,23.98
Union County,2020-08-06,22.08
Volusia County,2020-08-06,23.47
Wakulla County,2020-08-06,23.37
Walton County,2020-08-06,22.8
Washington County,2020-08-06,22.43
Alachua County,2020-08-07,22.79
Baker County,2020-08-07,21.74
Bay County,2020-08-07,23.91
Bradford County,2020-08-07,22.1
Brevard County,2020-08-07,23.71
Broward County,2020-08-07,23.75
Calhoun County,2020-08-07,22.43
Charlotte County,2020-08-07,23.64
Citrus County,2020-08-07,23.59
Clay County,2020-08-07,22.3
Collier County,2020-08-07,23.9
Columbia County,2020-08-07,22.16
DeSoto County,2020-08-07,22.76
Dixie County,2020-08-07,23.66
Duval County,2020-08-07,22.35
Escambia County,2020-08-07,22.57
Flagler County,2020-08-07,22.07
Franklin County,2020-08-07,23.81
Gadsden County,2020-08-07,22.09
Gilchrist County,2020-08-07,22.95
Glades County,2020-08-07,23.07
Gulf County,2020-08-07,23.43
Hamilton County,2020-08-07,22.26
Hardee County,2020-08-07,22.67
Hendry County,2020-08-07,23.18
Hernando County,2020-08-07,23.38
Highlands County,2020-08-07,22.94
Hillsborough County,2020-08-07,23.76
Holmes County,2020-08-07,22.61
Indian River County,2020-08-07,23.6
Jackson County,2020-08-07,22.44
Jefferson County,2020-08-07,23.11
Lafayette County,2020-08-07,23.17
Lake County,2020-08-07,22.91
Lee County,2020-08-07,24.14
Leon County,2020-08-07,22.71
Levy County,2020-08-07,23.53
Liberty County,2020-08-07,22.42
Madison County,2020-08-07,22.94
Manatee County,2020-08-07,23.29
Marion County,2020-08-07,22.97
Martin County,2020-08-07,24.08
Miami-Dade County,2020-08-07,24.39
Monroe County,2020-08-07,25.67
Nassau County,2020-08-07,21.93
Okaloosa County,2020-08-07,22.98
Okeechobee County,2020-08-07,23.59
Orange County,2020-08-07,23.21
Osceola County,2020-08-07,23.37
Palm Beach County,2020-08-07,23.62
Pasco County,2020-08-07,23.47
Pinellas County,2020-08-07,25.18
Polk County,2020-08-07,23.18
Putnam County,2020-08-07,22.53
St. Johns County,2020-08-07,22.21
St. Lucie County,2020-08-07,23.91
Santa Rosa County,2020-08-07,22.59
Sarasota County,2020-08-07,23.55
Seminole County,2020-08-07,23.12
Sumter County,2020-08-07,22.92
Suwannee County,2020-08-07,22.73
Taylor County,2020-08-07,23.86
Union County,2020-08-07,22.07
Volusia County,2020-08-07,22.66
Wakulla County,2020-08-07,23.31
Walton County,2020-08-07,23.1
Washington County,2020-08-07,22.78
Alachua County,2020-08-08,21.8
Baker County,2020-08-08,20.78
Bay County,2020-08-08,23.77
Bradford County,2020-08-08,20.97
Brevard County,2020-08-08,23.07
Broward County,2020-08-08,24.71
Calhoun County,2020-08-08,22.34
Charlotte County,2020-08-08,23.19
Citrus County,2020-08-08,23.31
Clay County,2020-08-08,21.02
Collier County,2020-08-08,23.69
Columbia County,2020-08-08,21.18
DeSoto County,2020-08-08,22.39
Dixie County,2020-08-08,22.65
Duval County,2020-08-08,21.01
Escambia County,2020-08-08,22.14
Flagler County,2020-08-08,20.73
Franklin County,2020-08-08,23.27
Gadsden County,2020-08-08,21.77
Gilchrist County,2020-08-08,21.95
Glades County,2020-08-08,22.82
Gulf County,2020-08-08,23.07
Hamilton County,2020-08-08,21.44
Hardee County,2020-08-08,22.46
Hendry County,2020-08-08,23.15
Hernando County,2020-08-08,23.44
Highlands County,2020-08-08,22.58
Hillsborough County,2020-08-08,23.91
Holmes County,2020-08-08,22.88
Indian River County,2020-08-08,23.4
Jackson County,2020-08-08,22.57
Jefferson County,2020-08-08,22.36
Lafayette County,2020-08-08,22.11
Lake County,2020-08-08,22.79
Lee County,2020-08-08,23.66
Leon County,2020-08-08,22.12
Levy County,2020-08-08,22.75
Liberty County,2020-08-08,22.16
Madison County,2020-08-08,22.14
Manatee County,2020-08-08,23.21
Marion County,2020-08-08,22.38
Martin County,2020-08-08,24.48
Miami-Dade County,2020-08-08,25.28
Monroe County,2020-08-08,25.91
Nassau County,2020-08-08,21.12
Okaloosa County,2020-08-08,22.56
Okeechobee County,2020-08-08,23.33
Orange County,2020-08-08,23.04
Osceola County,2020-08-08,23.11
Palm Beach County,2020-08-08,24.39
Pasco County,2020-08-08,23.71
Pinellas County,2020-08-08,25.56
Polk County,2020-08-08,23.15
Putnam County,2020-08-08,21.45
St. Johns County,2020-08-08,20.53
St. Lucie County,2020-08-08,24.0
Santa Rosa County,2020-08-08,21.99
Sarasota County,2020-08-08,23.26
Seminole County,2020-08-08,22.82
Sumter County,2020-08-08,22.85
Suwannee County,2020-08-08,21.71
Taylor County,2020-08-08,22.82
Union County,2020-08-08,20.99
Volusia County,2020-08-08,21.78
Wakulla County,2020-08-08,22.59
Walton County,2020-08-08,22.98
Washington County,2020-08-08,22.96
Alachua County,2020-08-09,21.57
Baker County,2020-08-09,20.42
Bay County,2020-08-09,23.85
Bradford County,2020-08-09,20.77
Brevard County,2020-08-09,24.57
Broward County,2020-08-09,24.9
Calhoun County,2020-08-09,22.59
Charlotte County,2020-08-09,23.69
Citrus County,2020-08-09,23.21
Clay County,2020-08-09,21.24
Collier County,2020-08-09,24.26
Columbia County,2020-08-09,20.63
DeSoto County,2020-08-09,23.1
Dixie County,2020-08-09,22.55
Duval County,2020-08-09,21.66
Escambia County,2020-08-09,23.08
Flagler County,2020-08-09,22.02
Franklin County,2020-08-09,23.29
Gadsden County,2020-08-09,22.13
Gilchrist County,2020-08-09,21.71
Glades County,2020-08-09,23.47
Gulf County,2020-08-09,23.15
Hamilton County,2020-08-09,20.65
Hardee County,2020-08-09,23.0
Hendry County,2020-08-09,23.61
Hernando County,2020-08-09,23.2
Highlands County,2020-08-09,23.39
Hillsborough County,2020-08-09,23.71
Holmes County,2020-08-09,23.04
Indian River County,2020-08-09,24.52
Jackson County,2020-08-09,22.83
Jefferson County,2020-08-09,22.35
Lafayette County,2020-08-09,21.82
Lake County,2020-08-09,23.03
Lee County,2020-08-09,24.01
Leon County,2020-08-09,22.35
Levy County,2020-08-09,22.68
Liberty County,2020-08-09,22.4
Madison County,2020-08-09,21.74
Manatee County,2020-08-09,23.31
Marion County,2020-08-09,22.43
Martin County,2020-08-09,24.93
Miami-Dade County,2020-08-09,25.84
Monroe County,2020-08-09,26.52
Nassau County,2020-08-09,21.45
Okaloosa County,2020-08-09,23.19
Okeechobee County,2020-08-09,24.18
Orange County,2020-08-09,23.71
Osceola County,2020-08-09,23.97
Palm Beach County,2020-08-09,24.57
Pasco County,2020-08-09,23.35
Pinellas County,2020-08-09,24.61
Polk County,2020-08-09,23.5
Putnam County,2020-08-09,21.78
St. Johns County,2020-08-09,21.69
St. Lucie County,2020-08-09,24.8
Santa Rosa County,2020-08-09,22.9
Sarasota County,2020-08-09,23.47
Seminole County,2020-08-09,23.64
Sumter County,2020-08-09,22.86
Suwannee County,2020-08-09,21.18
Taylor County,2020-08-09,22.73
Union County,2020-08-09,20.62
Volusia County,2020-08-09,23.07
Wakulla County,2020-08-09,22.82
Walton County,2020-08-09,23.33
Washington County,2020-08-09,23.11
Alachua County,2020-08-10,22.15
Baker County,2020-08-10,21.17
Bay County,2020-08-10,24.02
Bradford County,2020-08-10,21.52
Brevard County,2020-08-10,24.12
Broward County,2020-08-10,25.14
Calhoun County,2020-08-10,22.98
Charlotte County,2020-08-10,23.38
Citrus County,2020-08-10,23.05
Clay County,2020-08-10,21.9
Collier County,2020-08-10,24.13
Columbia County,2020-08-10,21.45
DeSoto County,2020-08-10,22.88
Dixie County,2020-08-10,22.85
Duval County,2020-08-10,21.95
Escambia County,2020-08-10,23.43
Flagler County,2020-08-10,22.04
Franklin County,2020-08-10,23.56
Gadsden County,2020-08-10,22.62
Gilchrist County,2020-08-10,22.19
Glades County,2020-08-10,23.33
Gulf County,2020-08-10,23.46
Hamilton County,2020-08-10,21.65
Hardee County,2020-08-10,22.89
Hendry County,2020-08-10,23.5
Hernando County,2020-08-10,22.99
Highlands County,2020-08-10,23.21
Hillsborough County,2020-08-10,23.73
Holmes County,2020-08-10,22.96
Indian River County,2020-08-10,24.44
Jackson County,2020-08-10,23.25
Jefferson County,2020-08-10,22.87
Lafayette County,2020-08-10,22.39
Lake County,2020-08-10,22.7
Lee County,2020-08-10,23.63
Leon County,2020-08-10,22.79
Levy County,2020-08-10,22.85
Liberty County,2020-08-10,22.74
Madison County,2020-08-10,22.47
Manatee County,2020-08-10,23.33
Marion County,2020-08-10,22.54
Martin County,2020-08-10,25.24
Miami-Dade County,2020-08-10,25.96
Monroe County,2020-08-10,26.55
Nassau County,2020-08-10,21.59
Okaloosa County,2020-08-10,23.12
Okeechobee County,2020-08-10,24.13
Orange County,2020-08-10,23.23
Osceola County,2020-08-10,23.62
Palm Beach County,2020-08-10,24.92
Pasco County,2020-08-10,23.23
Pinellas County,2020-08-10,24.67
Polk County,2020-08-10,23.3
Putnam County,2020-08-10,22.27
St. Johns County,2020-08-10,21.97
St. Lucie County,2020-08-10,24.92
Santa Rosa County,2020-08-10,23.0
Sarasota County,2020-08-10,23.37
Seminole County,2020-08-10,23.15
Sumter County,2020-08-10,22.54
Suwannee County,2020-08-10,21.98
Taylor County,2020-08-10,23.19
Union County,2020-08-10,21.38
Volusia County,2020-08-10,22.66
Wakulla County,2020-08-10,23.17
Walton County,2020-08-10,23.24
Washington County,2020-08-10,23.17
Alachua County,2020-08-11,22.13
Baker County,2020-08-11,21.08
Bay County,2020-08-11,23.76
Bradford County,2020-08-11,21.42
Brevard County,2020-08-11,24.62
Broward County,2020-08-11,24.82
Calhoun County,2020-08-11,22.71
Charlotte County,2020-08-11,23.45
Citrus County,2020-08-11,23.22
Clay County,2020-08-11,21.92
Collier County,2020-08-11,23.83
Columbia County,2020-08-11,21.38
DeSoto County,2020-08-11,22.84
Dixie County,2020-08-11,23.29
Duval County,2020-08-11,22.25
Escambia County,2020-08-11,24.36
Flagler County,2020-08-11,22.73
Franklin County,2020-08-11,23.73
Gadsden County,2020-08-11,22.3
Gilchrist County,2020-08-11,22.43
Glades County,2020-08-11,23.14
Gulf County,2020-08-11,23.47
Hamilton County,2020-08-11,21.4
Hardee County,2020-08-11,22.76
Hendry County,2020-08-11,23.28
Hernando County,2020-08-11,23.01
Highlands County,2020-08-11,23.0
Hillsborough County,2020-08-11,23.67
Holmes County,2020-08-11,22.61
Indian River County,2020-08-11,24.54
Jackson County,2020-08-11,22.58
Jefferson County,2020-08-11,22.71
Lafayette County,2020-08-11,22.58
Lake County,2020-08-11,22.73
Lee County,2020-08-11,23.66
Leon County,2020-08-11,22.62
Levy County,2020-08-11,23.2
Liberty County,2020-08-11,22.74
Madison County,2020-08-11,22.29
Manatee County,2020-08-11,23.33
Marion County,2020-08-11,22.56
Martin County,2020-08-11,25.32
Miami-Dade County,2020-08-11,25.57
Monroe County,2020-08-11,26.31
Nassau County,2020-08-11,21.79
Okaloosa County,2020-08-11,23.59
Okeechobee County,2020-08-11,24.02
Orange County,2020-08-11,23.38
Osceola County,2020-08-11,23.62
Palm Beach County,2020-08-11,24.8
Pasco County,2020-08-11,23.16
Pinellas County,2020-08-11,24.78
Polk County,2020-08-11,23.14
Putnam County,2020-08-11,22.33
St. Johns County,2020-08-11,22.63
St. Lucie County,2020-08-11,25.05
Santa Rosa County,2020-08-11,23.82
Sarasota County,2020-08-11,23.47
Seminole County,2020-08-11,23.44
Sumter County,2020-08-11,22.51
Suwannee County,2020-08-11,21.97
Taylor County,2020-08-11,23.38
Union County,2020-08-11,21.31
Volusia County,2020-08-11,23.27
Wakulla County,2020-08-11,23.24
Walton County,2020-08-11,23.26
Washington County,2020-08-11,22.8
Alachua County,2020-08-12,22.64
Baker County,2020-08-12,21.51
Bay County,2020-08-12,22.18
Bradford County,2020-08-12,22.09
Brevard County,2020-08-12,23.42
Broward County,2020-08-12,25.04
Calhoun County,2020-08-12,21.67
Charlotte County,2020-08-12,22.95
Citrus County,2020-08-12,23.49
Clay County,2020-08-12,22.62
Collier County,2020-08-12,23.85
Columbia County,2020-08-12,21.59
DeSoto County,2020-08-12,22.3
Dixie County,2020-08-12,22.45
Duval County,2020-08-12,22.61
Escambia County,2020-08-12,21.51
Flagler County,2020-08-12,23.0
Franklin County,2020-08-12,22.41
Gadsden County,2020-08-12,21.31
Gilchrist County,2020-08-12,22.19
Glades County,2020-08-12,22.85
Gulf County,2020-08-12,22.08
Hamilton County,2020-08-12,21.46
Hardee County,2020-08-12,22.34
Hendry County,2020-08-12,23.26
Hernando County,2020-08-12,23.4
Highlands County,2020-08-12,22.58
Hillsborough County,2020-08-12,23.67
Holmes County,2020-08-12,21.47
Indian River County,2020-08-12,23.54
Jackson County,2020-08-12,21.71
Jefferson County,2020-08-12,21.74
Lafayette County,2020-08-12,21.91
Lake County,2020-08-12,23.35
Lee County,2020-08-12,23.37
Leon County,2020-08-12,21.56
Levy County,2020-08-12,22.95
Liberty County,2020-08-12,21.74
Madison County,2020-08-12,21.72
Manatee County,2020-08-12,22.97
Marion County,2020-08-12,23.28
Martin County,2020-08-12,24.6
Miami-Dade County,2020-08-12,26.0
Monroe County,2020-08-12,26.07
Nassau County,2020-08-12,22.02
Okaloosa County,2020-08-12,21.41
Okeechobee County,2020-08-12,23.37
Orange County,2020-08-12,23.32
Osceola County,2020-08-12,23.13
Palm Beach County,2020-08-12,24.42
Pasco County,2020-08-12,23.51
Pinellas County,2020-08-12,25.0
Polk County,2020-08-12,23.03
Putnam County,2020-08-12,23.15
St. Johns County,2020-08-12,23.03
St. Lucie County,2020-08-12,24.2
Santa Rosa County,2020-08-12,21.22
Sarasota County,2020-08-12,22.93
Seminole County,2020-08-12,23.36
Sumter County,2020-08-12,23.18
Suwannee County,2020-08-12,21.73
Taylor County,2020-08-12,22.29
Union County,2020-08-12,21.78
Volusia County,2020-08-12,23.14
Wakulla County,2020-08-12,22.0
Walton County,2020-08-12,21.46
Washington County,2020-08-12,21.6
Alachua County,2020-08-13,21.59
Baker County,2020-08-13,20.34
Bay County,2020-08-13,23.2
Bradford County,2020-08-13,20.85
Brevard County,2020-08-13,24.41
Broward County,2020-08-13,25.1
Calhoun County,2020-08-13,22.22
Charlotte County,2020-08-13,23.53
Citrus County,2020-08-13,23.32
Clay County,2020-08-13,21.65
Collier County,2020-08-13,24.07
Columbia County,2020-08-13,20.57
DeSoto County,2020-08-13,22.92
Dixie County,2020-08-13,22.58
Duval County,2020-08-13,21.98
Escambia County,2020-08-13,21.99
Flagler County,2020-08-13,22.77
Franklin County,2020-08-13,23.01
Gadsden County,2020-08-13,21.59
Gilchrist County,2020-08-13,21.67
Glades County,2020-08-13,23.49
Gulf County,2020-08-13,22.85
Hamilton County,2020-08-13,20.98
Hardee County,2020-08-13,22.99
Hendry County,2020-08-13,23.61
Hernando County,2020-08-13,23.42
Highlands County,2020-08-13,23.48
Hillsborough County,2020-08-13,23.91
Holmes County,2020-08-13,21.95
Indian River County,2020-08-13,24.44
Jackson County,2020-08-13,22.3
Jefferson County,2020-08-13,22.03
Lafayette County,2020-08-13,21.95
Lake County,2020-08-13,23.39
Lee County,2020-08-13,23.9
Leon County,2020-08-13,21.77
Levy County,2020-08-13,22.69
Liberty County,2020-08-13,22.02
Madison County,2020-08-13,21.87
Manatee County,2020-08-13,23.31
Marion County,2020-08-13,22.69
Martin County,2020-08-13,25.06
Miami-Dade County,2020-08-13,25.67
Monroe County,2020-08-13,26.09
Nassau County,2020-08-13,21.53
Okaloosa County,2020-08-13,21.64
Okeechobee County,2020-08-13,24.31
Orange County,2020-08-13,24.02
Osceola County,2020-08-13,24.21
Palm Beach County,2020-08-13,24.82
Pasco County,2020-08-13,23.66
Pinellas County,2020-08-13,25.3
Polk County,2020-08-13,23.74
Putnam County,2020-08-13,22.41
St. Johns County,2020-08-13,22.47
St. Lucie County,2020-08-13,24.77
Santa Rosa County,2020-08-13,21.46
Sarasota County,2020-08-13,23.39
Seminole County,2020-08-13,23.98
Sumter County,2020-08-13,22.98
Suwannee County,2020-08-13,21.38
Taylor County,2020-08-13,22.67
Union County,2020-08-13,20.52
Volusia County,2020-08-13,23.43
Wakulla County,2020-08-13,22.29
Walton County,2020-08-13,21.98
Washington County,2020-08-13,22.26
Alachua County,2020-08-14,22.78
Baker County,2020-08-14,22.12
Bay County,2020-08-14,23.31
Bradford County,2020-08-14,22.42
Brevard County,2020-08-14,24.34
Broward County,2020-08-14,25.6
Calhoun County,2020-08-14,22.84
Charlotte County,2020-08-14,23.43
Citrus County,2020-08-14,23.67
Clay County,2020-08-14,23.13
Collier County,2020-08-14,24.34
Columbia County,2020-08-14,22.04
DeSoto County,2020-08-14,22.83
Dixie County,2020-08-14,22.91
Duval County,2020-08-14,23.47
Escambia County,2020-08-14,22.54
Flagler County,2020-08-14,23.53
Franklin County,2020-08-14,23.09
Gadsden County,2020-08-14,22.56
Gilchrist County,2020-08-14,22.49
Glades County,2020-08-14,22.85
Gulf County,2020-08-14,22.94
Hamilton County,2020-08-14,22.0
Hardee County,2020-08-14,23.05
Hendry County,2020-08-14,23.33
Hernando County,2020-08-14,23.68
Highlands County,2020-08-14,23.01
Hillsborough County,2020-08-14,24.36
Holmes County,2020-08-14,22.97
Indian River County,2020-08-14,24.33
Jackson County,2020-08-14,23.26
Jefferson County,2020-08-14,22.79
Lafayette County,2020-08-14,22.42
Lake County,2020-08-14,23.58
Lee County,2020-08-14,23.78
Leon County,2020-08-14,22.71
Levy County,2020-08-14,23.23
Liberty County,2020-08-14,22.62
Madison County,2020-08-14,22.49
Manatee County,2020-08-14,23.81
Marion County,2020-08-14,23.33
Martin County,2020-08-14,25.22
Miami-Dade County,2020-08-14,26.16
Monroe County,2020-08-14,26.63
Nassau County,2020-08-14,22.9
Okaloosa County,2020-08-14,22.42
Okeechobee County,2020-08-14,23.85
Orange County,2020-08-14,23.95
Osceola County,2020-08-14,23.92
Palm Beach County,2020-08-14,25.08
Pasco County,2020-08-14,23.94
Pinellas County,2020-08-14,25.59
Polk County,2020-08-14,23.75
Putnam County,2020-08-14,23.43
St. Johns County,2020-08-14,23.73
St. Lucie County,2020-08-14,24.84
Santa Rosa County,2020-08-14,22.15
Sarasota County,2020-08-14,23.79
Seminole County,2020-08-14,23.92
Sumter County,2020-08-14,23.28
Suwannee County,2020-08-14,22.19
Taylor County,2020-08-14,23.02
Union County,2020-08-14,22.12
Volusia County,2020-08-14,23.67
Wakulla County,2020-08-14,22.89
Walton County,2020-08-14,22.69
Washington County,2020-08-14,23.02
Alachua County,2020-08-15,22.99
Baker County,2020-08-15,22.04
Bay County,2020-08-15,23.6
Bradford County,2020-08-15,22.4
Brevard County,2020-08-15,24.38
Broward County,2020-08-15,24.7
Calhoun County,2020-08-15,22.93
Charlotte County,2020-08-15,23.85
Citrus County,2020-08-15,24.36
Clay County,2020-08-15,22.91
Collier County,2020-08-15,24.36
Columbia County,2020-08-15,22.16
DeSoto County,2020-08-15,23.22
Dixie County,2020-08-15,23.55
Duval County,2020-08-15,23.1
Escambia County,2020-08-15,22.52
Flagler County,2020-08-15,22.9
Franklin County,2020-08-15,23.55
Gadsden County,2020-08-15,22.76
Gilchrist County,2020-08-15,22.94
Glades County,2020-08-15,22.94
Gulf County,2020-08-15,23.36
Hamilton County,2020-08-15,22.17
Hardee County,2020-08-15,23.48
Hendry County,2020-08-15,23.12
Hernando County,2020-08-15,24.43
Highlands County,2020-08-15,23.31
Hillsborough County,2020-08-15,24.98
Holmes County,2020-08-15,22.66
Indian River County,2020-08-15,24.54
Jackson County,2020-08-15,23.02
Jefferson County,2020-08-15,23.2
Lafayette County,2020-08-15,23.02
Lake County,2020-08-15,23.89
Lee County,2020-08-15,24.2
Leon County,2020-08-15,23.05
Levy County,2020-08-15,23.78
Liberty County,2020-08-15,22.91
Madison County,2020-08-15,22.9
Manatee County,2020-08-15,24.25
Marion County,2020-08-15,23.63
Martin County,2020-08-15,24.99
Miami-Dade County,2020-08-15,25.66
Monroe County,2020-08-15,26.75
Nassau County,2020-08-15,22.71
Okaloosa County,2020-08-15,22.79
Okeechobee County,2020-08-15,23.99
Orange County,2020-08-15,24.17
Osceola County,2020-08-15,24.22
Palm Beach County,2020-08-15,24.34
Pasco County,2020-08-15,24.65
Pinellas County,2020-08-15,25.98
Polk County,2020-08-15,24.24
Putnam County,2020-08-15,23.22
St. Johns County,2020-08-15,22.99
St. Lucie County,2020-08-15,24.91
Santa Rosa County,2020-08-15,22.47
Sarasota County,2020-08-15,24.2
Seminole County,2020-08-15,23.98
Sumter County,2020-08-15,23.92
Suwannee County,2020-08-15,22.57
Taylor County,2020-08-15,23.64
Union County,2020-08-15,22.18
Volusia County,2020-08-15,23.35
Wakulla County,2020-08-15,23.36
Walton County,2020-08-15,22.92
Washington County,2020-08-15,22.97
Alachua County,2020-08-16,23.18
Baker County,2020-08-16,22.36
Bay County,2020-08-16,24.06
Bradford County,2020-08-16,22.63
Brevard County,2020-08-16,24.49
Broward County,2020-08-16,24.35
Calhoun County,2020-08-16,23.42
Charlotte County,2020-08-16,24.13
Citrus County,2020-08-16,24.31
Clay County,2020-08-16,23.22
Collier County,2020-08-16,24.41
Columbia County,2020-08-16,22.48
DeSoto County,2020-08-16,23.42
Dixie County,2020-08-16,23.76
Duval County,2020-08-16,23.6
Escambia County,2020-08-16,22.47
Flagler County,2020-08-16,23.63
Franklin County,2020-08-16,24.1
Gadsden County,2020-08-16,23.13
Gilchrist County,2020-08-16,23.15
Glades County,2020-08-16,23.31
Gulf County,2020-08-16,23.84
Hamilton County,2020-08-16,22.57
Hardee County,2020-08-16,23.49
Hendry County,2020-08-16,23.52
Hernando County,2020-08-16,24.27
Highlands County,2020-08-16,23.47
Hillsborough County,2020-08-16,24.69
Holmes County,2020-08-16,23.12
Indian River County,2020-08-16,24.47
Jackson County,2020-08-16,23.42
Jefferson County,2020-08-16,23.49
Lafayette County,2020-08-16,23.3
Lake County,2020-08-16,24.04
Lee County,2020-08-16,24.51
Leon County,2020-08-16,23.42
Levy County,2020-08-16,23.87
Liberty County,2020-08-16,23.46
Madison County,2020-08-16,23.2
Manatee County,2020-08-16,24.18
Marion County,2020-08-16,23.8
Martin County,2020-08-16,24.97
Miami-Dade County,2020-08-16,24.73
Monroe County,2020-08-16,25.92
Nassau County,2020-08-16,23.27
Okaloosa County,2020-08-16,23.05
Okeechobee County,2020-08-16,24.12
Orange County,2020-08-16,24.29
Osceola County,2020-08-16,24.25
Palm Beach County,2020-08-16,24.38
Pasco County,2020-08-16,24.43
Pinellas County,2020-08-16,25.75
Polk County,2020-08-16,24.14
Putnam County,2020-08-16,23.59
St. Johns County,2020-08-16,23.73
St. Lucie County,2020-08-16,24.83
Santa Rosa County,2020-08-16,22.57
Sarasota County,2020-08-16,24.31
Seminole County,2020-08-16,24.24
Sumter County,2020-08-16,23.93
Suwannee County,2020-08-16,22.92
Taylor County,2020-08-16,23.98
Union County,2020-08-16,22.44
Volusia County,2020-08-16,23.88
Wakulla County,2020-08-16,23.85
Walton County,2020-08-16,23.28
Washington County,2020-08-16,23.39
Alachua County,2020-08-17,23.22
Baker County,2020-08-17,22.29
Bay County,2020-08-17,23.68
Bradford County,2020-08-17,22.73
Brevard County,2020-08-17,24.77
Broward County,2020-08-17,24.7
Calhoun County,2020-08-17,22.29
Charlotte County,2020-08-17,24.38
Citrus County,2020-08-17,24.5
Clay County,2020-08-17,23.49
Collier County,2020-08-17,24.43
Columbia County,2020-08-17,22.22
DeSoto County,2020-08-17,23.35
Dixie County,2020-08-17,23.64
Duval County,2020-08-17,23.98
Escambia County,2020-08-17,22.72
Flagler County,2020-08-17,24.07
Franklin County,2020-08-17,23.75
Gadsden County,2020-08-17,22.09
Gilchrist County,2020-08-17,22.94
Glades County,2020-08-17,23.08
Gulf County,2020-08-17,23.26
Hamilton County,2020-08-17,22.05
Hardee County,2020-08-17,23.36
Hendry County,2020-08-17,23.41
Hernando County,2020-08-17,24.44
Highlands County,2020-08-17,23.05
Hillsborough County,2020-08-17,24.95
Holmes County,2020-08-17,22.27
Indian River County,2020-08-17,24.52
Jackson County,2020-08-17,22.32
Jefferson County,2020-08-17,22.99
Lafayette County,2020-08-17,22.88
Lake County,2020-08-17,24.26
Lee County,2020-08-17,24.88
Leon County,2020-08-17,22.72
Levy County,2020-08-17,23.93
Liberty County,2020-08-17,22.32
Madison County,2020-08-17,22.62
Manatee County,2020-08-17,24.42
Marion County,2020-08-17,23.97
Martin County,2020-08-17,24.99
Miami-Dade County,2020-08-17,24.86
Monroe County,2020-08-17,25.73
Nassau County,2020-08-17,23.34
Okaloosa County,2020-08-17,22.73
Okeechobee County,2020-08-17,23.91
Orange County,2020-08-17,24.5
Osceola County,2020-08-17,24.28
Palm Beach County,2020-08-17,24.55
Pasco County,2020-08-17,24.6
Pinellas County,2020-08-17,26.34
Polk County,2020-08-17,24.13
Putnam County,2020-08-17,23.89
St. Johns County,2020-08-17,24.3
St. Lucie County,2020-08-17,24.84
Santa Rosa County,2020-08-17,22.54
Sarasota County,2020-08-17,24.71
Seminole County,2020-08-17,24.53
Sumter County,2020-08-17,24.05
Suwannee County,2020-08-17,22.46
Taylor County,2020-08-17,23.7
Union County,2020-08-17,22.39
Volusia County,2020-08-17,24.27
Wakulla County,2020-08-17,23.34
Walton County,2020-08-17,22.78
Washington County,2020-08-17,22.51
Alachua County,2020-08-18,22.94
Baker County,2020-08-18,22.0
Bay County,2020-08-18,23.78
Bradford County,2020-08-18,22.36
Brevard County,2020-08-18,23.26
Broward County,2020-08-18,23.94
Calhoun County,2020-08-18,22.59
Charlotte County,2020-08-18,23.42
Citrus County,2020-08-18,23.96
Clay County,2020-08-18,22.92
Collier County,2020-08-18,23.84
Columbia County,2020-08-18,21.98
DeSoto County,2020-08-18,22.5
Dixie County,2020-08-18,23.28
Duval County,2020-08-18,23.24
Escambia County,2020-08-18,22.81
Flagler County,2020-08-18,23.18
Franklin County,2020-08-18,23.35
Gadsden County,2020-08-18,21.88
Gilchrist County,2020-08-18,22.81
Glades County,2020-08-18,22.14
Gulf County,2020-08-18,23.28
Hamilton County,2020-08-18,21.64
Hardee County,2020-08-18,22.63
Hendry County,2020-08-18,22.66
Hernando County,2020-08-18,23.81
Highlands County,2020-08-18,22.21
Hillsborough County,2020-08-18,24.03
Holmes County,2020-08-18,22.69
Indian River County,2020-08-18,22.84
Jackson County,2020-08-18,22.66
Jefferson County,2020-08-18,22.27
Lafayette County,2020-08-18,22.55
Lake County,2020-08-18,23.66
Lee County,2020-08-18,24.0
Leon County,2020-08-18,22.15
Levy County,2020-08-18,23.64
Liberty County,2020-08-18,22.36
Madison County,2020-08-18,22.05
Manatee County,2020-08-18,23.51
Marion County,2020-08-18,23.56
Martin County,2020-08-18,23.25
Miami-Dade County,2020-08-18,24.56
Monroe County,2020-08-18,25.22
Nassau County,2020-08-18,22.86
Okaloosa County,2020-08-18,22.67
Okeechobee County,2020-08-18,22.69
Orange County,2020-08-18,23.62
Osceola County,2020-08-18,23.27
Palm Beach County,2020-08-18,23.28
Pasco County,2020-08-18,23.9
Pinellas County,2020-08-18,25.13
Polk County,2020-08-18,23.43
Putnam County,2020-08-18,23.28
St. Johns County,2020-08-18,23.3
St. Lucie County,2020-08-18,22.99
Santa Rosa County,2020-08-18,22.4
Sarasota County,2020-08-18,23.68
Seminole County,2020-08-18,23.64
Sumter County,2020-08-18,23.58
Suwannee County,2020-08-18,22.12
Taylor County,2020-08-18,23.0
Union County,2020-08-18,22.12
Volusia County,2020-08-18,23.4
Wakulla County,2020-08-18,22.68
Walton County,2020-08-18,22.91
Washington County,2020-08-18,22.95
Alachua County,2020-08-19,21.47
Baker County,2020-08-19,20.65
Bay County,2020-08-19,21.54
Bradford County,2020-08-19,20.97
Brevard County,2020-08-19,22.65
Broward County,2020-08-19,24.21
Calhoun County,2020-08-19,20.55
Charlotte County,2020-08-19,23.08
Citrus County,2020-08-19,23.08
Clay County,2020-08-19,21.62
Collier County,2020-08-19,23.16
Columbia County,2020-08-19,20.72
DeSoto County,2020-08-19,22.41
Dixie County,2020-08-19,21.9
Duval County,2020-08-19,22.04
Escambia County,2020-08-19,23.0
Flagler County,2020-08-19,21.59
Franklin County,2020-08-19,21.36
Gadsden County,2020-08-19,20.48
Gilchrist County,2020-08-19,21.35
Glades County,2020-08-19,21.98
Gulf County,2020-08-19,21.04
Hamilton County,2020-08-19,20.83
Hardee County,2020-08-19,22.54
Hendry County,2020-08-19,22.34
Hernando County,2020-08-19,23.34
Highlands County,2020-08-19,22.22
Hillsborough County,2020-08-19,23.92
Holmes County,2020-08-19,21.24
Indian River County,2020-08-19,22.83
Jackson County,2020-08-19,20.95
Jefferson County,2020-08-19,21.51
Lafayette County,2020-08-19,21.43
Lake County,2020-08-19,22.68
Lee County,2020-08-19,23.3
Leon County,2020-08-19,21.1
Levy County,2020-08-19,22.21
Liberty County,2020-08-19,20.43
Madison County,2020-08-19,21.41
Manatee County,2020-08-19,23.5
Marion County,2020-08-19,22.28
Martin County,2020-08-19,23.45
Miami-Dade County,2020-08-19,24.79
Monroe County,2020-08-19,24.79
Nassau County,2020-08-19,21.46
Okaloosa County,2020-08-19,21.85
Okeechobee County,2020-08-19,22.68
Orange County,2020-08-19,22.72
Osceola County,2020-08-19,22.75
Palm Beach County,2020-08-19,23.48
Pasco County,2020-08-19,23.68
Pinellas County,2020-08-19,25.35
Polk County,2020-08-19,23.06
Putnam County,2020-08-19,21.88
St. Johns County,2020-08-19,22.01
St. Lucie County,2020-08-19,23.19
Santa Rosa County,2020-08-19,22.25
Sarasota County,2020-08-19,23.59
Seminole County,2020-08-19,22.45
Sumter County,2020-08-19,22.8
Suwannee County,2020-08-19,21.11
Taylor County,2020-08-19,21.97
Union County,2020-08-19,20.73
Volusia County,2020-08-19,21.8
Wakulla County,2020-08-19,21.24
Walton County,2020-08-19,21.44
Washington County,2020-08-19,21.17
Alachua County,2020-08-20,21.53
Baker County,2020-08-20,20.41
Bay County,2020-08-20,22.03
Bradford County,2020-08-20,20.89
Brevard County,2020-08-20,22.9
Broward County,2020-08-20,23.9
Calhoun County,2020-08-20,21.13
Charlotte County,2020-08-20,22.93
Citrus County,2020-08-20,22.77
Clay County,2020-08-20,21.42
Collier County,2020-08-20,24.0
Columbia County,2020-08-20,20.5
DeSoto County,2020-08-20,22.1
Dixie County,2020-08-20,21.73
Duval County,2020-08-20,21.58
Escambia County,2020-08-20,21.21
Flagler County,2020-08-20,21.95
Franklin County,2020-08-20,21.68
Gadsden County,2020-08-20,20.62
Gilchrist County,2020-08-20,21.32
Glades County,2020-08-20,22.42
Gulf County,2020-08-20,21.58
Hamilton County,2020-08-20,20.43
Hardee County,2020-08-20,22.0
Hendry County,2020-08-20,23.07
Hernando County,2020-08-20,22.7
Highlands County,2020-08-20,22.05
Hillsborough County,2020-08-20,23.1
Holmes County,2020-08-20,21.28
Indian River County,2020-08-20,22.7
Jackson County,2020-08-20,21.17
Jefferson County,2020-08-20,21.1
Lafayette County,2020-08-20,21.05
Lake County,2020-08-20,22.62
Lee County,2020-08-20,23.55
Leon County,2020-08-20,20.87
Levy County,2020-08-20,22.23
Liberty County,2020-08-20,20.95
Madison County,2020-08-20,20.94
Manatee County,2020-08-20,22.7
Marion County,2020-08-20,22.33
Martin County,2020-08-20,23.26
Miami-Dade County,2020-08-20,24.83
Monroe County,2020-08-20,25.77
Nassau County,2020-08-20,21.11
Okaloosa County,2020-08-20,21.35
Okeechobee County,2020-08-20,22.62
Orange County,2020-08-20,22.8
Osceola County,2020-08-20,22.62
Palm Beach County,2020-08-20,23.23
Pasco County,2020-08-20,22.83
Pinellas County,2020-08-20,24.18
Polk County,2020-08-20,22.55
Putnam County,2020-08-20,21.94
St. Johns County,2020-08-20,21.86
St. Lucie County,2020-08-20,23.07
Santa Rosa County,2020-08-20,21.0
Sarasota County,2020-08-20,22.86
Seminole County,2020-08-20,22.77
Sumter County,2020-08-20,22.5
Suwannee County,2020-08-20,20.74
Taylor County,2020-08-20,21.53
Union County,2020-08-20,20.62
Volusia County,2020-08-20,22.41
Wakulla County,2020-08-20,21.17
Walton County,2020-08-20,21.48
Washington County,2020-08-20,21.4
Alachua County,2020-08-21,21.79
Baker County,2020-08-21,20.71
Bay County,2020-08-21,20.96
Bradford County,2020-08-21,21.27
Brevard County,2020-08-21,22.99
Broward County,2020-08-21,23.96
Calhoun County,2020-08-21,20.5
Charlotte County,2020-08-21,22.76
Citrus County,2020-08-21,22.59
Clay County,2020-08-21,21.86
Collier County,2020-08-21,23.51
Columbia County,2020-08-21,20.79
DeSoto County,2020-08-21,21.93
Dixie County,2020-08-21,21.61
Duval County,2020-08-21,21.89
Escambia County,2020-08-21,20.54
Flagler County,2020-08-21,22.56
Franklin County,2020-08-21,20.99
Gadsden County,2020-08-21,20.52
Gilchrist County,2020-08-21,21.36
Glades County,2020-08-21,22.12
Gulf County,2020-08-21,20.69
Hamilton County,2020-08-21,20.81
Hardee County,2020-08-21,21.84
Hendry County,2020-08-21,22.71
Hernando County,2020-08-21,22.44
Highlands County,2020-08-21,21.81
Hillsborough County,2020-08-21,22.86
Holmes County,2020-08-21,20.23
Indian River County,2020-08-21,22.66
Jackson County,2020-08-21,20.74
Jefferson County,2020-08-21,21.2
Lafayette County,2020-08-21,21.2
Lake County,2020-08-21,22.77
Lee County,2020-08-21,23.28
Leon County,2020-08-21,20.82
Levy County,2020-08-21,22.09
Liberty County,2020-08-21,20.44
Madison County,2020-08-21,21.2
Manatee County,2020-08-21,22.49
Marion County,2020-08-21,22.54
Martin County,2020-08-21,23.42
Miami-Dade County,2020-08-21,24.3
Monroe County,2020-08-21,24.94
Nassau County,2020-08-21,21.22
Okaloosa County,2020-08-21,20.2
Okeechobee County,2020-08-21,22.45
Orange County,2020-08-21,22.91
Osceola County,2020-08-21,22.57
Palm Beach County,2020-08-21,23.47
Pasco County,2020-08-21,22.52
Pinellas County,2020-08-21,23.64
Polk County,2020-08-21,22.45
Putnam County,2020-08-21,22.44
St. Johns County,2020-08-21,22.43
St. Lucie County,2020-08-21,23.07
Santa Rosa County,2020-08-21,20.12
Sarasota County,2020-08-21,22.7
Seminole County,2020-08-21,23.01
Sumter County,2020-08-21,22.45
Suwannee County,2020-08-21,21.03
Taylor County,2020-08-21,21.6
Union County,2020-08-21,20.93
Volusia County,2020-08-21,22.82
Wakulla County,2020-08-21,20.95
Walton County,2020-08-21,20.26
Washington County,2020-08-21,20.43
Alachua County,2020-08-22,21.78
Baker County,2020-08-22,20.56
Bay County,2020-08-22,22.04
Bradford County,2020-08-22,21.15
Brevard County,2020-08-22,24.02
Broward County,2020-08-22,24.59
Calhoun County,2020-08-22,21.17
Charlotte County,2020-08-22,23.18
Citrus County,2020-08-22,22.98
Clay County,2020-08-22,21.76
Collier County,2020-08-22,23.65
Columbia County,2020-08-22,20.68
DeSoto County,2020-08-22,22.47
Dixie County,2020-08-22,22.06
Duval County,2020-08-22,21.9
Escambia County,2020-08-22,20.53
Flagler County,2020-08-22,22.15
Franklin County,2020-08-22,22.18
Gadsden County,2020-08-22,20.88
Gilchrist County,2020-08-22,21.53
Glades County,2020-08-22,22.77
Gulf County,2020-08-22,21.86
Hamilton County,2020-08-22,20.67
Hardee County,2020-08-22,22.42
Hendry County,2020-08-22,23.07
Hernando County,2020-08-22,22.82
Highlands County,2020-08-22,22.61
Hillsborough County,2020-08-22,23.2
Holmes County,2020-08-22,20.73
Indian River County,2020-08-22,23.85
Jackson County,2020-08-22,21.16
Jefferson County,2020-08-22,21.49
Lafayette County,2020-08-22,21.39
Lake County,2020-08-22,22.65
Lee County,2020-08-22,23.55
Leon County,2020-08-22,21.22
Levy County,2020-08-22,22.47
Liberty County,2020-08-22,21.18
Madison County,2020-08-22,21.26
Manatee County,2020-08-22,22.75
Marion County,2020-08-22,22.5
Martin County,2020-08-22,24.39
Miami-Dade County,2020-08-22,25.42
Monroe County,2020-08-22,25.9
Nassau County,2020-08-22,21.18
Okaloosa County,2020-08-22,20.31
Okeechobee County,2020-08-22,23.39
Orange County,2020-08-22,22.99
Osceola County,2020-08-22,23.22
Palm Beach County,2020-08-22,24.2
Pasco County,2020-08-22,22.83
Pinellas County,2020-08-22,23.93
Polk County,2020-08-22,22.97
Putnam County,2020-08-22,22.23
St. Johns County,2020-08-22,22.4
St. Lucie County,2020-08-22,24.18
Santa Rosa County,2020-08-22,20.05
Sarasota County,2020-08-22,22.92
Seminole County,2020-08-22,22.76
Sumter County,2020-08-22,22.66
Suwannee County,2020-08-22,21.02
Taylor County,2020-08-22,22.03
Union County,2020-08-22,20.82
Volusia County,2020-08-22,22.4
Wakulla County,2020-08-22,21.71
Walton County,2020-08-22,20.74
Washington County,2020-08-22,21.08
Alachua County,2020-08-23,22.15
Baker County,2020-08-23,21.13
Bay County,2020-08-23,22.47
Bradford County,2020-08-23,21.67
Brevard County,2020-08-23,25.13
Broward County,2020-08-23,25.14
Calhoun County,2020-08-23,21.69
Charlotte County,2020-08-23,23.95
Citrus County,2020-08-23,22.86
Clay County,2020-08-23,22.34
Collier County,2020-08-23,24.38
Columbia County,2020-08-23,21.17
DeSoto County,2020-08-23,23.24
Dixie County,2020-08-23,22.14
Duval County,2020-08-23,22.49
Escambia County,2020-08-23,21.93
Flagler County,2020-08-23,23.13
Franklin County,2020-08-23,22.38
Gadsden County,2020-08-23,21.22
Gilchrist County,2020-08-23,21.79
Glades County,2020-08-23,23.81
Gulf County,2020-08-23,22.18
Hamilton County,2020-08-23,20.97
Hardee County,2020-08-23,22.9
Hendry County,2020-08-23,23.9
Hernando County,2020-08-23,22.65
Highlands County,2020-08-23,23.53
Hillsborough County,2020-08-23,23.2
Holmes County,2020-08-23,21.53
Indian River County,2020-08-23,25.07
Jackson County,2020-08-23,21.71
Jefferson County,2020-08-23,21.52
Lafayette County,2020-08-23,21.58
Lake County,2020-08-23,23.04
Lee County,2020-08-23,24.32
Leon County,2020-08-23,21.43
Levy County,2020-08-23,22.51
Liberty County,2020-08-23,21.64
Madison County,2020-08-23,21.33
Manatee County,2020-08-23,23.05
Marion County,2020-08-23,22.79
Martin County,2020-08-23,25.56
Miami-Dade County,2020-08-23,25.76
Monroe County,2020-08-23,26.42
Nassau County,2020-08-23,21.77
Okaloosa County,2020-08-23,21.74
Okeechobee County,2020-08-23,24.53
Orange County,2020-08-23,23.69
Osceola County,2020-08-23,23.98
Palm Beach County,2020-08-23,24.98
Pasco County,2020-08-23,22.72
Pinellas County,2020-08-23,24.01
Polk County,2020-08-23,23.19
Putnam County,2020-08-23,22.85
St. Johns County,2020-08-23,23.06
St. Lucie County,2020-08-23,25.47
Santa Rosa County,2020-08-23,21.59
Sarasota County,2020-08-23,23.4
Seminole County,2020-08-23,23.78
Sumter County,2020-08-23,22.62
Suwannee County,2020-08-23,21.32
Taylor County,2020-08-23,22.08
Union County,2020-08-23,21.35
Volusia County,2020-08-23,23.59
Wakulla County,2020-08-23,21.94
Walton County,2020-08-23,21.78
Washington County,2020-08-23,21.74
Alachua County,2020-08-24,22.91
Baker County,2020-08-24,21.64
Bay County,2020-08-24,22.93
Bradford County,2020-08-24,22.21
Brevard County,2020-08-24,25.71
Broward County,2020-08-24,26.42
Calhoun County,2020-08-24,22.26
Charlotte County,2020-08-24,24.92
Citrus County,2020-08-24,23.8
Clay County,2020-08-24,22.95
Collier County,2020-08-24,25.47
Columbia County,2020-08-24,21.77
DeSoto County,2020-08-24,24.52
Dixie County,2020-08-24,23.27
Duval County,2020-08-24,23.18
Escambia County,2020-08-24,22.66
Flagler County,2020-08-24,23.84
Franklin County,2020-08-24,22.87
Gadsden County,2020-08-24,21.98
Gilchrist County,2020-08-24,22.84
Glades County,2020-08-24,24.85
Gulf County,2020-08-24,22.63
Hamilton County,2020-08-24,21.85
Hardee County,2020-08-24,24.3
Hendry County,2020-08-24,25.12
Hernando County,2020-08-24,23.56
Highlands County,2020-08-24,24.65
Hillsborough County,2020-08-24,24.08
Holmes County,2020-08-24,22.19
Indian River County,2020-08-24,25.38
Jackson County,2020-08-24,22.31
Jefferson County,2020-08-24,22.5
Lafayette County,2020-08-24,22.64
Lake County,2020-08-24,24.05
Lee County,2020-08-24,25.19
Leon County,2020-08-24,22.27
Levy County,2020-08-24,23.65
Liberty County,2020-08-24,22.25
Madison County,2020-08-24,22.41
Manatee County,2020-08-24,24.15
Marion County,2020-08-24,23.67
Martin County,2020-08-24,26.08
Miami-Dade County,2020-08-24,26.75
Monroe County,2020-08-24,26.91
Nassau County,2020-08-24,22.45
Okaloosa County,2020-08-24,22.58
Okeechobee County,2020-08-24,25.16
Orange County,2020-08-24,24.71
Osceola County,2020-08-24,24.91
Palm Beach County,2020-08-24,26.02
Pasco County,2020-08-24,23.65
Pinellas County,2020-08-24,24.49
Polk County,2020-08-24,24.5
Putnam County,2020-08-24,23.52
St. Johns County,2020-08-24,23.78
St. Lucie County,2020-08-24,25.77
Santa Rosa County,2020-08-24,22.43
Sarasota County,2020-08-24,24.42
Seminole County,2020-08-24,24.66
Sumter County,2020-08-24,23.7
Suwannee County,2020-08-24,22.22
Taylor County,2020-08-24,23.06
Union County,2020-08-24,21.87
Volusia County,2020-08-24,24.39
Wakulla County,2020-08-24,22.57
Walton County,2020-08-24,22.45
Washington County,2020-08-24,22.33
Alachua County,2020-08-25,24.2
Baker County,2020-08-25,23.47
Bay County,2020-08-25,23.37
Bradford County,2020-08-25,24.16
Brevard County,2020-08-25,27.72
Broward County,2020-08-25,25.77
Calhoun County,2020-08-25,23.15
Charlotte County,2020-08-25,25.18
Citrus County,2020-08-25,24.47
Clay County,2020-08-25,25.27
Collier County,2020-08-25,25.77
Columbia County,2020-08-25,22.96
DeSoto County,2020-08-25,24.36
Dixie County,2020-08-25,23.11
Duval County,2020-08-25,25.57
Escambia County,2020-08-25,22.99
Flagler County,2020-08-25,26.53
Franklin County,2020-08-25,23.5
Gadsden County,2020-08-25,23.15
Gilchrist County,2020-08-25,23.09
Glades County,2020-08-25,24.93
Gulf County,2020-08-25,23.19
Hamilton County,2020-08-25,22.48
Hardee County,2020-08-25,24.33
Hendry County,2020-08-25,25.2
Hernando County,2020-08-25,24.39
Highlands County,2020-08-25,24.75
Hillsborough County,2020-08-25,25.02
Holmes County,2020-08-25,23.06
Indian River County,2020-08-25,27.21
Jackson County,2020-08-25,23.37
Jefferson County,2020-08-25,23.31
Lafayette County,2020-08-25,22.88
Lake County,2020-08-25,25.7
Lee County,2020-08-25,25.75
Leon County,2020-08-25,23.39
Levy County,2020-08-25,23.68
Liberty County,2020-08-25,23.18
Madison County,2020-08-25,22.89
Manatee County,2020-08-25,24.65
Marion County,2020-08-25,25.13
Martin County,2020-08-25,27.3
Miami-Dade County,2020-08-25,25.68
Monroe County,2020-08-25,26.65
Nassau County,2020-08-25,24.52
Okaloosa County,2020-08-25,22.83
Okeechobee County,2020-08-25,26.07
Orange County,2020-08-25,26.41
Osceola County,2020-08-25,26.21
Palm Beach County,2020-08-25,26.18
Pasco County,2020-08-25,24.51
Pinellas County,2020-08-25,25.52
Polk County,2020-08-25,25.2
Putnam County,2020-08-25,25.82
St. Johns County,2020-08-25,26.46
St. Lucie County,2020-08-25,27.48
Santa Rosa County,2020-08-25,22.7
Sarasota County,2020-08-25,24.88
Seminole County,2020-08-25,26.71
Sumter County,2020-08-25,24.85
Suwannee County,2020-08-25,22.76
Taylor County,2020-08-25,23.45
Union County,2020-08-25,23.49
Volusia County,2020-08-25,26.81
Wakulla County,2020-08-25,23.58
Walton County,2020-08-25,22.87
Washington County,2020-08-25,23.08
Alachua County,2020-08-26,24.63
Baker County,2020-08-26,23.94
Bay County,2020-08-26,24.22
Bradford County,2020-08-26,24.43
Brevard County,2020-08-26,26.59
Broward County,2020-08-26,26.07
Calhoun County,2020-08-26,23.82
Charlotte County,2020-08-26,25.28
Citrus County,2020-08-26,24.92
Clay County,2020-08-26,25.38
Collier County,2020-08-26,25.62
Columbia County,2020-08-26,23.82
DeSoto County,2020-08-26,24.72
Dixie County,2020-08-26,24.72
Duval County,2020-08-26,26.04
Escambia County,2020-08-26,24.2
Flagler County,2020-08-26,26.09
Franklin County,2020-08-26,24.68
Gadsden County,2020-08-26,24.15
Gilchrist County,2020-08-26,24.3
Glades County,2020-08-26,24.64
Gulf County,2020-08-26,24.09
Hamilton County,2020-08-26,23.74
Hardee County,2020-08-26,24.87
Hendry County,2020-08-26,24.87
Hernando County,2020-08-26,24.77
Highlands County,2020-08-26,24.64
Hillsborough County,2020-08-26,25.76
Holmes County,2020-08-26,23.6
Indian River County,2020-08-26,26.04
Jackson County,2020-08-26,24.06
Jefferson County,2020-08-26,24.82
Lafayette County,2020-08-26,24.38
Lake County,2020-08-26,25.28
Lee County,2020-08-26,25.5
Leon County,2020-08-26,24.67
Levy County,2020-08-26,24.79
Liberty County,2020-08-26,24.0
Madison County,2020-08-26,24.43
Manatee County,2020-08-26,25.4
Marion County,2020-08-26,25.0
Martin County,2020-08-26,26.36
Miami-Dade County,2020-08-26,26.42
Monroe County,2020-08-26,27.13
Nassau County,2020-08-26,25.07
Okaloosa County,2020-08-26,23.72
Okeechobee County,2020-08-26,25.25
Orange County,2020-08-26,25.83
Osceola County,2020-08-26,25.58
Palm Beach County,2020-08-26,25.75
Pasco County,2020-08-26,25.04
Pinellas County,2020-08-26,26.48
Polk County,2020-08-26,25.46
Putnam County,2020-08-26,25.53
St. Johns County,2020-08-26,26.49
St. Lucie County,2020-08-26,26.44
Santa Rosa County,2020-08-26,23.8
Sarasota County,2020-08-26,25.39
Seminole County,2020-08-26,25.97
Sumter County,2020-08-26,24.69
Suwannee County,2020-08-26,24.1
Taylor County,2020-08-26,25.1
Union County,2020-08-26,24.03
Volusia County,2020-08-26,26.14
Wakulla County,2020-08-26,24.87
Walton County,2020-08-26,23.6
Washington County,2020-08-26,23.71
Alachua County,2020-08-27,23.95
Baker County,2020-08-27,22.89
Bay County,2020-08-27,25.37
Bradford County,2020-08-27,23.37
Brevard County,2020-08-27,25.93
Broward County,2020-08-27,25.73
Calhoun County,2020-08-27,24.56
Charlotte County,2020-08-27,24.76
Citrus County,2020-08-27,25.17
Clay County,2020-08-27,24.17
Collier County,2020-08-27,25.15
Columbia County,2020-08-27,23.05
DeSoto County,2020-08-27,24.04
Dixie County,2020-08-27,24.73
Duval County,2020-08-27,24.53
Escambia County,2020-08-27,25.03
Flagler County,2020-08-27,25.69
Franklin County,2020-08-27,25.37
Gadsden County,2020-08-27,24.36
Gilchrist County,2020-08-27,23.91
Glades County,2020-08-27,24.33
Gulf County,2020-08-27,25.07
Hamilton County,2020-08-27,23.14
Hardee County,2020-08-27,24.11
Hendry County,2020-08-27,24.56
Hernando County,2020-08-27,25.02
Highlands County,2020-08-27,24.2
Hillsborough County,2020-08-27,25.47
Holmes County,2020-08-27,24.43
Indian River County,2020-08-27,25.22
Jackson County,2020-08-27,24.67
Jefferson County,2020-08-27,24.71
Lafayette County,2020-08-27,24.12
Lake County,2020-08-27,25.23
Lee County,2020-08-27,25.11
Leon County,2020-08-27,24.69
Levy County,2020-08-27,24.78
Liberty County,2020-08-27,24.55
Madison County,2020-08-27,24.13
Manatee County,2020-08-27,24.79
Marion County,2020-08-27,24.8
Martin County,2020-08-27,25.82
Miami-Dade County,2020-08-27,25.78
Monroe County,2020-08-27,26.54
Nassau County,2020-08-27,23.79
Okaloosa County,2020-08-27,24.91
Okeechobee County,2020-08-27,24.89
Orange County,2020-08-27,25.67
Osceola County,2020-08-27,25.27
Palm Beach County,2020-08-27,25.63
Pasco County,2020-08-27,25.12
Pinellas County,2020-08-27,26.49
Polk County,2020-08-27,24.96
Putnam County,2020-08-27,24.84
St. Johns County,2020-08-27,25.46
St. Lucie County,2020-08-27,25.52
Santa Rosa County,2020-08-27,24.83
Sarasota County,2020-08-27,24.84
Seminole County,2020-08-27,25.86
Sumter County,2020-08-27,24.77
Suwannee County,2020-08-27,23.59
Taylor County,2020-08-27,25.09
Union County,2020-08-27,23.08
Volusia County,2020-08-27,25.91
Wakulla County,2020-08-27,25.15
Walton County,2020-08-27,24.78
Washington County,2020-08-27,24.63
Alachua County,2020-08-28,23.91
Baker County,2020-08-28,22.75
Bay County,2020-08-28,25.06
Bradford County,2020-08-28,23.38
Brevard County,2020-08-28,24.71
Broward County,2020-08-28,25.17
Calhoun County,2020-08-28,24.05
Charlotte County,2020-08-28,25.03
Citrus County,2020-08-28,24.9
Clay County,2020-08-28,23.96
Collier County,2020-08-28,25.07
Columbia County,2020-08-28,22.85
DeSoto County,2020-08-28,24.1
Dixie County,2020-08-28,24.15
Duval County,2020-08-28,24.09
Escambia County,2020-08-28,24.59
Flagler County,2020-08-28,24.67
Franklin County,2020-08-28,24.74
Gadsden County,2020-08-28,23.74
Gilchrist County,2020-08-28,23.55
Glades County,2020-08-28,23.89
Gulf County,2020-08-28,24.53
Hamilton County,2020-08-28,22.73
Hardee County,2020-08-28,23.91
Hendry County,2020-08-28,24.08
Hernando County,2020-08-28,24.75
Highlands County,2020-08-28,23.72
Hillsborough County,2020-08-28,25.27
Holmes County,2020-08-28,24.21
Indian River County,2020-08-28,24.56
Jackson County,2020-08-28,24.29
Jefferson County,2020-08-28,24.04
Lafayette County,2020-08-28,23.54
Lake County,2020-08-28,24.68
Lee County,2020-08-28,25.44
Leon County,2020-08-28,24.05
Levy County,2020-08-28,24.41
Liberty County,2020-08-28,23.86
Madison County,2020-08-28,23.49
Manatee County,2020-08-28,24.82
Marion County,2020-08-28,24.58
Martin County,2020-08-28,25.46
Miami-Dade County,2020-08-28,26.01
Monroe County,2020-08-28,27.08
Nassau County,2020-08-28,23.39
Okaloosa County,2020-08-28,24.55
Okeechobee County,2020-08-28,24.24
Orange County,2020-08-28,24.65
Osceola County,2020-08-28,24.27
Palm Beach County,2020-08-28,24.9
Pasco County,2020-08-28,24.84
Pinellas County,2020-08-28,26.52
Polk County,2020-08-28,24.34
Putnam County,2020-08-28,24.51
St. Johns County,2020-08-28,24.67
St. Lucie County,2020-08-28,25.16
Santa Rosa County,2020-08-28,24.46
Sarasota County,2020-08-28,25.09
Seminole County,2020-08-28,24.79
Sumter County,2020-08-28,24.43
Suwannee County,2020-08-28,23.16
Taylor County,2020-08-28,24.41
Union County,2020-08-28,23.04
Volusia County,2020-08-28,24.75
Wakulla County,2020-08-28,24.47
Walton County,2020-08-28,24.51
Washington County,2020-08-28,24.41
Alachua County,2020-08-29,23.73
Baker County,2020-08-29,22.73
Bay County,2020-08-29,24.33
Bradford County,2020-08-29,23.23
Brevard County,2020-08-29,25.22
Broward County,2020-08-29,25.34
Calhoun County,2020-08-29,23.67
Charlotte County,2020-08-29,25.44
Citrus County,2020-08-29,25.05
Clay County,2020-08-29,24.02
Collier County,2020-08-29,25.31
Columbia County,2020-08-29,22.69
DeSoto County,2020-08-29,24.56
Dixie County,2020-08-29,24.15
Duval County,2020-08-29,24.48
Escambia County,2020-08-29,23.65
Flagler County,2020-08-29,24.66
Franklin County,2020-08-29,24.41
Gadsden County,2020-08-29,23.58
Gilchrist County,2020-08-29,23.5
Glades County,2020-08-29,24.35
Gulf County,2020-08-29,23.97
Hamilton County,2020-08-29,22.58
Hardee County,2020-08-29,24.47
Hendry County,2020-08-29,24.44
Hernando County,2020-08-29,24.99
Highlands County,2020-08-29,24.36
Hillsborough County,2020-08-29,25.6
Holmes County,2020-08-29,23.7
Indian River County,2020-08-29,24.98
Jackson County,2020-08-29,24.0
Jefferson County,2020-08-29,23.79
Lafayette County,2020-08-29,23.47
Lake County,2020-08-29,24.83
Lee County,2020-08-29,25.82
Leon County,2020-08-29,23.79
Levy County,2020-08-29,24.46
Liberty County,2020-08-29,23.66
Madison County,2020-08-29,23.33
Manatee County,2020-08-29,25.27
Marion County,2020-08-29,24.57
Martin County,2020-08-29,25.63
Miami-Dade County,2020-08-29,25.87
Monroe County,2020-08-29,27.03
Nassau County,2020-08-29,23.87
Okaloosa County,2020-08-29,23.56
Okeechobee County,2020-08-29,24.76
Orange County,2020-08-29,24.92
Osceola County,2020-08-29,24.7
Palm Beach County,2020-08-29,25.21
Pasco County,2020-08-29,25.13
Pinellas County,2020-08-29,26.81
Polk County,2020-08-29,24.83
Putnam County,2020-08-29,24.45
St. Johns County,2020-08-29,24.84
St. Lucie County,2020-08-29,25.4
Santa Rosa County,2020-08-29,23.29
Sarasota County,2020-08-29,25.54
Seminole County,2020-08-29,24.98
Sumter County,2020-08-29,24.68
Suwannee County,2020-08-29,23.02
Taylor County,2020-08-29,24.24
Union County,2020-08-29,22.86
Volusia County,2020-08-29,24.84
Wakulla County,2020-08-29,24.19
Walton County,2020-08-29,23.74
Washington County,2020-08-29,23.77
Alachua County,2020-08-30,23.43
Baker County,2020-08-30,22.56
Bay County,2020-08-30,23.99
Bradford County,2020-08-30,22.98
Brevard County,2020-08-30,24.46
Broward County,2020-08-30,24.54
Calhoun County,2020-08-30,23.74
Charlotte County,2020-08-30,24.85
Citrus County,2020-08-30,24.64
Clay County,2020-08-30,23.81
Collier County,2020-08-30,25.05
Columbia County,2020-08-30,22.47
DeSoto County,2020-08-30,23.97
Dixie County,2020-08-30,23.67
Duval County,2020-08-30,24.3
Escambia County,2020-08-30,23.05
Flagler County,2020-08-30,24.39
Franklin County,2020-08-30,24.01
Gadsden County,2020-08-30,23.54
Gilchrist County,2020-08-30,23.09
Glades County,2020-08-30,23.7
Gulf County,2020-08-30,23.72
Hamilton County,2020-08-30,22.61
Hardee County,2020-08-30,23.91
Hendry County,2020-08-30,23.82
Hernando County,2020-08-30,24.56
Highlands County,2020-08-30,23.87
Hillsborough County,2020-08-30,24.92
Holmes County,2020-08-30,23.73
Indian River County,2020-08-30,24.21
Jackson County,2020-08-30,24.2
Jefferson County,2020-08-30,23.64
Lafayette County,2020-08-30,23.14
Lake County,2020-08-30,24.48
Lee County,2020-08-30,25.41
Leon County,2020-08-30,23.62
Levy County,2020-08-30,24.01
Liberty County,2020-08-30,23.61
Madison County,2020-08-30,23.27
Manatee County,2020-08-30,24.44
Marion County,2020-08-30,24.27
Martin County,2020-08-30,24.65
Miami-Dade County,2020-08-30,25.33
Monroe County,2020-08-30,26.57
Nassau County,2020-08-30,23.81
Okaloosa County,2020-08-30,23.11
Okeechobee County,2020-08-30,24.13
Orange County,2020-08-30,24.51
Osceola County,2020-08-30,24.31
Palm Beach County,2020-08-30,24.13
Pasco County,2020-08-30,24.65
Pinellas County,2020-08-30,26.1
Polk County,2020-08-30,24.38
Putnam County,2020-08-30,24.26
St. Johns County,2020-08-30,24.55
St. Lucie County,2020-08-30,24.51
Santa Rosa County,2020-08-30,22.8
Sarasota County,2020-08-30,24.76
Seminole County,2020-08-30,24.6
Sumter County,2020-08-30,24.29
Suwannee County,2020-08-30,22.81
Taylor County,2020-08-30,23.91
Union County,2020-08-30,22.58
Volusia County,2020-08-30,24.46
Wakulla County,2020-08-30,23.92
Walton County,2020-08-30,23.39
Washington County,2020-08-30,23.77
Alachua County,2020-08-31,23.27
Baker County,2020-08-31,22.17
Bay County,2020-08-31,23.73
Bradford County,2020-08-31,22.55
Brevard County,2020-08-31,23.66
Broward County,2020-08-31,24.11
Calhoun County,2020-08-31,23.04
Charlotte County,2020-08-31,23.63
Citrus County,2020-08-31,23.68
Clay County,2020-08-31,23.02
Collier County,2020-08-31,24.63
Columbia County,2020-08-31,22.44
DeSoto County,2020-08-31,22.67
Dixie County,2020-08-31,23.76
Duval County,2020-08-31,23.08
Escambia County,2020-08-31,23.95
Flagler County,2020-08-31,23.24
Franklin County,2020-08-31,23.5
Gadsden County,2020-08-31,22.71
Gilchrist County,2020-08-31,23.32
Glades County,2020-08-31,23.32
Gulf County,2020-08-31,23.32
Hamilton County,2020-08-31,22.64
Hardee County,2020-08-31,22.31
Hendry County,2020-08-31,23.75
Hernando County,2020-08-31,23.13
Highlands County,2020-08-31,22.8
Hillsborough County,2020-08-31,22.95
Holmes County,2020-08-31,23.32
Indian River County,2020-08-31,23.76
Jackson County,2020-08-31,23.28
Jefferson County,2020-08-31,23.32
Lafayette County,2020-08-31,23.31
Lake County,2020-08-31,23.41
Lee County,2020-08-31,24.38
Leon County,2020-08-31,23.07
Levy County,2020-08-31,23.88
Liberty County,2020-08-31,22.94
Madison County,2020-08-31,23.21
Manatee County,2020-08-31,22.73
Marion County,2020-08-31,23.67
Martin County,2020-08-31,24.72
Miami-Dade County,2020-08-31,24.72
Monroe County,2020-08-31,26.06
Nassau County,2020-08-31,22.62
Okaloosa County,2020-08-31,23.8
Okeechobee County,2020-08-31,23.61
Orange County,2020-08-31,23.43
Osceola County,2020-08-31,23.22
Palm Beach County,2020-08-31,24.12
Pasco County,2020-08-31,22.95
Pinellas County,2020-08-31,23.81
Polk County,2020-08-31,22.8
Putnam County,2020-08-31,23.48
St. Johns County,2020-08-31,23.33
St. Lucie County,2020-08-31,24.4
Santa Rosa County,2020-08-31,23.8
Sarasota County,2020-08-31,23.2
Seminole County,2020-08-31,23.56
Sumter County,2020-08-31,23.23
Suwannee County,2020-08-31,22.92
Taylor County,2020-08-31,23.8
Union County,2020-08-31,22.37
Volusia County,2020-08-31,23.37
Wakulla County,2020-08-31,23.38
Walton County,2020-08-31,23.52
Washington County,2020-08-31,23.33
Alachua County,2020-09-01,22.77
Baker County,2020-09-01,21.19
Bay County,2020-09-01,24.79
Bradford County,2020-09-01,21.81
Brevard County,2020-09-01,23.84
Broward County,2020-09-01,24.08
Calhoun County,2020-09-01,23.73
Charlotte County,2020-09-01,23.03
Citrus County,2020-09-01,24.18
Clay County,2020-09-01,22.19
Collier County,2020-09-01,23.8
Columbia County,2020-09-01,22.08
DeSoto County,2020-09-01,22.35
Dixie County,2020-09-01,24.08
Duval County,2020-09-01,22.3
Escambia County,2020-09-01,23.87
Flagler County,2020-09-01,23.2
Franklin County,2020-09-01,25.1
Gadsden County,2020-09-01,23.15
Gilchrist County,2020-09-01,23.14
Glades County,2020-09-01,22.4
Gulf County,2020-09-01,24.52
Hamilton County,2020-09-01,22.55
Hardee County,2020-09-01,22.26
Hendry County,2020-09-01,22.84
Hernando County,2020-09-01,23.76
Highlands County,2020-09-01,22.27
Hillsborough County,2020-09-01,23.16
Holmes County,2020-09-01,23.5
Indian River County,2020-09-01,23.31
Jackson County,2020-09-01,23.7
Jefferson County,2020-09-01,23.53
Lafayette County,2020-09-01,23.5
Lake County,2020-09-01,23.45
Lee County,2020-09-01,23.58
Leon County,2020-09-01,23.42
Levy County,2020-09-01,24.04
Liberty County,2020-09-01,23.73
Madison County,2020-09-01,23.35
Manatee County,2020-09-01,22.79
Marion County,2020-09-01,23.3
Martin County,2020-09-01,23.78
Miami-Dade County,2020-09-01,24.72
Monroe County,2020-09-01,25.61
Nassau County,2020-09-01,21.8
Okaloosa County,2020-09-01,23.14
Okeechobee County,2020-09-01,22.81
Orange County,2020-09-01,23.55
Osceola County,2020-09-01,23.16
Palm Beach County,2020-09-01,23.53
Pasco County,2020-09-01,23.32
Pinellas County,2020-09-01,24.54
Polk County,2020-09-01,22.73
Putnam County,2020-09-01,22.99
St. Johns County,2020-09-01,23.29
St. Lucie County,2020-09-01,23.65
Santa Rosa County,2020-09-01,23.48
Sarasota County,2020-09-01,22.9
Seminole County,2020-09-01,23.54
Sumter County,2020-09-01,23.42
Suwannee County,2020-09-01,23.01
Taylor County,2020-09-01,24.32
Union County,2020-09-01,21.8
Volusia County,2020-09-01,23.34
Wakulla County,2020-09-01,24.28
Walton County,2020-09-01,23.4
Washington County,2020-09-01,23.83
Alachua County,2020-09-02,22.91
Baker County,2020-09-02,21.86
Bay County,2020-09-02,25.21
Bradford County,2020-09-02,22.26
Brevard County,2020-09-02,24.27
Broward County,2020-09-02,24.55
Calhoun County,2020-09-02,24.16
Charlotte County,2020-09-02,23.73
Citrus County,2020-09-02,24.2
Clay County,2020-09-02,22.9
Collier County,2020-09-02,23.98
Columbia County,2020-09-02,22.42
DeSoto County,2020-09-02,23.24
Dixie County,2020-09-02,23.99
Duval County,2020-09-02,23.37
Escambia County,2020-09-02,23.62
Flagler County,2020-09-02,23.84
Franklin County,2020-09-02,25.26
Gadsden County,2020-09-02,23.47
Gilchrist County,2020-09-02,23.1
Glades County,2020-09-02,23.11
Gulf County,2020-09-02,24.88
Hamilton County,2020-09-02,22.86
Hardee County,2020-09-02,23.09
Hendry County,2020-09-02,23.24
Hernando County,2020-09-02,23.86
Highlands County,2020-09-02,23.17
Hillsborough County,2020-09-02,23.51
Holmes County,2020-09-02,23.85
Indian River County,2020-09-02,23.91
Jackson County,2020-09-02,24.12
Jefferson County,2020-09-02,23.83
Lafayette County,2020-09-02,23.58
Lake County,2020-09-02,23.77
Lee County,2020-09-02,24.03
Leon County,2020-09-02,23.73
Levy County,2020-09-02,23.93
Liberty County,2020-09-02,24.02
Madison County,2020-09-02,23.57
Manatee County,2020-09-02,23.24
Marion County,2020-09-02,23.47
Martin County,2020-09-02,24.12
Miami-Dade County,2020-09-02,25.41
Monroe County,2020-09-02,26.02
Nassau County,2020-09-02,22.95
Okaloosa County,2020-09-02,23.18
Okeechobee County,2020-09-02,23.57
Orange County,2020-09-02,23.99
Osceola County,2020-09-02,23.85
Palm Beach County,2020-09-02,23.88
Pasco County,2020-09-02,23.48
Pinellas County,2020-09-02,24.45
Polk County,2020-09-02,23.39
Putnam County,2020-09-02,23.48
St. Johns County,2020-09-02,24.11
St. Lucie County,2020-09-02,24.1
Santa Rosa County,2020-09-02,23.39
Sarasota County,2020-09-02,23.35
Seminole County,2020-09-02,23.98
Sumter County,2020-09-02,23.61
Suwannee County,2020-09-02,23.18
Taylor County,2020-09-02,24.48
Union County,2020-09-02,22.15
Volusia County,2020-09-02,23.81
Wakulla County,2020-09-02,24.54
Walton County,2020-09-02,23.63
Washington County,2020-09-02,24.24
Alachua County,2020-09-03,23.44
Baker County,2020-09-03,22.51
Bay County,2020-09-03,23.63
Bradford County,2020-09-03,22.81
Brevard County,2020-09-03,24.71
Broward County,2020-09-03,25.02
Calhoun County,2020-09-03,22.66
Charlotte County,2020-09-03,24.27
Citrus County,2020-09-03,24.6
Clay County,2020-09-03,23.28
Collier County,2020-09-03,24.54
Columbia County,2020-09-03,23.15
DeSoto County,2020-09-03,23.71
Dixie County,2020-09-03,23.82
Duval County,2020-09-03,23.89
Escambia County,2020-09-03,22.62
Flagler County,2020-09-03,23.63
Franklin County,2020-09-03,24.32
Gadsden County,2020-09-03,22.28
Gilchrist County,2020-09-03,23.35
Glades County,2020-09-03,23.56
Gulf County,2020-09-03,23.6
Hamilton County,2020-09-03,23.1
Hardee County,2020-09-03,23.7
Hendry County,2020-09-03,23.8
Hernando County,2020-09-03,24.52
Highlands County,2020-09-03,23.6
Hillsborough County,2020-09-03,24.53
Holmes County,2020-09-03,22.18
Indian River County,2020-09-03,24.57
Jackson County,2020-09-03,22.41
Jefferson County,2020-09-03,23.2
Lafayette County,2020-09-03,23.45
Lake County,2020-09-03,24.03
Lee County,2020-09-03,24.61
Leon County,2020-09-03,22.88
Levy County,2020-09-03,24.03
Liberty County,2020-09-03,22.89
Madison County,2020-09-03,23.18
Manatee County,2020-09-03,24.18
Marion County,2020-09-03,23.75
Martin County,2020-09-03,24.95
Miami-Dade County,2020-09-03,25.58
Monroe County,2020-09-03,26.33
Nassau County,2020-09-03,23.74
Okaloosa County,2020-09-03,21.95
Okeechobee County,2020-09-03,24.1
Orange County,2020-09-03,24.23
Osceola County,2020-09-03,24.26
Palm Beach County,2020-09-03,24.52
Pasco County,2020-09-03,24.36
Pinellas County,2020-09-03,25.75
Polk County,2020-09-03,24.02
Putnam County,2020-09-03,23.69
St. Johns County,2020-09-03,24.2
St. Lucie County,2020-09-03,24.92
Santa Rosa County,2020-09-03,22.31
Sarasota County,2020-09-03,24.17
Seminole County,2020-09-03,24.02
Sumter County,2020-09-03,24.08
Suwannee County,2020-09-03,23.37
Taylor County,2020-09-03,24.02
Union County,2020-09-03,22.86
Volusia County,2020-09-03,23.65
Wakulla County,2020-09-03,23.72
Walton County,2020-09-03,22.14
Washington County,2020-09-03,22.56
Alachua County,2020-09-04,24.42
Baker County,2020-09-04,23.72
Bay County,2020-09-04,23.63
Bradford County,2020-09-04,24.05
Brevard County,2020-09-04,25.02
Broward County,2020-09-04,25.35
Calhoun County,2020-09-04,22.5
Charlotte County,2020-09-04,24.11
Citrus County,2020-09-04,24.82
Clay County,2020-09-04,24.22
Collier County,2020-09-04,24.84
Columbia County,2020-09-04,24.17
DeSoto County,2020-09-04,23.57
Dixie County,2020-09-04,24.36
Duval County,2020-09-04,24.43
Escambia County,2020-09-04,21.82
Flagler County,2020-09-04,23.7
Franklin County,2020-09-04,24.43
Gadsden County,2020-09-04,22.13
Gilchrist County,2020-09-04,24.22
Glades County,2020-09-04,23.77
Gulf County,2020-09-04,23.66
Hamilton County,2020-09-04,23.63
Hardee County,2020-09-04,23.63
Hendry County,2020-09-04,24.09
Hernando County,2020-09-04,24.54
Highlands County,2020-09-04,23.75
Hillsborough County,2020-09-04,24.26
Holmes County,2020-09-04,21.74
Indian River County,2020-09-04,25.06
Jackson County,2020-09-04,22.05
Jefferson County,2020-09-04,23.16
Lafayette County,2020-09-04,24.09
Lake County,2020-09-04,24.29
Lee County,2020-09-04,24.59
Leon County,2020-09-04,22.81
Levy County,2020-09-04,24.57
Liberty County,2020-09-04,22.8
Madison County,2020-09-04,23.39
Manatee County,2020-09-04,23.87
Marion County,2020-09-04,24.28
Martin County,2020-09-04,25.61
Miami-Dade County,2020-09-04,26.03
Monroe County,2020-09-04,26.83
Nassau County,2020-09-04,24.03
Okaloosa County,2020-09-04,21.33
Okeechobee County,2020-09-04,24.52
Orange County,2020-09-04,24.43
Osceola County,2020-09-04,24.51
Palm Beach County,2020-09-04,25.03
Pasco County,2020-09-04,24.24
Pinellas County,2020-09-04,25.29
Polk County,2020-09-04,24.12
Putnam County,2020-09-04,24.29
St. Johns County,2020-09-04,24.48
St. Lucie County,2020-09-04,25.54
Santa Rosa County,2020-09-04,21.51
Sarasota County,2020-09-04,23.84
Seminole County,2020-09-04,24.17
Sumter County,2020-09-04,24.36
Suwannee County,2020-09-04,24.11
Taylor County,2020-09-04,24.27
Union County,2020-09-04,24.15
Volusia County,2020-09-04,23.71
Wakulla County,2020-09-04,23.72
Walton County,2020-09-04,21.75
Washington County,2020-09-04,22.32
Alachua County,2020-09-05,23.6
Baker County,2020-09-05,21.97
Bay County,2020-09-05,24.19
Bradford County,2020-09-05,22.75
Brevard County,2020-09-05,25.14
Broward County,2020-09-05,25.57
Calhoun County,2020-09-05,22.91
Charlotte County,2020-09-05,24.38
Citrus County,2020-09-05,25.3
Clay County,2020-09-05,23.14
Collier County,2020-09-05,24.5
Columbia County,2020-09-05,22.65
DeSoto County,2020-09-05,23.94
Dixie County,2020-09-05,24.6
Duval County,2020-09-05,23.43
Escambia County,2020-09-05,22.95
Flagler County,2020-09-05,23.78
Franklin County,2020-09-05,24.99
Gadsden County,2020-09-05,22.19
Gilchrist County,2020-09-05,23.77
Glades County,2020-09-05,23.75
Gulf County,2020-09-05,24.28
Hamilton County,2020-09-05,22.35
Hardee County,2020-09-05,24.07
Hendry County,2020-09-05,23.86
Hernando County,2020-09-05,25.19
Highlands County,2020-09-05,23.89
Hillsborough County,2020-09-05,25.12
Holmes County,2020-09-05,22.34
Indian River County,2020-09-05,24.95
Jackson County,2020-09-05,22.34
Jefferson County,2020-09-05,23.03
Lafayette County,2020-09-05,23.79
Lake County,2020-09-05,24.34
Lee County,2020-09-05,24.59
Leon County,2020-09-05,22.81
Levy County,2020-09-05,24.79
Liberty County,2020-09-05,23.22
Madison County,2020-09-05,22.91
Manatee County,2020-09-05,24.62
Marion County,2020-09-05,24.05
Martin County,2020-09-05,25.55
Miami-Dade County,2020-09-05,26.19
Monroe County,2020-09-05,26.44
Nassau County,2020-09-05,22.75
Okaloosa County,2020-09-05,22.34
Okeechobee County,2020-09-05,24.44
Orange County,2020-09-05,24.56
Osceola County,2020-09-05,24.58
Palm Beach County,2020-09-05,25.11
Pasco County,2020-09-05,25.02
Pinellas County,2020-09-05,26.47
Polk County,2020-09-05,24.46
Putnam County,2020-09-05,23.69
St. Johns County,2020-09-05,24.12
St. Lucie County,2020-09-05,25.42
Santa Rosa County,2020-09-05,22.68
Sarasota County,2020-09-05,24.49
Seminole County,2020-09-05,24.37
Sumter County,2020-09-05,24.52
Suwannee County,2020-09-05,23.21
Taylor County,2020-09-05,24.37
Union County,2020-09-05,22.7
Volusia County,2020-09-05,24.03
Wakulla County,2020-09-05,24.02
Walton County,2020-09-05,22.55
Washington County,2020-09-05,22.89
Alachua County,2020-09-06,23.3
Baker County,2020-09-06,21.94
Bay County,2020-09-06,22.94
Bradford County,2020-09-06,22.56
Brevard County,2020-09-06,25.28
Broward County,2020-09-06,23.76
Calhoun County,2020-09-06,21.89
Charlotte County,2020-09-06,23.01
Citrus County,2020-09-06,24.91
Clay County,2020-09-06,22.89
Collier County,2020-09-06,23.12
Columbia County,2020-09-06,22.47
DeSoto County,2020-09-06,22.66
Dixie County,2020-09-06,23.88
Duval County,2020-09-06,23.09
Escambia County,2020-09-06,22.12
Flagler County,2020-09-06,23.67
Franklin County,2020-09-06,23.96
Gadsden County,2020-09-06,21.76
Gilchrist County,2020-09-06,23.27
Glades County,2020-09-06,22.42
Gulf County,2020-09-06,23.09
Hamilton County,2020-09-06,22.13
Hardee County,2020-09-06,22.95
Hendry County,2020-09-06,22.48
Hernando County,2020-09-06,24.81
Highlands County,2020-09-06,22.82
Hillsborough County,2020-09-06,24.28
Holmes County,2020-09-06,21.27
Indian River County,2020-09-06,24.68
Jackson County,2020-09-06,21.59
Jefferson County,2020-09-06,22.5
Lafayette County,2020-09-06,23.22
Lake County,2020-09-06,24.33
Lee County,2020-09-06,23.19
Leon County,2020-09-06,22.32
Levy County,2020-09-06,24.23
Liberty County,2020-09-06,22.34
Madison County,2020-09-06,22.47
Manatee County,2020-09-06,23.47
Marion County,2020-09-06,23.89
Martin County,2020-09-06,24.5
Miami-Dade County,2020-09-06,24.21
Monroe County,2020-09-06,25.01
Nassau County,2020-09-06,22.7
Okaloosa County,2020-09-06,21.46
Okeechobee County,2020-09-06,23.66
Orange County,2020-09-06,24.67
Osceola County,2020-09-06,24.44
Palm Beach County,2020-09-06,23.65
Pasco County,2020-09-06,24.5
Pinellas County,2020-09-06,25.65
Polk County,2020-09-06,23.83
Putnam County,2020-09-06,23.48
St. Johns County,2020-09-06,23.71
St. Lucie County,2020-09-06,24.73
Santa Rosa County,2020-09-06,21.94
Sarasota County,2020-09-06,23.19
Seminole County,2020-09-06,24.53
Sumter County,2020-09-06,24.34
Suwannee County,2020-09-06,22.82
Taylor County,2020-09-06,23.66
Union County,2020-09-06,22.5
Volusia County,2020-09-06,24.12
Wakulla County,2020-09-06,23.26
Walton County,2020-09-06,21.47
Washington County,2020-09-06,21.7
Alachua County,2020-09-07,23.32
Baker County,2020-09-07,22.39
Bay County,2020-09-07,22.35
Bradford County,2020-09-07,22.98
Brevard County,2020-09-07,23.77
Broward County,2020-09-07,22.63
Calhoun County,2020-09-07,21.35
Charlotte County,2020-09-07,22.08
Citrus County,2020-09-07,23.62
Clay County,2020-09-07,23.23
Collier County,2020-09-07,21.82
Columbia County,2020-09-07,22.66
DeSoto County,2020-09-07,21.96
Dixie County,2020-09-07,22.51
Duval County,2020-09-07,23.03
Escambia County,2020-09-07,20.61
Flagler County,2020-09-07,23.72
Franklin County,2020-09-07,22.76
Gadsden County,2020-09-07,20.81
Gilchrist County,2020-09-07,22.65
Glades County,2020-09-07,21.47
Gulf County,2020-09-07,22.37
Hamilton County,2020-09-07,22.03
Hardee County,2020-09-07,22.25
Hendry County,2020-09-07,21.46
Hernando County,2020-09-07,23.35
Highlands County,2020-09-07,22.0
Hillsborough County,2020-09-07,22.96
Holmes County,2020-09-07,20.3
Indian River County,2020-09-07,22.97
Jackson County,2020-09-07,20.75
Jefferson County,2020-09-07,21.55
Lafayette County,2020-09-07,22.25
Lake County,2020-09-07,23.77
Lee County,2020-09-07,22.03
Leon County,2020-09-07,21.24
Levy County,2020-09-07,23.14
Liberty County,2020-09-07,21.46
Madison County,2020-09-07,21.75
Manatee County,2020-09-07,22.47
Marion County,2020-09-07,23.58
Martin County,2020-09-07,23.09
Miami-Dade County,2020-09-07,23.08
Monroe County,2020-09-07,23.61
Nassau County,2020-09-07,22.47
Okaloosa County,2020-09-07,20.21
Okeechobee County,2020-09-07,22.42
Orange County,2020-09-07,23.83
Osceola County,2020-09-07,23.23
Palm Beach County,2020-09-07,22.4
Pasco County,2020-09-07,23.02
Pinellas County,2020-09-07,23.8
Polk County,2020-09-07,22.93
Putnam County,2020-09-07,23.73
St. Johns County,2020-09-07,23.8
St. Lucie County,2020-09-07,23.15
Santa Rosa County,2020-09-07,20.41
Sarasota County,2020-09-07,22.2
Seminole County,2020-09-07,23.87
Sumter County,2020-09-07,23.45
Suwannee County,2020-09-07,22.37
Taylor County,2020-09-07,22.34
Union County,2020-09-07,22.85
Volusia County,2020-09-07,23.8
Wakulla County,2020-09-07,21.89
Walton County,2020-09-07,20.53
Washington County,2020-09-07,21.05
Alachua County,2020-09-08,22.76
Baker County,2020-09-08,22.0
Bay County,2020-09-08,22.09
Bradford County,2020-09-08,22.46
Brevard County,2020-09-08,23.55
Broward County,2020-09-08,23.06
Calhoun County,2020-09-08,20.88
Charlotte County,2020-09-08,22.29
Citrus County,2020-09-08,23.16
Clay County,2020-09-08,22.77
Collier County,2020-09-08,22.46
Columbia County,2020-09-08,22.31
DeSoto County,2020-09-08,21.96
Dixie County,2020-09-08,22.33
Duval County,2020-09-08,22.95
Escambia County,2020-09-08,21.0
Flagler County,2020-09-08,22.86
Franklin County,2020-09-08,22.25
Gadsden County,2020-09-08,20.49
Gilchrist County,2020-09-08,22.3
Glades County,2020-09-08,21.72
Gulf County,2020-09-08,21.87
Hamilton County,2020-09-08,21.79
Hardee County,2020-09-08,22.09
Hendry County,2020-09-08,21.92
Hernando County,2020-09-08,22.95
Highlands County,2020-09-08,21.91
Hillsborough County,2020-09-08,22.73
Holmes County,2020-09-08,20.43
Indian River County,2020-09-08,23.04
Jackson County,2020-09-08,20.57
Jefferson County,2020-09-08,21.51
Lafayette County,2020-09-08,22.14
Lake County,2020-09-08,23.2
Lee County,2020-09-08,22.49
Leon County,2020-09-08,21.03
Levy County,2020-09-08,22.72
Liberty County,2020-09-08,20.87
Madison County,2020-09-08,21.68
Manatee County,2020-09-08,22.34
Marion County,2020-09-08,22.91
Martin County,2020-09-08,23.19
Miami-Dade County,2020-09-08,23.25
Monroe County,2020-09-08,23.38
Nassau County,2020-09-08,22.46
Okaloosa County,2020-09-08,20.66
Okeechobee County,2020-09-08,22.44
Orange County,2020-09-08,23.48
Osceola County,2020-09-08,23.12
Palm Beach County,2020-09-08,22.67
Pasco County,2020-09-08,22.7
Pinellas County,2020-09-08,23.47
Polk County,2020-09-08,22.71
Putnam County,2020-09-08,23.04
St. Johns County,2020-09-08,23.32
St. Lucie County,2020-09-08,23.24
Santa Rosa County,2020-09-08,20.95
Sarasota County,2020-09-08,22.22
Seminole County,2020-09-08,23.37
Sumter County,2020-09-08,22.93
Suwannee County,2020-09-08,22.2
Taylor County,2020-09-08,22.32
Union County,2020-09-08,22.4
Volusia County,2020-09-08,22.94
Wakulla County,2020-09-08,21.58
Walton County,2020-09-08,20.73
Washington County,2020-09-08,20.89
Alachua County,2020-09-09,22.94
Baker County,2020-09-09,22.1
Bay County,2020-09-09,22.35
Bradford County,2020-09-09,22.52
Brevard County,2020-09-09,23.92
Broward County,2020-09-09,23.48
Calhoun County,2020-09-09,21.05
Charlotte County,2020-09-09,22.67
Citrus County,2020-09-09,23.54
Clay County,2020-09-09,22.83
Collier County,2020-09-09,22.78
Columbia County,2020-09-09,22.5
DeSoto County,2020-09-09,22.46
Dixie County,2020-09-09,22.87
Duval County,2020-09-09,23.08
Escambia County,2020-09-09,21.76
Flagler County,2020-09-09,23.26
Franklin County,2020-09-09,22.65
Gadsden County,2020-09-09,20.53
Gilchrist County,2020-09-09,22.71
Glades County,2020-09-09,22.21
Gulf County,2020-09-09,22.21
Hamilton County,2020-09-09,22.01
Hardee County,2020-09-09,22.63
Hendry County,2020-09-09,22.19
Hernando County,2020-09-09,23.25
Highlands County,2020-09-09,22.58
Hillsborough County,2020-09-09,23.01
Holmes County,2020-09-09,20.61
Indian River County,2020-09-09,23.44
Jackson County,2020-09-09,20.59
Jefferson County,2020-09-09,21.72
Lafayette County,2020-09-09,22.52
Lake County,2020-09-09,23.49
Lee County,2020-09-09,22.82
Leon County,2020-09-09,21.19
Levy County,2020-09-09,23.23
Liberty County,2020-09-09,21.15
Madison County,2020-09-09,21.93
Manatee County,2020-09-09,22.58
Marion County,2020-09-09,23.14
Martin County,2020-09-09,23.4
Miami-Dade County,2020-09-09,24.04
Monroe County,2020-09-09,24.27
Nassau County,2020-09-09,22.59
Okaloosa County,2020-09-09,21.02
Okeechobee County,2020-09-09,22.95
Orange County,2020-09-09,23.78
Osceola County,2020-09-09,23.57
Palm Beach County,2020-09-09,22.9
Pasco County,2020-09-09,22.95
Pinellas County,2020-09-09,23.59
Polk County,2020-09-09,23.21
Putnam County,2020-09-09,23.15
St. Johns County,2020-09-09,23.58
St. Lucie County,2020-09-09,23.55
Santa Rosa County,2020-09-09,21.47
Sarasota County,2020-09-09,22.41
Seminole County,2020-09-09,23.67
Sumter County,2020-09-09,23.24
Suwannee County,2020-09-09,22.47
Taylor County,2020-09-09,22.72
Union County,2020-09-09,22.52
Volusia County,2020-09-09,23.39
Wakulla County,2020-09-09,21.91
Walton County,2020-09-09,21.01
Washington County,2020-09-09,21.08
Alachua County,2020-09-10,23.33
Baker County,2020-09-10,22.28
Bay County,2020-09-10,22.38
Bradford County,2020-09-10,22.89
Brevard County,2020-09-10,24.49
Broward County,2020-09-10,23.52
Calhoun County,2020-09-10,21.27
Charlotte County,2020-09-10,23.4
Citrus County,2020-09-10,24.02
Clay County,2020-09-10,23.27
Collier County,2020-09-10,23.31
Columbia County,2020-09-10,22.63
DeSoto County,2020-09-10,23.07
Dixie County,2020-09-10,22.94
Duval County,2020-09-10,23.46
Escambia County,2020-09-10,21.89
Flagler County,2020-09-10,23.79
Franklin County,2020-09-10,22.65
Gadsden County,2020-09-10,20.96
Gilchrist County,2020-09-10,22.88
Glades County,2020-09-10,22.84
Gulf County,2020-09-10,22.19
Hamilton County,2020-09-10,22.06
Hardee County,2020-09-10,23.08
Hendry County,2020-09-10,22.82
Hernando County,2020-09-10,23.79
Highlands County,2020-09-10,23.05
Hillsborough County,2020-09-10,23.59
Holmes County,2020-09-10,20.92
Indian River County,2020-09-10,24.11
Jackson County,2020-09-10,21.01
Jefferson County,2020-09-10,21.76
Lafayette County,2020-09-10,22.56
Lake County,2020-09-10,23.85
Lee County,2020-09-10,23.54
Leon County,2020-09-10,21.45
Levy County,2020-09-10,23.51
Liberty County,2020-09-10,21.4
Madison County,2020-09-10,21.93
Manatee County,2020-09-10,23.22
Marion County,2020-09-10,23.61
Martin County,2020-09-10,24.02
Miami-Dade County,2020-09-10,23.88
Monroe County,2020-09-10,24.23
Nassau County,2020-09-10,22.9
Okaloosa County,2020-09-10,21.23
Okeechobee County,2020-09-10,23.54
Orange County,2020-09-10,24.13
Osceola County,2020-09-10,23.97
Palm Beach County,2020-09-10,23.26
Pasco County,2020-09-10,23.5
Pinellas County,2020-09-10,24.15
Polk County,2020-09-10,23.54
Putnam County,2020-09-10,23.69
St. Johns County,2020-09-10,24.07
St. Lucie County,2020-09-10,24.24
Santa Rosa County,2020-09-10,21.66
Sarasota County,2020-09-10,23.15
Seminole County,2020-09-10,24.06
Sumter County,2020-09-10,23.7
Suwannee County,2020-09-10,22.54
Taylor County,2020-09-10,22.68
Union County,2020-09-10,22.79
Volusia County,2020-09-10,23.85
Wakulla County,2020-09-10,22.12
Walton County,2020-09-10,21.22
Washington County,2020-09-10,21.34
Alachua County,2020-09-11,23.9
Baker County,2020-09-11,23.27
Bay County,2020-09-11,23.44
Bradford County,2020-09-11,23.49
Brevard County,2020-09-11,25.32
Broward County,2020-09-11,23.69
Calhoun County,2020-09-11,22.9
Charlotte County,2020-09-11,23.68
Citrus County,2020-09-11,24.4
Clay County,2020-09-11,23.78
Collier County,2020-09-11,23.59
Columbia County,2020-09-11,23.73
DeSoto County,2020-09-11,23.3
Dixie County,2020-09-11,24.02
Duval County,2020-09-11,24.15
Escambia County,2020-09-11,22.0
Flagler County,2020-09-11,24.16
Franklin County,2020-09-11,23.94
Gadsden County,2020-09-11,22.76
Gilchrist County,2020-09-11,23.82
Glades County,2020-09-11,23.04
Gulf County,2020-09-11,23.46
Hamilton County,2020-09-11,23.44
Hardee County,2020-09-11,23.27
Hendry County,2020-09-11,23.01
Hernando County,2020-09-11,24.06
Highlands County,2020-09-11,23.23
Hillsborough County,2020-09-11,23.81
Holmes County,2020-09-11,22.64
Indian River County,2020-09-11,24.82
Jackson County,2020-09-11,22.86
Jefferson County,2020-09-11,23.38
Lafayette County,2020-09-11,23.83
Lake County,2020-09-11,23.9
Lee County,2020-09-11,23.87
Leon County,2020-09-11,23.18
Levy County,2020-09-11,24.22
Liberty County,2020-09-11,23.06
Madison County,2020-09-11,23.44
Manatee County,2020-09-11,23.43
Marion County,2020-09-11,23.84
Martin County,2020-09-11,24.7
Miami-Dade County,2020-09-11,24.23
Monroe County,2020-09-11,24.65
Nassau County,2020-09-11,23.84
Okaloosa County,2020-09-11,22.31
Okeechobee County,2020-09-11,23.86
Orange County,2020-09-11,24.31
Osceola County,2020-09-11,24.19
Palm Beach County,2020-09-11,23.57
Pasco County,2020-09-11,23.73
Pinellas County,2020-09-11,24.35
Polk County,2020-09-11,23.67
Putnam County,2020-09-11,23.97
St. Johns County,2020-09-11,24.53
St. Lucie County,2020-09-11,25.03
Santa Rosa County,2020-09-11,22.35
Sarasota County,2020-09-11,23.4
Seminole County,2020-09-11,24.3
Sumter County,2020-09-11,23.84
Suwannee County,2020-09-11,23.8
Taylor County,2020-09-11,24.1
Union County,2020-09-11,23.59
Volusia County,2020-09-11,24.27
Wakulla County,2020-09-11,23.71
Walton County,2020-09-11,22.49
Washington County,2020-09-11,22.82
Alachua County,2020-09-12,23.03
Baker County,2020-09-12,21.61
Bay County,2020-09-12,23.96
Bradford County,2020-09-12,22.19
Brevard County,2020-09-12,25.65
Broward County,2020-09-12,24.03
Calhoun County,2020-09-12,23.32
Charlotte County,2020-09-12,23.93
Citrus County,2020-09-12,25.05
Clay County,2020-09-12,23.01
Collier County,2020-09-12,24.04
Columbia County,2020-09-12,22.22
DeSoto County,2020-09-12,23.73
Dixie County,2020-09-12,24.23
Duval County,2020-09-12,23.69
Escambia County,2020-09-12,22.68
Flagler County,2020-09-12,24.64
Franklin County,2020-09-12,24.4
Gadsden County,2020-09-12,22.97
Gilchrist County,2020-09-12,23.25
Glades County,2020-09-12,23.93
Gulf County,2020-09-12,23.93
Hamilton County,2020-09-12,22.77
Hardee County,2020-09-12,23.8
Hendry County,2020-09-12,23.76
Hernando County,2020-09-12,24.84
Highlands County,2020-09-12,24.05
Hillsborough County,2020-09-12,24.36
Holmes County,2020-09-12,23.06
Indian River County,2020-09-12,25.16
Jackson County,2020-09-12,23.22
Jefferson County,2020-09-12,23.71
Lafayette County,2020-09-12,23.71
Lake County,2020-09-12,24.48
Lee County,2020-09-12,24.13
Leon County,2020-09-12,23.42
Levy County,2020-09-12,24.4
Liberty County,2020-09-12,23.39
Madison County,2020-09-12,23.6
Manatee County,2020-09-12,23.56
Marion County,2020-09-12,23.97
Martin County,2020-09-12,25.0
Miami-Dade County,2020-09-12,24.44
Monroe County,2020-09-12,25.08
Nassau County,2020-09-12,23.1
Okaloosa County,2020-09-12,22.72
Okeechobee County,2020-09-12,24.58
Orange County,2020-09-12,24.8
Osceola County,2020-09-12,24.7
Palm Beach County,2020-09-12,23.99
Pasco County,2020-09-12,24.46
Pinellas County,2020-09-12,24.84
Polk County,2020-09-12,24.32
Putnam County,2020-09-12,23.79
St. Johns County,2020-09-12,24.83
St. Lucie County,2020-09-12,25.35
Santa Rosa County,2020-09-12,22.89
Sarasota County,2020-09-12,23.28
Seminole County,2020-09-12,24.76
Sumter County,2020-09-12,24.51
Suwannee County,2020-09-12,23.17
Taylor County,2020-09-12,24.48
Union County,2020-09-12,21.97
Volusia County,2020-09-12,24.72
Wakulla County,2020-09-12,24.07
Walton County,2020-09-12,22.89
Washington County,2020-09-12,23.36
Alachua County,2020-09-13,23.49
Baker County,2020-09-13,21.9
Bay County,2020-09-13,23.98
Bradford County,2020-09-13,22.56
Brevard County,2020-09-13,24.17
Broward County,2020-09-13,23.1
Calhoun County,2020-09-13,23.62
Charlotte County,2020-09-13,23.6
Citrus County,2020-09-13,24.59
Clay County,2020-09-13,23.09
Collier County,2020-09-13,23.56
Columbia County,2020-09-13,22.89
DeSoto County,2020-09-13,23.39
Dixie County,2020-09-13,24.04
Duval County,2020-09-13,23.65
Escambia County,2020-09-13,22.74
Flagler County,2020-09-13,24.21
Franklin County,2020-09-13,24.52
Gadsden County,2020-09-13,23.59
Gilchrist County,2020-09-13,23.53
Glades County,2020-09-13,23.5
Gulf County,2020-09-13,23.85
Hamilton County,2020-09-13,23.12
Hardee County,2020-09-13,23.43
Hendry County,2020-09-13,23.45
Hernando County,2020-09-13,24.31
Highlands County,2020-09-13,23.58
Hillsborough County,2020-09-13,23.92
Holmes County,2020-09-13,23.35
Indian River County,2020-09-13,23.61
Jackson County,2020-09-13,23.64
Jefferson County,2020-09-13,23.87
Lafayette County,2020-09-13,23.81
Lake County,2020-09-13,24.32
Lee County,2020-09-13,23.77
Leon County,2020-09-13,23.85
Levy County,2020-09-13,24.18
Liberty County,2020-09-13,23.76
Madison County,2020-09-13,23.7
Manatee County,2020-09-13,23.33
Marion County,2020-09-13,24.02
Martin County,2020-09-13,23.66
Miami-Dade County,2020-09-13,23.5
Monroe County,2020-09-13,24.35
Nassau County,2020-09-13,23.16
Okaloosa County,2020-09-13,22.9
Okeechobee County,2020-09-13,23.65
Orange County,2020-09-13,24.28
Osceola County,2020-09-13,23.9
Palm Beach County,2020-09-13,23.04
Pasco County,2020-09-13,23.96
Pinellas County,2020-09-13,24.59
Polk County,2020-09-13,23.85
Putnam County,2020-09-13,23.84
St. Johns County,2020-09-13,24.51
St. Lucie County,2020-09-13,23.79
Santa Rosa County,2020-09-13,22.99
Sarasota County,2020-09-13,23.05
Seminole County,2020-09-13,24.26
Sumter County,2020-09-13,24.2
Suwannee County,2020-09-13,23.55
Taylor County,2020-09-13,24.41
Union County,2020-09-13,22.54
Volusia County,2020-09-13,24.19
Wakulla County,2020-09-13,24.36
Walton County,2020-09-13,23.06
Washington County,2020-09-13,23.52
Alachua County,2020-09-14,24.13
Baker County,2020-09-14,23.5
Bay County,2020-09-14,23.54
Bradford County,2020-09-14,23.81
Brevard County,2020-09-14,24.45
Broward County,2020-09-14,24.03
Calhoun County,2020-09-14,23.37
Charlotte County,2020-09-14,22.89
Citrus County,2020-09-14,24.14
Clay County,2020-09-14,24.03
Collier County,2020-09-14,23.11
Columbia County,2020-09-14,23.91
DeSoto County,2020-09-14,22.89
Dixie County,2020-09-14,23.65
Duval County,2020-09-14,24.34
Escambia County,2020-09-14,23.08
Flagler County,2020-09-14,24.12
Franklin County,2020-09-14,23.95
Gadsden County,2020-09-14,23.36
Gilchrist County,2020-09-14,23.77
Glades County,2020-09-14,22.74
Gulf County,2020-09-14,23.42
Hamilton County,2020-09-14,23.6
Hardee County,2020-09-14,23.15
Hendry County,2020-09-14,22.78
Hernando County,2020-09-14,23.81
Highlands County,2020-09-14,23.05
Hillsborough County,2020-09-14,23.39
Holmes County,2020-09-14,23.28
Indian River County,2020-09-14,23.84
Jackson County,2020-09-14,23.51
Jefferson County,2020-09-14,23.61
Lafayette County,2020-09-14,23.74
Lake County,2020-09-14,24.31
Lee County,2020-09-14,22.94
Leon County,2020-09-14,23.59
Levy County,2020-09-14,23.91
Liberty County,2020-09-14,23.47
Madison County,2020-09-14,23.61
Manatee County,2020-09-14,22.96
Marion County,2020-09-14,24.13
Martin County,2020-09-14,24.01
Miami-Dade County,2020-09-14,24.69
Monroe County,2020-09-14,24.98
Nassau County,2020-09-14,24.04
Okaloosa County,2020-09-14,22.91
Okeechobee County,2020-09-14,23.39
Orange County,2020-09-14,24.39
Osceola County,2020-09-14,24.02
Palm Beach County,2020-09-14,23.56
Pasco County,2020-09-14,23.47
Pinellas County,2020-09-14,23.64
Polk County,2020-09-14,23.76
Putnam County,2020-09-14,24.24
St. Johns County,2020-09-14,24.65
St. Lucie County,2020-09-14,24.02
Santa Rosa County,2020-09-14,23.23
Sarasota County,2020-09-14,22.62
Seminole County,2020-09-14,24.29
Sumter County,2020-09-14,24.11
Suwannee County,2020-09-14,23.87
Taylor County,2020-09-14,23.96
Union County,2020-09-14,23.87
Volusia County,2020-09-14,24.08
Wakulla County,2020-09-14,23.87
Walton County,2020-09-14,22.84
Washington County,2020-09-14,23.34
Alachua County,2020-09-15,24.19
Baker County,2020-09-15,23.36
Bay County,2020-09-15,23.44
Bradford County,2020-09-15,23.77
Brevard County,2020-09-15,24.38
Broward County,2020-09-15,24.29
Calhoun County,2020-09-15,23.08
Charlotte County,2020-09-15,23.62
Citrus County,2020-09-15,24.47
Clay County,2020-09-15,23.87
Collier County,2020-09-15,23.61
Columbia County,2020-09-15,23.86
DeSoto County,2020-09-15,23.71
Dixie County,2020-09-15,23.62
Duval County,2020-09-15,23.94
Escambia County,2020-09-15,23.15
Flagler County,2020-09-15,23.68
Franklin County,2020-09-15,23.59
Gadsden County,2020-09-15,23.15
Gilchrist County,2020-09-15,23.81
Glades County,2020-09-15,23.34
Gulf County,2020-09-15,23.15
Hamilton County,2020-09-15,23.48
Hardee County,2020-09-15,23.92
Hendry County,2020-09-15,23.26
Hernando County,2020-09-15,24.3
Highlands County,2020-09-15,23.69
Hillsborough County,2020-09-15,24.02
Holmes County,2020-09-15,23.36
Indian River County,2020-09-15,24.19
Jackson County,2020-09-15,23.42
Jefferson County,2020-09-15,23.57
Lafayette County,2020-09-15,23.72
Lake County,2020-09-15,24.58
Lee County,2020-09-15,23.56
Leon County,2020-09-15,23.51
Levy County,2020-09-15,24.0
Liberty County,2020-09-15,23.09
Madison County,2020-09-15,23.54
Manatee County,2020-09-15,23.73
Marion County,2020-09-15,24.31
Martin County,2020-09-15,24.36
Miami-Dade County,2020-09-15,25.11
Monroe County,2020-09-15,25.34
Nassau County,2020-09-15,23.52
Okaloosa County,2020-09-15,22.94
Okeechobee County,2020-09-15,23.96
Orange County,2020-09-15,24.57
Osceola County,2020-09-15,24.4
Palm Beach County,2020-09-15,23.87
Pasco County,2020-09-15,24.04
Pinellas County,2020-09-15,23.95
Polk County,2020-09-15,24.36
Putnam County,2020-09-15,24.15
St. Johns County,2020-09-15,24.16
St. Lucie County,2020-09-15,24.4
Santa Rosa County,2020-09-15,23.24
Sarasota County,2020-09-15,23.42
Seminole County,2020-09-15,24.3
Sumter County,2020-09-15,24.61
Suwannee County,2020-09-15,23.83
Taylor County,2020-09-15,23.89
Union County,2020-09-15,23.87
Volusia County,2020-09-15,23.73
Wakulla County,2020-09-15,23.68
Walton County,2020-09-15,22.91
Washington County,2020-09-15,23.31
Alachua County,2020-09-16,23.9
Baker County,2020-09-16,22.87
Bay County,2020-09-16,23.48
Bradford County,2020-09-16,23.4
Brevard County,2020-09-16,24.14
Broward County,2020-09-16,24.5
Calhoun County,2020-09-16,22.89
Charlotte County,2020-09-16,24.07
Citrus County,2020-09-16,24.32
Clay County,2020-09-16,23.54
Collier County,2020-09-16,24.07
Columbia County,2020-09-16,23.42
DeSoto County,2020-09-16,23.8
Dixie County,2020-09-16,23.85
Duval County,2020-09-16,23.61
Escambia County,2020-09-16,22.96
Flagler County,2020-09-16,23.39
Franklin County,2020-09-16,24.18
Gadsden County,2020-09-16,22.59
Gilchrist County,2020-09-16,23.71
Glades County,2020-09-16,23.38
Gulf County,2020-09-16,23.66
Hamilton County,2020-09-16,22.96
Hardee County,2020-09-16,23.78
Hendry County,2020-09-16,23.39
Hernando County,2020-09-16,24.07
Highlands County,2020-09-16,23.63
Hillsborough County,2020-09-16,23.88
Holmes County,2020-09-16,22.35
Indian River County,2020-09-16,24.08
Jackson County,2020-09-16,22.5
Jefferson County,2020-09-16,23.18
Lafayette County,2020-09-16,23.69
Lake County,2020-09-16,24.02
Lee County,2020-09-16,24.26
Leon County,2020-09-16,23.08
Levy County,2020-09-16,24.05
Liberty County,2020-09-16,23.18
Madison County,2020-09-16,23.14
Manatee County,2020-09-16,23.71
Marion County,2020-09-16,23.91
Martin County,2020-09-16,24.5
Miami-Dade County,2020-09-16,25.15
Monroe County,2020-09-16,25.76
Nassau County,2020-09-16,23.12
Okaloosa County,2020-09-16,22.38
Okeechobee County,2020-09-16,23.8
Orange County,2020-09-16,24.09
Osceola County,2020-09-16,24.06
Palm Beach County,2020-09-16,24.05
Pasco County,2020-09-16,23.79
Pinellas County,2020-09-16,24.21
Polk County,2020-09-16,24.03
Putnam County,2020-09-16,23.8
St. Johns County,2020-09-16,23.94
St. Lucie County,2020-09-16,24.43
Santa Rosa County,2020-09-16,22.81
Sarasota County,2020-09-16,23.71
Seminole County,2020-09-16,23.8
Sumter County,2020-09-16,24.07
Suwannee County,2020-09-16,23.57
Taylor County,2020-09-16,23.98
Union County,2020-09-16,23.46
Volusia County,2020-09-16,23.34
Wakulla County,2020-09-16,23.78
Walton County,2020-09-16,22.36
Washington County,2020-09-16,22.77
Alachua County,2020-09-17,24.12
Baker County,2020-09-17,23.09
Bay County,2020-09-17,23.14
Bradford County,2020-09-17,23.72
Brevard County,2020-09-17,24.64
Broward County,2020-09-17,24.51
Calhoun County,2020-09-17,22.26
Charlotte County,2020-09-17,24.41
Citrus County,2020-09-17,24.48
Clay County,2020-09-17,23.99
Collier County,2020-09-17,24.54
Columbia County,2020-09-17,23.55
DeSoto County,2020-09-17,24.11
Dixie County,2020-09-17,23.96
Duval County,2020-09-17,24.06
Escambia County,2020-09-17,21.75
Flagler County,2020-09-17,24.11
Franklin County,2020-09-17,23.57
Gadsden County,2020-09-17,22.18
Gilchrist County,2020-09-17,23.84
Glades County,2020-09-17,23.67
Gulf County,2020-09-17,22.97
Hamilton County,2020-09-17,22.89
Hardee County,2020-09-17,24.08
Hendry County,2020-09-17,23.69
Hernando County,2020-09-17,24.25
Highlands County,2020-09-17,23.91
Hillsborough County,2020-09-17,24.22
Holmes County,2020-09-17,22.04
Indian River County,2020-09-17,24.39
Jackson County,2020-09-17,22.19
Jefferson County,2020-09-17,23.23
Lafayette County,2020-09-17,23.77
Lake County,2020-09-17,24.29
Lee County,2020-09-17,24.65
Leon County,2020-09-17,22.99
Levy County,2020-09-17,24.19
Liberty County,2020-09-17,22.32
Madison County,2020-09-17,23.12
Manatee County,2020-09-17,24.1
Marion County,2020-09-17,24.15
Martin County,2020-09-17,24.62
Miami-Dade County,2020-09-17,25.45
Monroe County,2020-09-17,26.39
Nassau County,2020-09-17,23.39
Okaloosa County,2020-09-17,21.59
Okeechobee County,2020-09-17,24.01
Orange County,2020-09-17,24.42
Osceola County,2020-09-17,24.33
Palm Beach County,2020-09-17,24.02
Pasco County,2020-09-17,24.02
Pinellas County,2020-09-17,24.64
Polk County,2020-09-17,24.27
Putnam County,2020-09-17,24.26
St. Johns County,2020-09-17,24.58
St. Lucie County,2020-09-17,24.68
Santa Rosa County,2020-09-17,21.85
Sarasota County,2020-09-17,24.11
Seminole County,2020-09-17,24.25
Sumter County,2020-09-17,24.21
Suwannee County,2020-09-17,23.62
Taylor County,2020-09-17,24.06
Union County,2020-09-17,23.7
Volusia County,2020-09-17,24.03
Wakulla County,2020-09-17,23.5
Walton County,2020-09-17,21.82
Washington County,2020-09-17,22.55
Alachua County,2020-09-18,22.86
Baker County,2020-09-18,21.89
Bay County,2020-09-18,22.11
Bradford County,2020-09-18,22.45
Brevard County,2020-09-18,25.14
Broward County,2020-09-18,24.66
Calhoun County,2020-09-18,21.14
Charlotte County,2020-09-18,25.03
Citrus County,2020-09-18,24.33
Clay County,2020-09-18,23.28
Collier County,2020-09-18,24.84
Columbia County,2020-09-18,21.9
DeSoto County,2020-09-18,24.49
Dixie County,2020-09-18,22.54
Duval County,2020-09-18,23.82
Escambia County,2020-09-18,21.67
Flagler County,2020-09-18,24.37
Franklin County,2020-09-18,22.41
Gadsden County,2020-09-18,20.55
Gilchrist County,2020-09-18,22.21
Glades County,2020-09-18,23.99
Gulf County,2020-09-18,22.08
Hamilton County,2020-09-18,21.83
Hardee County,2020-09-18,24.19
Hendry County,2020-09-18,24.0
Hernando County,2020-09-18,24.36
Highlands County,2020-09-18,24.03
Hillsborough County,2020-09-18,24.54
Holmes County,2020-09-18,21.12
Indian River County,2020-09-18,24.8
Jackson County,2020-09-18,20.85
Jefferson County,2020-09-18,21.46
Lafayette County,2020-09-18,22.09
Lake County,2020-09-18,24.44
Lee County,2020-09-18,25.28
Leon County,2020-09-18,21.14
Levy County,2020-09-18,23.27
Liberty County,2020-09-18,21.21
Madison County,2020-09-18,21.68
Manatee County,2020-09-18,24.56
Marion County,2020-09-18,23.79
Martin County,2020-09-18,25.07
Miami-Dade County,2020-09-18,25.16
Monroe County,2020-09-18,25.91
Nassau County,2020-09-18,23.32
Okaloosa County,2020-09-18,21.4
Okeechobee County,2020-09-18,24.23
Orange County,2020-09-18,24.77
Osceola County,2020-09-18,24.5
Palm Beach County,2020-09-18,24.28
Pasco County,2020-09-18,24.24
Pinellas County,2020-09-18,25.13
Polk County,2020-09-18,24.24
Putnam County,2020-09-18,23.87
St. Johns County,2020-09-18,24.49
St. Lucie County,2020-09-18,25.19
Santa Rosa County,2020-09-18,21.8
Sarasota County,2020-09-18,24.77
Seminole County,2020-09-18,24.76
Sumter County,2020-09-18,24.2
Suwannee County,2020-09-18,22.0
Taylor County,2020-09-18,22.4
Union County,2020-09-18,22.02
Volusia County,2020-09-18,24.53
Wakulla County,2020-09-18,21.88
Walton County,2020-09-18,21.28
Washington County,2020-09-18,21.46
Alachua County,2020-09-19,22.35
Baker County,2020-09-19,21.37
Bay County,2020-09-19,22.3
Bradford County,2020-09-19,21.99
Brevard County,2020-09-19,23.81
Broward County,2020-09-19,24.68
Calhoun County,2020-09-19,21.41
Charlotte County,2020-09-19,23.32
Citrus County,2020-09-19,23.64
Clay County,2020-09-19,22.44
Collier County,2020-09-19,24.58
Columbia County,2020-09-19,21.4
DeSoto County,2020-09-19,22.51
Dixie County,2020-09-19,21.79
Duval County,2020-09-19,22.46
Escambia County,2020-09-19,21.66
Flagler County,2020-09-19,22.55
Franklin County,2020-09-19,22.4
Gadsden County,2020-09-19,20.43
Gilchrist County,2020-09-19,21.69
Glades County,2020-09-19,22.88
Gulf County,2020-09-19,22.15
Hamilton County,2020-09-19,20.42
Hardee County,2020-09-19,22.54
Hendry County,2020-09-19,23.58
Hernando County,2020-09-19,23.76
Highlands County,2020-09-19,22.57
Hillsborough County,2020-09-19,23.84
Holmes County,2020-09-19,21.1
Indian River County,2020-09-19,24.27
Jackson County,2020-09-19,21.11
Jefferson County,2020-09-19,20.17
Lafayette County,2020-09-19,21.1
Lake County,2020-09-19,23.05
Lee County,2020-09-19,24.06
Leon County,2020-09-19,20.49
Levy County,2020-09-19,22.64
Liberty County,2020-09-19,21.39
Madison County,2020-09-19,20.09
Manatee County,2020-09-19,23.36
Marion County,2020-09-19,22.8
Martin County,2020-09-19,25.01
Miami-Dade County,2020-09-19,25.01
Monroe County,2020-09-19,26.13
Nassau County,2020-09-19,21.86
Okaloosa County,2020-09-19,21.43
Okeechobee County,2020-09-19,23.72
Orange County,2020-09-19,23.26
Osceola County,2020-09-19,23.54
Palm Beach County,2020-09-19,24.48
Pasco County,2020-09-19,23.71
Pinellas County,2020-09-19,25.21
Polk County,2020-09-19,23.09
Putnam County,2020-09-19,22.78
St. Johns County,2020-09-19,22.93
St. Lucie County,2020-09-19,24.88
Santa Rosa County,2020-09-19,21.81
Sarasota County,2020-09-19,23.31
Seminole County,2020-09-19,22.95
Sumter County,2020-09-19,23.21
Suwannee County,2020-09-19,20.98
Taylor County,2020-09-19,21.24
Union County,2020-09-19,21.75
Volusia County,2020-09-19,22.51
Wakulla County,2020-09-19,21.44
Walton County,2020-09-19,21.3
Washington County,2020-09-19,21.6
Alachua County,2020-09-20,21.11
Baker County,2020-09-20,19.35
Bay County,2020-09-20,18.15
Bradford County,2020-09-20,20.74
Brevard County,2020-09-20,24.0
Broward County,2020-09-20,24.85
Calhoun County,2020-09-20,18.13
Charlotte County,2020-09-20,23.62
Citrus County,2020-09-20,22.36
Clay County,2020-09-20,21.61
Collier County,2020-09-20,24.27
Columbia County,2020-09-20,19.13
DeSoto County,2020-09-20,23.21
Dixie County,2020-09-20,19.57
Duval County,2020-09-20,21.22
Escambia County,2020-09-20,17.43
Flagler County,2020-09-20,22.75
Franklin County,2020-09-20,19.22
Gadsden County,2020-09-20,17.6
Gilchrist County,2020-09-20,19.77
Glades County,2020-09-20,23.6
Gulf County,2020-09-20,18.54
Hamilton County,2020-09-20,17.69
Hardee County,2020-09-20,22.98
Hendry County,2020-09-20,23.93
Hernando County,2020-09-20,22.58
Highlands County,2020-09-20,23.35
Hillsborough County,2020-09-20,22.91
Holmes County,2020-09-20,17.57
Indian River County,2020-09-20,24.25
Jackson County,2020-09-20,17.88
Jefferson County,2020-09-20,17.49
Lafayette County,2020-09-20,18.74
Lake County,2020-09-20,22.81
Lee County,2020-09-20,24.04
Leon County,2020-09-20,17.78
Levy County,2020-09-20,20.95
Liberty County,2020-09-20,18.45
Madison County,2020-09-20,17.43
Manatee County,2020-09-20,23.01
Marion County,2020-09-20,22.17
Martin County,2020-09-20,24.97
Miami-Dade County,2020-09-20,24.75
Monroe County,2020-09-20,25.25
Nassau County,2020-09-20,19.78
Okaloosa County,2020-09-20,17.03
Okeechobee County,2020-09-20,24.11
Orange County,2020-09-20,23.25
Osceola County,2020-09-20,23.61
Palm Beach County,2020-09-20,24.7
Pasco County,2020-09-20,22.62
Pinellas County,2020-09-20,23.93
Polk County,2020-09-20,22.98
Putnam County,2020-09-20,22.51
St. Johns County,2020-09-20,22.73
St. Lucie County,2020-09-20,24.78
Santa Rosa County,2020-09-20,17.26
Sarasota County,2020-09-20,23.13
Seminole County,2020-09-20,23.14
Sumter County,2020-09-20,22.49
Suwannee County,2020-09-20,18.53
Taylor County,2020-09-20,18.66
Union County,2020-09-20,20.06
Volusia County,2020-09-20,22.87
Wakulla County,2020-09-20,18.64
Walton County,2020-09-20,17.11
Washington County,2020-09-20,17.81
Alachua County,2020-09-21,20.51
Baker County,2020-09-21,18.42
Bay County,2020-09-21,17.2
Bradford County,2020-09-21,19.96
Brevard County,2020-09-21,25.07
Broward County,2020-09-21,24.03
Calhoun County,2020-09-21,16.37
Charlotte County,2020-09-21,23.53
Citrus County,2020-09-21,22.32
Clay County,2020-09-21,21.07
Collier County,2020-09-21,23.56
Columbia County,2020-09-21,18.46
DeSoto County,2020-09-21,23.35
Dixie County,2020-09-21,19.2
Duval County,2020-09-21,20.58
Escambia County,2020-09-21,16.99
Flagler County,2020-09-21,23.54
Franklin County,2020-09-21,17.97
Gadsden County,2020-09-21,16.08
Gilchrist County,2020-09-21,19.32
Glades County,2020-09-21,22.73
Gulf County,2020-09-21,17.17
Hamilton County,2020-09-21,17.27
Hardee County,2020-09-21,23.65
Hendry County,2020-09-21,22.7
Hernando County,2020-09-21,22.75
Highlands County,2020-09-21,23.26
Hillsborough County,2020-09-21,23.71
Holmes County,2020-09-21,16.61
Indian River County,2020-09-21,24.38
Jackson County,2020-09-21,16.31
Jefferson County,2020-09-21,16.97
Lafayette County,2020-09-21,18.38
Lake County,2020-09-21,23.94
Lee County,2020-09-21,23.7
Leon County,2020-09-21,16.78
Levy County,2020-09-21,20.6
Liberty County,2020-09-21,16.59
Madison County,2020-09-21,17.12
Manatee County,2020-09-21,23.77
Marion County,2020-09-21,22.33
Martin County,2020-09-21,24.13
Miami-Dade County,2020-09-21,24.78
Monroe County,2020-09-21,25.4
Nassau County,2020-09-21,18.89
Okaloosa County,2020-09-21,16.54
Okeechobee County,2020-09-21,23.7
Orange County,2020-09-21,24.66
Osceola County,2020-09-21,24.54
Palm Beach County,2020-09-21,23.53
Pasco County,2020-09-21,23.0
Pinellas County,2020-09-21,24.07
Polk County,2020-09-21,24.06
Putnam County,2020-09-21,22.58
St. Johns County,2020-09-21,22.88
St. Lucie County,2020-09-21,24.35
Santa Rosa County,2020-09-21,16.92
Sarasota County,2020-09-21,23.59
Seminole County,2020-09-21,24.58
Sumter County,2020-09-21,23.11
Suwannee County,2020-09-21,18.16
Taylor County,2020-09-21,18.27
Union County,2020-09-21,19.28
Volusia County,2020-09-21,24.08
Wakulla County,2020-09-21,17.49
Walton County,2020-09-21,16.41
Washington County,2020-09-21,16.72
Alachua County,2020-09-22,19.8
Baker County,2020-09-22,17.69
Bay County,2020-09-22,17.64
Bradford County,2020-09-22,19.26
Brevard County,2020-09-22,24.35
Broward County,2020-09-22,23.0
Calhoun County,2020-09-22,15.98
Charlotte County,2020-09-22,20.93
Citrus County,2020-09-22,21.81
Clay County,2020-09-22,20.14
Collier County,2020-09-22,21.82
Columbia County,2020-09-22,17.75
DeSoto County,2020-09-22,20.21
Dixie County,2020-09-22,18.86
Duval County,2020-09-22,19.88
Escambia County,2020-09-22,17.14
Flagler County,2020-09-22,21.88
Franklin County,2020-09-22,17.91
Gadsden County,2020-09-22,15.11
Gilchrist County,2020-09-22,18.67
Glades County,2020-09-22,20.16
Gulf County,2020-09-22,17.36
Hamilton County,2020-09-22,16.33
Hardee County,2020-09-22,20.38
Hendry County,2020-09-22,20.5
Hernando County,2020-09-22,21.95
Highlands County,2020-09-22,20.25
Hillsborough County,2020-09-22,21.95
Holmes County,2020-09-22,16.49
Indian River County,2020-09-22,23.9
Jackson County,2020-09-22,15.59
Jefferson County,2020-09-22,16.21
Lafayette County,2020-09-22,17.75
Lake County,2020-09-22,21.96
Lee County,2020-09-22,21.39
Leon County,2020-09-22,15.91
Levy County,2020-09-22,20.18
Liberty County,2020-09-22,16.01
Madison County,2020-09-22,16.23
Manatee County,2020-09-22,21.25
Marion County,2020-09-22,21.11
Martin County,2020-09-22,23.97
Miami-Dade County,2020-09-22,24.2
Monroe County,2020-09-22,24.62
Nassau County,2020-09-22,18.14
Okaloosa County,2020-09-22,16.99
Okeechobee County,2020-09-22,21.89
Orange County,2020-09-22,22.7
Osceola County,2020-09-22,22.53
Palm Beach County,2020-09-22,22.69
Pasco County,2020-09-22,21.79
Pinellas County,2020-09-22,23.04
Polk County,2020-09-22,21.37
Putnam County,2020-09-22,21.2
St. Johns County,2020-09-22,21.76
St. Lucie County,2020-09-22,24.25
Santa Rosa County,2020-09-22,17.24
Sarasota County,2020-09-22,21.16
Seminole County,2020-09-22,22.6
Sumter County,2020-09-22,21.72
Suwannee County,2020-09-22,17.41
Taylor County,2020-09-22,17.88
Union County,2020-09-22,18.64
Volusia County,2020-09-22,22.31
Wakulla County,2020-09-22,17.09
Walton County,2020-09-22,16.92
Washington County,2020-09-22,16.74
Alachua County,2020-09-23,18.08
Baker County,2020-09-23,15.78
Bay County,2020-09-23,18.15
Bradford County,2020-09-23,17.28
Brevard County,2020-09-23,23.1
Broward County,2020-09-23,22.42
Calhoun County,2020-09-23,16.37
Charlotte County,2020-09-23,20.28
Citrus County,2020-09-23,19.92
Clay County,2020-09-23,17.99
Collier County,2020-09-23,21.1
Columbia County,2020-09-23,16.27
DeSoto County,2020-09-23,19.33
Dixie County,2020-09-23,17.99
Duval County,2020-09-23,17.68
Escambia County,2020-09-23,17.66
Flagler County,2020-09-23,20.78
Franklin County,2020-09-23,18.22
Gadsden County,2020-09-23,15.79
Gilchrist County,2020-09-23,17.41
Glades County,2020-09-23,19.58
Gulf County,2020-09-23,17.65
Hamilton County,2020-09-23,15.54
Hardee County,2020-09-23,19.24
Hendry County,2020-09-23,20.0
Hernando County,2020-09-23,19.79
Highlands County,2020-09-23,19.51
Hillsborough County,2020-09-23,19.98
Holmes County,2020-09-23,16.39
Indian River County,2020-09-23,22.43
Jackson County,2020-09-23,15.98
Jefferson County,2020-09-23,16.4
Lafayette County,2020-09-23,16.99
Lake County,2020-09-23,20.36
Lee County,2020-09-23,20.95
Leon County,2020-09-23,16.24
Levy County,2020-09-23,18.8
Liberty County,2020-09-23,16.39
Madison County,2020-09-23,16.1
Manatee County,2020-09-23,19.69
Marion County,2020-09-23,19.35
Martin County,2020-09-23,22.98
Miami-Dade County,2020-09-23,23.23
Monroe County,2020-09-23,23.67
Nassau County,2020-09-23,16.03
Okaloosa County,2020-09-23,17.01
Okeechobee County,2020-09-23,20.8
Orange County,2020-09-23,21.28
Osceola County,2020-09-23,21.12
Palm Beach County,2020-09-23,21.97
Pasco County,2020-09-23,19.55
Pinellas County,2020-09-23,21.23
Polk County,2020-09-23,19.9
Putnam County,2020-09-23,19.36
St. Johns County,2020-09-23,20.11
St. Lucie County,2020-09-23,22.99
Santa Rosa County,2020-09-23,17.44
Sarasota County,2020-09-23,19.97
Seminole County,2020-09-23,21.4
Sumter County,2020-09-23,19.67
Suwannee County,2020-09-23,16.52
Taylor County,2020-09-23,17.58
Union County,2020-09-23,16.83
Volusia County,2020-09-23,21.45
Wakulla County,2020-09-23,17.24
Walton County,2020-09-23,16.95
Washington County,2020-09-23,16.72
Alachua County,2020-09-24,18.38
Baker County,2020-09-24,16.56
Bay County,2020-09-24,20.6
Bradford County,2020-09-24,17.53
Brevard County,2020-09-24,23.03
Broward County,2020-09-24,22.68
Calhoun County,2020-09-24,18.93
Charlotte County,2020-09-24,20.82
Citrus County,2020-09-24,19.96
Clay County,2020-09-24,17.7
Collier County,2020-09-24,21.47
Columbia County,2020-09-24,17.49
DeSoto County,2020-09-24,20.09
Dixie County,2020-09-24,18.76
Duval County,2020-09-24,16.92
Escambia County,2020-09-24,19.16
Flagler County,2020-09-24,20.35
Franklin County,2020-09-24,20.37
Gadsden County,2020-09-24,18.19
Gilchrist County,2020-09-24,18.13
Glades County,2020-09-24,20.25
Gulf County,2020-09-24,20.05
Hamilton County,2020-09-24,17.32
Hardee County,2020-09-24,19.94
Hendry County,2020-09-24,20.52
Hernando County,2020-09-24,19.86
Highlands County,2020-09-24,20.3
Hillsborough County,2020-09-24,20.12
Holmes County,2020-09-24,18.78
Indian River County,2020-09-24,22.57
Jackson County,2020-09-24,18.67
Jefferson County,2020-09-24,18.47
Lafayette County,2020-09-24,18.24
Lake County,2020-09-24,20.41
Lee County,2020-09-24,21.33
Leon County,2020-09-24,18.54
Levy County,2020-09-24,19.07
Liberty County,2020-09-24,18.76
Madison County,2020-09-24,18.0
Manatee County,2020-09-24,19.98
Marion County,2020-09-24,19.34
Martin County,2020-09-24,23.09
Miami-Dade County,2020-09-24,23.66
Monroe County,2020-09-24,24.14
Nassau County,2020-09-24,15.74
Okaloosa County,2020-09-24,18.99
Okeechobee County,2020-09-24,21.32
Orange County,2020-09-24,21.42
Osceola County,2020-09-24,21.43
Palm Beach County,2020-09-24,22.18
Pasco County,2020-09-24,19.63
Pinellas County,2020-09-24,20.89
Polk County,2020-09-24,20.39
Putnam County,2020-09-24,19.07
St. Johns County,2020-09-24,19.25
St. Lucie County,2020-09-24,23.12
Santa Rosa County,2020-09-24,19.16
Sarasota County,2020-09-24,20.25
Seminole County,2020-09-24,21.43
Sumter County,2020-09-24,19.79
Suwannee County,2020-09-24,17.95
Taylor County,2020-09-24,19.13
Union County,2020-09-24,17.49
Volusia County,2020-09-24,21.28
Wakulla County,2020-09-24,19.45
Walton County,2020-09-24,19.2
Washington County,2020-09-24,19.34
Alachua County,2020-09-25,20.66
Baker County,2020-09-25,18.64
Bay County,2020-09-25,22.22
Bradford County,2020-09-25,19.85
Brevard County,2020-09-25,23.29
Broward County,2020-09-25,23.01
Calhoun County,2020-09-25,20.73
Charlotte County,2020-09-25,22.37
Citrus County,2020-09-25,21.86
Clay County,2020-09-25,20.1
Collier County,2020-09-25,23.04
Columbia County,2020-09-25,19.36
DeSoto County,2020-09-25,21.89
Dixie County,2020-09-25,20.55
Duval County,2020-09-25,19.45
Escambia County,2020-09-25,20.25
Flagler County,2020-09-25,22.02
Franklin County,2020-09-25,22.02
Gadsden County,2020-09-25,19.91
Gilchrist County,2020-09-25,20.22
Glades County,2020-09-25,22.16
Gulf County,2020-09-25,21.76
Hamilton County,2020-09-25,18.62
Hardee County,2020-09-25,21.67
Hendry County,2020-09-25,22.39
Hernando County,2020-09-25,21.62
Highlands County,2020-09-25,22.01
Hillsborough County,2020-09-25,21.56
Holmes County,2020-09-25,20.1
Indian River County,2020-09-25,22.66
Jackson County,2020-09-25,20.47
Jefferson County,2020-09-25,19.62
Lafayette County,2020-09-25,19.79
Lake County,2020-09-25,22.18
Lee County,2020-09-25,22.84
Leon County,2020-09-25,19.92
Levy County,2020-09-25,21.17
Liberty County,2020-09-25,20.54
Madison County,2020-09-25,19.12
Manatee County,2020-09-25,21.38
Marion County,2020-09-25,21.49
Martin County,2020-09-25,22.91
Miami-Dade County,2020-09-25,24.14
Monroe County,2020-09-25,25.18
Nassau County,2020-09-25,18.09
Okaloosa County,2020-09-25,20.1
Okeechobee County,2020-09-25,22.22
Orange County,2020-09-25,22.56
Osceola County,2020-09-25,22.27
Palm Beach County,2020-09-25,22.26
Pasco County,2020-09-25,21.32
Pinellas County,2020-09-25,22.48
Polk County,2020-09-25,21.84
Putnam County,2020-09-25,21.29
St. Johns County,2020-09-25,21.49
St. Lucie County,2020-09-25,23.09
Santa Rosa County,2020-09-25,20.31
Sarasota County,2020-09-25,21.47
Seminole County,2020-09-25,22.61
Sumter County,2020-09-25,21.68
Suwannee County,2020-09-25,19.48
Taylor County,2020-09-25,20.36
Union County,2020-09-25,19.7
Volusia County,2020-09-25,22.52
Wakulla County,2020-09-25,20.77
Walton County,2020-09-25,20.34
Washington County,2020-09-25,20.85
Alachua County,2020-09-26,22.26
Baker County,2020-09-26,21.93
Bay County,2020-09-26,20.58
Bradford County,2020-09-26,22.0
Brevard County,2020-09-26,23.16
Broward County,2020-09-26,23.93
Calhoun County,2020-09-26,20.08
Charlotte County,2020-09-26,23.06
Citrus County,2020-09-26,22.77
Clay County,2020-09-26,22.14
Collier County,2020-09-26,23.84
Columbia County,2020-09-26,22.41
DeSoto County,2020-09-26,22.05
Dixie County,2020-09-26,22.27
Duval County,2020-09-26,22.38
Escambia County,2020-09-26,18.21
Flagler County,2020-09-26,22.52
Franklin County,2020-09-26,22.04
Gadsden County,2020-09-26,20.11
Gilchrist County,2020-09-26,22.07
Glades County,2020-09-26,22.21
Gulf County,2020-09-26,21.08
Hamilton County,2020-09-26,22.11
Hardee County,2020-09-26,21.7
Hendry County,2020-09-26,22.92
Hernando County,2020-09-26,22.56
Highlands County,2020-09-26,21.62
Hillsborough County,2020-09-26,22.6
Holmes County,2020-09-26,18.73
Indian River County,2020-09-26,22.63
Jackson County,2020-09-26,19.4
Jefferson County,2020-09-26,21.37
Lafayette County,2020-09-26,22.17
Lake County,2020-09-26,22.41
Lee County,2020-09-26,23.75
Leon County,2020-09-26,20.88
Levy County,2020-09-26,22.39
Liberty County,2020-09-26,20.65
Madison County,2020-09-26,21.72
Manatee County,2020-09-26,22.5
Marion County,2020-09-26,22.23
Martin County,2020-09-26,23.82
Miami-Dade County,2020-09-26,24.34
Monroe County,2020-09-26,25.46
Nassau County,2020-09-26,22.14
Okaloosa County,2020-09-26,18.24
Okeechobee County,2020-09-26,22.15
Orange County,2020-09-26,22.61
Osceola County,2020-09-26,22.14
Palm Beach County,2020-09-26,23.57
Pasco County,2020-09-26,22.32
Pinellas County,2020-09-26,23.76
Polk County,2020-09-26,21.9
Putnam County,2020-09-26,22.34
St. Johns County,2020-09-26,22.74
St. Lucie County,2020-09-26,23.42
Santa Rosa County,2020-09-26,18.3
Sarasota County,2020-09-26,22.82
Seminole County,2020-09-26,22.7
Sumter County,2020-09-26,22.24
Suwannee County,2020-09-26,22.34
Taylor County,2020-09-26,22.41
Union County,2020-09-26,22.17
Volusia County,2020-09-26,22.71
Wakulla County,2020-09-26,21.72
Walton County,2020-09-26,18.67
Washington County,2020-09-26,19.38
Alachua County,2020-09-27,22.59
Baker County,2020-09-27,21.46
Bay County,2020-09-27,20.16
Bradford County,2020-09-27,22.22
Brevard County,2020-09-27,23.67
Broward County,2020-09-27,23.35
Calhoun County,2020-09-27,19.56
Charlotte County,2020-09-27,23.45
Citrus County,2020-09-27,23.77
Clay County,2020-09-27,22.8
Collier County,2020-09-27,24.2
Columbia County,2020-09-27,21.62
DeSoto County,2020-09-27,22.48
Dixie County,2020-09-27,22.18
Duval County,2020-09-27,22.97
Escambia County,2020-09-27,18.61
Flagler County,2020-09-27,23.75
Franklin County,2020-09-27,21.41
Gadsden County,2020-09-27,19.7
Gilchrist County,2020-09-27,21.95
Glades County,2020-09-27,22.52
Gulf County,2020-09-27,20.43
Hamilton County,2020-09-27,20.73
Hardee County,2020-09-27,22.27
Hendry County,2020-09-27,23.02
Hernando County,2020-09-27,23.57
Highlands County,2020-09-27,22.3
Hillsborough County,2020-09-27,23.35
Holmes County,2020-09-27,18.98
Indian River County,2020-09-27,22.91
Jackson County,2020-09-27,19.38
Jefferson County,2020-09-27,20.54
Lafayette County,2020-09-27,21.52
Lake County,2020-09-27,23.58
Lee County,2020-09-27,24.2
Leon County,2020-09-27,20.29
Levy County,2020-09-27,22.91
Liberty County,2020-09-27,20.0
Madison County,2020-09-27,20.58
Manatee County,2020-09-27,22.85
Marion County,2020-09-27,23.22
Martin County,2020-09-27,23.09
Miami-Dade County,2020-09-27,24.09
Monroe County,2020-09-27,25.66
Nassau County,2020-09-27,22.16
Okaloosa County,2020-09-27,18.73
Okeechobee County,2020-09-27,22.66
Orange County,2020-09-27,23.64
Osceola County,2020-09-27,23.09
Palm Beach County,2020-09-27,22.73
Pasco County,2020-09-27,23.24
Pinellas County,2020-09-27,24.38
Polk County,2020-09-27,22.8
Putnam County,2020-09-27,23.38
St. Johns County,2020-09-27,23.87
St. Lucie County,2020-09-27,23.13
Santa Rosa County,2020-09-27,18.94
Sarasota County,2020-09-27,23.06
Seminole County,2020-09-27,23.77
Sumter County,2020-09-27,23.34
Suwannee County,2020-09-27,21.38
Taylor County,2020-09-27,21.76
Union County,2020-09-27,21.95
Volusia County,2020-09-27,23.78
Wakulla County,2020-09-27,21.17
Walton County,2020-09-27,18.86
Washington County,2020-09-27,19.24
Alachua County,2020-09-28,22.49
Baker County,2020-09-28,21.41
Bay County,2020-09-28,22.09
Bradford County,2020-09-28,22.0
Brevard County,2020-09-28,23.76
Broward County,2020-09-28,23.81
Calhoun County,2020-09-28,20.61
Charlotte County,2020-09-28,23.24
Citrus County,2020-09-28,23.27
Clay County,2020-09-28,22.31
Collier County,2020-09-28,23.67
Columbia County,2020-09-28,21.83
DeSoto County,2020-09-28,22.63
Dixie County,2020-09-28,22.35
Duval County,2020-09-28,22.38
Escambia County,2020-09-28,22.03
Flagler County,2020-09-28,22.77
Franklin County,2020-09-28,21.88
Gadsden County,2020-09-28,20.12
Gilchrist County,2020-09-28,22.17
Glades County,2020-09-28,22.87
Gulf County,2020-09-28,21.47
Hamilton County,2020-09-28,21.21
Hardee County,2020-09-28,22.41
Hendry County,2020-09-28,22.97
Hernando County,2020-09-28,22.99
Highlands County,2020-09-28,22.73
Hillsborough County,2020-09-28,22.88
Holmes County,2020-09-28,20.9
Indian River County,2020-09-28,23.82
Jackson County,2020-09-28,20.66
Jefferson County,2020-09-28,21.05
Lafayette County,2020-09-28,21.95
Lake County,2020-09-28,22.94
Lee County,2020-09-28,23.66
Leon County,2020-09-28,20.67
Levy County,2020-09-28,22.79
Liberty County,2020-09-28,20.44
Madison County,2020-09-28,21.18
Manatee County,2020-09-28,22.64
Marion County,2020-09-28,22.75
Martin County,2020-09-28,24.33
Miami-Dade County,2020-09-28,24.18
Monroe County,2020-09-28,25.15
Nassau County,2020-09-28,21.73
Okaloosa County,2020-09-28,21.9
Okeechobee County,2020-09-28,23.39
Orange County,2020-09-28,23.17
Osceola County,2020-09-28,23.21
Palm Beach County,2020-09-28,23.67
Pasco County,2020-09-28,22.67
Pinellas County,2020-09-28,23.56
Polk County,2020-09-28,22.69
Putnam County,2020-09-28,22.74
St. Johns County,2020-09-28,23.08
St. Lucie County,2020-09-28,24.32
Santa Rosa County,2020-09-28,22.49
Sarasota County,2020-09-28,22.75
Seminole County,2020-09-28,23.04
Sumter County,2020-09-28,22.89
Suwannee County,2020-09-28,21.83
Taylor County,2020-09-28,22.12
Union County,2020-09-28,21.95
Volusia County,2020-09-28,22.79
Wakulla County,2020-09-28,21.36
Walton County,2020-09-28,21.43
Washington County,2020-09-28,21.23
Alachua County,2020-09-29,22.29
Baker County,2020-09-29,21.33
Bay County,2020-09-29,21.13
Bradford County,2020-09-29,21.81
Brevard County,2020-09-29,23.59
Broward County,2020-09-29,24.0
Calhoun County,2020-09-29,21.47
Charlotte County,2020-09-29,22.79
Citrus County,2020-09-29,23.18
Clay County,2020-09-29,22.4
Collier County,2020-09-29,23.29
Columbia County,2020-09-29,21.73
DeSoto County,2020-09-29,22.4
Dixie County,2020-09-29,22.82
Duval County,2020-09-29,22.71
Escambia County,2020-09-29,17.62
Flagler County,2020-09-29,23.09
Franklin County,2020-09-29,23.25
Gadsden County,2020-09-29,21.77
Gilchrist County,2020-09-29,22.26
Glades County,2020-09-29,22.44
Gulf County,2020-09-29,22.17
Hamilton County,2020-09-29,21.54
Hardee County,2020-09-29,22.43
Hendry County,2020-09-29,22.7
Hernando County,2020-09-29,23.03
Highlands County,2020-09-29,22.4
Hillsborough County,2020-09-29,23.05
Holmes County,2020-09-29,19.31
Indian River County,2020-09-29,23.59
Jackson County,2020-09-29,20.63
Jefferson County,2020-09-29,22.15
Lafayette County,2020-09-29,22.49
Lake County,2020-09-29,23.0
Lee County,2020-09-29,23.07
Leon County,2020-09-29,22.43
Levy County,2020-09-29,22.86
Liberty County,2020-09-29,22.36
Madison County,2020-09-29,21.84
Manatee County,2020-09-29,22.8
Marion County,2020-09-29,22.68
Martin County,2020-09-29,24.13
Miami-Dade County,2020-09-29,24.4
Monroe County,2020-09-29,24.96
Nassau County,2020-09-29,22.06
Okaloosa County,2020-09-29,18.36
Okeechobee County,2020-09-29,23.1
Orange County,2020-09-29,23.24
Osceola County,2020-09-29,23.16
Palm Beach County,2020-09-29,23.65
Pasco County,2020-09-29,22.87
Pinellas County,2020-09-29,23.76
Polk County,2020-09-29,22.8
Putnam County,2020-09-29,22.83
St. Johns County,2020-09-29,23.41
St. Lucie County,2020-09-29,24.07
Santa Rosa County,2020-09-29,18.11
Sarasota County,2020-09-29,22.67
Seminole County,2020-09-29,23.17
Sumter County,2020-09-29,22.82
Suwannee County,2020-09-29,22.12
Taylor County,2020-09-29,23.1
Union County,2020-09-29,21.68
Volusia County,2020-09-29,22.98
Wakulla County,2020-09-29,23.26
Walton County,2020-09-29,18.94
Washington County,2020-09-29,20.3
Alachua County,2020-09-30,15.47
Baker County,2020-09-30,14.42
Bay County,2020-09-30,13.18
Bradford County,2020-09-30,15.01
Brevard County,2020-09-30,19.11
Broward County,2020-09-30,23.83
Calhoun County,2020-09-30,11.9
Charlotte County,2020-09-30,20.38
Citrus County,2020-09-30,17.35
Clay County,2020-09-30,15.48
Collier County,2020-09-30,22.98
Columbia County,2020-09-30,14.77
DeSoto County,2020-09-30,18.99
Dixie County,2020-09-30,15.93
Duval County,2020-09-30,15.59
Escambia County,2020-09-30,11.2
Flagler County,2020-09-30,16.22
Franklin County,2020-09-30,15.12
Gadsden County,2020-09-30,11.25
Gilchrist County,2020-09-30,15.24
Glades County,2020-09-30,20.51
Gulf County,2020-09-30,14.21
Hamilton County,2020-09-30,14.31
Hardee County,2020-09-30,18.27
Hendry County,2020-09-30,21.81
Hernando County,2020-09-30,17.92
Highlands County,2020-09-30,19.01
Hillsborough County,2020-09-30,19.17
Holmes County,2020-09-30,10.35
Indian River County,2020-09-30,20.33
Jackson County,2020-09-30,10.65
Jefferson County,2020-09-30,13.26
Lafayette County,2020-09-30,15.66
Lake County,2020-09-30,17.18
Lee County,2020-09-30,21.7
Leon County,2020-09-30,12.26
Levy County,2020-09-30,16.02
Liberty County,2020-09-30,12.71
Madison County,2020-09-30,14.2
Manatee County,2020-09-30,19.28
Marion County,2020-09-30,16.21
Martin County,2020-09-30,22.95
Miami-Dade County,2020-09-30,24.3
Monroe County,2020-09-30,25.07
Nassau County,2020-09-30,14.97
Okaloosa County,2020-09-30,10.92
Okeechobee County,2020-09-30,20.17
Orange County,2020-09-30,17.84
Osceola County,2020-09-30,18.36
Palm Beach County,2020-09-30,23.21
Pasco County,2020-09-30,18.29
Pinellas County,2020-09-30,21.0
Polk County,2020-09-30,17.93
Putnam County,2020-09-30,16.04
St. Johns County,2020-09-30,16.12
St. Lucie County,2020-09-30,21.99
Santa Rosa County,2020-09-30,11.31
Sarasota County,2020-09-30,19.63
Seminole County,2020-09-30,17.61
Sumter County,2020-09-30,17.02
Suwannee County,2020-09-30,15.24
Taylor County,2020-09-30,15.51
Union County,2020-09-30,14.82
Volusia County,2020-09-30,16.97
Wakulla County,2020-09-30,13.71
Walton County,2020-09-30,10.94
Washington County,2020-09-30,11.22
Alachua County,2020-10-01,13.86
Baker County,2020-10-01,13.06
Bay County,2020-10-01,12.21
Bradford County,2020-10-01,14.03
Brevard County,2020-10-01,19.24
Broward County,2020-10-01,22.88
Calhoun County,2020-10-01,11.56
Charlotte County,2020-10-01,19.78
Citrus County,2020-10-01,14.41
Clay County,2020-10-01,14.89
Collier County,2020-10-01,21.76
Columbia County,2020-10-01,12.73
DeSoto County,2020-10-01,18.79
Dixie County,2020-10-01,12.66
Duval County,2020-10-01,14.74
Escambia County,2020-10-01,10.86
Flagler County,2020-10-01,16.15
Franklin County,2020-10-01,13.16
Gadsden County,2020-10-01,11.68
Gilchrist County,2020-10-01,12.75
Glades County,2020-10-01,20.44
Gulf County,2020-10-01,12.47
Hamilton County,2020-10-01,11.79
Hardee County,2020-10-01,18.08
Hendry County,2020-10-01,21.35
Hernando County,2020-10-01,15.18
Highlands County,2020-10-01,19.36
Hillsborough County,2020-10-01,17.15
Holmes County,2020-10-01,10.37
Indian River County,2020-10-01,19.66
Jackson County,2020-10-01,11.41
Jefferson County,2020-10-01,11.89
Lafayette County,2020-10-01,12.02
Lake County,2020-10-01,15.98
Lee County,2020-10-01,20.69
Leon County,2020-10-01,11.89
Levy County,2020-10-01,13.4
Liberty County,2020-10-01,11.86
Madison County,2020-10-01,11.73
Manatee County,2020-10-01,17.89
Marion County,2020-10-01,14.47
Martin County,2020-10-01,21.97
Miami-Dade County,2020-10-01,23.61
Monroe County,2020-10-01,23.78
Nassau County,2020-10-01,13.74
Okaloosa County,2020-10-01,10.1
Okeechobee County,2020-10-01,19.98
Orange County,2020-10-01,17.45
Osceola County,2020-10-01,18.42
Palm Beach County,2020-10-01,22.52
Pasco County,2020-10-01,15.82
Pinellas County,2020-10-01,18.07
Polk County,2020-10-01,17.62
Putnam County,2020-10-01,15.38
St. Johns County,2020-10-01,16.17
St. Lucie County,2020-10-01,20.74
Santa Rosa County,2020-10-01,10.29
Sarasota County,2020-10-01,18.59
Seminole County,2020-10-01,17.23
Sumter County,2020-10-01,14.99
Suwannee County,2020-10-01,12.12
Taylor County,2020-10-01,12.44
Union County,2020-10-01,13.42
Volusia County,2020-10-01,16.8
Wakulla County,2020-10-01,12.35
Walton County,2020-10-01,10.38
Washington County,2020-10-01,10.98
Alachua County,2020-10-02,13.19
Baker County,2020-10-02,12.08
Bay County,2020-10-02,13.73
Bradford County,2020-10-02,12.76
Brevard County,2020-10-02,20.11
Broward County,2020-10-02,22.61
Calhoun County,2020-10-02,12.75
Charlotte County,2020-10-02,20.93
Citrus County,2020-10-02,14.77
Clay County,2020-10-02,13.59
Collier County,2020-10-02,21.82
Columbia County,2020-10-02,12.38
DeSoto County,2020-10-02,20.12
Dixie County,2020-10-02,14.41
Duval County,2020-10-02,13.59
Escambia County,2020-10-02,12.84
Flagler County,2020-10-02,15.97
Franklin County,2020-10-02,14.55
Gadsden County,2020-10-02,12.49
Gilchrist County,2020-10-02,13.52
Glades County,2020-10-02,21.19
Gulf County,2020-10-02,14.06
Hamilton County,2020-10-02,11.96
Hardee County,2020-10-02,19.73
Hendry County,2020-10-02,21.63
Hernando County,2020-10-02,15.66
Highlands County,2020-10-02,20.58
Hillsborough County,2020-10-02,18.7
Holmes County,2020-10-02,11.66
Indian River County,2020-10-02,20.94
Jackson County,2020-10-02,12.33
Jefferson County,2020-10-02,12.95
Lafayette County,2020-10-02,13.44
Lake County,2020-10-02,16.04
Lee County,2020-10-02,21.45
Leon County,2020-10-02,12.77
Levy County,2020-10-02,14.36
Liberty County,2020-10-02,12.99
Madison County,2020-10-02,12.73
Manatee County,2020-10-02,19.68
Marion County,2020-10-02,14.03
Martin County,2020-10-02,22.62
Miami-Dade County,2020-10-02,22.63
Monroe County,2020-10-02,22.87
Nassau County,2020-10-02,12.9
Okaloosa County,2020-10-02,12.2
Okeechobee County,2020-10-02,20.87
Orange County,2020-10-02,18.02
Osceola County,2020-10-02,19.48
Palm Beach County,2020-10-02,22.61
Pasco County,2020-10-02,16.64
Pinellas County,2020-10-02,18.99
Polk County,2020-10-02,19.05
Putnam County,2020-10-02,14.47
St. Johns County,2020-10-02,15.47
St. Lucie County,2020-10-02,21.81
Santa Rosa County,2020-10-02,12.52
Sarasota County,2020-10-02,20.18
Seminole County,2020-10-02,17.59
Sumter County,2020-10-02,14.99
Suwannee County,2020-10-02,12.78
Taylor County,2020-10-02,14.06
Union County,2020-10-02,12.47
Volusia County,2020-10-02,16.85
Wakulla County,2020-10-02,13.5
Walton County,2020-10-02,12.19
Washington County,2020-10-02,12.36
Alachua County,2020-10-03,15.3
Baker County,2020-10-03,14.35
Bay County,2020-10-03,11.94
Bradford County,2020-10-03,15.3
Brevard County,2020-10-03,21.02
Broward County,2020-10-03,22.65
Calhoun County,2020-10-03,10.97
Charlotte County,2020-10-03,21.13
Citrus County,2020-10-03,15.8
Clay County,2020-10-03,16.19
Collier County,2020-10-03,22.15
Columbia County,2020-10-03,14.0
DeSoto County,2020-10-03,20.36
Dixie County,2020-10-03,14.87
Duval County,2020-10-03,16.34
Escambia County,2020-10-03,12.25
Flagler County,2020-10-03,17.22
Franklin County,2020-10-03,13.34
Gadsden County,2020-10-03,11.4
Gilchrist County,2020-10-03,14.74
Glades County,2020-10-03,21.59
Gulf County,2020-10-03,12.18
Hamilton County,2020-10-03,12.56
Hardee County,2020-10-03,20.03
Hendry County,2020-10-03,21.95
Hernando County,2020-10-03,16.37
Highlands County,2020-10-03,21.2
Hillsborough County,2020-10-03,18.97
Holmes County,2020-10-03,9.44
Indian River County,2020-10-03,21.53
Jackson County,2020-10-03,10.6
Jefferson County,2020-10-03,12.15
Lafayette County,2020-10-03,13.67
Lake County,2020-10-03,16.94
Lee County,2020-10-03,21.65
Leon County,2020-10-03,11.8
Levy County,2020-10-03,15.54
Liberty County,2020-10-03,11.64
Madison County,2020-10-03,12.32
Manatee County,2020-10-03,19.75
Marion County,2020-10-03,15.54
Martin County,2020-10-03,22.74
Miami-Dade County,2020-10-03,22.87
Monroe County,2020-10-03,23.49
Nassau County,2020-10-03,15.45
Okaloosa County,2020-10-03,10.8
Okeechobee County,2020-10-03,21.67
Orange County,2020-10-03,19.04
Osceola County,2020-10-03,20.64
Palm Beach County,2020-10-03,22.7
Pasco County,2020-10-03,17.09
Pinellas County,2020-10-03,19.31
Polk County,2020-10-03,19.67
Putnam County,2020-10-03,16.45
St. Johns County,2020-10-03,17.59
St. Lucie County,2020-10-03,22.02
Santa Rosa County,2020-10-03,11.7
Sarasota County,2020-10-03,20.24
Seminole County,2020-10-03,18.5
Sumter County,2020-10-03,15.91
Suwannee County,2020-10-03,13.39
Taylor County,2020-10-03,13.72
Union County,2020-10-03,14.73
Volusia County,2020-10-03,17.72
Wakulla County,2020-10-03,12.7
Walton County,2020-10-03,10.36
Washington County,2020-10-03,10.2
Alachua County,2020-10-04,16.54
Baker County,2020-10-04,14.44
Bay County,2020-10-04,12.23
Bradford County,2020-10-04,16.15
Brevard County,2020-10-04,22.16
Broward County,2020-10-04,22.67
Calhoun County,2020-10-04,10.92
Charlotte County,2020-10-04,21.99
Citrus County,2020-10-04,18.09
Clay County,2020-10-04,17.32
Collier County,2020-10-04,22.67
Columbia County,2020-10-04,14.18
DeSoto County,2020-10-04,21.03
Dixie County,2020-10-04,15.97
Duval County,2020-10-04,17.36
Escambia County,2020-10-04,11.59
Flagler County,2020-10-04,19.68
Franklin County,2020-10-04,13.9
Gadsden County,2020-10-04,11.22
Gilchrist County,2020-10-04,15.68
Glades County,2020-10-04,22.3
Gulf County,2020-10-04,12.74
Hamilton County,2020-10-04,12.58
Hardee County,2020-10-04,20.43
Hendry County,2020-10-04,22.52
Hernando County,2020-10-04,18.28
Highlands County,2020-10-04,21.54
Hillsborough County,2020-10-04,19.7
Holmes County,2020-10-04,9.42
Indian River County,2020-10-04,21.55
Jackson County,2020-10-04,10.49
Jefferson County,2020-10-04,12.24
Lafayette County,2020-10-04,14.17
Lake County,2020-10-04,18.74
Lee County,2020-10-04,22.6
Leon County,2020-10-04,11.68
Levy County,2020-10-04,17.28
Liberty County,2020-10-04,11.63
Madison County,2020-10-04,12.44
Manatee County,2020-10-04,19.99
Marion County,2020-10-04,17.6
Martin County,2020-10-04,22.83
Miami-Dade County,2020-10-04,23.15
Monroe County,2020-10-04,24.12
Nassau County,2020-10-04,15.82
Okaloosa County,2020-10-04,10.51
Okeechobee County,2020-10-04,21.66
Orange County,2020-10-04,19.97
Osceola County,2020-10-04,20.61
Palm Beach County,2020-10-04,22.76
Pasco County,2020-10-04,18.4
Pinellas County,2020-10-04,19.77
Polk County,2020-10-04,20.12
Putnam County,2020-10-04,18.22
St. Johns County,2020-10-04,19.81
St. Lucie County,2020-10-04,22.12
Santa Rosa County,2020-10-04,11.21
Sarasota County,2020-10-04,20.61
Seminole County,2020-10-04,19.83
Sumter County,2020-10-04,18.11
Suwannee County,2020-10-04,13.7
Taylor County,2020-10-04,14.26
Union County,2020-10-04,15.27
Volusia County,2020-10-04,19.92
Wakulla County,2020-10-04,12.89
Walton County,2020-10-04,10.3
Washington County,2020-10-04,10.07
Alachua County,2020-10-05,18.39
Baker County,2020-10-05,15.47
Bay County,2020-10-05,13.62
Bradford County,2020-10-05,17.63
Brevard County,2020-10-05,23.47
Broward County,2020-10-05,24.28
Calhoun County,2020-10-05,12.23
Charlotte County,2020-10-05,22.9
Citrus County,2020-10-05,19.65
Clay County,2020-10-05,18.84
Collier County,2020-10-05,23.42
Columbia County,2020-10-05,15.73
DeSoto County,2020-10-05,22.29
Dixie County,2020-10-05,17.61
Duval County,2020-10-05,18.4
Escambia County,2020-10-05,13.06
Flagler County,2020-10-05,21.87
Franklin County,2020-10-05,15.03
Gadsden County,2020-10-05,12.31
Gilchrist County,2020-10-05,17.45
Glades County,2020-10-05,22.99
Gulf County,2020-10-05,13.87
Hamilton County,2020-10-05,14.41
Hardee County,2020-10-05,22.04
Hendry County,2020-10-05,23.22
Hernando County,2020-10-05,19.95
Highlands County,2020-10-05,22.73
Hillsborough County,2020-10-05,21.41
Holmes County,2020-10-05,11.43
Indian River County,2020-10-05,22.46
Jackson County,2020-10-05,11.82
Jefferson County,2020-10-05,13.91
Lafayette County,2020-10-05,16.04
Lake County,2020-10-05,21.22
Lee County,2020-10-05,23.23
Leon County,2020-10-05,13.13
Levy County,2020-10-05,18.87
Liberty County,2020-10-05,12.76
Madison County,2020-10-05,14.33
Manatee County,2020-10-05,21.69
Marion County,2020-10-05,19.78
Martin County,2020-10-05,23.33
Miami-Dade County,2020-10-05,25.11
Monroe County,2020-10-05,25.39
Nassau County,2020-10-05,16.71
Okaloosa County,2020-10-05,12.53
Okeechobee County,2020-10-05,22.56
Orange County,2020-10-05,22.43
Osceola County,2020-10-05,22.58
Palm Beach County,2020-10-05,23.76
Pasco County,2020-10-05,20.24
Pinellas County,2020-10-05,21.66
Polk County,2020-10-05,22.03
Putnam County,2020-10-05,20.44
St. Johns County,2020-10-05,21.36
St. Lucie County,2020-10-05,22.64
Santa Rosa County,2020-10-05,12.88
Sarasota County,2020-10-05,22.06
Seminole County,2020-10-05,22.51
Sumter County,2020-10-05,20.03
Suwannee County,2020-10-05,15.58
Taylor County,2020-10-05,15.98
Union County,2020-10-05,16.72
Volusia County,2020-10-05,22.34
Wakulla County,2020-10-05,14.21
Walton County,2020-10-05,12.29
Washington County,2020-10-05,11.94
Alachua County,2020-10-06,20.56
Baker County,2020-10-06,17.88
Bay County,2020-10-06,14.53
Bradford County,2020-10-06,20.15
Brevard County,2020-10-06,23.91
Broward County,2020-10-06,24.56
Calhoun County,2020-10-06,13.97
Charlotte County,2020-10-06,24.23
Citrus County,2020-10-06,21.58
Clay County,2020-10-06,21.23
Collier County,2020-10-06,24.22
Columbia County,2020-10-06,17.73
DeSoto County,2020-10-06,23.6
Dixie County,2020-10-06,19.27
Duval County,2020-10-06,20.49
Escambia County,2020-10-06,14.54
Flagler County,2020-10-06,23.06
Franklin County,2020-10-06,16.97
Gadsden County,2020-10-06,14.93
Gilchrist County,2020-10-06,19.27
Glades County,2020-10-06,23.68
Gulf County,2020-10-06,15.58
Hamilton County,2020-10-06,15.92
Hardee County,2020-10-06,23.25
Hendry County,2020-10-06,23.9
Hernando County,2020-10-06,21.9
Highlands County,2020-10-06,23.44
Hillsborough County,2020-10-06,22.97
Holmes County,2020-10-06,11.8
Indian River County,2020-10-06,23.11
Jackson County,2020-10-06,13.42
Jefferson County,2020-10-06,16.22
Lafayette County,2020-10-06,17.88
Lake County,2020-10-06,22.65
Lee County,2020-10-06,24.47
Leon County,2020-10-06,15.77
Levy County,2020-10-06,20.56
Liberty County,2020-10-06,14.95
Madison County,2020-10-06,16.17
Manatee County,2020-10-06,23.18
Marion County,2020-10-06,21.7
Martin County,2020-10-06,24.14
Miami-Dade County,2020-10-06,24.81
Monroe County,2020-10-06,25.21
Nassau County,2020-10-06,18.56
Okaloosa County,2020-10-06,12.62
Okeechobee County,2020-10-06,23.06
Orange County,2020-10-06,23.21
Osceola County,2020-10-06,23.11
Palm Beach County,2020-10-06,24.32
Pasco County,2020-10-06,22.07
Pinellas County,2020-10-06,23.07
Polk County,2020-10-06,23.13
Putnam County,2020-10-06,22.38
St. Johns County,2020-10-06,23.06
St. Lucie County,2020-10-06,23.48
Santa Rosa County,2020-10-06,13.49
Sarasota County,2020-10-06,23.58
Seminole County,2020-10-06,23.14
Sumter County,2020-10-06,22.01
Suwannee County,2020-10-06,17.34
Taylor County,2020-10-06,17.94
Union County,2020-10-06,19.12
Volusia County,2020-10-06,23.01
Wakulla County,2020-10-06,16.58
Walton County,2020-10-06,12.42
Washington County,2020-10-06,12.68
Alachua County,2020-10-07,22.78
Baker County,2020-10-07,20.7
Bay County,2020-10-07,19.73
Bradford County,2020-10-07,22.45
Brevard County,2020-10-07,24.82
Broward County,2020-10-07,24.52
Calhoun County,2020-10-07,19.03
Charlotte County,2020-10-07,24.56
Citrus County,2020-10-07,23.54
Clay County,2020-10-07,23.3
Collier County,2020-10-07,24.37
Columbia County,2020-10-07,20.63
DeSoto County,2020-10-07,24.02
Dixie County,2020-10-07,21.91
Duval County,2020-10-07,22.76
Escambia County,2020-10-07,19.62
Flagler County,2020-10-07,24.39
Franklin County,2020-10-07,21.2
Gadsden County,2020-10-07,19.8
Gilchrist County,2020-10-07,21.76
Glades County,2020-10-07,24.33
Gulf County,2020-10-07,20.16
Hamilton County,2020-10-07,19.67
Hardee County,2020-10-07,23.91
Hendry County,2020-10-07,24.23
Hernando County,2020-10-07,23.74
Highlands County,2020-10-07,24.27
Hillsborough County,2020-10-07,24.26
Holmes County,2020-10-07,16.78
Indian River County,2020-10-07,24.23
Jackson County,2020-10-07,18.39
Jefferson County,2020-10-07,20.36
Lafayette County,2020-10-07,20.89
Lake County,2020-10-07,24.14
Lee County,2020-10-07,24.69
Leon County,2020-10-07,20.17
Levy County,2020-10-07,22.82
Liberty County,2020-10-07,19.81
Madison County,2020-10-07,20.16
Manatee County,2020-10-07,24.04
Marion County,2020-10-07,23.52
Martin County,2020-10-07,24.93
Miami-Dade County,2020-10-07,25.07
Monroe County,2020-10-07,25.59
Nassau County,2020-10-07,21.4
Okaloosa County,2020-10-07,18.53
Okeechobee County,2020-10-07,24.22
Orange County,2020-10-07,24.4
Osceola County,2020-10-07,24.25
Palm Beach County,2020-10-07,24.6
Pasco County,2020-10-07,23.77
Pinellas County,2020-10-07,24.68
Polk County,2020-10-07,24.22
Putnam County,2020-10-07,24.1
St. Johns County,2020-10-07,24.65
St. Lucie County,2020-10-07,24.47
Santa Rosa County,2020-10-07,19.2
Sarasota County,2020-10-07,24.22
Seminole County,2020-10-07,24.29
Sumter County,2020-10-07,23.74
Suwannee County,2020-10-07,20.52
Taylor County,2020-10-07,21.34
Union County,2020-10-07,21.61
Volusia County,2020-10-07,24.21
Wakulla County,2020-10-07,20.79
Walton County,2020-10-07,18.03
Washington County,2020-10-07,17.87
Alachua County,2020-10-08,23.28
Baker County,2020-10-08,20.36
Bay County,2020-10-08,21.9
Bradford County,2020-10-08,22.08
Brevard County,2020-10-08,23.72
Broward County,2020-10-08,24.13
Calhoun County,2020-10-08,20.93
Charlotte County,2020-10-08,23.61
Citrus County,2020-10-08,24.66
Clay County,2020-10-08,22.5
Collier County,2020-10-08,23.88
Columbia County,2020-10-08,21.4
DeSoto County,2020-10-08,22.93
Dixie County,2020-10-08,23.66
Duval County,2020-10-08,21.73
Escambia County,2020-10-08,21.14
Flagler County,2020-10-08,23.87
Franklin County,2020-10-08,22.81
Gadsden County,2020-10-08,21.19
Gilchrist County,2020-10-08,23.1
Glades County,2020-10-08,23.09
Gulf County,2020-10-08,21.93
Hamilton County,2020-10-08,21.08
Hardee County,2020-10-08,23.01
Hendry County,2020-10-08,23.34
Hernando County,2020-10-08,24.68
Highlands County,2020-10-08,23.01
Hillsborough County,2020-10-08,24.4
Holmes County,2020-10-08,19.97
Indian River County,2020-10-08,22.65
Jackson County,2020-10-08,20.86
Jefferson County,2020-10-08,22.08
Lafayette County,2020-10-08,22.59
Lake County,2020-10-08,24.33
Lee County,2020-10-08,23.92
Leon County,2020-10-08,21.71
Levy County,2020-10-08,24.18
Liberty County,2020-10-08,21.21
Madison County,2020-10-08,21.92
Manatee County,2020-10-08,23.64
Marion County,2020-10-08,24.06
Martin County,2020-10-08,23.59
Miami-Dade County,2020-10-08,24.74
Monroe County,2020-10-08,25.43
Nassau County,2020-10-08,20.63
Okaloosa County,2020-10-08,20.43
Okeechobee County,2020-10-08,22.76
Orange County,2020-10-08,24.0
Osceola County,2020-10-08,23.33
Palm Beach County,2020-10-08,23.76
Pasco County,2020-10-08,24.47
Pinellas County,2020-10-08,25.55
Polk County,2020-10-08,23.66
Putnam County,2020-10-08,23.8
St. Johns County,2020-10-08,23.79
St. Lucie County,2020-10-08,22.88
Santa Rosa County,2020-10-08,20.7
Sarasota County,2020-10-08,23.63
Seminole County,2020-10-08,23.98
Sumter County,2020-10-08,24.41
Suwannee County,2020-10-08,22.01
Taylor County,2020-10-08,23.18
Union County,2020-10-08,21.7
Volusia County,2020-10-08,23.88
Wakulla County,2020-10-08,22.31
Walton County,2020-10-08,20.44
Washington County,2020-10-08,20.72
Alachua County,2020-10-09,23.18
Baker County,2020-10-09,21.09
Bay County,2020-10-09,22.61
Bradford County,2020-10-09,22.35
Brevard County,2020-10-09,24.02
Broward County,2020-10-09,23.66
Calhoun County,2020-10-09,21.45
Charlotte County,2020-10-09,23.68
Citrus County,2020-10-09,24.11
Clay County,2020-10-09,22.61
Collier County,2020-10-09,23.52
Columbia County,2020-10-09,22.0
DeSoto County,2020-10-09,22.88
Dixie County,2020-10-09,24.31
Duval County,2020-10-09,22.1
Escambia County,2020-10-09,22.45
Flagler County,2020-10-09,23.52
Franklin County,2020-10-09,23.29
Gadsden County,2020-10-09,22.39
Gilchrist County,2020-10-09,23.39
Glades County,2020-10-09,23.22
Gulf County,2020-10-09,22.16
Hamilton County,2020-10-09,21.79
Hardee County,2020-10-09,22.73
Hendry County,2020-10-09,23.09
Hernando County,2020-10-09,23.89
Highlands County,2020-10-09,23.15
Hillsborough County,2020-10-09,23.85
Holmes County,2020-10-09,20.94
Indian River County,2020-10-09,22.98
Jackson County,2020-10-09,21.83
Jefferson County,2020-10-09,23.58
Lafayette County,2020-10-09,23.39
Lake County,2020-10-09,23.32
Lee County,2020-10-09,23.94
Leon County,2020-10-09,23.14
Levy County,2020-10-09,24.22
Liberty County,2020-10-09,21.66
Madison County,2020-10-09,23.04
Manatee County,2020-10-09,23.04
Marion County,2020-10-09,23.25
Martin County,2020-10-09,23.78
Miami-Dade County,2020-10-09,24.54
Monroe County,2020-10-09,25.18
Nassau County,2020-10-09,21.14
Okaloosa County,2020-10-09,21.87
Okeechobee County,2020-10-09,22.95
Orange County,2020-10-09,23.57
Osceola County,2020-10-09,23.28
Palm Beach County,2020-10-09,23.51
Pasco County,2020-10-09,23.59
Pinellas County,2020-10-09,24.73
Polk County,2020-10-09,23.26
Putnam County,2020-10-09,23.32
St. Johns County,2020-10-09,23.78
St. Lucie County,2020-10-09,23.23
Santa Rosa County,2020-10-09,22.34
Sarasota County,2020-10-09,23.21
Seminole County,2020-10-09,23.5
Sumter County,2020-10-09,23.32
Suwannee County,2020-10-09,22.73
Taylor County,2020-10-09,24.46
Union County,2020-10-09,22.17
Volusia County,2020-10-09,23.49
Wakulla County,2020-10-09,23.59
Walton County,2020-10-09,21.64
Washington County,2020-10-09,21.56
Alachua County,2020-10-10,23.31
Baker County,2020-10-10,21.82
Bay County,2020-10-10,23.17
Bradford County,2020-10-10,22.83
Brevard County,2020-10-10,24.13
Broward County,2020-10-10,23.47
Calhoun County,2020-10-10,22.56
Charlotte County,2020-10-10,23.78
Citrus County,2020-10-10,23.56
Clay County,2020-10-10,23.07
Collier County,2020-10-10,23.78
Columbia County,2020-10-10,22.39
DeSoto County,2020-10-10,23.04
Dixie County,2020-10-10,23.95
Duval County,2020-10-10,22.58
Escambia County,2020-10-10,22.77
Flagler County,2020-10-10,23.08
Franklin County,2020-10-10,24.22
Gadsden County,2020-10-10,23.16
Gilchrist County,2020-10-10,23.33
Glades County,2020-10-10,23.42
Gulf County,2020-10-10,23.24
Hamilton County,2020-10-10,22.21
Hardee County,2020-10-10,22.82
Hendry County,2020-10-10,23.35
Hernando County,2020-10-10,23.38
Highlands County,2020-10-10,23.28
Hillsborough County,2020-10-10,23.49
Holmes County,2020-10-10,21.41
Indian River County,2020-10-10,23.41
Jackson County,2020-10-10,22.49
Jefferson County,2020-10-10,23.71
Lafayette County,2020-10-10,23.29
Lake County,2020-10-10,23.08
Lee County,2020-10-10,24.1
Leon County,2020-10-10,23.6
Levy County,2020-10-10,23.83
Liberty County,2020-10-10,23.09
Madison County,2020-10-10,23.21
Manatee County,2020-10-10,23.03
Marion County,2020-10-10,23.09
Martin County,2020-10-10,24.04
Miami-Dade County,2020-10-10,24.18
Monroe County,2020-10-10,25.09
Nassau County,2020-10-10,21.79
Okaloosa County,2020-10-10,22.0
Okeechobee County,2020-10-10,23.27
Orange County,2020-10-10,23.36
Osceola County,2020-10-10,23.31
Palm Beach County,2020-10-10,23.58
Pasco County,2020-10-10,23.19
Pinellas County,2020-10-10,24.27
Polk County,2020-10-10,23.14
Putnam County,2020-10-10,23.4
St. Johns County,2020-10-10,23.67
St. Lucie County,2020-10-10,23.64
Santa Rosa County,2020-10-10,22.44
Sarasota County,2020-10-10,23.28
Seminole County,2020-10-10,23.23
Sumter County,2020-10-10,23.03
Suwannee County,2020-10-10,22.86
Taylor County,2020-10-10,24.28
Union County,2020-10-10,22.62
Volusia County,2020-10-10,23.02
Wakulla County,2020-10-10,24.16
Walton County,2020-10-10,21.86
Washington County,2020-10-10,22.1
Alachua County,2020-10-11,22.92
Baker County,2020-10-11,21.53
Bay County,2020-10-11,23.17
Bradford County,2020-10-11,22.38
Brevard County,2020-10-11,24.02
Broward County,2020-10-11,23.68
Calhoun County,2020-10-11,22.56
Charlotte County,2020-10-11,23.89
Citrus County,2020-10-11,23.98
Clay County,2020-10-11,22.94
Collier County,2020-10-11,23.6
Columbia County,2020-10-11,21.84
DeSoto County,2020-10-11,23.3
Dixie County,2020-10-11,24.0
Duval County,2020-10-11,23.01
Escambia County,2020-10-11,22.57
Flagler County,2020-10-11,23.41
Franklin County,2020-10-11,23.89
Gadsden County,2020-10-11,22.96
Gilchrist County,2020-10-11,23.14
Glades County,2020-10-11,23.17
Gulf County,2020-10-11,22.92
Hamilton County,2020-10-11,21.4
Hardee County,2020-10-11,23.27
Hendry County,2020-10-11,23.07
Hernando County,2020-10-11,23.93
Highlands County,2020-10-11,23.37
Hillsborough County,2020-10-11,24.09
Holmes County,2020-10-11,22.1
Indian River County,2020-10-11,23.14
Jackson County,2020-10-11,22.92
Jefferson County,2020-10-11,22.94
Lafayette County,2020-10-11,22.91
Lake County,2020-10-11,23.33
Lee County,2020-10-11,24.04
Leon County,2020-10-11,23.05
Levy County,2020-10-11,24.05
Liberty County,2020-10-11,22.87
Madison County,2020-10-11,22.36
Manatee County,2020-10-11,23.55
Marion County,2020-10-11,23.09
Martin County,2020-10-11,23.66
Miami-Dade County,2020-10-11,24.37
Monroe County,2020-10-11,24.74
Nassau County,2020-10-11,22.5
Okaloosa County,2020-10-11,22.4
Okeechobee County,2020-10-11,23.06
Orange County,2020-10-11,23.64
Osceola County,2020-10-11,23.53
Palm Beach County,2020-10-11,23.42
Pasco County,2020-10-11,23.8
Pinellas County,2020-10-11,24.89
Polk County,2020-10-11,23.62
Putnam County,2020-10-11,23.28
St. Johns County,2020-10-11,23.96
St. Lucie County,2020-10-11,23.22
Santa Rosa County,2020-10-11,22.55
Sarasota County,2020-10-11,23.67
Seminole County,2020-10-11,23.49
Sumter County,2020-10-11,23.35
Suwannee County,2020-10-11,22.22
Taylor County,2020-10-11,23.83
Union County,2020-10-11,22.09
Volusia County,2020-10-11,23.33
Wakulla County,2020-10-11,23.74
Walton County,2020-10-11,22.35
Washington County,2020-10-11,22.33
Alachua County,2020-10-12,22.01
Baker County,2020-10-12,21.86
Bay County,2020-10-12,22.68
Bradford County,2020-10-12,22.32
Brevard County,2020-10-12,23.22
Broward County,2020-10-12,23.39
Calhoun County,2020-10-12,22.02
Charlotte County,2020-10-12,24.11
Citrus County,2020-10-12,21.23
Clay County,2020-10-12,22.82
Collier County,2020-10-12,23.65
Columbia County,2020-10-12,21.83
DeSoto County,2020-10-12,23.27
Dixie County,2020-10-12,21.83
Duval County,2020-10-12,22.92
Escambia County,2020-10-12,20.53
Flagler County,2020-10-12,22.22
Franklin County,2020-10-12,23.71
Gadsden County,2020-10-12,22.04
Gilchrist County,2020-10-12,21.56
Glades County,2020-10-12,23.18
Gulf County,2020-10-12,22.87
Hamilton County,2020-10-12,21.32
Hardee County,2020-10-12,22.9
Hendry County,2020-10-12,23.11
Hernando County,2020-10-12,21.5
Highlands County,2020-10-12,23.08
Hillsborough County,2020-10-12,23.07
Holmes County,2020-10-12,20.55
Indian River County,2020-10-12,22.78
Jackson County,2020-10-12,21.71
Jefferson County,2020-10-12,21.89
Lafayette County,2020-10-12,21.58
Lake County,2020-10-12,21.47
Lee County,2020-10-12,24.36
Leon County,2020-10-12,22.15
Levy County,2020-10-12,21.48
Liberty County,2020-10-12,22.49
Madison County,2020-10-12,21.51
Manatee County,2020-10-12,23.46
Marion County,2020-10-12,21.25
Martin County,2020-10-12,23.45
Miami-Dade County,2020-10-12,23.91
Monroe County,2020-10-12,24.51
Nassau County,2020-10-12,22.44
Okaloosa County,2020-10-12,20.67
Okeechobee County,2020-10-12,22.81
Orange County,2020-10-12,22.25
Osceola County,2020-10-12,22.69
Palm Beach County,2020-10-12,23.26
Pasco County,2020-10-12,21.93
Pinellas County,2020-10-12,24.45
Polk County,2020-10-12,22.54
Putnam County,2020-10-12,22.52
St. Johns County,2020-10-12,23.3
St. Lucie County,2020-10-12,22.96
Santa Rosa County,2020-10-12,20.54
Sarasota County,2020-10-12,23.93
Seminole County,2020-10-12,22.12
Sumter County,2020-10-12,20.91
Suwannee County,2020-10-12,21.62
Taylor County,2020-10-12,22.44
Union County,2020-10-12,22.08
Volusia County,2020-10-12,21.94
Wakulla County,2020-10-12,22.98
Walton County,2020-10-12,20.93
Washington County,2020-10-12,21.26
Alachua County,2020-10-13,20.44
Baker County,2020-10-13,19.23
Bay County,2020-10-13,21.7
Bradford County,2020-10-13,20.42
Brevard County,2020-10-13,21.75
Broward County,2020-10-13,21.85
Calhoun County,2020-10-13,20.92
Charlotte County,2020-10-13,20.5
Citrus County,2020-10-13,20.22
Clay County,2020-10-13,21.1
Collier County,2020-10-13,21.32
Columbia County,2020-10-13,19.18
DeSoto County,2020-10-13,19.63
Dixie County,2020-10-13,20.05
Duval County,2020-10-13,20.89
Escambia County,2020-10-13,20.89
Flagler County,2020-10-13,21.64
Franklin County,2020-10-13,21.94
Gadsden County,2020-10-13,20.3
Gilchrist County,2020-10-13,19.76
Glades County,2020-10-13,20.02
Gulf County,2020-10-13,21.59
Hamilton County,2020-10-13,18.25
Hardee County,2020-10-13,19.87
Hendry County,2020-10-13,20.51
Hernando County,2020-10-13,20.46
Highlands County,2020-10-13,19.8
Hillsborough County,2020-10-13,21.41
Holmes County,2020-10-13,20.0
Indian River County,2020-10-13,20.89
Jackson County,2020-10-13,20.42
Jefferson County,2020-10-13,19.54
Lafayette County,2020-10-13,19.44
Lake County,2020-10-13,20.84
Lee County,2020-10-13,20.99
Leon County,2020-10-13,20.11
Levy County,2020-10-13,20.12
Liberty County,2020-10-13,21.05
Madison County,2020-10-13,18.9
Manatee County,2020-10-13,20.96
Marion County,2020-10-13,20.38
Martin County,2020-10-13,22.29
Miami-Dade County,2020-10-13,22.74
Monroe County,2020-10-13,23.57
Nassau County,2020-10-13,19.82
Okaloosa County,2020-10-13,20.92
Okeechobee County,2020-10-13,20.51
Orange County,2020-10-13,21.38
Osceola County,2020-10-13,20.9
Palm Beach County,2020-10-13,21.99
Pasco County,2020-10-13,20.72
Pinellas County,2020-10-13,22.73
Polk County,2020-10-13,20.64
Putnam County,2020-10-13,21.39
St. Johns County,2020-10-13,22.12
St. Lucie County,2020-10-13,21.48
Santa Rosa County,2020-10-13,21.0
Sarasota County,2020-10-13,20.92
Seminole County,2020-10-13,21.5
Sumter County,2020-10-13,20.12
Suwannee County,2020-10-13,19.07
Taylor County,2020-10-13,20.22
Union County,2020-10-13,19.88
Volusia County,2020-10-13,21.52
Wakulla County,2020-10-13,20.96
Walton County,2020-10-13,20.74
Washington County,2020-10-13,20.71
Alachua County,2020-10-14,19.62
Baker County,2020-10-14,17.58
Bay County,2020-10-14,17.82
Bradford County,2020-10-14,19.01
Brevard County,2020-10-14,21.13
Broward County,2020-10-14,21.52
Calhoun County,2020-10-14,17.01
Charlotte County,2020-10-14,20.06
Citrus County,2020-10-14,21.29
Clay County,2020-10-14,19.64
Collier County,2020-10-14,20.82
Columbia County,2020-10-14,17.85
DeSoto County,2020-10-14,18.91
Dixie County,2020-10-14,20.27
Duval County,2020-10-14,19.25
Escambia County,2020-10-14,15.21
Flagler County,2020-10-14,20.91
Franklin County,2020-10-14,20.95
Gadsden County,2020-10-14,17.11
Gilchrist County,2020-10-14,19.33
Glades County,2020-10-14,19.32
Gulf County,2020-10-14,19.57
Hamilton County,2020-10-14,17.18
Hardee County,2020-10-14,19.18
Hendry County,2020-10-14,20.04
Hernando County,2020-10-14,21.53
Highlands County,2020-10-14,18.93
Hillsborough County,2020-10-14,21.62
Holmes County,2020-10-14,13.74
Indian River County,2020-10-14,20.15
Jackson County,2020-10-14,15.33
Jefferson County,2020-10-14,18.02
Lafayette County,2020-10-14,18.88
Lake County,2020-10-14,21.12
Lee County,2020-10-14,20.67
Leon County,2020-10-14,17.79
Levy County,2020-10-14,20.65
Liberty County,2020-10-14,18.44
Madison County,2020-10-14,17.84
Manatee County,2020-10-14,20.68
Marion County,2020-10-14,20.45
Martin County,2020-10-14,21.77
Miami-Dade County,2020-10-14,22.38
Monroe County,2020-10-14,23.28
Nassau County,2020-10-14,18.33
Okaloosa County,2020-10-14,14.92
Okeechobee County,2020-10-14,19.72
Orange County,2020-10-14,21.25
Osceola County,2020-10-14,20.37
Palm Beach County,2020-10-14,21.63
Pasco County,2020-10-14,21.5
Pinellas County,2020-10-14,23.56
Polk County,2020-10-14,20.36
Putnam County,2020-10-14,20.52
St. Johns County,2020-10-14,20.92
St. Lucie County,2020-10-14,20.82
Santa Rosa County,2020-10-14,15.14
Sarasota County,2020-10-14,20.72
Seminole County,2020-10-14,21.27
Sumter County,2020-10-14,20.84
Suwannee County,2020-10-14,18.17
Taylor County,2020-10-14,19.68
Union County,2020-10-14,18.43
Volusia County,2020-10-14,21.1
Wakulla County,2020-10-14,19.35
Walton County,2020-10-14,14.93
Washington County,2020-10-14,15.17
Alachua County,2020-10-15,19.78
Baker County,2020-10-15,17.99
Bay County,2020-10-15,17.4
Bradford County,2020-10-15,19.33
Brevard County,2020-10-15,21.32
Broward County,2020-10-15,21.88
Calhoun County,2020-10-15,16.02
Charlotte County,2020-10-15,20.53
Citrus County,2020-10-15,21.03
Clay County,2020-10-15,20.14
Collier County,2020-10-15,21.41
Columbia County,2020-10-15,18.06
DeSoto County,2020-10-15,19.47
Dixie County,2020-10-15,20.17
Duval County,2020-10-15,20.04
Escambia County,2020-10-15,12.84
Flagler County,2020-10-15,21.13
Franklin County,2020-10-15,19.09
Gadsden County,2020-10-15,16.55
Gilchrist County,2020-10-15,19.47
Glades County,2020-10-15,20.02
Gulf County,2020-10-15,17.84
Hamilton County,2020-10-15,17.37
Hardee County,2020-10-15,19.64
Hendry County,2020-10-15,20.77
Hernando County,2020-10-15,21.14
Highlands County,2020-10-15,19.62
Hillsborough County,2020-10-15,21.33
Holmes County,2020-10-15,13.96
Indian River County,2020-10-15,20.7
Jackson County,2020-10-15,15.48
Jefferson County,2020-10-15,18.04
Lafayette County,2020-10-15,18.83
Lake County,2020-10-15,20.87
Lee County,2020-10-15,21.14
Leon County,2020-10-15,17.38
Levy County,2020-10-15,20.68
Liberty County,2020-10-15,16.56
Madison County,2020-10-15,17.98
Manatee County,2020-10-15,20.77
Marion County,2020-10-15,20.41
Martin County,2020-10-15,22.04
Miami-Dade County,2020-10-15,22.51
Monroe County,2020-10-15,23.43
Nassau County,2020-10-15,19.12
Okaloosa County,2020-10-15,13.57
Okeechobee County,2020-10-15,20.31
Orange County,2020-10-15,20.99
Osceola County,2020-10-15,20.54
Palm Beach County,2020-10-15,21.81
Pasco County,2020-10-15,21.09
Pinellas County,2020-10-15,23.22
Polk County,2020-10-15,20.47
Putnam County,2020-10-15,20.77
St. Johns County,2020-10-15,21.6
St. Lucie County,2020-10-15,21.29
Santa Rosa County,2020-10-15,13.09
Sarasota County,2020-10-15,20.91
Seminole County,2020-10-15,20.93
Sumter County,2020-10-15,20.57
Suwannee County,2020-10-15,18.26
Taylor County,2020-10-15,19.4
Union County,2020-10-15,18.69
Volusia County,2020-10-15,20.95
Wakulla County,2020-10-15,18.1
Walton County,2020-10-15,14.4
Washington County,2020-10-15,15.2
Alachua County,2020-10-16,20.24
Baker County,2020-10-16,19.77
Bay County,2020-10-16,18.15
Bradford County,2020-10-16,20.31
Brevard County,2020-10-16,21.76
Broward County,2020-10-16,22.93
Calhoun County,2020-10-16,17.55
Charlotte County,2020-10-16,21.54
Citrus County,2020-10-16,20.38
Clay County,2020-10-16,20.94
Collier County,2020-10-16,22.23
Columbia County,2020-10-16,19.67
DeSoto County,2020-10-16,20.61
Dixie County,2020-10-16,19.88
Duval County,2020-10-16,21.02
Escambia County,2020-10-16,16.11
Flagler County,2020-10-16,21.11
Franklin County,2020-10-16,19.93
Gadsden County,2020-10-16,18.01
Gilchrist County,2020-10-16,19.76
Glades County,2020-10-16,21.36
Gulf County,2020-10-16,18.82
Hamilton County,2020-10-16,18.96
Hardee County,2020-10-16,20.35
Hendry County,2020-10-16,21.93
Hernando County,2020-10-16,20.57
Highlands County,2020-10-16,20.74
Hillsborough County,2020-10-16,20.99
Holmes County,2020-10-16,15.43
Indian River County,2020-10-16,21.45
Jackson County,2020-10-16,16.83
Jefferson County,2020-10-16,18.88
Lafayette County,2020-10-16,19.38
Lake County,2020-10-16,20.91
Lee County,2020-10-16,22.14
Leon County,2020-10-16,18.63
Levy County,2020-10-16,20.1
Liberty County,2020-10-16,18.36
Madison County,2020-10-16,18.93
Manatee County,2020-10-16,20.86
Marion County,2020-10-16,20.36
Martin County,2020-10-16,23.13
Miami-Dade County,2020-10-16,23.33
Monroe County,2020-10-16,23.61
Nassau County,2020-10-16,20.49
Okaloosa County,2020-10-16,15.67
Okeechobee County,2020-10-16,21.21
Orange County,2020-10-16,21.02
Osceola County,2020-10-16,20.74
Palm Beach County,2020-10-16,22.93
Pasco County,2020-10-16,20.63
Pinellas County,2020-10-16,22.23
Polk County,2020-10-16,20.63
Putnam County,2020-10-16,21.06
St. Johns County,2020-10-16,21.85
St. Lucie County,2020-10-16,22.29
Santa Rosa County,2020-10-16,15.93
Sarasota County,2020-10-16,21.18
Seminole County,2020-10-16,20.96
Sumter County,2020-10-16,20.52
Suwannee County,2020-10-16,19.34
Taylor County,2020-10-16,19.78
Union County,2020-10-16,19.97
Volusia County,2020-10-16,20.95
Wakulla County,2020-10-16,19.26
Walton County,2020-10-16,15.79
Washington County,2020-10-16,16.39
Alachua County,2020-10-17,18.63
Baker County,2020-10-17,16.82
Bay County,2020-10-17,13.13
Bradford County,2020-10-17,18.55
Brevard County,2020-10-17,22.93
Broward County,2020-10-17,21.93
Calhoun County,2020-10-17,12.88
Charlotte County,2020-10-17,22.14
Citrus County,2020-10-17,19.84
Clay County,2020-10-17,19.66
Collier County,2020-10-17,21.83
Columbia County,2020-10-17,15.77
DeSoto County,2020-10-17,21.4
Dixie County,2020-10-17,16.66
Duval County,2020-10-17,19.31
Escambia County,2020-10-17,12.02
Flagler County,2020-10-17,20.87
Franklin County,2020-10-17,15.36
Gadsden County,2020-10-17,12.62
Gilchrist County,2020-10-17,16.87
Glades County,2020-10-17,21.76
Gulf County,2020-10-17,14.35
Hamilton County,2020-10-17,13.48
Hardee County,2020-10-17,21.23
Hendry County,2020-10-17,21.74
Hernando County,2020-10-17,20.42
Highlands County,2020-10-17,21.64
Hillsborough County,2020-10-17,21.85
Holmes County,2020-10-17,10.16
Indian River County,2020-10-17,22.46
Jackson County,2020-10-17,11.54
Jefferson County,2020-10-17,12.75
Lafayette County,2020-10-17,14.73
Lake County,2020-10-17,20.54
Lee County,2020-10-17,22.33
Leon County,2020-10-17,12.92
Levy County,2020-10-17,18.61
Liberty County,2020-10-17,13.86
Madison County,2020-10-17,12.75
Manatee County,2020-10-17,21.79
Marion County,2020-10-17,19.61
Martin County,2020-10-17,23.37
Miami-Dade County,2020-10-17,21.86
Monroe County,2020-10-17,22.69
Nassau County,2020-10-17,17.99
Okaloosa County,2020-10-17,11.46
Okeechobee County,2020-10-17,22.04
Orange County,2020-10-17,21.56
Osceola County,2020-10-17,21.81
Palm Beach County,2020-10-17,22.59
Pasco County,2020-10-17,20.85
Pinellas County,2020-10-17,22.97
Polk County,2020-10-17,21.34
Putnam County,2020-10-17,20.32
St. Johns County,2020-10-17,20.89
St. Lucie County,2020-10-17,22.93
Santa Rosa County,2020-10-17,11.79
Sarasota County,2020-10-17,22.01
Seminole County,2020-10-17,21.5
Sumter County,2020-10-17,19.9
Suwannee County,2020-10-17,14.38
Taylor County,2020-10-17,14.61
Union County,2020-10-17,17.35
Volusia County,2020-10-17,21.32
Wakulla County,2020-10-17,14.26
Walton County,2020-10-17,11.2
Washington County,2020-10-17,11.41
Alachua County,2020-10-18,16.73
Baker County,2020-10-18,13.64
Bay County,2020-10-18,11.93
Bradford County,2020-10-18,15.83
Brevard County,2020-10-18,23.01
Broward County,2020-10-18,22.91
Calhoun County,2020-10-18,10.71
Charlotte County,2020-10-18,22.03
Citrus County,2020-10-18,19.2
Clay County,2020-10-18,16.66
Collier County,2020-10-18,22.3
Columbia County,2020-10-18,13.76
DeSoto County,2020-10-18,21.14
Dixie County,2020-10-18,16.19
Duval County,2020-10-18,15.9
Escambia County,2020-10-18,10.91
Flagler County,2020-10-18,19.67
Franklin County,2020-10-18,13.84
Gadsden County,2020-10-18,11.31
Gilchrist County,2020-10-18,15.81
Glades County,2020-10-18,22.05
Gulf County,2020-10-18,12.44
Hamilton County,2020-10-18,12.29
Hardee County,2020-10-18,20.93
Hendry County,2020-10-18,22.24
Hernando County,2020-10-18,19.79
Highlands County,2020-10-18,21.62
Hillsborough County,2020-10-18,21.11
Holmes County,2020-10-18,9.22
Indian River County,2020-10-18,22.48
Jackson County,2020-10-18,10.06
Jefferson County,2020-10-18,12.63
Lafayette County,2020-10-18,14.32
Lake County,2020-10-18,20.18
Lee County,2020-10-18,22.49
Leon County,2020-10-18,12.1
Levy County,2020-10-18,17.71
Liberty County,2020-10-18,11.65
Madison County,2020-10-18,12.64
Manatee County,2020-10-18,21.07
Marion County,2020-10-18,18.49
Martin County,2020-10-18,23.74
Miami-Dade County,2020-10-18,22.94
Monroe County,2020-10-18,23.28
Nassau County,2020-10-18,14.35
Okaloosa County,2020-10-18,10.62
Okeechobee County,2020-10-18,22.07
Orange County,2020-10-18,21.32
Osceola County,2020-10-18,21.59
Palm Beach County,2020-10-18,23.23
Pasco County,2020-10-18,20.09
Pinellas County,2020-10-18,21.61
Polk County,2020-10-18,21.13
Putnam County,2020-10-18,18.29
St. Johns County,2020-10-18,18.65
St. Lucie County,2020-10-18,23.09
Santa Rosa County,2020-10-18,10.98
Sarasota County,2020-10-18,21.42
Seminole County,2020-10-18,21.23
Sumter County,2020-10-18,19.54
Suwannee County,2020-10-18,13.61
Taylor County,2020-10-18,14.5
Union County,2020-10-18,14.94
Volusia County,2020-10-18,20.85
Wakulla County,2020-10-18,13.14
Walton County,2020-10-18,10.3
Washington County,2020-10-18,10.01
Alachua County,2020-10-19,18.31
Baker County,2020-10-19,16.09
Bay County,2020-10-19,15.27
Bradford County,2020-10-19,17.97
Brevard County,2020-10-19,23.21
Broward County,2020-10-19,22.8
Calhoun County,2020-10-19,14.28
Charlotte County,2020-10-19,22.71
Citrus County,2020-10-19,19.65
Clay County,2020-10-19,18.91
Collier County,2020-10-19,22.36
Columbia County,2020-10-19,16.02
DeSoto County,2020-10-19,22.06
Dixie County,2020-10-19,17.36
Duval County,2020-10-19,18.22
Escambia County,2020-10-19,13.86
Flagler County,2020-10-19,20.81
Franklin County,2020-10-19,17.02
Gadsden County,2020-10-19,15.03
Gilchrist County,2020-10-19,17.12
Glades County,2020-10-19,22.28
Gulf County,2020-10-19,15.87
Hamilton County,2020-10-19,14.95
Hardee County,2020-10-19,21.77
Hendry County,2020-10-19,22.23
Hernando County,2020-10-19,20.19
Highlands County,2020-10-19,22.23
Hillsborough County,2020-10-19,21.55
Holmes County,2020-10-19,12.41
Indian River County,2020-10-19,22.85
Jackson County,2020-10-19,13.66
Jefferson County,2020-10-19,15.93
Lafayette County,2020-10-19,16.12
Lake County,2020-10-19,20.73
Lee County,2020-10-19,22.87
Leon County,2020-10-19,15.72
Levy County,2020-10-19,18.45
Liberty County,2020-10-19,15.07
Madison County,2020-10-19,15.49
Manatee County,2020-10-19,21.8
Marion County,2020-10-19,19.49
Martin County,2020-10-19,23.44
Miami-Dade County,2020-10-19,23.02
Monroe County,2020-10-19,23.21
Nassau County,2020-10-19,16.67
Okaloosa County,2020-10-19,13.67
Okeechobee County,2020-10-19,22.37
Orange County,2020-10-19,21.72
Osceola County,2020-10-19,22.15
Palm Beach County,2020-10-19,22.92
Pasco County,2020-10-19,20.51
Pinellas County,2020-10-19,22.03
Polk County,2020-10-19,21.68
Putnam County,2020-10-19,20.04
St. Johns County,2020-10-19,20.58
St. Lucie County,2020-10-19,23.1
Santa Rosa County,2020-10-19,13.87
Sarasota County,2020-10-19,22.21
Seminole County,2020-10-19,21.55
Sumter County,2020-10-19,20.05
Suwannee County,2020-10-19,15.77
Taylor County,2020-10-19,16.82
Union County,2020-10-19,17.07
Volusia County,2020-10-19,21.23
Wakulla County,2020-10-19,16.43
Walton County,2020-10-19,13.47
Washington County,2020-10-19,13.31
Alachua County,2020-10-20,21.21
Baker County,2020-10-20,18.84
Bay County,2020-10-20,18.78
Bradford County,2020-10-20,20.64
Brevard County,2020-10-20,23.47
Broward County,2020-10-20,21.94
Calhoun County,2020-10-20,17.41
Charlotte County,2020-10-20,22.53
Citrus County,2020-10-20,21.72
Clay County,2020-10-20,21.34
Collier County,2020-10-20,22.5
Columbia County,2020-10-20,19.11
DeSoto County,2020-10-20,21.75
Dixie County,2020-10-20,21.39
Duval County,2020-10-20,20.92
Escambia County,2020-10-20,17.43
Flagler County,2020-10-20,22.8
Franklin County,2020-10-20,19.81
Gadsden County,2020-10-20,17.86
Gilchrist County,2020-10-20,20.87
Glades County,2020-10-20,21.68
Gulf County,2020-10-20,18.83
Hamilton County,2020-10-20,18.01
Hardee County,2020-10-20,21.44
Hendry County,2020-10-20,21.96
Hernando County,2020-10-20,21.53
Highlands County,2020-10-20,21.49
Hillsborough County,2020-10-20,21.92
Holmes County,2020-10-20,16.62
Indian River County,2020-10-20,22.04
Jackson County,2020-10-20,17.24
Jefferson County,2020-10-20,19.11
Lafayette County,2020-10-20,20.11
Lake County,2020-10-20,21.99
Lee County,2020-10-20,22.8
Leon County,2020-10-20,18.69
Levy County,2020-10-20,21.83
Liberty County,2020-10-20,17.83
Madison County,2020-10-20,18.82
Manatee County,2020-10-20,21.89
Marion County,2020-10-20,21.61
Martin County,2020-10-20,22.25
Miami-Dade County,2020-10-20,22.23
Monroe County,2020-10-20,22.68
Nassau County,2020-10-20,19.34
Okaloosa County,2020-10-20,17.14
Okeechobee County,2020-10-20,21.47
Orange County,2020-10-20,22.6
Osceola County,2020-10-20,22.06
Palm Beach County,2020-10-20,21.92
Pasco County,2020-10-20,21.39
Pinellas County,2020-10-20,22.33
Polk County,2020-10-20,21.65
Putnam County,2020-10-20,22.1
St. Johns County,2020-10-20,22.76
St. Lucie County,2020-10-20,22.0
Santa Rosa County,2020-10-20,17.16
Sarasota County,2020-10-20,22.26
Seminole County,2020-10-20,22.9
Sumter County,2020-10-20,21.38
Suwannee County,2020-10-20,19.36
Taylor County,2020-10-20,20.64
Union County,2020-10-20,20.0
Volusia County,2020-10-20,23.05
Wakulla County,2020-10-20,19.53
Walton County,2020-10-20,17.35
Washington County,2020-10-20,17.31
Alachua County,2020-10-21,22.43
Baker County,2020-10-21,19.41
Bay County,2020-10-21,20.05
Bradford County,2020-10-21,21.66
Brevard County,2020-10-21,22.6
Broward County,2020-10-21,21.84
Calhoun County,2020-10-21,18.74
Charlotte County,2020-10-21,21.97
Citrus County,2020-10-21,23.49
Clay County,2020-10-21,22.5
Collier County,2020-10-21,21.83
Columbia County,2020-10-21,19.78
DeSoto County,2020-10-21,21.23
Dixie County,2020-10-21,22.84
Duval County,2020-10-21,22.08
Escambia County,2020-10-21,17.6
Flagler County,2020-10-21,23.72
Franklin County,2020-10-21,21.35
Gadsden County,2020-10-21,19.04
Gilchrist County,2020-10-21,22.02
Glades County,2020-10-21,21.34
Gulf County,2020-10-21,20.06
Hamilton County,2020-10-21,18.81
Hardee County,2020-10-21,21.34
Hendry County,2020-10-21,21.53
Hernando County,2020-10-21,23.24
Highlands County,2020-10-21,21.39
Hillsborough County,2020-10-21,22.89
Holmes County,2020-10-21,17.87
Indian River County,2020-10-21,21.45
Jackson County,2020-10-21,18.61
Jefferson County,2020-10-21,20.29
Lafayette County,2020-10-21,21.29
Lake County,2020-10-21,22.83
Lee County,2020-10-21,22.23
Leon County,2020-10-21,19.8
Levy County,2020-10-21,23.38
Liberty County,2020-10-21,19.13
Madison County,2020-10-21,19.98
Manatee County,2020-10-21,22.0
Marion County,2020-10-21,22.96
Martin County,2020-10-21,22.14
Miami-Dade County,2020-10-21,22.02
Monroe County,2020-10-21,22.39
Nassau County,2020-10-21,20.32
Okaloosa County,2020-10-21,17.87
Okeechobee County,2020-10-21,21.4
Orange County,2020-10-21,22.57
Osceola County,2020-10-21,21.88
Palm Beach County,2020-10-21,21.91
Pasco County,2020-10-21,22.89
Pinellas County,2020-10-21,24.17
Polk County,2020-10-21,22.05
Putnam County,2020-10-21,23.38
St. Johns County,2020-10-21,24.25
St. Lucie County,2020-10-21,21.63
Santa Rosa County,2020-10-21,17.7
Sarasota County,2020-10-21,22.01
Seminole County,2020-10-21,22.71
Sumter County,2020-10-21,22.76
Suwannee County,2020-10-21,20.32
Taylor County,2020-10-21,22.0
Union County,2020-10-21,20.84
Volusia County,2020-10-21,23.13
Wakulla County,2020-10-21,20.85
Walton County,2020-10-21,18.29
Washington County,2020-10-21,18.56
Alachua County,2020-10-22,21.88
Baker County,2020-10-22,19.6
Bay County,2020-10-22,20.61
Bradford County,2020-10-22,21.03
Brevard County,2020-10-22,23.22
Broward County,2020-10-22,21.95
Calhoun County,2020-10-22,19.74
Charlotte County,2020-10-22,21.98
Citrus County,2020-10-22,22.86
Clay County,2020-10-22,21.84
Collier County,2020-10-22,22.06
Columbia County,2020-10-22,20.43
DeSoto County,2020-10-22,21.28
Dixie County,2020-10-22,22.6
Duval County,2020-10-22,21.69
Escambia County,2020-10-22,19.49
Flagler County,2020-10-22,23.26
Franklin County,2020-10-22,22.22
Gadsden County,2020-10-22,20.46
Gilchrist County,2020-10-22,21.81
Glades County,2020-10-22,21.32
Gulf County,2020-10-22,20.94
Hamilton County,2020-10-22,20.22
Hardee County,2020-10-22,21.39
Hendry County,2020-10-22,21.57
Hernando County,2020-10-22,22.76
Highlands County,2020-10-22,21.52
Hillsborough County,2020-10-22,22.63
Holmes County,2020-10-22,18.33
Indian River County,2020-10-22,21.9
Jackson County,2020-10-22,19.48
Jefferson County,2020-10-22,21.43
Lafayette County,2020-10-22,21.65
Lake County,2020-10-22,22.64
Lee County,2020-10-22,22.29
Leon County,2020-10-22,21.11
Levy County,2020-10-22,22.71
Liberty County,2020-10-22,20.4
Madison County,2020-10-22,21.13
Manatee County,2020-10-22,21.88
Marion County,2020-10-22,22.39
Martin County,2020-10-22,22.25
Miami-Dade County,2020-10-22,22.37
Monroe County,2020-10-22,22.92
Nassau County,2020-10-22,20.54
Okaloosa County,2020-10-22,19.12
Okeechobee County,2020-10-22,21.58
Orange County,2020-10-22,22.81
Osceola County,2020-10-22,22.32
Palm Beach County,2020-10-22,21.94
Pasco County,2020-10-22,22.53
Pinellas County,2020-10-22,23.85
Polk County,2020-10-22,22.14
Putnam County,2020-10-22,22.78
St. Johns County,2020-10-22,23.68
St. Lucie County,2020-10-22,21.88
Santa Rosa County,2020-10-22,19.39
Sarasota County,2020-10-22,21.91
Seminole County,2020-10-22,22.83
Sumter County,2020-10-22,22.43
Suwannee County,2020-10-22,21.06
Taylor County,2020-10-22,22.51
Union County,2020-10-22,20.59
Volusia County,2020-10-22,22.97
Wakulla County,2020-10-22,21.85
Walton County,2020-10-22,19.0
Washington County,2020-10-22,19.02
Alachua County,2020-10-23,21.83
Baker County,2020-10-23,20.23
Bay County,2020-10-23,20.64
Bradford County,2020-10-23,21.45
Brevard County,2020-10-23,23.29
Broward County,2020-10-23,22.4
Calhoun County,2020-10-23,19.96
Charlotte County,2020-10-23,22.15
Citrus County,2020-10-23,22.41
Clay County,2020-10-23,22.07
Collier County,2020-10-23,22.08
Columbia County,2020-10-23,20.53
DeSoto County,2020-10-23,21.46
Dixie County,2020-10-23,21.86
Duval County,2020-10-23,21.6
Escambia County,2020-10-23,20.28
Flagler County,2020-10-23,22.75
Franklin County,2020-10-23,21.74
Gadsden County,2020-10-23,20.39
Gilchrist County,2020-10-23,21.43
Glades County,2020-10-23,21.8
Gulf County,2020-10-23,20.7
Hamilton County,2020-10-23,20.12
Hardee County,2020-10-23,21.41
Hendry County,2020-10-23,21.8
Hernando County,2020-10-23,22.37
Highlands County,2020-10-23,21.69
Hillsborough County,2020-10-23,22.32
Holmes County,2020-10-23,19.17
Indian River County,2020-10-23,22.55
Jackson County,2020-10-23,19.87
Jefferson County,2020-10-23,20.97
Lafayette County,2020-10-23,21.08
Lake County,2020-10-23,22.42
Lee County,2020-10-23,22.43
Leon County,2020-10-23,20.84
Levy County,2020-10-23,22.17
Liberty County,2020-10-23,20.45
Madison County,2020-10-23,20.72
Manatee County,2020-10-23,21.74
Marion County,2020-10-23,22.18
Martin County,2020-10-23,23.15
Miami-Dade County,2020-10-23,22.74
Monroe County,2020-10-23,22.87
Nassau County,2020-10-23,20.5
Okaloosa County,2020-10-23,19.87
Okeechobee County,2020-10-23,21.97
Orange County,2020-10-23,22.57
Osceola County,2020-10-23,22.22
Palm Beach County,2020-10-23,22.54
Pasco County,2020-10-23,22.18
Pinellas County,2020-10-23,23.26
Polk County,2020-10-23,21.97
Putnam County,2020-10-23,22.67
St. Johns County,2020-10-23,23.15
St. Lucie County,2020-10-23,22.83
Santa Rosa County,2020-10-23,20.2
Sarasota County,2020-10-23,21.86
Seminole County,2020-10-23,22.58
Sumter County,2020-10-23,22.22
Suwannee County,2020-10-23,20.74
Taylor County,2020-10-23,21.8
Union County,2020-10-23,20.97
Volusia County,2020-10-23,22.57
Wakulla County,2020-10-23,21.48
Walton County,2020-10-23,19.62
Washington County,2020-10-23,19.6
Alachua County,2020-10-24,21.18
Baker County,2020-10-24,19.66
Bay County,2020-10-24,20.94
Bradford County,2020-10-24,20.91
Brevard County,2020-10-24,22.28
Broward County,2020-10-24,23.0
Calhoun County,2020-10-24,20.16
Charlotte County,2020-10-24,22.05
Citrus County,2020-10-24,21.94
Clay County,2020-10-24,21.58
Collier County,2020-10-24,22.35
Columbia County,2020-10-24,19.82
DeSoto County,2020-10-24,20.94
Dixie County,2020-10-24,21.04
Duval County,2020-10-24,21.17
Escambia County,2020-10-24,20.76
Flagler County,2020-10-24,22.8
Franklin County,2020-10-24,21.94
Gadsden County,2020-10-24,20.71
Gilchrist County,2020-10-24,20.52
Glades County,2020-10-24,21.55
Gulf County,2020-10-24,21.05
Hamilton County,2020-10-24,19.16
Hardee County,2020-10-24,20.6
Hendry County,2020-10-24,21.84
Hernando County,2020-10-24,21.89
Highlands County,2020-10-24,20.99
Hillsborough County,2020-10-24,21.95
Holmes County,2020-10-24,19.37
Indian River County,2020-10-24,21.74
Jackson County,2020-10-24,20.09
Jefferson County,2020-10-24,20.89
Lafayette County,2020-10-24,20.06
Lake County,2020-10-24,21.72
Lee County,2020-10-24,22.53
Leon County,2020-10-24,21.1
Levy County,2020-10-24,21.49
Liberty County,2020-10-24,20.68
Madison County,2020-10-24,19.99
Manatee County,2020-10-24,21.35
Marion County,2020-10-24,21.55
Martin County,2020-10-24,23.34
Miami-Dade County,2020-10-24,23.4
Monroe County,2020-10-24,23.67
Nassau County,2020-10-24,19.83
Okaloosa County,2020-10-24,20.23
Okeechobee County,2020-10-24,21.31
Orange County,2020-10-24,21.7
Osceola County,2020-10-24,21.12
Palm Beach County,2020-10-24,22.93
Pasco County,2020-10-24,21.67
Pinellas County,2020-10-24,23.17
Polk County,2020-10-24,21.05
Putnam County,2020-10-24,22.22
St. Johns County,2020-10-24,23.09
St. Lucie County,2020-10-24,22.64
Santa Rosa County,2020-10-24,20.76
Sarasota County,2020-10-24,21.73
Seminole County,2020-10-24,21.89
Sumter County,2020-10-24,21.51
Suwannee County,2020-10-24,19.74
Taylor County,2020-10-24,21.25
Union County,2020-10-24,20.4
Volusia County,2020-10-24,22.41
Wakulla County,2020-10-24,21.68
Walton County,2020-10-24,19.88
Washington County,2020-10-24,19.86
Alachua County,2020-10-25,20.57
Baker County,2020-10-25,19.06
Bay County,2020-10-25,18.45
Bradford County,2020-10-25,20.2
Brevard County,2020-10-25,22.46
Broward County,2020-10-25,22.4
Calhoun County,2020-10-25,18.3
Charlotte County,2020-10-25,21.99
Citrus County,2020-10-25,21.46
Clay County,2020-10-25,20.87
Collier County,2020-10-25,22.54
Columbia County,2020-10-25,19.33
DeSoto County,2020-10-25,21.14
Dixie County,2020-10-25,20.22
Duval County,2020-10-25,20.32
Escambia County,2020-10-25,18.85
Flagler County,2020-10-25,22.53
Franklin County,2020-10-25,19.46
Gadsden County,2020-10-25,19.01
Gilchrist County,2020-10-25,19.95
Glades County,2020-10-25,22.01
Gulf County,2020-10-25,18.55
Hamilton County,2020-10-25,18.78
Hardee County,2020-10-25,20.87
Hendry County,2020-10-25,22.09
Hernando County,2020-10-25,21.52
Highlands County,2020-10-25,21.63
Hillsborough County,2020-10-25,21.73
Holmes County,2020-10-25,17.79
Indian River County,2020-10-25,21.9
Jackson County,2020-10-25,18.74
Jefferson County,2020-10-25,19.45
Lafayette County,2020-10-25,19.43
Lake County,2020-10-25,21.61
Lee County,2020-10-25,22.45
Leon County,2020-10-25,19.29
Levy County,2020-10-25,20.83
Liberty County,2020-10-25,18.69
Madison County,2020-10-25,19.16
Manatee County,2020-10-25,21.14
Marion County,2020-10-25,21.17
Martin County,2020-10-25,22.84
Miami-Dade County,2020-10-25,23.08
Monroe County,2020-10-25,24.13
Nassau County,2020-10-25,19.24
Okaloosa County,2020-10-25,18.37
Okeechobee County,2020-10-25,21.87
Orange County,2020-10-25,21.86
Osceola County,2020-10-25,21.66
Palm Beach County,2020-10-25,22.52
Pasco County,2020-10-25,21.4
Pinellas County,2020-10-25,22.36
Polk County,2020-10-25,21.31
Putnam County,2020-10-25,21.79
St. Johns County,2020-10-25,22.43
St. Lucie County,2020-10-25,22.32
Santa Rosa County,2020-10-25,18.86
Sarasota County,2020-10-25,21.4
Seminole County,2020-10-25,22.05
Sumter County,2020-10-25,21.3
Suwannee County,2020-10-25,19.27
Taylor County,2020-10-25,20.06
Union County,2020-10-25,19.76
Volusia County,2020-10-25,22.31
Wakulla County,2020-10-25,19.63
Walton County,2020-10-25,17.91
Washington County,2020-10-25,17.92
Alachua County,2020-10-26,20.38
Baker County,2020-10-26,18.89
Bay County,2020-10-26,18.63
Bradford County,2020-10-26,20.11
Brevard County,2020-10-26,22.44
Broward County,2020-10-26,22.58
Calhoun County,2020-10-26,17.9
Charlotte County,2020-10-26,22.86
Citrus County,2020-10-26,21.47
Clay County,2020-10-26,20.94
Collier County,2020-10-26,22.69
Columbia County,2020-10-26,18.86
DeSoto County,2020-10-26,22.27
Dixie County,2020-10-26,20.19
Duval County,2020-10-26,20.94
Escambia County,2020-10-26,18.3
Flagler County,2020-10-26,22.09
Franklin County,2020-10-26,19.75
Gadsden County,2020-10-26,18.29
Gilchrist County,2020-10-26,19.77
Glades County,2020-10-26,22.6
Gulf County,2020-10-26,18.68
Hamilton County,2020-10-26,17.8
Hardee County,2020-10-26,22.15
Hendry County,2020-10-26,22.52
Hernando County,2020-10-26,21.77
Highlands County,2020-10-26,22.46
Hillsborough County,2020-10-26,22.58
Holmes County,2020-10-26,17.34
Indian River County,2020-10-26,22.08
Jackson County,2020-10-26,17.92
Jefferson County,2020-10-26,18.85
Lafayette County,2020-10-26,19.1
Lake County,2020-10-26,21.75
Lee County,2020-10-26,23.04
Leon County,2020-10-26,18.71
Levy County,2020-10-26,20.77
Liberty County,2020-10-26,18.42
Madison County,2020-10-26,18.39
Manatee County,2020-10-26,22.27
Marion County,2020-10-26,20.99
Martin County,2020-10-26,23.13
Miami-Dade County,2020-10-26,23.0
Monroe County,2020-10-26,23.95
Nassau County,2020-10-26,19.92
Okaloosa County,2020-10-26,18.31
Okeechobee County,2020-10-26,22.33
Orange County,2020-10-26,22.03
Osceola County,2020-10-26,22.06
Palm Beach County,2020-10-26,22.87
Pasco County,2020-10-26,21.91
Pinellas County,2020-10-26,23.09
Polk County,2020-10-26,22.31
Putnam County,2020-10-26,21.53
St. Johns County,2020-10-26,22.49
St. Lucie County,2020-10-26,22.53
Santa Rosa County,2020-10-26,18.57
Sarasota County,2020-10-26,22.44
Seminole County,2020-10-26,21.93
Sumter County,2020-10-26,21.46
Suwannee County,2020-10-26,18.65
Taylor County,2020-10-26,19.82
Union County,2020-10-26,19.56
Volusia County,2020-10-26,21.94
Wakulla County,2020-10-26,19.48
Walton County,2020-10-26,17.89
Washington County,2020-10-26,17.57
Alachua County,2020-10-27,21.11
Baker County,2020-10-27,19.25
Bay County,2020-10-27,18.9
Bradford County,2020-10-27,20.46
Brevard County,2020-10-27,23.58
Broward County,2020-10-27,23.35
Calhoun County,2020-10-27,18.68
Charlotte County,2020-10-27,23.37
Citrus County,2020-10-27,22.36
Clay County,2020-10-27,21.05
Collier County,2020-10-27,23.27
Columbia County,2020-10-27,19.81
DeSoto County,2020-10-27,22.88
Dixie County,2020-10-27,21.71
Duval County,2020-10-27,20.81
Escambia County,2020-10-27,18.04
Flagler County,2020-10-27,22.73
Franklin County,2020-10-27,20.6
Gadsden County,2020-10-27,19.74
Gilchrist County,2020-10-27,21.08
Glades County,2020-10-27,22.96
Gulf County,2020-10-27,19.29
Hamilton County,2020-10-27,19.36
Hardee County,2020-10-27,22.75
Hendry County,2020-10-27,22.93
Hernando County,2020-10-27,22.47
Highlands County,2020-10-27,23.09
Hillsborough County,2020-10-27,23.02
Holmes County,2020-10-27,17.76
Indian River County,2020-10-27,22.44
Jackson County,2020-10-27,18.91
Jefferson County,2020-10-27,20.6
Lafayette County,2020-10-27,20.75
Lake County,2020-10-27,22.27
Lee County,2020-10-27,23.52
Leon County,2020-10-27,20.31
Levy County,2020-10-27,21.99
Liberty County,2020-10-27,19.4
Madison County,2020-10-27,20.26
Manatee County,2020-10-27,22.67
Marion County,2020-10-27,21.63
Martin County,2020-10-27,23.12
Miami-Dade County,2020-10-27,23.96
Monroe County,2020-10-27,24.55
Nassau County,2020-10-27,19.72
Okaloosa County,2020-10-27,18.1
Okeechobee County,2020-10-27,22.71
Orange County,2020-10-27,22.71
Osceola County,2020-10-27,22.72
Palm Beach County,2020-10-27,23.07
Pasco County,2020-10-27,22.46
Pinellas County,2020-10-27,23.71
Polk County,2020-10-27,22.83
Putnam County,2020-10-27,21.88
St. Johns County,2020-10-27,22.81
St. Lucie County,2020-10-27,22.63
Santa Rosa County,2020-10-27,18.2
Sarasota County,2020-10-27,22.84
Seminole County,2020-10-27,22.71
Sumter County,2020-10-27,22.07
Suwannee County,2020-10-27,20.23
Taylor County,2020-10-27,21.48
Union County,2020-10-27,20.16
Volusia County,2020-10-27,22.84
Wakulla County,2020-10-27,20.73
Walton County,2020-10-27,17.89
Washington County,2020-10-27,17.93
Alachua County,2020-10-28,23.32
Baker County,2020-10-28,21.05
Bay County,2020-10-28,22.6
Bradford County,2020-10-28,22.72
Brevard County,2020-10-28,24.27
Broward County,2020-10-28,24.04
Calhoun County,2020-10-28,22.02
Charlotte County,2020-10-28,23.83
Citrus County,2020-10-28,24.19
Clay County,2020-10-28,23.44
Collier County,2020-10-28,23.78
Columbia County,2020-10-28,21.38
DeSoto County,2020-10-28,23.24
Dixie County,2020-10-28,23.79
Duval County,2020-10-28,23.17
Escambia County,2020-10-28,21.86
Flagler County,2020-10-28,24.18
Franklin County,2020-10-28,23.69
Gadsden County,2020-10-28,22.62
Gilchrist County,2020-10-28,23.06
Glades County,2020-10-28,23.67
Gulf County,2020-10-28,22.77
Hamilton County,2020-10-28,20.83
Hardee County,2020-10-28,23.21
Hendry County,2020-10-28,23.58
Hernando County,2020-10-28,24.08
Highlands County,2020-10-28,23.51
Hillsborough County,2020-10-28,24.07
Holmes County,2020-10-28,20.84
Indian River County,2020-10-28,23.44
Jackson County,2020-10-28,22.09
Jefferson County,2020-10-28,22.94
Lafayette County,2020-10-28,22.7
Lake County,2020-10-28,23.56
Lee County,2020-10-28,24.04
Leon County,2020-10-28,22.98
Levy County,2020-10-28,24.07
Liberty County,2020-10-28,22.4
Madison County,2020-10-28,22.18
Manatee County,2020-10-28,23.39
Marion County,2020-10-28,23.56
Martin County,2020-10-28,24.44
Miami-Dade County,2020-10-28,24.56
Monroe County,2020-10-28,25.4
Nassau County,2020-10-28,21.66
Okaloosa County,2020-10-28,21.61
Okeechobee County,2020-10-28,23.44
Orange County,2020-10-28,23.62
Osceola County,2020-10-28,23.48
Palm Beach County,2020-10-28,24.25
Pasco County,2020-10-28,23.87
Pinellas County,2020-10-28,24.98
Polk County,2020-10-28,23.62
Putnam County,2020-10-28,23.96
St. Johns County,2020-10-28,24.88
St. Lucie County,2020-10-28,23.81
Santa Rosa County,2020-10-28,21.95
Sarasota County,2020-10-28,23.46
Seminole County,2020-10-28,23.55
Sumter County,2020-10-28,23.63
Suwannee County,2020-10-28,21.92
Taylor County,2020-10-28,23.7
Union County,2020-10-28,22.11
Volusia County,2020-10-28,23.82
Wakulla County,2020-10-28,23.46
Walton County,2020-10-28,21.31
Washington County,2020-10-28,21.45
Alachua County,2020-10-29,23.1
Baker County,2020-10-29,21.12
Bay County,2020-10-29,23.54
Bradford County,2020-10-29,22.35
Brevard County,2020-10-29,23.89
Broward County,2020-10-29,24.07
Calhoun County,2020-10-29,23.25
Charlotte County,2020-10-29,22.73
Citrus County,2020-10-29,24.25
Clay County,2020-10-29,22.7
Collier County,2020-10-29,23.63
Columbia County,2020-10-29,21.82
DeSoto County,2020-10-29,21.81
Dixie County,2020-10-29,24.57
Duval County,2020-10-29,22.19
Escambia County,2020-10-29,23.65
Flagler County,2020-10-29,23.97
Franklin County,2020-10-29,25.84
Gadsden County,2020-10-29,23.5
Gilchrist County,2020-10-29,23.43
Glades County,2020-10-29,22.28
Gulf County,2020-10-29,24.5
Hamilton County,2020-10-29,21.08
Hardee County,2020-10-29,21.91
Hendry County,2020-10-29,22.91
Hernando County,2020-10-29,24.12
Highlands County,2020-10-29,21.94
Hillsborough County,2020-10-29,23.74
Holmes County,2020-10-29,20.51
Indian River County,2020-10-29,22.64
Jackson County,2020-10-29,22.54
Jefferson County,2020-10-29,23.04
Lafayette County,2020-10-29,23.34
Lake County,2020-10-29,23.78
Lee County,2020-10-29,23.29
Leon County,2020-10-29,23.64
Levy County,2020-10-29,24.31
Liberty County,2020-10-29,24.16
Madison County,2020-10-29,22.17
Manatee County,2020-10-29,22.78
Marion County,2020-10-29,23.48
Martin County,2020-10-29,23.72
Miami-Dade County,2020-10-29,24.73
Monroe County,2020-10-29,25.45
Nassau County,2020-10-29,21.25
Okaloosa County,2020-10-29,21.77
Okeechobee County,2020-10-29,22.21
Orange County,2020-10-29,23.82
Osceola County,2020-10-29,22.94
Palm Beach County,2020-10-29,23.8
Pasco County,2020-10-29,23.83
Pinellas County,2020-10-29,25.39
Polk County,2020-10-29,22.87
Putnam County,2020-10-29,23.53
St. Johns County,2020-10-29,24.02
St. Lucie County,2020-10-29,23.04
Santa Rosa County,2020-10-29,22.8
Sarasota County,2020-10-29,22.78
Seminole County,2020-10-29,23.93
Sumter County,2020-10-29,23.58
Suwannee County,2020-10-29,22.4
Taylor County,2020-10-29,24.52
Union County,2020-10-29,22.13
Volusia County,2020-10-29,24.0
Wakulla County,2020-10-29,25.03
Walton County,2020-10-29,21.27
Washington County,2020-10-29,21.6
Alachua County,2020-10-30,16.69
Baker County,2020-10-30,15.89
Bay County,2020-10-30,9.75
Bradford County,2020-10-30,17.55
Brevard County,2020-10-30,22.07
Broward County,2020-10-30,23.35
Calhoun County,2020-10-30,9.86
Charlotte County,2020-10-30,22.93
Citrus County,2020-10-30,17.19
Clay County,2020-10-30,19.16
Collier County,2020-10-30,23.33
Columbia County,2020-10-30,14.17
DeSoto County,2020-10-30,21.67
Dixie County,2020-10-30,12.9
Duval County,2020-10-30,19.18
Escambia County,2020-10-30,10.83
Flagler County,2020-10-30,19.37
Franklin County,2020-10-30,11.61
Gadsden County,2020-10-30,10.36
Gilchrist County,2020-10-30,13.76
Glades County,2020-10-30,22.24
Gulf County,2020-10-30,10.48
Hamilton County,2020-10-30,12.09
Hardee County,2020-10-30,21.03
Hendry County,2020-10-30,22.72
Hernando County,2020-10-30,18.57
Highlands County,2020-10-30,21.47
Hillsborough County,2020-10-30,21.67
Holmes County,2020-10-30,8.72
Indian River County,2020-10-30,21.96
Jackson County,2020-10-30,9.64
Jefferson County,2020-10-30,10.64
Lafayette County,2020-10-30,11.8
Lake County,2020-10-30,18.92
Lee County,2020-10-30,23.5
Leon County,2020-10-30,10.66
Levy County,2020-10-30,15.07
Liberty County,2020-10-30,10.69
Madison County,2020-10-30,10.83
Manatee County,2020-10-30,22.18
Marion County,2020-10-30,17.43
Martin County,2020-10-30,23.33
Miami-Dade County,2020-10-30,23.74
Monroe County,2020-10-30,24.7
Nassau County,2020-10-30,17.36
Okaloosa County,2020-10-30,9.55
Okeechobee County,2020-10-30,21.8
Orange County,2020-10-30,20.62
Osceola County,2020-10-30,21.38
Palm Beach County,2020-10-30,23.33
Pasco County,2020-10-30,19.77
Pinellas County,2020-10-30,23.29
Polk County,2020-10-30,20.74
Putnam County,2020-10-30,19.16
St. Johns County,2020-10-30,20.15
St. Lucie County,2020-10-30,22.53
Santa Rosa County,2020-10-30,10.34
Sarasota County,2020-10-30,22.75
Seminole County,2020-10-30,20.28
Sumter County,2020-10-30,17.85
Suwannee County,2020-10-30,12.24
Taylor County,2020-10-30,11.61
Union County,2020-10-30,16.01
Volusia County,2020-10-30,19.64
Wakulla County,2020-10-30,11.25
Walton County,2020-10-30,8.95
Washington County,2020-10-30,9.06
Alachua County,2020-10-31,12.72
Baker County,2020-10-31,11.17
Bay County,2020-10-31,9.8
Bradford County,2020-10-31,12.66
Brevard County,2020-10-31,19.06
Broward County,2020-10-31,22.88
Calhoun County,2020-10-31,9.28
Charlotte County,2020-10-31,19.34
Citrus County,2020-10-31,14.19
Clay County,2020-10-31,13.84
Collier County,2020-10-31,21.84
Columbia County,2020-10-31,10.94
DeSoto County,2020-10-31,18.44
Dixie County,2020-10-31,11.92
Duval County,2020-10-31,13.53
Escambia County,2020-10-31,8.68
Flagler County,2020-10-31,15.88
Franklin County,2020-10-31,11.22
Gadsden County,2020-10-31,9.97
Gilchrist County,2020-10-31,11.68
Glades County,2020-10-31,20.2
Gulf County,2020-10-31,10.1
Hamilton County,2020-10-31,9.86
Hardee County,2020-10-31,17.93
Hendry County,2020-10-31,21.14
Hernando County,2020-10-31,15.09
Highlands County,2020-10-31,19.43
Hillsborough County,2020-10-31,17.12
Holmes County,2020-10-31,8.33
Indian River County,2020-10-31,20.51
Jackson County,2020-10-31,9.11
Jefferson County,2020-10-31,10.48
Lafayette County,2020-10-31,10.88
Lake County,2020-10-31,15.44
Lee County,2020-10-31,20.33
Leon County,2020-10-31,10.36
Levy County,2020-10-31,12.83
Liberty County,2020-10-31,9.94
Madison County,2020-10-31,10.22
Manatee County,2020-10-31,17.53
Marion County,2020-10-31,13.86
Martin County,2020-10-31,22.97
Miami-Dade County,2020-10-31,23.37
Monroe County,2020-10-31,23.93
Nassau County,2020-10-31,12.1
Okaloosa County,2020-10-31,8.69
Okeechobee County,2020-10-31,20.44
Orange County,2020-10-31,16.8
Osceola County,2020-10-31,18.2
Palm Beach County,2020-10-31,22.84
Pasco County,2020-10-31,15.77
Pinellas County,2020-10-31,18.19
Polk County,2020-10-31,17.41
Putnam County,2020-10-31,14.77
St. Johns County,2020-10-31,15.71
St. Lucie County,2020-10-31,21.91
Santa Rosa County,2020-10-31,8.75
Sarasota County,2020-10-31,18.03
Seminole County,2020-10-31,16.62
Sumter County,2020-10-31,14.54
Suwannee County,2020-10-31,10.61
Taylor County,2020-10-31,11.34
Union County,2020-10-31,11.83
Volusia County,2020-10-31,16.28
Wakulla County,2020-10-31,10.83
Walton County,2020-10-31,8.66
Washington County,2020-10-31,8.75
Alachua County,2020-11-01,12.64
Baker County,2020-11-01,13.02
Bay County,2020-11-01,11.35
Bradford County,2020-11-01,13.3
Brevard County,2020-11-01,21.56
Broward County,2020-11-01,23.17
Calhoun County,2020-11-01,10.68
Charlotte County,2020-11-01,19.87
Citrus County,2020-11-01,13.93
Clay County,2020-11-01,15.18
Collier County,2020-11-01,21.52
Columbia County,2020-11-01,12.35
DeSoto County,2020-11-01,19.35
Dixie County,2020-11-01,11.93
Duval County,2020-11-01,15.72
Escambia County,2020-11-01,9.1
Flagler County,2020-11-01,18.32
Franklin County,2020-11-01,11.28
Gadsden County,2020-11-01,10.41
Gilchrist County,2020-11-01,11.7
Glades County,2020-11-01,21.16
Gulf County,2020-11-01,11.29
Hamilton County,2020-11-01,12.14
Hardee County,2020-11-01,18.91
Hendry County,2020-11-01,21.32
Hernando County,2020-11-01,14.44
Highlands County,2020-11-01,20.67
Hillsborough County,2020-11-01,16.78
Holmes County,2020-11-01,8.93
Indian River County,2020-11-01,22.53
Jackson County,2020-11-01,9.94
Jefferson County,2020-11-01,11.07
Lafayette County,2020-11-01,11.6
Lake County,2020-11-01,15.96
Lee County,2020-11-01,20.63
Leon County,2020-11-01,10.58
Levy County,2020-11-01,12.3
Liberty County,2020-11-01,10.75
Madison County,2020-11-01,11.45
Manatee County,2020-11-01,17.87
Marion County,2020-11-01,14.05
Martin County,2020-11-01,23.44
Miami-Dade County,2020-11-01,24.02
Monroe County,2020-11-01,24.39
Nassau County,2020-11-01,14.4
Okaloosa County,2020-11-01,9.07
Okeechobee County,2020-11-01,21.99
Orange County,2020-11-01,17.93
Osceola County,2020-11-01,19.75
Palm Beach County,2020-11-01,23.32
Pasco County,2020-11-01,14.96
Pinellas County,2020-11-01,17.39
Polk County,2020-11-01,17.97
Putnam County,2020-11-01,15.8
St. Johns County,2020-11-01,18.07
St. Lucie County,2020-11-01,23.12
Santa Rosa County,2020-11-01,9.3
Sarasota County,2020-11-01,18.2
Seminole County,2020-11-01,17.82
Sumter County,2020-11-01,14.38
Suwannee County,2020-11-01,11.93
Taylor County,2020-11-01,12.01
Union County,2020-11-01,12.49
Volusia County,2020-11-01,18.31
Wakulla County,2020-11-01,11.01
Walton County,2020-11-01,9.11
Washington County,2020-11-01,9.96
Alachua County,2020-11-02,12.42
Baker County,2020-11-02,10.66
Bay County,2020-11-02,10.96
Bradford County,2020-11-02,12.35
Brevard County,2020-11-02,18.26
Broward County,2020-11-02,22.15
Calhoun County,2020-11-02,10.37
Charlotte County,2020-11-02,18.7
Citrus County,2020-11-02,15.66
Clay County,2020-11-02,14.04
Collier County,2020-11-02,20.48
Columbia County,2020-11-02,9.8
DeSoto County,2020-11-02,17.6
Dixie County,2020-11-02,12.21
Duval County,2020-11-02,14.33
Escambia County,2020-11-02,9.58
Flagler County,2020-11-02,15.33
Franklin County,2020-11-02,12.86
Gadsden County,2020-11-02,9.46
Gilchrist County,2020-11-02,11.12
Glades County,2020-11-02,18.66
Gulf County,2020-11-02,12.72
Hamilton County,2020-11-02,8.94
Hardee County,2020-11-02,17.27
Hendry County,2020-11-02,19.24
Hernando County,2020-11-02,16.71
Highlands County,2020-11-02,17.91
Hillsborough County,2020-11-02,19.05
Holmes County,2020-11-02,6.59
Indian River County,2020-11-02,19.16
Jackson County,2020-11-02,7.82
Jefferson County,2020-11-02,9.78
Lafayette County,2020-11-02,10.39
Lake County,2020-11-02,14.94
Lee County,2020-11-02,19.53
Leon County,2020-11-02,9.96
Levy County,2020-11-02,13.25
Liberty County,2020-11-02,11.46
Madison County,2020-11-02,9.25
Manatee County,2020-11-02,18.86
Marion County,2020-11-02,13.94
Martin County,2020-11-02,21.17
Miami-Dade County,2020-11-02,23.42
Monroe County,2020-11-02,23.59
Nassau County,2020-11-02,12.42
Okaloosa County,2020-11-02,8.69
Okeechobee County,2020-11-02,18.85
Orange County,2020-11-02,15.91
Osceola County,2020-11-02,16.83
Palm Beach County,2020-11-02,21.66
Pasco County,2020-11-02,17.55
Pinellas County,2020-11-02,22.18
Polk County,2020-11-02,16.41
Putnam County,2020-11-02,14.48
St. Johns County,2020-11-02,15.34
St. Lucie County,2020-11-02,20.28
Santa Rosa County,2020-11-02,9.54
Sarasota County,2020-11-02,18.58
Seminole County,2020-11-02,15.86
Sumter County,2020-11-02,14.61
Suwannee County,2020-11-02,9.62
Taylor County,2020-11-02,11.47
Union County,2020-11-02,10.97
Volusia County,2020-11-02,15.89
Wakulla County,2020-11-02,11.59
Walton County,2020-11-02,8.01
Washington County,2020-11-02,8.47
Alachua County,2020-11-03,5.89
Baker County,2020-11-03,4.24
Bay County,2020-11-03,6.44
Bradford County,2020-11-03,5.75
Brevard County,2020-11-03,15.98
Broward County,2020-11-03,20.03
Calhoun County,2020-11-03,4.8
Charlotte County,2020-11-03,13.21
Citrus County,2020-11-03,10.64
Clay County,2020-11-03,8.05
Collier County,2020-11-03,16.39
Columbia County,2020-11-03,3.42
DeSoto County,2020-11-03,12.38
Dixie County,2020-11-03,5.29
Duval County,2020-11-03,7.99
Escambia County,2020-11-03,5.26
Flagler County,2020-11-03,12.25
Franklin County,2020-11-03,5.86
Gadsden County,2020-11-03,3.77
Gilchrist County,2020-11-03,4.29
Glades County,2020-11-03,14.71
Gulf County,2020-11-03,6.28
Hamilton County,2020-11-03,3.04
Hardee County,2020-11-03,12.32
Hendry County,2020-11-03,15.65
Hernando County,2020-11-03,11.73
Highlands County,2020-11-03,13.82
Hillsborough County,2020-11-03,13.15
Holmes County,2020-11-03,3.07
Indian River County,2020-11-03,17.06
Jackson County,2020-11-03,3.63
Jefferson County,2020-11-03,3.89
Lafayette County,2020-11-03,3.68
Lake County,2020-11-03,12.18
Lee County,2020-11-03,14.22
Leon County,2020-11-03,3.79
Levy County,2020-11-03,6.88
Liberty County,2020-11-03,4.67
Madison County,2020-11-03,3.37
Manatee County,2020-11-03,12.56
Marion County,2020-11-03,9.49
Martin County,2020-11-03,19.43
Miami-Dade County,2020-11-03,21.12
Monroe County,2020-11-03,20.9
Nassau County,2020-11-03,6.01
Okaloosa County,2020-11-03,4.59
Okeechobee County,2020-11-03,16.1
Orange County,2020-11-03,13.48
Osceola County,2020-11-03,14.14
Palm Beach County,2020-11-03,19.86
Pasco County,2020-11-03,12.14
Pinellas County,2020-11-03,14.43
Polk County,2020-11-03,12.59
Putnam County,2020-11-03,9.9
St. Johns County,2020-11-03,10.95
St. Lucie County,2020-11-03,18.41
Santa Rosa County,2020-11-03,5.22
Sarasota County,2020-11-03,12.3
Seminole County,2020-11-03,13.49
Sumter County,2020-11-03,11.17
Suwannee County,2020-11-03,3.24
Taylor County,2020-11-03,4.87
Union County,2020-11-03,4.26
Volusia County,2020-11-03,13.18
Wakulla County,2020-11-03,4.76
Walton County,2020-11-03,4.23
Washington County,2020-11-03,4.31
Alachua County,2020-11-04,6.38
Baker County,2020-11-04,4.07
Bay County,2020-11-04,7.05
Bradford County,2020-11-04,5.76
Brevard County,2020-11-04,17.28
Broward County,2020-11-04,19.92
Calhoun County,2020-11-04,5.33
Charlotte County,2020-11-04,14.75
Citrus County,2020-11-04,10.69
Clay County,2020-11-04,7.57
Collier County,2020-11-04,16.97
Columbia County,2020-11-04,3.97
DeSoto County,2020-11-04,13.98
Dixie County,2020-11-04,6.89
Duval County,2020-11-04,7.4
Escambia County,2020-11-04,5.03
Flagler County,2020-11-04,12.96
Franklin County,2020-11-04,6.51
Gadsden County,2020-11-04,4.67
Gilchrist County,2020-11-04,5.55
Glades County,2020-11-04,16.52
Gulf County,2020-11-04,6.56
Hamilton County,2020-11-04,3.71
Hardee County,2020-11-04,13.45
Hendry County,2020-11-04,16.74
Hernando County,2020-11-04,11.19
Highlands County,2020-11-04,15.6
Hillsborough County,2020-11-04,12.41
Holmes County,2020-11-04,3.62
Indian River County,2020-11-04,18.12
Jackson County,2020-11-04,4.57
Jefferson County,2020-11-04,5.12
Lafayette County,2020-11-04,5.31
Lake County,2020-11-04,12.36
Lee County,2020-11-04,15.67
Leon County,2020-11-04,4.78
Levy County,2020-11-04,7.84
Liberty County,2020-11-04,5.08
Madison County,2020-11-04,4.61
Manatee County,2020-11-04,12.43
Marion County,2020-11-04,9.66
Martin County,2020-11-04,20.15
Miami-Dade County,2020-11-04,21.34
Monroe County,2020-11-04,21.31
Nassau County,2020-11-04,5.44
Okaloosa County,2020-11-04,4.07
Okeechobee County,2020-11-04,17.39
Orange County,2020-11-04,14.11
Osceola County,2020-11-04,15.04
Palm Beach County,2020-11-04,19.96
Pasco County,2020-11-04,11.22
Pinellas County,2020-11-04,12.83
Polk County,2020-11-04,13.18
Putnam County,2020-11-04,9.73
St. Johns County,2020-11-04,11.02
St. Lucie County,2020-11-04,19.44
Santa Rosa County,2020-11-04,4.66
Sarasota County,2020-11-04,12.64
Seminole County,2020-11-04,14.24
Sumter County,2020-11-04,11.05
Suwannee County,2020-11-04,4.5
Taylor County,2020-11-04,6.57
Union County,2020-11-04,4.58
Volusia County,2020-11-04,14.35
Wakulla County,2020-11-04,5.84
Walton County,2020-11-04,4.28
Washington County,2020-11-04,4.85
Alachua County,2020-11-05,9.3
Baker County,2020-11-05,6.69
Bay County,2020-11-05,8.37
Bradford County,2020-11-05,8.41
Brevard County,2020-11-05,21.02
Broward County,2020-11-05,21.35
Calhoun County,2020-11-05,7.01
Charlotte County,2020-11-05,18.54
Citrus County,2020-11-05,14.53
Clay County,2020-11-05,9.92
Collier County,2020-11-05,19.21
Columbia County,2020-11-05,7.07
DeSoto County,2020-11-05,17.45
Dixie County,2020-11-05,10.4
Duval County,2020-11-05,9.63
Escambia County,2020-11-05,6.65
Flagler County,2020-11-05,14.94
Franklin County,2020-11-05,7.77
Gadsden County,2020-11-05,7.73
Gilchrist County,2020-11-05,8.86
Glades County,2020-11-05,19.01
Gulf County,2020-11-05,7.45
Hamilton County,2020-11-05,7.19
Hardee County,2020-11-05,16.54
Hendry County,2020-11-05,19.16
Hernando County,2020-11-05,15.17
Highlands County,2020-11-05,18.0
Hillsborough County,2020-11-05,16.16
Holmes County,2020-11-05,4.72
Indian River County,2020-11-05,20.21
Jackson County,2020-11-05,6.76
Jefferson County,2020-11-05,8.75
Lafayette County,2020-11-05,8.88
Lake County,2020-11-05,15.0
Lee County,2020-11-05,19.21
Leon County,2020-11-05,7.75
Levy County,2020-11-05,11.35
Liberty County,2020-11-05,6.62
Madison County,2020-11-05,8.51
Manatee County,2020-11-05,16.37
Marion County,2020-11-05,12.49
Martin County,2020-11-05,21.57
Miami-Dade County,2020-11-05,22.28
Monroe County,2020-11-05,22.26
Nassau County,2020-11-05,7.71
Okaloosa County,2020-11-05,5.11
Okeechobee County,2020-11-05,19.03
Orange County,2020-11-05,16.88
Osceola County,2020-11-05,17.52
Palm Beach County,2020-11-05,21.47
Pasco County,2020-11-05,15.14
Pinellas County,2020-11-05,17.78
Polk County,2020-11-05,15.86
Putnam County,2020-11-05,12.0
St. Johns County,2020-11-05,13.27
St. Lucie County,2020-11-05,20.95
Santa Rosa County,2020-11-05,6.01
Sarasota County,2020-11-05,16.92
Seminole County,2020-11-05,16.78
Sumter County,2020-11-05,14.33
Suwannee County,2020-11-05,8.06
Taylor County,2020-11-05,9.97
Union County,2020-11-05,7.44
Volusia County,2020-11-05,16.79
Wakulla County,2020-11-05,7.86
Walton County,2020-11-05,5.23
Washington County,2020-11-05,6.03
Alachua County,2020-11-06,14.76
Baker County,2020-11-06,15.09
Bay County,2020-11-06,14.47
Bradford County,2020-11-06,15.47
Brevard County,2020-11-06,20.71
Broward County,2020-11-06,22.04
Calhoun County,2020-11-06,14.02
Charlotte County,2020-11-06,19.39
Citrus County,2020-11-06,16.43
Clay County,2020-11-06,16.75
Collier County,2020-11-06,20.79
Columbia County,2020-11-06,14.49
DeSoto County,2020-11-06,18.79
Dixie County,2020-11-06,13.31
Duval County,2020-11-06,16.96
Escambia County,2020-11-06,11.22
Flagler County,2020-11-06,18.11
Franklin County,2020-11-06,13.8
Gadsden County,2020-11-06,14.21
Gilchrist County,2020-11-06,13.21
Glades County,2020-11-06,19.61
Gulf County,2020-11-06,14.32
Hamilton County,2020-11-06,14.9
Hardee County,2020-11-06,18.65
Hendry County,2020-11-06,20.04
Hernando County,2020-11-06,17.29
Highlands County,2020-11-06,19.2
Hillsborough County,2020-11-06,18.49
Holmes County,2020-11-06,11.96
Indian River County,2020-11-06,20.69
Jackson County,2020-11-06,13.49
Jefferson County,2020-11-06,15.22
Lafayette County,2020-11-06,13.99
Lake County,2020-11-06,18.52
Lee County,2020-11-06,20.09
Leon County,2020-11-06,14.6
Levy County,2020-11-06,13.58
Liberty County,2020-11-06,13.64
Madison County,2020-11-06,15.15
Manatee County,2020-11-06,18.38
Marion County,2020-11-06,16.5
Martin County,2020-11-06,22.1
Miami-Dade County,2020-11-06,22.99
Monroe County,2020-11-06,23.38
Nassau County,2020-11-06,16.18
Okaloosa County,2020-11-06,10.04
Okeechobee County,2020-11-06,19.91
Orange County,2020-11-06,19.33
Osceola County,2020-11-06,19.25
Palm Beach County,2020-11-06,21.95
Pasco County,2020-11-06,17.56
Pinellas County,2020-11-06,18.44
Polk County,2020-11-06,18.63
Putnam County,2020-11-06,17.19
St. Johns County,2020-11-06,17.64
St. Lucie County,2020-11-06,21.47
Santa Rosa County,2020-11-06,10.68
Sarasota County,2020-11-06,18.24
Seminole County,2020-11-06,19.28
Sumter County,2020-11-06,17.58
Suwannee County,2020-11-06,14.45
Taylor County,2020-11-06,14.91
Union County,2020-11-06,14.62
Volusia County,2020-11-06,18.99
Wakulla County,2020-11-06,14.23
Walton County,2020-11-06,11.03
Washington County,2020-11-06,13.3
Alachua County,2020-11-07,18.52
Baker County,2020-11-07,18.07
Bay County,2020-11-07,16.96
Bradford County,2020-11-07,18.71
Brevard County,2020-11-07,22.21
Broward County,2020-11-07,21.89
Calhoun County,2020-11-07,16.13
Charlotte County,2020-11-07,20.37
Citrus County,2020-11-07,19.51
Clay County,2020-11-07,19.92
Collier County,2020-11-07,20.91
Columbia County,2020-11-07,17.61
DeSoto County,2020-11-07,19.83
Dixie County,2020-11-07,18.0
Duval County,2020-11-07,20.06
Escambia County,2020-11-07,15.58
Flagler County,2020-11-07,21.23
Franklin County,2020-11-07,17.09
Gadsden County,2020-11-07,16.72
Gilchrist County,2020-11-07,17.63
Glades County,2020-11-07,20.76
Gulf County,2020-11-07,16.93
Hamilton County,2020-11-07,17.42
Hardee County,2020-11-07,19.68
Hendry County,2020-11-07,20.61
Hernando County,2020-11-07,19.31
Highlands County,2020-11-07,20.56
Hillsborough County,2020-11-07,19.67
Holmes County,2020-11-07,14.16
Indian River County,2020-11-07,22.15
Jackson County,2020-11-07,15.46
Jefferson County,2020-11-07,17.7
Lafayette County,2020-11-07,17.46
Lake County,2020-11-07,20.05
Lee County,2020-11-07,20.82
Leon County,2020-11-07,17.2
Levy County,2020-11-07,18.38
Liberty County,2020-11-07,16.46
Madison County,2020-11-07,17.49
Manatee County,2020-11-07,19.52
Marion County,2020-11-07,19.48
Martin County,2020-11-07,22.98
Miami-Dade County,2020-11-07,22.63
Monroe County,2020-11-07,22.98
Nassau County,2020-11-07,19.19
Okaloosa County,2020-11-07,14.94
Okeechobee County,2020-11-07,21.45
Orange County,2020-11-07,20.55
Osceola County,2020-11-07,20.57
Palm Beach County,2020-11-07,22.35
Pasco County,2020-11-07,19.05
Pinellas County,2020-11-07,20.24
Polk County,2020-11-07,19.62
Putnam County,2020-11-07,20.39
St. Johns County,2020-11-07,21.27
St. Lucie County,2020-11-07,22.72
Santa Rosa County,2020-11-07,15.48
Sarasota County,2020-11-07,19.43
Seminole County,2020-11-07,20.73
Sumter County,2020-11-07,19.3
Suwannee County,2020-11-07,17.44
Taylor County,2020-11-07,18.29
Union County,2020-11-07,17.93
Volusia County,2020-11-07,21.08
Wakulla County,2020-11-07,17.44
Walton County,2020-11-07,14.77
Washington County,2020-11-07,15.24
Alachua County,2020-11-08,19.74
Baker County,2020-11-08,19.58
Bay County,2020-11-08,19.21
Bradford County,2020-11-08,19.87
Brevard County,2020-11-08,23.25
Broward County,2020-11-08,22.15
Calhoun County,2020-11-08,19.02
Charlotte County,2020-11-08,21.64
Citrus County,2020-11-08,20.65
Clay County,2020-11-08,20.91
Collier County,2020-11-08,21.71
Columbia County,2020-11-08,19.49
DeSoto County,2020-11-08,21.56
Dixie County,2020-11-08,19.75
Duval County,2020-11-08,20.86
Escambia County,2020-11-08,17.8
Flagler County,2020-11-08,22.13
Franklin County,2020-11-08,19.07
Gadsden County,2020-11-08,19.37
Gilchrist County,2020-11-08,19.31
Glades County,2020-11-08,22.15
Gulf County,2020-11-08,19.13
Hamilton County,2020-11-08,19.94
Hardee County,2020-11-08,21.64
Hendry County,2020-11-08,21.86
Hernando County,2020-11-08,20.68
Highlands County,2020-11-08,22.25
Hillsborough County,2020-11-08,21.32
Holmes County,2020-11-08,17.56
Indian River County,2020-11-08,22.79
Jackson County,2020-11-08,18.45
Jefferson County,2020-11-08,20.36
Lafayette County,2020-11-08,19.8
Lake County,2020-11-08,21.54
Lee County,2020-11-08,21.81
Leon County,2020-11-08,19.8
Levy County,2020-11-08,19.63
Liberty County,2020-11-08,19.17
Madison County,2020-11-08,20.32
Manatee County,2020-11-08,21.11
Marion County,2020-11-08,20.64
Martin County,2020-11-08,23.0
Miami-Dade County,2020-11-08,22.55
Monroe County,2020-11-08,23.08
Nassau County,2020-11-08,20.32
Okaloosa County,2020-11-08,17.54
Okeechobee County,2020-11-08,22.61
Orange County,2020-11-08,22.23
Osceola County,2020-11-08,22.3
Palm Beach County,2020-11-08,22.67
Pasco County,2020-11-08,20.64
Pinellas County,2020-11-08,21.54
Polk County,2020-11-08,21.58
Putnam County,2020-11-08,21.42
St. Johns County,2020-11-08,21.93
St. Lucie County,2020-11-08,22.83
Santa Rosa County,2020-11-08,17.82
Sarasota County,2020-11-08,20.68
Seminole County,2020-11-08,22.28
Sumter County,2020-11-08,20.68
Suwannee County,2020-11-08,19.79
Taylor County,2020-11-08,20.63
Union County,2020-11-08,19.34
Volusia County,2020-11-08,22.23
Wakulla County,2020-11-08,19.77
Walton County,2020-11-08,17.57
Washington County,2020-11-08,18.41
Alachua County,2020-11-09,21.01
Baker County,2020-11-09,20.34
Bay County,2020-11-09,21.21
Bradford County,2020-11-09,20.93
Brevard County,2020-11-09,23.81
Broward County,2020-11-09,22.2
Calhoun County,2020-11-09,20.87
Charlotte County,2020-11-09,22.5
Citrus County,2020-11-09,22.75
Clay County,2020-11-09,22.04
Collier County,2020-11-09,22.28
Columbia County,2020-11-09,20.21
DeSoto County,2020-11-09,22.17
Dixie County,2020-11-09,21.24
Duval County,2020-11-09,21.9
Escambia County,2020-11-09,18.94
Flagler County,2020-11-09,23.23
Franklin County,2020-11-09,21.23
Gadsden County,2020-11-09,20.88
Gilchrist County,2020-11-09,20.52
Glades County,2020-11-09,22.48
Gulf County,2020-11-09,21.3
Hamilton County,2020-11-09,20.5
Hardee County,2020-11-09,22.18
Hendry County,2020-11-09,22.18
Hernando County,2020-11-09,22.71
Highlands County,2020-11-09,22.63
Hillsborough County,2020-11-09,22.72
Holmes County,2020-11-09,18.46
Indian River County,2020-11-09,22.99
Jackson County,2020-11-09,19.98
Jefferson County,2020-11-09,21.36
Lafayette County,2020-11-09,20.74
Lake County,2020-11-09,22.87
Lee County,2020-11-09,22.71
Leon County,2020-11-09,21.1
Levy County,2020-11-09,21.41
Liberty County,2020-11-09,20.99
Madison County,2020-11-09,21.04
Manatee County,2020-11-09,22.18
Marion County,2020-11-09,22.23
Martin County,2020-11-09,22.75
Miami-Dade County,2020-11-09,22.91
Monroe County,2020-11-09,23.73
Nassau County,2020-11-09,21.12
Okaloosa County,2020-11-09,18.78
Okeechobee County,2020-11-09,22.77
Orange County,2020-11-09,23.08
Osceola County,2020-11-09,22.8
Palm Beach County,2020-11-09,22.44
Pasco County,2020-11-09,22.44
Pinellas County,2020-11-09,23.74
Polk County,2020-11-09,22.26
Putnam County,2020-11-09,22.69
St. Johns County,2020-11-09,23.14
St. Lucie County,2020-11-09,22.81
Santa Rosa County,2020-11-09,19.03
Sarasota County,2020-11-09,21.82
Seminole County,2020-11-09,23.14
Sumter County,2020-11-09,22.42
Suwannee County,2020-11-09,20.51
Taylor County,2020-11-09,21.79
Union County,2020-11-09,20.28
Volusia County,2020-11-09,23.18
Wakulla County,2020-11-09,21.4
Walton County,2020-11-09,18.84
Washington County,2020-11-09,19.82
Alachua County,2020-11-10,22.66
Baker County,2020-11-10,21.93
Bay County,2020-11-10,22.24
Bradford County,2020-11-10,22.51
Brevard County,2020-11-10,24.33
Broward County,2020-11-10,22.79
Calhoun County,2020-11-10,22.39
Charlotte County,2020-11-10,22.75
Citrus County,2020-11-10,24.19
Clay County,2020-11-10,23.33
Collier County,2020-11-10,22.84
Columbia County,2020-11-10,21.94
DeSoto County,2020-11-10,22.76
Dixie County,2020-11-10,22.73
Duval County,2020-11-10,23.09
Escambia County,2020-11-10,19.95
Flagler County,2020-11-10,23.73
Franklin County,2020-11-10,22.16
Gadsden County,2020-11-10,22.3
Gilchrist County,2020-11-10,22.27
Glades County,2020-11-10,23.02
Gulf County,2020-11-10,22.53
Hamilton County,2020-11-10,22.08
Hardee County,2020-11-10,23.08
Hendry County,2020-11-10,22.65
Hernando County,2020-11-10,24.18
Highlands County,2020-11-10,23.41
Hillsborough County,2020-11-10,23.88
Holmes County,2020-11-10,20.39
Indian River County,2020-11-10,23.81
Jackson County,2020-11-10,21.71
Jefferson County,2020-11-10,22.76
Lafayette County,2020-11-10,22.4
Lake County,2020-11-10,24.11
Lee County,2020-11-10,22.84
Leon County,2020-11-10,22.51
Levy County,2020-11-10,22.95
Liberty County,2020-11-10,22.36
Madison County,2020-11-10,22.54
Manatee County,2020-11-10,22.96
Marion County,2020-11-10,23.63
Martin County,2020-11-10,23.17
Miami-Dade County,2020-11-10,24.09
Monroe County,2020-11-10,24.69
Nassau County,2020-11-10,22.37
Okaloosa County,2020-11-10,19.68
Okeechobee County,2020-11-10,23.62
Orange County,2020-11-10,24.16
Osceola County,2020-11-10,23.94
Palm Beach County,2020-11-10,22.8
Pasco County,2020-11-10,23.9
Pinellas County,2020-11-10,24.35
Polk County,2020-11-10,23.51
Putnam County,2020-11-10,23.77
St. Johns County,2020-11-10,23.79
St. Lucie County,2020-11-10,23.37
Santa Rosa County,2020-11-10,20.02
Sarasota County,2020-11-10,22.21
Seminole County,2020-11-10,24.01
Sumter County,2020-11-10,23.96
Suwannee County,2020-11-10,22.2
Taylor County,2020-11-10,23.16
Union County,2020-11-10,21.99
Volusia County,2020-11-10,23.66
Wakulla County,2020-11-10,22.59
Walton County,2020-11-10,19.97
Washington County,2020-11-10,21.52
Alachua County,2020-11-11,22.32
Baker County,2020-11-11,22.07
Bay County,2020-11-11,23.15
Bradford County,2020-11-11,22.47
Brevard County,2020-11-11,23.4
Broward County,2020-11-11,23.49
Calhoun County,2020-11-11,22.96
Charlotte County,2020-11-11,23.11
Citrus County,2020-11-11,23.99
Clay County,2020-11-11,23.64
Collier County,2020-11-11,23.5
Columbia County,2020-11-11,21.72
DeSoto County,2020-11-11,22.84
Dixie County,2020-11-11,22.05
Duval County,2020-11-11,23.65
Escambia County,2020-11-11,22.01
Flagler County,2020-11-11,24.17
Franklin County,2020-11-11,22.51
Gadsden County,2020-11-11,22.95
Gilchrist County,2020-11-11,21.58
Glades County,2020-11-11,22.95
Gulf County,2020-11-11,23.0
Hamilton County,2020-11-11,22.08
Hardee County,2020-11-11,22.91
Hendry County,2020-11-11,23.05
Hernando County,2020-11-11,24.13
Highlands County,2020-11-11,22.96
Hillsborough County,2020-11-11,24.01
Holmes County,2020-11-11,21.5
Indian River County,2020-11-11,22.77
Jackson County,2020-11-11,22.35
Jefferson County,2020-11-11,23.04
Lafayette County,2020-11-11,21.87
Lake County,2020-11-11,24.02
Lee County,2020-11-11,23.4
Leon County,2020-11-11,23.05
Levy County,2020-11-11,22.34
Liberty County,2020-11-11,22.93
Madison County,2020-11-11,22.55
Manatee County,2020-11-11,23.21
Marion County,2020-11-11,23.52
Martin County,2020-11-11,22.96
Miami-Dade County,2020-11-11,24.32
Monroe County,2020-11-11,25.14
Nassau County,2020-11-11,23.0
Okaloosa County,2020-11-11,21.86
Okeechobee County,2020-11-11,22.87
Orange County,2020-11-11,23.7
Osceola County,2020-11-11,23.1
Palm Beach County,2020-11-11,23.33
Pasco County,2020-11-11,23.93
Pinellas County,2020-11-11,24.63
Polk County,2020-11-11,23.09
Putnam County,2020-11-11,24.02
St. Johns County,2020-11-11,24.34
St. Lucie County,2020-11-11,22.69
Santa Rosa County,2020-11-11,22.14
Sarasota County,2020-11-11,22.63
Seminole County,2020-11-11,23.74
Sumter County,2020-11-11,23.88
Suwannee County,2020-11-11,21.83
Taylor County,2020-11-11,22.93
Union County,2020-11-11,21.77
Volusia County,2020-11-11,23.73
Wakulla County,2020-11-11,23.0
Walton County,2020-11-11,21.75
Washington County,2020-11-11,22.46
Alachua County,2020-11-12,21.98
Baker County,2020-11-12,22.34
Bay County,2020-11-12,22.47
Bradford County,2020-11-12,22.59
Brevard County,2020-11-12,23.81
Broward County,2020-11-12,23.13
Calhoun County,2020-11-12,22.61
Charlotte County,2020-11-12,23.11
Citrus County,2020-11-12,22.62
Clay County,2020-11-12,24.01
Collier County,2020-11-12,22.9
Columbia County,2020-11-12,21.62
DeSoto County,2020-11-12,23.01
Dixie County,2020-11-12,21.13
Duval County,2020-11-12,24.28
Escambia County,2020-11-12,20.65
Flagler County,2020-11-12,24.3
Franklin County,2020-11-12,22.41
Gadsden County,2020-11-12,22.42
Gilchrist County,2020-11-12,20.93
Glades County,2020-11-12,23.2
Gulf County,2020-11-12,22.84
Hamilton County,2020-11-12,21.73
Hardee County,2020-11-12,23.05
Hendry County,2020-11-12,22.85
Hernando County,2020-11-12,22.85
Highlands County,2020-11-12,23.39
Hillsborough County,2020-11-12,23.23
Holmes County,2020-11-12,20.48
Indian River County,2020-11-12,23.53
Jackson County,2020-11-12,21.67
Jefferson County,2020-11-12,22.17
Lafayette County,2020-11-12,21.29
Lake County,2020-11-12,23.39
Lee County,2020-11-12,23.21
Leon County,2020-11-12,22.44
Levy County,2020-11-12,21.2
Liberty County,2020-11-12,22.82
Madison County,2020-11-12,21.79
Manatee County,2020-11-12,23.1
Marion County,2020-11-12,22.84
Martin County,2020-11-12,23.68
Miami-Dade County,2020-11-12,23.56
Monroe County,2020-11-12,24.23
Nassau County,2020-11-12,23.57
Okaloosa County,2020-11-12,20.94
Okeechobee County,2020-11-12,23.56
Orange County,2020-11-12,23.47
Osceola County,2020-11-12,23.29
Palm Beach County,2020-11-12,23.53
Pasco County,2020-11-12,22.89
Pinellas County,2020-11-12,24.03
Polk County,2020-11-12,22.9
Putnam County,2020-11-12,24.06
St. Johns County,2020-11-12,24.81
St. Lucie County,2020-11-12,23.52
Santa Rosa County,2020-11-12,21.06
Sarasota County,2020-11-12,22.71
Seminole County,2020-11-12,23.55
Sumter County,2020-11-12,22.8
Suwannee County,2020-11-12,21.42
Taylor County,2020-11-12,22.2
Union County,2020-11-12,21.78
Volusia County,2020-11-12,23.7
Wakulla County,2020-11-12,22.61
Walton County,2020-11-12,20.74
Washington County,2020-11-12,21.6
Alachua County,2020-11-13,18.94
Baker County,2020-11-13,18.94
Bay County,2020-11-13,16.22
Bradford County,2020-11-13,19.45
Brevard County,2020-11-13,21.92
Broward County,2020-11-13,22.89
Calhoun County,2020-11-13,16.32
Charlotte County,2020-11-13,21.11
Citrus County,2020-11-13,20.92
Clay County,2020-11-13,21.11
Collier County,2020-11-13,22.48
Columbia County,2020-11-13,17.93
DeSoto County,2020-11-13,20.73
Dixie County,2020-11-13,17.86
Duval County,2020-11-13,21.35
Escambia County,2020-11-13,13.81
Flagler County,2020-11-13,22.05
Franklin County,2020-11-13,17.96
Gadsden County,2020-11-13,15.74
Gilchrist County,2020-11-13,17.54
Glades County,2020-11-13,21.7
Gulf County,2020-11-13,17.88
Hamilton County,2020-11-13,17.32
Hardee County,2020-11-13,20.76
Hendry County,2020-11-13,21.99
Hernando County,2020-11-13,21.39
Highlands County,2020-11-13,21.34
Hillsborough County,2020-11-13,21.7
Holmes County,2020-11-13,12.74
Indian River County,2020-11-13,21.72
Jackson County,2020-11-13,14.44
Jefferson County,2020-11-13,16.33
Lafayette County,2020-11-13,17.19
Lake County,2020-11-13,21.12
Lee County,2020-11-13,21.67
Leon County,2020-11-13,16.21
Levy County,2020-11-13,18.64
Liberty County,2020-11-13,17.26
Madison County,2020-11-13,16.51
Manatee County,2020-11-13,20.86
Marion County,2020-11-13,20.38
Martin County,2020-11-13,22.64
Miami-Dade County,2020-11-13,23.78
Monroe County,2020-11-13,24.52
Nassau County,2020-11-13,20.45
Okaloosa County,2020-11-13,13.13
Okeechobee County,2020-11-13,21.79
Orange County,2020-11-13,21.17
Osceola County,2020-11-13,21.09
Palm Beach County,2020-11-13,22.88
Pasco County,2020-11-13,21.41
Pinellas County,2020-11-13,22.7
Polk County,2020-11-13,20.87
Putnam County,2020-11-13,21.44
St. Johns County,2020-11-13,22.44
St. Lucie County,2020-11-13,22.12
Santa Rosa County,2020-11-13,13.59
Sarasota County,2020-11-13,20.33
Seminole County,2020-11-13,21.13
Sumter County,2020-11-13,20.92
Suwannee County,2020-11-13,17.25
Taylor County,2020-11-13,17.72
Union County,2020-11-13,18.42
Volusia County,2020-11-13,21.43
Wakulla County,2020-11-13,17.46
Walton County,2020-11-13,13.15
Washington County,2020-11-13,14.35
Alachua County,2020-11-14,16.24
Baker County,2020-11-14,14.56
Bay County,2020-11-14,13.75
Bradford County,2020-11-14,15.9
Brevard County,2020-11-14,21.58
Broward County,2020-11-14,22.62
Calhoun County,2020-11-14,12.65
Charlotte County,2020-11-14,21.01
Citrus County,2020-11-14,19.8
Clay County,2020-11-14,17.5
Collier County,2020-11-14,22.26
Columbia County,2020-11-14,13.96
DeSoto County,2020-11-14,20.42
Dixie County,2020-11-14,15.84
Duval County,2020-11-14,17.52
Escambia County,2020-11-14,11.78
Flagler County,2020-11-14,19.75
Franklin County,2020-11-14,14.11
Gadsden County,2020-11-14,12.43
Gilchrist County,2020-11-14,15.19
Glades County,2020-11-14,21.33
Gulf County,2020-11-14,13.87
Hamilton County,2020-11-14,13.03
Hardee County,2020-11-14,20.28
Hendry County,2020-11-14,21.76
Hernando County,2020-11-14,20.21
Highlands County,2020-11-14,20.89
Hillsborough County,2020-11-14,20.71
Holmes County,2020-11-14,10.71
Indian River County,2020-11-14,21.13
Jackson County,2020-11-14,11.6
Jefferson County,2020-11-14,13.23
Lafayette County,2020-11-14,14.09
Lake County,2020-11-14,20.01
Lee County,2020-11-14,21.67
Leon County,2020-11-14,12.8
Levy County,2020-11-14,17.31
Liberty County,2020-11-14,12.97
Madison County,2020-11-14,13.07
Manatee County,2020-11-14,20.28
Marion County,2020-11-14,18.61
Martin County,2020-11-14,22.02
Miami-Dade County,2020-11-14,23.66
Monroe County,2020-11-14,24.46
Nassau County,2020-11-14,16.04
Okaloosa County,2020-11-14,11.43
Okeechobee County,2020-11-14,21.16
Orange County,2020-11-14,20.45
Osceola County,2020-11-14,20.52
Palm Beach County,2020-11-14,22.45
Pasco County,2020-11-14,20.19
Pinellas County,2020-11-14,21.79
Polk County,2020-11-14,20.15
Putnam County,2020-11-14,18.63
St. Johns County,2020-11-14,19.38
St. Lucie County,2020-11-14,21.47
Santa Rosa County,2020-11-14,11.75
Sarasota County,2020-11-14,20.03
Seminole County,2020-11-14,20.31
Sumter County,2020-11-14,19.71
Suwannee County,2020-11-14,13.59
Taylor County,2020-11-14,14.7
Union County,2020-11-14,14.79
Volusia County,2020-11-14,20.18
Wakulla County,2020-11-14,13.65
Walton County,2020-11-14,11.39
Washington County,2020-11-14,11.79
Alachua County,2020-11-15,16.04
Baker County,2020-11-15,14.43
Bay County,2020-11-15,13.7
Bradford County,2020-11-15,15.85
Brevard County,2020-11-15,22.13
Broward County,2020-11-15,22.38
Calhoun County,2020-11-15,12.4
Charlotte County,2020-11-15,21.27
Citrus County,2020-11-15,18.87
Clay County,2020-11-15,17.41
Collier County,2020-11-15,21.93
Columbia County,2020-11-15,13.81
DeSoto County,2020-11-15,20.93
Dixie County,2020-11-15,14.7
Duval County,2020-11-15,16.81
Escambia County,2020-11-15,13.77
Flagler County,2020-11-15,19.94
Franklin County,2020-11-15,13.32
Gadsden County,2020-11-15,12.08
Gilchrist County,2020-11-15,14.58
Glades County,2020-11-15,21.83
Gulf County,2020-11-15,13.55
Hamilton County,2020-11-15,12.87
Hardee County,2020-11-15,20.7
Hendry County,2020-11-15,21.76
Hernando County,2020-11-15,19.33
Highlands County,2020-11-15,21.62
Hillsborough County,2020-11-15,20.1
Holmes County,2020-11-15,11.18
Indian River County,2020-11-15,22.28
Jackson County,2020-11-15,11.53
Jefferson County,2020-11-15,12.72
Lafayette County,2020-11-15,13.44
Lake County,2020-11-15,20.17
Lee County,2020-11-15,21.71
Leon County,2020-11-15,12.38
Levy County,2020-11-15,16.3
Liberty County,2020-11-15,12.55
Madison County,2020-11-15,12.66
Manatee County,2020-11-15,20.16
Marion County,2020-11-15,18.51
Martin County,2020-11-15,22.82
Miami-Dade County,2020-11-15,23.16
Monroe County,2020-11-15,23.88
Nassau County,2020-11-15,15.22
Okaloosa County,2020-11-15,12.61
Okeechobee County,2020-11-15,22.13
Orange County,2020-11-15,20.84
Osceola County,2020-11-15,21.2
Palm Beach County,2020-11-15,22.64
Pasco County,2020-11-15,19.4
Pinellas County,2020-11-15,20.43
Polk County,2020-11-15,20.4
Putnam County,2020-11-15,18.83
St. Johns County,2020-11-15,19.09
St. Lucie County,2020-11-15,22.6
Santa Rosa County,2020-11-15,13.47
Sarasota County,2020-11-15,20.05
Seminole County,2020-11-15,20.72
Sumter County,2020-11-15,19.46
Suwannee County,2020-11-15,13.25
Taylor County,2020-11-15,13.79
Union County,2020-11-15,14.7
Volusia County,2020-11-15,20.39
Wakulla County,2020-11-15,12.89
Walton County,2020-11-15,12.04
Washington County,2020-11-15,12.03
Alachua County,2020-11-16,15.45
Baker County,2020-11-16,14.58
Bay County,2020-11-16,13.7
Bradford County,2020-11-16,15.72
Brevard County,2020-11-16,21.72
Broward County,2020-11-16,21.31
Calhoun County,2020-11-16,12.47
Charlotte County,2020-11-16,21.38
Citrus County,2020-11-16,18.74
Clay County,2020-11-16,17.58
Collier County,2020-11-16,21.2
Columbia County,2020-11-16,13.84
DeSoto County,2020-11-16,21.18
Dixie County,2020-11-16,14.57
Duval County,2020-11-16,17.22
Escambia County,2020-11-16,10.97
Flagler County,2020-11-16,20.45
Franklin County,2020-11-16,14.67
Gadsden County,2020-11-16,12.05
Gilchrist County,2020-11-16,13.91
Glades County,2020-11-16,21.15
Gulf County,2020-11-16,14.47
Hamilton County,2020-11-16,13.29
Hardee County,2020-11-16,21.49
Hendry County,2020-11-16,20.93
Hernando County,2020-11-16,20.0
Highlands County,2020-11-16,21.48
Hillsborough County,2020-11-16,21.71
Holmes County,2020-11-16,8.99
Indian River County,2020-11-16,21.22
Jackson County,2020-11-16,10.59
Jefferson County,2020-11-16,13.68
Lafayette County,2020-11-16,14.15
Lake County,2020-11-16,21.1
Lee County,2020-11-16,21.5
Leon County,2020-11-16,12.94
Levy County,2020-11-16,15.21
Liberty County,2020-11-16,13.1
Madison County,2020-11-16,13.59
Manatee County,2020-11-16,21.68
Marion County,2020-11-16,18.46
Martin County,2020-11-16,21.7
Miami-Dade County,2020-11-16,21.87
Monroe County,2020-11-16,23.12
Nassau County,2020-11-16,15.65
Okaloosa County,2020-11-16,10.32
Okeechobee County,2020-11-16,21.39
Orange County,2020-11-16,21.54
Osceola County,2020-11-16,21.34
Palm Beach County,2020-11-16,21.66
Pasco County,2020-11-16,20.61
Pinellas County,2020-11-16,22.49
Polk County,2020-11-16,21.39
Putnam County,2020-11-16,19.04
St. Johns County,2020-11-16,19.55
St. Lucie County,2020-11-16,21.35
Santa Rosa County,2020-11-16,10.84
Sarasota County,2020-11-16,21.2
Seminole County,2020-11-16,21.41
Sumter County,2020-11-16,20.09
Suwannee County,2020-11-16,13.79
Taylor County,2020-11-16,15.04
Union County,2020-11-16,14.48
Volusia County,2020-11-16,20.95
Wakulla County,2020-11-16,13.94
Walton County,2020-11-16,10.2
Washington County,2020-11-16,11.04
Alachua County,2020-11-17,9.1
Baker County,2020-11-17,6.9
Bay County,2020-11-17,8.4
Bradford County,2020-11-17,8.73
Brevard County,2020-11-17,17.41
Broward County,2020-11-17,20.48
Calhoun County,2020-11-17,6.26
Charlotte County,2020-11-17,18.24
Citrus County,2020-11-17,14.89
Clay County,2020-11-17,10.47
Collier County,2020-11-17,19.72
Columbia County,2020-11-17,6.0
DeSoto County,2020-11-17,16.83
Dixie County,2020-11-17,8.44
Duval County,2020-11-17,10.3
Escambia County,2020-11-17,6.78
Flagler County,2020-11-17,13.67
Franklin County,2020-11-17,8.58
Gadsden County,2020-11-17,5.69
Gilchrist County,2020-11-17,7.22
Glades County,2020-11-17,18.23
Gulf County,2020-11-17,8.54
Hamilton County,2020-11-17,5.26
Hardee County,2020-11-17,16.37
Hendry County,2020-11-17,18.76
Hernando County,2020-11-17,16.29
Highlands County,2020-11-17,17.15
Hillsborough County,2020-11-17,18.09
Holmes County,2020-11-17,4.27
Indian River County,2020-11-17,18.79
Jackson County,2020-11-17,5.1
Jefferson County,2020-11-17,6.2
Lafayette County,2020-11-17,6.29
Lake County,2020-11-17,14.73
Lee County,2020-11-17,19.23
Leon County,2020-11-17,5.98
Levy County,2020-11-17,10.45
Liberty County,2020-11-17,6.35
Madison County,2020-11-17,5.58
Manatee County,2020-11-17,17.72
Marion County,2020-11-17,12.55
Martin County,2020-11-17,21.35
Miami-Dade County,2020-11-17,21.21
Monroe County,2020-11-17,22.56
Nassau County,2020-11-17,8.48
Okaloosa County,2020-11-17,5.47
Okeechobee County,2020-11-17,18.37
Orange County,2020-11-17,15.21
Osceola County,2020-11-17,15.93
Palm Beach County,2020-11-17,21.05
Pasco County,2020-11-17,16.82
Pinellas County,2020-11-17,20.38
Polk County,2020-11-17,15.83
Putnam County,2020-11-17,12.01
St. Johns County,2020-11-17,12.75
St. Lucie County,2020-11-17,20.44
Santa Rosa County,2020-11-17,6.35
Sarasota County,2020-11-17,17.72
Seminole County,2020-11-17,14.76
Sumter County,2020-11-17,14.82
Suwannee County,2020-11-17,5.68
Taylor County,2020-11-17,7.61
Union County,2020-11-17,7.15
Volusia County,2020-11-17,14.52
Wakulla County,2020-11-17,7.24
Walton County,2020-11-17,5.39
Washington County,2020-11-17,5.6
Alachua County,2020-11-18,8.04
Baker County,2020-11-18,6.42
Bay County,2020-11-18,7.26
Bradford County,2020-11-18,7.81
Brevard County,2020-11-18,14.75
Broward County,2020-11-18,18.91
Calhoun County,2020-11-18,5.97
Charlotte County,2020-11-18,13.58
Citrus County,2020-11-18,10.7
Clay County,2020-11-18,9.26
Collier County,2020-11-18,16.78
Columbia County,2020-11-18,6.13
DeSoto County,2020-11-18,12.3
Dixie County,2020-11-18,7.76
Duval County,2020-11-18,9.09
Escambia County,2020-11-18,5.89
Flagler County,2020-11-18,12.54
Franklin County,2020-11-18,7.36
Gadsden County,2020-11-18,5.68
Gilchrist County,2020-11-18,6.97
Glades County,2020-11-18,14.69
Gulf County,2020-11-18,7.21
Hamilton County,2020-11-18,5.53
Hardee County,2020-11-18,11.84
Hendry County,2020-11-18,15.66
Hernando County,2020-11-18,10.96
Highlands County,2020-11-18,13.33
Hillsborough County,2020-11-18,12.04
Holmes County,2020-11-18,3.91
Indian River County,2020-11-18,15.75
Jackson County,2020-11-18,5.17
Jefferson County,2020-11-18,6.49
Lafayette County,2020-11-18,6.64
Lake County,2020-11-18,11.66
Lee County,2020-11-18,15.02
Leon County,2020-11-18,6.03
Levy County,2020-11-18,8.51
Liberty County,2020-11-18,6.03
Madison County,2020-11-18,6.06
Manatee County,2020-11-18,11.87
Marion County,2020-11-18,10.17
Martin County,2020-11-18,18.96
Miami-Dade County,2020-11-18,20.15
Monroe County,2020-11-18,20.89
Nassau County,2020-11-18,7.56
Okaloosa County,2020-11-18,4.38
Okeechobee County,2020-11-18,14.92
Orange County,2020-11-18,12.26
Osceola County,2020-11-18,12.55
Palm Beach County,2020-11-18,18.89
Pasco County,2020-11-18,10.94
Pinellas County,2020-11-18,13.03
Polk County,2020-11-18,11.61
Putnam County,2020-11-18,10.65
St. Johns County,2020-11-18,11.68
St. Lucie County,2020-11-18,17.69
Santa Rosa County,2020-11-18,5.37
Sarasota County,2020-11-18,11.98
Seminole County,2020-11-18,12.43
Sumter County,2020-11-18,10.79
Suwannee County,2020-11-18,6.17
Taylor County,2020-11-18,7.71
Union County,2020-11-18,6.81
Volusia County,2020-11-18,12.86
Wakulla County,2020-11-18,6.91
Walton County,2020-11-18,4.35
Washington County,2020-11-18,5.13
Alachua County,2020-11-19,8.06
Baker County,2020-11-19,6.32
Bay County,2020-11-19,7.28
Bradford County,2020-11-19,7.79
Brevard County,2020-11-19,17.47
Broward County,2020-11-19,19.31
Calhoun County,2020-11-19,5.88
Charlotte County,2020-11-19,14.69
Citrus County,2020-11-19,10.64
Clay County,2020-11-19,9.5
Collier County,2020-11-19,16.65
Columbia County,2020-11-19,6.13
DeSoto County,2020-11-19,13.64
Dixie County,2020-11-19,8.21
Duval County,2020-11-19,9.44
Escambia County,2020-11-19,5.88
Flagler County,2020-11-19,13.65
Franklin County,2020-11-19,7.97
Gadsden County,2020-11-19,5.78
Gilchrist County,2020-11-19,7.2
Glades County,2020-11-19,15.84
Gulf County,2020-11-19,7.46
Hamilton County,2020-11-19,5.75
Hardee County,2020-11-19,12.82
Hendry County,2020-11-19,16.37
Hernando County,2020-11-19,10.66
Highlands County,2020-11-19,14.82
Hillsborough County,2020-11-19,11.62
Holmes County,2020-11-19,3.48
Indian River County,2020-11-19,17.14
Jackson County,2020-11-19,4.66
Jefferson County,2020-11-19,6.79
Lafayette County,2020-11-19,7.02
Lake County,2020-11-19,11.94
Lee County,2020-11-19,15.73
Leon County,2020-11-19,6.45
Levy County,2020-11-19,8.74
Liberty County,2020-11-19,6.29
Madison County,2020-11-19,6.36
Manatee County,2020-11-19,12.23
Marion County,2020-11-19,10.25
Martin County,2020-11-19,19.32
Miami-Dade County,2020-11-19,19.77
Monroe County,2020-11-19,19.97
Nassau County,2020-11-19,7.51
Okaloosa County,2020-11-19,4.31
Okeechobee County,2020-11-19,16.31
Orange County,2020-11-19,13.58
Osceola County,2020-11-19,14.24
Palm Beach County,2020-11-19,19.57
Pasco County,2020-11-19,10.48
Pinellas County,2020-11-19,12.53
Polk County,2020-11-19,12.22
Putnam County,2020-11-19,10.99
St. Johns County,2020-11-19,12.72
St. Lucie County,2020-11-19,18.31
Santa Rosa County,2020-11-19,5.37
Sarasota County,2020-11-19,12.81
Seminole County,2020-11-19,13.81
Sumter County,2020-11-19,10.75
Suwannee County,2020-11-19,6.44
Taylor County,2020-11-19,8.23
Union County,2020-11-19,6.73
Volusia County,2020-11-19,14.37
Wakulla County,2020-11-19,7.58
Walton County,2020-11-19,4.16
Washington County,2020-11-19,4.82
Alachua County,2020-11-20,9.11
Baker County,2020-11-20,7.0
Bay County,2020-11-20,9.86
Bradford County,2020-11-20,8.78
Brevard County,2020-11-20,18.81
Broward County,2020-11-20,19.23
Calhoun County,2020-11-20,8.53
Charlotte County,2020-11-20,15.84
Citrus County,2020-11-20,12.15
Clay County,2020-11-20,10.66
Collier County,2020-11-20,17.57
Columbia County,2020-11-20,6.75
DeSoto County,2020-11-20,15.13
Dixie County,2020-11-20,9.09
Duval County,2020-11-20,10.11
Escambia County,2020-11-20,7.33
Flagler County,2020-11-20,15.27
Franklin County,2020-11-20,10.12
Gadsden County,2020-11-20,8.51
Gilchrist County,2020-11-20,7.99
Glades County,2020-11-20,16.92
Gulf County,2020-11-20,10.03
Hamilton County,2020-11-20,6.61
Hardee County,2020-11-20,14.75
Hendry County,2020-11-20,17.2
Hernando County,2020-11-20,12.51
Highlands County,2020-11-20,16.38
Hillsborough County,2020-11-20,13.65
Holmes County,2020-11-20,5.26
Indian River County,2020-11-20,18.52
Jackson County,2020-11-20,7.23
Jefferson County,2020-11-20,8.69
Lafayette County,2020-11-20,7.94
Lake County,2020-11-20,14.48
Lee County,2020-11-20,16.7
Leon County,2020-11-20,8.65
Levy County,2020-11-20,9.77
Liberty County,2020-11-20,8.79
Madison County,2020-11-20,7.82
Manatee County,2020-11-20,13.9
Marion County,2020-11-20,12.06
Martin County,2020-11-20,19.56
Miami-Dade County,2020-11-20,20.07
Monroe County,2020-11-20,20.71
Nassau County,2020-11-20,8.08
Okaloosa County,2020-11-20,5.9
Okeechobee County,2020-11-20,17.72
Orange County,2020-11-20,16.2
Osceola County,2020-11-20,16.61
Palm Beach County,2020-11-20,19.46
Pasco County,2020-11-20,12.56
Pinellas County,2020-11-20,14.16
Polk County,2020-11-20,14.64
Putnam County,2020-11-20,12.71
St. Johns County,2020-11-20,13.65
St. Lucie County,2020-11-20,19.05
Santa Rosa County,2020-11-20,6.66
Sarasota County,2020-11-20,14.12
Seminole County,2020-11-20,16.44
Sumter County,2020-11-20,12.77
Suwannee County,2020-11-20,7.24
Taylor County,2020-11-20,9.44
Union County,2020-11-20,7.48
Volusia County,2020-11-20,16.31
Wakulla County,2020-11-20,9.47
Walton County,2020-11-20,6.12
Washington County,2020-11-20,7.03
Alachua County,2020-11-21,14.13
Baker County,2020-11-21,12.73
Bay County,2020-11-21,13.17
Bradford County,2020-11-21,13.98
Brevard County,2020-11-21,19.51
Broward County,2020-11-21,19.81
Calhoun County,2020-11-21,11.78
Charlotte County,2020-11-21,17.32
Citrus County,2020-11-21,15.77
Clay County,2020-11-21,15.47
Collier County,2020-11-21,18.23
Columbia County,2020-11-21,12.51
DeSoto County,2020-11-21,16.84
Dixie County,2020-11-21,14.02
Duval County,2020-11-21,15.26
Escambia County,2020-11-21,10.96
Flagler County,2020-11-21,17.49
Franklin County,2020-11-21,13.39
Gadsden County,2020-11-21,11.54
Gilchrist County,2020-11-21,13.36
Glades County,2020-11-21,18.11
Gulf County,2020-11-21,13.41
Hamilton County,2020-11-21,12.25
Hardee County,2020-11-21,16.8
Hendry County,2020-11-21,18.05
Hernando County,2020-11-21,15.76
Highlands County,2020-11-21,17.94
Hillsborough County,2020-11-21,16.45
Holmes County,2020-11-21,9.06
Indian River County,2020-11-21,19.6
Jackson County,2020-11-21,10.33
Jefferson County,2020-11-21,12.53
Lafayette County,2020-11-21,13.16
Lake County,2020-11-21,16.79
Lee County,2020-11-21,17.84
Leon County,2020-11-21,12.04
Levy County,2020-11-21,14.47
Liberty County,2020-11-21,12.12
Madison County,2020-11-21,12.48
Manatee County,2020-11-21,16.38
Marion County,2020-11-21,15.7
Martin County,2020-11-21,20.46
Miami-Dade County,2020-11-21,20.8
Monroe County,2020-11-21,21.39
Nassau County,2020-11-21,13.86
Okaloosa County,2020-11-21,9.85
Okeechobee County,2020-11-21,19.01
Orange County,2020-11-21,17.73
Osceola County,2020-11-21,18.07
Palm Beach County,2020-11-21,20.11
Pasco County,2020-11-21,15.66
Pinellas County,2020-11-21,17.17
Polk County,2020-11-21,16.82
Putnam County,2020-11-21,16.47
St. Johns County,2020-11-21,17.2
St. Lucie County,2020-11-21,20.09
Santa Rosa County,2020-11-21,10.52
Sarasota County,2020-11-21,16.23
Seminole County,2020-11-21,17.76
Sumter County,2020-11-21,15.71
Suwannee County,2020-11-21,12.76
Taylor County,2020-11-21,13.85
Union County,2020-11-21,12.96
Volusia County,2020-11-21,17.64
Wakulla County,2020-11-21,12.81
Walton County,2020-11-21,9.95
Washington County,2020-11-21,10.83
Alachua County,2020-11-22,16.17
Baker County,2020-11-22,14.88
Bay County,2020-11-22,15.65
Bradford County,2020-11-22,16.33
Brevard County,2020-11-22,19.91
Broward County,2020-11-22,20.22
Calhoun County,2020-11-22,14.01
Charlotte County,2020-11-22,18.23
Citrus County,2020-11-22,17.23
Clay County,2020-11-22,17.95
Collier County,2020-11-22,19.28
Columbia County,2020-11-22,14.19
DeSoto County,2020-11-22,17.71
Dixie County,2020-11-22,15.26
Duval County,2020-11-22,17.76
Escambia County,2020-11-22,12.09
Flagler County,2020-11-22,19.5
Franklin County,2020-11-22,15.27
Gadsden County,2020-11-22,13.06
Gilchrist County,2020-11-22,14.89
Glades County,2020-11-22,18.78
Gulf County,2020-11-22,15.62
Hamilton County,2020-11-22,13.32
Hardee County,2020-11-22,17.56
Hendry County,2020-11-22,18.91
Hernando County,2020-11-22,17.08
Highlands County,2020-11-22,18.5
Hillsborough County,2020-11-22,17.52
Holmes County,2020-11-22,12.18
Indian River County,2020-11-22,19.84
Jackson County,2020-11-22,12.61
Jefferson County,2020-11-22,13.55
Lafayette County,2020-11-22,14.19
Lake County,2020-11-22,17.98
Lee County,2020-11-22,18.81
Leon County,2020-11-22,13.34
Levy County,2020-11-22,16.02
Liberty County,2020-11-22,14.09
Madison County,2020-11-22,13.34
Manatee County,2020-11-22,17.36
Marion County,2020-11-22,17.43
Martin County,2020-11-22,20.72
Miami-Dade County,2020-11-22,20.78
Monroe County,2020-11-22,21.64
Nassau County,2020-11-22,16.1
Okaloosa County,2020-11-22,12.58
Okeechobee County,2020-11-22,19.36
Orange County,2020-11-22,18.53
Osceola County,2020-11-22,18.58
Palm Beach County,2020-11-22,20.57
Pasco County,2020-11-22,16.89
Pinellas County,2020-11-22,18.4
Polk County,2020-11-22,17.5
Putnam County,2020-11-22,18.65
St. Johns County,2020-11-22,19.53
St. Lucie County,2020-11-22,20.27
Santa Rosa County,2020-11-22,12.4
Sarasota County,2020-11-22,17.19
Seminole County,2020-11-22,18.77
Sumter County,2020-11-22,16.99
Suwannee County,2020-11-22,13.87
Taylor County,2020-11-22,14.85
Union County,2020-11-22,15.13
Volusia County,2020-11-22,19.15
Wakulla County,2020-11-22,14.36
Walton County,2020-11-22,13.03
Washington County,2020-11-22,13.55
Alachua County,2020-11-23,16.11
Baker County,2020-11-23,14.61
Bay County,2020-11-23,13.38
Bradford County,2020-11-23,16.0
Brevard County,2020-11-23,19.52
Broward County,2020-11-23,19.64
Calhoun County,2020-11-23,12.31
Charlotte County,2020-11-23,18.53
Citrus County,2020-11-23,17.94
Clay County,2020-11-23,17.48
Collier County,2020-11-23,19.04
Columbia County,2020-11-23,14.0
DeSoto County,2020-11-23,18.41
Dixie County,2020-11-23,14.83
Duval County,2020-11-23,17.04
Escambia County,2020-11-23,11.54
Flagler County,2020-11-23,19.14
Franklin County,2020-11-23,13.49
Gadsden County,2020-11-23,11.78
Gilchrist County,2020-11-23,14.76
Glades County,2020-11-23,18.85
Gulf County,2020-11-23,13.62
Hamilton County,2020-11-23,12.92
Hardee County,2020-11-23,18.44
Hendry County,2020-11-23,18.7
Hernando County,2020-11-23,18.07
Highlands County,2020-11-23,18.9
Hillsborough County,2020-11-23,18.32
Holmes County,2020-11-23,10.01
Indian River County,2020-11-23,19.47
Jackson County,2020-11-23,11.14
Jefferson County,2020-11-23,12.45
Lafayette County,2020-11-23,13.7
Lake County,2020-11-23,19.01
Lee County,2020-11-23,18.78
Leon County,2020-11-23,12.17
Levy County,2020-11-23,16.07
Liberty County,2020-11-23,12.59
Madison County,2020-11-23,12.51
Manatee County,2020-11-23,18.08
Marion County,2020-11-23,17.95
Martin County,2020-11-23,19.99
Miami-Dade County,2020-11-23,20.64
Monroe County,2020-11-23,21.34
Nassau County,2020-11-23,15.59
Okaloosa County,2020-11-23,11.01
Okeechobee County,2020-11-23,19.28
Orange County,2020-11-23,19.28
Osceola County,2020-11-23,19.09
Palm Beach County,2020-11-23,19.89
Pasco County,2020-11-23,17.96
Pinellas County,2020-11-23,18.5
Polk County,2020-11-23,18.52
Putnam County,2020-11-23,18.53
St. Johns County,2020-11-23,18.74
St. Lucie County,2020-11-23,19.68
Santa Rosa County,2020-11-23,11.5
Sarasota County,2020-11-23,17.75
Seminole County,2020-11-23,19.28
Sumter County,2020-11-23,18.31
Suwannee County,2020-11-23,13.46
Taylor County,2020-11-23,13.96
Union County,2020-11-23,14.9
Volusia County,2020-11-23,19.07
Wakulla County,2020-11-23,13.07
Walton County,2020-11-23,10.84
Washington County,2020-11-23,11.34
Alachua County,2020-11-24,10.78
Baker County,2020-11-24,9.27
Bay County,2020-11-24,8.01
Bradford County,2020-11-24,10.63
Brevard County,2020-11-24,16.4
Broward County,2020-11-24,18.42
Calhoun County,2020-11-24,6.97
Charlotte County,2020-11-24,16.22
Citrus County,2020-11-24,14.4
Clay County,2020-11-24,12.48
Collier County,2020-11-24,17.66
Columbia County,2020-11-24,8.69
DeSoto County,2020-11-24,15.43
Dixie County,2020-11-24,10.53
Duval County,2020-11-24,12.5
Escambia County,2020-11-24,4.83
Flagler County,2020-11-24,15.29
Franklin County,2020-11-24,9.55
Gadsden County,2020-11-24,6.73
Gilchrist County,2020-11-24,9.6
Glades County,2020-11-24,16.39
Gulf County,2020-11-24,9.2
Hamilton County,2020-11-24,8.2
Hardee County,2020-11-24,15.36
Hendry County,2020-11-24,16.93
Hernando County,2020-11-24,14.98
Highlands County,2020-11-24,15.92
Hillsborough County,2020-11-24,16.13
Holmes County,2020-11-24,3.6
Indian River County,2020-11-24,16.15
Jackson County,2020-11-24,5.3
Jefferson County,2020-11-24,8.34
Lafayette County,2020-11-24,8.92
Lake County,2020-11-24,14.68
Lee County,2020-11-24,16.98
Leon County,2020-11-24,7.55
Levy County,2020-11-24,11.73
Liberty County,2020-11-24,7.59
Madison County,2020-11-24,8.29
Manatee County,2020-11-24,15.67
Marion County,2020-11-24,13.18
Martin County,2020-11-24,17.66
Miami-Dade County,2020-11-24,19.5
Monroe County,2020-11-24,20.74
Nassau County,2020-11-24,10.71
Okaloosa County,2020-11-24,3.81
Okeechobee County,2020-11-24,16.27
Orange County,2020-11-24,15.11
Osceola County,2020-11-24,15.31
Palm Beach County,2020-11-24,18.2
Pasco County,2020-11-24,15.18
Pinellas County,2020-11-24,17.74
Polk County,2020-11-24,15.13
Putnam County,2020-11-24,13.7
St. Johns County,2020-11-24,15.02
St. Lucie County,2020-11-24,16.82
Santa Rosa County,2020-11-24,4.44
Sarasota County,2020-11-24,15.42
Seminole County,2020-11-24,15.03
Sumter County,2020-11-24,14.2
Suwannee County,2020-11-24,8.54
Taylor County,2020-11-24,9.83
Union County,2020-11-24,9.43
Volusia County,2020-11-24,15.25
Wakulla County,2020-11-24,8.61
Walton County,2020-11-24,4.08
Washington County,2020-11-24,5.23
Alachua County,2020-11-25,11.08
Baker County,2020-11-25,9.2
Bay County,2020-11-25,9.8
Bradford County,2020-11-25,10.48
Brevard County,2020-11-25,16.95
Broward County,2020-11-25,19.0
Calhoun County,2020-11-25,9.17
Charlotte County,2020-11-25,15.72
Citrus County,2020-11-25,13.88
Clay County,2020-11-25,11.97
Collier County,2020-11-25,17.08
Columbia County,2020-11-25,9.4
DeSoto County,2020-11-25,15.03
Dixie County,2020-11-25,12.27
Duval County,2020-11-25,11.82
Escambia County,2020-11-25,5.91
Flagler County,2020-11-25,15.69
Franklin County,2020-11-25,11.24
Gadsden County,2020-11-25,10.37
Gilchrist County,2020-11-25,10.94
Glades County,2020-11-25,16.31
Gulf County,2020-11-25,10.42
Hamilton County,2020-11-25,9.69
Hardee County,2020-11-25,14.85
Hendry County,2020-11-25,16.61
Hernando County,2020-11-25,13.73
Highlands County,2020-11-25,15.9
Hillsborough County,2020-11-25,14.36
Holmes County,2020-11-25,5.03
Indian River County,2020-11-25,16.42
Jackson County,2020-11-25,8.19
Jefferson County,2020-11-25,11.82
Lafayette County,2020-11-25,10.94
Lake County,2020-11-25,14.45
Lee County,2020-11-25,16.55
Leon County,2020-11-25,11.1
Levy County,2020-11-25,12.6
Liberty County,2020-11-25,9.77
Madison County,2020-11-25,11.13
Manatee County,2020-11-25,14.28
Marion County,2020-11-25,13.1
Martin County,2020-11-25,18.32
Miami-Dade County,2020-11-25,19.8
Monroe County,2020-11-25,20.25
Nassau County,2020-11-25,10.12
Okaloosa County,2020-11-25,4.18
Okeechobee County,2020-11-25,16.41
Orange County,2020-11-25,15.21
Osceola County,2020-11-25,15.36
Palm Beach County,2020-11-25,18.87
Pasco County,2020-11-25,13.51
Pinellas County,2020-11-25,15.38
Polk County,2020-11-25,14.61
Putnam County,2020-11-25,13.48
St. Johns County,2020-11-25,14.87
St. Lucie County,2020-11-25,17.23
Santa Rosa County,2020-11-25,4.98
Sarasota County,2020-11-25,14.29
Seminole County,2020-11-25,15.4
Sumter County,2020-11-25,13.48
Suwannee County,2020-11-25,10.2
Taylor County,2020-11-25,12.44
Union County,2020-11-25,9.66
Volusia County,2020-11-25,15.93
Wakulla County,2020-11-25,11.4
Walton County,2020-11-25,4.92
Washington County,2020-11-25,7.0
Alachua County,2020-11-26,13.73
Baker County,2020-11-26,13.01
Bay County,2020-11-26,15.62
Bradford County,2020-11-26,13.78
Brevard County,2020-11-26,17.0
Broward County,2020-11-26,19.0
Calhoun County,2020-11-26,14.33
Charlotte County,2020-11-26,16.68
Citrus County,2020-11-26,15.18
Clay County,2020-11-26,15.3
Collier County,2020-11-26,18.06
Columbia County,2020-11-26,12.8
DeSoto County,2020-11-26,15.55
Dixie County,2020-11-26,14.2
Duval County,2020-11-26,15.43
Escambia County,2020-11-26,17.13
Flagler County,2020-11-26,16.82
Franklin County,2020-11-26,15.91
Gadsden County,2020-11-26,14.33
Gilchrist County,2020-11-26,13.25
Glades County,2020-11-26,16.4
Gulf County,2020-11-26,16.19
Hamilton County,2020-11-26,13.16
Hardee County,2020-11-26,15.22
Hendry County,2020-11-26,17.08
Hernando County,2020-11-26,15.09
Highlands County,2020-11-26,15.73
Hillsborough County,2020-11-26,15.62
Holmes County,2020-11-26,11.21
Indian River County,2020-11-26,16.77
Jackson County,2020-11-26,12.68
Jefferson County,2020-11-26,14.86
Lafayette County,2020-11-26,13.67
Lake County,2020-11-26,15.65
Lee County,2020-11-26,17.71
Leon County,2020-11-26,14.68
Levy County,2020-11-26,14.1
Liberty County,2020-11-26,14.91
Madison County,2020-11-26,14.2
Manatee County,2020-11-26,15.68
Marion County,2020-11-26,14.97
Martin County,2020-11-26,18.63
Miami-Dade County,2020-11-26,19.82
Monroe County,2020-11-26,21.06
Nassau County,2020-11-26,14.32
Okaloosa County,2020-11-26,14.11
Okeechobee County,2020-11-26,16.39
Orange County,2020-11-26,15.93
Osceola County,2020-11-26,15.66
Palm Beach County,2020-11-26,18.95
Pasco County,2020-11-26,14.95
Pinellas County,2020-11-26,16.88
Polk County,2020-11-26,15.06
Putnam County,2020-11-26,15.94
St. Johns County,2020-11-26,16.94
St. Lucie County,2020-11-26,17.67
Santa Rosa County,2020-11-26,15.94
Sarasota County,2020-11-26,15.85
Seminole County,2020-11-26,16.11
Sumter County,2020-11-26,14.91
Suwannee County,2020-11-26,13.27
Taylor County,2020-11-26,15.09
Union County,2020-11-26,12.95
Volusia County,2020-11-26,16.47
Wakulla County,2020-11-26,15.22
Walton County,2020-11-26,12.93
Washington County,2020-11-26,12.89
Alachua County,2020-11-27,14.63
Baker County,2020-11-27,14.18
Bay County,2020-11-27,17.92
Bradford County,2020-11-27,14.53
Brevard County,2020-11-27,16.88
Broward County,2020-11-27,18.5
Calhoun County,2020-11-27,17.09
Charlotte County,2020-11-27,16.2
Citrus County,2020-11-27,16.5
Clay County,2020-11-27,15.63
Collier County,2020-11-27,17.38
Columbia County,2020-11-27,14.24
DeSoto County,2020-11-27,15.5
Dixie County,2020-11-27,15.41
Duval County,2020-11-27,15.78
Escambia County,2020-11-27,18.71
Flagler County,2020-11-27,16.83
Franklin County,2020-11-27,16.61
Gadsden County,2020-11-27,16.83
Gilchrist County,2020-11-27,14.48
Glades County,2020-11-27,15.91
Gulf County,2020-11-27,17.27
Hamilton County,2020-11-27,15.04
Hardee County,2020-11-27,15.6
Hendry County,2020-11-27,16.51
Hernando County,2020-11-27,16.65
Highlands County,2020-11-27,15.65
Hillsborough County,2020-11-27,16.89
Holmes County,2020-11-27,16.87
Indian River County,2020-11-27,16.1
Jackson County,2020-11-27,16.89
Jefferson County,2020-11-27,16.69
Lafayette County,2020-11-27,15.18
Lake County,2020-11-27,16.38
Lee County,2020-11-27,16.89
Leon County,2020-11-27,16.76
Levy County,2020-11-27,15.21
Liberty County,2020-11-27,16.79
Madison County,2020-11-27,16.04
Manatee County,2020-11-27,16.34
Marion County,2020-11-27,15.73
Martin County,2020-11-27,17.26
Miami-Dade County,2020-11-27,19.39
Monroe County,2020-11-27,20.29
Nassau County,2020-11-27,15.16
Okaloosa County,2020-11-27,18.02
Okeechobee County,2020-11-27,16.01
Orange County,2020-11-27,16.41
Osceola County,2020-11-27,15.96
Palm Beach County,2020-11-27,18.08
Pasco County,2020-11-27,16.57
Pinellas County,2020-11-27,18.45
Polk County,2020-11-27,15.76
Putnam County,2020-11-27,16.16
St. Johns County,2020-11-27,16.81
St. Lucie County,2020-11-27,16.45
Santa Rosa County,2020-11-27,18.64
Sarasota County,2020-11-27,16.0
Seminole County,2020-11-27,16.52
Sumter County,2020-11-27,16.05
Suwannee County,2020-11-27,14.91
Taylor County,2020-11-27,16.5
Union County,2020-11-27,14.02
Volusia County,2020-11-27,16.7
Wakulla County,2020-11-27,16.65
Walton County,2020-11-27,17.36
Washington County,2020-11-27,17.43
Alachua County,2020-11-28,16.12
Baker County,2020-11-28,16.21
Bay County,2020-11-28,18.47
Bradford County,2020-11-28,16.22
Brevard County,2020-11-28,17.5
Broward County,2020-11-28,18.46
Calhoun County,2020-11-28,17.42
Charlotte County,2020-11-28,15.88
Citrus County,2020-11-28,17.0
Clay County,2020-11-28,17.21
Collier County,2020-11-28,17.64
Columbia County,2020-11-28,16.36
DeSoto County,2020-11-28,15.26
Dixie County,2020-11-28,16.9
Duval County,2020-11-28,17.11
Escambia County,2020-11-28,17.9
Flagler County,2020-11-28,18.02
Franklin County,2020-11-28,17.44
Gadsden County,2020-11-28,17.62
Gilchrist County,2020-11-28,16.16
Glades County,2020-11-28,16.02
Gulf County,2020-11-28,17.73
Hamilton County,2020-11-28,17.13
Hardee County,2020-11-28,15.42
Hendry County,2020-11-28,16.68
Hernando County,2020-11-28,16.78
Highlands County,2020-11-28,15.74
Hillsborough County,2020-11-28,16.64
Holmes County,2020-11-28,16.59
Indian River County,2020-11-28,16.8
Jackson County,2020-11-28,17.11
Jefferson County,2020-11-28,18.15
Lafayette County,2020-11-28,17.02
Lake County,2020-11-28,17.02
Lee County,2020-11-28,16.63
Leon County,2020-11-28,17.94
Levy County,2020-11-28,16.34
Liberty County,2020-11-28,17.36
Madison County,2020-11-28,17.77
Manatee County,2020-11-28,15.94
Marion County,2020-11-28,16.75
Martin County,2020-11-28,17.5
Miami-Dade County,2020-11-28,19.84
Monroe County,2020-11-28,20.69
Nassau County,2020-11-28,16.59
Okaloosa County,2020-11-28,17.64
Okeechobee County,2020-11-28,16.45
Orange County,2020-11-28,17.01
Osceola County,2020-11-28,16.46
Palm Beach County,2020-11-28,17.98
Pasco County,2020-11-28,16.48
Pinellas County,2020-11-28,17.88
Polk County,2020-11-28,15.84
Putnam County,2020-11-28,17.58
St. Johns County,2020-11-28,18.1
St. Lucie County,2020-11-28,17.02
Santa Rosa County,2020-11-28,18.08
Sarasota County,2020-11-28,15.49
Seminole County,2020-11-28,17.28
Sumter County,2020-11-28,16.51
Suwannee County,2020-11-28,16.94
Taylor County,2020-11-28,18.17
Union County,2020-11-28,15.91
Volusia County,2020-11-28,17.61
Wakulla County,2020-11-28,17.86
Walton County,2020-11-28,17.24
Washington County,2020-11-28,17.46
Alachua County,2020-11-29,16.61
Baker County,2020-11-29,15.2
Bay County,2020-11-29,17.07
Bradford County,2020-11-29,16.47
Brevard County,2020-11-29,18.09
Broward County,2020-11-29,18.24
Calhoun County,2020-11-29,16.6
Charlotte County,2020-11-29,16.12
Citrus County,2020-11-29,17.55
Clay County,2020-11-29,17.79
Collier County,2020-11-29,17.61
Columbia County,2020-11-29,14.99
DeSoto County,2020-11-29,15.5
Dixie County,2020-11-29,16.3
Duval County,2020-11-29,17.11
Escambia County,2020-11-29,14.98
Flagler County,2020-11-29,19.24
Franklin County,2020-11-29,16.46
Gadsden County,2020-11-29,16.12
Gilchrist County,2020-11-29,15.84
Glades County,2020-11-29,16.11
Gulf County,2020-11-29,16.97
Hamilton County,2020-11-29,14.7
Hardee County,2020-11-29,15.47
Hendry County,2020-11-29,16.67
Hernando County,2020-11-29,17.13
Highlands County,2020-11-29,15.81
Hillsborough County,2020-11-29,16.64
Holmes County,2020-11-29,14.87
Indian River County,2020-11-29,17.09
Jackson County,2020-11-29,15.84
Jefferson County,2020-11-29,15.87
Lafayette County,2020-11-29,15.62
Lake County,2020-11-29,17.76
Lee County,2020-11-29,16.81
Leon County,2020-11-29,16.04
Levy County,2020-11-29,16.7
Liberty County,2020-11-29,16.52
Madison County,2020-11-29,15.33
Manatee County,2020-11-29,16.02
Marion County,2020-11-29,17.73
Martin County,2020-11-29,17.63
Miami-Dade County,2020-11-29,19.25
Monroe County,2020-11-29,20.17
Nassau County,2020-11-29,15.63
Okaloosa County,2020-11-29,14.98
Okeechobee County,2020-11-29,16.5
Orange County,2020-11-29,17.64
Osceola County,2020-11-29,16.66
Palm Beach County,2020-11-29,17.94
Pasco County,2020-11-29,16.66
Pinellas County,2020-11-29,17.73
Polk County,2020-11-29,15.85
Putnam County,2020-11-29,18.69
St. Johns County,2020-11-29,19.0
St. Lucie County,2020-11-29,17.26
Santa Rosa County,2020-11-29,15.12
Sarasota County,2020-11-29,15.68
Seminole County,2020-11-29,18.19
Sumter County,2020-11-29,17.1
Suwannee County,2020-11-29,15.16
Taylor County,2020-11-29,16.44
Union County,2020-11-29,15.53
Volusia County,2020-11-29,18.73
Wakulla County,2020-11-29,16.38
Walton County,2020-11-29,15.12
Washington County,2020-11-29,16.03
Alachua County,2020-11-30,16.1
Baker County,2020-11-30,14.7
Bay County,2020-11-30,13.06
Bradford County,2020-11-30,15.94
Brevard County,2020-11-30,19.04
Broward County,2020-11-30,18.09
Calhoun County,2020-11-30,12.27
Charlotte County,2020-11-30,17.35
Citrus County,2020-11-30,17.99
Clay County,2020-11-30,17.49
Collier County,2020-11-30,16.88
Columbia County,2020-11-30,14.3
DeSoto County,2020-11-30,17.11
Dixie County,2020-11-30,15.36
Duval County,2020-11-30,16.97
Escambia County,2020-11-30,9.9
Flagler County,2020-11-30,19.76
Franklin County,2020-11-30,13.67
Gadsden County,2020-11-30,12.18
Gilchrist County,2020-11-30,14.98
Glades County,2020-11-30,17.18
Gulf County,2020-11-30,13.61
Hamilton County,2020-11-30,14.16
Hardee County,2020-11-30,17.04
Hendry County,2020-11-30,16.62
Hernando County,2020-11-30,17.91
Highlands County,2020-11-30,17.3
Hillsborough County,2020-11-30,17.72
Holmes County,2020-11-30,9.73
Indian River County,2020-11-30,17.93
Jackson County,2020-11-30,10.75
Jefferson County,2020-11-30,14.05
Lafayette County,2020-11-30,14.51
Lake County,2020-11-30,18.57
Lee County,2020-11-30,17.4
Leon County,2020-11-30,13.25
Levy County,2020-11-30,16.3
Liberty County,2020-11-30,12.79
Madison County,2020-11-30,14.23
Manatee County,2020-11-30,17.23
Marion County,2020-11-30,17.94
Martin County,2020-11-30,18.39
Miami-Dade County,2020-11-30,18.8
Monroe County,2020-11-30,18.95
Nassau County,2020-11-30,15.53
Okaloosa County,2020-11-30,10.31
Okeechobee County,2020-11-30,17.48
Orange County,2020-11-30,18.52
Osceola County,2020-11-30,17.6
Palm Beach County,2020-11-30,18.3
Pasco County,2020-11-30,17.58
Pinellas County,2020-11-30,18.57
Polk County,2020-11-30,17.06
Putnam County,2020-11-30,18.71
St. Johns County,2020-11-30,19.17
St. Lucie County,2020-11-30,18.08
Santa Rosa County,2020-11-30,10.33
Sarasota County,2020-11-30,16.87
Seminole County,2020-11-30,19.0
Sumter County,2020-11-30,17.91
Suwannee County,2020-11-30,14.28
Taylor County,2020-11-30,15.13
Union County,2020-11-30,14.85
Volusia County,2020-11-30,19.5
Wakulla County,2020-11-30,13.78
Walton County,2020-11-30,10.43
Washington County,2020-11-30,11.26
Alachua County,2020-12-01,3.97
Baker County,2020-12-01,3.07
Bay County,2020-12-01,0.4
Bradford County,2020-12-01,4.65
Brevard County,2020-12-01,8.14
Broward County,2020-12-01,13.57
Calhoun County,2020-12-01,0.07
Charlotte County,2020-12-01,11.38
Citrus County,2020-12-01,6.39
Clay County,2020-12-01,6.54
Collier County,2020-12-01,13.12
Columbia County,2020-12-01,1.2
DeSoto County,2020-12-01,9.57
Dixie County,2020-12-01,1.66
Duval County,2020-12-01,6.89
Escambia County,2020-12-01,-0.35
Flagler County,2020-12-01,6.13
Franklin County,2020-12-01,1.65
Gadsden County,2020-12-01,-0.14
Gilchrist County,2020-12-01,1.44
Glades County,2020-12-01,10.42
Gulf County,2020-12-01,1.33
Hamilton County,2020-12-01,-0.51
Hardee County,2020-12-01,8.85
Hendry County,2020-12-01,11.33
Hernando County,2020-12-01,8.39
Highlands County,2020-12-01,8.71
Hillsborough County,2020-12-01,12.26
Holmes County,2020-12-01,-2.08
Indian River County,2020-12-01,9.03
Jackson County,2020-12-01,-0.67
Jefferson County,2020-12-01,-0.07
Lafayette County,2020-12-01,-0.25
Lake County,2020-12-01,6.35
Lee County,2020-12-01,13.0
Leon County,2020-12-01,0.02
Levy County,2020-12-01,3.81
Liberty County,2020-12-01,0.68
Madison County,2020-12-01,-0.74
Manatee County,2020-12-01,12.31
Marion County,2020-12-01,4.95
Martin County,2020-12-01,11.65
Miami-Dade County,2020-12-01,15.17
Monroe County,2020-12-01,15.37
Nassau County,2020-12-01,5.21
Okaloosa County,2020-12-01,-1.09
Okeechobee County,2020-12-01,9.5
Orange County,2020-12-01,7.37
Osceola County,2020-12-01,8.14
Palm Beach County,2020-12-01,12.43
Pasco County,2020-12-01,10.19
Pinellas County,2020-12-01,15.89
Polk County,2020-12-01,8.47
Putnam County,2020-12-01,6.33
St. Johns County,2020-12-01,7.19
St. Lucie County,2020-12-01,10.34
Santa Rosa County,2020-12-01,-0.79
Sarasota County,2020-12-01,12.3
Seminole County,2020-12-01,7.19
Sumter County,2020-12-01,6.15
Suwannee County,2020-12-01,-0.37
Taylor County,2020-12-01,0.72
Union County,2020-12-01,2.92
Volusia County,2020-12-01,6.25
Wakulla County,2020-12-01,0.92
Walton County,2020-12-01,-1.31
Washington County,2020-12-01,-1.07
Alachua County,2020-12-02,-1.45
Baker County,2020-12-02,-1.89
Bay County,2020-12-02,0.43
Bradford County,2020-12-02,-1.02
Brevard County,2020-12-02,4.2
Broward County,2020-12-02,9.43
Calhoun County,2020-12-02,-0.41
Charlotte County,2020-12-02,4.24
Citrus County,2020-12-02,0.5
Clay County,2020-12-02,0.83
Collier County,2020-12-02,7.48
Columbia County,2020-12-02,-2.89
DeSoto County,2020-12-02,3.49
Dixie County,2020-12-02,-2.4
Duval County,2020-12-02,1.3
Escambia County,2020-12-02,-1.66
Flagler County,2020-12-02,2.48
Franklin County,2020-12-02,0.07
Gadsden County,2020-12-02,-1.34
Gilchrist County,2020-12-02,-2.88
Glades County,2020-12-02,4.6
Gulf County,2020-12-02,0.6
Hamilton County,2020-12-02,-3.18
Hardee County,2020-12-02,3.76
Hendry County,2020-12-02,6.26
Hernando County,2020-12-02,2.17
Highlands County,2020-12-02,3.26
Hillsborough County,2020-12-02,5.33
Holmes County,2020-12-02,-2.48
Indian River County,2020-12-02,4.47
Jackson County,2020-12-02,-1.41
Jefferson County,2020-12-02,-1.71
Lafayette County,2020-12-02,-3.24
Lake County,2020-12-02,2.97
Lee County,2020-12-02,5.9
Leon County,2020-12-02,-1.5
Levy County,2020-12-02,-1.44
Liberty County,2020-12-02,-0.46
Madison County,2020-12-02,-2.53
Manatee County,2020-12-02,4.82
Marion County,2020-12-02,0.22
Martin County,2020-12-02,7.53
Miami-Dade County,2020-12-02,10.97
Monroe County,2020-12-02,11.63
Nassau County,2020-12-02,0.23
Okaloosa County,2020-12-02,-2.0
Okeechobee County,2020-12-02,4.51
Orange County,2020-12-02,4.18
Osceola County,2020-12-02,4.32
Palm Beach County,2020-12-02,8.5
Pasco County,2020-12-02,3.64
Pinellas County,2020-12-02,6.41
Polk County,2020-12-02,4.6
Putnam County,2020-12-02,1.39
St. Johns County,2020-12-02,2.45
St. Lucie County,2020-12-02,5.88
Santa Rosa County,2020-12-02,-2.15
Sarasota County,2020-12-02,4.11
Seminole County,2020-12-02,4.07
Sumter County,2020-12-02,1.71
Suwannee County,2020-12-02,-3.34
Taylor County,2020-12-02,-1.84
Union County,2020-12-02,-2.22
Volusia County,2020-12-02,3.05
Wakulla County,2020-12-02,-0.96
Walton County,2020-12-02,-1.68
Washington County,2020-12-02,-1.19
Alachua County,2020-12-03,-1.53
Baker County,2020-12-03,-2.74
Bay County,2020-12-03,0.98
Bradford County,2020-12-03,-1.69
Brevard County,2020-12-03,6.07
Broward County,2020-12-03,9.68
Calhoun County,2020-12-03,-0.15
Charlotte County,2020-12-03,4.98
Citrus County,2020-12-03,1.26
Clay County,2020-12-03,0.05
Collier County,2020-12-03,7.92
Columbia County,2020-12-03,-3.17
DeSoto County,2020-12-03,4.44
Dixie County,2020-12-03,-1.88
Duval County,2020-12-03,0.48
Escambia County,2020-12-03,-0.12
Flagler County,2020-12-03,2.7
Franklin County,2020-12-03,-0.81
Gadsden County,2020-12-03,-0.71
Gilchrist County,2020-12-03,-2.42
Glades County,2020-12-03,6.4
Gulf County,2020-12-03,-0.07
Hamilton County,2020-12-03,-3.27
Hardee County,2020-12-03,4.06
Hendry County,2020-12-03,7.49
Hernando County,2020-12-03,2.14
Highlands County,2020-12-03,5.07
Hillsborough County,2020-12-03,3.76
Holmes County,2020-12-03,-1.59
Indian River County,2020-12-03,5.79
Jackson County,2020-12-03,-0.12
Jefferson County,2020-12-03,-1.29
Lafayette County,2020-12-03,-2.76
Lake County,2020-12-03,3.2
Lee County,2020-12-03,6.6
Leon County,2020-12-03,-1.21
Levy County,2020-12-03,-0.76
Liberty County,2020-12-03,-0.86
Madison County,2020-12-03,-2.09
Manatee County,2020-12-03,3.64
Marion County,2020-12-03,0.63
Martin County,2020-12-03,7.84
Miami-Dade County,2020-12-03,12.17
Monroe County,2020-12-03,12.18
Nassau County,2020-12-03,-0.72
Okaloosa County,2020-12-03,-1.43
Okeechobee County,2020-12-03,6.05
Orange County,2020-12-03,4.85
Osceola County,2020-12-03,5.38
Palm Beach County,2020-12-03,8.58
Pasco County,2020-12-03,2.75
Pinellas County,2020-12-03,4.04
Polk County,2020-12-03,4.56
Putnam County,2020-12-03,1.07
St. Johns County,2020-12-03,2.23
St. Lucie County,2020-12-03,6.73
Santa Rosa County,2020-12-03,-1.29
Sarasota County,2020-12-03,3.43
Seminole County,2020-12-03,4.79
Sumter County,2020-12-03,2.25
Suwannee County,2020-12-03,-3.08
Taylor County,2020-12-03,-1.49
Union County,2020-12-03,-2.7
Volusia County,2020-12-03,3.92
Wakulla County,2020-12-03,-1.24
Walton County,2020-12-03,-1.04
Washington County,2020-12-03,-0.45
Alachua County,2020-12-04,3.04
Baker County,2020-12-04,1.11
Bay County,2020-12-04,5.6
Bradford County,2020-12-04,2.49
Brevard County,2020-12-04,11.27
Broward County,2020-12-04,13.13
Calhoun County,2020-12-04,3.08
Charlotte County,2020-12-04,10.65
Citrus County,2020-12-04,7.09
Clay County,2020-12-04,4.14
Collier County,2020-12-04,11.32
Columbia County,2020-12-04,1.02
DeSoto County,2020-12-04,9.38
Dixie County,2020-12-04,3.49
Duval County,2020-12-04,4.52
Escambia County,2020-12-04,6.21
Flagler County,2020-12-04,8.75
Franklin County,2020-12-04,5.16
Gadsden County,2020-12-04,3.79
Gilchrist County,2020-12-04,2.25
Glades County,2020-12-04,10.76
Gulf County,2020-12-04,4.59
Hamilton County,2020-12-04,0.58
Hardee County,2020-12-04,8.17
Hendry County,2020-12-04,11.39
Hernando County,2020-12-04,7.05
Highlands County,2020-12-04,8.93
Hillsborough County,2020-12-04,7.67
Holmes County,2020-12-04,1.02
Indian River County,2020-12-04,9.74
Jackson County,2020-12-04,2.61
Jefferson County,2020-12-04,4.32
Lafayette County,2020-12-04,1.8
Lake County,2020-12-04,8.02
Lee County,2020-12-04,12.03
Leon County,2020-12-04,4.26
Levy County,2020-12-04,4.75
Liberty County,2020-12-04,3.16
Madison County,2020-12-04,2.5
Manatee County,2020-12-04,8.09
Marion County,2020-12-04,5.83
Martin County,2020-12-04,12.52
Miami-Dade County,2020-12-04,14.13
Monroe County,2020-12-04,14.9
Nassau County,2020-12-04,2.86
Okaloosa County,2020-12-04,3.99
Okeechobee County,2020-12-04,9.21
Orange County,2020-12-04,9.0
Osceola County,2020-12-04,8.65
Palm Beach County,2020-12-04,12.7
Pasco County,2020-12-04,6.71
Pinellas County,2020-12-04,8.02
Polk County,2020-12-04,8.07
Putnam County,2020-12-04,5.8
St. Johns County,2020-12-04,8.05
St. Lucie County,2020-12-04,11.14
Santa Rosa County,2020-12-04,4.92
Sarasota County,2020-12-04,8.84
Seminole County,2020-12-04,9.24
Sumter County,2020-12-04,7.42
Suwannee County,2020-12-04,1.16
Taylor County,2020-12-04,4.2
Union County,2020-12-04,1.58
Volusia County,2020-12-04,9.55
Wakulla County,2020-12-04,4.77
Walton County,2020-12-04,3.35
Washington County,2020-12-04,2.5
Alachua County,2020-12-05,10.4
Baker County,2020-12-05,8.09
Bay County,2020-12-05,5.09
Bradford County,2020-12-05,10.66
Brevard County,2020-12-05,16.88
Broward County,2020-12-05,17.65
Calhoun County,2020-12-05,4.86
Charlotte County,2020-12-05,15.61
Citrus County,2020-12-05,11.78
Clay County,2020-12-05,12.99
Collier County,2020-12-05,16.5
Columbia County,2020-12-05,6.61
DeSoto County,2020-12-05,14.95
Dixie County,2020-12-05,7.57
Duval County,2020-12-05,12.25
Escambia County,2020-12-05,4.15
Flagler County,2020-12-05,15.44
Franklin County,2020-12-05,6.1
Gadsden County,2020-12-05,5.62
Gilchrist County,2020-12-05,7.68
Glades County,2020-12-05,16.16
Gulf County,2020-12-05,5.56
Hamilton County,2020-12-05,4.7
Hardee County,2020-12-05,14.78
Hendry County,2020-12-05,16.34
Hernando County,2020-12-05,12.94
Highlands County,2020-12-05,15.45
Hillsborough County,2020-12-05,15.4
Holmes County,2020-12-05,0.85
Indian River County,2020-12-05,16.23
Jackson County,2020-12-05,3.89
Jefferson County,2020-12-05,5.92
Lafayette County,2020-12-05,6.01
Lake County,2020-12-05,15.16
Lee County,2020-12-05,16.78
Leon County,2020-12-05,5.83
Levy County,2020-12-05,9.71
Liberty County,2020-12-05,5.44
Madison County,2020-12-05,5.16
Manatee County,2020-12-05,15.02
Marion County,2020-12-05,12.68
Martin County,2020-12-05,17.41
Miami-Dade County,2020-12-05,18.26
Monroe County,2020-12-05,18.34
Nassau County,2020-12-05,9.63
Okaloosa County,2020-12-05,2.73
Okeechobee County,2020-12-05,16.14
Orange County,2020-12-05,16.59
Osceola County,2020-12-05,16.52
Palm Beach County,2020-12-05,17.46
Pasco County,2020-12-05,13.96
Pinellas County,2020-12-05,15.88
Polk County,2020-12-05,15.69
Putnam County,2020-12-05,14.37
St. Johns County,2020-12-05,14.98
St. Lucie County,2020-12-05,16.72
Santa Rosa County,2020-12-05,3.4
Sarasota County,2020-12-05,14.75
Seminole County,2020-12-05,16.73
Sumter County,2020-12-05,13.34
Suwannee County,2020-12-05,5.55
Taylor County,2020-12-05,6.75
Union County,2020-12-05,8.62
Volusia County,2020-12-05,15.93
Wakulla County,2020-12-05,6.27
Walton County,2020-12-05,2.36
Washington County,2020-12-05,2.85
Alachua County,2020-12-06,6.07
Baker County,2020-12-06,5.21
Bay County,2020-12-06,5.21
Bradford County,2020-12-06,5.99
Brevard County,2020-12-06,10.32
Broward County,2020-12-06,18.62
Calhoun County,2020-12-06,4.48
Charlotte County,2020-12-06,11.75
Citrus County,2020-12-06,8.15
Clay County,2020-12-06,7.41
Collier County,2020-12-06,16.83
Columbia County,2020-12-06,5.17
DeSoto County,2020-12-06,10.02
Dixie County,2020-12-06,6.72
Duval County,2020-12-06,7.7
Escambia County,2020-12-06,4.7
Flagler County,2020-12-06,8.91
Franklin County,2020-12-06,5.95
Gadsden County,2020-12-06,4.7
Gilchrist County,2020-12-06,5.83
Glades County,2020-12-06,12.85
Gulf County,2020-12-06,5.84
Hamilton County,2020-12-06,5.12
Hardee County,2020-12-06,9.23
Hendry County,2020-12-06,15.29
Hernando County,2020-12-06,9.3
Highlands County,2020-12-06,10.18
Hillsborough County,2020-12-06,11.18
Holmes County,2020-12-06,2.16
Indian River County,2020-12-06,11.53
Jackson County,2020-12-06,3.58
Jefferson County,2020-12-06,6.07
Lafayette County,2020-12-06,6.12
Lake County,2020-12-06,9.63
Lee County,2020-12-06,14.49
Leon County,2020-12-06,5.25
Levy County,2020-12-06,6.9
Liberty County,2020-12-06,5.02
Madison County,2020-12-06,6.04
Manatee County,2020-12-06,10.54
Marion County,2020-12-06,7.33
Martin County,2020-12-06,16.16
Miami-Dade County,2020-12-06,19.29
Monroe County,2020-12-06,18.97
Nassau County,2020-12-06,6.43
Okaloosa County,2020-12-06,4.04
Okeechobee County,2020-12-06,11.91
Orange County,2020-12-06,10.79
Osceola County,2020-12-06,10.76
Palm Beach County,2020-12-06,17.64
Pasco County,2020-12-06,10.24
Pinellas County,2020-12-06,12.64
Polk County,2020-12-06,10.32
Putnam County,2020-12-06,7.96
St. Johns County,2020-12-06,8.91
St. Lucie County,2020-12-06,13.86
Santa Rosa County,2020-12-06,4.44
Sarasota County,2020-12-06,10.49
Seminole County,2020-12-06,10.55
Sumter County,2020-12-06,8.7
Suwannee County,2020-12-06,5.65
Taylor County,2020-12-06,7.0
Union County,2020-12-06,5.3
Volusia County,2020-12-06,9.38
Wakulla County,2020-12-06,5.7
Walton County,2020-12-06,3.54
Washington County,2020-12-06,3.31
Alachua County,2020-12-07,6.92
Baker County,2020-12-07,5.19
Bay County,2020-12-07,5.67
Bradford County,2020-12-07,6.32
Brevard County,2020-12-07,10.91
Broward County,2020-12-07,16.15
Calhoun County,2020-12-07,5.03
Charlotte County,2020-12-07,10.85
Citrus County,2020-12-07,9.45
Clay County,2020-12-07,7.22
Collier County,2020-12-07,14.59
Columbia County,2020-12-07,5.35
DeSoto County,2020-12-07,10.13
Dixie County,2020-12-07,6.89
Duval County,2020-12-07,6.65
Escambia County,2020-12-07,6.81
Flagler County,2020-12-07,9.02
Franklin County,2020-12-07,5.94
Gadsden County,2020-12-07,5.79
Gilchrist County,2020-12-07,6.46
Glades County,2020-12-07,12.91
Gulf County,2020-12-07,5.56
Hamilton County,2020-12-07,4.91
Hardee County,2020-12-07,9.59
Hendry County,2020-12-07,13.95
Hernando County,2020-12-07,9.71
Highlands County,2020-12-07,11.05
Hillsborough County,2020-12-07,9.64
Holmes County,2020-12-07,2.92
Indian River County,2020-12-07,11.32
Jackson County,2020-12-07,5.02
Jefferson County,2020-12-07,6.78
Lafayette County,2020-12-07,6.04
Lake County,2020-12-07,10.75
Lee County,2020-12-07,12.84
Leon County,2020-12-07,6.23
Levy County,2020-12-07,7.87
Liberty County,2020-12-07,5.36
Madison County,2020-12-07,6.08
Manatee County,2020-12-07,9.14
Marion County,2020-12-07,8.82
Martin County,2020-12-07,14.62
Miami-Dade County,2020-12-07,17.96
Monroe County,2020-12-07,17.04
Nassau County,2020-12-07,5.45
Okaloosa County,2020-12-07,5.84
Okeechobee County,2020-12-07,12.05
Orange County,2020-12-07,11.6
Osceola County,2020-12-07,11.3
Palm Beach County,2020-12-07,15.18
Pasco County,2020-12-07,9.65
Pinellas County,2020-12-07,9.5
Polk County,2020-12-07,10.71
Putnam County,2020-12-07,8.35
St. Johns County,2020-12-07,8.33
St. Lucie County,2020-12-07,13.06
Santa Rosa County,2020-12-07,6.53
Sarasota County,2020-12-07,8.98
Seminole County,2020-12-07,11.33
Sumter County,2020-12-07,10.29
Suwannee County,2020-12-07,5.54
Taylor County,2020-12-07,7.17
Union County,2020-12-07,5.71
Volusia County,2020-12-07,10.01
Wakulla County,2020-12-07,6.36
Walton County,2020-12-07,4.61
Washington County,2020-12-07,4.01
Alachua County,2020-12-08,3.1
Baker County,2020-12-08,1.49
Bay County,2020-12-08,2.25
Bradford County,2020-12-08,3.41
Brevard County,2020-12-08,6.49
Broward County,2020-12-08,10.55
Calhoun County,2020-12-08,1.3
Charlotte County,2020-12-08,8.16
Citrus County,2020-12-08,4.23
Clay County,2020-12-08,5.4
Collier County,2020-12-08,10.62
Columbia County,2020-12-08,0.6
DeSoto County,2020-12-08,6.57
Dixie County,2020-12-08,1.75
Duval County,2020-12-08,5.69
Escambia County,2020-12-08,2.6
Flagler County,2020-12-08,5.92
Franklin County,2020-12-08,2.63
Gadsden County,2020-12-08,1.35
Gilchrist County,2020-12-08,1.3
Glades County,2020-12-08,7.57
Gulf County,2020-12-08,2.48
Hamilton County,2020-12-08,-0.39
Hardee County,2020-12-08,6.0
Hendry County,2020-12-08,8.85
Hernando County,2020-12-08,5.57
Highlands County,2020-12-08,5.84
Hillsborough County,2020-12-08,8.73
Holmes County,2020-12-08,-0.5
Indian River County,2020-12-08,6.41
Jackson County,2020-12-08,0.6
Jefferson County,2020-12-08,1.54
Lafayette County,2020-12-08,0.47
Lake County,2020-12-08,5.02
Lee County,2020-12-08,10.03
Leon County,2020-12-08,1.61
Levy County,2020-12-08,2.87
Liberty County,2020-12-08,1.72
Madison County,2020-12-08,0.52
Manatee County,2020-12-08,8.48
Marion County,2020-12-08,3.84
Martin County,2020-12-08,8.97
Miami-Dade County,2020-12-08,11.96
Monroe County,2020-12-08,12.94
Nassau County,2020-12-08,3.57
Okaloosa County,2020-12-08,1.6
Okeechobee County,2020-12-08,6.73
Orange County,2020-12-08,5.87
Osceola County,2020-12-08,5.95
Palm Beach County,2020-12-08,9.57
Pasco County,2020-12-08,6.94
Pinellas County,2020-12-08,11.37
Polk County,2020-12-08,6.07
Putnam County,2020-12-08,5.6
St. Johns County,2020-12-08,6.87
St. Lucie County,2020-12-08,7.63
Santa Rosa County,2020-12-08,2.14
Sarasota County,2020-12-08,8.3
Seminole County,2020-12-08,6.0
Sumter County,2020-12-08,4.28
Suwannee County,2020-12-08,0.08
Taylor County,2020-12-08,1.85
Union County,2020-12-08,1.91
Volusia County,2020-12-08,5.65
Wakulla County,2020-12-08,2.21
Walton County,2020-12-08,0.98
Washington County,2020-12-08,0.6
Alachua County,2020-12-09,0.9
Baker County,2020-12-09,0.05
Bay County,2020-12-09,2.62
Bradford County,2020-12-09,1.1
Brevard County,2020-12-09,3.83
Broward County,2020-12-09,8.33
Calhoun County,2020-12-09,1.22
Charlotte County,2020-12-09,4.56
Citrus County,2020-12-09,1.5
Clay County,2020-12-09,2.24
Collier County,2020-12-09,7.32
Columbia County,2020-12-09,-0.26
DeSoto County,2020-12-09,3.45
Dixie County,2020-12-09,0.53
Duval County,2020-12-09,2.1
Escambia County,2020-12-09,1.54
Flagler County,2020-12-09,2.75
Franklin County,2020-12-09,1.81
Gadsden County,2020-12-09,0.53
Gilchrist County,2020-12-09,0.15
Glades County,2020-12-09,4.72
Gulf County,2020-12-09,2.31
Hamilton County,2020-12-09,-0.97
Hardee County,2020-12-09,3.25
Hendry County,2020-12-09,6.18
Hernando County,2020-12-09,2.28
Highlands County,2020-12-09,3.21
Hillsborough County,2020-12-09,4.51
Holmes County,2020-12-09,-0.31
Indian River County,2020-12-09,3.81
Jackson County,2020-12-09,0.57
Jefferson County,2020-12-09,0.59
Lafayette County,2020-12-09,-0.15
Lake County,2020-12-09,2.86
Lee County,2020-12-09,6.44
Leon County,2020-12-09,0.49
Levy County,2020-12-09,0.91
Liberty County,2020-12-09,0.99
Madison County,2020-12-09,-0.08
Manatee County,2020-12-09,4.27
Marion County,2020-12-09,1.33
Martin County,2020-12-09,6.74
Miami-Dade County,2020-12-09,9.25
Monroe County,2020-12-09,9.71
Nassau County,2020-12-09,0.73
Okaloosa County,2020-12-09,1.07
Okeechobee County,2020-12-09,4.2
Orange County,2020-12-09,3.89
Osceola County,2020-12-09,3.95
Palm Beach County,2020-12-09,7.65
Pasco County,2020-12-09,3.15
Pinellas County,2020-12-09,5.35
Polk County,2020-12-09,4.01
Putnam County,2020-12-09,2.37
St. Johns County,2020-12-09,3.25
St. Lucie County,2020-12-09,5.17
Santa Rosa County,2020-12-09,1.15
Sarasota County,2020-12-09,4.03
Seminole County,2020-12-09,3.6
Sumter County,2020-12-09,2.04
Suwannee County,2020-12-09,-0.44
Taylor County,2020-12-09,0.94
Union County,2020-12-09,0.34
Volusia County,2020-12-09,2.81
Wakulla County,2020-12-09,1.0
Walton County,2020-12-09,1.01
Washington County,2020-12-09,0.88
Alachua County,2020-12-10,0.38
Baker County,2020-12-10,-0.4
Bay County,2020-12-10,3.47
Bradford County,2020-12-10,0.4
Brevard County,2020-12-10,4.35
Broward County,2020-12-10,7.65
Calhoun County,2020-12-10,1.77
Charlotte County,2020-12-10,5.12
Citrus County,2020-12-10,1.91
Clay County,2020-12-10,1.44
Collier County,2020-12-10,7.13
Columbia County,2020-12-10,-0.3
DeSoto County,2020-12-10,3.63
Dixie County,2020-12-10,1.03
Duval County,2020-12-10,1.62
Escambia County,2020-12-10,3.02
Flagler County,2020-12-10,2.88
Franklin County,2020-12-10,2.02
Gadsden County,2020-12-10,1.53
Gilchrist County,2020-12-10,0.08
Glades County,2020-12-10,4.91
Gulf County,2020-12-10,2.21
Hamilton County,2020-12-10,-0.28
Hardee County,2020-12-10,2.97
Hendry County,2020-12-10,6.31
Hernando County,2020-12-10,2.49
Highlands County,2020-12-10,3.13
Hillsborough County,2020-12-10,4.08
Holmes County,2020-12-10,0.84
Indian River County,2020-12-10,3.71
Jackson County,2020-12-10,1.94
Jefferson County,2020-12-10,1.58
Lafayette County,2020-12-10,0.73
Lake County,2020-12-10,2.79
Lee County,2020-12-10,7.06
Leon County,2020-12-10,1.13
Levy County,2020-12-10,0.88
Liberty County,2020-12-10,1.14
Madison County,2020-12-10,1.1
Manatee County,2020-12-10,4.09
Marion County,2020-12-10,1.19
Martin County,2020-12-10,6.34
Miami-Dade County,2020-12-10,7.66
Monroe County,2020-12-10,9.46
Nassau County,2020-12-10,0.6
Okaloosa County,2020-12-10,1.93
Okeechobee County,2020-12-10,3.89
Orange County,2020-12-10,3.56
Osceola County,2020-12-10,3.39
Palm Beach County,2020-12-10,7.4
Pasco County,2020-12-10,2.98
Pinellas County,2020-12-10,5.55
Polk County,2020-12-10,3.39
Putnam County,2020-12-10,1.85
St. Johns County,2020-12-10,3.17
St. Lucie County,2020-12-10,4.9
Santa Rosa County,2020-12-10,2.22
Sarasota County,2020-12-10,4.34
Seminole County,2020-12-10,3.5
Sumter County,2020-12-10,2.16
Suwannee County,2020-12-10,0.33
Taylor County,2020-12-10,2.03
Union County,2020-12-10,-0.17
Volusia County,2020-12-10,3.22
Wakulla County,2020-12-10,1.4
Walton County,2020-12-10,1.92
Washington County,2020-12-10,1.65
Alachua County,2020-12-11,4.36
Baker County,2020-12-11,3.48
Bay County,2020-12-11,5.44
Bradford County,2020-12-11,4.44
Brevard County,2020-12-11,5.99
Broward County,2020-12-11,9.4
Calhoun County,2020-12-11,4.37
Charlotte County,2020-12-11,6.62
Citrus County,2020-12-11,5.25
Clay County,2020-12-11,5.5
Collier County,2020-12-11,8.52
Columbia County,2020-12-11,3.23
DeSoto County,2020-12-11,5.78
Dixie County,2020-12-11,4.11
Duval County,2020-12-11,5.57
Escambia County,2020-12-11,3.91
Flagler County,2020-12-11,6.22
Franklin County,2020-12-11,4.87
Gadsden County,2020-12-11,4.07
Gilchrist County,2020-12-11,3.64
Glades County,2020-12-11,6.74
Gulf County,2020-12-11,4.92
Hamilton County,2020-12-11,2.65
Hardee County,2020-12-11,5.7
Hendry County,2020-12-11,8.1
Hernando County,2020-12-11,5.54
Highlands County,2020-12-11,5.5
Hillsborough County,2020-12-11,6.68
Holmes County,2020-12-11,3.24
Indian River County,2020-12-11,5.29
Jackson County,2020-12-11,4.12
Jefferson County,2020-12-11,3.96
Lafayette County,2020-12-11,3.51
Lake County,2020-12-11,6.29
Lee County,2020-12-11,8.13
Leon County,2020-12-11,3.81
Levy County,2020-12-11,4.5
Liberty County,2020-12-11,4.14
Madison County,2020-12-11,3.44
Manatee County,2020-12-11,6.35
Marion County,2020-12-11,5.2
Martin County,2020-12-11,7.62
Miami-Dade County,2020-12-11,10.02
Monroe County,2020-12-11,11.51
Nassau County,2020-12-11,4.5
Okaloosa County,2020-12-11,3.73
Okeechobee County,2020-12-11,5.84
Orange County,2020-12-11,6.25
Osceola County,2020-12-11,5.77
Palm Beach County,2020-12-11,8.87
Pasco County,2020-12-11,5.83
Pinellas County,2020-12-11,7.38
Polk County,2020-12-11,6.37
Putnam County,2020-12-11,5.84
St. Johns County,2020-12-11,6.89
St. Lucie County,2020-12-11,6.29
Santa Rosa County,2020-12-11,3.49
Sarasota County,2020-12-11,6.03
Seminole County,2020-12-11,6.18
Sumter County,2020-12-11,5.75
Suwannee County,2020-12-11,3.23
Taylor County,2020-12-11,4.55
Union County,2020-12-11,3.68
Volusia County,2020-12-11,6.0
Wakulla County,2020-12-11,4.28
Walton County,2020-12-11,3.98
Washington County,2020-12-11,3.97
Alachua County,2020-12-12,5.22
Baker County,2020-12-12,4.29
Bay County,2020-12-12,8.99
Bradford County,2020-12-12,5.04
Brevard County,2020-12-12,10.61
Broward County,2020-12-12,13.92
Calhoun County,2020-12-12,6.8
Charlotte County,2020-12-12,12.49
Citrus County,2020-12-12,6.72
Clay County,2020-12-12,5.97
Collier County,2020-12-12,14.08
Columbia County,2020-12-12,4.38
DeSoto County,2020-12-12,11.34
Dixie County,2020-12-12,6.42
Duval County,2020-12-12,6.21
Escambia County,2020-12-12,8.84
Flagler County,2020-12-12,7.21
Franklin County,2020-12-12,7.5
Gadsden County,2020-12-12,5.41
Gilchrist County,2020-12-12,5.32
Glades County,2020-12-12,13.25
Gulf County,2020-12-12,8.16
Hamilton County,2020-12-12,3.95
Hardee County,2020-12-12,10.08
Hendry County,2020-12-12,13.92
Hernando County,2020-12-12,7.19
Highlands County,2020-12-12,11.55
Hillsborough County,2020-12-12,9.34
Holmes County,2020-12-12,6.63
Indian River County,2020-12-12,11.2
Jackson County,2020-12-12,6.59
Jefferson County,2020-12-12,5.43
Lafayette County,2020-12-12,5.4
Lake County,2020-12-12,6.89
Lee County,2020-12-12,14.23
Leon County,2020-12-12,5.13
Levy County,2020-12-12,6.38
Liberty County,2020-12-12,6.21
Madison County,2020-12-12,4.98
Manatee County,2020-12-12,9.98
Marion County,2020-12-12,5.6
Martin County,2020-12-12,13.5
Miami-Dade County,2020-12-12,14.71
Monroe County,2020-12-12,15.59
Nassau County,2020-12-12,5.14
Okaloosa County,2020-12-12,7.65
Okeechobee County,2020-12-12,12.03
Orange County,2020-12-12,8.41
Osceola County,2020-12-12,9.87
Palm Beach County,2020-12-12,13.9
Pasco County,2020-12-12,7.8
Pinellas County,2020-12-12,10.66
Polk County,2020-12-12,9.31
Putnam County,2020-12-12,6.19
St. Johns County,2020-12-12,7.58
St. Lucie County,2020-12-12,12.41
Santa Rosa County,2020-12-12,7.83
Sarasota County,2020-12-12,10.45
Seminole County,2020-12-12,8.16
Sumter County,2020-12-12,6.37
Suwannee County,2020-12-12,4.77
Taylor County,2020-12-12,6.53
Union County,2020-12-12,4.57
Volusia County,2020-12-12,7.74
Wakulla County,2020-12-12,6.07
Walton County,2020-12-12,7.74
Washington County,2020-12-12,7.27
Alachua County,2020-12-13,9.98
Baker County,2020-12-13,7.88
Bay County,2020-12-13,15.19
Bradford County,2020-12-13,9.03
Brevard County,2020-12-13,14.44
Broward County,2020-12-13,17.07
Calhoun County,2020-12-13,12.12
Charlotte County,2020-12-13,15.25
Citrus County,2020-12-13,13.57
Clay County,2020-12-13,9.78
Collier County,2020-12-13,16.46
Columbia County,2020-12-13,8.37
DeSoto County,2020-12-13,14.14
Dixie County,2020-12-13,11.92
Duval County,2020-12-13,10.05
Escambia County,2020-12-13,15.89
Flagler County,2020-12-13,10.86
Franklin County,2020-12-13,12.86
Gadsden County,2020-12-13,9.53
Gilchrist County,2020-12-13,10.5
Glades County,2020-12-13,15.46
Gulf County,2020-12-13,13.93
Hamilton County,2020-12-13,7.49
Hardee County,2020-12-13,13.7
Hendry County,2020-12-13,16.1
Hernando County,2020-12-13,13.85
Highlands County,2020-12-13,14.22
Hillsborough County,2020-12-13,14.99
Holmes County,2020-12-13,12.92
Indian River County,2020-12-13,14.27
Jackson County,2020-12-13,11.82
Jefferson County,2020-12-13,9.05
Lafayette County,2020-12-13,9.69
Lake County,2020-12-13,11.85
Lee County,2020-12-13,16.75
Leon County,2020-12-13,9.0
Levy County,2020-12-13,12.69
Liberty County,2020-12-13,11.14
Madison County,2020-12-13,8.42
Manatee County,2020-12-13,14.43
Marion County,2020-12-13,10.91
Martin County,2020-12-13,16.31
Miami-Dade County,2020-12-13,17.2
Monroe County,2020-12-13,17.91
Nassau County,2020-12-13,8.88
Okaloosa County,2020-12-13,15.52
Okeechobee County,2020-12-13,14.64
Orange County,2020-12-13,12.75
Osceola County,2020-12-13,13.78
Palm Beach County,2020-12-13,16.84
Pasco County,2020-12-13,14.07
Pinellas County,2020-12-13,16.43
Polk County,2020-12-13,13.99
Putnam County,2020-12-13,10.23
St. Johns County,2020-12-13,11.65
St. Lucie County,2020-12-13,15.2
Santa Rosa County,2020-12-13,15.75
Sarasota County,2020-12-13,14.34
Seminole County,2020-12-13,11.92
Sumter County,2020-12-13,12.56
Suwannee County,2020-12-13,8.71
Taylor County,2020-12-13,10.81
Union County,2020-12-13,8.68
Volusia County,2020-12-13,11.22
Wakulla County,2020-12-13,10.57
Walton County,2020-12-13,14.87
Washington County,2020-12-13,13.44
Alachua County,2020-12-14,13.78
Baker County,2020-12-14,14.04
Bay County,2020-12-14,17.4
Bradford County,2020-12-14,14.3
Brevard County,2020-12-14,15.41
Broward County,2020-12-14,17.73
Calhoun County,2020-12-14,16.23
Charlotte County,2020-12-14,16.18
Citrus County,2020-12-14,13.66
Clay County,2020-12-14,15.76
Collier County,2020-12-14,17.55
Columbia County,2020-12-14,13.47
DeSoto County,2020-12-14,15.63
Dixie County,2020-12-14,13.25
Duval County,2020-12-14,16.32
Escambia County,2020-12-14,13.14
Flagler County,2020-12-14,15.37
Franklin County,2020-12-14,14.97
Gadsden County,2020-12-14,13.4
Gilchrist County,2020-12-14,13.23
Glades County,2020-12-14,16.58
Gulf County,2020-12-14,16.64
Hamilton County,2020-12-14,12.97
Hardee County,2020-12-14,14.99
Hendry County,2020-12-14,17.1
Hernando County,2020-12-14,13.94
Highlands County,2020-12-14,15.48
Hillsborough County,2020-12-14,15.11
Holmes County,2020-12-14,14.24
Indian River County,2020-12-14,15.16
Jackson County,2020-12-14,15.79
Jefferson County,2020-12-14,12.2
Lafayette County,2020-12-14,12.93
Lake County,2020-12-14,14.31
Lee County,2020-12-14,17.54
Leon County,2020-12-14,12.33
Levy County,2020-12-14,13.53
Liberty County,2020-12-14,15.01
Madison County,2020-12-14,12.48
Manatee County,2020-12-14,15.1
Marion County,2020-12-14,13.79
Martin County,2020-12-14,16.81
Miami-Dade County,2020-12-14,18.09
Monroe County,2020-12-14,18.84
Nassau County,2020-12-14,15.52
Okaloosa County,2020-12-14,14.1
Okeechobee County,2020-12-14,15.64
Orange County,2020-12-14,14.76
Osceola County,2020-12-14,14.97
Palm Beach County,2020-12-14,17.41
Pasco County,2020-12-14,14.38
Pinellas County,2020-12-14,16.09
Polk County,2020-12-14,14.85
Putnam County,2020-12-14,15.41
St. Johns County,2020-12-14,16.53
St. Lucie County,2020-12-14,15.87
Santa Rosa County,2020-12-14,13.35
Sarasota County,2020-12-14,14.94
Seminole County,2020-12-14,15.0
Sumter County,2020-12-14,13.79
Suwannee County,2020-12-14,13.07
Taylor County,2020-12-14,13.16
Union County,2020-12-14,13.68
Volusia County,2020-12-14,14.87
Wakulla County,2020-12-14,13.14
Walton County,2020-12-14,14.85
Washington County,2020-12-14,16.12
Alachua County,2020-12-15,10.58
Baker County,2020-12-15,9.7
Bay County,2020-12-15,6.34
Bradford County,2020-12-15,10.94
Brevard County,2020-12-15,16.72
Broward County,2020-12-15,17.69
Calhoun County,2020-12-15,5.91
Charlotte County,2020-12-15,18.32
Citrus County,2020-12-15,12.48
Clay County,2020-12-15,12.8
Collier County,2020-12-15,18.61
Columbia County,2020-12-15,8.73
DeSoto County,2020-12-15,17.36
Dixie County,2020-12-15,9.88
Duval County,2020-12-15,13.49
Escambia County,2020-12-15,4.35
Flagler County,2020-12-15,13.64
Franklin County,2020-12-15,7.96
Gadsden County,2020-12-15,6.38
Gilchrist County,2020-12-15,9.3
Glades County,2020-12-15,17.78
Gulf County,2020-12-15,7.29
Hamilton County,2020-12-15,7.8
Hardee County,2020-12-15,16.73
Hendry County,2020-12-15,18.12
Hernando County,2020-12-15,13.82
Highlands County,2020-12-15,16.91
Hillsborough County,2020-12-15,17.16
Holmes County,2020-12-15,3.37
Indian River County,2020-12-15,16.95
Jackson County,2020-12-15,5.16
Jefferson County,2020-12-15,8.27
Lafayette County,2020-12-15,8.6
Lake County,2020-12-15,12.95
Lee County,2020-12-15,19.55
Leon County,2020-12-15,7.39
Levy County,2020-12-15,10.93
Liberty County,2020-12-15,6.62
Madison County,2020-12-15,8.12
Manatee County,2020-12-15,17.51
Marion County,2020-12-15,11.36
Martin County,2020-12-15,17.67
Miami-Dade County,2020-12-15,18.1
Monroe County,2020-12-15,19.27
Nassau County,2020-12-15,11.92
Okaloosa County,2020-12-15,3.99
Okeechobee County,2020-12-15,17.1
Orange County,2020-12-15,14.61
Osceola County,2020-12-15,16.25
Palm Beach County,2020-12-15,17.57
Pasco County,2020-12-15,15.14
Pinellas County,2020-12-15,18.72
Polk County,2020-12-15,16.16
Putnam County,2020-12-15,12.82
St. Johns County,2020-12-15,14.71
St. Lucie County,2020-12-15,17.26
Santa Rosa County,2020-12-15,3.96
Sarasota County,2020-12-15,17.59
Seminole County,2020-12-15,14.21
Sumter County,2020-12-15,12.49
Suwannee County,2020-12-15,8.26
Taylor County,2020-12-15,9.47
Union County,2020-12-15,9.71
Volusia County,2020-12-15,13.58
Wakulla County,2020-12-15,8.03
Walton County,2020-12-15,4.12
Washington County,2020-12-15,4.71
Alachua County,2020-12-16,10.25
Baker County,2020-12-16,8.41
Bay County,2020-12-16,5.87
Bradford County,2020-12-16,10.05
Brevard County,2020-12-16,15.19
Broward County,2020-12-16,19.0
Calhoun County,2020-12-16,5.63
Charlotte County,2020-12-16,14.91
Citrus County,2020-12-16,11.83
Clay County,2020-12-16,11.48
Collier County,2020-12-16,18.31
Columbia County,2020-12-16,8.11
DeSoto County,2020-12-16,13.9
Dixie County,2020-12-16,9.18
Duval County,2020-12-16,11.05
Escambia County,2020-12-16,3.98
Flagler County,2020-12-16,12.65
Franklin County,2020-12-16,6.53
Gadsden County,2020-12-16,6.28
Gilchrist County,2020-12-16,9.19
Glades County,2020-12-16,15.6
Gulf County,2020-12-16,6.33
Hamilton County,2020-12-16,7.26
Hardee County,2020-12-16,13.45
Hendry County,2020-12-16,17.2
Hernando County,2020-12-16,12.58
Highlands County,2020-12-16,13.99
Hillsborough County,2020-12-16,13.96
Holmes County,2020-12-16,3.58
Indian River County,2020-12-16,15.25
Jackson County,2020-12-16,5.48
Jefferson County,2020-12-16,7.92
Lafayette County,2020-12-16,8.32
Lake County,2020-12-16,13.22
Lee County,2020-12-16,16.98
Leon County,2020-12-16,7.06
Levy County,2020-12-16,10.45
Liberty County,2020-12-16,5.93
Madison County,2020-12-16,7.88
Manatee County,2020-12-16,13.9
Marion County,2020-12-16,11.52
Martin County,2020-12-16,17.67
Miami-Dade County,2020-12-16,19.34
Monroe County,2020-12-16,19.43
Nassau County,2020-12-16,9.16
Okaloosa County,2020-12-16,3.39
Okeechobee County,2020-12-16,15.28
Orange County,2020-12-16,14.71
Osceola County,2020-12-16,15.08
Palm Beach County,2020-12-16,18.57
Pasco County,2020-12-16,13.21
Pinellas County,2020-12-16,14.38
Polk County,2020-12-16,14.23
Putnam County,2020-12-16,12.19
St. Johns County,2020-12-16,12.6
St. Lucie County,2020-12-16,16.26
Santa Rosa County,2020-12-16,3.31
Sarasota County,2020-12-16,13.86
Seminole County,2020-12-16,14.49
Sumter County,2020-12-16,12.56
Suwannee County,2020-12-16,7.97
Taylor County,2020-12-16,8.66
Union County,2020-12-16,9.01
Volusia County,2020-12-16,13.32
Wakulla County,2020-12-16,6.95
Walton County,2020-12-16,3.78
Washington County,2020-12-16,4.79
Alachua County,2020-12-17,10.47
Baker County,2020-12-17,7.1
Bay County,2020-12-17,6.34
Bradford County,2020-12-17,9.65
Brevard County,2020-12-17,15.6
Broward County,2020-12-17,18.54
Calhoun County,2020-12-17,6.51
Charlotte County,2020-12-17,16.43
Citrus County,2020-12-17,12.11
Clay County,2020-12-17,10.85
Collier County,2020-12-17,18.24
Columbia County,2020-12-17,7.04
DeSoto County,2020-12-17,15.81
Dixie County,2020-12-17,9.58
Duval County,2020-12-17,9.61
Escambia County,2020-12-17,4.9
Flagler County,2020-12-17,12.82
Franklin County,2020-12-17,7.9
Gadsden County,2020-12-17,6.65
Gilchrist County,2020-12-17,9.46
Glades County,2020-12-17,16.88
Gulf County,2020-12-17,7.66
Hamilton County,2020-12-17,5.54
Hardee County,2020-12-17,15.02
Hendry County,2020-12-17,17.61
Hernando County,2020-12-17,12.78
Highlands County,2020-12-17,15.5
Hillsborough County,2020-12-17,14.17
Holmes County,2020-12-17,3.5
Indian River County,2020-12-17,16.13
Jackson County,2020-12-17,5.32
Jefferson County,2020-12-17,7.68
Lafayette County,2020-12-17,8.3
Lake County,2020-12-17,13.77
Lee County,2020-12-17,18.03
Leon County,2020-12-17,7.48
Levy County,2020-12-17,10.9
Liberty County,2020-12-17,7.38
Madison County,2020-12-17,7.04
Manatee County,2020-12-17,14.86
Marion County,2020-12-17,11.96
Martin County,2020-12-17,18.42
Miami-Dade County,2020-12-17,18.67
Monroe County,2020-12-17,18.54
Nassau County,2020-12-17,7.4
Okaloosa County,2020-12-17,4.1
Okeechobee County,2020-12-17,16.21
Orange County,2020-12-17,15.49
Osceola County,2020-12-17,15.91
Palm Beach County,2020-12-17,18.65
Pasco County,2020-12-17,13.41
Pinellas County,2020-12-17,14.11
Polk County,2020-12-17,15.13
Putnam County,2020-12-17,12.27
St. Johns County,2020-12-17,11.9
St. Lucie County,2020-12-17,17.28
Santa Rosa County,2020-12-17,4.35
Sarasota County,2020-12-17,15.08
Seminole County,2020-12-17,15.3
Sumter County,2020-12-17,13.0
Suwannee County,2020-12-17,7.18
Taylor County,2020-12-17,8.78
Union County,2020-12-17,8.49
Volusia County,2020-12-17,13.82
Wakulla County,2020-12-17,7.92
Walton County,2020-12-17,4.05
Washington County,2020-12-17,5.0
Alachua County,2020-12-18,1.84
Baker County,2020-12-18,0.83
Bay County,2020-12-18,0.33
Bradford County,2020-12-18,2.29
Brevard County,2020-12-18,5.62
Broward County,2020-12-18,11.57
Calhoun County,2020-12-18,-0.73
Charlotte County,2020-12-18,7.21
Citrus County,2020-12-18,4.29
Clay County,2020-12-18,3.9
Collier County,2020-12-18,10.9
Columbia County,2020-12-18,-0.37
DeSoto County,2020-12-18,6.14
Dixie County,2020-12-18,0.08
Duval County,2020-12-18,4.01
Escambia County,2020-12-18,-1.27
Flagler County,2020-12-18,3.71
Franklin County,2020-12-18,0.63
Gadsden County,2020-12-18,-1.34
Gilchrist County,2020-12-18,-0.13
Glades County,2020-12-18,7.85
Gulf County,2020-12-18,0.59
Hamilton County,2020-12-18,-1.72
Hardee County,2020-12-18,5.95
Hendry County,2020-12-18,9.47
Hernando County,2020-12-18,5.98
Highlands County,2020-12-18,6.21
Hillsborough County,2020-12-18,8.52
Holmes County,2020-12-18,-2.62
Indian River County,2020-12-18,6.54
Jackson County,2020-12-18,-1.54
Jefferson County,2020-12-18,-1.1
Lafayette County,2020-12-18,-1.3
Lake County,2020-12-18,4.59
Lee County,2020-12-18,9.04
Leon County,2020-12-18,-1.18
Levy County,2020-12-18,1.77
Liberty County,2020-12-18,-0.46
Madison County,2020-12-18,-1.59
Manatee County,2020-12-18,7.72
Marion County,2020-12-18,2.98
Martin County,2020-12-18,9.33
Miami-Dade County,2020-12-18,13.14
Monroe County,2020-12-18,13.9
Nassau County,2020-12-18,2.22
Okaloosa County,2020-12-18,-1.57
Okeechobee County,2020-12-18,7.14
Orange County,2020-12-18,5.4
Osceola County,2020-12-18,6.08
Palm Beach County,2020-12-18,10.42
Pasco County,2020-12-18,7.32
Pinellas County,2020-12-18,11.08
Polk County,2020-12-18,6.39
Putnam County,2020-12-18,3.9
St. Johns County,2020-12-18,4.59
St. Lucie County,2020-12-18,7.87
Santa Rosa County,2020-12-18,-1.64
Sarasota County,2020-12-18,7.09
Seminole County,2020-12-18,5.01
Sumter County,2020-12-18,4.48
Suwannee County,2020-12-18,-1.42
Taylor County,2020-12-18,-0.4
Union County,2020-12-18,0.95
Volusia County,2020-12-18,3.88
Wakulla County,2020-12-18,-0.33
Walton County,2020-12-18,-1.56
Washington County,2020-12-18,-1.45
Alachua County,2020-12-19,0.49
Baker County,2020-12-19,-1.13
Bay County,2020-12-19,0.9
Bradford County,2020-12-19,0.07
Brevard County,2020-12-19,5.9
Broward County,2020-12-19,10.91
Calhoun County,2020-12-19,-0.17
Charlotte County,2020-12-19,7.03
Citrus County,2020-12-19,2.3
Clay County,2020-12-19,1.43
Collier County,2020-12-19,9.78
Columbia County,2020-12-19,-1.26
DeSoto County,2020-12-19,6.45
Dixie County,2020-12-19,0.6
Duval County,2020-12-19,1.43
Escambia County,2020-12-19,-0.54
Flagler County,2020-12-19,2.84
Franklin County,2020-12-19,0.99
Gadsden County,2020-12-19,-0.46
Gilchrist County,2020-12-19,0.15
Glades County,2020-12-19,8.47
Gulf County,2020-12-19,1.15
Hamilton County,2020-12-19,-1.78
Hardee County,2020-12-19,5.82
Hendry County,2020-12-19,9.48
Hernando County,2020-12-19,2.83
Highlands County,2020-12-19,6.84
Hillsborough County,2020-12-19,4.56
Holmes County,2020-12-19,-2.89
Indian River County,2020-12-19,6.9
Jackson County,2020-12-19,-1.06
Jefferson County,2020-12-19,-0.19
Lafayette County,2020-12-19,-0.43
Lake County,2020-12-19,3.89
Lee County,2020-12-19,8.76
Leon County,2020-12-19,-0.41
Levy County,2020-12-19,1.4
Liberty County,2020-12-19,0.11
Madison County,2020-12-19,-0.67
Manatee County,2020-12-19,5.33
Marion County,2020-12-19,1.97
Martin County,2020-12-19,9.74
Miami-Dade County,2020-12-19,12.4
Monroe County,2020-12-19,12.86
Nassau County,2020-12-19,0.1
Okaloosa County,2020-12-19,-1.48
Okeechobee County,2020-12-19,7.77
Orange County,2020-12-19,5.17
Osceola County,2020-12-19,6.17
Palm Beach County,2020-12-19,10.53
Pasco County,2020-12-19,3.4
Pinellas County,2020-12-19,4.41
Polk County,2020-12-19,5.7
Putnam County,2020-12-19,2.19
St. Johns County,2020-12-19,2.76
St. Lucie County,2020-12-19,8.25
Santa Rosa County,2020-12-19,-1.26
Sarasota County,2020-12-19,5.38
Seminole County,2020-12-19,4.83
Sumter County,2020-12-19,3.19
Suwannee County,2020-12-19,-1.06
Taylor County,2020-12-19,0.38
Union County,2020-12-19,-0.75
Volusia County,2020-12-19,3.64
Wakulla County,2020-12-19,0.05
Walton County,2020-12-19,-1.62
Washington County,2020-12-19,-1.37
Alachua County,2020-12-20,6.02
Baker County,2020-12-20,2.73
Bay County,2020-12-20,2.74
Bradford County,2020-12-20,5.2
Brevard County,2020-12-20,10.42
Broward County,2020-12-20,13.37
Calhoun County,2020-12-20,0.37
Charlotte County,2020-12-20,8.25
Citrus County,2020-12-20,8.05
Clay County,2020-12-20,6.59
Collier County,2020-12-20,10.57
Columbia County,2020-12-20,2.84
DeSoto County,2020-12-20,8.44
Dixie County,2020-12-20,5.4
Duval County,2020-12-20,5.69
Escambia County,2020-12-20,4.61
Flagler County,2020-12-20,9.48
Franklin County,2020-12-20,1.95
Gadsden County,2020-12-20,0.08
Gilchrist County,2020-12-20,5.33
Glades County,2020-12-20,10.05
Gulf County,2020-12-20,2.18
Hamilton County,2020-12-20,1.27
Hardee County,2020-12-20,8.71
Hendry County,2020-12-20,10.59
Hernando County,2020-12-20,7.89
Highlands County,2020-12-20,9.71
Hillsborough County,2020-12-20,7.99
Holmes County,2020-12-20,0.35
Indian River County,2020-12-20,10.04
Jackson County,2020-12-20,-0.25
Jefferson County,2020-12-20,1.53
Lafayette County,2020-12-20,3.79
Lake County,2020-12-20,9.13
Lee County,2020-12-20,9.58
Leon County,2020-12-20,0.4
Levy County,2020-12-20,7.08
Liberty County,2020-12-20,0.42
Madison County,2020-12-20,1.92
Manatee County,2020-12-20,7.31
Marion County,2020-12-20,7.93
Martin County,2020-12-20,12.28
Miami-Dade County,2020-12-20,14.3
Monroe County,2020-12-20,14.09
Nassau County,2020-12-20,3.04
Okaloosa County,2020-12-20,3.71
Okeechobee County,2020-12-20,10.51
Orange County,2020-12-20,9.74
Osceola County,2020-12-20,10.0
Palm Beach County,2020-12-20,13.14
Pasco County,2020-12-20,7.69
Pinellas County,2020-12-20,7.44
Polk County,2020-12-20,9.48
Putnam County,2020-12-20,8.11
St. Johns County,2020-12-20,8.86
St. Lucie County,2020-12-20,10.79
Santa Rosa County,2020-12-20,4.36
Sarasota County,2020-12-20,6.5
Seminole County,2020-12-20,9.94
Sumter County,2020-12-20,8.51
Suwannee County,2020-12-20,2.96
Taylor County,2020-12-20,3.45
Union County,2020-12-20,4.08
Volusia County,2020-12-20,9.79
Wakulla County,2020-12-20,0.88
Walton County,2020-12-20,2.51
Washington County,2020-12-20,0.63
Alachua County,2020-12-21,9.22
Baker County,2020-12-21,6.6
Bay County,2020-12-21,11.85
Bradford County,2020-12-21,8.37
Brevard County,2020-12-21,13.59
Broward County,2020-12-21,15.44
Calhoun County,2020-12-21,10.67
Charlotte County,2020-12-21,14.28
Citrus County,2020-12-21,11.22
Clay County,2020-12-21,9.67
Collier County,2020-12-21,14.89
Columbia County,2020-12-21,6.5
DeSoto County,2020-12-21,13.67
Dixie County,2020-12-21,11.09
Duval County,2020-12-21,9.74
Escambia County,2020-12-21,8.17
Flagler County,2020-12-21,12.16
Franklin County,2020-12-21,11.43
Gadsden County,2020-12-21,10.18
Gilchrist County,2020-12-21,9.51
Glades County,2020-12-21,14.62
Gulf County,2020-12-21,11.44
Hamilton County,2020-12-21,5.02
Hardee County,2020-12-21,12.95
Hendry County,2020-12-21,14.52
Hernando County,2020-12-21,11.23
Highlands County,2020-12-21,13.75
Hillsborough County,2020-12-21,12.39
Holmes County,2020-12-21,8.8
Indian River County,2020-12-21,12.56
Jackson County,2020-12-21,10.3
Jefferson County,2020-12-21,9.67
Lafayette County,2020-12-21,9.02
Lake County,2020-12-21,12.13
Lee County,2020-12-21,15.61
Leon County,2020-12-21,10.11
Levy County,2020-12-21,11.31
Liberty County,2020-12-21,10.4
Madison County,2020-12-21,7.66
Manatee County,2020-12-21,12.24
Marion County,2020-12-21,10.42
Martin County,2020-12-21,14.72
Miami-Dade County,2020-12-21,16.52
Monroe County,2020-12-21,16.91
Nassau County,2020-12-21,8.29
Okaloosa County,2020-12-21,9.09
Okeechobee County,2020-12-21,13.32
Orange County,2020-12-21,13.66
Osceola County,2020-12-21,13.56
Palm Beach County,2020-12-21,15.15
Pasco County,2020-12-21,11.39
Pinellas County,2020-12-21,12.44
Polk County,2020-12-21,13.28
Putnam County,2020-12-21,10.61
St. Johns County,2020-12-21,11.81
St. Lucie County,2020-12-21,13.48
Santa Rosa County,2020-12-21,8.35
Sarasota County,2020-12-21,12.22
Seminole County,2020-12-21,13.5
Sumter County,2020-12-21,11.18
Suwannee County,2020-12-21,7.1
Taylor County,2020-12-21,10.84
Union County,2020-12-21,7.46
Volusia County,2020-12-21,12.9
Wakulla County,2020-12-21,11.03
Walton County,2020-12-21,9.77
Washington County,2020-12-21,10.24
Alachua County,2020-12-22,6.1
Baker County,2020-12-22,6.02
Bay County,2020-12-22,6.37
Bradford County,2020-12-22,6.79
Brevard County,2020-12-22,9.61
Broward County,2020-12-22,13.78
Calhoun County,2020-12-22,5.03
Charlotte County,2020-12-22,9.77
Citrus County,2020-12-22,7.75
Clay County,2020-12-22,8.44
Collier County,2020-12-22,12.49
Columbia County,2020-12-22,5.03
DeSoto County,2020-12-22,8.64
Dixie County,2020-12-22,5.3
Duval County,2020-12-22,8.93
Escambia County,2020-12-22,5.16
Flagler County,2020-12-22,8.76
Franklin County,2020-12-22,6.4
Gadsden County,2020-12-22,4.42
Gilchrist County,2020-12-22,4.79
Glades County,2020-12-22,10.06
Gulf County,2020-12-22,6.48
Hamilton County,2020-12-22,4.22
Hardee County,2020-12-22,8.57
Hendry County,2020-12-22,11.62
Hernando County,2020-12-22,8.98
Highlands County,2020-12-22,8.46
Hillsborough County,2020-12-22,10.82
Holmes County,2020-12-22,2.82
Indian River County,2020-12-22,9.7
Jackson County,2020-12-22,4.25
Jefferson County,2020-12-22,4.62
Lafayette County,2020-12-22,4.61
Lake County,2020-12-22,8.8
Lee County,2020-12-22,11.49
Leon County,2020-12-22,4.29
Levy County,2020-12-22,5.96
Liberty County,2020-12-22,5.08
Madison County,2020-12-22,4.45
Manatee County,2020-12-22,10.13
Marion County,2020-12-22,7.16
Martin County,2020-12-22,12.49
Miami-Dade County,2020-12-22,14.57
Monroe County,2020-12-22,15.1
Nassau County,2020-12-22,7.84
Okaloosa County,2020-12-22,4.03
Okeechobee County,2020-12-22,9.69
Orange County,2020-12-22,9.37
Osceola County,2020-12-22,9.32
Palm Beach County,2020-12-22,13.31
Pasco County,2020-12-22,9.91
Pinellas County,2020-12-22,13.05
Polk County,2020-12-22,9.43
Putnam County,2020-12-22,8.4
St. Johns County,2020-12-22,9.64
St. Lucie County,2020-12-22,10.99
Santa Rosa County,2020-12-22,4.35
Sarasota County,2020-12-22,9.72
Seminole County,2020-12-22,9.18
Sumter County,2020-12-22,8.2
Suwannee County,2020-12-22,4.53
Taylor County,2020-12-22,5.5
Union County,2020-12-22,5.73
Volusia County,2020-12-22,8.6
Wakulla County,2020-12-22,5.11
Walton County,2020-12-22,4.03
Washington County,2020-12-22,4.08
Alachua County,2020-12-23,4.27
Baker County,2020-12-23,3.48
Bay County,2020-12-23,5.31
Bradford County,2020-12-23,4.65
Brevard County,2020-12-23,8.49
Broward County,2020-12-23,13.56
Calhoun County,2020-12-23,3.95
Charlotte County,2020-12-23,8.35
Citrus County,2020-12-23,5.77
Clay County,2020-12-23,5.83
Collier County,2020-12-23,11.97
Columbia County,2020-12-23,2.88
DeSoto County,2020-12-23,6.91
Dixie County,2020-12-23,3.31
Duval County,2020-12-23,5.49
Escambia County,2020-12-23,3.97
Flagler County,2020-12-23,6.66
Franklin County,2020-12-23,4.73
Gadsden County,2020-12-23,3.56
Gilchrist County,2020-12-23,2.89
Glades County,2020-12-23,9.27
Gulf County,2020-12-23,4.89
Hamilton County,2020-12-23,2.05
Hardee County,2020-12-23,6.89
Hendry County,2020-12-23,11.18
Hernando County,2020-12-23,6.89
Highlands County,2020-12-23,7.45
Hillsborough County,2020-12-23,8.96
Holmes County,2020-12-23,2.35
Indian River County,2020-12-23,8.84
Jackson County,2020-12-23,3.54
Jefferson County,2020-12-23,3.22
Lafayette County,2020-12-23,2.38
Lake County,2020-12-23,7.02
Lee County,2020-12-23,10.58
Leon County,2020-12-23,3.12
Levy County,2020-12-23,4.2
Liberty County,2020-12-23,3.69
Madison County,2020-12-23,2.6
Manatee County,2020-12-23,8.03
Marion County,2020-12-23,5.19
Martin County,2020-12-23,12.07
Miami-Dade County,2020-12-23,14.86
Monroe County,2020-12-23,15.47
Nassau County,2020-12-23,4.06
Okaloosa County,2020-12-23,3.45
Okeechobee County,2020-12-23,9.04
Orange County,2020-12-23,8.09
Osceola County,2020-12-23,8.4
Palm Beach County,2020-12-23,12.98
Pasco County,2020-12-23,7.8
Pinellas County,2020-12-23,11.05
Polk County,2020-12-23,8.16
Putnam County,2020-12-23,6.15
St. Johns County,2020-12-23,7.08
St. Lucie County,2020-12-23,10.41
Santa Rosa County,2020-12-23,3.53
Sarasota County,2020-12-23,7.66
Seminole County,2020-12-23,7.6
Sumter County,2020-12-23,6.21
Suwannee County,2020-12-23,2.34
Taylor County,2020-12-23,3.55
Union County,2020-12-23,3.67
Volusia County,2020-12-23,6.77
Wakulla County,2020-12-23,3.64
Walton County,2020-12-23,3.47
Washington County,2020-12-23,3.32
Alachua County,2020-12-24,2.9
Baker County,2020-12-24,1.6
Bay County,2020-12-24,6.99
Bradford County,2020-12-24,2.79
Brevard County,2020-12-24,10.63
Broward County,2020-12-24,14.72
Calhoun County,2020-12-24,5.01
Charlotte County,2020-12-24,10.99
Citrus County,2020-12-24,5.05
Clay County,2020-12-24,4.46
Collier County,2020-12-24,12.94
Columbia County,2020-12-24,1.38
DeSoto County,2020-12-24,9.97
Dixie County,2020-12-24,3.13
Duval County,2020-12-24,4.68
Escambia County,2020-12-24,7.23
Flagler County,2020-12-24,7.63
Franklin County,2020-12-24,5.76
Gadsden County,2020-12-24,4.24
Gilchrist County,2020-12-24,2.19
Glades County,2020-12-24,11.88
Gulf County,2020-12-24,6.51
Hamilton County,2020-12-24,1.08
Hardee County,2020-12-24,8.84
Hendry County,2020-12-24,12.54
Hernando County,2020-12-24,5.7
Highlands County,2020-12-24,10.32
Hillsborough County,2020-12-24,7.8
Holmes County,2020-12-24,4.0
Indian River County,2020-12-24,10.66
Jackson County,2020-12-24,4.88
Jefferson County,2020-12-24,3.43
Lafayette County,2020-12-24,2.13
Lake County,2020-12-24,6.93
Lee County,2020-12-24,12.71
Leon County,2020-12-24,3.68
Levy County,2020-12-24,3.67
Liberty County,2020-12-24,4.66
Madison County,2020-12-24,2.33
Manatee County,2020-12-24,8.37
Marion County,2020-12-24,4.67
Martin County,2020-12-24,13.13
Miami-Dade County,2020-12-24,15.99
Monroe County,2020-12-24,15.28
Nassau County,2020-12-24,3.17
Okaloosa County,2020-12-24,5.81
Okeechobee County,2020-12-24,11.22
Orange County,2020-12-24,8.55
Osceola County,2020-12-24,9.48
Palm Beach County,2020-12-24,13.87
Pasco County,2020-12-24,6.29
Pinellas County,2020-12-24,8.38
Polk County,2020-12-24,8.47
Putnam County,2020-12-24,5.52
St. Johns County,2020-12-24,7.09
St. Lucie County,2020-12-24,11.87
Santa Rosa County,2020-12-24,6.63
Sarasota County,2020-12-24,8.86
Seminole County,2020-12-24,8.64
Sumter County,2020-12-24,5.72
Suwannee County,2020-12-24,1.63
Taylor County,2020-12-24,3.73
Union County,2020-12-24,1.85
Volusia County,2020-12-24,8.46
Wakulla County,2020-12-24,4.37
Walton County,2020-12-24,5.31
Washington County,2020-12-24,4.72
Alachua County,2020-12-25,2.79
Baker County,2020-12-25,2.16
Bay County,2020-12-25,1.31
Bradford County,2020-12-25,3.39
Brevard County,2020-12-25,4.82
Broward County,2020-12-25,11.47
Calhoun County,2020-12-25,0.26
Charlotte County,2020-12-25,8.52
Citrus County,2020-12-25,4.46
Clay County,2020-12-25,5.17
Collier County,2020-12-25,11.71
Columbia County,2020-12-25,0.21
DeSoto County,2020-12-25,6.68
Dixie County,2020-12-25,0.78
Duval County,2020-12-25,6.17
Escambia County,2020-12-25,0.6
Flagler County,2020-12-25,3.45
Franklin County,2020-12-25,1.03
Gadsden County,2020-12-25,-0.79
Gilchrist County,2020-12-25,0.74
Glades County,2020-12-25,7.84
Gulf County,2020-12-25,1.32
Hamilton County,2020-12-25,-1.68
Hardee County,2020-12-25,5.62
Hendry County,2020-12-25,9.73
Hernando County,2020-12-25,5.95
Highlands County,2020-12-25,5.4
Hillsborough County,2020-12-25,8.86
Holmes County,2020-12-25,-1.46
Indian River County,2020-12-25,5.9
Jackson County,2020-12-25,-0.19
Jefferson County,2020-12-25,-1.31
Lafayette County,2020-12-25,-1.27
Lake County,2020-12-25,3.67
Lee County,2020-12-25,10.42
Leon County,2020-12-25,-1.09
Levy County,2020-12-25,2.85
Liberty County,2020-12-25,0.17
Madison County,2020-12-25,-1.96
Manatee County,2020-12-25,9.21
Marion County,2020-12-25,3.12
Martin County,2020-12-25,8.79
Miami-Dade County,2020-12-25,13.18
Monroe County,2020-12-25,13.71
Nassau County,2020-12-25,5.07
Okaloosa County,2020-12-25,-0.61
Okeechobee County,2020-12-25,6.5
Orange County,2020-12-25,4.19
Osceola County,2020-12-25,4.82
Palm Beach County,2020-12-25,10.11
Pasco County,2020-12-25,7.42
Pinellas County,2020-12-25,12.32
Polk County,2020-12-25,5.19
Putnam County,2020-12-25,4.36
St. Johns County,2020-12-25,5.36
St. Lucie County,2020-12-25,7.3
Santa Rosa County,2020-12-25,-0.21
Sarasota County,2020-12-25,9.39
Seminole County,2020-12-25,3.96
Sumter County,2020-12-25,3.93
Suwannee County,2020-12-25,-1.46
Taylor County,2020-12-25,-0.54
Union County,2020-12-25,1.88
Volusia County,2020-12-25,3.11
Wakulla County,2020-12-25,-0.24
Walton County,2020-12-25,-0.66
Washington County,2020-12-25,-0.38
Alachua County,2020-12-26,-2.42
Baker County,2020-12-26,-2.8
Bay County,2020-12-26,-0.93
Bradford County,2020-12-26,-1.95
Brevard County,2020-12-26,2.74
Broward County,2020-12-26,6.44
Calhoun County,2020-12-26,-2.72
Charlotte County,2020-12-26,3.78
Citrus County,2020-12-26,-0.19
Clay County,2020-12-26,-0.3
Collier County,2020-12-26,6.99
Columbia County,2020-12-26,-3.72
DeSoto County,2020-12-26,2.15
Dixie County,2020-12-26,-3.24
Duval County,2020-12-26,0.13
Escambia County,2020-12-26,-1.39
Flagler County,2020-12-26,0.54
Franklin County,2020-12-26,-1.79
Gadsden County,2020-12-26,-3.83
Gilchrist County,2020-12-26,-3.73
Glades County,2020-12-26,3.97
Gulf County,2020-12-26,-1.23
Hamilton County,2020-12-26,-4.58
Hardee County,2020-12-26,1.51
Hendry County,2020-12-26,5.55
Hernando County,2020-12-26,1.27
Highlands County,2020-12-26,1.98
Hillsborough County,2020-12-26,4.02
Holmes County,2020-12-26,-3.97
Indian River County,2020-12-26,2.9
Jackson County,2020-12-26,-3.47
Jefferson County,2020-12-26,-3.67
Lafayette County,2020-12-26,-4.51
Lake County,2020-12-26,0.58
Lee County,2020-12-26,5.88
Leon County,2020-12-26,-3.79
Levy County,2020-12-26,-2.08
Liberty County,2020-12-26,-2.94
Madison County,2020-12-26,-4.33
Manatee County,2020-12-26,3.49
Marion County,2020-12-26,-1.31
Martin County,2020-12-26,5.26
Miami-Dade County,2020-12-26,7.42
Monroe County,2020-12-26,9.34
Nassau County,2020-12-26,-1.18
Okaloosa County,2020-12-26,-2.26
Okeechobee County,2020-12-26,3.11
Orange County,2020-12-26,1.81
Osceola County,2020-12-26,2.28
Palm Beach County,2020-12-26,5.95
Pasco County,2020-12-26,2.52
Pinellas County,2020-12-26,6.45
Polk County,2020-12-26,1.98
Putnam County,2020-12-26,-0.18
St. Johns County,2020-12-26,1.08
St. Lucie County,2020-12-26,4.01
Santa Rosa County,2020-12-26,-1.9
Sarasota County,2020-12-26,3.32
Seminole County,2020-12-26,1.6
Sumter County,2020-12-26,-0.0
Suwannee County,2020-12-26,-4.53
Taylor County,2020-12-26,-3.32
Union County,2020-12-26,-2.95
Volusia County,2020-12-26,0.8
Wakulla County,2020-12-26,-3.06
Walton County,2020-12-26,-2.53
Washington County,2020-12-26,-2.8
Alachua County,2020-12-27,-2.91
Baker County,2020-12-27,-3.62
Bay County,2020-12-27,-1.44
Bradford County,2020-12-27,-2.67
Brevard County,2020-12-27,2.9
Broward County,2020-12-27,6.85
Calhoun County,2020-12-27,-2.83
Charlotte County,2020-12-27,3.54
Citrus County,2020-12-27,-1.68
Clay County,2020-12-27,-1.28
Collier County,2020-12-27,6.67
Columbia County,2020-12-27,-4.03
DeSoto County,2020-12-27,2.52
Dixie County,2020-12-27,-3.58
Duval County,2020-12-27,-1.25
Escambia County,2020-12-27,-2.07
Flagler County,2020-12-27,0.34
Franklin County,2020-12-27,-2.49
Gadsden County,2020-12-27,-3.21
Gilchrist County,2020-12-27,-3.89
Glades County,2020-12-27,4.38
Gulf County,2020-12-27,-2.06
Hamilton County,2020-12-27,-4.39
Hardee County,2020-12-27,1.76
Hendry County,2020-12-27,5.64
Hernando County,2020-12-27,-0.85
Highlands County,2020-12-27,2.78
Hillsborough County,2020-12-27,1.39
Holmes County,2020-12-27,-3.54
Indian River County,2020-12-27,3.06
Jackson County,2020-12-27,-3.08
Jefferson County,2020-12-27,-3.18
Lafayette County,2020-12-27,-4.19
Lake County,2020-12-27,0.31
Lee County,2020-12-27,5.52
Leon County,2020-12-27,-3.38
Levy County,2020-12-27,-2.87
Liberty County,2020-12-27,-3.1
Madison County,2020-12-27,-3.71
Manatee County,2020-12-27,1.71
Marion County,2020-12-27,-1.76
Martin County,2020-12-27,5.24
Miami-Dade County,2020-12-27,8.91
Monroe County,2020-12-27,9.97
Nassau County,2020-12-27,-2.58
Okaloosa County,2020-12-27,-2.55
Okeechobee County,2020-12-27,3.54
Orange County,2020-12-27,1.85
Osceola County,2020-12-27,2.54
Palm Beach County,2020-12-27,6.0
Pasco County,2020-12-27,-0.05
Pinellas County,2020-12-27,1.92
Polk County,2020-12-27,1.87
Putnam County,2020-12-27,-0.77
St. Johns County,2020-12-27,0.3
St. Lucie County,2020-12-27,4.08
Santa Rosa County,2020-12-27,-2.59
Sarasota County,2020-12-27,1.84
Seminole County,2020-12-27,1.7
Sumter County,2020-12-27,-0.83
Suwannee County,2020-12-27,-4.23
Taylor County,2020-12-27,-3.12
Union County,2020-12-27,-3.54
Volusia County,2020-12-27,0.94
Wakulla County,2020-12-27,-3.15
Walton County,2020-12-27,-2.52
Washington County,2020-12-27,-2.88
Alachua County,2020-12-28,-0.79
Baker County,2020-12-28,-3.28
Bay County,2020-12-28,0.89
Bradford County,2020-12-28,-1.7
Brevard County,2020-12-28,6.08
Broward County,2020-12-28,10.14
Calhoun County,2020-12-28,-0.74
Charlotte County,2020-12-28,5.89
Citrus County,2020-12-28,2.92
Clay County,2020-12-28,-0.61
Collier County,2020-12-28,9.15
Columbia County,2020-12-28,-3.04
DeSoto County,2020-12-28,4.87
Dixie County,2020-12-28,0.09
Duval County,2020-12-28,-1.07
Escambia County,2020-12-28,-0.38
Flagler County,2020-12-28,2.27
Franklin County,2020-12-28,0.23
Gadsden County,2020-12-28,-1.53
Gilchrist County,2020-12-28,-1.08
Glades County,2020-12-28,7.34
Gulf County,2020-12-28,0.66
Hamilton County,2020-12-28,-3.35
Hardee County,2020-12-28,4.17
Hendry County,2020-12-28,8.62
Hernando County,2020-12-28,3.31
Highlands County,2020-12-28,5.61
Hillsborough County,2020-12-28,4.12
Holmes County,2020-12-28,-2.09
Indian River County,2020-12-28,6.08
Jackson County,2020-12-28,-1.46
Jefferson County,2020-12-28,-1.03
Lafayette County,2020-12-28,-1.77
Lake County,2020-12-28,2.97
Lee County,2020-12-28,7.93
Leon County,2020-12-28,-1.45
Levy County,2020-12-28,1.32
Liberty County,2020-12-28,-1.03
Madison County,2020-12-28,-1.87
Manatee County,2020-12-28,3.62
Marion County,2020-12-28,1.17
Martin County,2020-12-28,8.47
Miami-Dade County,2020-12-28,11.75
Monroe County,2020-12-28,11.99
Nassau County,2020-12-28,-2.69
Okaloosa County,2020-12-28,-0.74
Okeechobee County,2020-12-28,6.43
Orange County,2020-12-28,4.37
Osceola County,2020-12-28,5.17
Palm Beach County,2020-12-28,9.29
Pasco County,2020-12-28,3.44
Pinellas County,2020-12-28,4.52
Polk County,2020-12-28,4.6
Putnam County,2020-12-28,0.7
St. Johns County,2020-12-28,1.5
St. Lucie County,2020-12-28,7.24
Santa Rosa County,2020-12-28,-0.68
Sarasota County,2020-12-28,3.65
Seminole County,2020-12-28,4.06
Sumter County,2020-12-28,2.78
Suwannee County,2020-12-28,-2.62
Taylor County,2020-12-28,-0.31
Union County,2020-12-28,-2.53
Volusia County,2020-12-28,3.38
Wakulla County,2020-12-28,-0.72
Walton County,2020-12-28,-0.75
Washington County,2020-12-28,-1.04
Alachua County,2020-12-29,4.68
Baker County,2020-12-29,2.76
Bay County,2020-12-29,4.35
Bradford County,2020-12-29,4.24
Brevard County,2020-12-29,12.3
Broward County,2020-12-29,14.51
Calhoun County,2020-12-29,2.65
Charlotte County,2020-12-29,10.19
Citrus County,2020-12-29,7.6
Clay County,2020-12-29,5.37
Collier County,2020-12-29,12.74
Columbia County,2020-12-29,3.03
DeSoto County,2020-12-29,9.24
Dixie County,2020-12-29,4.95
Duval County,2020-12-29,4.73
Escambia County,2020-12-29,5.25
Flagler County,2020-12-29,9.11
Franklin County,2020-12-29,4.89
Gadsden County,2020-12-29,2.83
Gilchrist County,2020-12-29,4.1
Glades County,2020-12-29,10.99
Gulf County,2020-12-29,4.68
Hamilton County,2020-12-29,2.49
Hardee County,2020-12-29,8.82
Hendry County,2020-12-29,12.51
Hernando County,2020-12-29,8.6
Highlands County,2020-12-29,9.3
Hillsborough County,2020-12-29,10.28
Holmes County,2020-12-29,0.38
Indian River County,2020-12-29,10.98
Jackson County,2020-12-29,1.78
Jefferson County,2020-12-29,4.12
Lafayette County,2020-12-29,3.83
Lake County,2020-12-29,9.28
Lee County,2020-12-29,11.62
Leon County,2020-12-29,3.42
Levy County,2020-12-29,5.73
Liberty County,2020-12-29,3.13
Madison County,2020-12-29,3.65
Manatee County,2020-12-29,9.99
Marion County,2020-12-29,6.63
Martin County,2020-12-29,13.18
Miami-Dade County,2020-12-29,15.42
Monroe County,2020-12-29,15.51
Nassau County,2020-12-29,2.85
Okaloosa County,2020-12-29,2.69
Okeechobee County,2020-12-29,10.59
Orange County,2020-12-29,10.89
Osceola County,2020-12-29,10.54
Palm Beach County,2020-12-29,14.13
Pasco County,2020-12-29,9.28
Pinellas County,2020-12-29,11.55
Polk County,2020-12-29,9.64
Putnam County,2020-12-29,6.83
St. Johns County,2020-12-29,7.77
St. Lucie County,2020-12-29,11.84
Santa Rosa County,2020-12-29,3.96
Sarasota County,2020-12-29,9.82
Seminole County,2020-12-29,11.02
Sumter County,2020-12-29,8.24
Suwannee County,2020-12-29,3.31
Taylor County,2020-12-29,4.97
Union County,2020-12-29,3.53
Volusia County,2020-12-29,10.5
Wakulla County,2020-12-29,4.08
Walton County,2020-12-29,2.0
Washington County,2020-12-29,1.75
Alachua County,2020-12-30,5.72
Baker County,2020-12-30,3.29
Bay County,2020-12-30,6.72
Bradford County,2020-12-30,4.87
Brevard County,2020-12-30,13.91
Broward County,2020-12-30,16.98
Calhoun County,2020-12-30,5.46
Charlotte County,2020-12-30,11.28
Citrus County,2020-12-30,9.1
Clay County,2020-12-30,6.07
Collier County,2020-12-30,13.73
Columbia County,2020-12-30,3.83
DeSoto County,2020-12-30,10.61
Dixie County,2020-12-30,6.55
Duval County,2020-12-30,5.13
Escambia County,2020-12-30,6.63
Flagler County,2020-12-30,10.45
Franklin County,2020-12-30,7.72
Gadsden County,2020-12-30,5.66
Gilchrist County,2020-12-30,5.46
Glades County,2020-12-30,12.38
Gulf County,2020-12-30,7.55
Hamilton County,2020-12-30,3.82
Hardee County,2020-12-30,10.52
Hendry County,2020-12-30,13.69
Hernando County,2020-12-30,10.04
Highlands County,2020-12-30,11.0
Hillsborough County,2020-12-30,11.38
Holmes County,2020-12-30,3.13
Indian River County,2020-12-30,13.65
Jackson County,2020-12-30,4.41
Jefferson County,2020-12-30,6.19
Lafayette County,2020-12-30,5.44
Lake County,2020-12-30,11.41
Lee County,2020-12-30,12.72
Leon County,2020-12-30,5.94
Levy County,2020-12-30,7.2
Liberty County,2020-12-30,6.19
Madison County,2020-12-30,5.49
Manatee County,2020-12-30,10.91
Marion County,2020-12-30,8.34
Martin County,2020-12-30,16.82
Miami-Dade County,2020-12-30,17.28
Monroe County,2020-12-30,16.91
Nassau County,2020-12-30,3.34
Okaloosa County,2020-12-30,4.8
Okeechobee County,2020-12-30,12.86
Orange County,2020-12-30,12.8
Osceola County,2020-12-30,12.47
Palm Beach County,2020-12-30,17.2
Pasco County,2020-12-30,10.62
Pinellas County,2020-12-30,12.21
Polk County,2020-12-30,11.63
Putnam County,2020-12-30,8.13
St. Johns County,2020-12-30,8.43
St. Lucie County,2020-12-30,15.28
Santa Rosa County,2020-12-30,5.71
Sarasota County,2020-12-30,10.58
Seminole County,2020-12-30,13.02
Sumter County,2020-12-30,10.15
Suwannee County,2020-12-30,4.65
Taylor County,2020-12-30,6.77
Union County,2020-12-30,4.14
Volusia County,2020-12-30,12.22
Wakulla County,2020-12-30,6.61
Walton County,2020-12-30,4.3
Washington County,2020-12-30,3.96
Alachua County,2020-12-31,10.61
Baker County,2020-12-31,10.05
Bay County,2020-12-31,10.89
Bradford County,2020-12-31,10.42
Brevard County,2020-12-31,18.11
Broward County,2020-12-31,18.45
Calhoun County,2020-12-31,10.26
Charlotte County,2020-12-31,15.07
Citrus County,2020-12-31,12.31
Clay County,2020-12-31,11.63
Collier County,2020-12-31,16.02
Columbia County,2020-12-31,10.4
DeSoto County,2020-12-31,14.41
Dixie County,2020-12-31,11.73
Duval County,2020-12-31,12.13
Escambia County,2020-12-31,12.18
Flagler County,2020-12-31,13.34
Franklin County,2020-12-31,11.18
Gadsden County,2020-12-31,10.21
Gilchrist County,2020-12-31,10.98
Glades County,2020-12-31,14.75
Gulf County,2020-12-31,11.4
Hamilton County,2020-12-31,10.59
Hardee County,2020-12-31,14.04
Hendry County,2020-12-31,14.61
Hernando County,2020-12-31,12.82
Highlands County,2020-12-31,14.58
Hillsborough County,2020-12-31,14.21
Holmes County,2020-12-31,8.55
Indian River County,2020-12-31,18.46
Jackson County,2020-12-31,9.93
Jefferson County,2020-12-31,11.08
Lafayette County,2020-12-31,11.15
Lake County,2020-12-31,13.06
Lee County,2020-12-31,16.32
Leon County,2020-12-31,10.43
Levy County,2020-12-31,11.77
Liberty County,2020-12-31,10.37
Madison County,2020-12-31,11.25
Manatee County,2020-12-31,14.23
Marion County,2020-12-31,11.32
Martin County,2020-12-31,19.12
Miami-Dade County,2020-12-31,20.18
Monroe County,2020-12-31,19.77
Nassau County,2020-12-31,11.21
Okaloosa County,2020-12-31,8.63
Okeechobee County,2020-12-31,16.41
Orange County,2020-12-31,15.0
Osceola County,2020-12-31,16.29
Palm Beach County,2020-12-31,18.08
Pasco County,2020-12-31,13.3
Pinellas County,2020-12-31,15.22
Polk County,2020-12-31,14.61
Putnam County,2020-12-31,12.02
St. Johns County,2020-12-31,13.67
St. Lucie County,2020-12-31,18.86
Santa Rosa County,2020-12-31,10.27
Sarasota County,2020-12-31,14.31
Seminole County,2020-12-31,14.61
Sumter County,2020-12-31,12.43
Suwannee County,2020-12-31,10.91
Taylor County,2020-12-31,11.77
Union County,2020-12-31,10.14
Volusia County,2020-12-31,13.89
Wakulla County,2020-12-31,10.6
Walton County,2020-12-31,8.44
Washington County,2020-12-31,9.56
