"Program","Year","Period","Week Ending","Geo Level","State","State ANSI","Ag District","Ag District Code","County","County ANSI","Zip Code","Region","watershed_code","Watershed","Commodity","Data Item","Domain","Domain Category","Value","CV (%)"
"SURVEY","2025","YEAR","","COUNTY","FLORIDA","12","","99","OTHER COUNTIES","","","","00000000","","PEANUTS","PEANUTS - ACRES HARVESTED","TOTAL","NOT SPECIFIED","48,700","5.5"
"SURVEY","2025","YEAR","","COUNTY","FLORIDA","12","","99","OTHER COUNTIES","","","","00000000","","PEANUTS","PEANUTS - ACRES PLANTED","TOTAL","NOT SPECIFIED","51,400","1.3"
"SURVEY","2025","YEAR","","COUNTY","FLORIDA","12","","99","OTHER COUNTIES","","","","00000000","","PEANUTS","PEANUTS - PRODUCTION, MEASURED IN LB","TOTAL","NOT SPECIFIED","180,030,000","6.5"
"SURVEY","2025","YEAR","","COUNTY","FLORIDA","12","","99","OTHER COUNTIES","","","","00000000","","PEANUTS","PEANUTS - YIELD, MEASURED IN LB / ACRE","TOTAL","NOT SPECIFIED","3,697","3.5"
"SURVEY","2025","YEAR","","COUNTY","FLORIDA","12","CENTRAL","50","LEVY","075","","","00000000","","PEANUTS","PEANUTS - ACRES HARVESTED","TOTAL","NOT SPECIFIED","11,800","14.5"
"SURVEY","2025","YEAR","","COUNTY","FLORIDA","12","CENTRAL","50","LEVY","075","","","00000000","","PEANUTS","PEANUTS - ACRES PLANTED","TOTAL","NOT SPECIFIED","12,500","0.8"
"SURVEY","2025","YEAR","","COUNTY","FLORIDA","12","CENTRAL","50","LEVY","075","","","00000000","","PEANUTS","PEANUTS - PRODUCTION, MEASURED IN LB","TOTAL","NOT SPECIFIED","51,200,000","14.9"
"SURVEY","2025","YEAR","","COUNTY","FLORIDA","12","CENTRAL","50","LEVY","075","","","00000000","","PEANUTS","PEANUTS - YIELD, MEASURED IN LB / ACRE","TOTAL","NOT SPECIFIED","4,339","4.0"
"SURVEY","2025","YEAR","","COUNTY","FLORIDA","12","NORTHEAST","30","LAFAYETTE","067","","","00000000","","PEANUTS","PEANUTS - ACRES HARVESTED","TOTAL","NOT SPECIFIED","3,440","16.1"
"SURVEY","2025","YEAR","","COUNTY","FLORIDA","12","NORTHEAST","30","LAFAYETTE","067","","","00000000","","PEANUTS","PEANUTS - ACRES PLANTED","TOTAL","NOT SPECIFIED","3,600","6.0"
"SURVEY","2025","YEAR","","COUNTY","FLORIDA","12","NORTHEAST","30","LAFAYETTE","067","","","00000000","","PEANUTS","PEANUTS - PRODUCTION, MEASURED IN LB","TOTAL","NOT SPECIFIED","14,360,000","16.9"
"SURVEY","2025","YEAR","","COUNTY","FLORIDA","12","NORTHEAST","30","LAFAYETTE","067","","","00000000","","PEANUTS","PEANUTS - YIELD, MEASURED IN LB / ACRE","TOTAL","NOT SPECIFIED","4,174","5.1"
"SURVEY","2025","YEAR","","COUNTY","FLORIDA","12","NORTHEAST","30","SUWANNEE","121","","","00000000","","PEANUTS","PEANUTS - ACRES HARVESTED","TOTAL","NOT SPECIFIED","11,600","14.0"
"SURVEY","2025","YEAR","","COUNTY","FLORIDA","12","NORTHEAST","30","SUWANNEE","121","","","00000000","","PEANUTS","PEANUTS - ACRES PLANTED","TOTAL","NOT SPECIFIED","12,300","0.8"
"SURVEY","2025","YEAR","","COUNTY","FLORIDA","12","NORTHEAST","30","SUWANNEE","121","","","00000000","","PEANUTS","PEANUTS - PRODUCTION, MEASURED IN LB","TOTAL","NOT SPECIFIED","51,070,000","14.7"
"SURVEY","2025","YEAR","","COUNTY","FLORIDA","12","NORTHEAST","30","SUWANNEE","121","","","00000000","","PEANUTS","PEANUTS - YIELD, MEASURED IN LB / ACRE","TOTAL","NOT SPECIFIED","4,403","4.4"
"SURVEY","2025","YEAR","","COUNTY","FLORIDA","12","NORTHWEST","10","CALHOUN","013","","","00000000","","PEANUTS","PEANUTS - ACRES HARVESTED","TOTAL","NOT SPECIFIED","8,100","12.4"
"SURVEY","2025","YEAR","","COUNTY","FLORIDA","12","NORTHWEST","10","CALHOUN","013","","","00000000","","PEANUTS","PEANUTS - ACRES PLANTED","TOTAL","NOT SPECIFIED","8,500","1.2"
"SURVEY","2025","YEAR","","COUNTY","FLORIDA","12","NORTHWEST","10","CALHOUN","013","","","00000000","","PEANUTS","PEANUTS - PRODUCTION, MEASURED IN LB","TOTAL","NOT SPECIFIED","29,960,000","12.7"
"SURVEY","2025","YEAR","","COUNTY","FLORIDA","12","NORTHWEST","10","CALHOUN","013","","","00000000","","PEANUTS","PEANUTS - YIELD, MEASURED IN LB / ACRE","TOTAL","NOT SPECIFIED","3,699","2.7"
"SURVEY","2025","YEAR","","COUNTY","FLORIDA","12","NORTHWEST","10","ESCAMBIA","033","","","00000000","","PEANUTS","PEANUTS - ACRES HARVESTED","TOTAL","NOT SPECIFIED","9,310","11.0"
"SURVEY","2025","YEAR","","COUNTY","FLORIDA","12","NORTHWEST","10","ESCAMBIA","033","","","00000000","","PEANUTS","PEANUTS - ACRES PLANTED","TOTAL","NOT SPECIFIED","9,800","1.1"
"SURVEY","2025","YEAR","","COUNTY","FLORIDA","12","NORTHWEST","10","ESCAMBIA","033","","","00000000","","PEANUTS","PEANUTS - PRODUCTION, MEASURED IN LB","TOTAL","NOT SPECIFIED","40,020,000","11.7"
"SURVEY","2025","YEAR","","COUNTY","FLORIDA","12","NORTHWEST","10","ESCAMBIA","033","","","00000000","","PEANUTS","PEANUTS - YIELD, MEASURED IN LB / ACRE","TOTAL","NOT SPECIFIED","4,299","3.8"
"SURVEY","2025","YEAR","","COUNTY","FLORIDA","12","NORTHWEST","10","JACKSON","063","","","00000000","","PEANUTS","PEANUTS - ACRES HARVESTED","TOTAL","NOT SPECIFIED","49,000","7.9"
"SURVEY","2025","YEAR","","COUNTY","FLORIDA","12","NORTHWEST","10","JACKSON","063","","","00000000","","PEANUTS","PEANUTS - ACRES PLANTED","TOTAL","NOT SPECIFIED","50,200","0.7"
"SURVEY","2025","YEAR","","COUNTY","FLORIDA","12","NORTHWEST","10","JACKSON","063","","","00000000","","PEANUTS","PEANUTS - PRODUCTION, MEASURED IN LB","TOTAL","NOT SPECIFIED","193,950,000","9.5"
"SURVEY","2025","YEAR","","COUNTY","FLORIDA","12","NORTHWEST","10","JACKSON","063","","","00000000","","PEANUTS","PEANUTS - YIELD, MEASURED IN LB / ACRE","TOTAL","NOT SPECIFIED","3,958","5.5"
"SURVEY","2025","YEAR","","COUNTY","FLORIDA","12","NORTHWEST","10","SANTA ROSA","113","","","00000000","","PEANUTS","PEANUTS - ACRES HARVESTED","TOTAL","NOT SPECIFIED","21,800","14.8"
"SURVEY","2025","YEAR","","COUNTY","FLORIDA","12","NORTHWEST","10","SANTA ROSA","113","","","00000000","","PEANUTS","PEANUTS - ACRES PLANTED","TOTAL","NOT SPECIFIED","23,300","0.6"
"SURVEY","2025","YEAR","","COUNTY","FLORIDA","12","NORTHWEST","10","SANTA ROSA","113","","","00000000","","PEANUTS","PEANUTS - PRODUCTION, MEASURED IN LB","TOTAL","NOT SPECIFIED","79,050,000","16.3"
"SURVEY","2025","YEAR","","COUNTY","FLORIDA","12","NORTHWEST","10","SANTA ROSA","113","","","00000000","","PEANUTS","PEANUTS - YIELD, MEASURED IN LB / ACRE","TOTAL","NOT SPECIFIED","3,626","6.5"
"SURVEY","2025","YEAR","","COUNTY","FLORIDA","12","NORTHWEST","10","WASHINGTON","133","","","00000000","","PEANUTS","PEANUTS - ACRES HARVESTED","TOTAL","NOT SPECIFIED","3,250","16.5"
"SURVEY","2025","YEAR","","COUNTY","FLORIDA","12","NORTHWEST","10","WASHINGTON","133","","","00000000","","PEANUTS","PEANUTS - ACRES PLANTED","TOTAL","NOT SPECIFIED","3,400","5.9"
"SURVEY","2025","YEAR","","COUNTY","FLORIDA","12","NORTHWEST","10","WASHINGTON","133","","","00000000","","PEANUTS","PEANUTS - PRODUCTION, MEASURED IN LB","TOTAL","NOT SPECIFIED","11,660,000","17.5"
"SURVEY","2025","YEAR","","COUNTY","FLORIDA","12","NORTHWEST","10","WASHINGTON","133","","","00000000","","PEANUTS","PEANUTS - YIELD, MEASURED IN LB / ACRE","TOTAL","NOT SPECIFIED","3,588","6.4"
"SURVEY","2024","YEAR","","COUNTY","FLORIDA","12","","99","OTHER COUNTIES","","","","00000000","","PEANUTS","PEANUTS - ACRES HARVESTED","TOTAL","NOT SPECIFIED","58,360","1.1"
"SURVEY","2024","YEAR","","COUNTY","FLORIDA","12","","99","OTHER COUNTIES","","","","00000000","","PEANUTS","PEANUTS - ACRES PLANTED","TOTAL","NOT SPECIFIED","62,000","0.6"
"SURVEY","2024","YEAR","","COUNTY","FLORIDA","12","","99","OTHER COUNTIES","","","","00000000","","PEANUTS","PEANUTS - PRODUCTION, MEASURED IN LB","TOTAL","NOT SPECIFIED","206,920,000","3.7"
"SURVEY","2024","YEAR","","COUNTY","FLORIDA","12","","99","OTHER COUNTIES","","","","00000000","","PEANUTS","PEANUTS - YIELD, MEASURED IN LB / ACRE","TOTAL","NOT SPECIFIED","3,546","3.6"
"SURVEY","2024","YEAR","","COUNTY","FLORIDA","12","NORTHEAST","30","SUWANNEE","121","","","00000000","","PEANUTS","PEANUTS - ACRES HARVESTED","TOTAL","NOT SPECIFIED","11,600","2.6"
"SURVEY","2024","YEAR","","COUNTY","FLORIDA","12","NORTHEAST","30","SUWANNEE","121","","","00000000","","PEANUTS","PEANUTS - ACRES PLANTED","TOTAL","NOT SPECIFIED","12,200","0.6"
"SURVEY","2024","YEAR","","COUNTY","FLORIDA","12","NORTHEAST","30","SUWANNEE","121","","","00000000","","PEANUTS","PEANUTS - PRODUCTION, MEASURED IN LB","TOTAL","NOT SPECIFIED","46,990,000","7.5"
"SURVEY","2024","YEAR","","COUNTY","FLORIDA","12","NORTHEAST","30","SUWANNEE","121","","","00000000","","PEANUTS","PEANUTS - YIELD, MEASURED IN LB / ACRE","TOTAL","NOT SPECIFIED","4,051","7.1"
"SURVEY","2024","YEAR","","COUNTY","FLORIDA","12","NORTHWEST","10","CALHOUN","013","","","00000000","","PEANUTS","PEANUTS - ACRES HARVESTED","TOTAL","NOT SPECIFIED","8,160","2.2"
"SURVEY","2024","YEAR","","COUNTY","FLORIDA","12","NORTHWEST","10","CALHOUN","013","","","00000000","","PEANUTS","PEANUTS - ACRES PLANTED","TOTAL","NOT SPECIFIED","8,700","1.0"
"SURVEY","2024","YEAR","","COUNTY","FLORIDA","12","NORTHWEST","10","CALHOUN","013","","","00000000","","PEANUTS","PEANUTS - PRODUCTION, MEASURED IN LB","TOTAL","NOT SPECIFIED","29,520,000","7.0"
"SURVEY","2024","YEAR","","COUNTY","FLORIDA","12","NORTHWEST","10","CALHOUN","013","","","00000000","","PEANUTS","PEANUTS - YIELD, MEASURED IN LB / ACRE","TOTAL","NOT SPECIFIED","3,618","6.7"
"SURVEY","2024","YEAR","","COUNTY","FLORIDA","12","NORTHWEST","10","ESCAMBIA","033","","","00000000","","PEANUTS","PEANUTS - ACRES HARVESTED","TOTAL","NOT SPECIFIED","8,590","2.7"
"SURVEY","2024","YEAR","","COUNTY","FLORIDA","12","NORTHWEST","10","ESCAMBIA","033","","","00000000","","PEANUTS","PEANUTS - ACRES PLANTED","TOTAL","NOT SPECIFIED","9,000","0.9"
"SURVEY","2024","YEAR","","COUNTY","FLORIDA","12","NORTHWEST","10","ESCAMBIA","033","","","00000000","","PEANUTS","PEANUTS - PRODUCTION, MEASURED IN LB","TOTAL","NOT SPECIFIED","36,280,000","5.4"
"SURVEY","2024","YEAR","","COUNTY","FLORIDA","12","NORTHWEST","10","ESCAMBIA","033","","","00000000","","PEANUTS","PEANUTS - YIELD, MEASURED IN LB / ACRE","TOTAL","NOT SPECIFIED","4,224","4.6"
"SURVEY","2024","YEAR","","COUNTY","FLORIDA","12","NORTHWEST","10","HOLMES","059","","","00000000","","PEANUTS","PEANUTS - ACRES HARVESTED","TOTAL","NOT SPECIFIED","8,000","2.2"
"SURVEY","2024","YEAR","","COUNTY","FLORIDA","12","NORTHWEST","10","HOLMES","059","","","00000000","","PEANUTS","PEANUTS - ACRES PLANTED","TOTAL","NOT SPECIFIED","8,400","0.9"
"SURVEY","2024","YEAR","","COUNTY","FLORIDA","12","NORTHWEST","10","HOLMES","059","","","00000000","","PEANUTS","PEANUTS - PRODUCTION, MEASURED IN LB","TOTAL","NOT SPECIFIED","24,310,000","12.7"
"SURVEY","2024","YEAR","","COUNTY","FLORIDA","12","NORTHWEST","10","HOLMES","059","","","00000000","","PEANUTS","PEANUTS - YIELD, MEASURED IN LB / ACRE","TOTAL","NOT SPECIFIED","3,039","12.5"
"SURVEY","2024","YEAR","","COUNTY","FLORIDA","12","NORTHWEST","10","JACKSON","063","","","00000000","","PEANUTS","PEANUTS - ACRES HARVESTED","TOTAL","NOT SPECIFIED","41,300","1.9"
"SURVEY","2024","YEAR","","COUNTY","FLORIDA","12","NORTHWEST","10","JACKSON","063","","","00000000","","PEANUTS","PEANUTS - ACRES PLANTED","TOTAL","NOT SPECIFIED","42,700","0.4"
"SURVEY","2024","YEAR","","COUNTY","FLORIDA","12","NORTHWEST","10","JACKSON","063","","","00000000","","PEANUTS","PEANUTS - PRODUCTION, MEASURED IN LB","TOTAL","NOT SPECIFIED","122,100,000","6.5"
"SURVEY","2024","YEAR","","COUNTY","FLORIDA","12","NORTHWEST","10","JACKSON","063","","","00000000","","PEANUTS","PEANUTS - YIELD, MEASURED IN LB / ACRE","TOTAL","NOT SPECIFIED","2,956","6.2"
"SURVEY","2024","YEAR","","COUNTY","FLORIDA","12","NORTHWEST","10","OKALOOSA","091","","","00000000","","PEANUTS","PEANUTS - ACRES HARVESTED","TOTAL","NOT SPECIFIED","2,290","10.1"
"SURVEY","2024","YEAR","","COUNTY","FLORIDA","12","NORTHWEST","10","OKALOOSA","091","","","00000000","","PEANUTS","PEANUTS - ACRES PLANTED","TOTAL","NOT SPECIFIED","2,400","9.8"
"SURVEY","2024","YEAR","","COUNTY","FLORIDA","12","NORTHWEST","10","OKALOOSA","091","","","00000000","","PEANUTS","PEANUTS - PRODUCTION, MEASURED IN LB","TOTAL","NOT SPECIFIED","10,000,000","14.8"
"SURVEY","2024","YEAR","","COUNTY","FLORIDA","12","NORTHWEST","10","OKALOOSA","091","","","00000000","","PEANUTS","PEANUTS - YIELD, MEASURED IN LB / ACRE","TOTAL","NOT SPECIFIED","4,367","9.5"
"SURVEY","2024","YEAR","","COUNTY","FLORIDA","12","NORTHWEST","10","SANTA ROSA","113","","","00000000","","PEANUTS","PEANUTS - ACRES HARVESTED","TOTAL","NOT SPECIFIED","18,700","2.5"
"SURVEY","2024","YEAR","","COUNTY","FLORIDA","12","NORTHWEST","10","SANTA ROSA","113","","","00000000","","PEANUTS","PEANUTS - ACRES PLANTED","TOTAL","NOT SPECIFIED","19,600","0.4"
"SURVEY","2024","YEAR","","COUNTY","FLORIDA","12","NORTHWEST","10","SANTA ROSA","113","","","00000000","","PEANUTS","PEANUTS - PRODUCTION, MEASURED IN LB","TOTAL","NOT SPECIFIED","73,380,000","10.2"
"SURVEY","2024","YEAR","","COUNTY","FLORIDA","12","NORTHWEST","10","SANTA ROSA","113","","","00000000","","PEANUTS","PEANUTS - YIELD, MEASURED IN LB / ACRE","TOTAL","NOT SPECIFIED","3,924","9.9"
"SURVEY","2023","YEAR","","COUNTY","FLORIDA","12","","99","OTHER COUNTIES","","","","00000000","","PEANUTS","PEANUTS - ACRES HARVESTED","TOTAL","NOT SPECIFIED","69,480","0.9"
"SURVEY","2023","YEAR","","COUNTY","FLORIDA","12","","99","OTHER COUNTIES","","","","00000000","","PEANUTS","PEANUTS - ACRES PLANTED","TOTAL","NOT SPECIFIED","73,700","0.0"
"SURVEY","2023","YEAR","","COUNTY","FLORIDA","12","","99","OTHER COUNTIES","","","","00000000","","PEANUTS","PEANUTS - PRODUCTION, MEASURED IN LB","TOTAL","NOT SPECIFIED","264,270,000","2.2"
"SURVEY","2023","YEAR","","COUNTY","FLORIDA","12","","99","OTHER COUNTIES","","","","00000000","","PEANUTS","PEANUTS - YIELD, MEASURED IN LB / ACRE","TOTAL","NOT SPECIFIED","3,804","2.2"
"SURVEY","2023","YEAR","","COUNTY","FLORIDA","12","CENTRAL","50","LEVY","075","","","00000000","","PEANUTS","PEANUTS - ACRES HARVESTED","TOTAL","NOT SPECIFIED","13,000","2.6"
"SURVEY","2023","YEAR","","COUNTY","FLORIDA","12","CENTRAL","50","LEVY","075","","","00000000","","PEANUTS","PEANUTS - ACRES PLANTED","TOTAL","NOT SPECIFIED","13,600","0.1"
"SURVEY","2023","YEAR","","COUNTY","FLORIDA","12","CENTRAL","50","LEVY","075","","","00000000","","PEANUTS","PEANUTS - PRODUCTION, MEASURED IN LB","TOTAL","NOT SPECIFIED","52,000,000","6.0"
"SURVEY","2023","YEAR","","COUNTY","FLORIDA","12","CENTRAL","50","LEVY","075","","","00000000","","PEANUTS","PEANUTS - YIELD, MEASURED IN LB / ACRE","TOTAL","NOT SPECIFIED","4,000","5.4"
"SURVEY","2023","YEAR","","COUNTY","FLORIDA","12","NORTHWEST","10","ESCAMBIA","033","","","00000000","","PEANUTS","PEANUTS - ACRES HARVESTED","TOTAL","NOT SPECIFIED","8,720","2.2"
"SURVEY","2023","YEAR","","COUNTY","FLORIDA","12","NORTHWEST","10","ESCAMBIA","033","","","00000000","","PEANUTS","PEANUTS - ACRES PLANTED","TOTAL","NOT SPECIFIED","9,100","0.0"
"SURVEY","2023","YEAR","","COUNTY","FLORIDA","12","NORTHWEST","10","ESCAMBIA","033","","","00000000","","PEANUTS","PEANUTS - PRODUCTION, MEASURED IN LB","TOTAL","NOT SPECIFIED","24,790,000","8.8"
"SURVEY","2023","YEAR","","COUNTY","FLORIDA","12","NORTHWEST","10","ESCAMBIA","033","","","00000000","","PEANUTS","PEANUTS - YIELD, MEASURED IN LB / ACRE","TOTAL","NOT SPECIFIED","2,843","8.5"
"SURVEY","2023","YEAR","","COUNTY","FLORIDA","12","NORTHWEST","10","JACKSON","063","","","00000000","","PEANUTS","PEANUTS - ACRES HARVESTED","TOTAL","NOT SPECIFIED","40,400","1.9"
"SURVEY","2023","YEAR","","COUNTY","FLORIDA","12","NORTHWEST","10","JACKSON","063","","","00000000","","PEANUTS","PEANUTS - ACRES PLANTED","TOTAL","NOT SPECIFIED","42,200","0.0"
"SURVEY","2023","YEAR","","COUNTY","FLORIDA","12","NORTHWEST","10","JACKSON","063","","","00000000","","PEANUTS","PEANUTS - PRODUCTION, MEASURED IN LB","TOTAL","NOT SPECIFIED","136,430,000","5.1"
"SURVEY","2023","YEAR","","COUNTY","FLORIDA","12","NORTHWEST","10","JACKSON","063","","","00000000","","PEANUTS","PEANUTS - YIELD, MEASURED IN LB / ACRE","TOTAL","NOT SPECIFIED","3,377","4.7"
"SURVEY","2023","YEAR","","COUNTY","FLORIDA","12","NORTHWEST","10","SANTA ROSA","113","","","00000000","","PEANUTS","PEANUTS - ACRES HARVESTED","TOTAL","NOT SPECIFIED","20,400","2.6"
"SURVEY","2023","YEAR","","COUNTY","FLORIDA","12","NORTHWEST","10","SANTA ROSA","113","","","00000000","","PEANUTS","PEANUTS - ACRES PLANTED","TOTAL","NOT SPECIFIED","21,400","0.0"
"SURVEY","2023","YEAR","","COUNTY","FLORIDA","12","NORTHWEST","10","SANTA ROSA","113","","","00000000","","PEANUTS","PEANUTS - PRODUCTION, MEASURED IN LB","TOTAL","NOT SPECIFIED","45,390,000","6.4"
"SURVEY","2023","YEAR","","COUNTY","FLORIDA","12","NORTHWEST","10","SANTA ROSA","113","","","00000000","","PEANUTS","PEANUTS - YIELD, MEASURED IN LB / ACRE","TOTAL","NOT SPECIFIED","2,225","5.8"
"SURVEY","2022","YEAR","","COUNTY","FLORIDA","12","","99","OTHER COUNTIES","","","","00000000","","PEANUTS","PEANUTS - ACRES HARVESTED","TOTAL","NOT SPECIFIED","65,150","1.0"
"SURVEY","2022","YEAR","","COUNTY","FLORIDA","12","","99","OTHER COUNTIES","","","","00000000","","PEANUTS","PEANUTS - ACRES PLANTED","TOTAL","NOT SPECIFIED","69,100","0.4"
"SURVEY","2022","YEAR","","COUNTY","FLORIDA","12","","99","OTHER COUNTIES","","","","00000000","","PEANUTS","PEANUTS - PRODUCTION, MEASURED IN LB","TOTAL","NOT SPECIFIED","258,750,000","2.3"
"SURVEY","2022","YEAR","","COUNTY","FLORIDA","12","","99","OTHER COUNTIES","","","","00000000","","PEANUTS","PEANUTS - YIELD, MEASURED IN LB / ACRE","TOTAL","NOT SPECIFIED","3,972","2.2"
"SURVEY","2022","YEAR","","COUNTY","FLORIDA","12","CENTRAL","50","LEVY","075","","","00000000","","PEANUTS","PEANUTS - ACRES HARVESTED","TOTAL","NOT SPECIFIED","12,400","3.3"
"SURVEY","2022","YEAR","","COUNTY","FLORIDA","12","CENTRAL","50","LEVY","075","","","00000000","","PEANUTS","PEANUTS - ACRES PLANTED","TOTAL","NOT SPECIFIED","13,100","1.1"
"SURVEY","2022","YEAR","","COUNTY","FLORIDA","12","CENTRAL","50","LEVY","075","","","00000000","","PEANUTS","PEANUTS - PRODUCTION, MEASURED IN LB","TOTAL","NOT SPECIFIED","57,160,000","5.1"
"SURVEY","2022","YEAR","","COUNTY","FLORIDA","12","CENTRAL","50","LEVY","075","","","00000000","","PEANUTS","PEANUTS - YIELD, MEASURED IN LB / ACRE","TOTAL","NOT SPECIFIED","4,610","3.9"
"SURVEY","2022","YEAR","","COUNTY","FLORIDA","12","NORTHWEST","10","CALHOUN","013","","","00000000","","PEANUTS","PEANUTS - ACRES HARVESTED","TOTAL","NOT SPECIFIED","5,550","2.4"
"SURVEY","2022","YEAR","","COUNTY","FLORIDA","12","NORTHWEST","10","CALHOUN","013","","","00000000","","PEANUTS","PEANUTS - ACRES PLANTED","TOTAL","NOT SPECIFIED","5,900","2.5"
"SURVEY","2022","YEAR","","COUNTY","FLORIDA","12","NORTHWEST","10","CALHOUN","013","","","00000000","","PEANUTS","PEANUTS - PRODUCTION, MEASURED IN LB","TOTAL","NOT SPECIFIED","23,320,000","3.6"
"SURVEY","2022","YEAR","","COUNTY","FLORIDA","12","NORTHWEST","10","CALHOUN","013","","","00000000","","PEANUTS","PEANUTS - YIELD, MEASURED IN LB / ACRE","TOTAL","NOT SPECIFIED","4,202","2.6"
"SURVEY","2022","YEAR","","COUNTY","FLORIDA","12","NORTHWEST","10","ESCAMBIA","033","","","00000000","","PEANUTS","PEANUTS - ACRES HARVESTED","TOTAL","NOT SPECIFIED","6,600","3.1"
"SURVEY","2022","YEAR","","COUNTY","FLORIDA","12","NORTHWEST","10","ESCAMBIA","033","","","00000000","","PEANUTS","PEANUTS - ACRES PLANTED","TOTAL","NOT SPECIFIED","7,300","1.9"
"SURVEY","2022","YEAR","","COUNTY","FLORIDA","12","NORTHWEST","10","ESCAMBIA","033","","","00000000","","PEANUTS","PEANUTS - PRODUCTION, MEASURED IN LB","TOTAL","NOT SPECIFIED","24,630,000","8.2"
"SURVEY","2022","YEAR","","COUNTY","FLORIDA","12","NORTHWEST","10","ESCAMBIA","033","","","00000000","","PEANUTS","PEANUTS - YIELD, MEASURED IN LB / ACRE","TOTAL","NOT SPECIFIED","3,732","7.2"
"SURVEY","2022","YEAR","","COUNTY","FLORIDA","12","NORTHWEST","10","JACKSON","063","","","00000000","","PEANUTS","PEANUTS - ACRES HARVESTED","TOTAL","NOT SPECIFIED","36,000","1.9"
"SURVEY","2022","YEAR","","COUNTY","FLORIDA","12","NORTHWEST","10","JACKSON","063","","","00000000","","PEANUTS","PEANUTS - ACRES PLANTED","TOTAL","NOT SPECIFIED","37,300","0.7"
"SURVEY","2022","YEAR","","COUNTY","FLORIDA","12","NORTHWEST","10","JACKSON","063","","","00000000","","PEANUTS","PEANUTS - PRODUCTION, MEASURED IN LB","TOTAL","NOT SPECIFIED","133,980,000","5.1"
"SURVEY","2022","YEAR","","COUNTY","FLORIDA","12","NORTHWEST","10","JACKSON","063","","","00000000","","PEANUTS","PEANUTS - YIELD, MEASURED IN LB / ACRE","TOTAL","NOT SPECIFIED","3,722","4.9"
"SURVEY","2022","YEAR","","COUNTY","FLORIDA","12","NORTHWEST","10","SANTA ROSA","113","","","00000000","","PEANUTS","PEANUTS - ACRES HARVESTED","TOTAL","NOT SPECIFIED","18,300","3.0"
"SURVEY","2022","YEAR","","COUNTY","FLORIDA","12","NORTHWEST","10","SANTA ROSA","113","","","00000000","","PEANUTS","PEANUTS - ACRES PLANTED","TOTAL","NOT SPECIFIED","19,300","0.7"
"SURVEY","2022","YEAR","","COUNTY","FLORIDA","12","NORTHWEST","10","SANTA ROSA","113","","","00000000","","PEANUTS","PEANUTS - PRODUCTION, MEASURED IN LB","TOTAL","NOT SPECIFIED","76,720,000","5.6"
"SURVEY","2022","YEAR","","COUNTY","FLORIDA","12","NORTHWEST","10","SANTA ROSA","113","","","00000000","","PEANUTS","PEANUTS - YIELD, MEASURED IN LB / ACRE","TOTAL","NOT SPECIFIED","4,192","5.0"
"SURVEY","2021","YEAR","","COUNTY","FLORIDA","12","","99","OTHER COUNTIES","","","","00000000","","PEANUTS","PEANUTS - ACRES HARVESTED","TOTAL","NOT SPECIFIED","59,350","0.9"
"SURVEY","2021","YEAR","","COUNTY","FLORIDA","12","","99","OTHER COUNTIES","","","","00000000","","PEANUTS","PEANUTS - ACRES PLANTED","TOTAL","NOT SPECIFIED","62,300","0.1"
"SURVEY","2021","YEAR","","COUNTY","FLORIDA","12","","99","OTHER COUNTIES","","","","00000000","","PEANUTS","PEANUTS - PRODUCTION, MEASURED IN LB","TOTAL","NOT SPECIFIED","208,380,000","2.3"
"SURVEY","2021","YEAR","","COUNTY","FLORIDA","12","","99","OTHER COUNTIES","","","","00000000","","PEANUTS","PEANUTS - YIELD, MEASURED IN LB / ACRE","TOTAL","NOT SPECIFIED","3,511","2.5"
"SURVEY","2021","YEAR","","COUNTY","FLORIDA","12","CENTRAL","50","LEVY","075","","","00000000","","PEANUTS","PEANUTS - ACRES HARVESTED","TOTAL","NOT SPECIFIED","15,600","2.3"
"SURVEY","2021","YEAR","","COUNTY","FLORIDA","12","CENTRAL","50","LEVY","075","","","00000000","","PEANUTS","PEANUTS - ACRES PLANTED","TOTAL","NOT SPECIFIED","16,300","0.8"
"SURVEY","2021","YEAR","","COUNTY","FLORIDA","12","CENTRAL","50","LEVY","075","","","00000000","","PEANUTS","PEANUTS - PRODUCTION, MEASURED IN LB","TOTAL","NOT SPECIFIED","53,820,000","7.3"
"SURVEY","2021","YEAR","","COUNTY","FLORIDA","12","CENTRAL","50","LEVY","075","","","00000000","","PEANUTS","PEANUTS - YIELD, MEASURED IN LB / ACRE","TOTAL","NOT SPECIFIED","3,450","6.9"
"SURVEY","2021","YEAR","","COUNTY","FLORIDA","12","NORTHEAST","30","SUWANNEE","121","","","00000000","","PEANUTS","PEANUTS - ACRES HARVESTED","TOTAL","NOT SPECIFIED","12,900","2.4"
"SURVEY","2021","YEAR","","COUNTY","FLORIDA","12","NORTHEAST","30","SUWANNEE","121","","","00000000","","PEANUTS","PEANUTS - ACRES PLANTED","TOTAL","NOT SPECIFIED","13,400","0.1"
"SURVEY","2021","YEAR","","COUNTY","FLORIDA","12","NORTHEAST","30","SUWANNEE","121","","","00000000","","PEANUTS","PEANUTS - PRODUCTION, MEASURED IN LB","TOTAL","NOT SPECIFIED","62,070,000","6.9"
"SURVEY","2021","YEAR","","COUNTY","FLORIDA","12","NORTHEAST","30","SUWANNEE","121","","","00000000","","PEANUTS","PEANUTS - YIELD, MEASURED IN LB / ACRE","TOTAL","NOT SPECIFIED","4,812","6.6"
"SURVEY","2021","YEAR","","COUNTY","FLORIDA","12","NORTHWEST","10","ESCAMBIA","033","","","00000000","","PEANUTS","PEANUTS - ACRES HARVESTED","TOTAL","NOT SPECIFIED","9,510","2.4"
"SURVEY","2021","YEAR","","COUNTY","FLORIDA","12","NORTHWEST","10","ESCAMBIA","033","","","00000000","","PEANUTS","PEANUTS - ACRES PLANTED","TOTAL","NOT SPECIFIED","9,900","0.1"
"SURVEY","2021","YEAR","","COUNTY","FLORIDA","12","NORTHWEST","10","ESCAMBIA","033","","","00000000","","PEANUTS","PEANUTS - PRODUCTION, MEASURED IN LB","TOTAL","NOT SPECIFIED","35,090,000","12.6"
"SURVEY","2021","YEAR","","COUNTY","FLORIDA","12","NORTHWEST","10","ESCAMBIA","033","","","00000000","","PEANUTS","PEANUTS - YIELD, MEASURED IN LB / ACRE","TOTAL","NOT SPECIFIED","3,690","12.5"
"SURVEY","2021","YEAR","","COUNTY","FLORIDA","12","NORTHWEST","10","JACKSON","063","","","00000000","","PEANUTS","PEANUTS - ACRES HARVESTED","TOTAL","NOT SPECIFIED","38,400","1.8"
"SURVEY","2021","YEAR","","COUNTY","FLORIDA","12","NORTHWEST","10","JACKSON","063","","","00000000","","PEANUTS","PEANUTS - ACRES PLANTED","TOTAL","NOT SPECIFIED","39,900","0.2"
"SURVEY","2021","YEAR","","COUNTY","FLORIDA","12","NORTHWEST","10","JACKSON","063","","","00000000","","PEANUTS","PEANUTS - PRODUCTION, MEASURED IN LB","TOTAL","NOT SPECIFIED","136,830,000","5.7"
"SURVEY","2021","YEAR","","COUNTY","FLORIDA","12","NORTHWEST","10","JACKSON","063","","","00000000","","PEANUTS","PEANUTS - YIELD, MEASURED IN LB / ACRE","TOTAL","NOT SPECIFIED","3,563","5.4"
"SURVEY","2021","YEAR","","COUNTY","FLORIDA","12","NORTHWEST","10","SANTA ROSA","113","","","00000000","","PEANUTS","PEANUTS - ACRES HARVESTED","TOTAL","NOT SPECIFIED","19,200","2.2"
"SURVEY","2021","YEAR","","COUNTY","FLORIDA","12","NORTHWEST","10","SANTA ROSA","113","","","00000000","","PEANUTS","PEANUTS - ACRES PLANTED","TOTAL","NOT SPECIFIED","20,000","0.1"
"SURVEY","2021","YEAR","","COUNTY","FLORIDA","12","NORTHWEST","10","SANTA ROSA","113","","","00000000","","PEANUTS","PEANUTS - PRODUCTION, MEASURED IN LB","TOTAL","NOT SPECIFIED","75,840,000","4.4"
"SURVEY","2021","YEAR","","COUNTY","FLORIDA","12","NORTHWEST","10","SANTA ROSA","113","","","00000000","","PEANUTS","PEANUTS - YIELD, MEASURED IN LB / ACRE","TOTAL","NOT SPECIFIED","3,950","3.8"
"SURVEY","2021","YEAR","","COUNTY","FLORIDA","12","NORTHWEST","10","WASHINGTON","133","","","00000000","","PEANUTS","PEANUTS - ACRES HARVESTED","TOTAL","NOT SPECIFIED","4,040","2.5"
"SURVEY","2021","YEAR","","COUNTY","FLORIDA","12","NORTHWEST","10","WASHINGTON","133","","","00000000","","PEANUTS","PEANUTS - ACRES PLANTED","TOTAL","NOT SPECIFIED","4,200","0.2"
"SURVEY","2021","YEAR","","COUNTY","FLORIDA","12","NORTHWEST","10","WASHINGTON","133","","","00000000","","PEANUTS","PEANUTS - PRODUCTION, MEASURED IN LB","TOTAL","NOT SPECIFIED","13,090,000","15.0"
"SURVEY","2021","YEAR","","COUNTY","FLORIDA","12","NORTHWEST","10","WASHINGTON","133","","","00000000","","PEANUTS","PEANUTS - YIELD, MEASURED IN LB / ACRE","TOTAL","NOT SPECIFIED","3,240","14.8"
"SURVEY","2020","YEAR","","COUNTY","FLORIDA","12","","99","OTHER COUNTIES","","","","00000000","","PEANUTS","PEANUTS - ACRES HARVESTED","TOTAL","NOT SPECIFIED","55,030","1.0"
"SURVEY","2020","YEAR","","COUNTY","FLORIDA","12","","99","OTHER COUNTIES","","","","00000000","","PEANUTS","PEANUTS - ACRES PLANTED","TOTAL","NOT SPECIFIED","57,900","0.1"
"SURVEY","2020","YEAR","","COUNTY","FLORIDA","12","","99","OTHER COUNTIES","","","","00000000","","PEANUTS","PEANUTS - PRODUCTION, MEASURED IN LB","TOTAL","NOT SPECIFIED","189,130,000","2.9"
"SURVEY","2020","YEAR","","COUNTY","FLORIDA","12","","99","OTHER COUNTIES","","","","00000000","","PEANUTS","PEANUTS - YIELD, MEASURED IN LB / ACRE","TOTAL","NOT SPECIFIED","3,437","1.9"
"SURVEY","2020","YEAR","","COUNTY","FLORIDA","12","CENTRAL","50","LEVY","075","","","00000000","","PEANUTS","PEANUTS - ACRES HARVESTED","TOTAL","NOT SPECIFIED","16,400","2.2"
"SURVEY","2020","YEAR","","COUNTY","FLORIDA","12","CENTRAL","50","LEVY","075","","","00000000","","PEANUTS","PEANUTS - ACRES PLANTED","TOTAL","NOT SPECIFIED","17,200","0.1"
"SURVEY","2020","YEAR","","COUNTY","FLORIDA","12","CENTRAL","50","LEVY","075","","","00000000","","PEANUTS","PEANUTS - PRODUCTION, MEASURED IN LB","TOTAL","NOT SPECIFIED","50,840,000","6.9"
"SURVEY","2020","YEAR","","COUNTY","FLORIDA","12","CENTRAL","50","LEVY","075","","","00000000","","PEANUTS","PEANUTS - YIELD, MEASURED IN LB / ACRE","TOTAL","NOT SPECIFIED","3,100","6.5"
"SURVEY","2020","YEAR","","COUNTY","FLORIDA","12","CENTRAL","50","MARION","083","","","00000000","","PEANUTS","PEANUTS - ACRES HARVESTED","TOTAL","NOT SPECIFIED","5,160","2.2"
"SURVEY","2020","YEAR","","COUNTY","FLORIDA","12","CENTRAL","50","MARION","083","","","00000000","","PEANUTS","PEANUTS - ACRES PLANTED","TOTAL","NOT SPECIFIED","5,400","0.1"
"SURVEY","2020","YEAR","","COUNTY","FLORIDA","12","CENTRAL","50","MARION","083","","","00000000","","PEANUTS","PEANUTS - PRODUCTION, MEASURED IN LB","TOTAL","NOT SPECIFIED","14,650,000","9.3"
"SURVEY","2020","YEAR","","COUNTY","FLORIDA","12","CENTRAL","50","MARION","083","","","00000000","","PEANUTS","PEANUTS - YIELD, MEASURED IN LB / ACRE","TOTAL","NOT SPECIFIED","2,839","8.6"
"SURVEY","2020","YEAR","","COUNTY","FLORIDA","12","NORTHEAST","30","COLUMBIA","023","","","00000000","","PEANUTS","PEANUTS - ACRES HARVESTED","TOTAL","NOT SPECIFIED","3,150","2.4"
"SURVEY","2020","YEAR","","COUNTY","FLORIDA","12","NORTHEAST","30","COLUMBIA","023","","","00000000","","PEANUTS","PEANUTS - ACRES PLANTED","TOTAL","NOT SPECIFIED","3,300","0.1"
"SURVEY","2020","YEAR","","COUNTY","FLORIDA","12","NORTHEAST","30","COLUMBIA","023","","","00000000","","PEANUTS","PEANUTS - PRODUCTION, MEASURED IN LB","TOTAL","NOT SPECIFIED","9,450,000","9.9"
"SURVEY","2020","YEAR","","COUNTY","FLORIDA","12","NORTHEAST","30","COLUMBIA","023","","","00000000","","PEANUTS","PEANUTS - YIELD, MEASURED IN LB / ACRE","TOTAL","NOT SPECIFIED","3,000","9.6"
"SURVEY","2020","YEAR","","COUNTY","FLORIDA","12","NORTHEAST","30","SUWANNEE","121","","","00000000","","PEANUTS","PEANUTS - ACRES HARVESTED","TOTAL","NOT SPECIFIED","12,500","2.4"
"SURVEY","2020","YEAR","","COUNTY","FLORIDA","12","NORTHEAST","30","SUWANNEE","121","","","00000000","","PEANUTS","PEANUTS - ACRES PLANTED","TOTAL","NOT SPECIFIED","13,100","0.1"
"SURVEY","2020","YEAR","","COUNTY","FLORIDA","12","NORTHEAST","30","SUWANNEE","121","","","00000000","","PEANUTS","PEANUTS - PRODUCTION, MEASURED IN LB","TOTAL","NOT SPECIFIED","46,300,000","4.7"
"SURVEY","2020","YEAR","","COUNTY","FLORIDA","12","NORTHEAST","30","SUWANNEE","121","","","00000000","","PEANUTS","PEANUTS - YIELD, MEASURED IN LB / ACRE","TOTAL","NOT SPECIFIED","3,704","4.1"
"SURVEY","2020","YEAR","","COUNTY","FLORIDA","12","NORTHWEST","10","CALHOUN","013","","","00000000","","PEANUTS","PEANUTS - ACRES HARVESTED","TOTAL","NOT SPECIFIED","6,450","1.6"
"SURVEY","2020","YEAR","","COUNTY","FLORIDA","12","NORTHWEST","10","CALHOUN","013","","","00000000","","PEANUTS","PEANUTS - ACRES PLANTED","TOTAL","NOT SPECIFIED","7,200","0.1"
"SURVEY","2020","YEAR","","COUNTY","FLORIDA","12","NORTHWEST","10","CALHOUN","013","","","00000000","","PEANUTS","PEANUTS - PRODUCTION, MEASURED IN LB","TOTAL","NOT SPECIFIED","24,250,000","3.3"
"SURVEY","2020","YEAR","","COUNTY","FLORIDA","12","NORTHWEST","10","CALHOUN","013","","","00000000","","PEANUTS","PEANUTS - YIELD, MEASURED IN LB / ACRE","TOTAL","NOT SPECIFIED","3,760","3.0"
"SURVEY","2020","YEAR","","COUNTY","FLORIDA","12","NORTHWEST","10","ESCAMBIA","033","","","00000000","","PEANUTS","PEANUTS - ACRES HARVESTED","TOTAL","NOT SPECIFIED","8,510","1.6"
"SURVEY","2020","YEAR","","COUNTY","FLORIDA","12","NORTHWEST","10","ESCAMBIA","033","","","00000000","","PEANUTS","PEANUTS - ACRES PLANTED","TOTAL","NOT SPECIFIED","9,300","0.1"
"SURVEY","2020","YEAR","","COUNTY","FLORIDA","12","NORTHWEST","10","ESCAMBIA","033","","","00000000","","PEANUTS","PEANUTS - PRODUCTION, MEASURED IN LB","TOTAL","NOT SPECIFIED","29,360,000","6.6"
"SURVEY","2020","YEAR","","COUNTY","FLORIDA","12","NORTHWEST","10","ESCAMBIA","033","","","00000000","","PEANUTS","PEANUTS - YIELD, MEASURED IN LB / ACRE","TOTAL","NOT SPECIFIED","3,450","6.3"
"SURVEY","2020","YEAR","","COUNTY","FLORIDA","12","NORTHWEST","10","JACKSON","063","","","00000000","","PEANUTS","PEANUTS - ACRES HARVESTED","TOTAL","NOT SPECIFIED","37,400","1.7"
"SURVEY","2020","YEAR","","COUNTY","FLORIDA","12","NORTHWEST","10","JACKSON","063","","","00000000","","PEANUTS","PEANUTS - ACRES PLANTED","TOTAL","NOT SPECIFIED","39,300","0.2"
"SURVEY","2020","YEAR","","COUNTY","FLORIDA","12","NORTHWEST","10","JACKSON","063","","","00000000","","PEANUTS","PEANUTS - PRODUCTION, MEASURED IN LB","TOTAL","NOT SPECIFIED","118,970,000","5.0"
"SURVEY","2020","YEAR","","COUNTY","FLORIDA","12","NORTHWEST","10","JACKSON","063","","","00000000","","PEANUTS","PEANUTS - YIELD, MEASURED IN LB / ACRE","TOTAL","NOT SPECIFIED","3,181","4.7"
"SURVEY","2020","YEAR","","COUNTY","FLORIDA","12","NORTHWEST","10","SANTA ROSA","113","","","00000000","","PEANUTS","PEANUTS - ACRES HARVESTED","TOTAL","NOT SPECIFIED","19,400","2.1"
"SURVEY","2020","YEAR","","COUNTY","FLORIDA","12","NORTHWEST","10","SANTA ROSA","113","","","00000000","","PEANUTS","PEANUTS - ACRES PLANTED","TOTAL","NOT SPECIFIED","20,300","0.1"
"SURVEY","2020","YEAR","","COUNTY","FLORIDA","12","NORTHWEST","10","SANTA ROSA","113","","","00000000","","PEANUTS","PEANUTS - PRODUCTION, MEASURED IN LB","TOTAL","NOT SPECIFIED","81,210,000","4.4"
"SURVEY","2020","YEAR","","COUNTY","FLORIDA","12","NORTHWEST","10","SANTA ROSA","113","","","00000000","","PEANUTS","PEANUTS - YIELD, MEASURED IN LB / ACRE","TOTAL","NOT SPECIFIED","4,186","3.9"
"SURVEY","2019","YEAR","","COUNTY","FLORIDA","12","NORTHWEST","10","ESCAMBIA","033","","","00000000","","PEANUTS","PEANUTS - ACRES HARVESTED","TOTAL","NOT SPECIFIED","8,200",""
"SURVEY","2019","YEAR","","COUNTY","FLORIDA","12","NORTHWEST","10","ESCAMBIA","033","","","00000000","","PEANUTS","PEANUTS - ACRES PLANTED","TOTAL","NOT SPECIFIED","8,200",""
"SURVEY","2019","YEAR","","COUNTY","FLORIDA","12","NORTHWEST","10","ESCAMBIA","033","","","00000000","","PEANUTS","PEANUTS - PRODUCTION, MEASURED IN LB","TOTAL","NOT SPECIFIED","32,700,000",""
"SURVEY","2019","YEAR","","COUNTY","FLORIDA","12","NORTHWEST","10","ESCAMBIA","033","","","00000000","","PEANUTS","PEANUTS - YIELD, MEASURED IN LB / ACRE","TOTAL","NOT SPECIFIED","3,988",""
"SURVEY","2019","YEAR","","COUNTY","FLORIDA","12","NORTHWEST","10","JACKSON","063","","","00000000","","PEANUTS","PEANUTS - ACRES HARVESTED","TOTAL","NOT SPECIFIED","31,800",""
"SURVEY","2019","YEAR","","COUNTY","FLORIDA","12","NORTHWEST","10","JACKSON","063","","","00000000","","PEANUTS","PEANUTS - ACRES PLANTED","TOTAL","NOT SPECIFIED","34,800",""
"SURVEY","2019","YEAR","","COUNTY","FLORIDA","12","NORTHWEST","10","JACKSON","063","","","00000000","","PEANUTS","PEANUTS - PRODUCTION, MEASURED IN LB","TOTAL","NOT SPECIFIED","106,000,000",""
"SURVEY","2019","YEAR","","COUNTY","FLORIDA","12","NORTHWEST","10","JACKSON","063","","","00000000","","PEANUTS","PEANUTS - YIELD, MEASURED IN LB / ACRE","TOTAL","NOT SPECIFIED","3,333",""
"SURVEY","2019","YEAR","","COUNTY","FLORIDA","12","NORTHWEST","10","OTHER (COMBINED) COUNTIES","","","","00000000","","PEANUTS","PEANUTS - ACRES HARVESTED","TOTAL","NOT SPECIFIED","37,000",""
"SURVEY","2019","YEAR","","COUNTY","FLORIDA","12","NORTHWEST","10","OTHER (COMBINED) COUNTIES","","","","00000000","","PEANUTS","PEANUTS - ACRES PLANTED","TOTAL","NOT SPECIFIED","39,700",""
"SURVEY","2019","YEAR","","COUNTY","FLORIDA","12","NORTHWEST","10","OTHER (COMBINED) COUNTIES","","","","00000000","","PEANUTS","PEANUTS - PRODUCTION, MEASURED IN LB","TOTAL","NOT SPECIFIED","144,200,000",""
"SURVEY","2019","YEAR","","COUNTY","FLORIDA","12","NORTHWEST","10","OTHER (COMBINED) COUNTIES","","","","00000000","","PEANUTS","PEANUTS - YIELD, MEASURED IN LB / ACRE","TOTAL","NOT SPECIFIED","3,897",""
"SURVEY","2019","YEAR","","COUNTY","FLORIDA","12","NORTHWEST","10","WASHINGTON","133","","","00000000","","PEANUTS","PEANUTS - ACRES HARVESTED","TOTAL","NOT SPECIFIED","3,200",""
"SURVEY","2019","YEAR","","COUNTY","FLORIDA","12","NORTHWEST","10","WASHINGTON","133","","","00000000","","PEANUTS","PEANUTS - ACRES PLANTED","TOTAL","NOT SPECIFIED","3,400",""
"SURVEY","2019","YEAR","","COUNTY","FLORIDA","12","NORTHWEST","10","WASHINGTON","133","","","00000000","","PEANUTS","PEANUTS - PRODUCTION, MEASURED IN LB","TOTAL","NOT SPECIFIED","12,500,000",""
"SURVEY","2019","YEAR","","COUNTY","FLORIDA","12","NORTHWEST","10","WASHINGTON","133","","","00000000","","PEANUTS","PEANUTS - YIELD, MEASURED IN LB / ACRE","TOTAL","NOT SPECIFIED","3,906",""
"SURVEY","2018","YEAR","","COUNTY","FLORIDA","12","NORTHEAST","30","COLUMBIA","023","","","00000000","","PEANUTS","PEANUTS - ACRES HARVESTED","TOTAL","NOT SPECIFIED","4,800",""
"SURVEY","2018","YEAR","","COUNTY","FLORIDA","12","NORTHEAST","30","COLUMBIA","023","","","00000000","","PEANUTS","PEANUTS - ACRES PLANTED","TOTAL","NOT SPECIFIED","4,800",""
"SURVEY","2018","YEAR","","COUNTY","FLORIDA","12","NORTHEAST","30","COLUMBIA","023","","","00000000","","PEANUTS","PEANUTS - PRODUCTION, MEASURED IN LB","TOTAL","NOT SPECIFIED","17,640,000",""
"SURVEY","2018","YEAR","","COUNTY","FLORIDA","12","NORTHEAST","30","COLUMBIA","023","","","00000000","","PEANUTS","PEANUTS - YIELD, MEASURED IN LB / ACRE","TOTAL","NOT SPECIFIED","3,675",""
"SURVEY","2018","YEAR","","COUNTY","FLORIDA","12","NORTHEAST","30","MADISON","079","","","00000000","","PEANUTS","PEANUTS - ACRES HARVESTED","TOTAL","NOT SPECIFIED","11,800",""
"SURVEY","2018","YEAR","","COUNTY","FLORIDA","12","NORTHEAST","30","MADISON","079","","","00000000","","PEANUTS","PEANUTS - ACRES PLANTED","TOTAL","NOT SPECIFIED","12,000",""
"SURVEY","2018","YEAR","","COUNTY","FLORIDA","12","NORTHEAST","30","MADISON","079","","","00000000","","PEANUTS","PEANUTS - PRODUCTION, MEASURED IN LB","TOTAL","NOT SPECIFIED","53,650,000",""
"SURVEY","2018","YEAR","","COUNTY","FLORIDA","12","NORTHEAST","30","MADISON","079","","","00000000","","PEANUTS","PEANUTS - YIELD, MEASURED IN LB / ACRE","TOTAL","NOT SPECIFIED","4,547",""
"SURVEY","2018","YEAR","","COUNTY","FLORIDA","12","NORTHEAST","30","OTHER (COMBINED) COUNTIES","","","","00000000","","PEANUTS","PEANUTS - ACRES HARVESTED","TOTAL","NOT SPECIFIED","22,200",""
"SURVEY","2018","YEAR","","COUNTY","FLORIDA","12","NORTHEAST","30","OTHER (COMBINED) COUNTIES","","","","00000000","","PEANUTS","PEANUTS - ACRES PLANTED","TOTAL","NOT SPECIFIED","22,400",""
"SURVEY","2018","YEAR","","COUNTY","FLORIDA","12","NORTHEAST","30","OTHER (COMBINED) COUNTIES","","","","00000000","","PEANUTS","PEANUTS - PRODUCTION, MEASURED IN LB","TOTAL","NOT SPECIFIED","102,990,000",""
"SURVEY","2018","YEAR","","COUNTY","FLORIDA","12","NORTHEAST","30","OTHER (COMBINED) COUNTIES","","","","00000000","","PEANUTS","PEANUTS - YIELD, MEASURED IN LB / ACRE","TOTAL","NOT SPECIFIED","4,639",""
"SURVEY","2018","YEAR","","COUNTY","FLORIDA","12","NORTHWEST","10","CALHOUN","013","","","00000000","","PEANUTS","PEANUTS - ACRES HARVESTED","TOTAL","NOT SPECIFIED","3,700",""
"SURVEY","2018","YEAR","","COUNTY","FLORIDA","12","NORTHWEST","10","CALHOUN","013","","","00000000","","PEANUTS","PEANUTS - ACRES PLANTED","TOTAL","NOT SPECIFIED","5,100",""
"SURVEY","2018","YEAR","","COUNTY","FLORIDA","12","NORTHWEST","10","CALHOUN","013","","","00000000","","PEANUTS","PEANUTS - PRODUCTION, MEASURED IN LB","TOTAL","NOT SPECIFIED","14,330,000",""
"SURVEY","2018","YEAR","","COUNTY","FLORIDA","12","NORTHWEST","10","CALHOUN","013","","","00000000","","PEANUTS","PEANUTS - YIELD, MEASURED IN LB / ACRE","TOTAL","NOT SPECIFIED","3,873",""
"SURVEY","2018","YEAR","","COUNTY","FLORIDA","12","NORTHWEST","10","JACKSON","063","","","00000000","","PEANUTS","PEANUTS - ACRES HARVESTED","TOTAL","NOT SPECIFIED","29,300",""
"SURVEY","2018","YEAR","","COUNTY","FLORIDA","12","NORTHWEST","10","JACKSON","063","","","00000000","","PEANUTS","PEANUTS - ACRES PLANTED","TOTAL","NOT SPECIFIED","33,600",""
"SURVEY","2018","YEAR","","COUNTY","FLORIDA","12","NORTHWEST","10","JACKSON","063","","","00000000","","PEANUTS","PEANUTS - PRODUCTION, MEASURED IN LB","TOTAL","NOT SPECIFIED","112,600,000",""
"SURVEY","2018","YEAR","","COUNTY","FLORIDA","12","NORTHWEST","10","JACKSON","063","","","00000000","","PEANUTS","PEANUTS - YIELD, MEASURED IN LB / ACRE","TOTAL","NOT SPECIFIED","3,843",""
"SURVEY","2018","YEAR","","COUNTY","FLORIDA","12","NORTHWEST","10","OTHER (COMBINED) COUNTIES","","","","00000000","","PEANUTS","PEANUTS - ACRES HARVESTED","TOTAL","NOT SPECIFIED","20,400",""
"SURVEY","2018","YEAR","","COUNTY","FLORIDA","12","NORTHWEST","10","OTHER (COMBINED) COUNTIES","","","","00000000","","PEANUTS","PEANUTS - ACRES PLANTED","TOTAL","NOT SPECIFIED","23,900",""
"SURVEY","2018","YEAR","","COUNTY","FLORIDA","12","NORTHWEST","10","OTHER (COMBINED) COUNTIES","","","","00000000","","PEANUTS","PEANUTS - PRODUCTION, MEASURED IN LB","TOTAL","NOT SPECIFIED","69,490,000",""
"SURVEY","2018","YEAR","","COUNTY","FLORIDA","12","NORTHWEST","10","OTHER (COMBINED) COUNTIES","","","","00000000","","PEANUTS","PEANUTS - YIELD, MEASURED IN LB / ACRE","TOTAL","NOT SPECIFIED","3,406",""
"SURVEY","2018","YEAR","","COUNTY","FLORIDA","12","NORTHWEST","10","SANTA ROSA","113","","","00000000","","PEANUTS","PEANUTS - ACRES HARVESTED","TOTAL","NOT SPECIFIED","16,700",""
"SURVEY","2018","YEAR","","COUNTY","FLORIDA","12","NORTHWEST","10","SANTA ROSA","113","","","00000000","","PEANUTS","PEANUTS - ACRES PLANTED","TOTAL","NOT SPECIFIED","17,700",""
"SURVEY","2018","YEAR","","COUNTY","FLORIDA","12","NORTHWEST","10","SANTA ROSA","113","","","00000000","","PEANUTS","PEANUTS - PRODUCTION, MEASURED IN LB","TOTAL","NOT SPECIFIED","71,280,000",""
"SURVEY","2018","YEAR","","COUNTY","FLORIDA","12","NORTHWEST","10","SANTA ROSA","113","","","00000000","","PEANUTS","PEANUTS - YIELD, MEASURED IN LB / ACRE","TOTAL","NOT SPECIFIED","4,268",""
"SURVEY","2017","YEAR","","COUNTY","FLORIDA","12","NORTHEAST","30","MADISON","079","","","00000000","","PEANUTS","PEANUTS - ACRES HARVESTED","TOTAL","NOT SPECIFIED","13,400",""
"SURVEY","2017","YEAR","","COUNTY","FLORIDA","12","NORTHEAST","30","MADISON","079","","","00000000","","PEANUTS","PEANUTS - ACRES PLANTED","TOTAL","NOT SPECIFIED","14,000",""
"SURVEY","2017","YEAR","","COUNTY","FLORIDA","12","NORTHEAST","30","MADISON","079","","","00000000","","PEANUTS","PEANUTS - PRODUCTION, MEASURED IN LB","TOTAL","NOT SPECIFIED","50,050,000",""
"SURVEY","2017","YEAR","","COUNTY","FLORIDA","12","NORTHEAST","30","MADISON","079","","","00000000","","PEANUTS","PEANUTS - YIELD, MEASURED IN LB / ACRE","TOTAL","NOT SPECIFIED","3,735",""
"SURVEY","2017","YEAR","","COUNTY","FLORIDA","12","NORTHEAST","30","OTHER (COMBINED) COUNTIES","","","","00000000","","PEANUTS","PEANUTS - ACRES HARVESTED","TOTAL","NOT SPECIFIED","20,200",""
"SURVEY","2017","YEAR","","COUNTY","FLORIDA","12","NORTHEAST","30","OTHER (COMBINED) COUNTIES","","","","00000000","","PEANUTS","PEANUTS - ACRES PLANTED","TOTAL","NOT SPECIFIED","21,200",""
"SURVEY","2017","YEAR","","COUNTY","FLORIDA","12","NORTHEAST","30","OTHER (COMBINED) COUNTIES","","","","00000000","","PEANUTS","PEANUTS - PRODUCTION, MEASURED IN LB","TOTAL","NOT SPECIFIED","57,000,000",""
"SURVEY","2017","YEAR","","COUNTY","FLORIDA","12","NORTHEAST","30","OTHER (COMBINED) COUNTIES","","","","00000000","","PEANUTS","PEANUTS - YIELD, MEASURED IN LB / ACRE","TOTAL","NOT SPECIFIED","2,822",""
"SURVEY","2017","YEAR","","COUNTY","FLORIDA","12","NORTHEAST","30","SUWANNEE","121","","","00000000","","PEANUTS","PEANUTS - ACRES HARVESTED","TOTAL","NOT SPECIFIED","15,000",""
"SURVEY","2017","YEAR","","COUNTY","FLORIDA","12","NORTHEAST","30","SUWANNEE","121","","","00000000","","PEANUTS","PEANUTS - ACRES PLANTED","TOTAL","NOT SPECIFIED","16,000",""
"SURVEY","2017","YEAR","","COUNTY","FLORIDA","12","NORTHEAST","30","SUWANNEE","121","","","00000000","","PEANUTS","PEANUTS - PRODUCTION, MEASURED IN LB","TOTAL","NOT SPECIFIED","45,500,000",""
"SURVEY","2017","YEAR","","COUNTY","FLORIDA","12","NORTHEAST","30","SUWANNEE","121","","","00000000","","PEANUTS","PEANUTS - YIELD, MEASURED IN LB / ACRE","TOTAL","NOT SPECIFIED","3,033",""
"SURVEY","2017","YEAR","","COUNTY","FLORIDA","12","NORTHWEST","10","CALHOUN","013","","","00000000","","PEANUTS","PEANUTS - ACRES HARVESTED","TOTAL","NOT SPECIFIED","5,600",""
"SURVEY","2017","YEAR","","COUNTY","FLORIDA","12","NORTHWEST","10","CALHOUN","013","","","00000000","","PEANUTS","PEANUTS - ACRES PLANTED","TOTAL","NOT SPECIFIED","6,000",""
"SURVEY","2017","YEAR","","COUNTY","FLORIDA","12","NORTHWEST","10","CALHOUN","013","","","00000000","","PEANUTS","PEANUTS - PRODUCTION, MEASURED IN LB","TOTAL","NOT SPECIFIED","23,800,000",""
"SURVEY","2017","YEAR","","COUNTY","FLORIDA","12","NORTHWEST","10","CALHOUN","013","","","00000000","","PEANUTS","PEANUTS - YIELD, MEASURED IN LB / ACRE","TOTAL","NOT SPECIFIED","4,250",""
"SURVEY","2017","YEAR","","COUNTY","FLORIDA","12","NORTHWEST","10","ESCAMBIA","033","","","00000000","","PEANUTS","PEANUTS - ACRES HARVESTED","TOTAL","NOT SPECIFIED","9,300",""
"SURVEY","2017","YEAR","","COUNTY","FLORIDA","12","NORTHWEST","10","ESCAMBIA","033","","","00000000","","PEANUTS","PEANUTS - ACRES PLANTED","TOTAL","NOT SPECIFIED","9,700",""
"SURVEY","2017","YEAR","","COUNTY","FLORIDA","12","NORTHWEST","10","ESCAMBIA","033","","","00000000","","PEANUTS","PEANUTS - PRODUCTION, MEASURED IN LB","TOTAL","NOT SPECIFIED","36,400,000",""
"SURVEY","2017","YEAR","","COUNTY","FLORIDA","12","NORTHWEST","10","ESCAMBIA","033","","","00000000","","PEANUTS","PEANUTS - YIELD, MEASURED IN LB / ACRE","TOTAL","NOT SPECIFIED","3,914",""
"SURVEY","2017","YEAR","","COUNTY","FLORIDA","12","NORTHWEST","10","JACKSON","063","","","00000000","","PEANUTS","PEANUTS - ACRES HARVESTED","TOTAL","NOT SPECIFIED","36,800",""
"SURVEY","2017","YEAR","","COUNTY","FLORIDA","12","NORTHWEST","10","JACKSON","063","","","00000000","","PEANUTS","PEANUTS - ACRES PLANTED","TOTAL","NOT SPECIFIED","38,500",""
"SURVEY","2017","YEAR","","COUNTY","FLORIDA","12","NORTHWEST","10","JACKSON","063","","","00000000","","PEANUTS","PEANUTS - PRODUCTION, MEASURED IN LB","TOTAL","NOT SPECIFIED","143,200,000",""
"SURVEY","2017","YEAR","","COUNTY","FLORIDA","12","NORTHWEST","10","JACKSON","063","","","00000000","","PEANUTS","PEANUTS - YIELD, MEASURED IN LB / ACRE","TOTAL","NOT SPECIFIED","3,891",""
"SURVEY","2017","YEAR","","COUNTY","FLORIDA","12","NORTHWEST","10","OTHER (COMBINED) COUNTIES","","","","00000000","","PEANUTS","PEANUTS - ACRES HARVESTED","TOTAL","NOT SPECIFIED","19,900",""
"SURVEY","2017","YEAR","","COUNTY","FLORIDA","12","NORTHWEST","10","OTHER (COMBINED) COUNTIES","","","","00000000","","PEANUTS","PEANUTS - ACRES PLANTED","TOTAL","NOT SPECIFIED","21,100",""
"SURVEY","2017","YEAR","","COUNTY","FLORIDA","12","NORTHWEST","10","OTHER (COMBINED) COUNTIES","","","","00000000","","PEANUTS","PEANUTS - PRODUCTION, MEASURED IN LB","TOTAL","NOT SPECIFIED","65,000,000",""
"SURVEY","2017","YEAR","","COUNTY","FLORIDA","12","NORTHWEST","10","OTHER (COMBINED) COUNTIES","","","","00000000","","PEANUTS","PEANUTS - YIELD, MEASURED IN LB / ACRE","TOTAL","NOT SPECIFIED","3,266",""
"SURVEY","2017","YEAR","","COUNTY","FLORIDA","12","NORTHWEST","10","SANTA ROSA","113","","","00000000","","PEANUTS","PEANUTS - ACRES HARVESTED","TOTAL","NOT SPECIFIED","18,900",""
"SURVEY","2017","YEAR","","COUNTY","FLORIDA","12","NORTHWEST","10","SANTA ROSA","113","","","00000000","","PEANUTS","PEANUTS - ACRES PLANTED","TOTAL","NOT SPECIFIED","19,800",""
"SURVEY","2017","YEAR","","COUNTY","FLORIDA","12","NORTHWEST","10","SANTA ROSA","113","","","00000000","","PEANUTS","PEANUTS - PRODUCTION, MEASURED IN LB","TOTAL","NOT SPECIFIED","80,900,000",""
"SURVEY","2017","YEAR","","COUNTY","FLORIDA","12","NORTHWEST","10","SANTA ROSA","113","","","00000000","","PEANUTS","PEANUTS - YIELD, MEASURED IN LB / ACRE","TOTAL","NOT SPECIFIED","4,280",""
"SURVEY","2017","YEAR","","COUNTY","FLORIDA","12","NORTHWEST","10","WASHINGTON","133","","","00000000","","PEANUTS","PEANUTS - ACRES HARVESTED","TOTAL","NOT SPECIFIED","3,700",""
"SURVEY","2017","YEAR","","COUNTY","FLORIDA","12","NORTHWEST","10","WASHINGTON","133","","","00000000","","PEANUTS","PEANUTS - ACRES PLANTED","TOTAL","NOT SPECIFIED","3,900",""
"SURVEY","2017","YEAR","","COUNTY","FLORIDA","12","NORTHWEST","10","WASHINGTON","133","","","00000000","","PEANUTS","PEANUTS - PRODUCTION, MEASURED IN LB","TOTAL","NOT SPECIFIED","14,000,000",""
"SURVEY","2017","YEAR","","COUNTY","FLORIDA","12","NORTHWEST","10","WASHINGTON","133","","","00000000","","PEANUTS","PEANUTS - YIELD, MEASURED IN LB / ACRE","TOTAL","NOT SPECIFIED","3,784",""
"SURVEY","2016","YEAR","","COUNTY","FLORIDA","12","NORTHEAST","30","MADISON","079","","","00000000","","PEANUTS","PEANUTS - ACRES HARVESTED","TOTAL","NOT SPECIFIED","8,800",""
"SURVEY","2016","YEAR","","COUNTY","FLORIDA","12","NORTHEAST","30","MADISON","079","","","00000000","","PEANUTS","PEANUTS - ACRES PLANTED","TOTAL","NOT SPECIFIED","9,200",""
"SURVEY","2016","YEAR","","COUNTY","FLORIDA","12","NORTHEAST","30","MADISON","079","","","00000000","","PEANUTS","PEANUTS - PRODUCTION, MEASURED IN LB","TOTAL","NOT SPECIFIED","29,500,000",""
"SURVEY","2016","YEAR","","COUNTY","FLORIDA","12","NORTHEAST","30","MADISON","079","","","00000000","","PEANUTS","PEANUTS - YIELD, MEASURED IN LB / ACRE","TOTAL","NOT SPECIFIED","3,352",""
"SURVEY","2016","YEAR","","COUNTY","FLORIDA","12","NORTHEAST","30","OTHER (COMBINED) COUNTIES","","","","00000000","","PEANUTS","PEANUTS - ACRES HARVESTED","TOTAL","NOT SPECIFIED","15,800",""
"SURVEY","2016","YEAR","","COUNTY","FLORIDA","12","NORTHEAST","30","OTHER (COMBINED) COUNTIES","","","","00000000","","PEANUTS","PEANUTS - ACRES PLANTED","TOTAL","NOT SPECIFIED","16,600",""
"SURVEY","2016","YEAR","","COUNTY","FLORIDA","12","NORTHEAST","30","OTHER (COMBINED) COUNTIES","","","","00000000","","PEANUTS","PEANUTS - PRODUCTION, MEASURED IN LB","TOTAL","NOT SPECIFIED","70,400,000",""
"SURVEY","2016","YEAR","","COUNTY","FLORIDA","12","NORTHEAST","30","OTHER (COMBINED) COUNTIES","","","","00000000","","PEANUTS","PEANUTS - YIELD, MEASURED IN LB / ACRE","TOTAL","NOT SPECIFIED","4,456",""
"SURVEY","2016","YEAR","","COUNTY","FLORIDA","12","NORTHEAST","30","SUWANNEE","121","","","00000000","","PEANUTS","PEANUTS - ACRES HARVESTED","TOTAL","NOT SPECIFIED","10,800",""
"SURVEY","2016","YEAR","","COUNTY","FLORIDA","12","NORTHEAST","30","SUWANNEE","121","","","00000000","","PEANUTS","PEANUTS - ACRES PLANTED","TOTAL","NOT SPECIFIED","11,300",""
"SURVEY","2016","YEAR","","COUNTY","FLORIDA","12","NORTHEAST","30","SUWANNEE","121","","","00000000","","PEANUTS","PEANUTS - PRODUCTION, MEASURED IN LB","TOTAL","NOT SPECIFIED","46,300,000",""
"SURVEY","2016","YEAR","","COUNTY","FLORIDA","12","NORTHEAST","30","SUWANNEE","121","","","00000000","","PEANUTS","PEANUTS - YIELD, MEASURED IN LB / ACRE","TOTAL","NOT SPECIFIED","4,287",""
"SURVEY","2016","YEAR","","COUNTY","FLORIDA","12","NORTHWEST","10","ESCAMBIA","033","","","00000000","","PEANUTS","PEANUTS - ACRES HARVESTED","TOTAL","NOT SPECIFIED","6,000",""
"SURVEY","2016","YEAR","","COUNTY","FLORIDA","12","NORTHWEST","10","ESCAMBIA","033","","","00000000","","PEANUTS","PEANUTS - ACRES PLANTED","TOTAL","NOT SPECIFIED","6,500",""
"SURVEY","2016","YEAR","","COUNTY","FLORIDA","12","NORTHWEST","10","ESCAMBIA","033","","","00000000","","PEANUTS","PEANUTS - PRODUCTION, MEASURED IN LB","TOTAL","NOT SPECIFIED","25,000,000",""
"SURVEY","2016","YEAR","","COUNTY","FLORIDA","12","NORTHWEST","10","ESCAMBIA","033","","","00000000","","PEANUTS","PEANUTS - YIELD, MEASURED IN LB / ACRE","TOTAL","NOT SPECIFIED","4,167",""
"SURVEY","2016","YEAR","","COUNTY","FLORIDA","12","NORTHWEST","10","HOLMES","059","","","00000000","","PEANUTS","PEANUTS - ACRES HARVESTED","TOTAL","NOT SPECIFIED","5,000",""
"SURVEY","2016","YEAR","","COUNTY","FLORIDA","12","NORTHWEST","10","HOLMES","059","","","00000000","","PEANUTS","PEANUTS - ACRES PLANTED","TOTAL","NOT SPECIFIED","5,400",""
"SURVEY","2016","YEAR","","COUNTY","FLORIDA","12","NORTHWEST","10","HOLMES","059","","","00000000","","PEANUTS","PEANUTS - PRODUCTION, MEASURED IN LB","TOTAL","NOT SPECIFIED","15,200,000",""
"SURVEY","2016","YEAR","","COUNTY","FLORIDA","12","NORTHWEST","10","HOLMES","059","","","00000000","","PEANUTS","PEANUTS - YIELD, MEASURED IN LB / ACRE","TOTAL","NOT SPECIFIED","3,040",""
"SURVEY","2016","YEAR","","COUNTY","FLORIDA","12","NORTHWEST","10","JACKSON","063","","","00000000","","PEANUTS","PEANUTS - ACRES HARVESTED","TOTAL","NOT SPECIFIED","31,200",""
"SURVEY","2016","YEAR","","COUNTY","FLORIDA","12","NORTHWEST","10","JACKSON","063","","","00000000","","PEANUTS","PEANUTS - ACRES PLANTED","TOTAL","NOT SPECIFIED","33,200",""
"SURVEY","2016","YEAR","","COUNTY","FLORIDA","12","NORTHWEST","10","JACKSON","063","","","00000000","","PEANUTS","PEANUTS - PRODUCTION, MEASURED IN LB","TOTAL","NOT SPECIFIED","113,000,000",""
"SURVEY","2016","YEAR","","COUNTY","FLORIDA","12","NORTHWEST","10","JACKSON","063","","","00000000","","PEANUTS","PEANUTS - YIELD, MEASURED IN LB / ACRE","TOTAL","NOT SPECIFIED","3,622",""
"SURVEY","2016","YEAR","","COUNTY","FLORIDA","12","NORTHWEST","10","OTHER (COMBINED) COUNTIES","","","","00000000","","PEANUTS","PEANUTS - ACRES HARVESTED","TOTAL","NOT SPECIFIED","12,900",""
"SURVEY","2016","YEAR","","COUNTY","FLORIDA","12","NORTHWEST","10","OTHER (COMBINED) COUNTIES","","","","00000000","","PEANUTS","PEANUTS - ACRES PLANTED","TOTAL","NOT SPECIFIED","13,800",""
"SURVEY","2016","YEAR","","COUNTY","FLORIDA","12","NORTHWEST","10","OTHER (COMBINED) COUNTIES","","","","00000000","","PEANUTS","PEANUTS - PRODUCTION, MEASURED IN LB","TOTAL","NOT SPECIFIED","46,500,000",""
"SURVEY","2016","YEAR","","COUNTY","FLORIDA","12","NORTHWEST","10","OTHER (COMBINED) COUNTIES","","","","00000000","","PEANUTS","PEANUTS - YIELD, MEASURED IN LB / ACRE","TOTAL","NOT SPECIFIED","3,605",""
"SURVEY","2016","YEAR","","COUNTY","FLORIDA","12","NORTHWEST","10","SANTA ROSA","113","","","00000000","","PEANUTS","PEANUTS - ACRES HARVESTED","TOTAL","NOT SPECIFIED","15,100",""
"SURVEY","2016","YEAR","","COUNTY","FLORIDA","12","NORTHWEST","10","SANTA ROSA","113","","","00000000","","PEANUTS","PEANUTS - ACRES PLANTED","TOTAL","NOT SPECIFIED","16,100",""
"SURVEY","2016","YEAR","","COUNTY","FLORIDA","12","NORTHWEST","10","SANTA ROSA","113","","","00000000","","PEANUTS","PEANUTS - PRODUCTION, MEASURED IN LB","TOTAL","NOT SPECIFIED","67,800,000",""
"SURVEY","2016","YEAR","","COUNTY","FLORIDA","12","NORTHWEST","10","SANTA ROSA","113","","","00000000","","PEANUTS","PEANUTS - YIELD, MEASURED IN LB / ACRE","TOTAL","NOT SPECIFIED","4,490",""
"SURVEY","2016","YEAR","","COUNTY","FLORIDA","12","NORTHWEST","10","WASHINGTON","133","","","00000000","","PEANUTS","PEANUTS - ACRES HARVESTED","TOTAL","NOT SPECIFIED","3,400",""
"SURVEY","2016","YEAR","","COUNTY","FLORIDA","12","NORTHWEST","10","WASHINGTON","133","","","00000000","","PEANUTS","PEANUTS - ACRES PLANTED","TOTAL","NOT SPECIFIED","3,600",""
"SURVEY","2016","YEAR","","COUNTY","FLORIDA","12","NORTHWEST","10","WASHINGTON","133","","","00000000","","PEANUTS","PEANUTS - PRODUCTION, MEASURED IN LB","TOTAL","NOT SPECIFIED","14,800,000",""
"SURVEY","2016","YEAR","","COUNTY","FLORIDA","12","NORTHWEST","10","WASHINGTON","133","","","00000000","","PEANUTS","PEANUTS - YIELD, MEASURED IN LB / ACRE","TOTAL","NOT SPECIFIED","4,353",""
"SURVEY","2015","YEAR","","COUNTY","FLORIDA","12","NORTHEAST","30","LAFAYETTE","067","","","00000000","","PEANUTS","PEANUTS - ACRES HARVESTED","TOTAL","NOT SPECIFIED","4,500",""
"SURVEY","2015","YEAR","","COUNTY","FLORIDA","12","NORTHEAST","30","LAFAYETTE","067","","","00000000","","PEANUTS","PEANUTS - ACRES PLANTED","TOTAL","NOT SPECIFIED","4,600",""
"SURVEY","2015","YEAR","","COUNTY","FLORIDA","12","NORTHEAST","30","LAFAYETTE","067","","","00000000","","PEANUTS","PEANUTS - PRODUCTION, MEASURED IN LB","TOTAL","NOT SPECIFIED","19,600,000",""
"SURVEY","2015","YEAR","","COUNTY","FLORIDA","12","NORTHEAST","30","LAFAYETTE","067","","","00000000","","PEANUTS","PEANUTS - YIELD, MEASURED IN LB / ACRE","TOTAL","NOT SPECIFIED","4,356",""
"SURVEY","2015","YEAR","","COUNTY","FLORIDA","12","NORTHEAST","30","OTHER (COMBINED) COUNTIES","","","","00000000","","PEANUTS","PEANUTS - ACRES HARVESTED","TOTAL","NOT SPECIFIED","27,300",""
"SURVEY","2015","YEAR","","COUNTY","FLORIDA","12","NORTHEAST","30","OTHER (COMBINED) COUNTIES","","","","00000000","","PEANUTS","PEANUTS - ACRES PLANTED","TOTAL","NOT SPECIFIED","28,400",""
"SURVEY","2015","YEAR","","COUNTY","FLORIDA","12","NORTHEAST","30","OTHER (COMBINED) COUNTIES","","","","00000000","","PEANUTS","PEANUTS - PRODUCTION, MEASURED IN LB","TOTAL","NOT SPECIFIED","101,600,000",""
"SURVEY","2015","YEAR","","COUNTY","FLORIDA","12","NORTHEAST","30","OTHER (COMBINED) COUNTIES","","","","00000000","","PEANUTS","PEANUTS - YIELD, MEASURED IN LB / ACRE","TOTAL","NOT SPECIFIED","3,722",""
"SURVEY","2015","YEAR","","COUNTY","FLORIDA","12","NORTHEAST","30","SUWANNEE","121","","","00000000","","PEANUTS","PEANUTS - ACRES HARVESTED","TOTAL","NOT SPECIFIED","8,400",""
"SURVEY","2015","YEAR","","COUNTY","FLORIDA","12","NORTHEAST","30","SUWANNEE","121","","","00000000","","PEANUTS","PEANUTS - ACRES PLANTED","TOTAL","NOT SPECIFIED","10,500",""
"SURVEY","2015","YEAR","","COUNTY","FLORIDA","12","NORTHEAST","30","SUWANNEE","121","","","00000000","","PEANUTS","PEANUTS - PRODUCTION, MEASURED IN LB","TOTAL","NOT SPECIFIED","41,500,000",""
"SURVEY","2015","YEAR","","COUNTY","FLORIDA","12","NORTHEAST","30","SUWANNEE","121","","","00000000","","PEANUTS","PEANUTS - YIELD, MEASURED IN LB / ACRE","TOTAL","NOT SPECIFIED","4,940",""
"SURVEY","2015","YEAR","","COUNTY","FLORIDA","12","NORTHWEST","10","CALHOUN","013","","","00000000","","PEANUTS","PEANUTS - ACRES HARVESTED","TOTAL","NOT SPECIFIED","3,900",""
"SURVEY","2015","YEAR","","COUNTY","FLORIDA","12","NORTHWEST","10","CALHOUN","013","","","00000000","","PEANUTS","PEANUTS - ACRES PLANTED","TOTAL","NOT SPECIFIED","4,100",""
"SURVEY","2015","YEAR","","COUNTY","FLORIDA","12","NORTHWEST","10","CALHOUN","013","","","00000000","","PEANUTS","PEANUTS - PRODUCTION, MEASURED IN LB","TOTAL","NOT SPECIFIED","12,400,000",""
"SURVEY","2015","YEAR","","COUNTY","FLORIDA","12","NORTHWEST","10","CALHOUN","013","","","00000000","","PEANUTS","PEANUTS - YIELD, MEASURED IN LB / ACRE","TOTAL","NOT SPECIFIED","3,179",""
"SURVEY","2015","YEAR","","COUNTY","FLORIDA","12","NORTHWEST","10","ESCAMBIA","033","","","00000000","","PEANUTS","PEANUTS - ACRES HARVESTED","TOTAL","NOT SPECIFIED","9,200",""
"SURVEY","2015","YEAR","","COUNTY","FLORIDA","12","NORTHWEST","10","ESCAMBIA","033","","","00000000","","PEANUTS","PEANUTS - ACRES PLANTED","TOTAL","NOT SPECIFIED","9,600",""
"SURVEY","2015","YEAR","","COUNTY","FLORIDA","12","NORTHWEST","10","ESCAMBIA","033","","","00000000","","PEANUTS","PEANUTS - PRODUCTION, MEASURED IN LB","TOTAL","NOT SPECIFIED","34,850,000",""
"SURVEY","2015","YEAR","","COUNTY","FLORIDA","12","NORTHWEST","10","ESCAMBIA","033","","","00000000","","PEANUTS","PEANUTS - YIELD, MEASURED IN LB / ACRE","TOTAL","NOT SPECIFIED","3,788",""
"SURVEY","2015","YEAR","","COUNTY","FLORIDA","12","NORTHWEST","10","HOLMES","059","","","00000000","","PEANUTS","PEANUTS - ACRES HARVESTED","TOTAL","NOT SPECIFIED","5,200",""
"SURVEY","2015","YEAR","","COUNTY","FLORIDA","12","NORTHWEST","10","HOLMES","059","","","00000000","","PEANUTS","PEANUTS - ACRES PLANTED","TOTAL","NOT SPECIFIED","6,100",""
"SURVEY","2015","YEAR","","COUNTY","FLORIDA","12","NORTHWEST","10","HOLMES","059","","","00000000","","PEANUTS","PEANUTS - PRODUCTION, MEASURED IN LB","TOTAL","NOT SPECIFIED","16,400,000",""
"SURVEY","2015","YEAR","","COUNTY","FLORIDA","12","NORTHWEST","10","HOLMES","059","","","00000000","","PEANUTS","PEANUTS - YIELD, MEASURED IN LB / ACRE","TOTAL","NOT SPECIFIED","3,154",""
"SURVEY","2015","YEAR","","COUNTY","FLORIDA","12","NORTHWEST","10","JACKSON","063","","","00000000","","PEANUTS","PEANUTS - ACRES HARVESTED","TOTAL","NOT SPECIFIED","39,900",""
"SURVEY","2015","YEAR","","COUNTY","FLORIDA","12","NORTHWEST","10","JACKSON","063","","","00000000","","PEANUTS","PEANUTS - ACRES PLANTED","TOTAL","NOT SPECIFIED","41,500",""
"SURVEY","2015","YEAR","","COUNTY","FLORIDA","12","NORTHWEST","10","JACKSON","063","","","00000000","","PEANUTS","PEANUTS - PRODUCTION, MEASURED IN LB","TOTAL","NOT SPECIFIED","124,100,000",""
"SURVEY","2015","YEAR","","COUNTY","FLORIDA","12","NORTHWEST","10","JACKSON","063","","","00000000","","PEANUTS","PEANUTS - YIELD, MEASURED IN LB / ACRE","TOTAL","NOT SPECIFIED","3,110",""
"SURVEY","2015","YEAR","","COUNTY","FLORIDA","12","NORTHWEST","10","OTHER (COMBINED) COUNTIES","","","","00000000","","PEANUTS","PEANUTS - ACRES HARVESTED","TOTAL","NOT SPECIFIED","9,800",""
"SURVEY","2015","YEAR","","COUNTY","FLORIDA","12","NORTHWEST","10","OTHER (COMBINED) COUNTIES","","","","00000000","","PEANUTS","PEANUTS - ACRES PLANTED","TOTAL","NOT SPECIFIED","10,400",""
"SURVEY","2015","YEAR","","COUNTY","FLORIDA","12","NORTHWEST","10","OTHER (COMBINED) COUNTIES","","","","00000000","","PEANUTS","PEANUTS - PRODUCTION, MEASURED IN LB","TOTAL","NOT SPECIFIED","35,750,000",""
"SURVEY","2015","YEAR","","COUNTY","FLORIDA","12","NORTHWEST","10","OTHER (COMBINED) COUNTIES","","","","00000000","","PEANUTS","PEANUTS - YIELD, MEASURED IN LB / ACRE","TOTAL","NOT SPECIFIED","3,648",""
"SURVEY","2015","YEAR","","COUNTY","FLORIDA","12","NORTHWEST","10","SANTA ROSA","113","","","00000000","","PEANUTS","PEANUTS - ACRES HARVESTED","TOTAL","NOT SPECIFIED","25,300",""
"SURVEY","2015","YEAR","","COUNTY","FLORIDA","12","NORTHWEST","10","SANTA ROSA","113","","","00000000","","PEANUTS","PEANUTS - ACRES PLANTED","TOTAL","NOT SPECIFIED","26,000",""
"SURVEY","2015","YEAR","","COUNTY","FLORIDA","12","NORTHWEST","10","SANTA ROSA","113","","","00000000","","PEANUTS","PEANUTS - PRODUCTION, MEASURED IN LB","TOTAL","NOT SPECIFIED","87,250,000",""
"SURVEY","2015","YEAR","","COUNTY","FLORIDA","12","NORTHWEST","10","SANTA ROSA","113","","","00000000","","PEANUTS","PEANUTS - YIELD, MEASURED IN LB / ACRE","TOTAL","NOT SPECIFIED","3,449",""
"SURVEY","2015","YEAR","","COUNTY","FLORIDA","12","NORTHWEST","10","WALTON","131","","","00000000","","PEANUTS","PEANUTS - ACRES HARVESTED","TOTAL","NOT SPECIFIED","5,100",""
"SURVEY","2015","YEAR","","COUNTY","FLORIDA","12","NORTHWEST","10","WALTON","131","","","00000000","","PEANUTS","PEANUTS - ACRES PLANTED","TOTAL","NOT SPECIFIED","5,300",""
"SURVEY","2015","YEAR","","COUNTY","FLORIDA","12","NORTHWEST","10","WALTON","131","","","00000000","","PEANUTS","PEANUTS - PRODUCTION, MEASURED IN LB","TOTAL","NOT SPECIFIED","18,250,000",""
"SURVEY","2015","YEAR","","COUNTY","FLORIDA","12","NORTHWEST","10","WALTON","131","","","00000000","","PEANUTS","PEANUTS - YIELD, MEASURED IN LB / ACRE","TOTAL","NOT SPECIFIED","3,578",""
"SURVEY","2014","YEAR","","COUNTY","FLORIDA","12","NORTHEAST","30","LAFAYETTE","067","","","00000000","","PEANUTS","PEANUTS - ACRES HARVESTED","TOTAL","NOT SPECIFIED","4,000",""
"SURVEY","2014","YEAR","","COUNTY","FLORIDA","12","NORTHEAST","30","LAFAYETTE","067","","","00000000","","PEANUTS","PEANUTS - ACRES PLANTED","TOTAL","NOT SPECIFIED","4,200",""
"SURVEY","2014","YEAR","","COUNTY","FLORIDA","12","NORTHEAST","30","LAFAYETTE","067","","","00000000","","PEANUTS","PEANUTS - PRODUCTION, MEASURED IN LB","TOTAL","NOT SPECIFIED","18,600,000",""
"SURVEY","2014","YEAR","","COUNTY","FLORIDA","12","NORTHEAST","30","LAFAYETTE","067","","","00000000","","PEANUTS","PEANUTS - YIELD, MEASURED IN LB / ACRE","TOTAL","NOT SPECIFIED","4,650",""
"SURVEY","2014","YEAR","","COUNTY","FLORIDA","12","NORTHEAST","30","OTHER (COMBINED) COUNTIES","","","","00000000","","PEANUTS","PEANUTS - ACRES HARVESTED","TOTAL","NOT SPECIFIED","26,100",""
"SURVEY","2014","YEAR","","COUNTY","FLORIDA","12","NORTHEAST","30","OTHER (COMBINED) COUNTIES","","","","00000000","","PEANUTS","PEANUTS - ACRES PLANTED","TOTAL","NOT SPECIFIED","27,400",""
"SURVEY","2014","YEAR","","COUNTY","FLORIDA","12","NORTHEAST","30","OTHER (COMBINED) COUNTIES","","","","00000000","","PEANUTS","PEANUTS - PRODUCTION, MEASURED IN LB","TOTAL","NOT SPECIFIED","99,400,000",""
"SURVEY","2014","YEAR","","COUNTY","FLORIDA","12","NORTHEAST","30","OTHER (COMBINED) COUNTIES","","","","00000000","","PEANUTS","PEANUTS - YIELD, MEASURED IN LB / ACRE","TOTAL","NOT SPECIFIED","3,808",""
"SURVEY","2014","YEAR","","COUNTY","FLORIDA","12","NORTHEAST","30","SUWANNEE","121","","","00000000","","PEANUTS","PEANUTS - ACRES HARVESTED","TOTAL","NOT SPECIFIED","10,400",""
"SURVEY","2014","YEAR","","COUNTY","FLORIDA","12","NORTHEAST","30","SUWANNEE","121","","","00000000","","PEANUTS","PEANUTS - ACRES PLANTED","TOTAL","NOT SPECIFIED","10,900",""
"SURVEY","2014","YEAR","","COUNTY","FLORIDA","12","NORTHEAST","30","SUWANNEE","121","","","00000000","","PEANUTS","PEANUTS - PRODUCTION, MEASURED IN LB","TOTAL","NOT SPECIFIED","49,500,000",""
"SURVEY","2014","YEAR","","COUNTY","FLORIDA","12","NORTHEAST","30","SUWANNEE","121","","","00000000","","PEANUTS","PEANUTS - YIELD, MEASURED IN LB / ACRE","TOTAL","NOT SPECIFIED","4,760",""
"SURVEY","2014","YEAR","","COUNTY","FLORIDA","12","NORTHWEST","10","ESCAMBIA","033","","","00000000","","PEANUTS","PEANUTS - ACRES HARVESTED","TOTAL","NOT SPECIFIED","6,900",""
"SURVEY","2014","YEAR","","COUNTY","FLORIDA","12","NORTHWEST","10","ESCAMBIA","033","","","00000000","","PEANUTS","PEANUTS - ACRES PLANTED","TOTAL","NOT SPECIFIED","7,200",""
"SURVEY","2014","YEAR","","COUNTY","FLORIDA","12","NORTHWEST","10","ESCAMBIA","033","","","00000000","","PEANUTS","PEANUTS - PRODUCTION, MEASURED IN LB","TOTAL","NOT SPECIFIED","28,600,000",""
"SURVEY","2014","YEAR","","COUNTY","FLORIDA","12","NORTHWEST","10","ESCAMBIA","033","","","00000000","","PEANUTS","PEANUTS - YIELD, MEASURED IN LB / ACRE","TOTAL","NOT SPECIFIED","4,145",""
"SURVEY","2014","YEAR","","COUNTY","FLORIDA","12","NORTHWEST","10","HOLMES","059","","","00000000","","PEANUTS","PEANUTS - ACRES HARVESTED","TOTAL","NOT SPECIFIED","4,700",""
"SURVEY","2014","YEAR","","COUNTY","FLORIDA","12","NORTHWEST","10","HOLMES","059","","","00000000","","PEANUTS","PEANUTS - ACRES PLANTED","TOTAL","NOT SPECIFIED","4,900",""
"SURVEY","2014","YEAR","","COUNTY","FLORIDA","12","NORTHWEST","10","HOLMES","059","","","00000000","","PEANUTS","PEANUTS - PRODUCTION, MEASURED IN LB","TOTAL","NOT SPECIFIED","14,500,000",""
"SURVEY","2014","YEAR","","COUNTY","FLORIDA","12","NORTHWEST","10","HOLMES","059","","","00000000","","PEANUTS","PEANUTS - YIELD, MEASURED IN LB / ACRE","TOTAL","NOT SPECIFIED","3,085",""
"SURVEY","2014","YEAR","","COUNTY","FLORIDA","12","NORTHWEST","10","JACKSON","063","","","00000000","","PEANUTS","PEANUTS - ACRES HARVESTED","TOTAL","NOT SPECIFIED","35,300",""
"SURVEY","2014","YEAR","","COUNTY","FLORIDA","12","NORTHWEST","10","JACKSON","063","","","00000000","","PEANUTS","PEANUTS - ACRES PLANTED","TOTAL","NOT SPECIFIED","37,000",""
"SURVEY","2014","YEAR","","COUNTY","FLORIDA","12","NORTHWEST","10","JACKSON","063","","","00000000","","PEANUTS","PEANUTS - PRODUCTION, MEASURED IN LB","TOTAL","NOT SPECIFIED","125,700,000",""
"SURVEY","2014","YEAR","","COUNTY","FLORIDA","12","NORTHWEST","10","JACKSON","063","","","00000000","","PEANUTS","PEANUTS - YIELD, MEASURED IN LB / ACRE","TOTAL","NOT SPECIFIED","3,561",""
"SURVEY","2014","YEAR","","COUNTY","FLORIDA","12","NORTHWEST","10","OKALOOSA","091","","","00000000","","PEANUTS","PEANUTS - ACRES HARVESTED","TOTAL","NOT SPECIFIED","2,200",""
"SURVEY","2014","YEAR","","COUNTY","FLORIDA","12","NORTHWEST","10","OKALOOSA","091","","","00000000","","PEANUTS","PEANUTS - ACRES PLANTED","TOTAL","NOT SPECIFIED","2,300",""
"SURVEY","2014","YEAR","","COUNTY","FLORIDA","12","NORTHWEST","10","OKALOOSA","091","","","00000000","","PEANUTS","PEANUTS - PRODUCTION, MEASURED IN LB","TOTAL","NOT SPECIFIED","6,500,000",""
"SURVEY","2014","YEAR","","COUNTY","FLORIDA","12","NORTHWEST","10","OKALOOSA","091","","","00000000","","PEANUTS","PEANUTS - YIELD, MEASURED IN LB / ACRE","TOTAL","NOT SPECIFIED","2,955",""
"SURVEY","2014","YEAR","","COUNTY","FLORIDA","12","NORTHWEST","10","OTHER (COMBINED) COUNTIES","","","","00000000","","PEANUTS","PEANUTS - ACRES HARVESTED","TOTAL","NOT SPECIFIED","10,000",""
"SURVEY","2014","YEAR","","COUNTY","FLORIDA","12","NORTHWEST","10","OTHER (COMBINED) COUNTIES","","","","00000000","","PEANUTS","PEANUTS - ACRES PLANTED","TOTAL","NOT SPECIFIED","10,600",""
"SURVEY","2014","YEAR","","COUNTY","FLORIDA","12","NORTHWEST","10","OTHER (COMBINED) COUNTIES","","","","00000000","","PEANUTS","PEANUTS - PRODUCTION, MEASURED IN LB","TOTAL","NOT SPECIFIED","36,200,000",""
"SURVEY","2014","YEAR","","COUNTY","FLORIDA","12","NORTHWEST","10","OTHER (COMBINED) COUNTIES","","","","00000000","","PEANUTS","PEANUTS - YIELD, MEASURED IN LB / ACRE","TOTAL","NOT SPECIFIED","3,620",""
"SURVEY","2014","YEAR","","COUNTY","FLORIDA","12","NORTHWEST","10","SANTA ROSA","113","","","00000000","","PEANUTS","PEANUTS - ACRES HARVESTED","TOTAL","NOT SPECIFIED","22,000",""
"SURVEY","2014","YEAR","","COUNTY","FLORIDA","12","NORTHWEST","10","SANTA ROSA","113","","","00000000","","PEANUTS","PEANUTS - ACRES PLANTED","TOTAL","NOT SPECIFIED","23,000",""
"SURVEY","2014","YEAR","","COUNTY","FLORIDA","12","NORTHWEST","10","SANTA ROSA","113","","","00000000","","PEANUTS","PEANUTS - PRODUCTION, MEASURED IN LB","TOTAL","NOT SPECIFIED","109,700,000",""
"SURVEY","2014","YEAR","","COUNTY","FLORIDA","12","NORTHWEST","10","SANTA ROSA","113","","","00000000","","PEANUTS","PEANUTS - YIELD, MEASURED IN LB / ACRE","TOTAL","NOT SPECIFIED","4,986",""
"SURVEY","2014","YEAR","","COUNTY","FLORIDA","12","NORTHWEST","10","WASHINGTON","133","","","00000000","","PEANUTS","PEANUTS - ACRES HARVESTED","TOTAL","NOT SPECIFIED","4,100",""
"SURVEY","2014","YEAR","","COUNTY","FLORIDA","12","NORTHWEST","10","WASHINGTON","133","","","00000000","","PEANUTS","PEANUTS - ACRES PLANTED","TOTAL","NOT SPECIFIED","4,300",""
"SURVEY","2014","YEAR","","COUNTY","FLORIDA","12","NORTHWEST","10","WASHINGTON","133","","","00000000","","PEANUTS","PEANUTS - PRODUCTION, MEASURED IN LB","TOTAL","NOT SPECIFIED","17,900,000",""
"SURVEY","2014","YEAR","","COUNTY","FLORIDA","12","NORTHWEST","10","WASHINGTON","133","","","00000000","","PEANUTS","PEANUTS - YIELD, MEASURED IN LB / ACRE","TOTAL","NOT SPECIFIED","4,366",""
"SURVEY","2013","YEAR","","COUNTY","FLORIDA","12","NORTHEAST","30","LAFAYETTE","067","","","00000000","","PEANUTS","PEANUTS - ACRES HARVESTED","TOTAL","NOT SPECIFIED","1,400",""
"SURVEY","2013","YEAR","","COUNTY","FLORIDA","12","NORTHEAST","30","LAFAYETTE","067","","","00000000","","PEANUTS","PEANUTS - ACRES PLANTED","TOTAL","NOT SPECIFIED","1,400",""
"SURVEY","2013","YEAR","","COUNTY","FLORIDA","12","NORTHEAST","30","LAFAYETTE","067","","","00000000","","PEANUTS","PEANUTS - PRODUCTION, MEASURED IN LB","TOTAL","NOT SPECIFIED","7,200,000",""
"SURVEY","2013","YEAR","","COUNTY","FLORIDA","12","NORTHEAST","30","LAFAYETTE","067","","","00000000","","PEANUTS","PEANUTS - YIELD, MEASURED IN LB / ACRE","TOTAL","NOT SPECIFIED","5,143",""
"SURVEY","2013","YEAR","","COUNTY","FLORIDA","12","NORTHEAST","30","MADISON","079","","","00000000","","PEANUTS","PEANUTS - ACRES HARVESTED","TOTAL","NOT SPECIFIED","7,300",""
"SURVEY","2013","YEAR","","COUNTY","FLORIDA","12","NORTHEAST","30","MADISON","079","","","00000000","","PEANUTS","PEANUTS - ACRES PLANTED","TOTAL","NOT SPECIFIED","7,600",""
"SURVEY","2013","YEAR","","COUNTY","FLORIDA","12","NORTHEAST","30","MADISON","079","","","00000000","","PEANUTS","PEANUTS - PRODUCTION, MEASURED IN LB","TOTAL","NOT SPECIFIED","24,500,000",""
"SURVEY","2013","YEAR","","COUNTY","FLORIDA","12","NORTHEAST","30","MADISON","079","","","00000000","","PEANUTS","PEANUTS - YIELD, MEASURED IN LB / ACRE","TOTAL","NOT SPECIFIED","3,356",""
"SURVEY","2013","YEAR","","COUNTY","FLORIDA","12","NORTHEAST","30","OTHER (COMBINED) COUNTIES","","","","00000000","","PEANUTS","PEANUTS - ACRES HARVESTED","TOTAL","NOT SPECIFIED","10,600",""
"SURVEY","2013","YEAR","","COUNTY","FLORIDA","12","NORTHEAST","30","OTHER (COMBINED) COUNTIES","","","","00000000","","PEANUTS","PEANUTS - ACRES PLANTED","TOTAL","NOT SPECIFIED","11,600",""
"SURVEY","2013","YEAR","","COUNTY","FLORIDA","12","NORTHEAST","30","OTHER (COMBINED) COUNTIES","","","","00000000","","PEANUTS","PEANUTS - PRODUCTION, MEASURED IN LB","TOTAL","NOT SPECIFIED","46,200,000",""
"SURVEY","2013","YEAR","","COUNTY","FLORIDA","12","NORTHEAST","30","OTHER (COMBINED) COUNTIES","","","","00000000","","PEANUTS","PEANUTS - YIELD, MEASURED IN LB / ACRE","TOTAL","NOT SPECIFIED","4,358",""
"SURVEY","2013","YEAR","","COUNTY","FLORIDA","12","NORTHEAST","30","SUWANNEE","121","","","00000000","","PEANUTS","PEANUTS - ACRES HARVESTED","TOTAL","NOT SPECIFIED","8,600",""
"SURVEY","2013","YEAR","","COUNTY","FLORIDA","12","NORTHEAST","30","SUWANNEE","121","","","00000000","","PEANUTS","PEANUTS - ACRES PLANTED","TOTAL","NOT SPECIFIED","9,200",""
"SURVEY","2013","YEAR","","COUNTY","FLORIDA","12","NORTHEAST","30","SUWANNEE","121","","","00000000","","PEANUTS","PEANUTS - PRODUCTION, MEASURED IN LB","TOTAL","NOT SPECIFIED","40,100,000",""
"SURVEY","2013","YEAR","","COUNTY","FLORIDA","12","NORTHEAST","30","SUWANNEE","121","","","00000000","","PEANUTS","PEANUTS - YIELD, MEASURED IN LB / ACRE","TOTAL","NOT SPECIFIED","4,663",""
"SURVEY","2013","YEAR","","COUNTY","FLORIDA","12","NORTHWEST","10","ESCAMBIA","033","","","00000000","","PEANUTS","PEANUTS - ACRES HARVESTED","TOTAL","NOT SPECIFIED","5,900",""
"SURVEY","2013","YEAR","","COUNTY","FLORIDA","12","NORTHWEST","10","ESCAMBIA","033","","","00000000","","PEANUTS","PEANUTS - ACRES PLANTED","TOTAL","NOT SPECIFIED","6,400",""
"SURVEY","2013","YEAR","","COUNTY","FLORIDA","12","NORTHWEST","10","ESCAMBIA","033","","","00000000","","PEANUTS","PEANUTS - PRODUCTION, MEASURED IN LB","TOTAL","NOT SPECIFIED","24,800,000",""
"SURVEY","2013","YEAR","","COUNTY","FLORIDA","12","NORTHWEST","10","ESCAMBIA","033","","","00000000","","PEANUTS","PEANUTS - YIELD, MEASURED IN LB / ACRE","TOTAL","NOT SPECIFIED","4,203",""
"SURVEY","2013","YEAR","","COUNTY","FLORIDA","12","NORTHWEST","10","GADSDEN","039","","","00000000","","PEANUTS","PEANUTS - ACRES HARVESTED","TOTAL","NOT SPECIFIED","1,200",""
"SURVEY","2013","YEAR","","COUNTY","FLORIDA","12","NORTHWEST","10","GADSDEN","039","","","00000000","","PEANUTS","PEANUTS - ACRES PLANTED","TOTAL","NOT SPECIFIED","1,300",""
"SURVEY","2013","YEAR","","COUNTY","FLORIDA","12","NORTHWEST","10","GADSDEN","039","","","00000000","","PEANUTS","PEANUTS - PRODUCTION, MEASURED IN LB","TOTAL","NOT SPECIFIED","3,800,000",""
"SURVEY","2013","YEAR","","COUNTY","FLORIDA","12","NORTHWEST","10","GADSDEN","039","","","00000000","","PEANUTS","PEANUTS - YIELD, MEASURED IN LB / ACRE","TOTAL","NOT SPECIFIED","3,167",""
"SURVEY","2013","YEAR","","COUNTY","FLORIDA","12","NORTHWEST","10","HOLMES","059","","","00000000","","PEANUTS","PEANUTS - ACRES HARVESTED","TOTAL","NOT SPECIFIED","4,600",""
"SURVEY","2013","YEAR","","COUNTY","FLORIDA","12","NORTHWEST","10","HOLMES","059","","","00000000","","PEANUTS","PEANUTS - ACRES PLANTED","TOTAL","NOT SPECIFIED","4,900",""
"SURVEY","2013","YEAR","","COUNTY","FLORIDA","12","NORTHWEST","10","HOLMES","059","","","00000000","","PEANUTS","PEANUTS - PRODUCTION, MEASURED IN LB","TOTAL","NOT SPECIFIED","10,100,000",""
"SURVEY","2013","YEAR","","COUNTY","FLORIDA","12","NORTHWEST","10","HOLMES","059","","","00000000","","PEANUTS","PEANUTS - YIELD, MEASURED IN LB / ACRE","TOTAL","NOT SPECIFIED","2,196",""
"SURVEY","2013","YEAR","","COUNTY","FLORIDA","12","NORTHWEST","10","JACKSON","063","","","00000000","","PEANUTS","PEANUTS - ACRES HARVESTED","TOTAL","NOT SPECIFIED","21,800",""
"SURVEY","2013","YEAR","","COUNTY","FLORIDA","12","NORTHWEST","10","JACKSON","063","","","00000000","","PEANUTS","PEANUTS - ACRES PLANTED","TOTAL","NOT SPECIFIED","23,500",""
"SURVEY","2013","YEAR","","COUNTY","FLORIDA","12","NORTHWEST","10","JACKSON","063","","","00000000","","PEANUTS","PEANUTS - PRODUCTION, MEASURED IN LB","TOTAL","NOT SPECIFIED","75,700,000",""
"SURVEY","2013","YEAR","","COUNTY","FLORIDA","12","NORTHWEST","10","JACKSON","063","","","00000000","","PEANUTS","PEANUTS - YIELD, MEASURED IN LB / ACRE","TOTAL","NOT SPECIFIED","3,472",""
"SURVEY","2013","YEAR","","COUNTY","FLORIDA","12","NORTHWEST","10","JEFFERSON","065","","","00000000","","PEANUTS","PEANUTS - ACRES HARVESTED","TOTAL","NOT SPECIFIED","1,400",""
"SURVEY","2013","YEAR","","COUNTY","FLORIDA","12","NORTHWEST","10","JEFFERSON","065","","","00000000","","PEANUTS","PEANUTS - ACRES PLANTED","TOTAL","NOT SPECIFIED","1,500",""
"SURVEY","2013","YEAR","","COUNTY","FLORIDA","12","NORTHWEST","10","JEFFERSON","065","","","00000000","","PEANUTS","PEANUTS - PRODUCTION, MEASURED IN LB","TOTAL","NOT SPECIFIED","4,900,000",""
"SURVEY","2013","YEAR","","COUNTY","FLORIDA","12","NORTHWEST","10","JEFFERSON","065","","","00000000","","PEANUTS","PEANUTS - YIELD, MEASURED IN LB / ACRE","TOTAL","NOT SPECIFIED","3,500",""
"SURVEY","2013","YEAR","","COUNTY","FLORIDA","12","NORTHWEST","10","OKALOOSA","091","","","00000000","","PEANUTS","PEANUTS - ACRES HARVESTED","TOTAL","NOT SPECIFIED","1,700",""
"SURVEY","2013","YEAR","","COUNTY","FLORIDA","12","NORTHWEST","10","OKALOOSA","091","","","00000000","","PEANUTS","PEANUTS - ACRES PLANTED","TOTAL","NOT SPECIFIED","1,900",""
"SURVEY","2013","YEAR","","COUNTY","FLORIDA","12","NORTHWEST","10","OKALOOSA","091","","","00000000","","PEANUTS","PEANUTS - PRODUCTION, MEASURED IN LB","TOTAL","NOT SPECIFIED","7,200,000",""
"SURVEY","2013","YEAR","","COUNTY","FLORIDA","12","NORTHWEST","10","OKALOOSA","091","","","00000000","","PEANUTS","PEANUTS - YIELD, MEASURED IN LB / ACRE","TOTAL","NOT SPECIFIED","4,235",""
"SURVEY","2013","YEAR","","COUNTY","FLORIDA","12","NORTHWEST","10","OTHER (COMBINED) COUNTIES","","","","00000000","","PEANUTS","PEANUTS - ACRES HARVESTED","TOTAL","NOT SPECIFIED","8,700",""
"SURVEY","2013","YEAR","","COUNTY","FLORIDA","12","NORTHWEST","10","OTHER (COMBINED) COUNTIES","","","","00000000","","PEANUTS","PEANUTS - ACRES PLANTED","TOTAL","NOT SPECIFIED","9,200",""
"SURVEY","2013","YEAR","","COUNTY","FLORIDA","12","NORTHWEST","10","OTHER (COMBINED) COUNTIES","","","","00000000","","PEANUTS","PEANUTS - PRODUCTION, MEASURED IN LB","TOTAL","NOT SPECIFIED","32,500,000",""
"SURVEY","2013","YEAR","","COUNTY","FLORIDA","12","NORTHWEST","10","OTHER (COMBINED) COUNTIES","","","","00000000","","PEANUTS","PEANUTS - YIELD, MEASURED IN LB / ACRE","TOTAL","NOT SPECIFIED","3,736",""
"SURVEY","2013","YEAR","","COUNTY","FLORIDA","12","NORTHWEST","10","SANTA ROSA","113","","","00000000","","PEANUTS","PEANUTS - ACRES HARVESTED","TOTAL","NOT SPECIFIED","18,300",""
"SURVEY","2013","YEAR","","COUNTY","FLORIDA","12","NORTHWEST","10","SANTA ROSA","113","","","00000000","","PEANUTS","PEANUTS - ACRES PLANTED","TOTAL","NOT SPECIFIED","19,400",""
"SURVEY","2013","YEAR","","COUNTY","FLORIDA","12","NORTHWEST","10","SANTA ROSA","113","","","00000000","","PEANUTS","PEANUTS - PRODUCTION, MEASURED IN LB","TOTAL","NOT SPECIFIED","81,800,000",""
"SURVEY","2013","YEAR","","COUNTY","FLORIDA","12","NORTHWEST","10","SANTA ROSA","113","","","00000000","","PEANUTS","PEANUTS - YIELD, MEASURED IN LB / ACRE","TOTAL","NOT SPECIFIED","4,470",""
"SURVEY","2012","YEAR","","COUNTY","FLORIDA","12","NORTHEAST","30","COLUMBIA","023","","","00000000","","PEANUTS","PEANUTS - ACRES HARVESTED","TOTAL","NOT SPECIFIED","8,000",""
"SURVEY","2012","YEAR","","COUNTY","FLORIDA","12","NORTHEAST","30","COLUMBIA","023","","","00000000","","PEANUTS","PEANUTS - ACRES PLANTED","TOTAL","NOT SPECIFIED","8,500",""
"SURVEY","2012","YEAR","","COUNTY","FLORIDA","12","NORTHEAST","30","COLUMBIA","023","","","00000000","","PEANUTS","PEANUTS - PRODUCTION, MEASURED IN LB","TOTAL","NOT SPECIFIED","23,500,000",""
"SURVEY","2012","YEAR","","COUNTY","FLORIDA","12","NORTHEAST","30","COLUMBIA","023","","","00000000","","PEANUTS","PEANUTS - YIELD, MEASURED IN LB / ACRE","TOTAL","NOT SPECIFIED","2,938",""
"SURVEY","2012","YEAR","","COUNTY","FLORIDA","12","NORTHEAST","30","MADISON","079","","","00000000","","PEANUTS","PEANUTS - ACRES HARVESTED","TOTAL","NOT SPECIFIED","9,700",""
"SURVEY","2012","YEAR","","COUNTY","FLORIDA","12","NORTHEAST","30","MADISON","079","","","00000000","","PEANUTS","PEANUTS - ACRES PLANTED","TOTAL","NOT SPECIFIED","10,400",""
"SURVEY","2012","YEAR","","COUNTY","FLORIDA","12","NORTHEAST","30","MADISON","079","","","00000000","","PEANUTS","PEANUTS - PRODUCTION, MEASURED IN LB","TOTAL","NOT SPECIFIED","38,000,000",""
"SURVEY","2012","YEAR","","COUNTY","FLORIDA","12","NORTHEAST","30","MADISON","079","","","00000000","","PEANUTS","PEANUTS - YIELD, MEASURED IN LB / ACRE","TOTAL","NOT SPECIFIED","3,918",""
"SURVEY","2012","YEAR","","COUNTY","FLORIDA","12","NORTHEAST","30","OTHER (COMBINED) COUNTIES","","","","00000000","","PEANUTS","PEANUTS - ACRES HARVESTED","TOTAL","NOT SPECIFIED","13,700",""
"SURVEY","2012","YEAR","","COUNTY","FLORIDA","12","NORTHEAST","30","OTHER (COMBINED) COUNTIES","","","","00000000","","PEANUTS","PEANUTS - ACRES PLANTED","TOTAL","NOT SPECIFIED","14,900",""
"SURVEY","2012","YEAR","","COUNTY","FLORIDA","12","NORTHEAST","30","OTHER (COMBINED) COUNTIES","","","","00000000","","PEANUTS","PEANUTS - PRODUCTION, MEASURED IN LB","TOTAL","NOT SPECIFIED","56,500,000",""
"SURVEY","2012","YEAR","","COUNTY","FLORIDA","12","NORTHEAST","30","OTHER (COMBINED) COUNTIES","","","","00000000","","PEANUTS","PEANUTS - YIELD, MEASURED IN LB / ACRE","TOTAL","NOT SPECIFIED","4,124",""
"SURVEY","2012","YEAR","","COUNTY","FLORIDA","12","NORTHEAST","30","SUWANNEE","121","","","00000000","","PEANUTS","PEANUTS - ACRES HARVESTED","TOTAL","NOT SPECIFIED","15,800",""
"SURVEY","2012","YEAR","","COUNTY","FLORIDA","12","NORTHEAST","30","SUWANNEE","121","","","00000000","","PEANUTS","PEANUTS - ACRES PLANTED","TOTAL","NOT SPECIFIED","17,000",""
"SURVEY","2012","YEAR","","COUNTY","FLORIDA","12","NORTHEAST","30","SUWANNEE","121","","","00000000","","PEANUTS","PEANUTS - PRODUCTION, MEASURED IN LB","TOTAL","NOT SPECIFIED","67,000,000",""
"SURVEY","2012","YEAR","","COUNTY","FLORIDA","12","NORTHEAST","30","SUWANNEE","121","","","00000000","","PEANUTS","PEANUTS - YIELD, MEASURED IN LB / ACRE","TOTAL","NOT SPECIFIED","4,241",""
"SURVEY","2012","YEAR","","COUNTY","FLORIDA","12","NORTHWEST","10","CALHOUN","013","","","00000000","","PEANUTS","PEANUTS - ACRES HARVESTED","TOTAL","NOT SPECIFIED","4,400",""
"SURVEY","2012","YEAR","","COUNTY","FLORIDA","12","NORTHWEST","10","CALHOUN","013","","","00000000","","PEANUTS","PEANUTS - ACRES PLANTED","TOTAL","NOT SPECIFIED","4,700",""
"SURVEY","2012","YEAR","","COUNTY","FLORIDA","12","NORTHWEST","10","CALHOUN","013","","","00000000","","PEANUTS","PEANUTS - PRODUCTION, MEASURED IN LB","TOTAL","NOT SPECIFIED","12,500,000",""
"SURVEY","2012","YEAR","","COUNTY","FLORIDA","12","NORTHWEST","10","CALHOUN","013","","","00000000","","PEANUTS","PEANUTS - YIELD, MEASURED IN LB / ACRE","TOTAL","NOT SPECIFIED","2,841",""
"SURVEY","2012","YEAR","","COUNTY","FLORIDA","12","NORTHWEST","10","ESCAMBIA","033","","","00000000","","PEANUTS","PEANUTS - ACRES HARVESTED","TOTAL","NOT SPECIFIED","8,000",""
"SURVEY","2012","YEAR","","COUNTY","FLORIDA","12","NORTHWEST","10","ESCAMBIA","033","","","00000000","","PEANUTS","PEANUTS - ACRES PLANTED","TOTAL","NOT SPECIFIED","8,400",""
"SURVEY","2012","YEAR","","COUNTY","FLORIDA","12","NORTHWEST","10","ESCAMBIA","033","","","00000000","","PEANUTS","PEANUTS - PRODUCTION, MEASURED IN LB","TOTAL","NOT SPECIFIED","35,000,000",""
"SURVEY","2012","YEAR","","COUNTY","FLORIDA","12","NORTHWEST","10","ESCAMBIA","033","","","00000000","","PEANUTS","PEANUTS - YIELD, MEASURED IN LB / ACRE","TOTAL","NOT SPECIFIED","4,375",""
"SURVEY","2012","YEAR","","COUNTY","FLORIDA","12","NORTHWEST","10","HOLMES","059","","","00000000","","PEANUTS","PEANUTS - ACRES HARVESTED","TOTAL","NOT SPECIFIED","7,800",""
"SURVEY","2012","YEAR","","COUNTY","FLORIDA","12","NORTHWEST","10","HOLMES","059","","","00000000","","PEANUTS","PEANUTS - ACRES PLANTED","TOTAL","NOT SPECIFIED","8,400",""
"SURVEY","2012","YEAR","","COUNTY","FLORIDA","12","NORTHWEST","10","HOLMES","059","","","00000000","","PEANUTS","PEANUTS - PRODUCTION, MEASURED IN LB","TOTAL","NOT SPECIFIED","27,900,000",""
"SURVEY","2012","YEAR","","COUNTY","FLORIDA","12","NORTHWEST","10","HOLMES","059","","","00000000","","PEANUTS","PEANUTS - YIELD, MEASURED IN LB / ACRE","TOTAL","NOT SPECIFIED","3,577",""
"SURVEY","2012","YEAR","","COUNTY","FLORIDA","12","NORTHWEST","10","JACKSON","063","","","00000000","","PEANUTS","PEANUTS - ACRES HARVESTED","TOTAL","NOT SPECIFIED","33,500",""
"SURVEY","2012","YEAR","","COUNTY","FLORIDA","12","NORTHWEST","10","JACKSON","063","","","00000000","","PEANUTS","PEANUTS - ACRES PLANTED","TOTAL","NOT SPECIFIED","36,300",""
"SURVEY","2012","YEAR","","COUNTY","FLORIDA","12","NORTHWEST","10","JACKSON","063","","","00000000","","PEANUTS","PEANUTS - PRODUCTION, MEASURED IN LB","TOTAL","NOT SPECIFIED","125,000,000",""
"SURVEY","2012","YEAR","","COUNTY","FLORIDA","12","NORTHWEST","10","JACKSON","063","","","00000000","","PEANUTS","PEANUTS - YIELD, MEASURED IN LB / ACRE","TOTAL","NOT SPECIFIED","3,731",""
"SURVEY","2012","YEAR","","COUNTY","FLORIDA","12","NORTHWEST","10","OKALOOSA","091","","","00000000","","PEANUTS","PEANUTS - ACRES HARVESTED","TOTAL","NOT SPECIFIED","3,200",""
"SURVEY","2012","YEAR","","COUNTY","FLORIDA","12","NORTHWEST","10","OKALOOSA","091","","","00000000","","PEANUTS","PEANUTS - ACRES PLANTED","TOTAL","NOT SPECIFIED","3,400",""
"SURVEY","2012","YEAR","","COUNTY","FLORIDA","12","NORTHWEST","10","OKALOOSA","091","","","00000000","","PEANUTS","PEANUTS - PRODUCTION, MEASURED IN LB","TOTAL","NOT SPECIFIED","14,800,000",""
"SURVEY","2012","YEAR","","COUNTY","FLORIDA","12","NORTHWEST","10","OKALOOSA","091","","","00000000","","PEANUTS","PEANUTS - YIELD, MEASURED IN LB / ACRE","TOTAL","NOT SPECIFIED","4,625",""
"SURVEY","2012","YEAR","","COUNTY","FLORIDA","12","NORTHWEST","10","OTHER (COMBINED) COUNTIES","","","","00000000","","PEANUTS","PEANUTS - ACRES HARVESTED","TOTAL","NOT SPECIFIED","5,100",""
"SURVEY","2012","YEAR","","COUNTY","FLORIDA","12","NORTHWEST","10","OTHER (COMBINED) COUNTIES","","","","00000000","","PEANUTS","PEANUTS - ACRES PLANTED","TOTAL","NOT SPECIFIED","5,300",""
"SURVEY","2012","YEAR","","COUNTY","FLORIDA","12","NORTHWEST","10","OTHER (COMBINED) COUNTIES","","","","00000000","","PEANUTS","PEANUTS - PRODUCTION, MEASURED IN LB","TOTAL","NOT SPECIFIED","16,400,000",""
"SURVEY","2012","YEAR","","COUNTY","FLORIDA","12","NORTHWEST","10","OTHER (COMBINED) COUNTIES","","","","00000000","","PEANUTS","PEANUTS - YIELD, MEASURED IN LB / ACRE","TOTAL","NOT SPECIFIED","3,216",""
"SURVEY","2012","YEAR","","COUNTY","FLORIDA","12","NORTHWEST","10","SANTA ROSA","113","","","00000000","","PEANUTS","PEANUTS - ACRES HARVESTED","TOTAL","NOT SPECIFIED","23,500",""
"SURVEY","2012","YEAR","","COUNTY","FLORIDA","12","NORTHWEST","10","SANTA ROSA","113","","","00000000","","PEANUTS","PEANUTS - ACRES PLANTED","TOTAL","NOT SPECIFIED","25,300",""
"SURVEY","2012","YEAR","","COUNTY","FLORIDA","12","NORTHWEST","10","SANTA ROSA","113","","","00000000","","PEANUTS","PEANUTS - PRODUCTION, MEASURED IN LB","TOTAL","NOT SPECIFIED","105,000,000",""
"SURVEY","2012","YEAR","","COUNTY","FLORIDA","12","NORTHWEST","10","SANTA ROSA","113","","","00000000","","PEANUTS","PEANUTS - YIELD, MEASURED IN LB / ACRE","TOTAL","NOT SPECIFIED","4,468",""
"SURVEY","2012","YEAR","","COUNTY","FLORIDA","12","NORTHWEST","10","WALTON","131","","","00000000","","PEANUTS","PEANUTS - ACRES HARVESTED","TOTAL","NOT SPECIFIED","4,100",""
"SURVEY","2012","YEAR","","COUNTY","FLORIDA","12","NORTHWEST","10","WALTON","131","","","00000000","","PEANUTS","PEANUTS - ACRES PLANTED","TOTAL","NOT SPECIFIED","4,400",""
"SURVEY","2012","YEAR","","COUNTY","FLORIDA","12","NORTHWEST","10","WALTON","131","","","00000000","","PEANUTS","PEANUTS - PRODUCTION, MEASURED IN LB","TOTAL","NOT SPECIFIED","16,800,000",""
"SURVEY","2012","YEAR","","COUNTY","FLORIDA","12","NORTHWEST","10","WALTON","131","","","00000000","","PEANUTS","PEANUTS - YIELD, MEASURED IN LB / ACRE","TOTAL","NOT SPECIFIED","4,098",""
"SURVEY","2012","YEAR","","COUNTY","FLORIDA","12","NORTHWEST","10","WASHINGTON","133","","","00000000","","PEANUTS","PEANUTS - ACRES HARVESTED","TOTAL","NOT SPECIFIED","4,000",""
"SURVEY","2012","YEAR","","COUNTY","FLORIDA","12","NORTHWEST","10","WASHINGTON","133","","","00000000","","PEANUTS","PEANUTS - ACRES PLANTED","TOTAL","NOT SPECIFIED","4,300",""
"SURVEY","2012","YEAR","","COUNTY","FLORIDA","12","NORTHWEST","10","WASHINGTON","133","","","00000000","","PEANUTS","PEANUTS - PRODUCTION, MEASURED IN LB","TOTAL","NOT SPECIFIED","16,600,000",""
"SURVEY","2012","YEAR","","COUNTY","FLORIDA","12","NORTHWEST","10","WASHINGTON","133","","","00000000","","PEANUTS","PEANUTS - YIELD, MEASURED IN LB / ACRE","TOTAL","NOT SPECIFIED","4,150",""
"SURVEY","2011","YEAR","","COUNTY","FLORIDA","12","NORTHEAST","30","COLUMBIA","023","","","00000000","","PEANUTS","PEANUTS - ACRES HARVESTED","TOTAL","NOT SPECIFIED","5,900",""
"SURVEY","2011","YEAR","","COUNTY","FLORIDA","12","NORTHEAST","30","COLUMBIA","023","","","00000000","","PEANUTS","PEANUTS - ACRES PLANTED","TOTAL","NOT SPECIFIED","6,500",""
"SURVEY","2011","YEAR","","COUNTY","FLORIDA","12","NORTHEAST","30","COLUMBIA","023","","","00000000","","PEANUTS","PEANUTS - PRODUCTION, MEASURED IN LB","TOTAL","NOT SPECIFIED","19,200,000",""
"SURVEY","2011","YEAR","","COUNTY","FLORIDA","12","NORTHEAST","30","COLUMBIA","023","","","00000000","","PEANUTS","PEANUTS - YIELD, MEASURED IN LB / ACRE","TOTAL","NOT SPECIFIED","3,254",""
"SURVEY","2011","YEAR","","COUNTY","FLORIDA","12","NORTHEAST","30","HAMILTON","047","","","00000000","","PEANUTS","PEANUTS - ACRES HARVESTED","TOTAL","NOT SPECIFIED","6,200",""
"SURVEY","2011","YEAR","","COUNTY","FLORIDA","12","NORTHEAST","30","HAMILTON","047","","","00000000","","PEANUTS","PEANUTS - ACRES PLANTED","TOTAL","NOT SPECIFIED","6,700",""
"SURVEY","2011","YEAR","","COUNTY","FLORIDA","12","NORTHEAST","30","HAMILTON","047","","","00000000","","PEANUTS","PEANUTS - PRODUCTION, MEASURED IN LB","TOTAL","NOT SPECIFIED","24,500,000",""
"SURVEY","2011","YEAR","","COUNTY","FLORIDA","12","NORTHEAST","30","HAMILTON","047","","","00000000","","PEANUTS","PEANUTS - YIELD, MEASURED IN LB / ACRE","TOTAL","NOT SPECIFIED","3,952",""
"SURVEY","2011","YEAR","","COUNTY","FLORIDA","12","NORTHEAST","30","OTHER (COMBINED) COUNTIES","","","","00000000","","PEANUTS","PEANUTS - ACRES HARVESTED","TOTAL","NOT SPECIFIED","12,600",""
"SURVEY","2011","YEAR","","COUNTY","FLORIDA","12","NORTHEAST","30","OTHER (COMBINED) COUNTIES","","","","00000000","","PEANUTS","PEANUTS - ACRES PLANTED","TOTAL","NOT SPECIFIED","13,500",""
"SURVEY","2011","YEAR","","COUNTY","FLORIDA","12","NORTHEAST","30","OTHER (COMBINED) COUNTIES","","","","00000000","","PEANUTS","PEANUTS - PRODUCTION, MEASURED IN LB","TOTAL","NOT SPECIFIED","49,300,000",""
"SURVEY","2011","YEAR","","COUNTY","FLORIDA","12","NORTHEAST","30","OTHER (COMBINED) COUNTIES","","","","00000000","","PEANUTS","PEANUTS - YIELD, MEASURED IN LB / ACRE","TOTAL","NOT SPECIFIED","3,913",""
"SURVEY","2011","YEAR","","COUNTY","FLORIDA","12","NORTHEAST","30","SUWANNEE","121","","","00000000","","PEANUTS","PEANUTS - ACRES HARVESTED","TOTAL","NOT SPECIFIED","13,000",""
"SURVEY","2011","YEAR","","COUNTY","FLORIDA","12","NORTHEAST","30","SUWANNEE","121","","","00000000","","PEANUTS","PEANUTS - ACRES PLANTED","TOTAL","NOT SPECIFIED","14,100",""
"SURVEY","2011","YEAR","","COUNTY","FLORIDA","12","NORTHEAST","30","SUWANNEE","121","","","00000000","","PEANUTS","PEANUTS - PRODUCTION, MEASURED IN LB","TOTAL","NOT SPECIFIED","50,000,000",""
"SURVEY","2011","YEAR","","COUNTY","FLORIDA","12","NORTHEAST","30","SUWANNEE","121","","","00000000","","PEANUTS","PEANUTS - YIELD, MEASURED IN LB / ACRE","TOTAL","NOT SPECIFIED","3,846",""
"SURVEY","2011","YEAR","","COUNTY","FLORIDA","12","NORTHWEST","10","CALHOUN","013","","","00000000","","PEANUTS","PEANUTS - ACRES HARVESTED","TOTAL","NOT SPECIFIED","3,600",""
"SURVEY","2011","YEAR","","COUNTY","FLORIDA","12","NORTHWEST","10","CALHOUN","013","","","00000000","","PEANUTS","PEANUTS - ACRES PLANTED","TOTAL","NOT SPECIFIED","3,900",""
"SURVEY","2011","YEAR","","COUNTY","FLORIDA","12","NORTHWEST","10","CALHOUN","013","","","00000000","","PEANUTS","PEANUTS - PRODUCTION, MEASURED IN LB","TOTAL","NOT SPECIFIED","12,600,000",""
"SURVEY","2011","YEAR","","COUNTY","FLORIDA","12","NORTHWEST","10","CALHOUN","013","","","00000000","","PEANUTS","PEANUTS - YIELD, MEASURED IN LB / ACRE","TOTAL","NOT SPECIFIED","3,500",""
"SURVEY","2011","YEAR","","COUNTY","FLORIDA","12","NORTHWEST","10","ESCAMBIA","033","","","00000000","","PEANUTS","PEANUTS - ACRES HARVESTED","TOTAL","NOT SPECIFIED","6,100",""
"SURVEY","2011","YEAR","","COUNTY","FLORIDA","12","NORTHWEST","10","ESCAMBIA","033","","","00000000","","PEANUTS","PEANUTS - ACRES PLANTED","TOTAL","NOT SPECIFIED","6,600",""
"SURVEY","2011","YEAR","","COUNTY","FLORIDA","12","NORTHWEST","10","ESCAMBIA","033","","","00000000","","PEANUTS","PEANUTS - PRODUCTION, MEASURED IN LB","TOTAL","NOT SPECIFIED","25,500,000",""
"SURVEY","2011","YEAR","","COUNTY","FLORIDA","12","NORTHWEST","10","ESCAMBIA","033","","","00000000","","PEANUTS","PEANUTS - YIELD, MEASURED IN LB / ACRE","TOTAL","NOT SPECIFIED","4,180",""
"SURVEY","2011","YEAR","","COUNTY","FLORIDA","12","NORTHWEST","10","HOLMES","059","","","00000000","","PEANUTS","PEANUTS - ACRES HARVESTED","TOTAL","NOT SPECIFIED","6,400",""
"SURVEY","2011","YEAR","","COUNTY","FLORIDA","12","NORTHWEST","10","HOLMES","059","","","00000000","","PEANUTS","PEANUTS - ACRES PLANTED","TOTAL","NOT SPECIFIED","7,100",""
"SURVEY","2011","YEAR","","COUNTY","FLORIDA","12","NORTHWEST","10","HOLMES","059","","","00000000","","PEANUTS","PEANUTS - PRODUCTION, MEASURED IN LB","TOTAL","NOT SPECIFIED","18,500,000",""
"SURVEY","2011","YEAR","","COUNTY","FLORIDA","12","NORTHWEST","10","HOLMES","059","","","00000000","","PEANUTS","PEANUTS - YIELD, MEASURED IN LB / ACRE","TOTAL","NOT SPECIFIED","2,891",""
"SURVEY","2011","YEAR","","COUNTY","FLORIDA","12","NORTHWEST","10","JACKSON","063","","","00000000","","PEANUTS","PEANUTS - ACRES HARVESTED","TOTAL","NOT SPECIFIED","29,500",""
"SURVEY","2011","YEAR","","COUNTY","FLORIDA","12","NORTHWEST","10","JACKSON","063","","","00000000","","PEANUTS","PEANUTS - ACRES PLANTED","TOTAL","NOT SPECIFIED","32,300",""
"SURVEY","2011","YEAR","","COUNTY","FLORIDA","12","NORTHWEST","10","JACKSON","063","","","00000000","","PEANUTS","PEANUTS - PRODUCTION, MEASURED IN LB","TOTAL","NOT SPECIFIED","99,000,000",""
"SURVEY","2011","YEAR","","COUNTY","FLORIDA","12","NORTHWEST","10","JACKSON","063","","","00000000","","PEANUTS","PEANUTS - YIELD, MEASURED IN LB / ACRE","TOTAL","NOT SPECIFIED","3,356",""
"SURVEY","2011","YEAR","","COUNTY","FLORIDA","12","NORTHWEST","10","OKALOOSA","091","","","00000000","","PEANUTS","PEANUTS - ACRES HARVESTED","TOTAL","NOT SPECIFIED","1,800",""
"SURVEY","2011","YEAR","","COUNTY","FLORIDA","12","NORTHWEST","10","OKALOOSA","091","","","00000000","","PEANUTS","PEANUTS - ACRES PLANTED","TOTAL","NOT SPECIFIED","2,000",""
"SURVEY","2011","YEAR","","COUNTY","FLORIDA","12","NORTHWEST","10","OKALOOSA","091","","","00000000","","PEANUTS","PEANUTS - PRODUCTION, MEASURED IN LB","TOTAL","NOT SPECIFIED","6,000,000",""
"SURVEY","2011","YEAR","","COUNTY","FLORIDA","12","NORTHWEST","10","OKALOOSA","091","","","00000000","","PEANUTS","PEANUTS - YIELD, MEASURED IN LB / ACRE","TOTAL","NOT SPECIFIED","3,333",""
"SURVEY","2011","YEAR","","COUNTY","FLORIDA","12","NORTHWEST","10","OTHER (COMBINED) COUNTIES","","","","00000000","","PEANUTS","PEANUTS - ACRES HARVESTED","TOTAL","NOT SPECIFIED","3,200",""
"SURVEY","2011","YEAR","","COUNTY","FLORIDA","12","NORTHWEST","10","OTHER (COMBINED) COUNTIES","","","","00000000","","PEANUTS","PEANUTS - ACRES PLANTED","TOTAL","NOT SPECIFIED","3,500",""
"SURVEY","2011","YEAR","","COUNTY","FLORIDA","12","NORTHWEST","10","OTHER (COMBINED) COUNTIES","","","","00000000","","PEANUTS","PEANUTS - PRODUCTION, MEASURED IN LB","TOTAL","NOT SPECIFIED","9,400,000",""
"SURVEY","2011","YEAR","","COUNTY","FLORIDA","12","NORTHWEST","10","OTHER (COMBINED) COUNTIES","","","","00000000","","PEANUTS","PEANUTS - YIELD, MEASURED IN LB / ACRE","TOTAL","NOT SPECIFIED","2,938",""
"SURVEY","2011","YEAR","","COUNTY","FLORIDA","12","NORTHWEST","10","SANTA ROSA","113","","","00000000","","PEANUTS","PEANUTS - ACRES HARVESTED","TOTAL","NOT SPECIFIED","14,900",""
"SURVEY","2011","YEAR","","COUNTY","FLORIDA","12","NORTHWEST","10","SANTA ROSA","113","","","00000000","","PEANUTS","PEANUTS - ACRES PLANTED","TOTAL","NOT SPECIFIED","16,000",""
"SURVEY","2011","YEAR","","COUNTY","FLORIDA","12","NORTHWEST","10","SANTA ROSA","113","","","00000000","","PEANUTS","PEANUTS - PRODUCTION, MEASURED IN LB","TOTAL","NOT SPECIFIED","58,000,000",""
"SURVEY","2011","YEAR","","COUNTY","FLORIDA","12","NORTHWEST","10","SANTA ROSA","113","","","00000000","","PEANUTS","PEANUTS - YIELD, MEASURED IN LB / ACRE","TOTAL","NOT SPECIFIED","3,893",""
"SURVEY","2011","YEAR","","COUNTY","FLORIDA","12","NORTHWEST","10","WALTON","131","","","00000000","","PEANUTS","PEANUTS - ACRES HARVESTED","TOTAL","NOT SPECIFIED","5,100",""
"SURVEY","2011","YEAR","","COUNTY","FLORIDA","12","NORTHWEST","10","WALTON","131","","","00000000","","PEANUTS","PEANUTS - ACRES PLANTED","TOTAL","NOT SPECIFIED","5,500",""
"SURVEY","2011","YEAR","","COUNTY","FLORIDA","12","NORTHWEST","10","WALTON","131","","","00000000","","PEANUTS","PEANUTS - PRODUCTION, MEASURED IN LB","TOTAL","NOT SPECIFIED","17,000,000",""
"SURVEY","2011","YEAR","","COUNTY","FLORIDA","12","NORTHWEST","10","WALTON","131","","","00000000","","PEANUTS","PEANUTS - YIELD, MEASURED IN LB / ACRE","TOTAL","NOT SPECIFIED","3,333",""
"SURVEY","2011","YEAR","","COUNTY","FLORIDA","12","NORTHWEST","10","WASHINGTON","133","","","00000000","","PEANUTS","PEANUTS - ACRES HARVESTED","TOTAL","NOT SPECIFIED","4,100",""
"SURVEY","2011","YEAR","","COUNTY","FLORIDA","12","NORTHWEST","10","WASHINGTON","133","","","00000000","","PEANUTS","PEANUTS - ACRES PLANTED","TOTAL","NOT SPECIFIED","4,400",""
"SURVEY","2011","YEAR","","COUNTY","FLORIDA","12","NORTHWEST","10","WASHINGTON","133","","","00000000","","PEANUTS","PEANUTS - PRODUCTION, MEASURED IN LB","TOTAL","NOT SPECIFIED","16,000,000",""
"SURVEY","2011","YEAR","","COUNTY","FLORIDA","12","NORTHWEST","10","WASHINGTON","133","","","00000000","","PEANUTS","PEANUTS - YIELD, MEASURED IN LB / ACRE","TOTAL","NOT SPECIFIED","3,902",""
"SURVEY","2010","YEAR","","COUNTY","FLORIDA","12","NORTHEAST","30","HAMILTON","047","","","00000000","","PEANUTS","PEANUTS - ACRES HARVESTED","TOTAL","NOT SPECIFIED","4,300",""
"SURVEY","2010","YEAR","","COUNTY","FLORIDA","12","NORTHEAST","30","HAMILTON","047","","","00000000","","PEANUTS","PEANUTS - ACRES PLANTED","TOTAL","NOT SPECIFIED","4,900",""
"SURVEY","2010","YEAR","","COUNTY","FLORIDA","12","NORTHEAST","30","HAMILTON","047","","","00000000","","PEANUTS","PEANUTS - PRODUCTION, MEASURED IN LB","TOTAL","NOT SPECIFIED","17,500,000",""
"SURVEY","2010","YEAR","","COUNTY","FLORIDA","12","NORTHEAST","30","HAMILTON","047","","","00000000","","PEANUTS","PEANUTS - YIELD, MEASURED IN LB / ACRE","TOTAL","NOT SPECIFIED","4,070",""
"SURVEY","2010","YEAR","","COUNTY","FLORIDA","12","NORTHEAST","30","MADISON","079","","","00000000","","PEANUTS","PEANUTS - ACRES HARVESTED","TOTAL","NOT SPECIFIED","7,900",""
"SURVEY","2010","YEAR","","COUNTY","FLORIDA","12","NORTHEAST","30","MADISON","079","","","00000000","","PEANUTS","PEANUTS - ACRES PLANTED","TOTAL","NOT SPECIFIED","8,500",""
"SURVEY","2010","YEAR","","COUNTY","FLORIDA","12","NORTHEAST","30","MADISON","079","","","00000000","","PEANUTS","PEANUTS - PRODUCTION, MEASURED IN LB","TOTAL","NOT SPECIFIED","31,000,000",""
"SURVEY","2010","YEAR","","COUNTY","FLORIDA","12","NORTHEAST","30","MADISON","079","","","00000000","","PEANUTS","PEANUTS - YIELD, MEASURED IN LB / ACRE","TOTAL","NOT SPECIFIED","3,924",""
"SURVEY","2010","YEAR","","COUNTY","FLORIDA","12","NORTHEAST","30","OTHER (COMBINED) COUNTIES","","","","00000000","","PEANUTS","PEANUTS - ACRES HARVESTED","TOTAL","NOT SPECIFIED","6,300",""
"SURVEY","2010","YEAR","","COUNTY","FLORIDA","12","NORTHEAST","30","OTHER (COMBINED) COUNTIES","","","","00000000","","PEANUTS","PEANUTS - ACRES PLANTED","TOTAL","NOT SPECIFIED","7,400",""
"SURVEY","2010","YEAR","","COUNTY","FLORIDA","12","NORTHEAST","30","OTHER (COMBINED) COUNTIES","","","","00000000","","PEANUTS","PEANUTS - PRODUCTION, MEASURED IN LB","TOTAL","NOT SPECIFIED","23,100,000",""
"SURVEY","2010","YEAR","","COUNTY","FLORIDA","12","NORTHEAST","30","OTHER (COMBINED) COUNTIES","","","","00000000","","PEANUTS","PEANUTS - YIELD, MEASURED IN LB / ACRE","TOTAL","NOT SPECIFIED","3,667",""
"SURVEY","2010","YEAR","","COUNTY","FLORIDA","12","NORTHEAST","30","SUWANNEE","121","","","00000000","","PEANUTS","PEANUTS - ACRES HARVESTED","TOTAL","NOT SPECIFIED","9,400",""
"SURVEY","2010","YEAR","","COUNTY","FLORIDA","12","NORTHEAST","30","SUWANNEE","121","","","00000000","","PEANUTS","PEANUTS - ACRES PLANTED","TOTAL","NOT SPECIFIED","10,200",""
"SURVEY","2010","YEAR","","COUNTY","FLORIDA","12","NORTHEAST","30","SUWANNEE","121","","","00000000","","PEANUTS","PEANUTS - PRODUCTION, MEASURED IN LB","TOTAL","NOT SPECIFIED","35,400,000",""
"SURVEY","2010","YEAR","","COUNTY","FLORIDA","12","NORTHEAST","30","SUWANNEE","121","","","00000000","","PEANUTS","PEANUTS - YIELD, MEASURED IN LB / ACRE","TOTAL","NOT SPECIFIED","3,766",""
"SURVEY","2010","YEAR","","COUNTY","FLORIDA","12","NORTHWEST","10","CALHOUN","013","","","00000000","","PEANUTS","PEANUTS - ACRES HARVESTED","TOTAL","NOT SPECIFIED","3,900",""
"SURVEY","2010","YEAR","","COUNTY","FLORIDA","12","NORTHWEST","10","CALHOUN","013","","","00000000","","PEANUTS","PEANUTS - ACRES PLANTED","TOTAL","NOT SPECIFIED","4,000",""
"SURVEY","2010","YEAR","","COUNTY","FLORIDA","12","NORTHWEST","10","CALHOUN","013","","","00000000","","PEANUTS","PEANUTS - PRODUCTION, MEASURED IN LB","TOTAL","NOT SPECIFIED","14,000,000",""
"SURVEY","2010","YEAR","","COUNTY","FLORIDA","12","NORTHWEST","10","CALHOUN","013","","","00000000","","PEANUTS","PEANUTS - YIELD, MEASURED IN LB / ACRE","TOTAL","NOT SPECIFIED","3,590",""
"SURVEY","2010","YEAR","","COUNTY","FLORIDA","12","NORTHWEST","10","ESCAMBIA","033","","","00000000","","PEANUTS","PEANUTS - ACRES HARVESTED","TOTAL","NOT SPECIFIED","7,100",""
"SURVEY","2010","YEAR","","COUNTY","FLORIDA","12","NORTHWEST","10","ESCAMBIA","033","","","00000000","","PEANUTS","PEANUTS - ACRES PLANTED","TOTAL","NOT SPECIFIED","7,400",""
"SURVEY","2010","YEAR","","COUNTY","FLORIDA","12","NORTHWEST","10","ESCAMBIA","033","","","00000000","","PEANUTS","PEANUTS - PRODUCTION, MEASURED IN LB","TOTAL","NOT SPECIFIED","30,200,000",""
"SURVEY","2010","YEAR","","COUNTY","FLORIDA","12","NORTHWEST","10","ESCAMBIA","033","","","00000000","","PEANUTS","PEANUTS - YIELD, MEASURED IN LB / ACRE","TOTAL","NOT SPECIFIED","4,254",""
"SURVEY","2010","YEAR","","COUNTY","FLORIDA","12","NORTHWEST","10","HOLMES","059","","","00000000","","PEANUTS","PEANUTS - ACRES HARVESTED","TOTAL","NOT SPECIFIED","5,400",""
"SURVEY","2010","YEAR","","COUNTY","FLORIDA","12","NORTHWEST","10","HOLMES","059","","","00000000","","PEANUTS","PEANUTS - ACRES PLANTED","TOTAL","NOT SPECIFIED","5,700",""
"SURVEY","2010","YEAR","","COUNTY","FLORIDA","12","NORTHWEST","10","HOLMES","059","","","00000000","","PEANUTS","PEANUTS - PRODUCTION, MEASURED IN LB","TOTAL","NOT SPECIFIED","12,800,000",""
"SURVEY","2010","YEAR","","COUNTY","FLORIDA","12","NORTHWEST","10","HOLMES","059","","","00000000","","PEANUTS","PEANUTS - YIELD, MEASURED IN LB / ACRE","TOTAL","NOT SPECIFIED","2,370",""
"SURVEY","2010","YEAR","","COUNTY","FLORIDA","12","NORTHWEST","10","JACKSON","063","","","00000000","","PEANUTS","PEANUTS - ACRES HARVESTED","TOTAL","NOT SPECIFIED","32,200",""
"SURVEY","2010","YEAR","","COUNTY","FLORIDA","12","NORTHWEST","10","JACKSON","063","","","00000000","","PEANUTS","PEANUTS - ACRES PLANTED","TOTAL","NOT SPECIFIED","34,000",""
"SURVEY","2010","YEAR","","COUNTY","FLORIDA","12","NORTHWEST","10","JACKSON","063","","","00000000","","PEANUTS","PEANUTS - PRODUCTION, MEASURED IN LB","TOTAL","NOT SPECIFIED","89,000,000",""
"SURVEY","2010","YEAR","","COUNTY","FLORIDA","12","NORTHWEST","10","JACKSON","063","","","00000000","","PEANUTS","PEANUTS - YIELD, MEASURED IN LB / ACRE","TOTAL","NOT SPECIFIED","2,764",""
"SURVEY","2010","YEAR","","COUNTY","FLORIDA","12","NORTHWEST","10","OKALOOSA","091","","","00000000","","PEANUTS","PEANUTS - ACRES HARVESTED","TOTAL","NOT SPECIFIED","2,300",""
"SURVEY","2010","YEAR","","COUNTY","FLORIDA","12","NORTHWEST","10","OKALOOSA","091","","","00000000","","PEANUTS","PEANUTS - ACRES PLANTED","TOTAL","NOT SPECIFIED","2,400",""
"SURVEY","2010","YEAR","","COUNTY","FLORIDA","12","NORTHWEST","10","OKALOOSA","091","","","00000000","","PEANUTS","PEANUTS - PRODUCTION, MEASURED IN LB","TOTAL","NOT SPECIFIED","6,500,000",""
"SURVEY","2010","YEAR","","COUNTY","FLORIDA","12","NORTHWEST","10","OKALOOSA","091","","","00000000","","PEANUTS","PEANUTS - YIELD, MEASURED IN LB / ACRE","TOTAL","NOT SPECIFIED","2,826",""
"SURVEY","2010","YEAR","","COUNTY","FLORIDA","12","NORTHWEST","10","OTHER (COMBINED) COUNTIES","","","","00000000","","PEANUTS","PEANUTS - ACRES HARVESTED","TOTAL","NOT SPECIFIED","6,100",""
"SURVEY","2010","YEAR","","COUNTY","FLORIDA","12","NORTHWEST","10","OTHER (COMBINED) COUNTIES","","","","00000000","","PEANUTS","PEANUTS - ACRES PLANTED","TOTAL","NOT SPECIFIED","6,400",""
"SURVEY","2010","YEAR","","COUNTY","FLORIDA","12","NORTHWEST","10","OTHER (COMBINED) COUNTIES","","","","00000000","","PEANUTS","PEANUTS - PRODUCTION, MEASURED IN LB","TOTAL","NOT SPECIFIED","20,500,000",""
"SURVEY","2010","YEAR","","COUNTY","FLORIDA","12","NORTHWEST","10","OTHER (COMBINED) COUNTIES","","","","00000000","","PEANUTS","PEANUTS - YIELD, MEASURED IN LB / ACRE","TOTAL","NOT SPECIFIED","3,361",""
"SURVEY","2010","YEAR","","COUNTY","FLORIDA","12","NORTHWEST","10","SANTA ROSA","113","","","00000000","","PEANUTS","PEANUTS - ACRES HARVESTED","TOTAL","NOT SPECIFIED","17,100",""
"SURVEY","2010","YEAR","","COUNTY","FLORIDA","12","NORTHWEST","10","SANTA ROSA","113","","","00000000","","PEANUTS","PEANUTS - ACRES PLANTED","TOTAL","NOT SPECIFIED","17,800",""
"SURVEY","2010","YEAR","","COUNTY","FLORIDA","12","NORTHWEST","10","SANTA ROSA","113","","","00000000","","PEANUTS","PEANUTS - PRODUCTION, MEASURED IN LB","TOTAL","NOT SPECIFIED","68,000,000",""
"SURVEY","2010","YEAR","","COUNTY","FLORIDA","12","NORTHWEST","10","SANTA ROSA","113","","","00000000","","PEANUTS","PEANUTS - YIELD, MEASURED IN LB / ACRE","TOTAL","NOT SPECIFIED","3,977",""
"SURVEY","2010","YEAR","","COUNTY","FLORIDA","12","NORTHWEST","10","WASHINGTON","133","","","00000000","","PEANUTS","PEANUTS - ACRES HARVESTED","TOTAL","NOT SPECIFIED","3,900",""
"SURVEY","2010","YEAR","","COUNTY","FLORIDA","12","NORTHWEST","10","WASHINGTON","133","","","00000000","","PEANUTS","PEANUTS - ACRES PLANTED","TOTAL","NOT SPECIFIED","4,100",""
"SURVEY","2010","YEAR","","COUNTY","FLORIDA","12","NORTHWEST","10","WASHINGTON","133","","","00000000","","PEANUTS","PEANUTS - PRODUCTION, MEASURED IN LB","TOTAL","NOT SPECIFIED","15,000,000",""
"SURVEY","2010","YEAR","","COUNTY","FLORIDA","12","NORTHWEST","10","WASHINGTON","133","","","00000000","","PEANUTS","PEANUTS - YIELD, MEASURED IN LB / ACRE","TOTAL","NOT SPECIFIED","3,846",""
"SURVEY","2009","YEAR","","COUNTY","FLORIDA","12","CENTRAL","50","LEVY","075","","","00000000","","PEANUTS","PEANUTS - ACRES HARVESTED","TOTAL","NOT SPECIFIED","10,400",""
"SURVEY","2009","YEAR","","COUNTY","FLORIDA","12","CENTRAL","50","LEVY","075","","","00000000","","PEANUTS","PEANUTS - ACRES PLANTED","TOTAL","NOT SPECIFIED","12,000",""
"SURVEY","2009","YEAR","","COUNTY","FLORIDA","12","CENTRAL","50","LEVY","075","","","00000000","","PEANUTS","PEANUTS - PRODUCTION, MEASURED IN LB","TOTAL","NOT SPECIFIED","33,280,000",""
"SURVEY","2009","YEAR","","COUNTY","FLORIDA","12","CENTRAL","50","LEVY","075","","","00000000","","PEANUTS","PEANUTS - YIELD, MEASURED IN LB / ACRE","TOTAL","NOT SPECIFIED","3,200",""
"SURVEY","2009","YEAR","","COUNTY","FLORIDA","12","CENTRAL","50","OTHER (COMBINED) COUNTIES","","","","00000000","","PEANUTS","PEANUTS - ACRES HARVESTED","TOTAL","NOT SPECIFIED","8,600",""
"SURVEY","2009","YEAR","","COUNTY","FLORIDA","12","CENTRAL","50","OTHER (COMBINED) COUNTIES","","","","00000000","","PEANUTS","PEANUTS - ACRES PLANTED","TOTAL","NOT SPECIFIED","10,600",""
"SURVEY","2009","YEAR","","COUNTY","FLORIDA","12","CENTRAL","50","OTHER (COMBINED) COUNTIES","","","","00000000","","PEANUTS","PEANUTS - PRODUCTION, MEASURED IN LB","TOTAL","NOT SPECIFIED","27,070,000",""
"SURVEY","2009","YEAR","","COUNTY","FLORIDA","12","CENTRAL","50","OTHER (COMBINED) COUNTIES","","","","00000000","","PEANUTS","PEANUTS - YIELD, MEASURED IN LB / ACRE","TOTAL","NOT SPECIFIED","3,150",""
"SURVEY","2009","YEAR","","COUNTY","FLORIDA","12","NORTHWEST","10","ESCAMBIA","033","","","00000000","","PEANUTS","PEANUTS - ACRES HARVESTED","TOTAL","NOT SPECIFIED","4,600",""
"SURVEY","2009","YEAR","","COUNTY","FLORIDA","12","NORTHWEST","10","ESCAMBIA","033","","","00000000","","PEANUTS","PEANUTS - ACRES PLANTED","TOTAL","NOT SPECIFIED","4,800",""
"SURVEY","2009","YEAR","","COUNTY","FLORIDA","12","NORTHWEST","10","ESCAMBIA","033","","","00000000","","PEANUTS","PEANUTS - PRODUCTION, MEASURED IN LB","TOTAL","NOT SPECIFIED","14,770,000",""
"SURVEY","2009","YEAR","","COUNTY","FLORIDA","12","NORTHWEST","10","ESCAMBIA","033","","","00000000","","PEANUTS","PEANUTS - YIELD, MEASURED IN LB / ACRE","TOTAL","NOT SPECIFIED","3,210",""
"SURVEY","2009","YEAR","","COUNTY","FLORIDA","12","NORTHWEST","10","HOLMES","059","","","00000000","","PEANUTS","PEANUTS - ACRES HARVESTED","TOTAL","NOT SPECIFIED","3,500",""
"SURVEY","2009","YEAR","","COUNTY","FLORIDA","12","NORTHWEST","10","HOLMES","059","","","00000000","","PEANUTS","PEANUTS - ACRES PLANTED","TOTAL","NOT SPECIFIED","3,700",""
"SURVEY","2009","YEAR","","COUNTY","FLORIDA","12","NORTHWEST","10","HOLMES","059","","","00000000","","PEANUTS","PEANUTS - PRODUCTION, MEASURED IN LB","TOTAL","NOT SPECIFIED","9,800,000",""
"SURVEY","2009","YEAR","","COUNTY","FLORIDA","12","NORTHWEST","10","HOLMES","059","","","00000000","","PEANUTS","PEANUTS - YIELD, MEASURED IN LB / ACRE","TOTAL","NOT SPECIFIED","2,800",""
"SURVEY","2009","YEAR","","COUNTY","FLORIDA","12","NORTHWEST","10","JACKSON","063","","","00000000","","PEANUTS","PEANUTS - ACRES HARVESTED","TOTAL","NOT SPECIFIED","31,900",""
"SURVEY","2009","YEAR","","COUNTY","FLORIDA","12","NORTHWEST","10","JACKSON","063","","","00000000","","PEANUTS","PEANUTS - ACRES PLANTED","TOTAL","NOT SPECIFIED","33,700",""
"SURVEY","2009","YEAR","","COUNTY","FLORIDA","12","NORTHWEST","10","JACKSON","063","","","00000000","","PEANUTS","PEANUTS - PRODUCTION, MEASURED IN LB","TOTAL","NOT SPECIFIED","96,180,000",""
"SURVEY","2009","YEAR","","COUNTY","FLORIDA","12","NORTHWEST","10","JACKSON","063","","","00000000","","PEANUTS","PEANUTS - YIELD, MEASURED IN LB / ACRE","TOTAL","NOT SPECIFIED","3,015",""
"SURVEY","2009","YEAR","","COUNTY","FLORIDA","12","NORTHWEST","10","JEFFERSON","065","","","00000000","","PEANUTS","PEANUTS - ACRES HARVESTED","TOTAL","NOT SPECIFIED","1,800",""
"SURVEY","2009","YEAR","","COUNTY","FLORIDA","12","NORTHWEST","10","JEFFERSON","065","","","00000000","","PEANUTS","PEANUTS - ACRES PLANTED","TOTAL","NOT SPECIFIED","1,900",""
"SURVEY","2009","YEAR","","COUNTY","FLORIDA","12","NORTHWEST","10","JEFFERSON","065","","","00000000","","PEANUTS","PEANUTS - PRODUCTION, MEASURED IN LB","TOTAL","NOT SPECIFIED","5,630,000",""
"SURVEY","2009","YEAR","","COUNTY","FLORIDA","12","NORTHWEST","10","JEFFERSON","065","","","00000000","","PEANUTS","PEANUTS - YIELD, MEASURED IN LB / ACRE","TOTAL","NOT SPECIFIED","3,130",""
"SURVEY","2009","YEAR","","COUNTY","FLORIDA","12","NORTHWEST","10","OTHER (COMBINED) COUNTIES","","","","00000000","","PEANUTS","PEANUTS - ACRES HARVESTED","TOTAL","NOT SPECIFIED","6,300",""
"SURVEY","2009","YEAR","","COUNTY","FLORIDA","12","NORTHWEST","10","OTHER (COMBINED) COUNTIES","","","","00000000","","PEANUTS","PEANUTS - ACRES PLANTED","TOTAL","NOT SPECIFIED","6,700",""
"SURVEY","2009","YEAR","","COUNTY","FLORIDA","12","NORTHWEST","10","OTHER (COMBINED) COUNTIES","","","","00000000","","PEANUTS","PEANUTS - PRODUCTION, MEASURED IN LB","TOTAL","NOT SPECIFIED","19,880,000",""
"SURVEY","2009","YEAR","","COUNTY","FLORIDA","12","NORTHWEST","10","OTHER (COMBINED) COUNTIES","","","","00000000","","PEANUTS","PEANUTS - YIELD, MEASURED IN LB / ACRE","TOTAL","NOT SPECIFIED","3,155",""
"SURVEY","2009","YEAR","","COUNTY","FLORIDA","12","NORTHWEST","10","SANTA ROSA","113","","","00000000","","PEANUTS","PEANUTS - ACRES HARVESTED","TOTAL","NOT SPECIFIED","12,100",""
"SURVEY","2009","YEAR","","COUNTY","FLORIDA","12","NORTHWEST","10","SANTA ROSA","113","","","00000000","","PEANUTS","PEANUTS - ACRES PLANTED","TOTAL","NOT SPECIFIED","12,800",""
"SURVEY","2009","YEAR","","COUNTY","FLORIDA","12","NORTHWEST","10","SANTA ROSA","113","","","00000000","","PEANUTS","PEANUTS - PRODUCTION, MEASURED IN LB","TOTAL","NOT SPECIFIED","41,810,000",""
"SURVEY","2009","YEAR","","COUNTY","FLORIDA","12","NORTHWEST","10","SANTA ROSA","113","","","00000000","","PEANUTS","PEANUTS - YIELD, MEASURED IN LB / ACRE","TOTAL","NOT SPECIFIED","3,455",""
"SURVEY","2009","YEAR","","COUNTY","FLORIDA","12","NORTHWEST","10","WALTON","131","","","00000000","","PEANUTS","PEANUTS - ACRES HARVESTED","TOTAL","NOT SPECIFIED","3,400",""
"SURVEY","2009","YEAR","","COUNTY","FLORIDA","12","NORTHWEST","10","WALTON","131","","","00000000","","PEANUTS","PEANUTS - ACRES PLANTED","TOTAL","NOT SPECIFIED","3,600",""
"SURVEY","2009","YEAR","","COUNTY","FLORIDA","12","NORTHWEST","10","WALTON","131","","","00000000","","PEANUTS","PEANUTS - PRODUCTION, MEASURED IN LB","TOTAL","NOT SPECIFIED","9,800,000",""
"SURVEY","2009","YEAR","","COUNTY","FLORIDA","12","NORTHWEST","10","WALTON","131","","","00000000","","PEANUTS","PEANUTS - YIELD, MEASURED IN LB / ACRE","TOTAL","NOT SPECIFIED","2,880",""
"SURVEY","2009","YEAR","","COUNTY","FLORIDA","12","NORTHWEST","10","WASHINGTON","133","","","00000000","","PEANUTS","PEANUTS - ACRES HARVESTED","TOTAL","NOT SPECIFIED","2,400",""
"SURVEY","2009","YEAR","","COUNTY","FLORIDA","12","NORTHWEST","10","WASHINGTON","133","","","00000000","","PEANUTS","PEANUTS - ACRES PLANTED","TOTAL","NOT SPECIFIED","2,500",""
"SURVEY","2009","YEAR","","COUNTY","FLORIDA","12","NORTHWEST","10","WASHINGTON","133","","","00000000","","PEANUTS","PEANUTS - PRODUCTION, MEASURED IN LB","TOTAL","NOT SPECIFIED","7,900,000",""
"SURVEY","2009","YEAR","","COUNTY","FLORIDA","12","NORTHWEST","10","WASHINGTON","133","","","00000000","","PEANUTS","PEANUTS - YIELD, MEASURED IN LB / ACRE","TOTAL","NOT SPECIFIED","3,290",""
"SURVEY","2008","YEAR","","COUNTY","FLORIDA","12","NORTHEAST","30","COLUMBIA","023","","","00000000","","PEANUTS","PEANUTS - ACRES HARVESTED","TOTAL","NOT SPECIFIED","3,600",""
"SURVEY","2008","YEAR","","COUNTY","FLORIDA","12","NORTHEAST","30","COLUMBIA","023","","","00000000","","PEANUTS","PEANUTS - ACRES PLANTED","TOTAL","NOT SPECIFIED","3,800",""
"SURVEY","2008","YEAR","","COUNTY","FLORIDA","12","NORTHEAST","30","COLUMBIA","023","","","00000000","","PEANUTS","PEANUTS - PRODUCTION, MEASURED IN LB","TOTAL","NOT SPECIFIED","8,900,000",""
"SURVEY","2008","YEAR","","COUNTY","FLORIDA","12","NORTHEAST","30","COLUMBIA","023","","","00000000","","PEANUTS","PEANUTS - YIELD, MEASURED IN LB / ACRE","TOTAL","NOT SPECIFIED","2,470",""
"SURVEY","2008","YEAR","","COUNTY","FLORIDA","12","NORTHEAST","30","MADISON","079","","","00000000","","PEANUTS","PEANUTS - ACRES HARVESTED","TOTAL","NOT SPECIFIED","8,100",""
"SURVEY","2008","YEAR","","COUNTY","FLORIDA","12","NORTHEAST","30","MADISON","079","","","00000000","","PEANUTS","PEANUTS - ACRES PLANTED","TOTAL","NOT SPECIFIED","8,600",""
"SURVEY","2008","YEAR","","COUNTY","FLORIDA","12","NORTHEAST","30","MADISON","079","","","00000000","","PEANUTS","PEANUTS - PRODUCTION, MEASURED IN LB","TOTAL","NOT SPECIFIED","19,800,000",""
"SURVEY","2008","YEAR","","COUNTY","FLORIDA","12","NORTHEAST","30","MADISON","079","","","00000000","","PEANUTS","PEANUTS - YIELD, MEASURED IN LB / ACRE","TOTAL","NOT SPECIFIED","2,445",""
"SURVEY","2008","YEAR","","COUNTY","FLORIDA","12","NORTHEAST","30","OTHER (COMBINED) COUNTIES","","","","00000000","","PEANUTS","PEANUTS - ACRES HARVESTED","TOTAL","NOT SPECIFIED","6,800",""
"SURVEY","2008","YEAR","","COUNTY","FLORIDA","12","NORTHEAST","30","OTHER (COMBINED) COUNTIES","","","","00000000","","PEANUTS","PEANUTS - ACRES PLANTED","TOTAL","NOT SPECIFIED","7,100",""
"SURVEY","2008","YEAR","","COUNTY","FLORIDA","12","NORTHEAST","30","OTHER (COMBINED) COUNTIES","","","","00000000","","PEANUTS","PEANUTS - PRODUCTION, MEASURED IN LB","TOTAL","NOT SPECIFIED","19,190,000",""
"SURVEY","2008","YEAR","","COUNTY","FLORIDA","12","NORTHEAST","30","OTHER (COMBINED) COUNTIES","","","","00000000","","PEANUTS","PEANUTS - YIELD, MEASURED IN LB / ACRE","TOTAL","NOT SPECIFIED","2,820",""
"SURVEY","2008","YEAR","","COUNTY","FLORIDA","12","NORTHEAST","30","SUWANNEE","121","","","00000000","","PEANUTS","PEANUTS - ACRES HARVESTED","TOTAL","NOT SPECIFIED","9,200",""
"SURVEY","2008","YEAR","","COUNTY","FLORIDA","12","NORTHEAST","30","SUWANNEE","121","","","00000000","","PEANUTS","PEANUTS - ACRES PLANTED","TOTAL","NOT SPECIFIED","9,800",""
"SURVEY","2008","YEAR","","COUNTY","FLORIDA","12","NORTHEAST","30","SUWANNEE","121","","","00000000","","PEANUTS","PEANUTS - PRODUCTION, MEASURED IN LB","TOTAL","NOT SPECIFIED","34,800,000",""
"SURVEY","2008","YEAR","","COUNTY","FLORIDA","12","NORTHEAST","30","SUWANNEE","121","","","00000000","","PEANUTS","PEANUTS - YIELD, MEASURED IN LB / ACRE","TOTAL","NOT SPECIFIED","3,785",""
"SURVEY","2008","YEAR","","COUNTY","FLORIDA","12","NORTHWEST","10","ESCAMBIA","033","","","00000000","","PEANUTS","PEANUTS - ACRES HARVESTED","TOTAL","NOT SPECIFIED","7,600",""
"SURVEY","2008","YEAR","","COUNTY","FLORIDA","12","NORTHWEST","10","ESCAMBIA","033","","","00000000","","PEANUTS","PEANUTS - ACRES PLANTED","TOTAL","NOT SPECIFIED","8,000",""
"SURVEY","2008","YEAR","","COUNTY","FLORIDA","12","NORTHWEST","10","ESCAMBIA","033","","","00000000","","PEANUTS","PEANUTS - PRODUCTION, MEASURED IN LB","TOTAL","NOT SPECIFIED","27,375,000",""
"SURVEY","2008","YEAR","","COUNTY","FLORIDA","12","NORTHWEST","10","ESCAMBIA","033","","","00000000","","PEANUTS","PEANUTS - YIELD, MEASURED IN LB / ACRE","TOTAL","NOT SPECIFIED","3,600",""
"SURVEY","2008","YEAR","","COUNTY","FLORIDA","12","NORTHWEST","10","HOLMES","059","","","00000000","","PEANUTS","PEANUTS - ACRES HARVESTED","TOTAL","NOT SPECIFIED","4,800",""
"SURVEY","2008","YEAR","","COUNTY","FLORIDA","12","NORTHWEST","10","HOLMES","059","","","00000000","","PEANUTS","PEANUTS - ACRES PLANTED","TOTAL","NOT SPECIFIED","5,100",""
"SURVEY","2008","YEAR","","COUNTY","FLORIDA","12","NORTHWEST","10","HOLMES","059","","","00000000","","PEANUTS","PEANUTS - PRODUCTION, MEASURED IN LB","TOTAL","NOT SPECIFIED","13,800,000",""
"SURVEY","2008","YEAR","","COUNTY","FLORIDA","12","NORTHWEST","10","HOLMES","059","","","00000000","","PEANUTS","PEANUTS - YIELD, MEASURED IN LB / ACRE","TOTAL","NOT SPECIFIED","2,875",""
"SURVEY","2008","YEAR","","COUNTY","FLORIDA","12","NORTHWEST","10","JACKSON","063","","","00000000","","PEANUTS","PEANUTS - ACRES HARVESTED","TOTAL","NOT SPECIFIED","36,300",""
"SURVEY","2008","YEAR","","COUNTY","FLORIDA","12","NORTHWEST","10","JACKSON","063","","","00000000","","PEANUTS","PEANUTS - ACRES PLANTED","TOTAL","NOT SPECIFIED","38,700",""
"SURVEY","2008","YEAR","","COUNTY","FLORIDA","12","NORTHWEST","10","JACKSON","063","","","00000000","","PEANUTS","PEANUTS - PRODUCTION, MEASURED IN LB","TOTAL","NOT SPECIFIED","111,200,000",""
"SURVEY","2008","YEAR","","COUNTY","FLORIDA","12","NORTHWEST","10","JACKSON","063","","","00000000","","PEANUTS","PEANUTS - YIELD, MEASURED IN LB / ACRE","TOTAL","NOT SPECIFIED","3,065",""
"SURVEY","2008","YEAR","","COUNTY","FLORIDA","12","NORTHWEST","10","OKALOOSA","091","","","00000000","","PEANUTS","PEANUTS - ACRES HARVESTED","TOTAL","NOT SPECIFIED","3,600",""
"SURVEY","2008","YEAR","","COUNTY","FLORIDA","12","NORTHWEST","10","OKALOOSA","091","","","00000000","","PEANUTS","PEANUTS - ACRES PLANTED","TOTAL","NOT SPECIFIED","3,800",""
"SURVEY","2008","YEAR","","COUNTY","FLORIDA","12","NORTHWEST","10","OKALOOSA","091","","","00000000","","PEANUTS","PEANUTS - PRODUCTION, MEASURED IN LB","TOTAL","NOT SPECIFIED","14,220,000",""
"SURVEY","2008","YEAR","","COUNTY","FLORIDA","12","NORTHWEST","10","OKALOOSA","091","","","00000000","","PEANUTS","PEANUTS - YIELD, MEASURED IN LB / ACRE","TOTAL","NOT SPECIFIED","3,950",""
"SURVEY","2008","YEAR","","COUNTY","FLORIDA","12","NORTHWEST","10","OTHER (COMBINED) COUNTIES","","","","00000000","","PEANUTS","PEANUTS - ACRES HARVESTED","TOTAL","NOT SPECIFIED","7,600",""
"SURVEY","2008","YEAR","","COUNTY","FLORIDA","12","NORTHWEST","10","OTHER (COMBINED) COUNTIES","","","","00000000","","PEANUTS","PEANUTS - ACRES PLANTED","TOTAL","NOT SPECIFIED","8,100",""
"SURVEY","2008","YEAR","","COUNTY","FLORIDA","12","NORTHWEST","10","OTHER (COMBINED) COUNTIES","","","","00000000","","PEANUTS","PEANUTS - PRODUCTION, MEASURED IN LB","TOTAL","NOT SPECIFIED","19,948,000",""
"SURVEY","2008","YEAR","","COUNTY","FLORIDA","12","NORTHWEST","10","OTHER (COMBINED) COUNTIES","","","","00000000","","PEANUTS","PEANUTS - YIELD, MEASURED IN LB / ACRE","TOTAL","NOT SPECIFIED","2,625",""
"SURVEY","2008","YEAR","","COUNTY","FLORIDA","12","NORTHWEST","10","SANTA ROSA","113","","","00000000","","PEANUTS","PEANUTS - ACRES HARVESTED","TOTAL","NOT SPECIFIED","19,600",""
"SURVEY","2008","YEAR","","COUNTY","FLORIDA","12","NORTHWEST","10","SANTA ROSA","113","","","00000000","","PEANUTS","PEANUTS - ACRES PLANTED","TOTAL","NOT SPECIFIED","21,000",""
"SURVEY","2008","YEAR","","COUNTY","FLORIDA","12","NORTHWEST","10","SANTA ROSA","113","","","00000000","","PEANUTS","PEANUTS - PRODUCTION, MEASURED IN LB","TOTAL","NOT SPECIFIED","79,677,000",""
"SURVEY","2008","YEAR","","COUNTY","FLORIDA","12","NORTHWEST","10","SANTA ROSA","113","","","00000000","","PEANUTS","PEANUTS - YIELD, MEASURED IN LB / ACRE","TOTAL","NOT SPECIFIED","4,065",""
"SURVEY","2008","YEAR","","COUNTY","FLORIDA","12","NORTHWEST","10","WALTON","131","","","00000000","","PEANUTS","PEANUTS - ACRES HARVESTED","TOTAL","NOT SPECIFIED","3,000",""
"SURVEY","2008","YEAR","","COUNTY","FLORIDA","12","NORTHWEST","10","WALTON","131","","","00000000","","PEANUTS","PEANUTS - ACRES PLANTED","TOTAL","NOT SPECIFIED","3,200",""
"SURVEY","2008","YEAR","","COUNTY","FLORIDA","12","NORTHWEST","10","WALTON","131","","","00000000","","PEANUTS","PEANUTS - PRODUCTION, MEASURED IN LB","TOTAL","NOT SPECIFIED","9,000,000",""
"SURVEY","2008","YEAR","","COUNTY","FLORIDA","12","NORTHWEST","10","WALTON","131","","","00000000","","PEANUTS","PEANUTS - YIELD, MEASURED IN LB / ACRE","TOTAL","NOT SPECIFIED","3,000",""
"SURVEY","2008","YEAR","","COUNTY","FLORIDA","12","NORTHWEST","10","WASHINGTON","133","","","00000000","","PEANUTS","PEANUTS - ACRES HARVESTED","TOTAL","NOT SPECIFIED","3,100",""
"SURVEY","2008","YEAR","","COUNTY","FLORIDA","12","NORTHWEST","10","WASHINGTON","133","","","00000000","","PEANUTS","PEANUTS - ACRES PLANTED","TOTAL","NOT SPECIFIED","3,300",""
"SURVEY","2008","YEAR","","COUNTY","FLORIDA","12","NORTHWEST","10","WASHINGTON","133","","","00000000","","PEANUTS","PEANUTS - PRODUCTION, MEASURED IN LB","TOTAL","NOT SPECIFIED","11,470,000",""
"SURVEY","2008","YEAR","","COUNTY","FLORIDA","12","NORTHWEST","10","WASHINGTON","133","","","00000000","","PEANUTS","PEANUTS - YIELD, MEASURED IN LB / ACRE","TOTAL","NOT SPECIFIED","3,700",""
"SURVEY","2007","YEAR","","COUNTY","FLORIDA","12","CENTRAL","50","ALACHUA","001","","","00000000","","PEANUTS","PEANUTS - ACRES HARVESTED","TOTAL","NOT SPECIFIED","3,400",""
"SURVEY","2007","YEAR","","COUNTY","FLORIDA","12","CENTRAL","50","ALACHUA","001","","","00000000","","PEANUTS","PEANUTS - ACRES PLANTED","TOTAL","NOT SPECIFIED","3,500",""
"SURVEY","2007","YEAR","","COUNTY","FLORIDA","12","CENTRAL","50","ALACHUA","001","","","00000000","","PEANUTS","PEANUTS - PRODUCTION, MEASURED IN LB","TOTAL","NOT SPECIFIED","11,209,000",""
"SURVEY","2007","YEAR","","COUNTY","FLORIDA","12","CENTRAL","50","ALACHUA","001","","","00000000","","PEANUTS","PEANUTS - YIELD, MEASURED IN LB / ACRE","TOTAL","NOT SPECIFIED","3,295",""
"SURVEY","2007","YEAR","","COUNTY","FLORIDA","12","CENTRAL","50","GILCHRIST","041","","","00000000","","PEANUTS","PEANUTS - ACRES HARVESTED","TOTAL","NOT SPECIFIED","4,500",""
"SURVEY","2007","YEAR","","COUNTY","FLORIDA","12","CENTRAL","50","GILCHRIST","041","","","00000000","","PEANUTS","PEANUTS - ACRES PLANTED","TOTAL","NOT SPECIFIED","4,700",""
"SURVEY","2007","YEAR","","COUNTY","FLORIDA","12","CENTRAL","50","GILCHRIST","041","","","00000000","","PEANUTS","PEANUTS - PRODUCTION, MEASURED IN LB","TOTAL","NOT SPECIFIED","12,262,500",""
"SURVEY","2007","YEAR","","COUNTY","FLORIDA","12","CENTRAL","50","GILCHRIST","041","","","00000000","","PEANUTS","PEANUTS - YIELD, MEASURED IN LB / ACRE","TOTAL","NOT SPECIFIED","2,725",""
"SURVEY","2007","YEAR","","COUNTY","FLORIDA","12","CENTRAL","50","LEVY","075","","","00000000","","PEANUTS","PEANUTS - ACRES HARVESTED","TOTAL","NOT SPECIFIED","14,400",""
"SURVEY","2007","YEAR","","COUNTY","FLORIDA","12","CENTRAL","50","LEVY","075","","","00000000","","PEANUTS","PEANUTS - ACRES PLANTED","TOTAL","NOT SPECIFIED","14,700",""
"SURVEY","2007","YEAR","","COUNTY","FLORIDA","12","CENTRAL","50","LEVY","075","","","00000000","","PEANUTS","PEANUTS - PRODUCTION, MEASURED IN LB","TOTAL","NOT SPECIFIED","34,695,000",""
"SURVEY","2007","YEAR","","COUNTY","FLORIDA","12","CENTRAL","50","LEVY","075","","","00000000","","PEANUTS","PEANUTS - YIELD, MEASURED IN LB / ACRE","TOTAL","NOT SPECIFIED","2,410",""
"SURVEY","2007","YEAR","","COUNTY","FLORIDA","12","CENTRAL","50","OTHER (COMBINED) COUNTIES","","","","00000000","","PEANUTS","PEANUTS - ACRES HARVESTED","TOTAL","NOT SPECIFIED","6,500",""
"SURVEY","2007","YEAR","","COUNTY","FLORIDA","12","CENTRAL","50","OTHER (COMBINED) COUNTIES","","","","00000000","","PEANUTS","PEANUTS - ACRES PLANTED","TOTAL","NOT SPECIFIED","6,600",""
"SURVEY","2007","YEAR","","COUNTY","FLORIDA","12","CENTRAL","50","OTHER (COMBINED) COUNTIES","","","","00000000","","PEANUTS","PEANUTS - PRODUCTION, MEASURED IN LB","TOTAL","NOT SPECIFIED","18,441,500",""
"SURVEY","2007","YEAR","","COUNTY","FLORIDA","12","CENTRAL","50","OTHER (COMBINED) COUNTIES","","","","00000000","","PEANUTS","PEANUTS - YIELD, MEASURED IN LB / ACRE","TOTAL","NOT SPECIFIED","2,835",""
"SURVEY","2007","YEAR","","COUNTY","FLORIDA","12","NORTHWEST","10","CALHOUN","013","","","00000000","","PEANUTS","PEANUTS - ACRES HARVESTED","TOTAL","NOT SPECIFIED","3,700",""
"SURVEY","2007","YEAR","","COUNTY","FLORIDA","12","NORTHWEST","10","CALHOUN","013","","","00000000","","PEANUTS","PEANUTS - ACRES PLANTED","TOTAL","NOT SPECIFIED","4,800",""
"SURVEY","2007","YEAR","","COUNTY","FLORIDA","12","NORTHWEST","10","CALHOUN","013","","","00000000","","PEANUTS","PEANUTS - PRODUCTION, MEASURED IN LB","TOTAL","NOT SPECIFIED","8,362,000",""
"SURVEY","2007","YEAR","","COUNTY","FLORIDA","12","NORTHWEST","10","CALHOUN","013","","","00000000","","PEANUTS","PEANUTS - YIELD, MEASURED IN LB / ACRE","TOTAL","NOT SPECIFIED","2,260",""
"SURVEY","2007","YEAR","","COUNTY","FLORIDA","12","NORTHWEST","10","ESCAMBIA","033","","","00000000","","PEANUTS","PEANUTS - ACRES HARVESTED","TOTAL","NOT SPECIFIED","6,500",""
"SURVEY","2007","YEAR","","COUNTY","FLORIDA","12","NORTHWEST","10","ESCAMBIA","033","","","00000000","","PEANUTS","PEANUTS - ACRES PLANTED","TOTAL","NOT SPECIFIED","7,400",""
"SURVEY","2007","YEAR","","COUNTY","FLORIDA","12","NORTHWEST","10","ESCAMBIA","033","","","00000000","","PEANUTS","PEANUTS - PRODUCTION, MEASURED IN LB","TOTAL","NOT SPECIFIED","18,070,000",""
"SURVEY","2007","YEAR","","COUNTY","FLORIDA","12","NORTHWEST","10","ESCAMBIA","033","","","00000000","","PEANUTS","PEANUTS - YIELD, MEASURED IN LB / ACRE","TOTAL","NOT SPECIFIED","2,780",""
"SURVEY","2007","YEAR","","COUNTY","FLORIDA","12","NORTHWEST","10","GADSDEN","039","","","00000000","","PEANUTS","PEANUTS - ACRES HARVESTED","TOTAL","NOT SPECIFIED","900",""
"SURVEY","2007","YEAR","","COUNTY","FLORIDA","12","NORTHWEST","10","GADSDEN","039","","","00000000","","PEANUTS","PEANUTS - ACRES PLANTED","TOTAL","NOT SPECIFIED","1,000",""
"SURVEY","2007","YEAR","","COUNTY","FLORIDA","12","NORTHWEST","10","GADSDEN","039","","","00000000","","PEANUTS","PEANUTS - PRODUCTION, MEASURED IN LB","TOTAL","NOT SPECIFIED","1,134,000",""
"SURVEY","2007","YEAR","","COUNTY","FLORIDA","12","NORTHWEST","10","GADSDEN","039","","","00000000","","PEANUTS","PEANUTS - YIELD, MEASURED IN LB / ACRE","TOTAL","NOT SPECIFIED","1,260",""
"SURVEY","2007","YEAR","","COUNTY","FLORIDA","12","NORTHWEST","10","HOLMES","059","","","00000000","","PEANUTS","PEANUTS - ACRES HARVESTED","TOTAL","NOT SPECIFIED","4,000",""
"SURVEY","2007","YEAR","","COUNTY","FLORIDA","12","NORTHWEST","10","HOLMES","059","","","00000000","","PEANUTS","PEANUTS - ACRES PLANTED","TOTAL","NOT SPECIFIED","4,400",""
"SURVEY","2007","YEAR","","COUNTY","FLORIDA","12","NORTHWEST","10","HOLMES","059","","","00000000","","PEANUTS","PEANUTS - PRODUCTION, MEASURED IN LB","TOTAL","NOT SPECIFIED","9,620,000",""
"SURVEY","2007","YEAR","","COUNTY","FLORIDA","12","NORTHWEST","10","HOLMES","059","","","00000000","","PEANUTS","PEANUTS - YIELD, MEASURED IN LB / ACRE","TOTAL","NOT SPECIFIED","2,405",""
"SURVEY","2007","YEAR","","COUNTY","FLORIDA","12","NORTHWEST","10","JACKSON","063","","","00000000","","PEANUTS","PEANUTS - ACRES HARVESTED","TOTAL","NOT SPECIFIED","26,500",""
"SURVEY","2007","YEAR","","COUNTY","FLORIDA","12","NORTHWEST","10","JACKSON","063","","","00000000","","PEANUTS","PEANUTS - ACRES PLANTED","TOTAL","NOT SPECIFIED","28,700",""
"SURVEY","2007","YEAR","","COUNTY","FLORIDA","12","NORTHWEST","10","JACKSON","063","","","00000000","","PEANUTS","PEANUTS - PRODUCTION, MEASURED IN LB","TOTAL","NOT SPECIFIED","65,720,000",""
"SURVEY","2007","YEAR","","COUNTY","FLORIDA","12","NORTHWEST","10","JACKSON","063","","","00000000","","PEANUTS","PEANUTS - YIELD, MEASURED IN LB / ACRE","TOTAL","NOT SPECIFIED","2,480",""
"SURVEY","2007","YEAR","","COUNTY","FLORIDA","12","NORTHWEST","10","OKALOOSA","091","","","00000000","","PEANUTS","PEANUTS - ACRES HARVESTED","TOTAL","NOT SPECIFIED","1,500",""
"SURVEY","2007","YEAR","","COUNTY","FLORIDA","12","NORTHWEST","10","OKALOOSA","091","","","00000000","","PEANUTS","PEANUTS - ACRES PLANTED","TOTAL","NOT SPECIFIED","1,800",""
"SURVEY","2007","YEAR","","COUNTY","FLORIDA","12","NORTHWEST","10","OKALOOSA","091","","","00000000","","PEANUTS","PEANUTS - PRODUCTION, MEASURED IN LB","TOTAL","NOT SPECIFIED","4,155,000",""
"SURVEY","2007","YEAR","","COUNTY","FLORIDA","12","NORTHWEST","10","OKALOOSA","091","","","00000000","","PEANUTS","PEANUTS - YIELD, MEASURED IN LB / ACRE","TOTAL","NOT SPECIFIED","2,770",""
"SURVEY","2007","YEAR","","COUNTY","FLORIDA","12","NORTHWEST","10","OTHER (COMBINED) COUNTIES","","","","00000000","","PEANUTS","PEANUTS - ACRES HARVESTED","TOTAL","NOT SPECIFIED","4,400",""
"SURVEY","2007","YEAR","","COUNTY","FLORIDA","12","NORTHWEST","10","OTHER (COMBINED) COUNTIES","","","","00000000","","PEANUTS","PEANUTS - ACRES PLANTED","TOTAL","NOT SPECIFIED","4,400",""
"SURVEY","2007","YEAR","","COUNTY","FLORIDA","12","NORTHWEST","10","OTHER (COMBINED) COUNTIES","","","","00000000","","PEANUTS","PEANUTS - PRODUCTION, MEASURED IN LB","TOTAL","NOT SPECIFIED","12,682,000",""
"SURVEY","2007","YEAR","","COUNTY","FLORIDA","12","NORTHWEST","10","OTHER (COMBINED) COUNTIES","","","","00000000","","PEANUTS","PEANUTS - YIELD, MEASURED IN LB / ACRE","TOTAL","NOT SPECIFIED","2,880",""
"SURVEY","2007","YEAR","","COUNTY","FLORIDA","12","NORTHWEST","10","SANTA ROSA","113","","","00000000","","PEANUTS","PEANUTS - ACRES HARVESTED","TOTAL","NOT SPECIFIED","15,100",""
"SURVEY","2007","YEAR","","COUNTY","FLORIDA","12","NORTHWEST","10","SANTA ROSA","113","","","00000000","","PEANUTS","PEANUTS - ACRES PLANTED","TOTAL","NOT SPECIFIED","16,700",""
"SURVEY","2007","YEAR","","COUNTY","FLORIDA","12","NORTHWEST","10","SANTA ROSA","113","","","00000000","","PEANUTS","PEANUTS - PRODUCTION, MEASURED IN LB","TOTAL","NOT SPECIFIED","46,810,000",""
"SURVEY","2007","YEAR","","COUNTY","FLORIDA","12","NORTHWEST","10","SANTA ROSA","113","","","00000000","","PEANUTS","PEANUTS - YIELD, MEASURED IN LB / ACRE","TOTAL","NOT SPECIFIED","3,100",""
"SURVEY","2007","YEAR","","COUNTY","FLORIDA","12","NORTHWEST","10","WALTON","131","","","00000000","","PEANUTS","PEANUTS - ACRES HARVESTED","TOTAL","NOT SPECIFIED","2,400",""
"SURVEY","2007","YEAR","","COUNTY","FLORIDA","12","NORTHWEST","10","WALTON","131","","","00000000","","PEANUTS","PEANUTS - ACRES PLANTED","TOTAL","NOT SPECIFIED","3,000",""
"SURVEY","2007","YEAR","","COUNTY","FLORIDA","12","NORTHWEST","10","WALTON","131","","","00000000","","PEANUTS","PEANUTS - PRODUCTION, MEASURED IN LB","TOTAL","NOT SPECIFIED","6,672,000",""
"SURVEY","2007","YEAR","","COUNTY","FLORIDA","12","NORTHWEST","10","WALTON","131","","","00000000","","PEANUTS","PEANUTS - YIELD, MEASURED IN LB / ACRE","TOTAL","NOT SPECIFIED","2,780",""
"SURVEY","2006","YEAR","","COUNTY","FLORIDA","12","CENTRAL","50","ALACHUA","001","","","00000000","","PEANUTS","PEANUTS - ACRES HARVESTED","TOTAL","NOT SPECIFIED","4,100",""
"SURVEY","2006","YEAR","","COUNTY","FLORIDA","12","CENTRAL","50","ALACHUA","001","","","00000000","","PEANUTS","PEANUTS - ACRES PLANTED","TOTAL","NOT SPECIFIED","4,300",""
"SURVEY","2006","YEAR","","COUNTY","FLORIDA","12","CENTRAL","50","ALACHUA","001","","","00000000","","PEANUTS","PEANUTS - PRODUCTION, MEASURED IN LB","TOTAL","NOT SPECIFIED","13,838,000",""
"SURVEY","2006","YEAR","","COUNTY","FLORIDA","12","CENTRAL","50","ALACHUA","001","","","00000000","","PEANUTS","PEANUTS - YIELD, MEASURED IN LB / ACRE","TOTAL","NOT SPECIFIED","3,375",""
"SURVEY","2006","YEAR","","COUNTY","FLORIDA","12","CENTRAL","50","GILCHRIST","041","","","00000000","","PEANUTS","PEANUTS - ACRES HARVESTED","TOTAL","NOT SPECIFIED","4,500",""
"SURVEY","2006","YEAR","","COUNTY","FLORIDA","12","CENTRAL","50","GILCHRIST","041","","","00000000","","PEANUTS","PEANUTS - ACRES PLANTED","TOTAL","NOT SPECIFIED","4,900",""
"SURVEY","2006","YEAR","","COUNTY","FLORIDA","12","CENTRAL","50","GILCHRIST","041","","","00000000","","PEANUTS","PEANUTS - PRODUCTION, MEASURED IN LB","TOTAL","NOT SPECIFIED","9,000,000",""
"SURVEY","2006","YEAR","","COUNTY","FLORIDA","12","CENTRAL","50","GILCHRIST","041","","","00000000","","PEANUTS","PEANUTS - YIELD, MEASURED IN LB / ACRE","TOTAL","NOT SPECIFIED","2,000",""
"SURVEY","2006","YEAR","","COUNTY","FLORIDA","12","CENTRAL","50","LEVY","075","","","00000000","","PEANUTS","PEANUTS - ACRES HARVESTED","TOTAL","NOT SPECIFIED","13,400",""
"SURVEY","2006","YEAR","","COUNTY","FLORIDA","12","CENTRAL","50","LEVY","075","","","00000000","","PEANUTS","PEANUTS - ACRES PLANTED","TOTAL","NOT SPECIFIED","14,100",""
"SURVEY","2006","YEAR","","COUNTY","FLORIDA","12","CENTRAL","50","LEVY","075","","","00000000","","PEANUTS","PEANUTS - PRODUCTION, MEASURED IN LB","TOTAL","NOT SPECIFIED","36,180,000",""
"SURVEY","2006","YEAR","","COUNTY","FLORIDA","12","CENTRAL","50","LEVY","075","","","00000000","","PEANUTS","PEANUTS - YIELD, MEASURED IN LB / ACRE","TOTAL","NOT SPECIFIED","2,700",""
"SURVEY","2006","YEAR","","COUNTY","FLORIDA","12","CENTRAL","50","MARION","083","","","00000000","","PEANUTS","PEANUTS - ACRES HARVESTED","TOTAL","NOT SPECIFIED","6,000",""
"SURVEY","2006","YEAR","","COUNTY","FLORIDA","12","CENTRAL","50","MARION","083","","","00000000","","PEANUTS","PEANUTS - ACRES PLANTED","TOTAL","NOT SPECIFIED","6,700",""
"SURVEY","2006","YEAR","","COUNTY","FLORIDA","12","CENTRAL","50","MARION","083","","","00000000","","PEANUTS","PEANUTS - PRODUCTION, MEASURED IN LB","TOTAL","NOT SPECIFIED","15,060,000",""
"SURVEY","2006","YEAR","","COUNTY","FLORIDA","12","CENTRAL","50","MARION","083","","","00000000","","PEANUTS","PEANUTS - YIELD, MEASURED IN LB / ACRE","TOTAL","NOT SPECIFIED","2,510",""
"SURVEY","2006","YEAR","","COUNTY","FLORIDA","12","CENTRAL","50","OTHER (COMBINED) COUNTIES","","","","00000000","","PEANUTS","PEANUTS - ACRES HARVESTED","TOTAL","NOT SPECIFIED","400",""
"SURVEY","2006","YEAR","","COUNTY","FLORIDA","12","CENTRAL","50","OTHER (COMBINED) COUNTIES","","","","00000000","","PEANUTS","PEANUTS - ACRES PLANTED","TOTAL","NOT SPECIFIED","500",""
"SURVEY","2006","YEAR","","COUNTY","FLORIDA","12","CENTRAL","50","OTHER (COMBINED) COUNTIES","","","","00000000","","PEANUTS","PEANUTS - PRODUCTION, MEASURED IN LB","TOTAL","NOT SPECIFIED","1,054,000",""
"SURVEY","2006","YEAR","","COUNTY","FLORIDA","12","CENTRAL","50","OTHER (COMBINED) COUNTIES","","","","00000000","","PEANUTS","PEANUTS - YIELD, MEASURED IN LB / ACRE","TOTAL","NOT SPECIFIED","2,635",""
"SURVEY","2006","YEAR","","COUNTY","FLORIDA","12","CENTRAL","50","SUMTER","119","","","00000000","","PEANUTS","PEANUTS - ACRES HARVESTED","TOTAL","NOT SPECIFIED","1,100",""
"SURVEY","2006","YEAR","","COUNTY","FLORIDA","12","CENTRAL","50","SUMTER","119","","","00000000","","PEANUTS","PEANUTS - ACRES PLANTED","TOTAL","NOT SPECIFIED","1,300",""
"SURVEY","2006","YEAR","","COUNTY","FLORIDA","12","CENTRAL","50","SUMTER","119","","","00000000","","PEANUTS","PEANUTS - PRODUCTION, MEASURED IN LB","TOTAL","NOT SPECIFIED","2,453,000",""
"SURVEY","2006","YEAR","","COUNTY","FLORIDA","12","CENTRAL","50","SUMTER","119","","","00000000","","PEANUTS","PEANUTS - YIELD, MEASURED IN LB / ACRE","TOTAL","NOT SPECIFIED","2,230",""
"SURVEY","2006","YEAR","","COUNTY","FLORIDA","12","NORTHEAST","30","COLUMBIA","023","","","00000000","","PEANUTS","PEANUTS - ACRES HARVESTED","TOTAL","NOT SPECIFIED","3,500",""
"SURVEY","2006","YEAR","","COUNTY","FLORIDA","12","NORTHEAST","30","COLUMBIA","023","","","00000000","","PEANUTS","PEANUTS - ACRES PLANTED","TOTAL","NOT SPECIFIED","4,000",""
"SURVEY","2006","YEAR","","COUNTY","FLORIDA","12","NORTHEAST","30","COLUMBIA","023","","","00000000","","PEANUTS","PEANUTS - PRODUCTION, MEASURED IN LB","TOTAL","NOT SPECIFIED","8,068,000",""
"SURVEY","2006","YEAR","","COUNTY","FLORIDA","12","NORTHEAST","30","COLUMBIA","023","","","00000000","","PEANUTS","PEANUTS - YIELD, MEASURED IN LB / ACRE","TOTAL","NOT SPECIFIED","2,305",""
"SURVEY","2006","YEAR","","COUNTY","FLORIDA","12","NORTHEAST","30","HAMILTON","047","","","00000000","","PEANUTS","PEANUTS - ACRES HARVESTED","TOTAL","NOT SPECIFIED","3,000",""
"SURVEY","2006","YEAR","","COUNTY","FLORIDA","12","NORTHEAST","30","HAMILTON","047","","","00000000","","PEANUTS","PEANUTS - ACRES PLANTED","TOTAL","NOT SPECIFIED","3,300",""
"SURVEY","2006","YEAR","","COUNTY","FLORIDA","12","NORTHEAST","30","HAMILTON","047","","","00000000","","PEANUTS","PEANUTS - PRODUCTION, MEASURED IN LB","TOTAL","NOT SPECIFIED","7,185,000",""
"SURVEY","2006","YEAR","","COUNTY","FLORIDA","12","NORTHEAST","30","HAMILTON","047","","","00000000","","PEANUTS","PEANUTS - YIELD, MEASURED IN LB / ACRE","TOTAL","NOT SPECIFIED","2,395",""
"SURVEY","2006","YEAR","","COUNTY","FLORIDA","12","NORTHEAST","30","LAFAYETTE","067","","","00000000","","PEANUTS","PEANUTS - ACRES HARVESTED","TOTAL","NOT SPECIFIED","1,400",""
"SURVEY","2006","YEAR","","COUNTY","FLORIDA","12","NORTHEAST","30","LAFAYETTE","067","","","00000000","","PEANUTS","PEANUTS - ACRES PLANTED","TOTAL","NOT SPECIFIED","1,600",""
"SURVEY","2006","YEAR","","COUNTY","FLORIDA","12","NORTHEAST","30","LAFAYETTE","067","","","00000000","","PEANUTS","PEANUTS - PRODUCTION, MEASURED IN LB","TOTAL","NOT SPECIFIED","3,304,000",""
"SURVEY","2006","YEAR","","COUNTY","FLORIDA","12","NORTHEAST","30","LAFAYETTE","067","","","00000000","","PEANUTS","PEANUTS - YIELD, MEASURED IN LB / ACRE","TOTAL","NOT SPECIFIED","2,360",""
"SURVEY","2006","YEAR","","COUNTY","FLORIDA","12","NORTHEAST","30","MADISON","079","","","00000000","","PEANUTS","PEANUTS - ACRES HARVESTED","TOTAL","NOT SPECIFIED","6,500",""
"SURVEY","2006","YEAR","","COUNTY","FLORIDA","12","NORTHEAST","30","MADISON","079","","","00000000","","PEANUTS","PEANUTS - ACRES PLANTED","TOTAL","NOT SPECIFIED","7,200",""
"SURVEY","2006","YEAR","","COUNTY","FLORIDA","12","NORTHEAST","30","MADISON","079","","","00000000","","PEANUTS","PEANUTS - PRODUCTION, MEASURED IN LB","TOTAL","NOT SPECIFIED","16,250,000",""
"SURVEY","2006","YEAR","","COUNTY","FLORIDA","12","NORTHEAST","30","MADISON","079","","","00000000","","PEANUTS","PEANUTS - YIELD, MEASURED IN LB / ACRE","TOTAL","NOT SPECIFIED","2,500",""
"SURVEY","2006","YEAR","","COUNTY","FLORIDA","12","NORTHEAST","30","OTHER (COMBINED) COUNTIES","","","","00000000","","PEANUTS","PEANUTS - ACRES HARVESTED","TOTAL","NOT SPECIFIED","1,400",""
"SURVEY","2006","YEAR","","COUNTY","FLORIDA","12","NORTHEAST","30","OTHER (COMBINED) COUNTIES","","","","00000000","","PEANUTS","PEANUTS - ACRES PLANTED","TOTAL","NOT SPECIFIED","1,700",""
"SURVEY","2006","YEAR","","COUNTY","FLORIDA","12","NORTHEAST","30","OTHER (COMBINED) COUNTIES","","","","00000000","","PEANUTS","PEANUTS - PRODUCTION, MEASURED IN LB","TOTAL","NOT SPECIFIED","3,472,000",""
"SURVEY","2006","YEAR","","COUNTY","FLORIDA","12","NORTHEAST","30","OTHER (COMBINED) COUNTIES","","","","00000000","","PEANUTS","PEANUTS - YIELD, MEASURED IN LB / ACRE","TOTAL","NOT SPECIFIED","2,480",""
"SURVEY","2006","YEAR","","COUNTY","FLORIDA","12","NORTHEAST","30","SUWANNEE","121","","","00000000","","PEANUTS","PEANUTS - ACRES HARVESTED","TOTAL","NOT SPECIFIED","8,800",""
"SURVEY","2006","YEAR","","COUNTY","FLORIDA","12","NORTHEAST","30","SUWANNEE","121","","","00000000","","PEANUTS","PEANUTS - ACRES PLANTED","TOTAL","NOT SPECIFIED","9,600",""
"SURVEY","2006","YEAR","","COUNTY","FLORIDA","12","NORTHEAST","30","SUWANNEE","121","","","00000000","","PEANUTS","PEANUTS - PRODUCTION, MEASURED IN LB","TOTAL","NOT SPECIFIED","24,992,000",""
"SURVEY","2006","YEAR","","COUNTY","FLORIDA","12","NORTHEAST","30","SUWANNEE","121","","","00000000","","PEANUTS","PEANUTS - YIELD, MEASURED IN LB / ACRE","TOTAL","NOT SPECIFIED","2,840",""
"SURVEY","2006","YEAR","","COUNTY","FLORIDA","12","NORTHWEST","10","CALHOUN","013","","","00000000","","PEANUTS","PEANUTS - ACRES HARVESTED","TOTAL","NOT SPECIFIED","2,600",""
"SURVEY","2006","YEAR","","COUNTY","FLORIDA","12","NORTHWEST","10","CALHOUN","013","","","00000000","","PEANUTS","PEANUTS - ACRES PLANTED","TOTAL","NOT SPECIFIED","2,800",""
"SURVEY","2006","YEAR","","COUNTY","FLORIDA","12","NORTHWEST","10","CALHOUN","013","","","00000000","","PEANUTS","PEANUTS - PRODUCTION, MEASURED IN LB","TOTAL","NOT SPECIFIED","6,799,000",""
"SURVEY","2006","YEAR","","COUNTY","FLORIDA","12","NORTHWEST","10","CALHOUN","013","","","00000000","","PEANUTS","PEANUTS - YIELD, MEASURED IN LB / ACRE","TOTAL","NOT SPECIFIED","2,615",""
"SURVEY","2006","YEAR","","COUNTY","FLORIDA","12","NORTHWEST","10","ESCAMBIA","033","","","00000000","","PEANUTS","PEANUTS - ACRES HARVESTED","TOTAL","NOT SPECIFIED","5,300",""
"SURVEY","2006","YEAR","","COUNTY","FLORIDA","12","NORTHWEST","10","ESCAMBIA","033","","","00000000","","PEANUTS","PEANUTS - ACRES PLANTED","TOTAL","NOT SPECIFIED","5,700",""
"SURVEY","2006","YEAR","","COUNTY","FLORIDA","12","NORTHWEST","10","ESCAMBIA","033","","","00000000","","PEANUTS","PEANUTS - PRODUCTION, MEASURED IN LB","TOTAL","NOT SPECIFIED","14,019,000",""
"SURVEY","2006","YEAR","","COUNTY","FLORIDA","12","NORTHWEST","10","ESCAMBIA","033","","","00000000","","PEANUTS","PEANUTS - YIELD, MEASURED IN LB / ACRE","TOTAL","NOT SPECIFIED","2,645",""
"SURVEY","2006","YEAR","","COUNTY","FLORIDA","12","NORTHWEST","10","GADSDEN","039","","","00000000","","PEANUTS","PEANUTS - ACRES HARVESTED","TOTAL","NOT SPECIFIED","900",""
"SURVEY","2006","YEAR","","COUNTY","FLORIDA","12","NORTHWEST","10","GADSDEN","039","","","00000000","","PEANUTS","PEANUTS - ACRES PLANTED","TOTAL","NOT SPECIFIED","900",""
"SURVEY","2006","YEAR","","COUNTY","FLORIDA","12","NORTHWEST","10","GADSDEN","039","","","00000000","","PEANUTS","PEANUTS - PRODUCTION, MEASURED IN LB","TOTAL","NOT SPECIFIED","2,034,000",""
"SURVEY","2006","YEAR","","COUNTY","FLORIDA","12","NORTHWEST","10","GADSDEN","039","","","00000000","","PEANUTS","PEANUTS - YIELD, MEASURED IN LB / ACRE","TOTAL","NOT SPECIFIED","2,260",""
"SURVEY","2006","YEAR","","COUNTY","FLORIDA","12","NORTHWEST","10","HOLMES","059","","","00000000","","PEANUTS","PEANUTS - ACRES HARVESTED","TOTAL","NOT SPECIFIED","4,600",""
"SURVEY","2006","YEAR","","COUNTY","FLORIDA","12","NORTHWEST","10","HOLMES","059","","","00000000","","PEANUTS","PEANUTS - ACRES PLANTED","TOTAL","NOT SPECIFIED","4,900",""
"SURVEY","2006","YEAR","","COUNTY","FLORIDA","12","NORTHWEST","10","HOLMES","059","","","00000000","","PEANUTS","PEANUTS - PRODUCTION, MEASURED IN LB","TOTAL","NOT SPECIFIED","12,926,000",""
"SURVEY","2006","YEAR","","COUNTY","FLORIDA","12","NORTHWEST","10","HOLMES","059","","","00000000","","PEANUTS","PEANUTS - YIELD, MEASURED IN LB / ACRE","TOTAL","NOT SPECIFIED","2,810",""
"SURVEY","2006","YEAR","","COUNTY","FLORIDA","12","NORTHWEST","10","JACKSON","063","","","00000000","","PEANUTS","PEANUTS - ACRES HARVESTED","TOTAL","NOT SPECIFIED","28,600",""
"SURVEY","2006","YEAR","","COUNTY","FLORIDA","12","NORTHWEST","10","JACKSON","063","","","00000000","","PEANUTS","PEANUTS - ACRES PLANTED","TOTAL","NOT SPECIFIED","30,600",""
"SURVEY","2006","YEAR","","COUNTY","FLORIDA","12","NORTHWEST","10","JACKSON","063","","","00000000","","PEANUTS","PEANUTS - PRODUCTION, MEASURED IN LB","TOTAL","NOT SPECIFIED","62,205,000",""
"SURVEY","2006","YEAR","","COUNTY","FLORIDA","12","NORTHWEST","10","JACKSON","063","","","00000000","","PEANUTS","PEANUTS - YIELD, MEASURED IN LB / ACRE","TOTAL","NOT SPECIFIED","2,175",""
"SURVEY","2006","YEAR","","COUNTY","FLORIDA","12","NORTHWEST","10","JEFFERSON","065","","","00000000","","PEANUTS","PEANUTS - ACRES HARVESTED","TOTAL","NOT SPECIFIED","1,700",""
"SURVEY","2006","YEAR","","COUNTY","FLORIDA","12","NORTHWEST","10","JEFFERSON","065","","","00000000","","PEANUTS","PEANUTS - ACRES PLANTED","TOTAL","NOT SPECIFIED","1,800",""
"SURVEY","2006","YEAR","","COUNTY","FLORIDA","12","NORTHWEST","10","JEFFERSON","065","","","00000000","","PEANUTS","PEANUTS - PRODUCTION, MEASURED IN LB","TOTAL","NOT SPECIFIED","3,825,000",""
"SURVEY","2006","YEAR","","COUNTY","FLORIDA","12","NORTHWEST","10","JEFFERSON","065","","","00000000","","PEANUTS","PEANUTS - YIELD, MEASURED IN LB / ACRE","TOTAL","NOT SPECIFIED","2,250",""
"SURVEY","2006","YEAR","","COUNTY","FLORIDA","12","NORTHWEST","10","OKALOOSA","091","","","00000000","","PEANUTS","PEANUTS - ACRES HARVESTED","TOTAL","NOT SPECIFIED","1,900",""
"SURVEY","2006","YEAR","","COUNTY","FLORIDA","12","NORTHWEST","10","OKALOOSA","091","","","00000000","","PEANUTS","PEANUTS - ACRES PLANTED","TOTAL","NOT SPECIFIED","2,000",""
"SURVEY","2006","YEAR","","COUNTY","FLORIDA","12","NORTHWEST","10","OKALOOSA","091","","","00000000","","PEANUTS","PEANUTS - PRODUCTION, MEASURED IN LB","TOTAL","NOT SPECIFIED","4,778,000",""
"SURVEY","2006","YEAR","","COUNTY","FLORIDA","12","NORTHWEST","10","OKALOOSA","091","","","00000000","","PEANUTS","PEANUTS - YIELD, MEASURED IN LB / ACRE","TOTAL","NOT SPECIFIED","2,515",""
"SURVEY","2006","YEAR","","COUNTY","FLORIDA","12","NORTHWEST","10","OTHER (COMBINED) COUNTIES","","","","00000000","","PEANUTS","PEANUTS - ACRES HARVESTED","TOTAL","NOT SPECIFIED","1,300",""
"SURVEY","2006","YEAR","","COUNTY","FLORIDA","12","NORTHWEST","10","OTHER (COMBINED) COUNTIES","","","","00000000","","PEANUTS","PEANUTS - ACRES PLANTED","TOTAL","NOT SPECIFIED","1,400",""
"SURVEY","2006","YEAR","","COUNTY","FLORIDA","12","NORTHWEST","10","OTHER (COMBINED) COUNTIES","","","","00000000","","PEANUTS","PEANUTS - PRODUCTION, MEASURED IN LB","TOTAL","NOT SPECIFIED","3,252,000",""
"SURVEY","2006","YEAR","","COUNTY","FLORIDA","12","NORTHWEST","10","OTHER (COMBINED) COUNTIES","","","","00000000","","PEANUTS","PEANUTS - YIELD, MEASURED IN LB / ACRE","TOTAL","NOT SPECIFIED","2,500",""
"SURVEY","2006","YEAR","","COUNTY","FLORIDA","12","NORTHWEST","10","SANTA ROSA","113","","","00000000","","PEANUTS","PEANUTS - ACRES HARVESTED","TOTAL","NOT SPECIFIED","13,900",""
"SURVEY","2006","YEAR","","COUNTY","FLORIDA","12","NORTHWEST","10","SANTA ROSA","113","","","00000000","","PEANUTS","PEANUTS - ACRES PLANTED","TOTAL","NOT SPECIFIED","15,300",""
"SURVEY","2006","YEAR","","COUNTY","FLORIDA","12","NORTHWEST","10","SANTA ROSA","113","","","00000000","","PEANUTS","PEANUTS - PRODUCTION, MEASURED IN LB","TOTAL","NOT SPECIFIED","36,488,000",""
"SURVEY","2006","YEAR","","COUNTY","FLORIDA","12","NORTHWEST","10","SANTA ROSA","113","","","00000000","","PEANUTS","PEANUTS - YIELD, MEASURED IN LB / ACRE","TOTAL","NOT SPECIFIED","2,625",""
"SURVEY","2006","YEAR","","COUNTY","FLORIDA","12","NORTHWEST","10","WALTON","131","","","00000000","","PEANUTS","PEANUTS - ACRES HARVESTED","TOTAL","NOT SPECIFIED","2,500",""
"SURVEY","2006","YEAR","","COUNTY","FLORIDA","12","NORTHWEST","10","WALTON","131","","","00000000","","PEANUTS","PEANUTS - ACRES PLANTED","TOTAL","NOT SPECIFIED","2,500",""
"SURVEY","2006","YEAR","","COUNTY","FLORIDA","12","NORTHWEST","10","WALTON","131","","","00000000","","PEANUTS","PEANUTS - PRODUCTION, MEASURED IN LB","TOTAL","NOT SPECIFIED","5,675,000",""
"SURVEY","2006","YEAR","","COUNTY","FLORIDA","12","NORTHWEST","10","WALTON","131","","","00000000","","PEANUTS","PEANUTS - YIELD, MEASURED IN LB / ACRE","TOTAL","NOT SPECIFIED","2,270",""
"SURVEY","2006","YEAR","","COUNTY","FLORIDA","12","NORTHWEST","10","WASHINGTON","133","","","00000000","","PEANUTS","PEANUTS - ACRES HARVESTED","TOTAL","NOT SPECIFIED","2,200",""
"SURVEY","2006","YEAR","","COUNTY","FLORIDA","12","NORTHWEST","10","WASHINGTON","133","","","00000000","","PEANUTS","PEANUTS - ACRES PLANTED","TOTAL","NOT SPECIFIED","2,400",""
"SURVEY","2006","YEAR","","COUNTY","FLORIDA","12","NORTHWEST","10","WASHINGTON","133","","","00000000","","PEANUTS","PEANUTS - PRODUCTION, MEASURED IN LB","TOTAL","NOT SPECIFIED","6,182,000",""
"SURVEY","2006","YEAR","","COUNTY","FLORIDA","12","NORTHWEST","10","WASHINGTON","133","","","00000000","","PEANUTS","PEANUTS - YIELD, MEASURED IN LB / ACRE","TOTAL","NOT SPECIFIED","2,810",""
"SURVEY","2006","YEAR","","COUNTY","FLORIDA","12","SOUTHERN","80","OTHER (COMBINED) COUNTIES","","","","00000000","","PEANUTS","PEANUTS - ACRES HARVESTED","TOTAL","NOT SPECIFIED","400",""
"SURVEY","2006","YEAR","","COUNTY","FLORIDA","12","SOUTHERN","80","OTHER (COMBINED) COUNTIES","","","","00000000","","PEANUTS","PEANUTS - ACRES PLANTED","TOTAL","NOT SPECIFIED","500",""
"SURVEY","2006","YEAR","","COUNTY","FLORIDA","12","SOUTHERN","80","OTHER (COMBINED) COUNTIES","","","","00000000","","PEANUTS","PEANUTS - PRODUCTION, MEASURED IN LB","TOTAL","NOT SPECIFIED","961,000",""
"SURVEY","2006","YEAR","","COUNTY","FLORIDA","12","SOUTHERN","80","OTHER (COMBINED) COUNTIES","","","","00000000","","PEANUTS","PEANUTS - YIELD, MEASURED IN LB / ACRE","TOTAL","NOT SPECIFIED","2,405",""
"SURVEY","2005","YEAR","","COUNTY","FLORIDA","12","CENTRAL","50","ALACHUA","001","","","00000000","","PEANUTS","PEANUTS - ACRES HARVESTED","TOTAL","NOT SPECIFIED","6,300",""
"SURVEY","2005","YEAR","","COUNTY","FLORIDA","12","CENTRAL","50","ALACHUA","001","","","00000000","","PEANUTS","PEANUTS - ACRES PLANTED","TOTAL","NOT SPECIFIED","6,400",""
"SURVEY","2005","YEAR","","COUNTY","FLORIDA","12","CENTRAL","50","ALACHUA","001","","","00000000","","PEANUTS","PEANUTS - PRODUCTION, MEASURED IN LB","TOTAL","NOT SPECIFIED","15,372,000",""
"SURVEY","2005","YEAR","","COUNTY","FLORIDA","12","CENTRAL","50","ALACHUA","001","","","00000000","","PEANUTS","PEANUTS - YIELD, MEASURED IN LB / ACRE","TOTAL","NOT SPECIFIED","2,440",""
"SURVEY","2005","YEAR","","COUNTY","FLORIDA","12","CENTRAL","50","GILCHRIST","041","","","00000000","","PEANUTS","PEANUTS - ACRES HARVESTED","TOTAL","NOT SPECIFIED","3,400",""
"SURVEY","2005","YEAR","","COUNTY","FLORIDA","12","CENTRAL","50","GILCHRIST","041","","","00000000","","PEANUTS","PEANUTS - ACRES PLANTED","TOTAL","NOT SPECIFIED","3,700",""
"SURVEY","2005","YEAR","","COUNTY","FLORIDA","12","CENTRAL","50","GILCHRIST","041","","","00000000","","PEANUTS","PEANUTS - PRODUCTION, MEASURED IN LB","TOTAL","NOT SPECIFIED","11,271,000",""
"SURVEY","2005","YEAR","","COUNTY","FLORIDA","12","CENTRAL","50","GILCHRIST","041","","","00000000","","PEANUTS","PEANUTS - YIELD, MEASURED IN LB / ACRE","TOTAL","NOT SPECIFIED","3,315",""
"SURVEY","2005","YEAR","","COUNTY","FLORIDA","12","CENTRAL","50","LEVY","075","","","00000000","","PEANUTS","PEANUTS - ACRES HARVESTED","TOTAL","NOT SPECIFIED","18,400",""
"SURVEY","2005","YEAR","","COUNTY","FLORIDA","12","CENTRAL","50","LEVY","075","","","00000000","","PEANUTS","PEANUTS - ACRES PLANTED","TOTAL","NOT SPECIFIED","19,000",""
"SURVEY","2005","YEAR","","COUNTY","FLORIDA","12","CENTRAL","50","LEVY","075","","","00000000","","PEANUTS","PEANUTS - PRODUCTION, MEASURED IN LB","TOTAL","NOT SPECIFIED","53,444,000",""
"SURVEY","2005","YEAR","","COUNTY","FLORIDA","12","CENTRAL","50","LEVY","075","","","00000000","","PEANUTS","PEANUTS - YIELD, MEASURED IN LB / ACRE","TOTAL","NOT SPECIFIED","2,905",""
"SURVEY","2005","YEAR","","COUNTY","FLORIDA","12","CENTRAL","50","MARION","083","","","00000000","","PEANUTS","PEANUTS - ACRES HARVESTED","TOTAL","NOT SPECIFIED","8,500",""
"SURVEY","2005","YEAR","","COUNTY","FLORIDA","12","CENTRAL","50","MARION","083","","","00000000","","PEANUTS","PEANUTS - ACRES PLANTED","TOTAL","NOT SPECIFIED","9,100",""
"SURVEY","2005","YEAR","","COUNTY","FLORIDA","12","CENTRAL","50","MARION","083","","","00000000","","PEANUTS","PEANUTS - PRODUCTION, MEASURED IN LB","TOTAL","NOT SPECIFIED","24,055,000",""
"SURVEY","2005","YEAR","","COUNTY","FLORIDA","12","CENTRAL","50","MARION","083","","","00000000","","PEANUTS","PEANUTS - YIELD, MEASURED IN LB / ACRE","TOTAL","NOT SPECIFIED","2,830",""
"SURVEY","2005","YEAR","","COUNTY","FLORIDA","12","CENTRAL","50","OTHER (COMBINED) COUNTIES","","","","00000000","","PEANUTS","PEANUTS - ACRES HARVESTED","TOTAL","NOT SPECIFIED","300",""
"SURVEY","2005","YEAR","","COUNTY","FLORIDA","12","CENTRAL","50","OTHER (COMBINED) COUNTIES","","","","00000000","","PEANUTS","PEANUTS - ACRES PLANTED","TOTAL","NOT SPECIFIED","400",""
"SURVEY","2005","YEAR","","COUNTY","FLORIDA","12","CENTRAL","50","OTHER (COMBINED) COUNTIES","","","","00000000","","PEANUTS","PEANUTS - PRODUCTION, MEASURED IN LB","TOTAL","NOT SPECIFIED","752,000",""
"SURVEY","2005","YEAR","","COUNTY","FLORIDA","12","CENTRAL","50","OTHER (COMBINED) COUNTIES","","","","00000000","","PEANUTS","PEANUTS - YIELD, MEASURED IN LB / ACRE","TOTAL","NOT SPECIFIED","2,505",""
"SURVEY","2005","YEAR","","COUNTY","FLORIDA","12","CENTRAL","50","SUMTER","119","","","00000000","","PEANUTS","PEANUTS - ACRES HARVESTED","TOTAL","NOT SPECIFIED","1,100",""
"SURVEY","2005","YEAR","","COUNTY","FLORIDA","12","CENTRAL","50","SUMTER","119","","","00000000","","PEANUTS","PEANUTS - ACRES PLANTED","TOTAL","NOT SPECIFIED","1,200",""
"SURVEY","2005","YEAR","","COUNTY","FLORIDA","12","CENTRAL","50","SUMTER","119","","","00000000","","PEANUTS","PEANUTS - PRODUCTION, MEASURED IN LB","TOTAL","NOT SPECIFIED","2,926,000",""
"SURVEY","2005","YEAR","","COUNTY","FLORIDA","12","CENTRAL","50","SUMTER","119","","","00000000","","PEANUTS","PEANUTS - YIELD, MEASURED IN LB / ACRE","TOTAL","NOT SPECIFIED","2,660",""
"SURVEY","2005","YEAR","","COUNTY","FLORIDA","12","NORTHEAST","30","COLUMBIA","023","","","00000000","","PEANUTS","PEANUTS - ACRES HARVESTED","TOTAL","NOT SPECIFIED","4,400",""
"SURVEY","2005","YEAR","","COUNTY","FLORIDA","12","NORTHEAST","30","COLUMBIA","023","","","00000000","","PEANUTS","PEANUTS - ACRES PLANTED","TOTAL","NOT SPECIFIED","4,700",""
"SURVEY","2005","YEAR","","COUNTY","FLORIDA","12","NORTHEAST","30","COLUMBIA","023","","","00000000","","PEANUTS","PEANUTS - PRODUCTION, MEASURED IN LB","TOTAL","NOT SPECIFIED","10,956,000",""
"SURVEY","2005","YEAR","","COUNTY","FLORIDA","12","NORTHEAST","30","COLUMBIA","023","","","00000000","","PEANUTS","PEANUTS - YIELD, MEASURED IN LB / ACRE","TOTAL","NOT SPECIFIED","2,490",""
"SURVEY","2005","YEAR","","COUNTY","FLORIDA","12","NORTHEAST","30","HAMILTON","047","","","00000000","","PEANUTS","PEANUTS - ACRES HARVESTED","TOTAL","NOT SPECIFIED","3,400",""
"SURVEY","2005","YEAR","","COUNTY","FLORIDA","12","NORTHEAST","30","HAMILTON","047","","","00000000","","PEANUTS","PEANUTS - ACRES PLANTED","TOTAL","NOT SPECIFIED","3,600",""
"SURVEY","2005","YEAR","","COUNTY","FLORIDA","12","NORTHEAST","30","HAMILTON","047","","","00000000","","PEANUTS","PEANUTS - PRODUCTION, MEASURED IN LB","TOTAL","NOT SPECIFIED","9,146,000",""
"SURVEY","2005","YEAR","","COUNTY","FLORIDA","12","NORTHEAST","30","HAMILTON","047","","","00000000","","PEANUTS","PEANUTS - YIELD, MEASURED IN LB / ACRE","TOTAL","NOT SPECIFIED","2,690",""
"SURVEY","2005","YEAR","","COUNTY","FLORIDA","12","NORTHEAST","30","LAFAYETTE","067","","","00000000","","PEANUTS","PEANUTS - ACRES HARVESTED","TOTAL","NOT SPECIFIED","1,400",""
"SURVEY","2005","YEAR","","COUNTY","FLORIDA","12","NORTHEAST","30","LAFAYETTE","067","","","00000000","","PEANUTS","PEANUTS - ACRES PLANTED","TOTAL","NOT SPECIFIED","1,500",""
"SURVEY","2005","YEAR","","COUNTY","FLORIDA","12","NORTHEAST","30","LAFAYETTE","067","","","00000000","","PEANUTS","PEANUTS - PRODUCTION, MEASURED IN LB","TOTAL","NOT SPECIFIED","3,661,000",""
"SURVEY","2005","YEAR","","COUNTY","FLORIDA","12","NORTHEAST","30","LAFAYETTE","067","","","00000000","","PEANUTS","PEANUTS - YIELD, MEASURED IN LB / ACRE","TOTAL","NOT SPECIFIED","2,615",""
"SURVEY","2005","YEAR","","COUNTY","FLORIDA","12","NORTHEAST","30","MADISON","079","","","00000000","","PEANUTS","PEANUTS - ACRES HARVESTED","TOTAL","NOT SPECIFIED","7,400",""
"SURVEY","2005","YEAR","","COUNTY","FLORIDA","12","NORTHEAST","30","MADISON","079","","","00000000","","PEANUTS","PEANUTS - ACRES PLANTED","TOTAL","NOT SPECIFIED","8,000",""
"SURVEY","2005","YEAR","","COUNTY","FLORIDA","12","NORTHEAST","30","MADISON","079","","","00000000","","PEANUTS","PEANUTS - PRODUCTION, MEASURED IN LB","TOTAL","NOT SPECIFIED","18,796,000",""
"SURVEY","2005","YEAR","","COUNTY","FLORIDA","12","NORTHEAST","30","MADISON","079","","","00000000","","PEANUTS","PEANUTS - YIELD, MEASURED IN LB / ACRE","TOTAL","NOT SPECIFIED","2,540",""
"SURVEY","2005","YEAR","","COUNTY","FLORIDA","12","NORTHEAST","30","OTHER (COMBINED) COUNTIES","","","","00000000","","PEANUTS","PEANUTS - ACRES HARVESTED","TOTAL","NOT SPECIFIED","1,950",""
"SURVEY","2005","YEAR","","COUNTY","FLORIDA","12","NORTHEAST","30","OTHER (COMBINED) COUNTIES","","","","00000000","","PEANUTS","PEANUTS - ACRES PLANTED","TOTAL","NOT SPECIFIED","2,100",""
"SURVEY","2005","YEAR","","COUNTY","FLORIDA","12","NORTHEAST","30","OTHER (COMBINED) COUNTIES","","","","00000000","","PEANUTS","PEANUTS - PRODUCTION, MEASURED IN LB","TOTAL","NOT SPECIFIED","4,886,000",""
"SURVEY","2005","YEAR","","COUNTY","FLORIDA","12","NORTHEAST","30","OTHER (COMBINED) COUNTIES","","","","00000000","","PEANUTS","PEANUTS - YIELD, MEASURED IN LB / ACRE","TOTAL","NOT SPECIFIED","2,505",""
"SURVEY","2005","YEAR","","COUNTY","FLORIDA","12","NORTHEAST","30","SUWANNEE","121","","","00000000","","PEANUTS","PEANUTS - ACRES HARVESTED","TOTAL","NOT SPECIFIED","8,400",""
"SURVEY","2005","YEAR","","COUNTY","FLORIDA","12","NORTHEAST","30","SUWANNEE","121","","","00000000","","PEANUTS","PEANUTS - ACRES PLANTED","TOTAL","NOT SPECIFIED","9,100",""
"SURVEY","2005","YEAR","","COUNTY","FLORIDA","12","NORTHEAST","30","SUWANNEE","121","","","00000000","","PEANUTS","PEANUTS - PRODUCTION, MEASURED IN LB","TOTAL","NOT SPECIFIED","29,441,000",""
"SURVEY","2005","YEAR","","COUNTY","FLORIDA","12","NORTHEAST","30","SUWANNEE","121","","","00000000","","PEANUTS","PEANUTS - YIELD, MEASURED IN LB / ACRE","TOTAL","NOT SPECIFIED","3,505",""
"SURVEY","2005","YEAR","","COUNTY","FLORIDA","12","NORTHWEST","10","CALHOUN","013","","","00000000","","PEANUTS","PEANUTS - ACRES HARVESTED","TOTAL","NOT SPECIFIED","2,800",""
"SURVEY","2005","YEAR","","COUNTY","FLORIDA","12","NORTHWEST","10","CALHOUN","013","","","00000000","","PEANUTS","PEANUTS - ACRES PLANTED","TOTAL","NOT SPECIFIED","3,100",""
"SURVEY","2005","YEAR","","COUNTY","FLORIDA","12","NORTHWEST","10","CALHOUN","013","","","00000000","","PEANUTS","PEANUTS - PRODUCTION, MEASURED IN LB","TOTAL","NOT SPECIFIED","6,888,000",""
"SURVEY","2005","YEAR","","COUNTY","FLORIDA","12","NORTHWEST","10","CALHOUN","013","","","00000000","","PEANUTS","PEANUTS - YIELD, MEASURED IN LB / ACRE","TOTAL","NOT SPECIFIED","2,460",""
"SURVEY","2005","YEAR","","COUNTY","FLORIDA","12","NORTHWEST","10","ESCAMBIA","033","","","00000000","","PEANUTS","PEANUTS - ACRES HARVESTED","TOTAL","NOT SPECIFIED","8,600",""
"SURVEY","2005","YEAR","","COUNTY","FLORIDA","12","NORTHWEST","10","ESCAMBIA","033","","","00000000","","PEANUTS","PEANUTS - ACRES PLANTED","TOTAL","NOT SPECIFIED","9,000",""
"SURVEY","2005","YEAR","","COUNTY","FLORIDA","12","NORTHWEST","10","ESCAMBIA","033","","","00000000","","PEANUTS","PEANUTS - PRODUCTION, MEASURED IN LB","TOTAL","NOT SPECIFIED","23,392,000",""
"SURVEY","2005","YEAR","","COUNTY","FLORIDA","12","NORTHWEST","10","ESCAMBIA","033","","","00000000","","PEANUTS","PEANUTS - YIELD, MEASURED IN LB / ACRE","TOTAL","NOT SPECIFIED","2,720",""
"SURVEY","2005","YEAR","","COUNTY","FLORIDA","12","NORTHWEST","10","GADSDEN","039","","","00000000","","PEANUTS","PEANUTS - ACRES HARVESTED","TOTAL","NOT SPECIFIED","1,300",""
"SURVEY","2005","YEAR","","COUNTY","FLORIDA","12","NORTHWEST","10","GADSDEN","039","","","00000000","","PEANUTS","PEANUTS - ACRES PLANTED","TOTAL","NOT SPECIFIED","1,300",""
"SURVEY","2005","YEAR","","COUNTY","FLORIDA","12","NORTHWEST","10","GADSDEN","039","","","00000000","","PEANUTS","PEANUTS - PRODUCTION, MEASURED IN LB","TOTAL","NOT SPECIFIED","2,509,000",""
"SURVEY","2005","YEAR","","COUNTY","FLORIDA","12","NORTHWEST","10","GADSDEN","039","","","00000000","","PEANUTS","PEANUTS - YIELD, MEASURED IN LB / ACRE","TOTAL","NOT SPECIFIED","1,930",""
"SURVEY","2005","YEAR","","COUNTY","FLORIDA","12","NORTHWEST","10","HOLMES","059","","","00000000","","PEANUTS","PEANUTS - ACRES HARVESTED","TOTAL","NOT SPECIFIED","4,900",""
"SURVEY","2005","YEAR","","COUNTY","FLORIDA","12","NORTHWEST","10","HOLMES","059","","","00000000","","PEANUTS","PEANUTS - ACRES PLANTED","TOTAL","NOT SPECIFIED","5,100",""
"SURVEY","2005","YEAR","","COUNTY","FLORIDA","12","NORTHWEST","10","HOLMES","059","","","00000000","","PEANUTS","PEANUTS - PRODUCTION, MEASURED IN LB","TOTAL","NOT SPECIFIED","11,515,000",""
"SURVEY","2005","YEAR","","COUNTY","FLORIDA","12","NORTHWEST","10","HOLMES","059","","","00000000","","PEANUTS","PEANUTS - YIELD, MEASURED IN LB / ACRE","TOTAL","NOT SPECIFIED","2,350",""
"SURVEY","2005","YEAR","","COUNTY","FLORIDA","12","NORTHWEST","10","JACKSON","063","","","00000000","","PEANUTS","PEANUTS - ACRES HARVESTED","TOTAL","NOT SPECIFIED","35,400",""
"SURVEY","2005","YEAR","","COUNTY","FLORIDA","12","NORTHWEST","10","JACKSON","063","","","00000000","","PEANUTS","PEANUTS - ACRES PLANTED","TOTAL","NOT SPECIFIED","37,000",""
"SURVEY","2005","YEAR","","COUNTY","FLORIDA","12","NORTHWEST","10","JACKSON","063","","","00000000","","PEANUTS","PEANUTS - PRODUCTION, MEASURED IN LB","TOTAL","NOT SPECIFIED","87,084,000",""
"SURVEY","2005","YEAR","","COUNTY","FLORIDA","12","NORTHWEST","10","JACKSON","063","","","00000000","","PEANUTS","PEANUTS - YIELD, MEASURED IN LB / ACRE","TOTAL","NOT SPECIFIED","2,460",""
"SURVEY","2005","YEAR","","COUNTY","FLORIDA","12","NORTHWEST","10","JEFFERSON","065","","","00000000","","PEANUTS","PEANUTS - ACRES HARVESTED","TOTAL","NOT SPECIFIED","2,100",""
"SURVEY","2005","YEAR","","COUNTY","FLORIDA","12","NORTHWEST","10","JEFFERSON","065","","","00000000","","PEANUTS","PEANUTS - ACRES PLANTED","TOTAL","NOT SPECIFIED","2,400",""
"SURVEY","2005","YEAR","","COUNTY","FLORIDA","12","NORTHWEST","10","JEFFERSON","065","","","00000000","","PEANUTS","PEANUTS - PRODUCTION, MEASURED IN LB","TOTAL","NOT SPECIFIED","5,586,000",""
"SURVEY","2005","YEAR","","COUNTY","FLORIDA","12","NORTHWEST","10","JEFFERSON","065","","","00000000","","PEANUTS","PEANUTS - YIELD, MEASURED IN LB / ACRE","TOTAL","NOT SPECIFIED","2,660",""
"SURVEY","2005","YEAR","","COUNTY","FLORIDA","12","NORTHWEST","10","OKALOOSA","091","","","00000000","","PEANUTS","PEANUTS - ACRES HARVESTED","TOTAL","NOT SPECIFIED","3,100",""
"SURVEY","2005","YEAR","","COUNTY","FLORIDA","12","NORTHWEST","10","OKALOOSA","091","","","00000000","","PEANUTS","PEANUTS - ACRES PLANTED","TOTAL","NOT SPECIFIED","3,200",""
"SURVEY","2005","YEAR","","COUNTY","FLORIDA","12","NORTHWEST","10","OKALOOSA","091","","","00000000","","PEANUTS","PEANUTS - PRODUCTION, MEASURED IN LB","TOTAL","NOT SPECIFIED","8,060,000",""
"SURVEY","2005","YEAR","","COUNTY","FLORIDA","12","NORTHWEST","10","OKALOOSA","091","","","00000000","","PEANUTS","PEANUTS - YIELD, MEASURED IN LB / ACRE","TOTAL","NOT SPECIFIED","2,600",""
"SURVEY","2005","YEAR","","COUNTY","FLORIDA","12","NORTHWEST","10","OTHER (COMBINED) COUNTIES","","","","00000000","","PEANUTS","PEANUTS - ACRES HARVESTED","TOTAL","NOT SPECIFIED","1,800",""
"SURVEY","2005","YEAR","","COUNTY","FLORIDA","12","NORTHWEST","10","OTHER (COMBINED) COUNTIES","","","","00000000","","PEANUTS","PEANUTS - ACRES PLANTED","TOTAL","NOT SPECIFIED","1,900",""
"SURVEY","2005","YEAR","","COUNTY","FLORIDA","12","NORTHWEST","10","OTHER (COMBINED) COUNTIES","","","","00000000","","PEANUTS","PEANUTS - PRODUCTION, MEASURED IN LB","TOTAL","NOT SPECIFIED","4,510,000",""
"SURVEY","2005","YEAR","","COUNTY","FLORIDA","12","NORTHWEST","10","OTHER (COMBINED) COUNTIES","","","","00000000","","PEANUTS","PEANUTS - YIELD, MEASURED IN LB / ACRE","TOTAL","NOT SPECIFIED","2,505",""
"SURVEY","2005","YEAR","","COUNTY","FLORIDA","12","NORTHWEST","10","SANTA ROSA","113","","","00000000","","PEANUTS","PEANUTS - ACRES HARVESTED","TOTAL","NOT SPECIFIED","19,800",""
"SURVEY","2005","YEAR","","COUNTY","FLORIDA","12","NORTHWEST","10","SANTA ROSA","113","","","00000000","","PEANUTS","PEANUTS - ACRES PLANTED","TOTAL","NOT SPECIFIED","20,600",""
"SURVEY","2005","YEAR","","COUNTY","FLORIDA","12","NORTHWEST","10","SANTA ROSA","113","","","00000000","","PEANUTS","PEANUTS - PRODUCTION, MEASURED IN LB","TOTAL","NOT SPECIFIED","58,014,000",""
"SURVEY","2005","YEAR","","COUNTY","FLORIDA","12","NORTHWEST","10","SANTA ROSA","113","","","00000000","","PEANUTS","PEANUTS - YIELD, MEASURED IN LB / ACRE","TOTAL","NOT SPECIFIED","2,930",""
"SURVEY","2005","YEAR","","COUNTY","FLORIDA","12","NORTHWEST","10","WALTON","131","","","00000000","","PEANUTS","PEANUTS - ACRES HARVESTED","TOTAL","NOT SPECIFIED","4,900",""
"SURVEY","2005","YEAR","","COUNTY","FLORIDA","12","NORTHWEST","10","WALTON","131","","","00000000","","PEANUTS","PEANUTS - ACRES PLANTED","TOTAL","NOT SPECIFIED","5,100",""
"SURVEY","2005","YEAR","","COUNTY","FLORIDA","12","NORTHWEST","10","WALTON","131","","","00000000","","PEANUTS","PEANUTS - PRODUCTION, MEASURED IN LB","TOTAL","NOT SPECIFIED","10,339,000",""
"SURVEY","2005","YEAR","","COUNTY","FLORIDA","12","NORTHWEST","10","WALTON","131","","","00000000","","PEANUTS","PEANUTS - YIELD, MEASURED IN LB / ACRE","TOTAL","NOT SPECIFIED","2,110",""
"SURVEY","2005","YEAR","","COUNTY","FLORIDA","12","NORTHWEST","10","WASHINGTON","133","","","00000000","","PEANUTS","PEANUTS - ACRES HARVESTED","TOTAL","NOT SPECIFIED","1,900",""
"SURVEY","2005","YEAR","","COUNTY","FLORIDA","12","NORTHWEST","10","WASHINGTON","133","","","00000000","","PEANUTS","PEANUTS - ACRES PLANTED","TOTAL","NOT SPECIFIED","2,000",""
"SURVEY","2005","YEAR","","COUNTY","FLORIDA","12","NORTHWEST","10","WASHINGTON","133","","","00000000","","PEANUTS","PEANUTS - PRODUCTION, MEASURED IN LB","TOTAL","NOT SPECIFIED","6,669,000",""
"SURVEY","2005","YEAR","","COUNTY","FLORIDA","12","NORTHWEST","10","WASHINGTON","133","","","00000000","","PEANUTS","PEANUTS - YIELD, MEASURED IN LB / ACRE","TOTAL","NOT SPECIFIED","3,510",""
"SURVEY","2005","YEAR","","COUNTY","FLORIDA","12","SOUTHERN","80","OTHER (COMBINED) COUNTIES","","","","00000000","","PEANUTS","PEANUTS - ACRES HARVESTED","TOTAL","NOT SPECIFIED","450",""
"SURVEY","2005","YEAR","","COUNTY","FLORIDA","12","SOUTHERN","80","OTHER (COMBINED) COUNTIES","","","","00000000","","PEANUTS","PEANUTS - ACRES PLANTED","TOTAL","NOT SPECIFIED","500",""
"SURVEY","2005","YEAR","","COUNTY","FLORIDA","12","SOUTHERN","80","OTHER (COMBINED) COUNTIES","","","","00000000","","PEANUTS","PEANUTS - PRODUCTION, MEASURED IN LB","TOTAL","NOT SPECIFIED","1,128,000",""
"SURVEY","2005","YEAR","","COUNTY","FLORIDA","12","SOUTHERN","80","OTHER (COMBINED) COUNTIES","","","","00000000","","PEANUTS","PEANUTS - YIELD, MEASURED IN LB / ACRE","TOTAL","NOT SPECIFIED","2,505",""
"SURVEY","2004","YEAR","","COUNTY","FLORIDA","12","CENTRAL","50","ALACHUA","001","","","00000000","","PEANUTS","PEANUTS - ACRES HARVESTED","TOTAL","NOT SPECIFIED","5,600",""
"SURVEY","2004","YEAR","","COUNTY","FLORIDA","12","CENTRAL","50","ALACHUA","001","","","00000000","","PEANUTS","PEANUTS - ACRES PLANTED","TOTAL","NOT SPECIFIED","5,800",""
"SURVEY","2004","YEAR","","COUNTY","FLORIDA","12","CENTRAL","50","ALACHUA","001","","","00000000","","PEANUTS","PEANUTS - PRODUCTION, MEASURED IN LB","TOTAL","NOT SPECIFIED","13,552,000",""
"SURVEY","2004","YEAR","","COUNTY","FLORIDA","12","CENTRAL","50","ALACHUA","001","","","00000000","","PEANUTS","PEANUTS - YIELD, MEASURED IN LB / ACRE","TOTAL","NOT SPECIFIED","2,420",""
"SURVEY","2004","YEAR","","COUNTY","FLORIDA","12","CENTRAL","50","GILCHRIST","041","","","00000000","","PEANUTS","PEANUTS - ACRES HARVESTED","TOTAL","NOT SPECIFIED","4,400",""
"SURVEY","2004","YEAR","","COUNTY","FLORIDA","12","CENTRAL","50","GILCHRIST","041","","","00000000","","PEANUTS","PEANUTS - ACRES PLANTED","TOTAL","NOT SPECIFIED","4,500",""
"SURVEY","2004","YEAR","","COUNTY","FLORIDA","12","CENTRAL","50","GILCHRIST","041","","","00000000","","PEANUTS","PEANUTS - PRODUCTION, MEASURED IN LB","TOTAL","NOT SPECIFIED","9,284,000",""
"SURVEY","2004","YEAR","","COUNTY","FLORIDA","12","CENTRAL","50","GILCHRIST","041","","","00000000","","PEANUTS","PEANUTS - YIELD, MEASURED IN LB / ACRE","TOTAL","NOT SPECIFIED","2,110",""
"SURVEY","2004","YEAR","","COUNTY","FLORIDA","12","CENTRAL","50","LEVY","075","","","00000000","","PEANUTS","PEANUTS - ACRES HARVESTED","TOTAL","NOT SPECIFIED","18,600",""
"SURVEY","2004","YEAR","","COUNTY","FLORIDA","12","CENTRAL","50","LEVY","075","","","00000000","","PEANUTS","PEANUTS - ACRES PLANTED","TOTAL","NOT SPECIFIED","19,300",""
"SURVEY","2004","YEAR","","COUNTY","FLORIDA","12","CENTRAL","50","LEVY","075","","","00000000","","PEANUTS","PEANUTS - PRODUCTION, MEASURED IN LB","TOTAL","NOT SPECIFIED","55,232,000",""
"SURVEY","2004","YEAR","","COUNTY","FLORIDA","12","CENTRAL","50","LEVY","075","","","00000000","","PEANUTS","PEANUTS - YIELD, MEASURED IN LB / ACRE","TOTAL","NOT SPECIFIED","2,970",""
"SURVEY","2004","YEAR","","COUNTY","FLORIDA","12","CENTRAL","50","MARION","083","","","00000000","","PEANUTS","PEANUTS - ACRES HARVESTED","TOTAL","NOT SPECIFIED","8,800",""
"SURVEY","2004","YEAR","","COUNTY","FLORIDA","12","CENTRAL","50","MARION","083","","","00000000","","PEANUTS","PEANUTS - ACRES PLANTED","TOTAL","NOT SPECIFIED","9,200",""
"SURVEY","2004","YEAR","","COUNTY","FLORIDA","12","CENTRAL","50","MARION","083","","","00000000","","PEANUTS","PEANUTS - PRODUCTION, MEASURED IN LB","TOTAL","NOT SPECIFIED","24,464,000",""
"SURVEY","2004","YEAR","","COUNTY","FLORIDA","12","CENTRAL","50","MARION","083","","","00000000","","PEANUTS","PEANUTS - YIELD, MEASURED IN LB / ACRE","TOTAL","NOT SPECIFIED","2,780",""
"SURVEY","2004","YEAR","","COUNTY","FLORIDA","12","CENTRAL","50","SUMTER","119","","","00000000","","PEANUTS","PEANUTS - ACRES HARVESTED","TOTAL","NOT SPECIFIED","800",""
"SURVEY","2004","YEAR","","COUNTY","FLORIDA","12","CENTRAL","50","SUMTER","119","","","00000000","","PEANUTS","PEANUTS - ACRES PLANTED","TOTAL","NOT SPECIFIED","900",""
"SURVEY","2004","YEAR","","COUNTY","FLORIDA","12","CENTRAL","50","SUMTER","119","","","00000000","","PEANUTS","PEANUTS - PRODUCTION, MEASURED IN LB","TOTAL","NOT SPECIFIED","2,136,000",""
"SURVEY","2004","YEAR","","COUNTY","FLORIDA","12","CENTRAL","50","SUMTER","119","","","00000000","","PEANUTS","PEANUTS - YIELD, MEASURED IN LB / ACRE","TOTAL","NOT SPECIFIED","2,670",""
"SURVEY","2004","YEAR","","COUNTY","FLORIDA","12","NORTHEAST","30","COLUMBIA","023","","","00000000","","PEANUTS","PEANUTS - ACRES HARVESTED","TOTAL","NOT SPECIFIED","3,000",""
"SURVEY","2004","YEAR","","COUNTY","FLORIDA","12","NORTHEAST","30","COLUMBIA","023","","","00000000","","PEANUTS","PEANUTS - ACRES PLANTED","TOTAL","NOT SPECIFIED","4,000",""
"SURVEY","2004","YEAR","","COUNTY","FLORIDA","12","NORTHEAST","30","COLUMBIA","023","","","00000000","","PEANUTS","PEANUTS - PRODUCTION, MEASURED IN LB","TOTAL","NOT SPECIFIED","6,330,000",""
"SURVEY","2004","YEAR","","COUNTY","FLORIDA","12","NORTHEAST","30","COLUMBIA","023","","","00000000","","PEANUTS","PEANUTS - YIELD, MEASURED IN LB / ACRE","TOTAL","NOT SPECIFIED","2,110",""
"SURVEY","2004","YEAR","","COUNTY","FLORIDA","12","NORTHEAST","30","HAMILTON","047","","","00000000","","PEANUTS","PEANUTS - ACRES HARVESTED","TOTAL","NOT SPECIFIED","1,400",""
"SURVEY","2004","YEAR","","COUNTY","FLORIDA","12","NORTHEAST","30","HAMILTON","047","","","00000000","","PEANUTS","PEANUTS - ACRES PLANTED","TOTAL","NOT SPECIFIED","1,600",""
"SURVEY","2004","YEAR","","COUNTY","FLORIDA","12","NORTHEAST","30","HAMILTON","047","","","00000000","","PEANUTS","PEANUTS - PRODUCTION, MEASURED IN LB","TOTAL","NOT SPECIFIED","3,822,000",""
"SURVEY","2004","YEAR","","COUNTY","FLORIDA","12","NORTHEAST","30","HAMILTON","047","","","00000000","","PEANUTS","PEANUTS - YIELD, MEASURED IN LB / ACRE","TOTAL","NOT SPECIFIED","2,730",""
"SURVEY","2004","YEAR","","COUNTY","FLORIDA","12","NORTHEAST","30","MADISON","079","","","00000000","","PEANUTS","PEANUTS - ACRES HARVESTED","TOTAL","NOT SPECIFIED","2,500",""
"SURVEY","2004","YEAR","","COUNTY","FLORIDA","12","NORTHEAST","30","MADISON","079","","","00000000","","PEANUTS","PEANUTS - ACRES PLANTED","TOTAL","NOT SPECIFIED","3,000",""
"SURVEY","2004","YEAR","","COUNTY","FLORIDA","12","NORTHEAST","30","MADISON","079","","","00000000","","PEANUTS","PEANUTS - PRODUCTION, MEASURED IN LB","TOTAL","NOT SPECIFIED","6,775,000",""
"SURVEY","2004","YEAR","","COUNTY","FLORIDA","12","NORTHEAST","30","MADISON","079","","","00000000","","PEANUTS","PEANUTS - YIELD, MEASURED IN LB / ACRE","TOTAL","NOT SPECIFIED","2,710",""
"SURVEY","2004","YEAR","","COUNTY","FLORIDA","12","NORTHEAST","30","SUWANNEE","121","","","00000000","","PEANUTS","PEANUTS - ACRES HARVESTED","TOTAL","NOT SPECIFIED","3,700",""
"SURVEY","2004","YEAR","","COUNTY","FLORIDA","12","NORTHEAST","30","SUWANNEE","121","","","00000000","","PEANUTS","PEANUTS - ACRES PLANTED","TOTAL","NOT SPECIFIED","4,700",""
"SURVEY","2004","YEAR","","COUNTY","FLORIDA","12","NORTHEAST","30","SUWANNEE","121","","","00000000","","PEANUTS","PEANUTS - PRODUCTION, MEASURED IN LB","TOTAL","NOT SPECIFIED","9,361,000",""
"SURVEY","2004","YEAR","","COUNTY","FLORIDA","12","NORTHEAST","30","SUWANNEE","121","","","00000000","","PEANUTS","PEANUTS - YIELD, MEASURED IN LB / ACRE","TOTAL","NOT SPECIFIED","2,530",""
"SURVEY","2004","YEAR","","COUNTY","FLORIDA","12","NORTHWEST","10","CALHOUN","013","","","00000000","","PEANUTS","PEANUTS - ACRES HARVESTED","TOTAL","NOT SPECIFIED","4,600",""
"SURVEY","2004","YEAR","","COUNTY","FLORIDA","12","NORTHWEST","10","CALHOUN","013","","","00000000","","PEANUTS","PEANUTS - ACRES PLANTED","TOTAL","NOT SPECIFIED","5,100",""
"SURVEY","2004","YEAR","","COUNTY","FLORIDA","12","NORTHWEST","10","CALHOUN","013","","","00000000","","PEANUTS","PEANUTS - PRODUCTION, MEASURED IN LB","TOTAL","NOT SPECIFIED","12,788,000",""
"SURVEY","2004","YEAR","","COUNTY","FLORIDA","12","NORTHWEST","10","CALHOUN","013","","","00000000","","PEANUTS","PEANUTS - YIELD, MEASURED IN LB / ACRE","TOTAL","NOT SPECIFIED","2,780",""
"SURVEY","2004","YEAR","","COUNTY","FLORIDA","12","NORTHWEST","10","ESCAMBIA","033","","","00000000","","PEANUTS","PEANUTS - ACRES HARVESTED","TOTAL","NOT SPECIFIED","7,700",""
"SURVEY","2004","YEAR","","COUNTY","FLORIDA","12","NORTHWEST","10","ESCAMBIA","033","","","00000000","","PEANUTS","PEANUTS - ACRES PLANTED","TOTAL","NOT SPECIFIED","9,000",""
"SURVEY","2004","YEAR","","COUNTY","FLORIDA","12","NORTHWEST","10","ESCAMBIA","033","","","00000000","","PEANUTS","PEANUTS - PRODUCTION, MEASURED IN LB","TOTAL","NOT SPECIFIED","25,718,000",""
"SURVEY","2004","YEAR","","COUNTY","FLORIDA","12","NORTHWEST","10","ESCAMBIA","033","","","00000000","","PEANUTS","PEANUTS - YIELD, MEASURED IN LB / ACRE","TOTAL","NOT SPECIFIED","3,340",""
"SURVEY","2004","YEAR","","COUNTY","FLORIDA","12","NORTHWEST","10","GADSDEN","039","","","00000000","","PEANUTS","PEANUTS - ACRES HARVESTED","TOTAL","NOT SPECIFIED","700",""
"SURVEY","2004","YEAR","","COUNTY","FLORIDA","12","NORTHWEST","10","GADSDEN","039","","","00000000","","PEANUTS","PEANUTS - ACRES PLANTED","TOTAL","NOT SPECIFIED","800",""
"SURVEY","2004","YEAR","","COUNTY","FLORIDA","12","NORTHWEST","10","GADSDEN","039","","","00000000","","PEANUTS","PEANUTS - PRODUCTION, MEASURED IN LB","TOTAL","NOT SPECIFIED","1,498,000",""
"SURVEY","2004","YEAR","","COUNTY","FLORIDA","12","NORTHWEST","10","GADSDEN","039","","","00000000","","PEANUTS","PEANUTS - YIELD, MEASURED IN LB / ACRE","TOTAL","NOT SPECIFIED","2,140",""
"SURVEY","2004","YEAR","","COUNTY","FLORIDA","12","NORTHWEST","10","HOLMES","059","","","00000000","","PEANUTS","PEANUTS - ACRES HARVESTED","TOTAL","NOT SPECIFIED","3,500",""
"SURVEY","2004","YEAR","","COUNTY","FLORIDA","12","NORTHWEST","10","HOLMES","059","","","00000000","","PEANUTS","PEANUTS - ACRES PLANTED","TOTAL","NOT SPECIFIED","4,000",""
"SURVEY","2004","YEAR","","COUNTY","FLORIDA","12","NORTHWEST","10","HOLMES","059","","","00000000","","PEANUTS","PEANUTS - PRODUCTION, MEASURED IN LB","TOTAL","NOT SPECIFIED","9,800,000",""
"SURVEY","2004","YEAR","","COUNTY","FLORIDA","12","NORTHWEST","10","HOLMES","059","","","00000000","","PEANUTS","PEANUTS - YIELD, MEASURED IN LB / ACRE","TOTAL","NOT SPECIFIED","2,800",""
"SURVEY","2004","YEAR","","COUNTY","FLORIDA","12","NORTHWEST","10","JACKSON","063","","","00000000","","PEANUTS","PEANUTS - ACRES HARVESTED","TOTAL","NOT SPECIFIED","31,700",""
"SURVEY","2004","YEAR","","COUNTY","FLORIDA","12","NORTHWEST","10","JACKSON","063","","","00000000","","PEANUTS","PEANUTS - ACRES PLANTED","TOTAL","NOT SPECIFIED","35,200",""
"SURVEY","2004","YEAR","","COUNTY","FLORIDA","12","NORTHWEST","10","JACKSON","063","","","00000000","","PEANUTS","PEANUTS - PRODUCTION, MEASURED IN LB","TOTAL","NOT SPECIFIED","83,366,000",""
"SURVEY","2004","YEAR","","COUNTY","FLORIDA","12","NORTHWEST","10","JACKSON","063","","","00000000","","PEANUTS","PEANUTS - YIELD, MEASURED IN LB / ACRE","TOTAL","NOT SPECIFIED","2,630",""
"SURVEY","2004","YEAR","","COUNTY","FLORIDA","12","NORTHWEST","10","JEFFERSON","065","","","00000000","","PEANUTS","PEANUTS - ACRES HARVESTED","TOTAL","NOT SPECIFIED","1,200",""
"SURVEY","2004","YEAR","","COUNTY","FLORIDA","12","NORTHWEST","10","JEFFERSON","065","","","00000000","","PEANUTS","PEANUTS - ACRES PLANTED","TOTAL","NOT SPECIFIED","1,700",""
"SURVEY","2004","YEAR","","COUNTY","FLORIDA","12","NORTHWEST","10","JEFFERSON","065","","","00000000","","PEANUTS","PEANUTS - PRODUCTION, MEASURED IN LB","TOTAL","NOT SPECIFIED","2,778,000",""
"SURVEY","2004","YEAR","","COUNTY","FLORIDA","12","NORTHWEST","10","JEFFERSON","065","","","00000000","","PEANUTS","PEANUTS - YIELD, MEASURED IN LB / ACRE","TOTAL","NOT SPECIFIED","2,315",""
"SURVEY","2004","YEAR","","COUNTY","FLORIDA","12","NORTHWEST","10","OKALOOSA","091","","","00000000","","PEANUTS","PEANUTS - ACRES HARVESTED","TOTAL","NOT SPECIFIED","4,800",""
"SURVEY","2004","YEAR","","COUNTY","FLORIDA","12","NORTHWEST","10","OKALOOSA","091","","","00000000","","PEANUTS","PEANUTS - ACRES PLANTED","TOTAL","NOT SPECIFIED","5,600",""
"SURVEY","2004","YEAR","","COUNTY","FLORIDA","12","NORTHWEST","10","OKALOOSA","091","","","00000000","","PEANUTS","PEANUTS - PRODUCTION, MEASURED IN LB","TOTAL","NOT SPECIFIED","15,456,000",""
"SURVEY","2004","YEAR","","COUNTY","FLORIDA","12","NORTHWEST","10","OKALOOSA","091","","","00000000","","PEANUTS","PEANUTS - YIELD, MEASURED IN LB / ACRE","TOTAL","NOT SPECIFIED","3,220",""
"SURVEY","2004","YEAR","","COUNTY","FLORIDA","12","NORTHWEST","10","SANTA ROSA","113","","","00000000","","PEANUTS","PEANUTS - ACRES HARVESTED","TOTAL","NOT SPECIFIED","17,700",""
"SURVEY","2004","YEAR","","COUNTY","FLORIDA","12","NORTHWEST","10","SANTA ROSA","113","","","00000000","","PEANUTS","PEANUTS - ACRES PLANTED","TOTAL","NOT SPECIFIED","19,500",""
"SURVEY","2004","YEAR","","COUNTY","FLORIDA","12","NORTHWEST","10","SANTA ROSA","113","","","00000000","","PEANUTS","PEANUTS - PRODUCTION, MEASURED IN LB","TOTAL","NOT SPECIFIED","57,702,000",""
"SURVEY","2004","YEAR","","COUNTY","FLORIDA","12","NORTHWEST","10","SANTA ROSA","113","","","00000000","","PEANUTS","PEANUTS - YIELD, MEASURED IN LB / ACRE","TOTAL","NOT SPECIFIED","3,260",""
"SURVEY","2004","YEAR","","COUNTY","FLORIDA","12","NORTHWEST","10","WALTON","131","","","00000000","","PEANUTS","PEANUTS - ACRES HARVESTED","TOTAL","NOT SPECIFIED","3,600",""
"SURVEY","2004","YEAR","","COUNTY","FLORIDA","12","NORTHWEST","10","WALTON","131","","","00000000","","PEANUTS","PEANUTS - ACRES PLANTED","TOTAL","NOT SPECIFIED","4,300",""
"SURVEY","2004","YEAR","","COUNTY","FLORIDA","12","NORTHWEST","10","WALTON","131","","","00000000","","PEANUTS","PEANUTS - PRODUCTION, MEASURED IN LB","TOTAL","NOT SPECIFIED","7,956,000",""
"SURVEY","2004","YEAR","","COUNTY","FLORIDA","12","NORTHWEST","10","WALTON","131","","","00000000","","PEANUTS","PEANUTS - YIELD, MEASURED IN LB / ACRE","TOTAL","NOT SPECIFIED","2,210",""
"SURVEY","2004","YEAR","","COUNTY","FLORIDA","12","NORTHWEST","10","WASHINGTON","133","","","00000000","","PEANUTS","PEANUTS - ACRES HARVESTED","TOTAL","NOT SPECIFIED","2,100",""
"SURVEY","2004","YEAR","","COUNTY","FLORIDA","12","NORTHWEST","10","WASHINGTON","133","","","00000000","","PEANUTS","PEANUTS - ACRES PLANTED","TOTAL","NOT SPECIFIED","2,500",""
"SURVEY","2004","YEAR","","COUNTY","FLORIDA","12","NORTHWEST","10","WASHINGTON","133","","","00000000","","PEANUTS","PEANUTS - PRODUCTION, MEASURED IN LB","TOTAL","NOT SPECIFIED","6,426,000",""
"SURVEY","2004","YEAR","","COUNTY","FLORIDA","12","NORTHWEST","10","WASHINGTON","133","","","00000000","","PEANUTS","PEANUTS - YIELD, MEASURED IN LB / ACRE","TOTAL","NOT SPECIFIED","3,060",""
"SURVEY","2003","YEAR","","COUNTY","FLORIDA","12","CENTRAL","50","ALACHUA","001","","","00000000","","PEANUTS","PEANUTS - ACRES HARVESTED","TOTAL","NOT SPECIFIED","3,400",""
"SURVEY","2003","YEAR","","COUNTY","FLORIDA","12","CENTRAL","50","ALACHUA","001","","","00000000","","PEANUTS","PEANUTS - ACRES PLANTED","TOTAL","NOT SPECIFIED","3,700",""
"SURVEY","2003","YEAR","","COUNTY","FLORIDA","12","CENTRAL","50","ALACHUA","001","","","00000000","","PEANUTS","PEANUTS - PRODUCTION, MEASURED IN LB","TOTAL","NOT SPECIFIED","8,960,000",""
"SURVEY","2003","YEAR","","COUNTY","FLORIDA","12","CENTRAL","50","ALACHUA","001","","","00000000","","PEANUTS","PEANUTS - YIELD, MEASURED IN LB / ACRE","TOTAL","NOT SPECIFIED","2,635",""
"SURVEY","2003","YEAR","","COUNTY","FLORIDA","12","CENTRAL","50","GILCHRIST","041","","","00000000","","PEANUTS","PEANUTS - ACRES HARVESTED","TOTAL","NOT SPECIFIED","2,100",""
"SURVEY","2003","YEAR","","COUNTY","FLORIDA","12","CENTRAL","50","GILCHRIST","041","","","00000000","","PEANUTS","PEANUTS - ACRES PLANTED","TOTAL","NOT SPECIFIED","2,300",""
"SURVEY","2003","YEAR","","COUNTY","FLORIDA","12","CENTRAL","50","GILCHRIST","041","","","00000000","","PEANUTS","PEANUTS - PRODUCTION, MEASURED IN LB","TOTAL","NOT SPECIFIED","5,276,000",""
"SURVEY","2003","YEAR","","COUNTY","FLORIDA","12","CENTRAL","50","GILCHRIST","041","","","00000000","","PEANUTS","PEANUTS - YIELD, MEASURED IN LB / ACRE","TOTAL","NOT SPECIFIED","2,510",""
"SURVEY","2003","YEAR","","COUNTY","FLORIDA","12","CENTRAL","50","LEVY","075","","","00000000","","PEANUTS","PEANUTS - ACRES HARVESTED","TOTAL","NOT SPECIFIED","15,700",""
"SURVEY","2003","YEAR","","COUNTY","FLORIDA","12","CENTRAL","50","LEVY","075","","","00000000","","PEANUTS","PEANUTS - ACRES PLANTED","TOTAL","NOT SPECIFIED","17,100",""
"SURVEY","2003","YEAR","","COUNTY","FLORIDA","12","CENTRAL","50","LEVY","075","","","00000000","","PEANUTS","PEANUTS - PRODUCTION, MEASURED IN LB","TOTAL","NOT SPECIFIED","49,454,000",""
"SURVEY","2003","YEAR","","COUNTY","FLORIDA","12","CENTRAL","50","LEVY","075","","","00000000","","PEANUTS","PEANUTS - YIELD, MEASURED IN LB / ACRE","TOTAL","NOT SPECIFIED","3,150",""
"SURVEY","2003","YEAR","","COUNTY","FLORIDA","12","CENTRAL","50","MARION","083","","","00000000","","PEANUTS","PEANUTS - ACRES HARVESTED","TOTAL","NOT SPECIFIED","7,600",""
"SURVEY","2003","YEAR","","COUNTY","FLORIDA","12","CENTRAL","50","MARION","083","","","00000000","","PEANUTS","PEANUTS - ACRES PLANTED","TOTAL","NOT SPECIFIED","8,300",""
"SURVEY","2003","YEAR","","COUNTY","FLORIDA","12","CENTRAL","50","MARION","083","","","00000000","","PEANUTS","PEANUTS - PRODUCTION, MEASURED IN LB","TOTAL","NOT SPECIFIED","21,889,000",""
"SURVEY","2003","YEAR","","COUNTY","FLORIDA","12","CENTRAL","50","MARION","083","","","00000000","","PEANUTS","PEANUTS - YIELD, MEASURED IN LB / ACRE","TOTAL","NOT SPECIFIED","2,880",""
"SURVEY","2003","YEAR","","COUNTY","FLORIDA","12","CENTRAL","50","SUMTER","119","","","00000000","","PEANUTS","PEANUTS - ACRES HARVESTED","TOTAL","NOT SPECIFIED","800",""
"SURVEY","2003","YEAR","","COUNTY","FLORIDA","12","CENTRAL","50","SUMTER","119","","","00000000","","PEANUTS","PEANUTS - ACRES PLANTED","TOTAL","NOT SPECIFIED","900",""
"SURVEY","2003","YEAR","","COUNTY","FLORIDA","12","CENTRAL","50","SUMTER","119","","","00000000","","PEANUTS","PEANUTS - PRODUCTION, MEASURED IN LB","TOTAL","NOT SPECIFIED","2,304,000",""
"SURVEY","2003","YEAR","","COUNTY","FLORIDA","12","CENTRAL","50","SUMTER","119","","","00000000","","PEANUTS","PEANUTS - YIELD, MEASURED IN LB / ACRE","TOTAL","NOT SPECIFIED","2,880",""
"SURVEY","2003","YEAR","","COUNTY","FLORIDA","12","NORTHEAST","30","COLUMBIA","023","","","00000000","","PEANUTS","PEANUTS - ACRES HARVESTED","TOTAL","NOT SPECIFIED","3,700",""
"SURVEY","2003","YEAR","","COUNTY","FLORIDA","12","NORTHEAST","30","COLUMBIA","023","","","00000000","","PEANUTS","PEANUTS - ACRES PLANTED","TOTAL","NOT SPECIFIED","4,000",""
"SURVEY","2003","YEAR","","COUNTY","FLORIDA","12","NORTHEAST","30","COLUMBIA","023","","","00000000","","PEANUTS","PEANUTS - PRODUCTION, MEASURED IN LB","TOTAL","NOT SPECIFIED","6,660,000",""
"SURVEY","2003","YEAR","","COUNTY","FLORIDA","12","NORTHEAST","30","COLUMBIA","023","","","00000000","","PEANUTS","PEANUTS - YIELD, MEASURED IN LB / ACRE","TOTAL","NOT SPECIFIED","1,800",""
"SURVEY","2003","YEAR","","COUNTY","FLORIDA","12","NORTHEAST","30","HAMILTON","047","","","00000000","","PEANUTS","PEANUTS - ACRES HARVESTED","TOTAL","NOT SPECIFIED","700",""
"SURVEY","2003","YEAR","","COUNTY","FLORIDA","12","NORTHEAST","30","HAMILTON","047","","","00000000","","PEANUTS","PEANUTS - ACRES PLANTED","TOTAL","NOT SPECIFIED","700",""
"SURVEY","2003","YEAR","","COUNTY","FLORIDA","12","NORTHEAST","30","HAMILTON","047","","","00000000","","PEANUTS","PEANUTS - PRODUCTION, MEASURED IN LB","TOTAL","NOT SPECIFIED","2,151,000",""
"SURVEY","2003","YEAR","","COUNTY","FLORIDA","12","NORTHEAST","30","HAMILTON","047","","","00000000","","PEANUTS","PEANUTS - YIELD, MEASURED IN LB / ACRE","TOTAL","NOT SPECIFIED","3,075",""
"SURVEY","2003","YEAR","","COUNTY","FLORIDA","12","NORTHEAST","30","MADISON","079","","","00000000","","PEANUTS","PEANUTS - ACRES HARVESTED","TOTAL","NOT SPECIFIED","2,300",""
"SURVEY","2003","YEAR","","COUNTY","FLORIDA","12","NORTHEAST","30","MADISON","079","","","00000000","","PEANUTS","PEANUTS - ACRES PLANTED","TOTAL","NOT SPECIFIED","2,400",""
"SURVEY","2003","YEAR","","COUNTY","FLORIDA","12","NORTHEAST","30","MADISON","079","","","00000000","","PEANUTS","PEANUTS - PRODUCTION, MEASURED IN LB","TOTAL","NOT SPECIFIED","8,832,000",""
"SURVEY","2003","YEAR","","COUNTY","FLORIDA","12","NORTHEAST","30","MADISON","079","","","00000000","","PEANUTS","PEANUTS - YIELD, MEASURED IN LB / ACRE","TOTAL","NOT SPECIFIED","3,840",""
"SURVEY","2003","YEAR","","COUNTY","FLORIDA","12","NORTHEAST","30","SUWANNEE","121","","","00000000","","PEANUTS","PEANUTS - ACRES HARVESTED","TOTAL","NOT SPECIFIED","3,800",""
"SURVEY","2003","YEAR","","COUNTY","FLORIDA","12","NORTHEAST","30","SUWANNEE","121","","","00000000","","PEANUTS","PEANUTS - ACRES PLANTED","TOTAL","NOT SPECIFIED","4,100",""
"SURVEY","2003","YEAR","","COUNTY","FLORIDA","12","NORTHEAST","30","SUWANNEE","121","","","00000000","","PEANUTS","PEANUTS - PRODUCTION, MEASURED IN LB","TOTAL","NOT SPECIFIED","10,223,000",""
"SURVEY","2003","YEAR","","COUNTY","FLORIDA","12","NORTHEAST","30","SUWANNEE","121","","","00000000","","PEANUTS","PEANUTS - YIELD, MEASURED IN LB / ACRE","TOTAL","NOT SPECIFIED","2,690",""
"SURVEY","2003","YEAR","","COUNTY","FLORIDA","12","NORTHWEST","10","CALHOUN","013","","","00000000","","PEANUTS","PEANUTS - ACRES HARVESTED","TOTAL","NOT SPECIFIED","3,600",""
"SURVEY","2003","YEAR","","COUNTY","FLORIDA","12","NORTHWEST","10","CALHOUN","013","","","00000000","","PEANUTS","PEANUTS - ACRES PLANTED","TOTAL","NOT SPECIFIED","3,900",""
"SURVEY","2003","YEAR","","COUNTY","FLORIDA","12","NORTHWEST","10","CALHOUN","013","","","00000000","","PEANUTS","PEANUTS - PRODUCTION, MEASURED IN LB","TOTAL","NOT SPECIFIED","10,535,000",""
"SURVEY","2003","YEAR","","COUNTY","FLORIDA","12","NORTHWEST","10","CALHOUN","013","","","00000000","","PEANUTS","PEANUTS - YIELD, MEASURED IN LB / ACRE","TOTAL","NOT SPECIFIED","2,925",""
"SURVEY","2003","YEAR","","COUNTY","FLORIDA","12","NORTHWEST","10","ESCAMBIA","033","","","00000000","","PEANUTS","PEANUTS - ACRES HARVESTED","TOTAL","NOT SPECIFIED","6,900",""
"SURVEY","2003","YEAR","","COUNTY","FLORIDA","12","NORTHWEST","10","ESCAMBIA","033","","","00000000","","PEANUTS","PEANUTS - ACRES PLANTED","TOTAL","NOT SPECIFIED","7,400",""
"SURVEY","2003","YEAR","","COUNTY","FLORIDA","12","NORTHWEST","10","ESCAMBIA","033","","","00000000","","PEANUTS","PEANUTS - PRODUCTION, MEASURED IN LB","TOTAL","NOT SPECIFIED","25,444,000",""
"SURVEY","2003","YEAR","","COUNTY","FLORIDA","12","NORTHWEST","10","ESCAMBIA","033","","","00000000","","PEANUTS","PEANUTS - YIELD, MEASURED IN LB / ACRE","TOTAL","NOT SPECIFIED","3,690",""
"SURVEY","2003","YEAR","","COUNTY","FLORIDA","12","NORTHWEST","10","GADSDEN","039","","","00000000","","PEANUTS","PEANUTS - ACRES HARVESTED","TOTAL","NOT SPECIFIED","700",""
"SURVEY","2003","YEAR","","COUNTY","FLORIDA","12","NORTHWEST","10","GADSDEN","039","","","00000000","","PEANUTS","PEANUTS - ACRES PLANTED","TOTAL","NOT SPECIFIED","700",""
"SURVEY","2003","YEAR","","COUNTY","FLORIDA","12","NORTHWEST","10","GADSDEN","039","","","00000000","","PEANUTS","PEANUTS - PRODUCTION, MEASURED IN LB","TOTAL","NOT SPECIFIED","1,478,000",""
"SURVEY","2003","YEAR","","COUNTY","FLORIDA","12","NORTHWEST","10","GADSDEN","039","","","00000000","","PEANUTS","PEANUTS - YIELD, MEASURED IN LB / ACRE","TOTAL","NOT SPECIFIED","2,110",""
"SURVEY","2003","YEAR","","COUNTY","FLORIDA","12","NORTHWEST","10","HOLMES","059","","","00000000","","PEANUTS","PEANUTS - ACRES HARVESTED","TOTAL","NOT SPECIFIED","3,900",""
"SURVEY","2003","YEAR","","COUNTY","FLORIDA","12","NORTHWEST","10","HOLMES","059","","","00000000","","PEANUTS","PEANUTS - ACRES PLANTED","TOTAL","NOT SPECIFIED","4,200",""
"SURVEY","2003","YEAR","","COUNTY","FLORIDA","12","NORTHWEST","10","HOLMES","059","","","00000000","","PEANUTS","PEANUTS - PRODUCTION, MEASURED IN LB","TOTAL","NOT SPECIFIED","11,233,000",""
"SURVEY","2003","YEAR","","COUNTY","FLORIDA","12","NORTHWEST","10","HOLMES","059","","","00000000","","PEANUTS","PEANUTS - YIELD, MEASURED IN LB / ACRE","TOTAL","NOT SPECIFIED","2,880",""
"SURVEY","2003","YEAR","","COUNTY","FLORIDA","12","NORTHWEST","10","JACKSON","063","","","00000000","","PEANUTS","PEANUTS - ACRES HARVESTED","TOTAL","NOT SPECIFIED","30,600",""
"SURVEY","2003","YEAR","","COUNTY","FLORIDA","12","NORTHWEST","10","JACKSON","063","","","00000000","","PEANUTS","PEANUTS - ACRES PLANTED","TOTAL","NOT SPECIFIED","32,900",""
"SURVEY","2003","YEAR","","COUNTY","FLORIDA","12","NORTHWEST","10","JACKSON","063","","","00000000","","PEANUTS","PEANUTS - PRODUCTION, MEASURED IN LB","TOTAL","NOT SPECIFIED","88,631,000",""
"SURVEY","2003","YEAR","","COUNTY","FLORIDA","12","NORTHWEST","10","JACKSON","063","","","00000000","","PEANUTS","PEANUTS - YIELD, MEASURED IN LB / ACRE","TOTAL","NOT SPECIFIED","2,895",""
"SURVEY","2003","YEAR","","COUNTY","FLORIDA","12","NORTHWEST","10","JEFFERSON","065","","","00000000","","PEANUTS","PEANUTS - ACRES HARVESTED","TOTAL","NOT SPECIFIED","1,000",""
"SURVEY","2003","YEAR","","COUNTY","FLORIDA","12","NORTHWEST","10","JEFFERSON","065","","","00000000","","PEANUTS","PEANUTS - ACRES PLANTED","TOTAL","NOT SPECIFIED","1,100",""
"SURVEY","2003","YEAR","","COUNTY","FLORIDA","12","NORTHWEST","10","JEFFERSON","065","","","00000000","","PEANUTS","PEANUTS - PRODUCTION, MEASURED IN LB","TOTAL","NOT SPECIFIED","2,400,000",""
"SURVEY","2003","YEAR","","COUNTY","FLORIDA","12","NORTHWEST","10","JEFFERSON","065","","","00000000","","PEANUTS","PEANUTS - YIELD, MEASURED IN LB / ACRE","TOTAL","NOT SPECIFIED","2,400",""
"SURVEY","2003","YEAR","","COUNTY","FLORIDA","12","NORTHWEST","10","OKALOOSA","091","","","00000000","","PEANUTS","PEANUTS - ACRES HARVESTED","TOTAL","NOT SPECIFIED","4,700",""
"SURVEY","2003","YEAR","","COUNTY","FLORIDA","12","NORTHWEST","10","OKALOOSA","091","","","00000000","","PEANUTS","PEANUTS - ACRES PLANTED","TOTAL","NOT SPECIFIED","5,100",""
"SURVEY","2003","YEAR","","COUNTY","FLORIDA","12","NORTHWEST","10","OKALOOSA","091","","","00000000","","PEANUTS","PEANUTS - PRODUCTION, MEASURED IN LB","TOTAL","NOT SPECIFIED","16,903,000",""
"SURVEY","2003","YEAR","","COUNTY","FLORIDA","12","NORTHWEST","10","OKALOOSA","091","","","00000000","","PEANUTS","PEANUTS - YIELD, MEASURED IN LB / ACRE","TOTAL","NOT SPECIFIED","3,595",""
"SURVEY","2003","YEAR","","COUNTY","FLORIDA","12","NORTHWEST","10","SANTA ROSA","113","","","00000000","","PEANUTS","PEANUTS - ACRES HARVESTED","TOTAL","NOT SPECIFIED","16,100",""
"SURVEY","2003","YEAR","","COUNTY","FLORIDA","12","NORTHWEST","10","SANTA ROSA","113","","","00000000","","PEANUTS","PEANUTS - ACRES PLANTED","TOTAL","NOT SPECIFIED","17,300",""
"SURVEY","2003","YEAR","","COUNTY","FLORIDA","12","NORTHWEST","10","SANTA ROSA","113","","","00000000","","PEANUTS","PEANUTS - PRODUCTION, MEASURED IN LB","TOTAL","NOT SPECIFIED","53,774,000",""
"SURVEY","2003","YEAR","","COUNTY","FLORIDA","12","NORTHWEST","10","SANTA ROSA","113","","","00000000","","PEANUTS","PEANUTS - YIELD, MEASURED IN LB / ACRE","TOTAL","NOT SPECIFIED","3,340",""
"SURVEY","2003","YEAR","","COUNTY","FLORIDA","12","NORTHWEST","10","WALTON","131","","","00000000","","PEANUTS","PEANUTS - ACRES HARVESTED","TOTAL","NOT SPECIFIED","4,600",""
"SURVEY","2003","YEAR","","COUNTY","FLORIDA","12","NORTHWEST","10","WALTON","131","","","00000000","","PEANUTS","PEANUTS - ACRES PLANTED","TOTAL","NOT SPECIFIED","5,000",""
"SURVEY","2003","YEAR","","COUNTY","FLORIDA","12","NORTHWEST","10","WALTON","131","","","00000000","","PEANUTS","PEANUTS - PRODUCTION, MEASURED IN LB","TOTAL","NOT SPECIFIED","10,157,000",""
"SURVEY","2003","YEAR","","COUNTY","FLORIDA","12","NORTHWEST","10","WALTON","131","","","00000000","","PEANUTS","PEANUTS - YIELD, MEASURED IN LB / ACRE","TOTAL","NOT SPECIFIED","2,210",""
"SURVEY","2003","YEAR","","COUNTY","FLORIDA","12","NORTHWEST","10","WASHINGTON","133","","","00000000","","PEANUTS","PEANUTS - ACRES HARVESTED","TOTAL","NOT SPECIFIED","2,000",""
"SURVEY","2003","YEAR","","COUNTY","FLORIDA","12","NORTHWEST","10","WASHINGTON","133","","","00000000","","PEANUTS","PEANUTS - ACRES PLANTED","TOTAL","NOT SPECIFIED","2,100",""
"SURVEY","2003","YEAR","","COUNTY","FLORIDA","12","NORTHWEST","10","WASHINGTON","133","","","00000000","","PEANUTS","PEANUTS - PRODUCTION, MEASURED IN LB","TOTAL","NOT SPECIFIED","6,392,000",""
"SURVEY","2003","YEAR","","COUNTY","FLORIDA","12","NORTHWEST","10","WASHINGTON","133","","","00000000","","PEANUTS","PEANUTS - YIELD, MEASURED IN LB / ACRE","TOTAL","NOT SPECIFIED","3,195",""
"SURVEY","2002","YEAR","","COUNTY","FLORIDA","12","CENTRAL","50","ALACHUA","001","","","00000000","","PEANUTS","PEANUTS - ACRES HARVESTED","TOTAL","NOT SPECIFIED","1,000",""
"SURVEY","2002","YEAR","","COUNTY","FLORIDA","12","CENTRAL","50","ALACHUA","001","","","00000000","","PEANUTS","PEANUTS - ACRES PLANTED","TOTAL","NOT SPECIFIED","1,200",""
"SURVEY","2002","YEAR","","COUNTY","FLORIDA","12","CENTRAL","50","ALACHUA","001","","","00000000","","PEANUTS","PEANUTS - PRODUCTION, MEASURED IN LB","TOTAL","NOT SPECIFIED","1,739,000",""
"SURVEY","2002","YEAR","","COUNTY","FLORIDA","12","CENTRAL","50","ALACHUA","001","","","00000000","","PEANUTS","PEANUTS - YIELD, MEASURED IN LB / ACRE","TOTAL","NOT SPECIFIED","1,740",""
"SURVEY","2002","YEAR","","COUNTY","FLORIDA","12","CENTRAL","50","GILCHRIST","041","","","00000000","","PEANUTS","PEANUTS - ACRES HARVESTED","TOTAL","NOT SPECIFIED","1,900",""
"SURVEY","2002","YEAR","","COUNTY","FLORIDA","12","CENTRAL","50","GILCHRIST","041","","","00000000","","PEANUTS","PEANUTS - ACRES PLANTED","TOTAL","NOT SPECIFIED","2,100",""
"SURVEY","2002","YEAR","","COUNTY","FLORIDA","12","CENTRAL","50","GILCHRIST","041","","","00000000","","PEANUTS","PEANUTS - PRODUCTION, MEASURED IN LB","TOTAL","NOT SPECIFIED","3,165,000",""
"SURVEY","2002","YEAR","","COUNTY","FLORIDA","12","CENTRAL","50","GILCHRIST","041","","","00000000","","PEANUTS","PEANUTS - YIELD, MEASURED IN LB / ACRE","TOTAL","NOT SPECIFIED","1,665",""
"SURVEY","2002","YEAR","","COUNTY","FLORIDA","12","CENTRAL","50","LEVY","075","","","00000000","","PEANUTS","PEANUTS - ACRES HARVESTED","TOTAL","NOT SPECIFIED","11,700",""
"SURVEY","2002","YEAR","","COUNTY","FLORIDA","12","CENTRAL","50","LEVY","075","","","00000000","","PEANUTS","PEANUTS - ACRES PLANTED","TOTAL","NOT SPECIFIED","13,100",""
"SURVEY","2002","YEAR","","COUNTY","FLORIDA","12","CENTRAL","50","LEVY","075","","","00000000","","PEANUTS","PEANUTS - PRODUCTION, MEASURED IN LB","TOTAL","NOT SPECIFIED","24,624,000",""
"SURVEY","2002","YEAR","","COUNTY","FLORIDA","12","CENTRAL","50","LEVY","075","","","00000000","","PEANUTS","PEANUTS - YIELD, MEASURED IN LB / ACRE","TOTAL","NOT SPECIFIED","2,105",""
"SURVEY","2002","YEAR","","COUNTY","FLORIDA","12","CENTRAL","50","MARION","083","","","00000000","","PEANUTS","PEANUTS - ACRES HARVESTED","TOTAL","NOT SPECIFIED","6,700",""
"SURVEY","2002","YEAR","","COUNTY","FLORIDA","12","CENTRAL","50","MARION","083","","","00000000","","PEANUTS","PEANUTS - ACRES PLANTED","TOTAL","NOT SPECIFIED","7,400",""
"SURVEY","2002","YEAR","","COUNTY","FLORIDA","12","CENTRAL","50","MARION","083","","","00000000","","PEANUTS","PEANUTS - PRODUCTION, MEASURED IN LB","TOTAL","NOT SPECIFIED","12,306,000",""
"SURVEY","2002","YEAR","","COUNTY","FLORIDA","12","CENTRAL","50","MARION","083","","","00000000","","PEANUTS","PEANUTS - YIELD, MEASURED IN LB / ACRE","TOTAL","NOT SPECIFIED","1,835",""
"SURVEY","2002","YEAR","","COUNTY","FLORIDA","12","CENTRAL","50","OTHER (COMBINED) COUNTIES","","","","00000000","","PEANUTS","PEANUTS - ACRES HARVESTED","TOTAL","NOT SPECIFIED","1,700",""
"SURVEY","2002","YEAR","","COUNTY","FLORIDA","12","CENTRAL","50","OTHER (COMBINED) COUNTIES","","","","00000000","","PEANUTS","PEANUTS - ACRES PLANTED","TOTAL","NOT SPECIFIED","1,800",""
"SURVEY","2002","YEAR","","COUNTY","FLORIDA","12","CENTRAL","50","OTHER (COMBINED) COUNTIES","","","","00000000","","PEANUTS","PEANUTS - PRODUCTION, MEASURED IN LB","TOTAL","NOT SPECIFIED","3,435,000",""
"SURVEY","2002","YEAR","","COUNTY","FLORIDA","12","CENTRAL","50","OTHER (COMBINED) COUNTIES","","","","00000000","","PEANUTS","PEANUTS - YIELD, MEASURED IN LB / ACRE","TOTAL","NOT SPECIFIED","2,020",""
"SURVEY","2002","YEAR","","COUNTY","FLORIDA","12","NORTHEAST","30","COLUMBIA","023","","","00000000","","PEANUTS","PEANUTS - ACRES HARVESTED","TOTAL","NOT SPECIFIED","3,600",""
"SURVEY","2002","YEAR","","COUNTY","FLORIDA","12","NORTHEAST","30","COLUMBIA","023","","","00000000","","PEANUTS","PEANUTS - ACRES PLANTED","TOTAL","NOT SPECIFIED","4,000",""
"SURVEY","2002","YEAR","","COUNTY","FLORIDA","12","NORTHEAST","30","COLUMBIA","023","","","00000000","","PEANUTS","PEANUTS - PRODUCTION, MEASURED IN LB","TOTAL","NOT SPECIFIED","4,467,000",""
"SURVEY","2002","YEAR","","COUNTY","FLORIDA","12","NORTHEAST","30","COLUMBIA","023","","","00000000","","PEANUTS","PEANUTS - YIELD, MEASURED IN LB / ACRE","TOTAL","NOT SPECIFIED","1,240",""
"SURVEY","2002","YEAR","","COUNTY","FLORIDA","12","NORTHEAST","30","MADISON","079","","","00000000","","PEANUTS","PEANUTS - ACRES HARVESTED","TOTAL","NOT SPECIFIED","800",""
"SURVEY","2002","YEAR","","COUNTY","FLORIDA","12","NORTHEAST","30","MADISON","079","","","00000000","","PEANUTS","PEANUTS - ACRES PLANTED","TOTAL","NOT SPECIFIED","900",""
"SURVEY","2002","YEAR","","COUNTY","FLORIDA","12","NORTHEAST","30","MADISON","079","","","00000000","","PEANUTS","PEANUTS - PRODUCTION, MEASURED IN LB","TOTAL","NOT SPECIFIED","1,886,000",""
"SURVEY","2002","YEAR","","COUNTY","FLORIDA","12","NORTHEAST","30","MADISON","079","","","00000000","","PEANUTS","PEANUTS - YIELD, MEASURED IN LB / ACRE","TOTAL","NOT SPECIFIED","2,360",""
"SURVEY","2002","YEAR","","COUNTY","FLORIDA","12","NORTHEAST","30","OTHER (COMBINED) COUNTIES","","","","00000000","","PEANUTS","PEANUTS - ACRES HARVESTED","TOTAL","NOT SPECIFIED","400",""
"SURVEY","2002","YEAR","","COUNTY","FLORIDA","12","NORTHEAST","30","OTHER (COMBINED) COUNTIES","","","","00000000","","PEANUTS","PEANUTS - ACRES PLANTED","TOTAL","NOT SPECIFIED","500",""
"SURVEY","2002","YEAR","","COUNTY","FLORIDA","12","NORTHEAST","30","OTHER (COMBINED) COUNTIES","","","","00000000","","PEANUTS","PEANUTS - PRODUCTION, MEASURED IN LB","TOTAL","NOT SPECIFIED","1,041,000",""
"SURVEY","2002","YEAR","","COUNTY","FLORIDA","12","NORTHEAST","30","OTHER (COMBINED) COUNTIES","","","","00000000","","PEANUTS","PEANUTS - YIELD, MEASURED IN LB / ACRE","TOTAL","NOT SPECIFIED","2,605",""
"SURVEY","2002","YEAR","","COUNTY","FLORIDA","12","NORTHEAST","30","SUWANNEE","121","","","00000000","","PEANUTS","PEANUTS - ACRES HARVESTED","TOTAL","NOT SPECIFIED","3,600",""
"SURVEY","2002","YEAR","","COUNTY","FLORIDA","12","NORTHEAST","30","SUWANNEE","121","","","00000000","","PEANUTS","PEANUTS - ACRES PLANTED","TOTAL","NOT SPECIFIED","4,000",""
"SURVEY","2002","YEAR","","COUNTY","FLORIDA","12","NORTHEAST","30","SUWANNEE","121","","","00000000","","PEANUTS","PEANUTS - PRODUCTION, MEASURED IN LB","TOTAL","NOT SPECIFIED","9,352,000",""
"SURVEY","2002","YEAR","","COUNTY","FLORIDA","12","NORTHEAST","30","SUWANNEE","121","","","00000000","","PEANUTS","PEANUTS - YIELD, MEASURED IN LB / ACRE","TOTAL","NOT SPECIFIED","2,600",""
"SURVEY","2002","YEAR","","COUNTY","FLORIDA","12","NORTHWEST","10","CALHOUN","013","","","00000000","","PEANUTS","PEANUTS - ACRES HARVESTED","TOTAL","NOT SPECIFIED","3,200",""
"SURVEY","2002","YEAR","","COUNTY","FLORIDA","12","NORTHWEST","10","CALHOUN","013","","","00000000","","PEANUTS","PEANUTS - ACRES PLANTED","TOTAL","NOT SPECIFIED","3,600",""
"SURVEY","2002","YEAR","","COUNTY","FLORIDA","12","NORTHWEST","10","CALHOUN","013","","","00000000","","PEANUTS","PEANUTS - PRODUCTION, MEASURED IN LB","TOTAL","NOT SPECIFIED","7,634,000",""
"SURVEY","2002","YEAR","","COUNTY","FLORIDA","12","NORTHWEST","10","CALHOUN","013","","","00000000","","PEANUTS","PEANUTS - YIELD, MEASURED IN LB / ACRE","TOTAL","NOT SPECIFIED","2,385",""
"SURVEY","2002","YEAR","","COUNTY","FLORIDA","12","NORTHWEST","10","ESCAMBIA","033","","","00000000","","PEANUTS","PEANUTS - ACRES HARVESTED","TOTAL","NOT SPECIFIED","1,700",""
"SURVEY","2002","YEAR","","COUNTY","FLORIDA","12","NORTHWEST","10","ESCAMBIA","033","","","00000000","","PEANUTS","PEANUTS - ACRES PLANTED","TOTAL","NOT SPECIFIED","1,900",""
"SURVEY","2002","YEAR","","COUNTY","FLORIDA","12","NORTHWEST","10","ESCAMBIA","033","","","00000000","","PEANUTS","PEANUTS - PRODUCTION, MEASURED IN LB","TOTAL","NOT SPECIFIED","5,498,000",""
"SURVEY","2002","YEAR","","COUNTY","FLORIDA","12","NORTHWEST","10","ESCAMBIA","033","","","00000000","","PEANUTS","PEANUTS - YIELD, MEASURED IN LB / ACRE","TOTAL","NOT SPECIFIED","3,235",""
"SURVEY","2002","YEAR","","COUNTY","FLORIDA","12","NORTHWEST","10","GADSDEN","039","","","00000000","","PEANUTS","PEANUTS - ACRES HARVESTED","TOTAL","NOT SPECIFIED","400",""
"SURVEY","2002","YEAR","","COUNTY","FLORIDA","12","NORTHWEST","10","GADSDEN","039","","","00000000","","PEANUTS","PEANUTS - ACRES PLANTED","TOTAL","NOT SPECIFIED","400",""
"SURVEY","2002","YEAR","","COUNTY","FLORIDA","12","NORTHWEST","10","GADSDEN","039","","","00000000","","PEANUTS","PEANUTS - PRODUCTION, MEASURED IN LB","TOTAL","NOT SPECIFIED","749,000",""
"SURVEY","2002","YEAR","","COUNTY","FLORIDA","12","NORTHWEST","10","GADSDEN","039","","","00000000","","PEANUTS","PEANUTS - YIELD, MEASURED IN LB / ACRE","TOTAL","NOT SPECIFIED","1,875",""
"SURVEY","2002","YEAR","","COUNTY","FLORIDA","12","NORTHWEST","10","HOLMES","059","","","00000000","","PEANUTS","PEANUTS - ACRES HARVESTED","TOTAL","NOT SPECIFIED","3,400",""
"SURVEY","2002","YEAR","","COUNTY","FLORIDA","12","NORTHWEST","10","HOLMES","059","","","00000000","","PEANUTS","PEANUTS - ACRES PLANTED","TOTAL","NOT SPECIFIED","3,700",""
"SURVEY","2002","YEAR","","COUNTY","FLORIDA","12","NORTHWEST","10","HOLMES","059","","","00000000","","PEANUTS","PEANUTS - PRODUCTION, MEASURED IN LB","TOTAL","NOT SPECIFIED","6,533,000",""
"SURVEY","2002","YEAR","","COUNTY","FLORIDA","12","NORTHWEST","10","HOLMES","059","","","00000000","","PEANUTS","PEANUTS - YIELD, MEASURED IN LB / ACRE","TOTAL","NOT SPECIFIED","1,920",""
"SURVEY","2002","YEAR","","COUNTY","FLORIDA","12","NORTHWEST","10","JACKSON","063","","","00000000","","PEANUTS","PEANUTS - ACRES HARVESTED","TOTAL","NOT SPECIFIED","25,000",""
"SURVEY","2002","YEAR","","COUNTY","FLORIDA","12","NORTHWEST","10","JACKSON","063","","","00000000","","PEANUTS","PEANUTS - ACRES PLANTED","TOTAL","NOT SPECIFIED","28,000",""
"SURVEY","2002","YEAR","","COUNTY","FLORIDA","12","NORTHWEST","10","JACKSON","063","","","00000000","","PEANUTS","PEANUTS - PRODUCTION, MEASURED IN LB","TOTAL","NOT SPECIFIED","59,941,000",""
"SURVEY","2002","YEAR","","COUNTY","FLORIDA","12","NORTHWEST","10","JACKSON","063","","","00000000","","PEANUTS","PEANUTS - YIELD, MEASURED IN LB / ACRE","TOTAL","NOT SPECIFIED","2,400",""
"SURVEY","2002","YEAR","","COUNTY","FLORIDA","12","NORTHWEST","10","JEFFERSON","065","","","00000000","","PEANUTS","PEANUTS - ACRES HARVESTED","TOTAL","NOT SPECIFIED","600",""
"SURVEY","2002","YEAR","","COUNTY","FLORIDA","12","NORTHWEST","10","JEFFERSON","065","","","00000000","","PEANUTS","PEANUTS - ACRES PLANTED","TOTAL","NOT SPECIFIED","700",""
"SURVEY","2002","YEAR","","COUNTY","FLORIDA","12","NORTHWEST","10","JEFFERSON","065","","","00000000","","PEANUTS","PEANUTS - PRODUCTION, MEASURED IN LB","TOTAL","NOT SPECIFIED","1,527,000",""
"SURVEY","2002","YEAR","","COUNTY","FLORIDA","12","NORTHWEST","10","JEFFERSON","065","","","00000000","","PEANUTS","PEANUTS - YIELD, MEASURED IN LB / ACRE","TOTAL","NOT SPECIFIED","2,545",""
"SURVEY","2002","YEAR","","COUNTY","FLORIDA","12","NORTHWEST","10","OKALOOSA","091","","","00000000","","PEANUTS","PEANUTS - ACRES HARVESTED","TOTAL","NOT SPECIFIED","2,000",""
"SURVEY","2002","YEAR","","COUNTY","FLORIDA","12","NORTHWEST","10","OKALOOSA","091","","","00000000","","PEANUTS","PEANUTS - ACRES PLANTED","TOTAL","NOT SPECIFIED","2,200",""
"SURVEY","2002","YEAR","","COUNTY","FLORIDA","12","NORTHWEST","10","OKALOOSA","091","","","00000000","","PEANUTS","PEANUTS - PRODUCTION, MEASURED IN LB","TOTAL","NOT SPECIFIED","5,228,000",""
"SURVEY","2002","YEAR","","COUNTY","FLORIDA","12","NORTHWEST","10","OKALOOSA","091","","","00000000","","PEANUTS","PEANUTS - YIELD, MEASURED IN LB / ACRE","TOTAL","NOT SPECIFIED","2,615",""
"SURVEY","2002","YEAR","","COUNTY","FLORIDA","12","NORTHWEST","10","OTHER (COMBINED) COUNTIES","","","","00000000","","PEANUTS","PEANUTS - ACRES HARVESTED","TOTAL","NOT SPECIFIED","200",""
"SURVEY","2002","YEAR","","COUNTY","FLORIDA","12","NORTHWEST","10","OTHER (COMBINED) COUNTIES","","","","00000000","","PEANUTS","PEANUTS - ACRES PLANTED","TOTAL","NOT SPECIFIED","200",""
"SURVEY","2002","YEAR","","COUNTY","FLORIDA","12","NORTHWEST","10","OTHER (COMBINED) COUNTIES","","","","00000000","","PEANUTS","PEANUTS - PRODUCTION, MEASURED IN LB","TOTAL","NOT SPECIFIED","444,000",""
"SURVEY","2002","YEAR","","COUNTY","FLORIDA","12","NORTHWEST","10","OTHER (COMBINED) COUNTIES","","","","00000000","","PEANUTS","PEANUTS - YIELD, MEASURED IN LB / ACRE","TOTAL","NOT SPECIFIED","2,220",""
"SURVEY","2002","YEAR","","COUNTY","FLORIDA","12","NORTHWEST","10","SANTA ROSA","113","","","00000000","","PEANUTS","PEANUTS - ACRES HARVESTED","TOTAL","NOT SPECIFIED","11,500",""
"SURVEY","2002","YEAR","","COUNTY","FLORIDA","12","NORTHWEST","10","SANTA ROSA","113","","","00000000","","PEANUTS","PEANUTS - ACRES PLANTED","TOTAL","NOT SPECIFIED","12,900",""
"SURVEY","2002","YEAR","","COUNTY","FLORIDA","12","NORTHWEST","10","SANTA ROSA","113","","","00000000","","PEANUTS","PEANUTS - PRODUCTION, MEASURED IN LB","TOTAL","NOT SPECIFIED","32,510,000",""
"SURVEY","2002","YEAR","","COUNTY","FLORIDA","12","NORTHWEST","10","SANTA ROSA","113","","","00000000","","PEANUTS","PEANUTS - YIELD, MEASURED IN LB / ACRE","TOTAL","NOT SPECIFIED","2,825",""
"SURVEY","2002","YEAR","","COUNTY","FLORIDA","12","NORTHWEST","10","WALTON","131","","","00000000","","PEANUTS","PEANUTS - ACRES HARVESTED","TOTAL","NOT SPECIFIED","5,100",""
"SURVEY","2002","YEAR","","COUNTY","FLORIDA","12","NORTHWEST","10","WALTON","131","","","00000000","","PEANUTS","PEANUTS - ACRES PLANTED","TOTAL","NOT SPECIFIED","5,700",""
"SURVEY","2002","YEAR","","COUNTY","FLORIDA","12","NORTHWEST","10","WALTON","131","","","00000000","","PEANUTS","PEANUTS - PRODUCTION, MEASURED IN LB","TOTAL","NOT SPECIFIED","11,044,000",""
"SURVEY","2002","YEAR","","COUNTY","FLORIDA","12","NORTHWEST","10","WALTON","131","","","00000000","","PEANUTS","PEANUTS - YIELD, MEASURED IN LB / ACRE","TOTAL","NOT SPECIFIED","2,165",""
"SURVEY","2002","YEAR","","COUNTY","FLORIDA","12","NORTHWEST","10","WASHINGTON","133","","","00000000","","PEANUTS","PEANUTS - ACRES HARVESTED","TOTAL","NOT SPECIFIED","1,500",""
"SURVEY","2002","YEAR","","COUNTY","FLORIDA","12","NORTHWEST","10","WASHINGTON","133","","","00000000","","PEANUTS","PEANUTS - ACRES PLANTED","TOTAL","NOT SPECIFIED","1,700",""
"SURVEY","2002","YEAR","","COUNTY","FLORIDA","12","NORTHWEST","10","WASHINGTON","133","","","00000000","","PEANUTS","PEANUTS - PRODUCTION, MEASURED IN LB","TOTAL","NOT SPECIFIED","4,677,000",""
"SURVEY","2002","YEAR","","COUNTY","FLORIDA","12","NORTHWEST","10","WASHINGTON","133","","","00000000","","PEANUTS","PEANUTS - YIELD, MEASURED IN LB / ACRE","TOTAL","NOT SPECIFIED","3,120",""
"SURVEY","2001","YEAR","","COUNTY","FLORIDA","12","CENTRAL","50","ALACHUA","001","","","00000000","","PEANUTS","PEANUTS - ACRES HARVESTED","TOTAL","NOT SPECIFIED","1,700",""
"SURVEY","2001","YEAR","","COUNTY","FLORIDA","12","CENTRAL","50","ALACHUA","001","","","00000000","","PEANUTS","PEANUTS - ACRES PLANTED","TOTAL","NOT SPECIFIED","1,800",""
"SURVEY","2001","YEAR","","COUNTY","FLORIDA","12","CENTRAL","50","ALACHUA","001","","","00000000","","PEANUTS","PEANUTS - PRODUCTION, MEASURED IN LB","TOTAL","NOT SPECIFIED","4,355,000",""
"SURVEY","2001","YEAR","","COUNTY","FLORIDA","12","CENTRAL","50","ALACHUA","001","","","00000000","","PEANUTS","PEANUTS - YIELD, MEASURED IN LB / ACRE","TOTAL","NOT SPECIFIED","2,560",""
"SURVEY","2001","YEAR","","COUNTY","FLORIDA","12","CENTRAL","50","GILCHRIST","041","","","00000000","","PEANUTS","PEANUTS - ACRES HARVESTED","TOTAL","NOT SPECIFIED","800",""
"SURVEY","2001","YEAR","","COUNTY","FLORIDA","12","CENTRAL","50","GILCHRIST","041","","","00000000","","PEANUTS","PEANUTS - ACRES PLANTED","TOTAL","NOT SPECIFIED","800",""
"SURVEY","2001","YEAR","","COUNTY","FLORIDA","12","CENTRAL","50","GILCHRIST","041","","","00000000","","PEANUTS","PEANUTS - PRODUCTION, MEASURED IN LB","TOTAL","NOT SPECIFIED","1,972,000",""
"SURVEY","2001","YEAR","","COUNTY","FLORIDA","12","CENTRAL","50","GILCHRIST","041","","","00000000","","PEANUTS","PEANUTS - YIELD, MEASURED IN LB / ACRE","TOTAL","NOT SPECIFIED","2,465",""
"SURVEY","2001","YEAR","","COUNTY","FLORIDA","12","CENTRAL","50","LEVY","075","","","00000000","","PEANUTS","PEANUTS - ACRES HARVESTED","TOTAL","NOT SPECIFIED","11,000",""
"SURVEY","2001","YEAR","","COUNTY","FLORIDA","12","CENTRAL","50","LEVY","075","","","00000000","","PEANUTS","PEANUTS - ACRES PLANTED","TOTAL","NOT SPECIFIED","12,200",""
"SURVEY","2001","YEAR","","COUNTY","FLORIDA","12","CENTRAL","50","LEVY","075","","","00000000","","PEANUTS","PEANUTS - PRODUCTION, MEASURED IN LB","TOTAL","NOT SPECIFIED","34,753,000",""
"SURVEY","2001","YEAR","","COUNTY","FLORIDA","12","CENTRAL","50","LEVY","075","","","00000000","","PEANUTS","PEANUTS - YIELD, MEASURED IN LB / ACRE","TOTAL","NOT SPECIFIED","3,160",""
"SURVEY","2001","YEAR","","COUNTY","FLORIDA","12","CENTRAL","50","MARION","083","","","00000000","","PEANUTS","PEANUTS - ACRES HARVESTED","TOTAL","NOT SPECIFIED","5,000",""
"SURVEY","2001","YEAR","","COUNTY","FLORIDA","12","CENTRAL","50","MARION","083","","","00000000","","PEANUTS","PEANUTS - ACRES PLANTED","TOTAL","NOT SPECIFIED","5,500",""
"SURVEY","2001","YEAR","","COUNTY","FLORIDA","12","CENTRAL","50","MARION","083","","","00000000","","PEANUTS","PEANUTS - PRODUCTION, MEASURED IN LB","TOTAL","NOT SPECIFIED","13,840,000",""
"SURVEY","2001","YEAR","","COUNTY","FLORIDA","12","CENTRAL","50","MARION","083","","","00000000","","PEANUTS","PEANUTS - YIELD, MEASURED IN LB / ACRE","TOTAL","NOT SPECIFIED","2,770",""
"SURVEY","2001","YEAR","","COUNTY","FLORIDA","12","NORTHEAST","30","COLUMBIA","023","","","00000000","","PEANUTS","PEANUTS - ACRES HARVESTED","TOTAL","NOT SPECIFIED","3,900",""
"SURVEY","2001","YEAR","","COUNTY","FLORIDA","12","NORTHEAST","30","COLUMBIA","023","","","00000000","","PEANUTS","PEANUTS - ACRES PLANTED","TOTAL","NOT SPECIFIED","4,300",""
"SURVEY","2001","YEAR","","COUNTY","FLORIDA","12","NORTHEAST","30","COLUMBIA","023","","","00000000","","PEANUTS","PEANUTS - PRODUCTION, MEASURED IN LB","TOTAL","NOT SPECIFIED","6,039,000",""
"SURVEY","2001","YEAR","","COUNTY","FLORIDA","12","NORTHEAST","30","COLUMBIA","023","","","00000000","","PEANUTS","PEANUTS - YIELD, MEASURED IN LB / ACRE","TOTAL","NOT SPECIFIED","1,550",""
"SURVEY","2001","YEAR","","COUNTY","FLORIDA","12","NORTHEAST","30","MADISON","079","","","00000000","","PEANUTS","PEANUTS - ACRES HARVESTED","TOTAL","NOT SPECIFIED","400",""
"SURVEY","2001","YEAR","","COUNTY","FLORIDA","12","NORTHEAST","30","MADISON","079","","","00000000","","PEANUTS","PEANUTS - ACRES PLANTED","TOTAL","NOT SPECIFIED","500",""
"SURVEY","2001","YEAR","","COUNTY","FLORIDA","12","NORTHEAST","30","MADISON","079","","","00000000","","PEANUTS","PEANUTS - PRODUCTION, MEASURED IN LB","TOTAL","NOT SPECIFIED","1,177,000",""
"SURVEY","2001","YEAR","","COUNTY","FLORIDA","12","NORTHEAST","30","MADISON","079","","","00000000","","PEANUTS","PEANUTS - YIELD, MEASURED IN LB / ACRE","TOTAL","NOT SPECIFIED","2,945",""
"SURVEY","2001","YEAR","","COUNTY","FLORIDA","12","NORTHEAST","30","OTHER (COMBINED) COUNTIES","","","","00000000","","PEANUTS","PEANUTS - ACRES HARVESTED","TOTAL","NOT SPECIFIED","500",""
"SURVEY","2001","YEAR","","COUNTY","FLORIDA","12","NORTHEAST","30","OTHER (COMBINED) COUNTIES","","","","00000000","","PEANUTS","PEANUTS - ACRES PLANTED","TOTAL","NOT SPECIFIED","500",""
"SURVEY","2001","YEAR","","COUNTY","FLORIDA","12","NORTHEAST","30","OTHER (COMBINED) COUNTIES","","","","00000000","","PEANUTS","PEANUTS - PRODUCTION, MEASURED IN LB","TOTAL","NOT SPECIFIED","1,625,000",""
"SURVEY","2001","YEAR","","COUNTY","FLORIDA","12","NORTHEAST","30","OTHER (COMBINED) COUNTIES","","","","00000000","","PEANUTS","PEANUTS - YIELD, MEASURED IN LB / ACRE","TOTAL","NOT SPECIFIED","3,250",""
"SURVEY","2001","YEAR","","COUNTY","FLORIDA","12","NORTHEAST","30","SUWANNEE","121","","","00000000","","PEANUTS","PEANUTS - ACRES HARVESTED","TOTAL","NOT SPECIFIED","4,000",""
"SURVEY","2001","YEAR","","COUNTY","FLORIDA","12","NORTHEAST","30","SUWANNEE","121","","","00000000","","PEANUTS","PEANUTS - ACRES PLANTED","TOTAL","NOT SPECIFIED","4,300",""
"SURVEY","2001","YEAR","","COUNTY","FLORIDA","12","NORTHEAST","30","SUWANNEE","121","","","00000000","","PEANUTS","PEANUTS - PRODUCTION, MEASURED IN LB","TOTAL","NOT SPECIFIED","12,971,000",""
"SURVEY","2001","YEAR","","COUNTY","FLORIDA","12","NORTHEAST","30","SUWANNEE","121","","","00000000","","PEANUTS","PEANUTS - YIELD, MEASURED IN LB / ACRE","TOTAL","NOT SPECIFIED","3,245",""
"SURVEY","2001","YEAR","","COUNTY","FLORIDA","12","NORTHWEST","10","CALHOUN","013","","","00000000","","PEANUTS","PEANUTS - ACRES HARVESTED","TOTAL","NOT SPECIFIED","3,500",""
"SURVEY","2001","YEAR","","COUNTY","FLORIDA","12","NORTHWEST","10","CALHOUN","013","","","00000000","","PEANUTS","PEANUTS - ACRES PLANTED","TOTAL","NOT SPECIFIED","3,800",""
"SURVEY","2001","YEAR","","COUNTY","FLORIDA","12","NORTHWEST","10","CALHOUN","013","","","00000000","","PEANUTS","PEANUTS - PRODUCTION, MEASURED IN LB","TOTAL","NOT SPECIFIED","10,436,000",""
"SURVEY","2001","YEAR","","COUNTY","FLORIDA","12","NORTHWEST","10","CALHOUN","013","","","00000000","","PEANUTS","PEANUTS - YIELD, MEASURED IN LB / ACRE","TOTAL","NOT SPECIFIED","2,980",""
"SURVEY","2001","YEAR","","COUNTY","FLORIDA","12","NORTHWEST","10","ESCAMBIA","033","","","00000000","","PEANUTS","PEANUTS - ACRES HARVESTED","TOTAL","NOT SPECIFIED","500",""
"SURVEY","2001","YEAR","","COUNTY","FLORIDA","12","NORTHWEST","10","ESCAMBIA","033","","","00000000","","PEANUTS","PEANUTS - ACRES PLANTED","TOTAL","NOT SPECIFIED","600",""
"SURVEY","2001","YEAR","","COUNTY","FLORIDA","12","NORTHWEST","10","ESCAMBIA","033","","","00000000","","PEANUTS","PEANUTS - PRODUCTION, MEASURED IN LB","TOTAL","NOT SPECIFIED","2,019,000",""
"SURVEY","2001","YEAR","","COUNTY","FLORIDA","12","NORTHWEST","10","ESCAMBIA","033","","","00000000","","PEANUTS","PEANUTS - YIELD, MEASURED IN LB / ACRE","TOTAL","NOT SPECIFIED","4,040",""
"SURVEY","2001","YEAR","","COUNTY","FLORIDA","12","NORTHWEST","10","GADSDEN","039","","","00000000","","PEANUTS","PEANUTS - ACRES HARVESTED","TOTAL","NOT SPECIFIED","400",""
"SURVEY","2001","YEAR","","COUNTY","FLORIDA","12","NORTHWEST","10","GADSDEN","039","","","00000000","","PEANUTS","PEANUTS - ACRES PLANTED","TOTAL","NOT SPECIFIED","500",""
"SURVEY","2001","YEAR","","COUNTY","FLORIDA","12","NORTHWEST","10","GADSDEN","039","","","00000000","","PEANUTS","PEANUTS - PRODUCTION, MEASURED IN LB","TOTAL","NOT SPECIFIED","935,000",""
"SURVEY","2001","YEAR","","COUNTY","FLORIDA","12","NORTHWEST","10","GADSDEN","039","","","00000000","","PEANUTS","PEANUTS - YIELD, MEASURED IN LB / ACRE","TOTAL","NOT SPECIFIED","2,340",""
"SURVEY","2001","YEAR","","COUNTY","FLORIDA","12","NORTHWEST","10","HOLMES","059","","","00000000","","PEANUTS","PEANUTS - ACRES HARVESTED","TOTAL","NOT SPECIFIED","3,900",""
"SURVEY","2001","YEAR","","COUNTY","FLORIDA","12","NORTHWEST","10","HOLMES","059","","","00000000","","PEANUTS","PEANUTS - ACRES PLANTED","TOTAL","NOT SPECIFIED","4,300",""
"SURVEY","2001","YEAR","","COUNTY","FLORIDA","12","NORTHWEST","10","HOLMES","059","","","00000000","","PEANUTS","PEANUTS - PRODUCTION, MEASURED IN LB","TOTAL","NOT SPECIFIED","9,360,000",""
"SURVEY","2001","YEAR","","COUNTY","FLORIDA","12","NORTHWEST","10","HOLMES","059","","","00000000","","PEANUTS","PEANUTS - YIELD, MEASURED IN LB / ACRE","TOTAL","NOT SPECIFIED","2,400",""
"SURVEY","2001","YEAR","","COUNTY","FLORIDA","12","NORTHWEST","10","JACKSON","063","","","00000000","","PEANUTS","PEANUTS - ACRES HARVESTED","TOTAL","NOT SPECIFIED","27,600",""
"SURVEY","2001","YEAR","","COUNTY","FLORIDA","12","NORTHWEST","10","JACKSON","063","","","00000000","","PEANUTS","PEANUTS - ACRES PLANTED","TOTAL","NOT SPECIFIED","30,400",""
"SURVEY","2001","YEAR","","COUNTY","FLORIDA","12","NORTHWEST","10","JACKSON","063","","","00000000","","PEANUTS","PEANUTS - PRODUCTION, MEASURED IN LB","TOTAL","NOT SPECIFIED","82,620,000",""
"SURVEY","2001","YEAR","","COUNTY","FLORIDA","12","NORTHWEST","10","JACKSON","063","","","00000000","","PEANUTS","PEANUTS - YIELD, MEASURED IN LB / ACRE","TOTAL","NOT SPECIFIED","2,995",""
"SURVEY","2001","YEAR","","COUNTY","FLORIDA","12","NORTHWEST","10","JEFFERSON","065","","","00000000","","PEANUTS","PEANUTS - ACRES HARVESTED","TOTAL","NOT SPECIFIED","800",""
"SURVEY","2001","YEAR","","COUNTY","FLORIDA","12","NORTHWEST","10","JEFFERSON","065","","","00000000","","PEANUTS","PEANUTS - ACRES PLANTED","TOTAL","NOT SPECIFIED","800",""
"SURVEY","2001","YEAR","","COUNTY","FLORIDA","12","NORTHWEST","10","JEFFERSON","065","","","00000000","","PEANUTS","PEANUTS - PRODUCTION, MEASURED IN LB","TOTAL","NOT SPECIFIED","2,544,000",""
"SURVEY","2001","YEAR","","COUNTY","FLORIDA","12","NORTHWEST","10","JEFFERSON","065","","","00000000","","PEANUTS","PEANUTS - YIELD, MEASURED IN LB / ACRE","TOTAL","NOT SPECIFIED","3,180",""
"SURVEY","2001","YEAR","","COUNTY","FLORIDA","12","NORTHWEST","10","OKALOOSA","091","","","00000000","","PEANUTS","PEANUTS - ACRES HARVESTED","TOTAL","NOT SPECIFIED","1,700",""
"SURVEY","2001","YEAR","","COUNTY","FLORIDA","12","NORTHWEST","10","OKALOOSA","091","","","00000000","","PEANUTS","PEANUTS - ACRES PLANTED","TOTAL","NOT SPECIFIED","1,800",""
"SURVEY","2001","YEAR","","COUNTY","FLORIDA","12","NORTHWEST","10","OKALOOSA","091","","","00000000","","PEANUTS","PEANUTS - PRODUCTION, MEASURED IN LB","TOTAL","NOT SPECIFIED","5,547,000",""
"SURVEY","2001","YEAR","","COUNTY","FLORIDA","12","NORTHWEST","10","OKALOOSA","091","","","00000000","","PEANUTS","PEANUTS - YIELD, MEASURED IN LB / ACRE","TOTAL","NOT SPECIFIED","3,265",""
"SURVEY","2001","YEAR","","COUNTY","FLORIDA","12","NORTHWEST","10","OTHER (COMBINED) COUNTIES","","","","00000000","","PEANUTS","PEANUTS - ACRES HARVESTED","TOTAL","NOT SPECIFIED","500",""
"SURVEY","2001","YEAR","","COUNTY","FLORIDA","12","NORTHWEST","10","OTHER (COMBINED) COUNTIES","","","","00000000","","PEANUTS","PEANUTS - ACRES PLANTED","TOTAL","NOT SPECIFIED","500",""
"SURVEY","2001","YEAR","","COUNTY","FLORIDA","12","NORTHWEST","10","OTHER (COMBINED) COUNTIES","","","","00000000","","PEANUTS","PEANUTS - PRODUCTION, MEASURED IN LB","TOTAL","NOT SPECIFIED","1,385,000",""
"SURVEY","2001","YEAR","","COUNTY","FLORIDA","12","NORTHWEST","10","OTHER (COMBINED) COUNTIES","","","","00000000","","PEANUTS","PEANUTS - YIELD, MEASURED IN LB / ACRE","TOTAL","NOT SPECIFIED","2,770",""
"SURVEY","2001","YEAR","","COUNTY","FLORIDA","12","NORTHWEST","10","SANTA ROSA","113","","","00000000","","PEANUTS","PEANUTS - ACRES HARVESTED","TOTAL","NOT SPECIFIED","10,400",""
"SURVEY","2001","YEAR","","COUNTY","FLORIDA","12","NORTHWEST","10","SANTA ROSA","113","","","00000000","","PEANUTS","PEANUTS - ACRES PLANTED","TOTAL","NOT SPECIFIED","11,400",""
"SURVEY","2001","YEAR","","COUNTY","FLORIDA","12","NORTHWEST","10","SANTA ROSA","113","","","00000000","","PEANUTS","PEANUTS - PRODUCTION, MEASURED IN LB","TOTAL","NOT SPECIFIED","41,784,000",""
"SURVEY","2001","YEAR","","COUNTY","FLORIDA","12","NORTHWEST","10","SANTA ROSA","113","","","00000000","","PEANUTS","PEANUTS - YIELD, MEASURED IN LB / ACRE","TOTAL","NOT SPECIFIED","4,020",""
"SURVEY","2001","YEAR","","COUNTY","FLORIDA","12","NORTHWEST","10","WALTON","131","","","00000000","","PEANUTS","PEANUTS - ACRES HARVESTED","TOTAL","NOT SPECIFIED","3,600",""
"SURVEY","2001","YEAR","","COUNTY","FLORIDA","12","NORTHWEST","10","WALTON","131","","","00000000","","PEANUTS","PEANUTS - ACRES PLANTED","TOTAL","NOT SPECIFIED","4,000",""
"SURVEY","2001","YEAR","","COUNTY","FLORIDA","12","NORTHWEST","10","WALTON","131","","","00000000","","PEANUTS","PEANUTS - PRODUCTION, MEASURED IN LB","TOTAL","NOT SPECIFIED","9,730,000",""
"SURVEY","2001","YEAR","","COUNTY","FLORIDA","12","NORTHWEST","10","WALTON","131","","","00000000","","PEANUTS","PEANUTS - YIELD, MEASURED IN LB / ACRE","TOTAL","NOT SPECIFIED","2,705",""
"SURVEY","2001","YEAR","","COUNTY","FLORIDA","12","NORTHWEST","10","WASHINGTON","133","","","00000000","","PEANUTS","PEANUTS - ACRES HARVESTED","TOTAL","NOT SPECIFIED","1,800",""
"SURVEY","2001","YEAR","","COUNTY","FLORIDA","12","NORTHWEST","10","WASHINGTON","133","","","00000000","","PEANUTS","PEANUTS - ACRES PLANTED","TOTAL","NOT SPECIFIED","2,000",""
"SURVEY","2001","YEAR","","COUNTY","FLORIDA","12","NORTHWEST","10","WASHINGTON","133","","","00000000","","PEANUTS","PEANUTS - PRODUCTION, MEASURED IN LB","TOTAL","NOT SPECIFIED","7,008,000",""
"SURVEY","2001","YEAR","","COUNTY","FLORIDA","12","NORTHWEST","10","WASHINGTON","133","","","00000000","","PEANUTS","PEANUTS - YIELD, MEASURED IN LB / ACRE","TOTAL","NOT SPECIFIED","3,895",""
"SURVEY","2000","YEAR","","COUNTY","FLORIDA","12","CENTRAL","50","ALACHUA","001","","","00000000","","PEANUTS","PEANUTS - ACRES HARVESTED","TOTAL","NOT SPECIFIED","1,900",""
"SURVEY","2000","YEAR","","COUNTY","FLORIDA","12","CENTRAL","50","ALACHUA","001","","","00000000","","PEANUTS","PEANUTS - ACRES PLANTED","TOTAL","NOT SPECIFIED","2,100",""
"SURVEY","2000","YEAR","","COUNTY","FLORIDA","12","CENTRAL","50","ALACHUA","001","","","00000000","","PEANUTS","PEANUTS - PRODUCTION, MEASURED IN LB","TOTAL","NOT SPECIFIED","4,612,000",""
"SURVEY","2000","YEAR","","COUNTY","FLORIDA","12","CENTRAL","50","ALACHUA","001","","","00000000","","PEANUTS","PEANUTS - YIELD, MEASURED IN LB / ACRE","TOTAL","NOT SPECIFIED","2,425",""
"SURVEY","2000","YEAR","","COUNTY","FLORIDA","12","CENTRAL","50","GILCHRIST","041","","","00000000","","PEANUTS","PEANUTS - ACRES HARVESTED","TOTAL","NOT SPECIFIED","400",""
"SURVEY","2000","YEAR","","COUNTY","FLORIDA","12","CENTRAL","50","GILCHRIST","041","","","00000000","","PEANUTS","PEANUTS - ACRES PLANTED","TOTAL","NOT SPECIFIED","400",""
"SURVEY","2000","YEAR","","COUNTY","FLORIDA","12","CENTRAL","50","GILCHRIST","041","","","00000000","","PEANUTS","PEANUTS - PRODUCTION, MEASURED IN LB","TOTAL","NOT SPECIFIED","512,000",""
"SURVEY","2000","YEAR","","COUNTY","FLORIDA","12","CENTRAL","50","GILCHRIST","041","","","00000000","","PEANUTS","PEANUTS - YIELD, MEASURED IN LB / ACRE","TOTAL","NOT SPECIFIED","1,280",""
"SURVEY","2000","YEAR","","COUNTY","FLORIDA","12","CENTRAL","50","LEVY","075","","","00000000","","PEANUTS","PEANUTS - ACRES HARVESTED","TOTAL","NOT SPECIFIED","11,100",""
"SURVEY","2000","YEAR","","COUNTY","FLORIDA","12","CENTRAL","50","LEVY","075","","","00000000","","PEANUTS","PEANUTS - ACRES PLANTED","TOTAL","NOT SPECIFIED","11,900",""
"SURVEY","2000","YEAR","","COUNTY","FLORIDA","12","CENTRAL","50","LEVY","075","","","00000000","","PEANUTS","PEANUTS - PRODUCTION, MEASURED IN LB","TOTAL","NOT SPECIFIED","34,176,000",""
"SURVEY","2000","YEAR","","COUNTY","FLORIDA","12","CENTRAL","50","LEVY","075","","","00000000","","PEANUTS","PEANUTS - YIELD, MEASURED IN LB / ACRE","TOTAL","NOT SPECIFIED","3,080",""
"SURVEY","2000","YEAR","","COUNTY","FLORIDA","12","CENTRAL","50","MARION","083","","","00000000","","PEANUTS","PEANUTS - ACRES HARVESTED","TOTAL","NOT SPECIFIED","5,000",""
"SURVEY","2000","YEAR","","COUNTY","FLORIDA","12","CENTRAL","50","MARION","083","","","00000000","","PEANUTS","PEANUTS - ACRES PLANTED","TOTAL","NOT SPECIFIED","5,400",""
"SURVEY","2000","YEAR","","COUNTY","FLORIDA","12","CENTRAL","50","MARION","083","","","00000000","","PEANUTS","PEANUTS - PRODUCTION, MEASURED IN LB","TOTAL","NOT SPECIFIED","13,611,000",""
"SURVEY","2000","YEAR","","COUNTY","FLORIDA","12","CENTRAL","50","MARION","083","","","00000000","","PEANUTS","PEANUTS - YIELD, MEASURED IN LB / ACRE","TOTAL","NOT SPECIFIED","2,720",""
"SURVEY","2000","YEAR","","COUNTY","FLORIDA","12","CENTRAL","50","OTHER (COMBINED) COUNTIES","","","","00000000","","PEANUTS","PEANUTS - ACRES HARVESTED","TOTAL","NOT SPECIFIED","100",""
"SURVEY","2000","YEAR","","COUNTY","FLORIDA","12","CENTRAL","50","OTHER (COMBINED) COUNTIES","","","","00000000","","PEANUTS","PEANUTS - ACRES PLANTED","TOTAL","NOT SPECIFIED","1,100",""
"SURVEY","2000","YEAR","","COUNTY","FLORIDA","12","CENTRAL","50","OTHER (COMBINED) COUNTIES","","","","00000000","","PEANUTS","PEANUTS - PRODUCTION, MEASURED IN LB","TOTAL","NOT SPECIFIED","258,000",""
"SURVEY","2000","YEAR","","COUNTY","FLORIDA","12","CENTRAL","50","OTHER (COMBINED) COUNTIES","","","","00000000","","PEANUTS","PEANUTS - YIELD, MEASURED IN LB / ACRE","TOTAL","NOT SPECIFIED","2,580",""
"SURVEY","2000","YEAR","","COUNTY","FLORIDA","12","NORTHEAST","30","COLUMBIA","023","","","00000000","","PEANUTS","PEANUTS - ACRES HARVESTED","TOTAL","NOT SPECIFIED","4,000",""
"SURVEY","2000","YEAR","","COUNTY","FLORIDA","12","NORTHEAST","30","COLUMBIA","023","","","00000000","","PEANUTS","PEANUTS - ACRES PLANTED","TOTAL","NOT SPECIFIED","4,300",""
"SURVEY","2000","YEAR","","COUNTY","FLORIDA","12","NORTHEAST","30","COLUMBIA","023","","","00000000","","PEANUTS","PEANUTS - PRODUCTION, MEASURED IN LB","TOTAL","NOT SPECIFIED","6,098,000",""
"SURVEY","2000","YEAR","","COUNTY","FLORIDA","12","NORTHEAST","30","COLUMBIA","023","","","00000000","","PEANUTS","PEANUTS - YIELD, MEASURED IN LB / ACRE","TOTAL","NOT SPECIFIED","1,525",""
"SURVEY","2000","YEAR","","COUNTY","FLORIDA","12","NORTHEAST","30","MADISON","079","","","00000000","","PEANUTS","PEANUTS - ACRES HARVESTED","TOTAL","NOT SPECIFIED","400",""
"SURVEY","2000","YEAR","","COUNTY","FLORIDA","12","NORTHEAST","30","MADISON","079","","","00000000","","PEANUTS","PEANUTS - ACRES PLANTED","TOTAL","NOT SPECIFIED","400",""
"SURVEY","2000","YEAR","","COUNTY","FLORIDA","12","NORTHEAST","30","MADISON","079","","","00000000","","PEANUTS","PEANUTS - PRODUCTION, MEASURED IN LB","TOTAL","NOT SPECIFIED","1,388,000",""
"SURVEY","2000","YEAR","","COUNTY","FLORIDA","12","NORTHEAST","30","MADISON","079","","","00000000","","PEANUTS","PEANUTS - YIELD, MEASURED IN LB / ACRE","TOTAL","NOT SPECIFIED","3,470",""
"SURVEY","2000","YEAR","","COUNTY","FLORIDA","12","NORTHEAST","30","OTHER (COMBINED) COUNTIES","","","","00000000","","PEANUTS","PEANUTS - ACRES HARVESTED","TOTAL","NOT SPECIFIED","500",""
"SURVEY","2000","YEAR","","COUNTY","FLORIDA","12","NORTHEAST","30","OTHER (COMBINED) COUNTIES","","","","00000000","","PEANUTS","PEANUTS - ACRES PLANTED","TOTAL","NOT SPECIFIED","600",""
"SURVEY","2000","YEAR","","COUNTY","FLORIDA","12","NORTHEAST","30","OTHER (COMBINED) COUNTIES","","","","00000000","","PEANUTS","PEANUTS - PRODUCTION, MEASURED IN LB","TOTAL","NOT SPECIFIED","1,668,000",""
"SURVEY","2000","YEAR","","COUNTY","FLORIDA","12","NORTHEAST","30","OTHER (COMBINED) COUNTIES","","","","00000000","","PEANUTS","PEANUTS - YIELD, MEASURED IN LB / ACRE","TOTAL","NOT SPECIFIED","3,335",""
"SURVEY","2000","YEAR","","COUNTY","FLORIDA","12","NORTHEAST","30","SUWANNEE","121","","","00000000","","PEANUTS","PEANUTS - ACRES HARVESTED","TOTAL","NOT SPECIFIED","4,200",""
"SURVEY","2000","YEAR","","COUNTY","FLORIDA","12","NORTHEAST","30","SUWANNEE","121","","","00000000","","PEANUTS","PEANUTS - ACRES PLANTED","TOTAL","NOT SPECIFIED","4,600",""
"SURVEY","2000","YEAR","","COUNTY","FLORIDA","12","NORTHEAST","30","SUWANNEE","121","","","00000000","","PEANUTS","PEANUTS - PRODUCTION, MEASURED IN LB","TOTAL","NOT SPECIFIED","9,387,000",""
"SURVEY","2000","YEAR","","COUNTY","FLORIDA","12","NORTHEAST","30","SUWANNEE","121","","","00000000","","PEANUTS","PEANUTS - YIELD, MEASURED IN LB / ACRE","TOTAL","NOT SPECIFIED","2,235",""
"SURVEY","2000","YEAR","","COUNTY","FLORIDA","12","NORTHWEST","10","CALHOUN","013","","","00000000","","PEANUTS","PEANUTS - ACRES HARVESTED","TOTAL","NOT SPECIFIED","4,300",""
"SURVEY","2000","YEAR","","COUNTY","FLORIDA","12","NORTHWEST","10","CALHOUN","013","","","00000000","","PEANUTS","PEANUTS - ACRES PLANTED","TOTAL","NOT SPECIFIED","4,600",""
"SURVEY","2000","YEAR","","COUNTY","FLORIDA","12","NORTHWEST","10","CALHOUN","013","","","00000000","","PEANUTS","PEANUTS - PRODUCTION, MEASURED IN LB","TOTAL","NOT SPECIFIED","10,881,000",""
"SURVEY","2000","YEAR","","COUNTY","FLORIDA","12","NORTHWEST","10","CALHOUN","013","","","00000000","","PEANUTS","PEANUTS - YIELD, MEASURED IN LB / ACRE","TOTAL","NOT SPECIFIED","2,530",""
"SURVEY","2000","YEAR","","COUNTY","FLORIDA","12","NORTHWEST","10","ESCAMBIA","033","","","00000000","","PEANUTS","PEANUTS - ACRES HARVESTED","TOTAL","NOT SPECIFIED","1,200",""
"SURVEY","2000","YEAR","","COUNTY","FLORIDA","12","NORTHWEST","10","ESCAMBIA","033","","","00000000","","PEANUTS","PEANUTS - ACRES PLANTED","TOTAL","NOT SPECIFIED","1,200",""
"SURVEY","2000","YEAR","","COUNTY","FLORIDA","12","NORTHWEST","10","ESCAMBIA","033","","","00000000","","PEANUTS","PEANUTS - PRODUCTION, MEASURED IN LB","TOTAL","NOT SPECIFIED","2,498,000",""
"SURVEY","2000","YEAR","","COUNTY","FLORIDA","12","NORTHWEST","10","ESCAMBIA","033","","","00000000","","PEANUTS","PEANUTS - YIELD, MEASURED IN LB / ACRE","TOTAL","NOT SPECIFIED","2,080",""
"SURVEY","2000","YEAR","","COUNTY","FLORIDA","12","NORTHWEST","10","GADSDEN","039","","","00000000","","PEANUTS","PEANUTS - ACRES HARVESTED","TOTAL","NOT SPECIFIED","400",""
"SURVEY","2000","YEAR","","COUNTY","FLORIDA","12","NORTHWEST","10","GADSDEN","039","","","00000000","","PEANUTS","PEANUTS - ACRES PLANTED","TOTAL","NOT SPECIFIED","500",""
"SURVEY","2000","YEAR","","COUNTY","FLORIDA","12","NORTHWEST","10","GADSDEN","039","","","00000000","","PEANUTS","PEANUTS - PRODUCTION, MEASURED IN LB","TOTAL","NOT SPECIFIED","759,000",""
"SURVEY","2000","YEAR","","COUNTY","FLORIDA","12","NORTHWEST","10","GADSDEN","039","","","00000000","","PEANUTS","PEANUTS - YIELD, MEASURED IN LB / ACRE","TOTAL","NOT SPECIFIED","1,900",""
"SURVEY","2000","YEAR","","COUNTY","FLORIDA","12","NORTHWEST","10","HOLMES","059","","","00000000","","PEANUTS","PEANUTS - ACRES HARVESTED","TOTAL","NOT SPECIFIED","3,500",""
"SURVEY","2000","YEAR","","COUNTY","FLORIDA","12","NORTHWEST","10","HOLMES","059","","","00000000","","PEANUTS","PEANUTS - ACRES PLANTED","TOTAL","NOT SPECIFIED","3,800",""
"SURVEY","2000","YEAR","","COUNTY","FLORIDA","12","NORTHWEST","10","HOLMES","059","","","00000000","","PEANUTS","PEANUTS - PRODUCTION, MEASURED IN LB","TOTAL","NOT SPECIFIED","5,997,000",""
"SURVEY","2000","YEAR","","COUNTY","FLORIDA","12","NORTHWEST","10","HOLMES","059","","","00000000","","PEANUTS","PEANUTS - YIELD, MEASURED IN LB / ACRE","TOTAL","NOT SPECIFIED","1,715",""
"SURVEY","2000","YEAR","","COUNTY","FLORIDA","12","NORTHWEST","10","JACKSON","063","","","00000000","","PEANUTS","PEANUTS - ACRES HARVESTED","TOTAL","NOT SPECIFIED","27,500",""
"SURVEY","2000","YEAR","","COUNTY","FLORIDA","12","NORTHWEST","10","JACKSON","063","","","00000000","","PEANUTS","PEANUTS - ACRES PLANTED","TOTAL","NOT SPECIFIED","29,800",""
"SURVEY","2000","YEAR","","COUNTY","FLORIDA","12","NORTHWEST","10","JACKSON","063","","","00000000","","PEANUTS","PEANUTS - PRODUCTION, MEASURED IN LB","TOTAL","NOT SPECIFIED","65,168,000",""
"SURVEY","2000","YEAR","","COUNTY","FLORIDA","12","NORTHWEST","10","JACKSON","063","","","00000000","","PEANUTS","PEANUTS - YIELD, MEASURED IN LB / ACRE","TOTAL","NOT SPECIFIED","2,370",""
"SURVEY","2000","YEAR","","COUNTY","FLORIDA","12","NORTHWEST","10","JEFFERSON","065","","","00000000","","PEANUTS","PEANUTS - ACRES HARVESTED","TOTAL","NOT SPECIFIED","700",""
"SURVEY","2000","YEAR","","COUNTY","FLORIDA","12","NORTHWEST","10","JEFFERSON","065","","","00000000","","PEANUTS","PEANUTS - ACRES PLANTED","TOTAL","NOT SPECIFIED","800",""
"SURVEY","2000","YEAR","","COUNTY","FLORIDA","12","NORTHWEST","10","JEFFERSON","065","","","00000000","","PEANUTS","PEANUTS - PRODUCTION, MEASURED IN LB","TOTAL","NOT SPECIFIED","2,707,000",""
"SURVEY","2000","YEAR","","COUNTY","FLORIDA","12","NORTHWEST","10","JEFFERSON","065","","","00000000","","PEANUTS","PEANUTS - YIELD, MEASURED IN LB / ACRE","TOTAL","NOT SPECIFIED","3,865",""
"SURVEY","2000","YEAR","","COUNTY","FLORIDA","12","NORTHWEST","10","OKALOOSA","091","","","00000000","","PEANUTS","PEANUTS - ACRES HARVESTED","TOTAL","NOT SPECIFIED","4,300",""
"SURVEY","2000","YEAR","","COUNTY","FLORIDA","12","NORTHWEST","10","OKALOOSA","091","","","00000000","","PEANUTS","PEANUTS - ACRES PLANTED","TOTAL","NOT SPECIFIED","4,600",""
"SURVEY","2000","YEAR","","COUNTY","FLORIDA","12","NORTHWEST","10","OKALOOSA","091","","","00000000","","PEANUTS","PEANUTS - PRODUCTION, MEASURED IN LB","TOTAL","NOT SPECIFIED","9,582,000",""
"SURVEY","2000","YEAR","","COUNTY","FLORIDA","12","NORTHWEST","10","OKALOOSA","091","","","00000000","","PEANUTS","PEANUTS - YIELD, MEASURED IN LB / ACRE","TOTAL","NOT SPECIFIED","2,230",""
"SURVEY","2000","YEAR","","COUNTY","FLORIDA","12","NORTHWEST","10","OTHER (COMBINED) COUNTIES","","","","00000000","","PEANUTS","PEANUTS - ACRES HARVESTED","TOTAL","NOT SPECIFIED","500",""
"SURVEY","2000","YEAR","","COUNTY","FLORIDA","12","NORTHWEST","10","OTHER (COMBINED) COUNTIES","","","","00000000","","PEANUTS","PEANUTS - ACRES PLANTED","TOTAL","NOT SPECIFIED","600",""
"SURVEY","2000","YEAR","","COUNTY","FLORIDA","12","NORTHWEST","10","OTHER (COMBINED) COUNTIES","","","","00000000","","PEANUTS","PEANUTS - PRODUCTION, MEASURED IN LB","TOTAL","NOT SPECIFIED","1,222,000",""
"SURVEY","2000","YEAR","","COUNTY","FLORIDA","12","NORTHWEST","10","OTHER (COMBINED) COUNTIES","","","","00000000","","PEANUTS","PEANUTS - YIELD, MEASURED IN LB / ACRE","TOTAL","NOT SPECIFIED","2,445",""
"SURVEY","2000","YEAR","","COUNTY","FLORIDA","12","NORTHWEST","10","SANTA ROSA","113","","","00000000","","PEANUTS","PEANUTS - ACRES HARVESTED","TOTAL","NOT SPECIFIED","10,000",""
"SURVEY","2000","YEAR","","COUNTY","FLORIDA","12","NORTHWEST","10","SANTA ROSA","113","","","00000000","","PEANUTS","PEANUTS - ACRES PLANTED","TOTAL","NOT SPECIFIED","10,800",""
"SURVEY","2000","YEAR","","COUNTY","FLORIDA","12","NORTHWEST","10","SANTA ROSA","113","","","00000000","","PEANUTS","PEANUTS - PRODUCTION, MEASURED IN LB","TOTAL","NOT SPECIFIED","29,737,000",""
"SURVEY","2000","YEAR","","COUNTY","FLORIDA","12","NORTHWEST","10","SANTA ROSA","113","","","00000000","","PEANUTS","PEANUTS - YIELD, MEASURED IN LB / ACRE","TOTAL","NOT SPECIFIED","2,975",""
"SURVEY","2000","YEAR","","COUNTY","FLORIDA","12","NORTHWEST","10","WALTON","131","","","00000000","","PEANUTS","PEANUTS - ACRES HARVESTED","TOTAL","NOT SPECIFIED","4,500",""
"SURVEY","2000","YEAR","","COUNTY","FLORIDA","12","NORTHWEST","10","WALTON","131","","","00000000","","PEANUTS","PEANUTS - ACRES PLANTED","TOTAL","NOT SPECIFIED","4,900",""
"SURVEY","2000","YEAR","","COUNTY","FLORIDA","12","NORTHWEST","10","WALTON","131","","","00000000","","PEANUTS","PEANUTS - PRODUCTION, MEASURED IN LB","TOTAL","NOT SPECIFIED","9,246,000",""
"SURVEY","2000","YEAR","","COUNTY","FLORIDA","12","NORTHWEST","10","WALTON","131","","","00000000","","PEANUTS","PEANUTS - YIELD, MEASURED IN LB / ACRE","TOTAL","NOT SPECIFIED","2,055",""
"SURVEY","2000","YEAR","","COUNTY","FLORIDA","12","NORTHWEST","10","WASHINGTON","133","","","00000000","","PEANUTS","PEANUTS - ACRES HARVESTED","TOTAL","NOT SPECIFIED","1,500",""
"SURVEY","2000","YEAR","","COUNTY","FLORIDA","12","NORTHWEST","10","WASHINGTON","133","","","00000000","","PEANUTS","PEANUTS - ACRES PLANTED","TOTAL","NOT SPECIFIED","1,600",""
"SURVEY","2000","YEAR","","COUNTY","FLORIDA","12","NORTHWEST","10","WASHINGTON","133","","","00000000","","PEANUTS","PEANUTS - PRODUCTION, MEASURED IN LB","TOTAL","NOT SPECIFIED","4,203,000",""
"SURVEY","2000","YEAR","","COUNTY","FLORIDA","12","NORTHWEST","10","WASHINGTON","133","","","00000000","","PEANUTS","PEANUTS - YIELD, MEASURED IN LB / ACRE","TOTAL","NOT SPECIFIED","2,800",""
"SURVEY","1999","YEAR","","COUNTY","FLORIDA","12","CENTRAL","50","ALACHUA","001","","","00000000","","PEANUTS","PEANUTS - ACRES HARVESTED","TOTAL","NOT SPECIFIED","2,100",""
"SURVEY","1999","YEAR","","COUNTY","FLORIDA","12","CENTRAL","50","ALACHUA","001","","","00000000","","PEANUTS","PEANUTS - ACRES PLANTED","TOTAL","NOT SPECIFIED","2,300",""
"SURVEY","1999","YEAR","","COUNTY","FLORIDA","12","CENTRAL","50","ALACHUA","001","","","00000000","","PEANUTS","PEANUTS - PRODUCTION, MEASURED IN LB","TOTAL","NOT SPECIFIED","5,666,000",""
"SURVEY","1999","YEAR","","COUNTY","FLORIDA","12","CENTRAL","50","ALACHUA","001","","","00000000","","PEANUTS","PEANUTS - YIELD, MEASURED IN LB / ACRE","TOTAL","NOT SPECIFIED","2,700",""
"SURVEY","1999","YEAR","","COUNTY","FLORIDA","12","CENTRAL","50","GILCHRIST","041","","","00000000","","PEANUTS","PEANUTS - ACRES HARVESTED","TOTAL","NOT SPECIFIED","1,200",""
"SURVEY","1999","YEAR","","COUNTY","FLORIDA","12","CENTRAL","50","GILCHRIST","041","","","00000000","","PEANUTS","PEANUTS - ACRES PLANTED","TOTAL","NOT SPECIFIED","1,200",""
"SURVEY","1999","YEAR","","COUNTY","FLORIDA","12","CENTRAL","50","GILCHRIST","041","","","00000000","","PEANUTS","PEANUTS - PRODUCTION, MEASURED IN LB","TOTAL","NOT SPECIFIED","2,733,000",""
"SURVEY","1999","YEAR","","COUNTY","FLORIDA","12","CENTRAL","50","GILCHRIST","041","","","00000000","","PEANUTS","PEANUTS - YIELD, MEASURED IN LB / ACRE","TOTAL","NOT SPECIFIED","2,280",""
"SURVEY","1999","YEAR","","COUNTY","FLORIDA","12","CENTRAL","50","LEVY","075","","","00000000","","PEANUTS","PEANUTS - ACRES HARVESTED","TOTAL","NOT SPECIFIED","9,800",""
"SURVEY","1999","YEAR","","COUNTY","FLORIDA","12","CENTRAL","50","LEVY","075","","","00000000","","PEANUTS","PEANUTS - ACRES PLANTED","TOTAL","NOT SPECIFIED","10,500",""
"SURVEY","1999","YEAR","","COUNTY","FLORIDA","12","CENTRAL","50","LEVY","075","","","00000000","","PEANUTS","PEANUTS - PRODUCTION, MEASURED IN LB","TOTAL","NOT SPECIFIED","34,088,000",""
"SURVEY","1999","YEAR","","COUNTY","FLORIDA","12","CENTRAL","50","LEVY","075","","","00000000","","PEANUTS","PEANUTS - YIELD, MEASURED IN LB / ACRE","TOTAL","NOT SPECIFIED","3,480",""
"SURVEY","1999","YEAR","","COUNTY","FLORIDA","12","CENTRAL","50","MARION","083","","","00000000","","PEANUTS","PEANUTS - ACRES HARVESTED","TOTAL","NOT SPECIFIED","5,600",""
"SURVEY","1999","YEAR","","COUNTY","FLORIDA","12","CENTRAL","50","MARION","083","","","00000000","","PEANUTS","PEANUTS - ACRES PLANTED","TOTAL","NOT SPECIFIED","6,000",""
"SURVEY","1999","YEAR","","COUNTY","FLORIDA","12","CENTRAL","50","MARION","083","","","00000000","","PEANUTS","PEANUTS - PRODUCTION, MEASURED IN LB","TOTAL","NOT SPECIFIED","15,244,000",""
"SURVEY","1999","YEAR","","COUNTY","FLORIDA","12","CENTRAL","50","MARION","083","","","00000000","","PEANUTS","PEANUTS - YIELD, MEASURED IN LB / ACRE","TOTAL","NOT SPECIFIED","2,720",""
"SURVEY","1999","YEAR","","COUNTY","FLORIDA","12","CENTRAL","50","OTHER (COMBINED) COUNTIES","","","","00000000","","PEANUTS","PEANUTS - ACRES HARVESTED","TOTAL","NOT SPECIFIED","100",""
"SURVEY","1999","YEAR","","COUNTY","FLORIDA","12","CENTRAL","50","OTHER (COMBINED) COUNTIES","","","","00000000","","PEANUTS","PEANUTS - ACRES PLANTED","TOTAL","NOT SPECIFIED","1,100",""
"SURVEY","1999","YEAR","","COUNTY","FLORIDA","12","CENTRAL","50","OTHER (COMBINED) COUNTIES","","","","00000000","","PEANUTS","PEANUTS - PRODUCTION, MEASURED IN LB","TOTAL","NOT SPECIFIED","166,000",""
"SURVEY","1999","YEAR","","COUNTY","FLORIDA","12","CENTRAL","50","OTHER (COMBINED) COUNTIES","","","","00000000","","PEANUTS","PEANUTS - YIELD, MEASURED IN LB / ACRE","TOTAL","NOT SPECIFIED","1,660",""
"SURVEY","1999","YEAR","","COUNTY","FLORIDA","12","NORTHEAST","30","COLUMBIA","023","","","00000000","","PEANUTS","PEANUTS - ACRES HARVESTED","TOTAL","NOT SPECIFIED","4,000",""
"SURVEY","1999","YEAR","","COUNTY","FLORIDA","12","NORTHEAST","30","COLUMBIA","023","","","00000000","","PEANUTS","PEANUTS - ACRES PLANTED","TOTAL","NOT SPECIFIED","4,300",""
"SURVEY","1999","YEAR","","COUNTY","FLORIDA","12","NORTHEAST","30","COLUMBIA","023","","","00000000","","PEANUTS","PEANUTS - PRODUCTION, MEASURED IN LB","TOTAL","NOT SPECIFIED","7,355,000",""
"SURVEY","1999","YEAR","","COUNTY","FLORIDA","12","NORTHEAST","30","COLUMBIA","023","","","00000000","","PEANUTS","PEANUTS - YIELD, MEASURED IN LB / ACRE","TOTAL","NOT SPECIFIED","1,840",""
"SURVEY","1999","YEAR","","COUNTY","FLORIDA","12","NORTHEAST","30","MADISON","079","","","00000000","","PEANUTS","PEANUTS - ACRES HARVESTED","TOTAL","NOT SPECIFIED","700",""
"SURVEY","1999","YEAR","","COUNTY","FLORIDA","12","NORTHEAST","30","MADISON","079","","","00000000","","PEANUTS","PEANUTS - ACRES PLANTED","TOTAL","NOT SPECIFIED","700",""
"SURVEY","1999","YEAR","","COUNTY","FLORIDA","12","NORTHEAST","30","MADISON","079","","","00000000","","PEANUTS","PEANUTS - PRODUCTION, MEASURED IN LB","TOTAL","NOT SPECIFIED","1,783,000",""
"SURVEY","1999","YEAR","","COUNTY","FLORIDA","12","NORTHEAST","30","MADISON","079","","","00000000","","PEANUTS","PEANUTS - YIELD, MEASURED IN LB / ACRE","TOTAL","NOT SPECIFIED","2,545",""
"SURVEY","1999","YEAR","","COUNTY","FLORIDA","12","NORTHEAST","30","OTHER (COMBINED) COUNTIES","","","","00000000","","PEANUTS","PEANUTS - ACRES HARVESTED","TOTAL","NOT SPECIFIED","500",""
"SURVEY","1999","YEAR","","COUNTY","FLORIDA","12","NORTHEAST","30","OTHER (COMBINED) COUNTIES","","","","00000000","","PEANUTS","PEANUTS - ACRES PLANTED","TOTAL","NOT SPECIFIED","700",""
"SURVEY","1999","YEAR","","COUNTY","FLORIDA","12","NORTHEAST","30","OTHER (COMBINED) COUNTIES","","","","00000000","","PEANUTS","PEANUTS - PRODUCTION, MEASURED IN LB","TOTAL","NOT SPECIFIED","1,844,000",""
"SURVEY","1999","YEAR","","COUNTY","FLORIDA","12","NORTHEAST","30","OTHER (COMBINED) COUNTIES","","","","00000000","","PEANUTS","PEANUTS - YIELD, MEASURED IN LB / ACRE","TOTAL","NOT SPECIFIED","3,690",""
"SURVEY","1999","YEAR","","COUNTY","FLORIDA","12","NORTHEAST","30","SUWANNEE","121","","","00000000","","PEANUTS","PEANUTS - ACRES HARVESTED","TOTAL","NOT SPECIFIED","4,600",""
"SURVEY","1999","YEAR","","COUNTY","FLORIDA","12","NORTHEAST","30","SUWANNEE","121","","","00000000","","PEANUTS","PEANUTS - ACRES PLANTED","TOTAL","NOT SPECIFIED","4,900",""
"SURVEY","1999","YEAR","","COUNTY","FLORIDA","12","NORTHEAST","30","SUWANNEE","121","","","00000000","","PEANUTS","PEANUTS - PRODUCTION, MEASURED IN LB","TOTAL","NOT SPECIFIED","12,292,000",""
"SURVEY","1999","YEAR","","COUNTY","FLORIDA","12","NORTHEAST","30","SUWANNEE","121","","","00000000","","PEANUTS","PEANUTS - YIELD, MEASURED IN LB / ACRE","TOTAL","NOT SPECIFIED","2,670",""
"SURVEY","1999","YEAR","","COUNTY","FLORIDA","12","NORTHWEST","10","CALHOUN","013","","","00000000","","PEANUTS","PEANUTS - ACRES HARVESTED","TOTAL","NOT SPECIFIED","3,900",""
"SURVEY","1999","YEAR","","COUNTY","FLORIDA","12","NORTHWEST","10","CALHOUN","013","","","00000000","","PEANUTS","PEANUTS - ACRES PLANTED","TOTAL","NOT SPECIFIED","4,200",""
"SURVEY","1999","YEAR","","COUNTY","FLORIDA","12","NORTHWEST","10","CALHOUN","013","","","00000000","","PEANUTS","PEANUTS - PRODUCTION, MEASURED IN LB","TOTAL","NOT SPECIFIED","9,635,000",""
"SURVEY","1999","YEAR","","COUNTY","FLORIDA","12","NORTHWEST","10","CALHOUN","013","","","00000000","","PEANUTS","PEANUTS - YIELD, MEASURED IN LB / ACRE","TOTAL","NOT SPECIFIED","2,470",""
"SURVEY","1999","YEAR","","COUNTY","FLORIDA","12","NORTHWEST","10","ESCAMBIA","033","","","00000000","","PEANUTS","PEANUTS - ACRES HARVESTED","TOTAL","NOT SPECIFIED","1,100",""
"SURVEY","1999","YEAR","","COUNTY","FLORIDA","12","NORTHWEST","10","ESCAMBIA","033","","","00000000","","PEANUTS","PEANUTS - ACRES PLANTED","TOTAL","NOT SPECIFIED","1,200",""
"SURVEY","1999","YEAR","","COUNTY","FLORIDA","12","NORTHWEST","10","ESCAMBIA","033","","","00000000","","PEANUTS","PEANUTS - PRODUCTION, MEASURED IN LB","TOTAL","NOT SPECIFIED","2,974,000",""
"SURVEY","1999","YEAR","","COUNTY","FLORIDA","12","NORTHWEST","10","ESCAMBIA","033","","","00000000","","PEANUTS","PEANUTS - YIELD, MEASURED IN LB / ACRE","TOTAL","NOT SPECIFIED","2,705",""
"SURVEY","1999","YEAR","","COUNTY","FLORIDA","12","NORTHWEST","10","GADSDEN","039","","","00000000","","PEANUTS","PEANUTS - ACRES HARVESTED","TOTAL","NOT SPECIFIED","600",""
"SURVEY","1999","YEAR","","COUNTY","FLORIDA","12","NORTHWEST","10","GADSDEN","039","","","00000000","","PEANUTS","PEANUTS - ACRES PLANTED","TOTAL","NOT SPECIFIED","700",""
"SURVEY","1999","YEAR","","COUNTY","FLORIDA","12","NORTHWEST","10","GADSDEN","039","","","00000000","","PEANUTS","PEANUTS - PRODUCTION, MEASURED IN LB","TOTAL","NOT SPECIFIED","1,237,000",""
"SURVEY","1999","YEAR","","COUNTY","FLORIDA","12","NORTHWEST","10","GADSDEN","039","","","00000000","","PEANUTS","PEANUTS - YIELD, MEASURED IN LB / ACRE","TOTAL","NOT SPECIFIED","2,060",""
"SURVEY","1999","YEAR","","COUNTY","FLORIDA","12","NORTHWEST","10","HOLMES","059","","","00000000","","PEANUTS","PEANUTS - ACRES HARVESTED","TOTAL","NOT SPECIFIED","4,600",""
"SURVEY","1999","YEAR","","COUNTY","FLORIDA","12","NORTHWEST","10","HOLMES","059","","","00000000","","PEANUTS","PEANUTS - ACRES PLANTED","TOTAL","NOT SPECIFIED","5,000",""
"SURVEY","1999","YEAR","","COUNTY","FLORIDA","12","NORTHWEST","10","HOLMES","059","","","00000000","","PEANUTS","PEANUTS - PRODUCTION, MEASURED IN LB","TOTAL","NOT SPECIFIED","9,208,000",""
"SURVEY","1999","YEAR","","COUNTY","FLORIDA","12","NORTHWEST","10","HOLMES","059","","","00000000","","PEANUTS","PEANUTS - YIELD, MEASURED IN LB / ACRE","TOTAL","NOT SPECIFIED","2,000",""
"SURVEY","1999","YEAR","","COUNTY","FLORIDA","12","NORTHWEST","10","JACKSON","063","","","00000000","","PEANUTS","PEANUTS - ACRES HARVESTED","TOTAL","NOT SPECIFIED","29,600",""
"SURVEY","1999","YEAR","","COUNTY","FLORIDA","12","NORTHWEST","10","JACKSON","063","","","00000000","","PEANUTS","PEANUTS - ACRES PLANTED","TOTAL","NOT SPECIFIED","31,800",""
"SURVEY","1999","YEAR","","COUNTY","FLORIDA","12","NORTHWEST","10","JACKSON","063","","","00000000","","PEANUTS","PEANUTS - PRODUCTION, MEASURED IN LB","TOTAL","NOT SPECIFIED","81,098,000",""
"SURVEY","1999","YEAR","","COUNTY","FLORIDA","12","NORTHWEST","10","JACKSON","063","","","00000000","","PEANUTS","PEANUTS - YIELD, MEASURED IN LB / ACRE","TOTAL","NOT SPECIFIED","2,740",""
"SURVEY","1999","YEAR","","COUNTY","FLORIDA","12","NORTHWEST","10","JEFFERSON","065","","","00000000","","PEANUTS","PEANUTS - ACRES HARVESTED","TOTAL","NOT SPECIFIED","700",""
"SURVEY","1999","YEAR","","COUNTY","FLORIDA","12","NORTHWEST","10","JEFFERSON","065","","","00000000","","PEANUTS","PEANUTS - ACRES PLANTED","TOTAL","NOT SPECIFIED","800",""
"SURVEY","1999","YEAR","","COUNTY","FLORIDA","12","NORTHWEST","10","JEFFERSON","065","","","00000000","","PEANUTS","PEANUTS - PRODUCTION, MEASURED IN LB","TOTAL","NOT SPECIFIED","1,952,000",""
"SURVEY","1999","YEAR","","COUNTY","FLORIDA","12","NORTHWEST","10","JEFFERSON","065","","","00000000","","PEANUTS","PEANUTS - YIELD, MEASURED IN LB / ACRE","TOTAL","NOT SPECIFIED","2,790",""
"SURVEY","1999","YEAR","","COUNTY","FLORIDA","12","NORTHWEST","10","OKALOOSA","091","","","00000000","","PEANUTS","PEANUTS - ACRES HARVESTED","TOTAL","NOT SPECIFIED","3,900",""
"SURVEY","1999","YEAR","","COUNTY","FLORIDA","12","NORTHWEST","10","OKALOOSA","091","","","00000000","","PEANUTS","PEANUTS - ACRES PLANTED","TOTAL","NOT SPECIFIED","4,100",""
"SURVEY","1999","YEAR","","COUNTY","FLORIDA","12","NORTHWEST","10","OKALOOSA","091","","","00000000","","PEANUTS","PEANUTS - PRODUCTION, MEASURED IN LB","TOTAL","NOT SPECIFIED","11,008,000",""
"SURVEY","1999","YEAR","","COUNTY","FLORIDA","12","NORTHWEST","10","OKALOOSA","091","","","00000000","","PEANUTS","PEANUTS - YIELD, MEASURED IN LB / ACRE","TOTAL","NOT SPECIFIED","2,825",""
"SURVEY","1999","YEAR","","COUNTY","FLORIDA","12","NORTHWEST","10","OTHER (COMBINED) COUNTIES","","","","00000000","","PEANUTS","PEANUTS - ACRES HARVESTED","TOTAL","NOT SPECIFIED","500",""
"SURVEY","1999","YEAR","","COUNTY","FLORIDA","12","NORTHWEST","10","OTHER (COMBINED) COUNTIES","","","","00000000","","PEANUTS","PEANUTS - ACRES PLANTED","TOTAL","NOT SPECIFIED","500",""
"SURVEY","1999","YEAR","","COUNTY","FLORIDA","12","NORTHWEST","10","OTHER (COMBINED) COUNTIES","","","","00000000","","PEANUTS","PEANUTS - PRODUCTION, MEASURED IN LB","TOTAL","NOT SPECIFIED","1,254,000",""
"SURVEY","1999","YEAR","","COUNTY","FLORIDA","12","NORTHWEST","10","OTHER (COMBINED) COUNTIES","","","","00000000","","PEANUTS","PEANUTS - YIELD, MEASURED IN LB / ACRE","TOTAL","NOT SPECIFIED","2,510",""
"SURVEY","1999","YEAR","","COUNTY","FLORIDA","12","NORTHWEST","10","SANTA ROSA","113","","","00000000","","PEANUTS","PEANUTS - ACRES HARVESTED","TOTAL","NOT SPECIFIED","13,500",""
"SURVEY","1999","YEAR","","COUNTY","FLORIDA","12","NORTHWEST","10","SANTA ROSA","113","","","00000000","","PEANUTS","PEANUTS - ACRES PLANTED","TOTAL","NOT SPECIFIED","14,500",""
"SURVEY","1999","YEAR","","COUNTY","FLORIDA","12","NORTHWEST","10","SANTA ROSA","113","","","00000000","","PEANUTS","PEANUTS - PRODUCTION, MEASURED IN LB","TOTAL","NOT SPECIFIED","43,911,000",""
"SURVEY","1999","YEAR","","COUNTY","FLORIDA","12","NORTHWEST","10","SANTA ROSA","113","","","00000000","","PEANUTS","PEANUTS - YIELD, MEASURED IN LB / ACRE","TOTAL","NOT SPECIFIED","3,255",""
"SURVEY","1999","YEAR","","COUNTY","FLORIDA","12","NORTHWEST","10","WALTON","131","","","00000000","","PEANUTS","PEANUTS - ACRES HARVESTED","TOTAL","NOT SPECIFIED","5,500",""
"SURVEY","1999","YEAR","","COUNTY","FLORIDA","12","NORTHWEST","10","WALTON","131","","","00000000","","PEANUTS","PEANUTS - ACRES PLANTED","TOTAL","NOT SPECIFIED","5,900",""
"SURVEY","1999","YEAR","","COUNTY","FLORIDA","12","NORTHWEST","10","WALTON","131","","","00000000","","PEANUTS","PEANUTS - PRODUCTION, MEASURED IN LB","TOTAL","NOT SPECIFIED","12,205,000",""
"SURVEY","1999","YEAR","","COUNTY","FLORIDA","12","NORTHWEST","10","WALTON","131","","","00000000","","PEANUTS","PEANUTS - YIELD, MEASURED IN LB / ACRE","TOTAL","NOT SPECIFIED","2,220",""
"SURVEY","1999","YEAR","","COUNTY","FLORIDA","12","NORTHWEST","10","WASHINGTON","133","","","00000000","","PEANUTS","PEANUTS - ACRES HARVESTED","TOTAL","NOT SPECIFIED","1,500",""
"SURVEY","1999","YEAR","","COUNTY","FLORIDA","12","NORTHWEST","10","WASHINGTON","133","","","00000000","","PEANUTS","PEANUTS - ACRES PLANTED","TOTAL","NOT SPECIFIED","1,600",""
"SURVEY","1999","YEAR","","COUNTY","FLORIDA","12","NORTHWEST","10","WASHINGTON","133","","","00000000","","PEANUTS","PEANUTS - PRODUCTION, MEASURED IN LB","TOTAL","NOT SPECIFIED","4,727,000",""
"SURVEY","1999","YEAR","","COUNTY","FLORIDA","12","NORTHWEST","10","WASHINGTON","133","","","00000000","","PEANUTS","PEANUTS - YIELD, MEASURED IN LB / ACRE","TOTAL","NOT SPECIFIED","3,150",""
"SURVEY","1998","YEAR","","COUNTY","FLORIDA","12","CENTRAL","50","ALACHUA","001","","","00000000","","PEANUTS","PEANUTS - ACRES HARVESTED","TOTAL","NOT SPECIFIED","2,600",""
"SURVEY","1998","YEAR","","COUNTY","FLORIDA","12","CENTRAL","50","ALACHUA","001","","","00000000","","PEANUTS","PEANUTS - ACRES PLANTED","TOTAL","NOT SPECIFIED","2,800",""
"SURVEY","1998","YEAR","","COUNTY","FLORIDA","12","CENTRAL","50","ALACHUA","001","","","00000000","","PEANUTS","PEANUTS - PRODUCTION, MEASURED IN LB","TOTAL","NOT SPECIFIED","6,569,000",""
"SURVEY","1998","YEAR","","COUNTY","FLORIDA","12","CENTRAL","50","ALACHUA","001","","","00000000","","PEANUTS","PEANUTS - YIELD, MEASURED IN LB / ACRE","TOTAL","NOT SPECIFIED","2,525",""
"SURVEY","1998","YEAR","","COUNTY","FLORIDA","12","CENTRAL","50","GILCHRIST","041","","","00000000","","PEANUTS","PEANUTS - ACRES HARVESTED","TOTAL","NOT SPECIFIED","900",""
"SURVEY","1998","YEAR","","COUNTY","FLORIDA","12","CENTRAL","50","GILCHRIST","041","","","00000000","","PEANUTS","PEANUTS - ACRES PLANTED","TOTAL","NOT SPECIFIED","1,000",""
"SURVEY","1998","YEAR","","COUNTY","FLORIDA","12","CENTRAL","50","GILCHRIST","041","","","00000000","","PEANUTS","PEANUTS - PRODUCTION, MEASURED IN LB","TOTAL","NOT SPECIFIED","1,964,000",""
"SURVEY","1998","YEAR","","COUNTY","FLORIDA","12","CENTRAL","50","GILCHRIST","041","","","00000000","","PEANUTS","PEANUTS - YIELD, MEASURED IN LB / ACRE","TOTAL","NOT SPECIFIED","2,180",""
"SURVEY","1998","YEAR","","COUNTY","FLORIDA","12","CENTRAL","50","LEVY","075","","","00000000","","PEANUTS","PEANUTS - ACRES HARVESTED","TOTAL","NOT SPECIFIED","9,400",""
"SURVEY","1998","YEAR","","COUNTY","FLORIDA","12","CENTRAL","50","LEVY","075","","","00000000","","PEANUTS","PEANUTS - ACRES PLANTED","TOTAL","NOT SPECIFIED","10,100",""
"SURVEY","1998","YEAR","","COUNTY","FLORIDA","12","CENTRAL","50","LEVY","075","","","00000000","","PEANUTS","PEANUTS - PRODUCTION, MEASURED IN LB","TOTAL","NOT SPECIFIED","27,342,000",""
"SURVEY","1998","YEAR","","COUNTY","FLORIDA","12","CENTRAL","50","LEVY","075","","","00000000","","PEANUTS","PEANUTS - YIELD, MEASURED IN LB / ACRE","TOTAL","NOT SPECIFIED","2,910",""
"SURVEY","1998","YEAR","","COUNTY","FLORIDA","12","CENTRAL","50","MARION","083","","","00000000","","PEANUTS","PEANUTS - ACRES HARVESTED","TOTAL","NOT SPECIFIED","4,600",""
"SURVEY","1998","YEAR","","COUNTY","FLORIDA","12","CENTRAL","50","MARION","083","","","00000000","","PEANUTS","PEANUTS - ACRES PLANTED","TOTAL","NOT SPECIFIED","5,000",""
"SURVEY","1998","YEAR","","COUNTY","FLORIDA","12","CENTRAL","50","MARION","083","","","00000000","","PEANUTS","PEANUTS - PRODUCTION, MEASURED IN LB","TOTAL","NOT SPECIFIED","9,813,000",""
"SURVEY","1998","YEAR","","COUNTY","FLORIDA","12","CENTRAL","50","MARION","083","","","00000000","","PEANUTS","PEANUTS - YIELD, MEASURED IN LB / ACRE","TOTAL","NOT SPECIFIED","2,135",""
"SURVEY","1998","YEAR","","COUNTY","FLORIDA","12","CENTRAL","50","OTHER (COMBINED) COUNTIES","","","","00000000","","PEANUTS","PEANUTS - ACRES HARVESTED","TOTAL","NOT SPECIFIED","100",""
"SURVEY","1998","YEAR","","COUNTY","FLORIDA","12","CENTRAL","50","OTHER (COMBINED) COUNTIES","","","","00000000","","PEANUTS","PEANUTS - ACRES PLANTED","TOTAL","NOT SPECIFIED","1,000",""
"SURVEY","1998","YEAR","","COUNTY","FLORIDA","12","CENTRAL","50","OTHER (COMBINED) COUNTIES","","","","00000000","","PEANUTS","PEANUTS - PRODUCTION, MEASURED IN LB","TOTAL","NOT SPECIFIED","252,000",""
"SURVEY","1998","YEAR","","COUNTY","FLORIDA","12","CENTRAL","50","OTHER (COMBINED) COUNTIES","","","","00000000","","PEANUTS","PEANUTS - YIELD, MEASURED IN LB / ACRE","TOTAL","NOT SPECIFIED","2,520",""
"SURVEY","1998","YEAR","","COUNTY","FLORIDA","12","NORTHEAST","30","COLUMBIA","023","","","00000000","","PEANUTS","PEANUTS - ACRES HARVESTED","TOTAL","NOT SPECIFIED","3,900",""
"SURVEY","1998","YEAR","","COUNTY","FLORIDA","12","NORTHEAST","30","COLUMBIA","023","","","00000000","","PEANUTS","PEANUTS - ACRES PLANTED","TOTAL","NOT SPECIFIED","4,200",""
"SURVEY","1998","YEAR","","COUNTY","FLORIDA","12","NORTHEAST","30","COLUMBIA","023","","","00000000","","PEANUTS","PEANUTS - PRODUCTION, MEASURED IN LB","TOTAL","NOT SPECIFIED","4,703,000",""
"SURVEY","1998","YEAR","","COUNTY","FLORIDA","12","NORTHEAST","30","COLUMBIA","023","","","00000000","","PEANUTS","PEANUTS - YIELD, MEASURED IN LB / ACRE","TOTAL","NOT SPECIFIED","1,205",""
"SURVEY","1998","YEAR","","COUNTY","FLORIDA","12","NORTHEAST","30","MADISON","079","","","00000000","","PEANUTS","PEANUTS - ACRES HARVESTED","TOTAL","NOT SPECIFIED","700",""
"SURVEY","1998","YEAR","","COUNTY","FLORIDA","12","NORTHEAST","30","MADISON","079","","","00000000","","PEANUTS","PEANUTS - ACRES PLANTED","TOTAL","NOT SPECIFIED","800",""
"SURVEY","1998","YEAR","","COUNTY","FLORIDA","12","NORTHEAST","30","MADISON","079","","","00000000","","PEANUTS","PEANUTS - PRODUCTION, MEASURED IN LB","TOTAL","NOT SPECIFIED","2,383,000",""
"SURVEY","1998","YEAR","","COUNTY","FLORIDA","12","NORTHEAST","30","MADISON","079","","","00000000","","PEANUTS","PEANUTS - YIELD, MEASURED IN LB / ACRE","TOTAL","NOT SPECIFIED","3,405",""
"SURVEY","1998","YEAR","","COUNTY","FLORIDA","12","NORTHEAST","30","OTHER (COMBINED) COUNTIES","","","","00000000","","PEANUTS","PEANUTS - ACRES HARVESTED","TOTAL","NOT SPECIFIED","600",""
"SURVEY","1998","YEAR","","COUNTY","FLORIDA","12","NORTHEAST","30","OTHER (COMBINED) COUNTIES","","","","00000000","","PEANUTS","PEANUTS - ACRES PLANTED","TOTAL","NOT SPECIFIED","600",""
"SURVEY","1998","YEAR","","COUNTY","FLORIDA","12","NORTHEAST","30","OTHER (COMBINED) COUNTIES","","","","00000000","","PEANUTS","PEANUTS - PRODUCTION, MEASURED IN LB","TOTAL","NOT SPECIFIED","1,948,000",""
"SURVEY","1998","YEAR","","COUNTY","FLORIDA","12","NORTHEAST","30","OTHER (COMBINED) COUNTIES","","","","00000000","","PEANUTS","PEANUTS - YIELD, MEASURED IN LB / ACRE","TOTAL","NOT SPECIFIED","3,245",""
"SURVEY","1998","YEAR","","COUNTY","FLORIDA","12","NORTHEAST","30","SUWANNEE","121","","","00000000","","PEANUTS","PEANUTS - ACRES HARVESTED","TOTAL","NOT SPECIFIED","5,300",""
"SURVEY","1998","YEAR","","COUNTY","FLORIDA","12","NORTHEAST","30","SUWANNEE","121","","","00000000","","PEANUTS","PEANUTS - ACRES PLANTED","TOTAL","NOT SPECIFIED","5,700",""
"SURVEY","1998","YEAR","","COUNTY","FLORIDA","12","NORTHEAST","30","SUWANNEE","121","","","00000000","","PEANUTS","PEANUTS - PRODUCTION, MEASURED IN LB","TOTAL","NOT SPECIFIED","14,440,000",""
"SURVEY","1998","YEAR","","COUNTY","FLORIDA","12","NORTHEAST","30","SUWANNEE","121","","","00000000","","PEANUTS","PEANUTS - YIELD, MEASURED IN LB / ACRE","TOTAL","NOT SPECIFIED","2,725",""
"SURVEY","1998","YEAR","","COUNTY","FLORIDA","12","NORTHWEST","10","CALHOUN","013","","","00000000","","PEANUTS","PEANUTS - ACRES HARVESTED","TOTAL","NOT SPECIFIED","3,900",""
"SURVEY","1998","YEAR","","COUNTY","FLORIDA","12","NORTHWEST","10","CALHOUN","013","","","00000000","","PEANUTS","PEANUTS - ACRES PLANTED","TOTAL","NOT SPECIFIED","4,300",""
"SURVEY","1998","YEAR","","COUNTY","FLORIDA","12","NORTHWEST","10","CALHOUN","013","","","00000000","","PEANUTS","PEANUTS - PRODUCTION, MEASURED IN LB","TOTAL","NOT SPECIFIED","11,481,000",""
"SURVEY","1998","YEAR","","COUNTY","FLORIDA","12","NORTHWEST","10","CALHOUN","013","","","00000000","","PEANUTS","PEANUTS - YIELD, MEASURED IN LB / ACRE","TOTAL","NOT SPECIFIED","2,945",""
"SURVEY","1998","YEAR","","COUNTY","FLORIDA","12","NORTHWEST","10","GADSDEN","039","","","00000000","","PEANUTS","PEANUTS - ACRES HARVESTED","TOTAL","NOT SPECIFIED","700",""
"SURVEY","1998","YEAR","","COUNTY","FLORIDA","12","NORTHWEST","10","GADSDEN","039","","","00000000","","PEANUTS","PEANUTS - ACRES PLANTED","TOTAL","NOT SPECIFIED","800",""
"SURVEY","1998","YEAR","","COUNTY","FLORIDA","12","NORTHWEST","10","GADSDEN","039","","","00000000","","PEANUTS","PEANUTS - PRODUCTION, MEASURED IN LB","TOTAL","NOT SPECIFIED","1,200,000",""
"SURVEY","1998","YEAR","","COUNTY","FLORIDA","12","NORTHWEST","10","GADSDEN","039","","","00000000","","PEANUTS","PEANUTS - YIELD, MEASURED IN LB / ACRE","TOTAL","NOT SPECIFIED","1,715",""
"SURVEY","1998","YEAR","","COUNTY","FLORIDA","12","NORTHWEST","10","HOLMES","059","","","00000000","","PEANUTS","PEANUTS - ACRES HARVESTED","TOTAL","NOT SPECIFIED","4,500",""
"SURVEY","1998","YEAR","","COUNTY","FLORIDA","12","NORTHWEST","10","HOLMES","059","","","00000000","","PEANUTS","PEANUTS - ACRES PLANTED","TOTAL","NOT SPECIFIED","4,900",""
"SURVEY","1998","YEAR","","COUNTY","FLORIDA","12","NORTHWEST","10","HOLMES","059","","","00000000","","PEANUTS","PEANUTS - PRODUCTION, MEASURED IN LB","TOTAL","NOT SPECIFIED","8,999,000",""
"SURVEY","1998","YEAR","","COUNTY","FLORIDA","12","NORTHWEST","10","HOLMES","059","","","00000000","","PEANUTS","PEANUTS - YIELD, MEASURED IN LB / ACRE","TOTAL","NOT SPECIFIED","2,000",""
"SURVEY","1998","YEAR","","COUNTY","FLORIDA","12","NORTHWEST","10","JACKSON","063","","","00000000","","PEANUTS","PEANUTS - ACRES HARVESTED","TOTAL","NOT SPECIFIED","30,100",""
"SURVEY","1998","YEAR","","COUNTY","FLORIDA","12","NORTHWEST","10","JACKSON","063","","","00000000","","PEANUTS","PEANUTS - ACRES PLANTED","TOTAL","NOT SPECIFIED","32,300",""
"SURVEY","1998","YEAR","","COUNTY","FLORIDA","12","NORTHWEST","10","JACKSON","063","","","00000000","","PEANUTS","PEANUTS - PRODUCTION, MEASURED IN LB","TOTAL","NOT SPECIFIED","78,701,000",""
"SURVEY","1998","YEAR","","COUNTY","FLORIDA","12","NORTHWEST","10","JACKSON","063","","","00000000","","PEANUTS","PEANUTS - YIELD, MEASURED IN LB / ACRE","TOTAL","NOT SPECIFIED","2,615",""
"SURVEY","1998","YEAR","","COUNTY","FLORIDA","12","NORTHWEST","10","JEFFERSON","065","","","00000000","","PEANUTS","PEANUTS - ACRES HARVESTED","TOTAL","NOT SPECIFIED","800",""
"SURVEY","1998","YEAR","","COUNTY","FLORIDA","12","NORTHWEST","10","JEFFERSON","065","","","00000000","","PEANUTS","PEANUTS - ACRES PLANTED","TOTAL","NOT SPECIFIED","900",""
"SURVEY","1998","YEAR","","COUNTY","FLORIDA","12","NORTHWEST","10","JEFFERSON","065","","","00000000","","PEANUTS","PEANUTS - PRODUCTION, MEASURED IN LB","TOTAL","NOT SPECIFIED","2,420,000",""
"SURVEY","1998","YEAR","","COUNTY","FLORIDA","12","NORTHWEST","10","JEFFERSON","065","","","00000000","","PEANUTS","PEANUTS - YIELD, MEASURED IN LB / ACRE","TOTAL","NOT SPECIFIED","3,025",""
"SURVEY","1998","YEAR","","COUNTY","FLORIDA","12","NORTHWEST","10","OKALOOSA","091","","","00000000","","PEANUTS","PEANUTS - ACRES HARVESTED","TOTAL","NOT SPECIFIED","1,600",""
"SURVEY","1998","YEAR","","COUNTY","FLORIDA","12","NORTHWEST","10","OKALOOSA","091","","","00000000","","PEANUTS","PEANUTS - ACRES PLANTED","TOTAL","NOT SPECIFIED","1,800",""
"SURVEY","1998","YEAR","","COUNTY","FLORIDA","12","NORTHWEST","10","OKALOOSA","091","","","00000000","","PEANUTS","PEANUTS - PRODUCTION, MEASURED IN LB","TOTAL","NOT SPECIFIED","3,974,000",""
"SURVEY","1998","YEAR","","COUNTY","FLORIDA","12","NORTHWEST","10","OKALOOSA","091","","","00000000","","PEANUTS","PEANUTS - YIELD, MEASURED IN LB / ACRE","TOTAL","NOT SPECIFIED","2,485",""
"SURVEY","1998","YEAR","","COUNTY","FLORIDA","12","NORTHWEST","10","OTHER (COMBINED) COUNTIES","","","","00000000","","PEANUTS","PEANUTS - ACRES HARVESTED","TOTAL","NOT SPECIFIED","1,400",""
"SURVEY","1998","YEAR","","COUNTY","FLORIDA","12","NORTHWEST","10","OTHER (COMBINED) COUNTIES","","","","00000000","","PEANUTS","PEANUTS - ACRES PLANTED","TOTAL","NOT SPECIFIED","1,500",""
"SURVEY","1998","YEAR","","COUNTY","FLORIDA","12","NORTHWEST","10","OTHER (COMBINED) COUNTIES","","","","00000000","","PEANUTS","PEANUTS - PRODUCTION, MEASURED IN LB","TOTAL","NOT SPECIFIED","4,135,000",""
"SURVEY","1998","YEAR","","COUNTY","FLORIDA","12","NORTHWEST","10","OTHER (COMBINED) COUNTIES","","","","00000000","","PEANUTS","PEANUTS - YIELD, MEASURED IN LB / ACRE","TOTAL","NOT SPECIFIED","2,955",""
"SURVEY","1998","YEAR","","COUNTY","FLORIDA","12","NORTHWEST","10","SANTA ROSA","113","","","00000000","","PEANUTS","PEANUTS - ACRES HARVESTED","TOTAL","NOT SPECIFIED","13,500",""
"SURVEY","1998","YEAR","","COUNTY","FLORIDA","12","NORTHWEST","10","SANTA ROSA","113","","","00000000","","PEANUTS","PEANUTS - ACRES PLANTED","TOTAL","NOT SPECIFIED","14,500",""
"SURVEY","1998","YEAR","","COUNTY","FLORIDA","12","NORTHWEST","10","SANTA ROSA","113","","","00000000","","PEANUTS","PEANUTS - PRODUCTION, MEASURED IN LB","TOTAL","NOT SPECIFIED","39,902,000",""
"SURVEY","1998","YEAR","","COUNTY","FLORIDA","12","NORTHWEST","10","SANTA ROSA","113","","","00000000","","PEANUTS","PEANUTS - YIELD, MEASURED IN LB / ACRE","TOTAL","NOT SPECIFIED","2,955",""
"SURVEY","1998","YEAR","","COUNTY","FLORIDA","12","NORTHWEST","10","WALTON","131","","","00000000","","PEANUTS","PEANUTS - ACRES HARVESTED","TOTAL","NOT SPECIFIED","3,800",""
"SURVEY","1998","YEAR","","COUNTY","FLORIDA","12","NORTHWEST","10","WALTON","131","","","00000000","","PEANUTS","PEANUTS - ACRES PLANTED","TOTAL","NOT SPECIFIED","4,100",""
"SURVEY","1998","YEAR","","COUNTY","FLORIDA","12","NORTHWEST","10","WALTON","131","","","00000000","","PEANUTS","PEANUTS - PRODUCTION, MEASURED IN LB","TOTAL","NOT SPECIFIED","8,257,000",""
"SURVEY","1998","YEAR","","COUNTY","FLORIDA","12","NORTHWEST","10","WALTON","131","","","00000000","","PEANUTS","PEANUTS - YIELD, MEASURED IN LB / ACRE","TOTAL","NOT SPECIFIED","2,175",""
"SURVEY","1998","YEAR","","COUNTY","FLORIDA","12","NORTHWEST","10","WASHINGTON","133","","","00000000","","PEANUTS","PEANUTS - ACRES HARVESTED","TOTAL","NOT SPECIFIED","1,600",""
"SURVEY","1998","YEAR","","COUNTY","FLORIDA","12","NORTHWEST","10","WASHINGTON","133","","","00000000","","PEANUTS","PEANUTS - ACRES PLANTED","TOTAL","NOT SPECIFIED","1,700",""
"SURVEY","1998","YEAR","","COUNTY","FLORIDA","12","NORTHWEST","10","WASHINGTON","133","","","00000000","","PEANUTS","PEANUTS - PRODUCTION, MEASURED IN LB","TOTAL","NOT SPECIFIED","4,617,000",""
"SURVEY","1998","YEAR","","COUNTY","FLORIDA","12","NORTHWEST","10","WASHINGTON","133","","","00000000","","PEANUTS","PEANUTS - YIELD, MEASURED IN LB / ACRE","TOTAL","NOT SPECIFIED","2,885",""
"SURVEY","1997","YEAR","","COUNTY","FLORIDA","12","CENTRAL","50","ALACHUA","001","","","00000000","","PEANUTS","PEANUTS - ACRES HARVESTED","TOTAL","NOT SPECIFIED","1,500",""
"SURVEY","1997","YEAR","","COUNTY","FLORIDA","12","CENTRAL","50","ALACHUA","001","","","00000000","","PEANUTS","PEANUTS - ACRES PLANTED","TOTAL","NOT SPECIFIED","1,600",""
"SURVEY","1997","YEAR","","COUNTY","FLORIDA","12","CENTRAL","50","ALACHUA","001","","","00000000","","PEANUTS","PEANUTS - PRODUCTION, MEASURED IN LB","TOTAL","NOT SPECIFIED","4,807,000",""
"SURVEY","1997","YEAR","","COUNTY","FLORIDA","12","CENTRAL","50","ALACHUA","001","","","00000000","","PEANUTS","PEANUTS - YIELD, MEASURED IN LB / ACRE","TOTAL","NOT SPECIFIED","3,205",""
"SURVEY","1997","YEAR","","COUNTY","FLORIDA","12","CENTRAL","50","GILCHRIST","041","","","00000000","","PEANUTS","PEANUTS - ACRES HARVESTED","TOTAL","NOT SPECIFIED","700",""
"SURVEY","1997","YEAR","","COUNTY","FLORIDA","12","CENTRAL","50","GILCHRIST","041","","","00000000","","PEANUTS","PEANUTS - ACRES PLANTED","TOTAL","NOT SPECIFIED","700",""
"SURVEY","1997","YEAR","","COUNTY","FLORIDA","12","CENTRAL","50","GILCHRIST","041","","","00000000","","PEANUTS","PEANUTS - PRODUCTION, MEASURED IN LB","TOTAL","NOT SPECIFIED","1,611,000",""
"SURVEY","1997","YEAR","","COUNTY","FLORIDA","12","CENTRAL","50","GILCHRIST","041","","","00000000","","PEANUTS","PEANUTS - YIELD, MEASURED IN LB / ACRE","TOTAL","NOT SPECIFIED","2,300",""
"SURVEY","1997","YEAR","","COUNTY","FLORIDA","12","CENTRAL","50","LEVY","075","","","00000000","","PEANUTS","PEANUTS - ACRES HARVESTED","TOTAL","NOT SPECIFIED","8,500",""
"SURVEY","1997","YEAR","","COUNTY","FLORIDA","12","CENTRAL","50","LEVY","075","","","00000000","","PEANUTS","PEANUTS - ACRES PLANTED","TOTAL","NOT SPECIFIED","9,200",""
"SURVEY","1997","YEAR","","COUNTY","FLORIDA","12","CENTRAL","50","LEVY","075","","","00000000","","PEANUTS","PEANUTS - PRODUCTION, MEASURED IN LB","TOTAL","NOT SPECIFIED","31,086,000",""
"SURVEY","1997","YEAR","","COUNTY","FLORIDA","12","CENTRAL","50","LEVY","075","","","00000000","","PEANUTS","PEANUTS - YIELD, MEASURED IN LB / ACRE","TOTAL","NOT SPECIFIED","3,655",""
"SURVEY","1997","YEAR","","COUNTY","FLORIDA","12","CENTRAL","50","MARION","083","","","00000000","","PEANUTS","PEANUTS - ACRES HARVESTED","TOTAL","NOT SPECIFIED","4,200",""
"SURVEY","1997","YEAR","","COUNTY","FLORIDA","12","CENTRAL","50","MARION","083","","","00000000","","PEANUTS","PEANUTS - ACRES PLANTED","TOTAL","NOT SPECIFIED","4,600",""
"SURVEY","1997","YEAR","","COUNTY","FLORIDA","12","CENTRAL","50","MARION","083","","","00000000","","PEANUTS","PEANUTS - PRODUCTION, MEASURED IN LB","TOTAL","NOT SPECIFIED","12,768,000",""
"SURVEY","1997","YEAR","","COUNTY","FLORIDA","12","CENTRAL","50","MARION","083","","","00000000","","PEANUTS","PEANUTS - YIELD, MEASURED IN LB / ACRE","TOTAL","NOT SPECIFIED","3,040",""
"SURVEY","1997","YEAR","","COUNTY","FLORIDA","12","CENTRAL","50","OTHER (COMBINED) COUNTIES","","","","00000000","","PEANUTS","PEANUTS - ACRES HARVESTED","TOTAL","NOT SPECIFIED","100",""
"SURVEY","1997","YEAR","","COUNTY","FLORIDA","12","CENTRAL","50","OTHER (COMBINED) COUNTIES","","","","00000000","","PEANUTS","PEANUTS - ACRES PLANTED","TOTAL","NOT SPECIFIED","1,000",""
"SURVEY","1997","YEAR","","COUNTY","FLORIDA","12","CENTRAL","50","OTHER (COMBINED) COUNTIES","","","","00000000","","PEANUTS","PEANUTS - PRODUCTION, MEASURED IN LB","TOTAL","NOT SPECIFIED","160,000",""
"SURVEY","1997","YEAR","","COUNTY","FLORIDA","12","CENTRAL","50","OTHER (COMBINED) COUNTIES","","","","00000000","","PEANUTS","PEANUTS - YIELD, MEASURED IN LB / ACRE","TOTAL","NOT SPECIFIED","1,600",""
"SURVEY","1997","YEAR","","COUNTY","FLORIDA","12","NORTHEAST","30","COLUMBIA","023","","","00000000","","PEANUTS","PEANUTS - ACRES HARVESTED","TOTAL","NOT SPECIFIED","3,100",""
"SURVEY","1997","YEAR","","COUNTY","FLORIDA","12","NORTHEAST","30","COLUMBIA","023","","","00000000","","PEANUTS","PEANUTS - ACRES PLANTED","TOTAL","NOT SPECIFIED","3,300",""
"SURVEY","1997","YEAR","","COUNTY","FLORIDA","12","NORTHEAST","30","COLUMBIA","023","","","00000000","","PEANUTS","PEANUTS - PRODUCTION, MEASURED IN LB","TOTAL","NOT SPECIFIED","5,045,000",""
"SURVEY","1997","YEAR","","COUNTY","FLORIDA","12","NORTHEAST","30","COLUMBIA","023","","","00000000","","PEANUTS","PEANUTS - YIELD, MEASURED IN LB / ACRE","TOTAL","NOT SPECIFIED","1,625",""
"SURVEY","1997","YEAR","","COUNTY","FLORIDA","12","NORTHEAST","30","MADISON","079","","","00000000","","PEANUTS","PEANUTS - ACRES HARVESTED","TOTAL","NOT SPECIFIED","1,000",""
"SURVEY","1997","YEAR","","COUNTY","FLORIDA","12","NORTHEAST","30","MADISON","079","","","00000000","","PEANUTS","PEANUTS - ACRES PLANTED","TOTAL","NOT SPECIFIED","1,100",""
"SURVEY","1997","YEAR","","COUNTY","FLORIDA","12","NORTHEAST","30","MADISON","079","","","00000000","","PEANUTS","PEANUTS - PRODUCTION, MEASURED IN LB","TOTAL","NOT SPECIFIED","2,736,000",""
"SURVEY","1997","YEAR","","COUNTY","FLORIDA","12","NORTHEAST","30","MADISON","079","","","00000000","","PEANUTS","PEANUTS - YIELD, MEASURED IN LB / ACRE","TOTAL","NOT SPECIFIED","2,735",""
"SURVEY","1997","YEAR","","COUNTY","FLORIDA","12","NORTHEAST","30","OTHER (COMBINED) COUNTIES","","","","00000000","","PEANUTS","PEANUTS - ACRES HARVESTED","TOTAL","NOT SPECIFIED","500",""
"SURVEY","1997","YEAR","","COUNTY","FLORIDA","12","NORTHEAST","30","OTHER (COMBINED) COUNTIES","","","","00000000","","PEANUTS","PEANUTS - ACRES PLANTED","TOTAL","NOT SPECIFIED","600",""
"SURVEY","1997","YEAR","","COUNTY","FLORIDA","12","NORTHEAST","30","OTHER (COMBINED) COUNTIES","","","","00000000","","PEANUTS","PEANUTS - PRODUCTION, MEASURED IN LB","TOTAL","NOT SPECIFIED","1,611,000",""
"SURVEY","1997","YEAR","","COUNTY","FLORIDA","12","NORTHEAST","30","OTHER (COMBINED) COUNTIES","","","","00000000","","PEANUTS","PEANUTS - YIELD, MEASURED IN LB / ACRE","TOTAL","NOT SPECIFIED","3,220",""
"SURVEY","1997","YEAR","","COUNTY","FLORIDA","12","NORTHEAST","30","SUWANNEE","121","","","00000000","","PEANUTS","PEANUTS - ACRES HARVESTED","TOTAL","NOT SPECIFIED","4,600",""
"SURVEY","1997","YEAR","","COUNTY","FLORIDA","12","NORTHEAST","30","SUWANNEE","121","","","00000000","","PEANUTS","PEANUTS - ACRES PLANTED","TOTAL","NOT SPECIFIED","5,000",""
"SURVEY","1997","YEAR","","COUNTY","FLORIDA","12","NORTHEAST","30","SUWANNEE","121","","","00000000","","PEANUTS","PEANUTS - PRODUCTION, MEASURED IN LB","TOTAL","NOT SPECIFIED","16,004,000",""
"SURVEY","1997","YEAR","","COUNTY","FLORIDA","12","NORTHEAST","30","SUWANNEE","121","","","00000000","","PEANUTS","PEANUTS - YIELD, MEASURED IN LB / ACRE","TOTAL","NOT SPECIFIED","3,480",""
"SURVEY","1997","YEAR","","COUNTY","FLORIDA","12","NORTHWEST","10","CALHOUN","013","","","00000000","","PEANUTS","PEANUTS - ACRES HARVESTED","TOTAL","NOT SPECIFIED","3,600",""
"SURVEY","1997","YEAR","","COUNTY","FLORIDA","12","NORTHWEST","10","CALHOUN","013","","","00000000","","PEANUTS","PEANUTS - ACRES PLANTED","TOTAL","NOT SPECIFIED","3,900",""
"SURVEY","1997","YEAR","","COUNTY","FLORIDA","12","NORTHWEST","10","CALHOUN","013","","","00000000","","PEANUTS","PEANUTS - PRODUCTION, MEASURED IN LB","TOTAL","NOT SPECIFIED","8,644,000",""
"SURVEY","1997","YEAR","","COUNTY","FLORIDA","12","NORTHWEST","10","CALHOUN","013","","","00000000","","PEANUTS","PEANUTS - YIELD, MEASURED IN LB / ACRE","TOTAL","NOT SPECIFIED","2,400",""
"SURVEY","1997","YEAR","","COUNTY","FLORIDA","12","NORTHWEST","10","GADSDEN","039","","","00000000","","PEANUTS","PEANUTS - ACRES HARVESTED","TOTAL","NOT SPECIFIED","800",""
"SURVEY","1997","YEAR","","COUNTY","FLORIDA","12","NORTHWEST","10","GADSDEN","039","","","00000000","","PEANUTS","PEANUTS - ACRES PLANTED","TOTAL","NOT SPECIFIED","900",""
"SURVEY","1997","YEAR","","COUNTY","FLORIDA","12","NORTHWEST","10","GADSDEN","039","","","00000000","","PEANUTS","PEANUTS - PRODUCTION, MEASURED IN LB","TOTAL","NOT SPECIFIED","2,267,000",""
"SURVEY","1997","YEAR","","COUNTY","FLORIDA","12","NORTHWEST","10","GADSDEN","039","","","00000000","","PEANUTS","PEANUTS - YIELD, MEASURED IN LB / ACRE","TOTAL","NOT SPECIFIED","2,835",""
"SURVEY","1997","YEAR","","COUNTY","FLORIDA","12","NORTHWEST","10","HOLMES","059","","","00000000","","PEANUTS","PEANUTS - ACRES HARVESTED","TOTAL","NOT SPECIFIED","4,600",""
"SURVEY","1997","YEAR","","COUNTY","FLORIDA","12","NORTHWEST","10","HOLMES","059","","","00000000","","PEANUTS","PEANUTS - ACRES PLANTED","TOTAL","NOT SPECIFIED","5,000",""
"SURVEY","1997","YEAR","","COUNTY","FLORIDA","12","NORTHWEST","10","HOLMES","059","","","00000000","","PEANUTS","PEANUTS - PRODUCTION, MEASURED IN LB","TOTAL","NOT SPECIFIED","8,697,000",""
"SURVEY","1997","YEAR","","COUNTY","FLORIDA","12","NORTHWEST","10","HOLMES","059","","","00000000","","PEANUTS","PEANUTS - YIELD, MEASURED IN LB / ACRE","TOTAL","NOT SPECIFIED","1,890",""
"SURVEY","1997","YEAR","","COUNTY","FLORIDA","12","NORTHWEST","10","JACKSON","063","","","00000000","","PEANUTS","PEANUTS - ACRES HARVESTED","TOTAL","NOT SPECIFIED","29,100",""
"SURVEY","1997","YEAR","","COUNTY","FLORIDA","12","NORTHWEST","10","JACKSON","063","","","00000000","","PEANUTS","PEANUTS - ACRES PLANTED","TOTAL","NOT SPECIFIED","31,500",""
"SURVEY","1997","YEAR","","COUNTY","FLORIDA","12","NORTHWEST","10","JACKSON","063","","","00000000","","PEANUTS","PEANUTS - PRODUCTION, MEASURED IN LB","TOTAL","NOT SPECIFIED","73,820,000",""
"SURVEY","1997","YEAR","","COUNTY","FLORIDA","12","NORTHWEST","10","JACKSON","063","","","00000000","","PEANUTS","PEANUTS - YIELD, MEASURED IN LB / ACRE","TOTAL","NOT SPECIFIED","2,535",""
"SURVEY","1997","YEAR","","COUNTY","FLORIDA","12","NORTHWEST","10","JEFFERSON","065","","","00000000","","PEANUTS","PEANUTS - ACRES HARVESTED","TOTAL","NOT SPECIFIED","900",""
"SURVEY","1997","YEAR","","COUNTY","FLORIDA","12","NORTHWEST","10","JEFFERSON","065","","","00000000","","PEANUTS","PEANUTS - ACRES PLANTED","TOTAL","NOT SPECIFIED","1,000",""
"SURVEY","1997","YEAR","","COUNTY","FLORIDA","12","NORTHWEST","10","JEFFERSON","065","","","00000000","","PEANUTS","PEANUTS - PRODUCTION, MEASURED IN LB","TOTAL","NOT SPECIFIED","2,625,000",""
"SURVEY","1997","YEAR","","COUNTY","FLORIDA","12","NORTHWEST","10","JEFFERSON","065","","","00000000","","PEANUTS","PEANUTS - YIELD, MEASURED IN LB / ACRE","TOTAL","NOT SPECIFIED","2,915",""
"SURVEY","1997","YEAR","","COUNTY","FLORIDA","12","NORTHWEST","10","OKALOOSA","091","","","00000000","","PEANUTS","PEANUTS - ACRES HARVESTED","TOTAL","NOT SPECIFIED","1,200",""
"SURVEY","1997","YEAR","","COUNTY","FLORIDA","12","NORTHWEST","10","OKALOOSA","091","","","00000000","","PEANUTS","PEANUTS - ACRES PLANTED","TOTAL","NOT SPECIFIED","1,300",""
"SURVEY","1997","YEAR","","COUNTY","FLORIDA","12","NORTHWEST","10","OKALOOSA","091","","","00000000","","PEANUTS","PEANUTS - PRODUCTION, MEASURED IN LB","TOTAL","NOT SPECIFIED","2,718,000",""
"SURVEY","1997","YEAR","","COUNTY","FLORIDA","12","NORTHWEST","10","OKALOOSA","091","","","00000000","","PEANUTS","PEANUTS - YIELD, MEASURED IN LB / ACRE","TOTAL","NOT SPECIFIED","2,265",""
"SURVEY","1997","YEAR","","COUNTY","FLORIDA","12","NORTHWEST","10","OTHER (COMBINED) COUNTIES","","","","00000000","","PEANUTS","PEANUTS - ACRES HARVESTED","TOTAL","NOT SPECIFIED","500",""
"SURVEY","1997","YEAR","","COUNTY","FLORIDA","12","NORTHWEST","10","OTHER (COMBINED) COUNTIES","","","","00000000","","PEANUTS","PEANUTS - ACRES PLANTED","TOTAL","NOT SPECIFIED","600",""
"SURVEY","1997","YEAR","","COUNTY","FLORIDA","12","NORTHWEST","10","OTHER (COMBINED) COUNTIES","","","","00000000","","PEANUTS","PEANUTS - PRODUCTION, MEASURED IN LB","TOTAL","NOT SPECIFIED","1,274,000",""
"SURVEY","1997","YEAR","","COUNTY","FLORIDA","12","NORTHWEST","10","OTHER (COMBINED) COUNTIES","","","","00000000","","PEANUTS","PEANUTS - YIELD, MEASURED IN LB / ACRE","TOTAL","NOT SPECIFIED","2,550",""
"SURVEY","1997","YEAR","","COUNTY","FLORIDA","12","NORTHWEST","10","SANTA ROSA","113","","","00000000","","PEANUTS","PEANUTS - ACRES HARVESTED","TOTAL","NOT SPECIFIED","12,100",""
"SURVEY","1997","YEAR","","COUNTY","FLORIDA","12","NORTHWEST","10","SANTA ROSA","113","","","00000000","","PEANUTS","PEANUTS - ACRES PLANTED","TOTAL","NOT SPECIFIED","13,100",""
"SURVEY","1997","YEAR","","COUNTY","FLORIDA","12","NORTHWEST","10","SANTA ROSA","113","","","00000000","","PEANUTS","PEANUTS - PRODUCTION, MEASURED IN LB","TOTAL","NOT SPECIFIED","35,376,000",""
"SURVEY","1997","YEAR","","COUNTY","FLORIDA","12","NORTHWEST","10","SANTA ROSA","113","","","00000000","","PEANUTS","PEANUTS - YIELD, MEASURED IN LB / ACRE","TOTAL","NOT SPECIFIED","2,925",""
"SURVEY","1997","YEAR","","COUNTY","FLORIDA","12","NORTHWEST","10","WALTON","131","","","00000000","","PEANUTS","PEANUTS - ACRES HARVESTED","TOTAL","NOT SPECIFIED","5,700",""
"SURVEY","1997","YEAR","","COUNTY","FLORIDA","12","NORTHWEST","10","WALTON","131","","","00000000","","PEANUTS","PEANUTS - ACRES PLANTED","TOTAL","NOT SPECIFIED","6,200",""
"SURVEY","1997","YEAR","","COUNTY","FLORIDA","12","NORTHWEST","10","WALTON","131","","","00000000","","PEANUTS","PEANUTS - PRODUCTION, MEASURED IN LB","TOTAL","NOT SPECIFIED","12,417,000",""
"SURVEY","1997","YEAR","","COUNTY","FLORIDA","12","NORTHWEST","10","WALTON","131","","","00000000","","PEANUTS","PEANUTS - YIELD, MEASURED IN LB / ACRE","TOTAL","NOT SPECIFIED","2,180",""
"SURVEY","1997","YEAR","","COUNTY","FLORIDA","12","NORTHWEST","10","WASHINGTON","133","","","00000000","","PEANUTS","PEANUTS - ACRES HARVESTED","TOTAL","NOT SPECIFIED","1,300",""
"SURVEY","1997","YEAR","","COUNTY","FLORIDA","12","NORTHWEST","10","WASHINGTON","133","","","00000000","","PEANUTS","PEANUTS - ACRES PLANTED","TOTAL","NOT SPECIFIED","1,400",""
"SURVEY","1997","YEAR","","COUNTY","FLORIDA","12","NORTHWEST","10","WASHINGTON","133","","","00000000","","PEANUTS","PEANUTS - PRODUCTION, MEASURED IN LB","TOTAL","NOT SPECIFIED","4,394,000",""
"SURVEY","1997","YEAR","","COUNTY","FLORIDA","12","NORTHWEST","10","WASHINGTON","133","","","00000000","","PEANUTS","PEANUTS - YIELD, MEASURED IN LB / ACRE","TOTAL","NOT SPECIFIED","3,380",""
"SURVEY","1996","YEAR","","COUNTY","FLORIDA","12","CENTRAL","50","ALACHUA","001","","","00000000","","PEANUTS","PEANUTS - ACRES HARVESTED","TOTAL","NOT SPECIFIED","1,300",""
"SURVEY","1996","YEAR","","COUNTY","FLORIDA","12","CENTRAL","50","ALACHUA","001","","","00000000","","PEANUTS","PEANUTS - ACRES PLANTED","TOTAL","NOT SPECIFIED","1,500",""
"SURVEY","1996","YEAR","","COUNTY","FLORIDA","12","CENTRAL","50","ALACHUA","001","","","00000000","","PEANUTS","PEANUTS - PRODUCTION, MEASURED IN LB","TOTAL","NOT SPECIFIED","4,150,000",""
"SURVEY","1996","YEAR","","COUNTY","FLORIDA","12","CENTRAL","50","ALACHUA","001","","","00000000","","PEANUTS","PEANUTS - YIELD, MEASURED IN LB / ACRE","TOTAL","NOT SPECIFIED","3,190",""
"SURVEY","1996","YEAR","","COUNTY","FLORIDA","12","CENTRAL","50","GILCHRIST","041","","","00000000","","PEANUTS","PEANUTS - ACRES HARVESTED","TOTAL","NOT SPECIFIED","400",""
"SURVEY","1996","YEAR","","COUNTY","FLORIDA","12","CENTRAL","50","GILCHRIST","041","","","00000000","","PEANUTS","PEANUTS - ACRES PLANTED","TOTAL","NOT SPECIFIED","500",""
"SURVEY","1996","YEAR","","COUNTY","FLORIDA","12","CENTRAL","50","GILCHRIST","041","","","00000000","","PEANUTS","PEANUTS - PRODUCTION, MEASURED IN LB","TOTAL","NOT SPECIFIED","900,000",""
"SURVEY","1996","YEAR","","COUNTY","FLORIDA","12","CENTRAL","50","GILCHRIST","041","","","00000000","","PEANUTS","PEANUTS - YIELD, MEASURED IN LB / ACRE","TOTAL","NOT SPECIFIED","2,250",""
"SURVEY","1996","YEAR","","COUNTY","FLORIDA","12","CENTRAL","50","LEVY","075","","","00000000","","PEANUTS","PEANUTS - ACRES HARVESTED","TOTAL","NOT SPECIFIED","8,300",""
"SURVEY","1996","YEAR","","COUNTY","FLORIDA","12","CENTRAL","50","LEVY","075","","","00000000","","PEANUTS","PEANUTS - ACRES PLANTED","TOTAL","NOT SPECIFIED","9,000",""
"SURVEY","1996","YEAR","","COUNTY","FLORIDA","12","CENTRAL","50","LEVY","075","","","00000000","","PEANUTS","PEANUTS - PRODUCTION, MEASURED IN LB","TOTAL","NOT SPECIFIED","26,960,000",""
"SURVEY","1996","YEAR","","COUNTY","FLORIDA","12","CENTRAL","50","LEVY","075","","","00000000","","PEANUTS","PEANUTS - YIELD, MEASURED IN LB / ACRE","TOTAL","NOT SPECIFIED","3,250",""
"SURVEY","1996","YEAR","","COUNTY","FLORIDA","12","CENTRAL","50","MARION","083","","","00000000","","PEANUTS","PEANUTS - ACRES HARVESTED","TOTAL","NOT SPECIFIED","3,600",""
"SURVEY","1996","YEAR","","COUNTY","FLORIDA","12","CENTRAL","50","MARION","083","","","00000000","","PEANUTS","PEANUTS - ACRES PLANTED","TOTAL","NOT SPECIFIED","3,900",""
"SURVEY","1996","YEAR","","COUNTY","FLORIDA","12","CENTRAL","50","MARION","083","","","00000000","","PEANUTS","PEANUTS - PRODUCTION, MEASURED IN LB","TOTAL","NOT SPECIFIED","10,750,000",""
"SURVEY","1996","YEAR","","COUNTY","FLORIDA","12","CENTRAL","50","MARION","083","","","00000000","","PEANUTS","PEANUTS - YIELD, MEASURED IN LB / ACRE","TOTAL","NOT SPECIFIED","2,985",""
"SURVEY","1996","YEAR","","COUNTY","FLORIDA","12","CENTRAL","50","OTHER (COMBINED) COUNTIES","","","","00000000","","PEANUTS","PEANUTS - ACRES HARVESTED","TOTAL","NOT SPECIFIED","100",""
"SURVEY","1996","YEAR","","COUNTY","FLORIDA","12","CENTRAL","50","OTHER (COMBINED) COUNTIES","","","","00000000","","PEANUTS","PEANUTS - ACRES PLANTED","TOTAL","NOT SPECIFIED","1,000",""
"SURVEY","1996","YEAR","","COUNTY","FLORIDA","12","CENTRAL","50","OTHER (COMBINED) COUNTIES","","","","00000000","","PEANUTS","PEANUTS - PRODUCTION, MEASURED IN LB","TOTAL","NOT SPECIFIED","123,000",""
"SURVEY","1996","YEAR","","COUNTY","FLORIDA","12","CENTRAL","50","OTHER (COMBINED) COUNTIES","","","","00000000","","PEANUTS","PEANUTS - YIELD, MEASURED IN LB / ACRE","TOTAL","NOT SPECIFIED","1,230",""
"SURVEY","1996","YEAR","","COUNTY","FLORIDA","12","NORTHEAST","30","COLUMBIA","023","","","00000000","","PEANUTS","PEANUTS - ACRES HARVESTED","TOTAL","NOT SPECIFIED","1,900",""
"SURVEY","1996","YEAR","","COUNTY","FLORIDA","12","NORTHEAST","30","COLUMBIA","023","","","00000000","","PEANUTS","PEANUTS - ACRES PLANTED","TOTAL","NOT SPECIFIED","2,000",""
"SURVEY","1996","YEAR","","COUNTY","FLORIDA","12","NORTHEAST","30","COLUMBIA","023","","","00000000","","PEANUTS","PEANUTS - PRODUCTION, MEASURED IN LB","TOTAL","NOT SPECIFIED","3,770,000",""
"SURVEY","1996","YEAR","","COUNTY","FLORIDA","12","NORTHEAST","30","COLUMBIA","023","","","00000000","","PEANUTS","PEANUTS - YIELD, MEASURED IN LB / ACRE","TOTAL","NOT SPECIFIED","1,985",""
"SURVEY","1996","YEAR","","COUNTY","FLORIDA","12","NORTHEAST","30","MADISON","079","","","00000000","","PEANUTS","PEANUTS - ACRES HARVESTED","TOTAL","NOT SPECIFIED","700",""
"SURVEY","1996","YEAR","","COUNTY","FLORIDA","12","NORTHEAST","30","MADISON","079","","","00000000","","PEANUTS","PEANUTS - ACRES PLANTED","TOTAL","NOT SPECIFIED","800",""
"SURVEY","1996","YEAR","","COUNTY","FLORIDA","12","NORTHEAST","30","MADISON","079","","","00000000","","PEANUTS","PEANUTS - PRODUCTION, MEASURED IN LB","TOTAL","NOT SPECIFIED","2,339,000",""
"SURVEY","1996","YEAR","","COUNTY","FLORIDA","12","NORTHEAST","30","MADISON","079","","","00000000","","PEANUTS","PEANUTS - YIELD, MEASURED IN LB / ACRE","TOTAL","NOT SPECIFIED","3,340",""
"SURVEY","1996","YEAR","","COUNTY","FLORIDA","12","NORTHEAST","30","OTHER (COMBINED) COUNTIES","","","","00000000","","PEANUTS","PEANUTS - ACRES HARVESTED","TOTAL","NOT SPECIFIED","500",""
"SURVEY","1996","YEAR","","COUNTY","FLORIDA","12","NORTHEAST","30","OTHER (COMBINED) COUNTIES","","","","00000000","","PEANUTS","PEANUTS - ACRES PLANTED","TOTAL","NOT SPECIFIED","600",""
"SURVEY","1996","YEAR","","COUNTY","FLORIDA","12","NORTHEAST","30","OTHER (COMBINED) COUNTIES","","","","00000000","","PEANUTS","PEANUTS - PRODUCTION, MEASURED IN LB","TOTAL","NOT SPECIFIED","1,566,000",""
"SURVEY","1996","YEAR","","COUNTY","FLORIDA","12","NORTHEAST","30","OTHER (COMBINED) COUNTIES","","","","00000000","","PEANUTS","PEANUTS - YIELD, MEASURED IN LB / ACRE","TOTAL","NOT SPECIFIED","3,130",""
"SURVEY","1996","YEAR","","COUNTY","FLORIDA","12","NORTHEAST","30","SUWANNEE","121","","","00000000","","PEANUTS","PEANUTS - ACRES HARVESTED","TOTAL","NOT SPECIFIED","4,500",""
"SURVEY","1996","YEAR","","COUNTY","FLORIDA","12","NORTHEAST","30","SUWANNEE","121","","","00000000","","PEANUTS","PEANUTS - ACRES PLANTED","TOTAL","NOT SPECIFIED","4,800",""
"SURVEY","1996","YEAR","","COUNTY","FLORIDA","12","NORTHEAST","30","SUWANNEE","121","","","00000000","","PEANUTS","PEANUTS - PRODUCTION, MEASURED IN LB","TOTAL","NOT SPECIFIED","13,755,000",""
"SURVEY","1996","YEAR","","COUNTY","FLORIDA","12","NORTHEAST","30","SUWANNEE","121","","","00000000","","PEANUTS","PEANUTS - YIELD, MEASURED IN LB / ACRE","TOTAL","NOT SPECIFIED","3,055",""
"SURVEY","1996","YEAR","","COUNTY","FLORIDA","12","NORTHWEST","10","CALHOUN","013","","","00000000","","PEANUTS","PEANUTS - ACRES HARVESTED","TOTAL","NOT SPECIFIED","3,300",""
"SURVEY","1996","YEAR","","COUNTY","FLORIDA","12","NORTHWEST","10","CALHOUN","013","","","00000000","","PEANUTS","PEANUTS - ACRES PLANTED","TOTAL","NOT SPECIFIED","3,500",""
"SURVEY","1996","YEAR","","COUNTY","FLORIDA","12","NORTHWEST","10","CALHOUN","013","","","00000000","","PEANUTS","PEANUTS - PRODUCTION, MEASURED IN LB","TOTAL","NOT SPECIFIED","9,195,000",""
"SURVEY","1996","YEAR","","COUNTY","FLORIDA","12","NORTHWEST","10","CALHOUN","013","","","00000000","","PEANUTS","PEANUTS - YIELD, MEASURED IN LB / ACRE","TOTAL","NOT SPECIFIED","2,785",""
"SURVEY","1996","YEAR","","COUNTY","FLORIDA","12","NORTHWEST","10","GADSDEN","039","","","00000000","","PEANUTS","PEANUTS - ACRES HARVESTED","TOTAL","NOT SPECIFIED","700",""
"SURVEY","1996","YEAR","","COUNTY","FLORIDA","12","NORTHWEST","10","GADSDEN","039","","","00000000","","PEANUTS","PEANUTS - ACRES PLANTED","TOTAL","NOT SPECIFIED","700",""
"SURVEY","1996","YEAR","","COUNTY","FLORIDA","12","NORTHWEST","10","GADSDEN","039","","","00000000","","PEANUTS","PEANUTS - PRODUCTION, MEASURED IN LB","TOTAL","NOT SPECIFIED","1,408,000",""
"SURVEY","1996","YEAR","","COUNTY","FLORIDA","12","NORTHWEST","10","GADSDEN","039","","","00000000","","PEANUTS","PEANUTS - YIELD, MEASURED IN LB / ACRE","TOTAL","NOT SPECIFIED","2,010",""
"SURVEY","1996","YEAR","","COUNTY","FLORIDA","12","NORTHWEST","10","HOLMES","059","","","00000000","","PEANUTS","PEANUTS - ACRES HARVESTED","TOTAL","NOT SPECIFIED","4,500",""
"SURVEY","1996","YEAR","","COUNTY","FLORIDA","12","NORTHWEST","10","HOLMES","059","","","00000000","","PEANUTS","PEANUTS - ACRES PLANTED","TOTAL","NOT SPECIFIED","4,900",""
"SURVEY","1996","YEAR","","COUNTY","FLORIDA","12","NORTHWEST","10","HOLMES","059","","","00000000","","PEANUTS","PEANUTS - PRODUCTION, MEASURED IN LB","TOTAL","NOT SPECIFIED","11,401,000",""
"SURVEY","1996","YEAR","","COUNTY","FLORIDA","12","NORTHWEST","10","HOLMES","059","","","00000000","","PEANUTS","PEANUTS - YIELD, MEASURED IN LB / ACRE","TOTAL","NOT SPECIFIED","2,535",""
"SURVEY","1996","YEAR","","COUNTY","FLORIDA","12","NORTHWEST","10","JACKSON","063","","","00000000","","PEANUTS","PEANUTS - ACRES HARVESTED","TOTAL","NOT SPECIFIED","29,900",""
"SURVEY","1996","YEAR","","COUNTY","FLORIDA","12","NORTHWEST","10","JACKSON","063","","","00000000","","PEANUTS","PEANUTS - ACRES PLANTED","TOTAL","NOT SPECIFIED","32,500",""
"SURVEY","1996","YEAR","","COUNTY","FLORIDA","12","NORTHWEST","10","JACKSON","063","","","00000000","","PEANUTS","PEANUTS - PRODUCTION, MEASURED IN LB","TOTAL","NOT SPECIFIED","77,660,000",""
"SURVEY","1996","YEAR","","COUNTY","FLORIDA","12","NORTHWEST","10","JACKSON","063","","","00000000","","PEANUTS","PEANUTS - YIELD, MEASURED IN LB / ACRE","TOTAL","NOT SPECIFIED","2,595",""
"SURVEY","1996","YEAR","","COUNTY","FLORIDA","12","NORTHWEST","10","JEFFERSON","065","","","00000000","","PEANUTS","PEANUTS - ACRES HARVESTED","TOTAL","NOT SPECIFIED","900",""
"SURVEY","1996","YEAR","","COUNTY","FLORIDA","12","NORTHWEST","10","JEFFERSON","065","","","00000000","","PEANUTS","PEANUTS - ACRES PLANTED","TOTAL","NOT SPECIFIED","1,000",""
"SURVEY","1996","YEAR","","COUNTY","FLORIDA","12","NORTHWEST","10","JEFFERSON","065","","","00000000","","PEANUTS","PEANUTS - PRODUCTION, MEASURED IN LB","TOTAL","NOT SPECIFIED","2,078,000",""
"SURVEY","1996","YEAR","","COUNTY","FLORIDA","12","NORTHWEST","10","JEFFERSON","065","","","00000000","","PEANUTS","PEANUTS - YIELD, MEASURED IN LB / ACRE","TOTAL","NOT SPECIFIED","2,310",""
"SURVEY","1996","YEAR","","COUNTY","FLORIDA","12","NORTHWEST","10","LEON","073","","","00000000","","PEANUTS","PEANUTS - ACRES HARVESTED","TOTAL","NOT SPECIFIED","300",""
"SURVEY","1996","YEAR","","COUNTY","FLORIDA","12","NORTHWEST","10","LEON","073","","","00000000","","PEANUTS","PEANUTS - ACRES PLANTED","TOTAL","NOT SPECIFIED","400",""
"SURVEY","1996","YEAR","","COUNTY","FLORIDA","12","NORTHWEST","10","LEON","073","","","00000000","","PEANUTS","PEANUTS - PRODUCTION, MEASURED IN LB","TOTAL","NOT SPECIFIED","1,003,000",""
"SURVEY","1996","YEAR","","COUNTY","FLORIDA","12","NORTHWEST","10","LEON","073","","","00000000","","PEANUTS","PEANUTS - YIELD, MEASURED IN LB / ACRE","TOTAL","NOT SPECIFIED","3,345",""
"SURVEY","1996","YEAR","","COUNTY","FLORIDA","12","NORTHWEST","10","OKALOOSA","091","","","00000000","","PEANUTS","PEANUTS - ACRES HARVESTED","TOTAL","NOT SPECIFIED","1,200",""
"SURVEY","1996","YEAR","","COUNTY","FLORIDA","12","NORTHWEST","10","OKALOOSA","091","","","00000000","","PEANUTS","PEANUTS - ACRES PLANTED","TOTAL","NOT SPECIFIED","1,300",""
"SURVEY","1996","YEAR","","COUNTY","FLORIDA","12","NORTHWEST","10","OKALOOSA","091","","","00000000","","PEANUTS","PEANUTS - PRODUCTION, MEASURED IN LB","TOTAL","NOT SPECIFIED","3,578,000",""
"SURVEY","1996","YEAR","","COUNTY","FLORIDA","12","NORTHWEST","10","OKALOOSA","091","","","00000000","","PEANUTS","PEANUTS - YIELD, MEASURED IN LB / ACRE","TOTAL","NOT SPECIFIED","2,980",""
"SURVEY","1996","YEAR","","COUNTY","FLORIDA","12","NORTHWEST","10","OTHER (COMBINED) COUNTIES","","","","00000000","","PEANUTS","PEANUTS - ACRES HARVESTED","TOTAL","NOT SPECIFIED","600",""
"SURVEY","1996","YEAR","","COUNTY","FLORIDA","12","NORTHWEST","10","OTHER (COMBINED) COUNTIES","","","","00000000","","PEANUTS","PEANUTS - ACRES PLANTED","TOTAL","NOT SPECIFIED","700",""
"SURVEY","1996","YEAR","","COUNTY","FLORIDA","12","NORTHWEST","10","OTHER (COMBINED) COUNTIES","","","","00000000","","PEANUTS","PEANUTS - PRODUCTION, MEASURED IN LB","TOTAL","NOT SPECIFIED","1,491,000",""
"SURVEY","1996","YEAR","","COUNTY","FLORIDA","12","NORTHWEST","10","OTHER (COMBINED) COUNTIES","","","","00000000","","PEANUTS","PEANUTS - YIELD, MEASURED IN LB / ACRE","TOTAL","NOT SPECIFIED","2,485",""
"SURVEY","1996","YEAR","","COUNTY","FLORIDA","12","NORTHWEST","10","SANTA ROSA","113","","","00000000","","PEANUTS","PEANUTS - ACRES HARVESTED","TOTAL","NOT SPECIFIED","12,200",""
"SURVEY","1996","YEAR","","COUNTY","FLORIDA","12","NORTHWEST","10","SANTA ROSA","113","","","00000000","","PEANUTS","PEANUTS - ACRES PLANTED","TOTAL","NOT SPECIFIED","13,200",""
"SURVEY","1996","YEAR","","COUNTY","FLORIDA","12","NORTHWEST","10","SANTA ROSA","113","","","00000000","","PEANUTS","PEANUTS - PRODUCTION, MEASURED IN LB","TOTAL","NOT SPECIFIED","43,952,000",""
"SURVEY","1996","YEAR","","COUNTY","FLORIDA","12","NORTHWEST","10","SANTA ROSA","113","","","00000000","","PEANUTS","PEANUTS - YIELD, MEASURED IN LB / ACRE","TOTAL","NOT SPECIFIED","3,605",""
"SURVEY","1996","YEAR","","COUNTY","FLORIDA","12","NORTHWEST","10","WALTON","131","","","00000000","","PEANUTS","PEANUTS - ACRES HARVESTED","TOTAL","NOT SPECIFIED","5,500",""
"SURVEY","1996","YEAR","","COUNTY","FLORIDA","12","NORTHWEST","10","WALTON","131","","","00000000","","PEANUTS","PEANUTS - ACRES PLANTED","TOTAL","NOT SPECIFIED","6,000",""
"SURVEY","1996","YEAR","","COUNTY","FLORIDA","12","NORTHWEST","10","WALTON","131","","","00000000","","PEANUTS","PEANUTS - PRODUCTION, MEASURED IN LB","TOTAL","NOT SPECIFIED","15,101,000",""
"SURVEY","1996","YEAR","","COUNTY","FLORIDA","12","NORTHWEST","10","WALTON","131","","","00000000","","PEANUTS","PEANUTS - YIELD, MEASURED IN LB / ACRE","TOTAL","NOT SPECIFIED","2,745",""
"SURVEY","1996","YEAR","","COUNTY","FLORIDA","12","NORTHWEST","10","WASHINGTON","133","","","00000000","","PEANUTS","PEANUTS - ACRES HARVESTED","TOTAL","NOT SPECIFIED","1,600",""
"SURVEY","1996","YEAR","","COUNTY","FLORIDA","12","NORTHWEST","10","WASHINGTON","133","","","00000000","","PEANUTS","PEANUTS - ACRES PLANTED","TOTAL","NOT SPECIFIED","1,700",""
"SURVEY","1996","YEAR","","COUNTY","FLORIDA","12","NORTHWEST","10","WASHINGTON","133","","","00000000","","PEANUTS","PEANUTS - PRODUCTION, MEASURED IN LB","TOTAL","NOT SPECIFIED","4,980,000",""
"SURVEY","1996","YEAR","","COUNTY","FLORIDA","12","NORTHWEST","10","WASHINGTON","133","","","00000000","","PEANUTS","PEANUTS - YIELD, MEASURED IN LB / ACRE","TOTAL","NOT SPECIFIED","3,115",""
"SURVEY","1995","YEAR","","COUNTY","FLORIDA","12","CENTRAL","50","ALACHUA","001","","","00000000","","PEANUTS","PEANUTS - ACRES HARVESTED","TOTAL","NOT SPECIFIED","1,400",""
"SURVEY","1995","YEAR","","COUNTY","FLORIDA","12","CENTRAL","50","ALACHUA","001","","","00000000","","PEANUTS","PEANUTS - ACRES PLANTED","TOTAL","NOT SPECIFIED","1,600",""
"SURVEY","1995","YEAR","","COUNTY","FLORIDA","12","CENTRAL","50","ALACHUA","001","","","00000000","","PEANUTS","PEANUTS - PRODUCTION, MEASURED IN LB","TOTAL","NOT SPECIFIED","4,146,000",""
"SURVEY","1995","YEAR","","COUNTY","FLORIDA","12","CENTRAL","50","ALACHUA","001","","","00000000","","PEANUTS","PEANUTS - YIELD, MEASURED IN LB / ACRE","TOTAL","NOT SPECIFIED","2,960",""
"SURVEY","1995","YEAR","","COUNTY","FLORIDA","12","CENTRAL","50","GILCHRIST","041","","","00000000","","PEANUTS","PEANUTS - ACRES HARVESTED","TOTAL","NOT SPECIFIED","400",""
"SURVEY","1995","YEAR","","COUNTY","FLORIDA","12","CENTRAL","50","GILCHRIST","041","","","00000000","","PEANUTS","PEANUTS - ACRES PLANTED","TOTAL","NOT SPECIFIED","500",""
"SURVEY","1995","YEAR","","COUNTY","FLORIDA","12","CENTRAL","50","GILCHRIST","041","","","00000000","","PEANUTS","PEANUTS - PRODUCTION, MEASURED IN LB","TOTAL","NOT SPECIFIED","1,006,000",""
"SURVEY","1995","YEAR","","COUNTY","FLORIDA","12","CENTRAL","50","GILCHRIST","041","","","00000000","","PEANUTS","PEANUTS - YIELD, MEASURED IN LB / ACRE","TOTAL","NOT SPECIFIED","2,515",""
"SURVEY","1995","YEAR","","COUNTY","FLORIDA","12","CENTRAL","50","LEVY","075","","","00000000","","PEANUTS","PEANUTS - ACRES HARVESTED","TOTAL","NOT SPECIFIED","5,500",""
"SURVEY","1995","YEAR","","COUNTY","FLORIDA","12","CENTRAL","50","LEVY","075","","","00000000","","PEANUTS","PEANUTS - ACRES PLANTED","TOTAL","NOT SPECIFIED","6,300",""
"SURVEY","1995","YEAR","","COUNTY","FLORIDA","12","CENTRAL","50","LEVY","075","","","00000000","","PEANUTS","PEANUTS - PRODUCTION, MEASURED IN LB","TOTAL","NOT SPECIFIED","16,920,000",""
"SURVEY","1995","YEAR","","COUNTY","FLORIDA","12","CENTRAL","50","LEVY","075","","","00000000","","PEANUTS","PEANUTS - YIELD, MEASURED IN LB / ACRE","TOTAL","NOT SPECIFIED","3,075",""
"SURVEY","1995","YEAR","","COUNTY","FLORIDA","12","CENTRAL","50","MARION","083","","","00000000","","PEANUTS","PEANUTS - ACRES HARVESTED","TOTAL","NOT SPECIFIED","2,300",""
"SURVEY","1995","YEAR","","COUNTY","FLORIDA","12","CENTRAL","50","MARION","083","","","00000000","","PEANUTS","PEANUTS - ACRES PLANTED","TOTAL","NOT SPECIFIED","4,000",""
"SURVEY","1995","YEAR","","COUNTY","FLORIDA","12","CENTRAL","50","MARION","083","","","00000000","","PEANUTS","PEANUTS - PRODUCTION, MEASURED IN LB","TOTAL","NOT SPECIFIED","6,382,000",""
"SURVEY","1995","YEAR","","COUNTY","FLORIDA","12","CENTRAL","50","MARION","083","","","00000000","","PEANUTS","PEANUTS - YIELD, MEASURED IN LB / ACRE","TOTAL","NOT SPECIFIED","2,775",""
"SURVEY","1995","YEAR","","COUNTY","FLORIDA","12","CENTRAL","50","OTHER (COMBINED) COUNTIES","","","","00000000","","PEANUTS","PEANUTS - ACRES HARVESTED","TOTAL","NOT SPECIFIED","100",""
"SURVEY","1995","YEAR","","COUNTY","FLORIDA","12","CENTRAL","50","OTHER (COMBINED) COUNTIES","","","","00000000","","PEANUTS","PEANUTS - ACRES PLANTED","TOTAL","NOT SPECIFIED","1,000",""
"SURVEY","1995","YEAR","","COUNTY","FLORIDA","12","CENTRAL","50","OTHER (COMBINED) COUNTIES","","","","00000000","","PEANUTS","PEANUTS - PRODUCTION, MEASURED IN LB","TOTAL","NOT SPECIFIED","170,000",""
"SURVEY","1995","YEAR","","COUNTY","FLORIDA","12","CENTRAL","50","OTHER (COMBINED) COUNTIES","","","","00000000","","PEANUTS","PEANUTS - YIELD, MEASURED IN LB / ACRE","TOTAL","NOT SPECIFIED","1,700",""
"SURVEY","1995","YEAR","","COUNTY","FLORIDA","12","NORTHEAST","30","COLUMBIA","023","","","00000000","","PEANUTS","PEANUTS - ACRES HARVESTED","TOTAL","NOT SPECIFIED","1,500",""
"SURVEY","1995","YEAR","","COUNTY","FLORIDA","12","NORTHEAST","30","COLUMBIA","023","","","00000000","","PEANUTS","PEANUTS - ACRES PLANTED","TOTAL","NOT SPECIFIED","2,100",""
"SURVEY","1995","YEAR","","COUNTY","FLORIDA","12","NORTHEAST","30","COLUMBIA","023","","","00000000","","PEANUTS","PEANUTS - PRODUCTION, MEASURED IN LB","TOTAL","NOT SPECIFIED","3,677,000",""
"SURVEY","1995","YEAR","","COUNTY","FLORIDA","12","NORTHEAST","30","COLUMBIA","023","","","00000000","","PEANUTS","PEANUTS - YIELD, MEASURED IN LB / ACRE","TOTAL","NOT SPECIFIED","2,450",""
"SURVEY","1995","YEAR","","COUNTY","FLORIDA","12","NORTHEAST","30","MADISON","079","","","00000000","","PEANUTS","PEANUTS - ACRES HARVESTED","TOTAL","NOT SPECIFIED","800",""
"SURVEY","1995","YEAR","","COUNTY","FLORIDA","12","NORTHEAST","30","MADISON","079","","","00000000","","PEANUTS","PEANUTS - ACRES PLANTED","TOTAL","NOT SPECIFIED","900",""
"SURVEY","1995","YEAR","","COUNTY","FLORIDA","12","NORTHEAST","30","MADISON","079","","","00000000","","PEANUTS","PEANUTS - PRODUCTION, MEASURED IN LB","TOTAL","NOT SPECIFIED","2,172,000",""
"SURVEY","1995","YEAR","","COUNTY","FLORIDA","12","NORTHEAST","30","MADISON","079","","","00000000","","PEANUTS","PEANUTS - YIELD, MEASURED IN LB / ACRE","TOTAL","NOT SPECIFIED","2,715",""
"SURVEY","1995","YEAR","","COUNTY","FLORIDA","12","NORTHEAST","30","OTHER (COMBINED) COUNTIES","","","","00000000","","PEANUTS","PEANUTS - ACRES HARVESTED","TOTAL","NOT SPECIFIED","300",""
"SURVEY","1995","YEAR","","COUNTY","FLORIDA","12","NORTHEAST","30","OTHER (COMBINED) COUNTIES","","","","00000000","","PEANUTS","PEANUTS - ACRES PLANTED","TOTAL","NOT SPECIFIED","300",""
"SURVEY","1995","YEAR","","COUNTY","FLORIDA","12","NORTHEAST","30","OTHER (COMBINED) COUNTIES","","","","00000000","","PEANUTS","PEANUTS - PRODUCTION, MEASURED IN LB","TOTAL","NOT SPECIFIED","863,000",""
"SURVEY","1995","YEAR","","COUNTY","FLORIDA","12","NORTHEAST","30","OTHER (COMBINED) COUNTIES","","","","00000000","","PEANUTS","PEANUTS - YIELD, MEASURED IN LB / ACRE","TOTAL","NOT SPECIFIED","2,875",""
"SURVEY","1995","YEAR","","COUNTY","FLORIDA","12","NORTHEAST","30","SUWANNEE","121","","","00000000","","PEANUTS","PEANUTS - ACRES HARVESTED","TOTAL","NOT SPECIFIED","4,300",""
"SURVEY","1995","YEAR","","COUNTY","FLORIDA","12","NORTHEAST","30","SUWANNEE","121","","","00000000","","PEANUTS","PEANUTS - ACRES PLANTED","TOTAL","NOT SPECIFIED","4,700",""
"SURVEY","1995","YEAR","","COUNTY","FLORIDA","12","NORTHEAST","30","SUWANNEE","121","","","00000000","","PEANUTS","PEANUTS - PRODUCTION, MEASURED IN LB","TOTAL","NOT SPECIFIED","12,630,000",""
"SURVEY","1995","YEAR","","COUNTY","FLORIDA","12","NORTHEAST","30","SUWANNEE","121","","","00000000","","PEANUTS","PEANUTS - YIELD, MEASURED IN LB / ACRE","TOTAL","NOT SPECIFIED","2,935",""
"SURVEY","1995","YEAR","","COUNTY","FLORIDA","12","NORTHWEST","10","CALHOUN","013","","","00000000","","PEANUTS","PEANUTS - ACRES HARVESTED","TOTAL","NOT SPECIFIED","3,500",""
"SURVEY","1995","YEAR","","COUNTY","FLORIDA","12","NORTHWEST","10","CALHOUN","013","","","00000000","","PEANUTS","PEANUTS - ACRES PLANTED","TOTAL","NOT SPECIFIED","3,600",""
"SURVEY","1995","YEAR","","COUNTY","FLORIDA","12","NORTHWEST","10","CALHOUN","013","","","00000000","","PEANUTS","PEANUTS - PRODUCTION, MEASURED IN LB","TOTAL","NOT SPECIFIED","7,816,000",""
"SURVEY","1995","YEAR","","COUNTY","FLORIDA","12","NORTHWEST","10","CALHOUN","013","","","00000000","","PEANUTS","PEANUTS - YIELD, MEASURED IN LB / ACRE","TOTAL","NOT SPECIFIED","2,235",""
"SURVEY","1995","YEAR","","COUNTY","FLORIDA","12","NORTHWEST","10","GADSDEN","039","","","00000000","","PEANUTS","PEANUTS - ACRES HARVESTED","TOTAL","NOT SPECIFIED","700",""
"SURVEY","1995","YEAR","","COUNTY","FLORIDA","12","NORTHWEST","10","GADSDEN","039","","","00000000","","PEANUTS","PEANUTS - ACRES PLANTED","TOTAL","NOT SPECIFIED","700",""
"SURVEY","1995","YEAR","","COUNTY","FLORIDA","12","NORTHWEST","10","GADSDEN","039","","","00000000","","PEANUTS","PEANUTS - PRODUCTION, MEASURED IN LB","TOTAL","NOT SPECIFIED","1,395,000",""
"SURVEY","1995","YEAR","","COUNTY","FLORIDA","12","NORTHWEST","10","GADSDEN","039","","","00000000","","PEANUTS","PEANUTS - YIELD, MEASURED IN LB / ACRE","TOTAL","NOT SPECIFIED","1,995",""
"SURVEY","1995","YEAR","","COUNTY","FLORIDA","12","NORTHWEST","10","HOLMES","059","","","00000000","","PEANUTS","PEANUTS - ACRES HARVESTED","TOTAL","NOT SPECIFIED","5,300",""
"SURVEY","1995","YEAR","","COUNTY","FLORIDA","12","NORTHWEST","10","HOLMES","059","","","00000000","","PEANUTS","PEANUTS - ACRES PLANTED","TOTAL","NOT SPECIFIED","5,500",""
"SURVEY","1995","YEAR","","COUNTY","FLORIDA","12","NORTHWEST","10","HOLMES","059","","","00000000","","PEANUTS","PEANUTS - PRODUCTION, MEASURED IN LB","TOTAL","NOT SPECIFIED","9,090,000",""
"SURVEY","1995","YEAR","","COUNTY","FLORIDA","12","NORTHWEST","10","HOLMES","059","","","00000000","","PEANUTS","PEANUTS - YIELD, MEASURED IN LB / ACRE","TOTAL","NOT SPECIFIED","1,715",""
"SURVEY","1995","YEAR","","COUNTY","FLORIDA","12","NORTHWEST","10","JACKSON","063","","","00000000","","PEANUTS","PEANUTS - ACRES HARVESTED","TOTAL","NOT SPECIFIED","33,100",""
"SURVEY","1995","YEAR","","COUNTY","FLORIDA","12","NORTHWEST","10","JACKSON","063","","","00000000","","PEANUTS","PEANUTS - ACRES PLANTED","TOTAL","NOT SPECIFIED","34,700",""
"SURVEY","1995","YEAR","","COUNTY","FLORIDA","12","NORTHWEST","10","JACKSON","063","","","00000000","","PEANUTS","PEANUTS - PRODUCTION, MEASURED IN LB","TOTAL","NOT SPECIFIED","68,655,000",""
"SURVEY","1995","YEAR","","COUNTY","FLORIDA","12","NORTHWEST","10","JACKSON","063","","","00000000","","PEANUTS","PEANUTS - YIELD, MEASURED IN LB / ACRE","TOTAL","NOT SPECIFIED","2,075",""
"SURVEY","1995","YEAR","","COUNTY","FLORIDA","12","NORTHWEST","10","JEFFERSON","065","","","00000000","","PEANUTS","PEANUTS - ACRES HARVESTED","TOTAL","NOT SPECIFIED","900",""
"SURVEY","1995","YEAR","","COUNTY","FLORIDA","12","NORTHWEST","10","JEFFERSON","065","","","00000000","","PEANUTS","PEANUTS - ACRES PLANTED","TOTAL","NOT SPECIFIED","1,100",""
"SURVEY","1995","YEAR","","COUNTY","FLORIDA","12","NORTHWEST","10","JEFFERSON","065","","","00000000","","PEANUTS","PEANUTS - PRODUCTION, MEASURED IN LB","TOTAL","NOT SPECIFIED","2,491,000",""
"SURVEY","1995","YEAR","","COUNTY","FLORIDA","12","NORTHWEST","10","JEFFERSON","065","","","00000000","","PEANUTS","PEANUTS - YIELD, MEASURED IN LB / ACRE","TOTAL","NOT SPECIFIED","2,770",""
"SURVEY","1995","YEAR","","COUNTY","FLORIDA","12","NORTHWEST","10","LEON","073","","","00000000","","PEANUTS","PEANUTS - ACRES HARVESTED","TOTAL","NOT SPECIFIED","400",""
"SURVEY","1995","YEAR","","COUNTY","FLORIDA","12","NORTHWEST","10","LEON","073","","","00000000","","PEANUTS","PEANUTS - ACRES PLANTED","TOTAL","NOT SPECIFIED","400",""
"SURVEY","1995","YEAR","","COUNTY","FLORIDA","12","NORTHWEST","10","LEON","073","","","00000000","","PEANUTS","PEANUTS - PRODUCTION, MEASURED IN LB","TOTAL","NOT SPECIFIED","1,020,000",""
"SURVEY","1995","YEAR","","COUNTY","FLORIDA","12","NORTHWEST","10","LEON","073","","","00000000","","PEANUTS","PEANUTS - YIELD, MEASURED IN LB / ACRE","TOTAL","NOT SPECIFIED","2,550",""
"SURVEY","1995","YEAR","","COUNTY","FLORIDA","12","NORTHWEST","10","OKALOOSA","091","","","00000000","","PEANUTS","PEANUTS - ACRES HARVESTED","TOTAL","NOT SPECIFIED","800",""
"SURVEY","1995","YEAR","","COUNTY","FLORIDA","12","NORTHWEST","10","OKALOOSA","091","","","00000000","","PEANUTS","PEANUTS - ACRES PLANTED","TOTAL","NOT SPECIFIED","900",""
"SURVEY","1995","YEAR","","COUNTY","FLORIDA","12","NORTHWEST","10","OKALOOSA","091","","","00000000","","PEANUTS","PEANUTS - PRODUCTION, MEASURED IN LB","TOTAL","NOT SPECIFIED","2,140,000",""
"SURVEY","1995","YEAR","","COUNTY","FLORIDA","12","NORTHWEST","10","OKALOOSA","091","","","00000000","","PEANUTS","PEANUTS - YIELD, MEASURED IN LB / ACRE","TOTAL","NOT SPECIFIED","2,675",""
"SURVEY","1995","YEAR","","COUNTY","FLORIDA","12","NORTHWEST","10","OTHER (COMBINED) COUNTIES","","","","00000000","","PEANUTS","PEANUTS - ACRES HARVESTED","TOTAL","NOT SPECIFIED","400",""
"SURVEY","1995","YEAR","","COUNTY","FLORIDA","12","NORTHWEST","10","OTHER (COMBINED) COUNTIES","","","","00000000","","PEANUTS","PEANUTS - ACRES PLANTED","TOTAL","NOT SPECIFIED","500",""
"SURVEY","1995","YEAR","","COUNTY","FLORIDA","12","NORTHWEST","10","OTHER (COMBINED) COUNTIES","","","","00000000","","PEANUTS","PEANUTS - PRODUCTION, MEASURED IN LB","TOTAL","NOT SPECIFIED","707,000",""
"SURVEY","1995","YEAR","","COUNTY","FLORIDA","12","NORTHWEST","10","OTHER (COMBINED) COUNTIES","","","","00000000","","PEANUTS","PEANUTS - YIELD, MEASURED IN LB / ACRE","TOTAL","NOT SPECIFIED","1,770",""
"SURVEY","1995","YEAR","","COUNTY","FLORIDA","12","NORTHWEST","10","SANTA ROSA","113","","","00000000","","PEANUTS","PEANUTS - ACRES HARVESTED","TOTAL","NOT SPECIFIED","11,900",""
"SURVEY","1995","YEAR","","COUNTY","FLORIDA","12","NORTHWEST","10","SANTA ROSA","113","","","00000000","","PEANUTS","PEANUTS - ACRES PLANTED","TOTAL","NOT SPECIFIED","12,400",""
"SURVEY","1995","YEAR","","COUNTY","FLORIDA","12","NORTHWEST","10","SANTA ROSA","113","","","00000000","","PEANUTS","PEANUTS - PRODUCTION, MEASURED IN LB","TOTAL","NOT SPECIFIED","35,139,000",""
"SURVEY","1995","YEAR","","COUNTY","FLORIDA","12","NORTHWEST","10","SANTA ROSA","113","","","00000000","","PEANUTS","PEANUTS - YIELD, MEASURED IN LB / ACRE","TOTAL","NOT SPECIFIED","2,955",""
"SURVEY","1995","YEAR","","COUNTY","FLORIDA","12","NORTHWEST","10","WALTON","131","","","00000000","","PEANUTS","PEANUTS - ACRES HARVESTED","TOTAL","NOT SPECIFIED","5,300",""
"SURVEY","1995","YEAR","","COUNTY","FLORIDA","12","NORTHWEST","10","WALTON","131","","","00000000","","PEANUTS","PEANUTS - ACRES PLANTED","TOTAL","NOT SPECIFIED","5,500",""
"SURVEY","1995","YEAR","","COUNTY","FLORIDA","12","NORTHWEST","10","WALTON","131","","","00000000","","PEANUTS","PEANUTS - PRODUCTION, MEASURED IN LB","TOTAL","NOT SPECIFIED","11,964,000",""
"SURVEY","1995","YEAR","","COUNTY","FLORIDA","12","NORTHWEST","10","WALTON","131","","","00000000","","PEANUTS","PEANUTS - YIELD, MEASURED IN LB / ACRE","TOTAL","NOT SPECIFIED","2,255",""
"SURVEY","1995","YEAR","","COUNTY","FLORIDA","12","NORTHWEST","10","WASHINGTON","133","","","00000000","","PEANUTS","PEANUTS - ACRES HARVESTED","TOTAL","NOT SPECIFIED","2,100",""
"SURVEY","1995","YEAR","","COUNTY","FLORIDA","12","NORTHWEST","10","WASHINGTON","133","","","00000000","","PEANUTS","PEANUTS - ACRES PLANTED","TOTAL","NOT SPECIFIED","2,300",""
"SURVEY","1995","YEAR","","COUNTY","FLORIDA","12","NORTHWEST","10","WASHINGTON","133","","","00000000","","PEANUTS","PEANUTS - PRODUCTION, MEASURED IN LB","TOTAL","NOT SPECIFIED","5,207,000",""
"SURVEY","1995","YEAR","","COUNTY","FLORIDA","12","NORTHWEST","10","WASHINGTON","133","","","00000000","","PEANUTS","PEANUTS - YIELD, MEASURED IN LB / ACRE","TOTAL","NOT SPECIFIED","2,480",""
"SURVEY","1994","YEAR","","COUNTY","FLORIDA","12","CENTRAL","50","ALACHUA","001","","","00000000","","PEANUTS","PEANUTS - ACRES HARVESTED","TOTAL","NOT SPECIFIED","1,600",""
"SURVEY","1994","YEAR","","COUNTY","FLORIDA","12","CENTRAL","50","ALACHUA","001","","","00000000","","PEANUTS","PEANUTS - ACRES PLANTED","TOTAL","NOT SPECIFIED","1,700",""
"SURVEY","1994","YEAR","","COUNTY","FLORIDA","12","CENTRAL","50","ALACHUA","001","","","00000000","","PEANUTS","PEANUTS - PRODUCTION, MEASURED IN LB","TOTAL","NOT SPECIFIED","4,713,000",""
"SURVEY","1994","YEAR","","COUNTY","FLORIDA","12","CENTRAL","50","ALACHUA","001","","","00000000","","PEANUTS","PEANUTS - YIELD, MEASURED IN LB / ACRE","TOTAL","NOT SPECIFIED","2,945",""
"SURVEY","1994","YEAR","","COUNTY","FLORIDA","12","CENTRAL","50","GILCHRIST","041","","","00000000","","PEANUTS","PEANUTS - ACRES HARVESTED","TOTAL","NOT SPECIFIED","400",""
"SURVEY","1994","YEAR","","COUNTY","FLORIDA","12","CENTRAL","50","GILCHRIST","041","","","00000000","","PEANUTS","PEANUTS - ACRES PLANTED","TOTAL","NOT SPECIFIED","400",""
"SURVEY","1994","YEAR","","COUNTY","FLORIDA","12","CENTRAL","50","GILCHRIST","041","","","00000000","","PEANUTS","PEANUTS - PRODUCTION, MEASURED IN LB","TOTAL","NOT SPECIFIED","990,000",""
"SURVEY","1994","YEAR","","COUNTY","FLORIDA","12","CENTRAL","50","GILCHRIST","041","","","00000000","","PEANUTS","PEANUTS - YIELD, MEASURED IN LB / ACRE","TOTAL","NOT SPECIFIED","2,475",""
"SURVEY","1994","YEAR","","COUNTY","FLORIDA","12","CENTRAL","50","LEVY","075","","","00000000","","PEANUTS","PEANUTS - ACRES HARVESTED","TOTAL","NOT SPECIFIED","4,600",""
"SURVEY","1994","YEAR","","COUNTY","FLORIDA","12","CENTRAL","50","LEVY","075","","","00000000","","PEANUTS","PEANUTS - ACRES PLANTED","TOTAL","NOT SPECIFIED","5,100",""
"SURVEY","1994","YEAR","","COUNTY","FLORIDA","12","CENTRAL","50","LEVY","075","","","00000000","","PEANUTS","PEANUTS - PRODUCTION, MEASURED IN LB","TOTAL","NOT SPECIFIED","14,099,000",""
"SURVEY","1994","YEAR","","COUNTY","FLORIDA","12","CENTRAL","50","LEVY","075","","","00000000","","PEANUTS","PEANUTS - YIELD, MEASURED IN LB / ACRE","TOTAL","NOT SPECIFIED","3,065",""
"SURVEY","1994","YEAR","","COUNTY","FLORIDA","12","CENTRAL","50","MARION","083","","","00000000","","PEANUTS","PEANUTS - ACRES HARVESTED","TOTAL","NOT SPECIFIED","2,500",""
"SURVEY","1994","YEAR","","COUNTY","FLORIDA","12","CENTRAL","50","MARION","083","","","00000000","","PEANUTS","PEANUTS - ACRES PLANTED","TOTAL","NOT SPECIFIED","2,800",""
"SURVEY","1994","YEAR","","COUNTY","FLORIDA","12","CENTRAL","50","MARION","083","","","00000000","","PEANUTS","PEANUTS - PRODUCTION, MEASURED IN LB","TOTAL","NOT SPECIFIED","7,680,000",""
"SURVEY","1994","YEAR","","COUNTY","FLORIDA","12","CENTRAL","50","MARION","083","","","00000000","","PEANUTS","PEANUTS - YIELD, MEASURED IN LB / ACRE","TOTAL","NOT SPECIFIED","3,070",""
"SURVEY","1994","YEAR","","COUNTY","FLORIDA","12","CENTRAL","50","OTHER (COMBINED) COUNTIES","","","","00000000","","PEANUTS","PEANUTS - ACRES HARVESTED","TOTAL","NOT SPECIFIED","100",""
"SURVEY","1994","YEAR","","COUNTY","FLORIDA","12","CENTRAL","50","OTHER (COMBINED) COUNTIES","","","","00000000","","PEANUTS","PEANUTS - ACRES PLANTED","TOTAL","NOT SPECIFIED","800",""
"SURVEY","1994","YEAR","","COUNTY","FLORIDA","12","CENTRAL","50","OTHER (COMBINED) COUNTIES","","","","00000000","","PEANUTS","PEANUTS - PRODUCTION, MEASURED IN LB","TOTAL","NOT SPECIFIED","250,000",""
"SURVEY","1994","YEAR","","COUNTY","FLORIDA","12","CENTRAL","50","OTHER (COMBINED) COUNTIES","","","","00000000","","PEANUTS","PEANUTS - YIELD, MEASURED IN LB / ACRE","TOTAL","NOT SPECIFIED","2,500",""
"SURVEY","1994","YEAR","","COUNTY","FLORIDA","12","NORTHEAST","30","COLUMBIA","023","","","00000000","","PEANUTS","PEANUTS - ACRES HARVESTED","TOTAL","NOT SPECIFIED","1,600",""
"SURVEY","1994","YEAR","","COUNTY","FLORIDA","12","NORTHEAST","30","COLUMBIA","023","","","00000000","","PEANUTS","PEANUTS - ACRES PLANTED","TOTAL","NOT SPECIFIED","1,800",""
"SURVEY","1994","YEAR","","COUNTY","FLORIDA","12","NORTHEAST","30","COLUMBIA","023","","","00000000","","PEANUTS","PEANUTS - PRODUCTION, MEASURED IN LB","TOTAL","NOT SPECIFIED","3,869,000",""
"SURVEY","1994","YEAR","","COUNTY","FLORIDA","12","NORTHEAST","30","COLUMBIA","023","","","00000000","","PEANUTS","PEANUTS - YIELD, MEASURED IN LB / ACRE","TOTAL","NOT SPECIFIED","2,420",""
"SURVEY","1994","YEAR","","COUNTY","FLORIDA","12","NORTHEAST","30","MADISON","079","","","00000000","","PEANUTS","PEANUTS - ACRES HARVESTED","TOTAL","NOT SPECIFIED","900",""
"SURVEY","1994","YEAR","","COUNTY","FLORIDA","12","NORTHEAST","30","MADISON","079","","","00000000","","PEANUTS","PEANUTS - ACRES PLANTED","TOTAL","NOT SPECIFIED","900",""
"SURVEY","1994","YEAR","","COUNTY","FLORIDA","12","NORTHEAST","30","MADISON","079","","","00000000","","PEANUTS","PEANUTS - PRODUCTION, MEASURED IN LB","TOTAL","NOT SPECIFIED","2,146,000",""
"SURVEY","1994","YEAR","","COUNTY","FLORIDA","12","NORTHEAST","30","MADISON","079","","","00000000","","PEANUTS","PEANUTS - YIELD, MEASURED IN LB / ACRE","TOTAL","NOT SPECIFIED","2,385",""
"SURVEY","1994","YEAR","","COUNTY","FLORIDA","12","NORTHEAST","30","OTHER (COMBINED) COUNTIES","","","","00000000","","PEANUTS","PEANUTS - ACRES HARVESTED","TOTAL","NOT SPECIFIED","300",""
"SURVEY","1994","YEAR","","COUNTY","FLORIDA","12","NORTHEAST","30","OTHER (COMBINED) COUNTIES","","","","00000000","","PEANUTS","PEANUTS - ACRES PLANTED","TOTAL","NOT SPECIFIED","300",""
"SURVEY","1994","YEAR","","COUNTY","FLORIDA","12","NORTHEAST","30","OTHER (COMBINED) COUNTIES","","","","00000000","","PEANUTS","PEANUTS - PRODUCTION, MEASURED IN LB","TOTAL","NOT SPECIFIED","960,000",""
"SURVEY","1994","YEAR","","COUNTY","FLORIDA","12","NORTHEAST","30","OTHER (COMBINED) COUNTIES","","","","00000000","","PEANUTS","PEANUTS - YIELD, MEASURED IN LB / ACRE","TOTAL","NOT SPECIFIED","3,200",""
"SURVEY","1994","YEAR","","COUNTY","FLORIDA","12","NORTHEAST","30","SUWANNEE","121","","","00000000","","PEANUTS","PEANUTS - ACRES HARVESTED","TOTAL","NOT SPECIFIED","4,400",""
"SURVEY","1994","YEAR","","COUNTY","FLORIDA","12","NORTHEAST","30","SUWANNEE","121","","","00000000","","PEANUTS","PEANUTS - ACRES PLANTED","TOTAL","NOT SPECIFIED","4,800",""
"SURVEY","1994","YEAR","","COUNTY","FLORIDA","12","NORTHEAST","30","SUWANNEE","121","","","00000000","","PEANUTS","PEANUTS - PRODUCTION, MEASURED IN LB","TOTAL","NOT SPECIFIED","13,639,000",""
"SURVEY","1994","YEAR","","COUNTY","FLORIDA","12","NORTHEAST","30","SUWANNEE","121","","","00000000","","PEANUTS","PEANUTS - YIELD, MEASURED IN LB / ACRE","TOTAL","NOT SPECIFIED","3,100",""
"SURVEY","1994","YEAR","","COUNTY","FLORIDA","12","NORTHWEST","10","CALHOUN","013","","","00000000","","PEANUTS","PEANUTS - ACRES HARVESTED","TOTAL","NOT SPECIFIED","3,500",""
"SURVEY","1994","YEAR","","COUNTY","FLORIDA","12","NORTHWEST","10","CALHOUN","013","","","00000000","","PEANUTS","PEANUTS - ACRES PLANTED","TOTAL","NOT SPECIFIED","3,800",""
"SURVEY","1994","YEAR","","COUNTY","FLORIDA","12","NORTHWEST","10","CALHOUN","013","","","00000000","","PEANUTS","PEANUTS - PRODUCTION, MEASURED IN LB","TOTAL","NOT SPECIFIED","7,540,000",""
"SURVEY","1994","YEAR","","COUNTY","FLORIDA","12","NORTHWEST","10","CALHOUN","013","","","00000000","","PEANUTS","PEANUTS - YIELD, MEASURED IN LB / ACRE","TOTAL","NOT SPECIFIED","2,155",""
"SURVEY","1994","YEAR","","COUNTY","FLORIDA","12","NORTHWEST","10","GADSDEN","039","","","00000000","","PEANUTS","PEANUTS - ACRES HARVESTED","TOTAL","NOT SPECIFIED","700",""
"SURVEY","1994","YEAR","","COUNTY","FLORIDA","12","NORTHWEST","10","GADSDEN","039","","","00000000","","PEANUTS","PEANUTS - ACRES PLANTED","TOTAL","NOT SPECIFIED","800",""
"SURVEY","1994","YEAR","","COUNTY","FLORIDA","12","NORTHWEST","10","GADSDEN","039","","","00000000","","PEANUTS","PEANUTS - PRODUCTION, MEASURED IN LB","TOTAL","NOT SPECIFIED","1,337,000",""
"SURVEY","1994","YEAR","","COUNTY","FLORIDA","12","NORTHWEST","10","GADSDEN","039","","","00000000","","PEANUTS","PEANUTS - YIELD, MEASURED IN LB / ACRE","TOTAL","NOT SPECIFIED","1,910",""
"SURVEY","1994","YEAR","","COUNTY","FLORIDA","12","NORTHWEST","10","HOLMES","059","","","00000000","","PEANUTS","PEANUTS - ACRES HARVESTED","TOTAL","NOT SPECIFIED","5,800",""
"SURVEY","1994","YEAR","","COUNTY","FLORIDA","12","NORTHWEST","10","HOLMES","059","","","00000000","","PEANUTS","PEANUTS - ACRES PLANTED","TOTAL","NOT SPECIFIED","6,300",""
"SURVEY","1994","YEAR","","COUNTY","FLORIDA","12","NORTHWEST","10","HOLMES","059","","","00000000","","PEANUTS","PEANUTS - PRODUCTION, MEASURED IN LB","TOTAL","NOT SPECIFIED","8,959,000",""
"SURVEY","1994","YEAR","","COUNTY","FLORIDA","12","NORTHWEST","10","HOLMES","059","","","00000000","","PEANUTS","PEANUTS - YIELD, MEASURED IN LB / ACRE","TOTAL","NOT SPECIFIED","1,545",""
"SURVEY","1994","YEAR","","COUNTY","FLORIDA","12","NORTHWEST","10","JACKSON","063","","","00000000","","PEANUTS","PEANUTS - ACRES HARVESTED","TOTAL","NOT SPECIFIED","35,300",""
"SURVEY","1994","YEAR","","COUNTY","FLORIDA","12","NORTHWEST","10","JACKSON","063","","","00000000","","PEANUTS","PEANUTS - ACRES PLANTED","TOTAL","NOT SPECIFIED","38,000",""
"SURVEY","1994","YEAR","","COUNTY","FLORIDA","12","NORTHWEST","10","JACKSON","063","","","00000000","","PEANUTS","PEANUTS - PRODUCTION, MEASURED IN LB","TOTAL","NOT SPECIFIED","82,453,000",""
"SURVEY","1994","YEAR","","COUNTY","FLORIDA","12","NORTHWEST","10","JACKSON","063","","","00000000","","PEANUTS","PEANUTS - YIELD, MEASURED IN LB / ACRE","TOTAL","NOT SPECIFIED","2,335",""
"SURVEY","1994","YEAR","","COUNTY","FLORIDA","12","NORTHWEST","10","JEFFERSON","065","","","00000000","","PEANUTS","PEANUTS - ACRES HARVESTED","TOTAL","NOT SPECIFIED","1,000",""
"SURVEY","1994","YEAR","","COUNTY","FLORIDA","12","NORTHWEST","10","JEFFERSON","065","","","00000000","","PEANUTS","PEANUTS - ACRES PLANTED","TOTAL","NOT SPECIFIED","1,100",""
"SURVEY","1994","YEAR","","COUNTY","FLORIDA","12","NORTHWEST","10","JEFFERSON","065","","","00000000","","PEANUTS","PEANUTS - PRODUCTION, MEASURED IN LB","TOTAL","NOT SPECIFIED","2,400,000",""
"SURVEY","1994","YEAR","","COUNTY","FLORIDA","12","NORTHWEST","10","JEFFERSON","065","","","00000000","","PEANUTS","PEANUTS - YIELD, MEASURED IN LB / ACRE","TOTAL","NOT SPECIFIED","2,400",""
"SURVEY","1994","YEAR","","COUNTY","FLORIDA","12","NORTHWEST","10","LEON","073","","","00000000","","PEANUTS","PEANUTS - ACRES HARVESTED","TOTAL","NOT SPECIFIED","400",""
"SURVEY","1994","YEAR","","COUNTY","FLORIDA","12","NORTHWEST","10","LEON","073","","","00000000","","PEANUTS","PEANUTS - ACRES PLANTED","TOTAL","NOT SPECIFIED","500",""
"SURVEY","1994","YEAR","","COUNTY","FLORIDA","12","NORTHWEST","10","LEON","073","","","00000000","","PEANUTS","PEANUTS - PRODUCTION, MEASURED IN LB","TOTAL","NOT SPECIFIED","804,000",""
"SURVEY","1994","YEAR","","COUNTY","FLORIDA","12","NORTHWEST","10","LEON","073","","","00000000","","PEANUTS","PEANUTS - YIELD, MEASURED IN LB / ACRE","TOTAL","NOT SPECIFIED","2,010",""
"SURVEY","1994","YEAR","","COUNTY","FLORIDA","12","NORTHWEST","10","OKALOOSA","091","","","00000000","","PEANUTS","PEANUTS - ACRES HARVESTED","TOTAL","NOT SPECIFIED","800",""
"SURVEY","1994","YEAR","","COUNTY","FLORIDA","12","NORTHWEST","10","OKALOOSA","091","","","00000000","","PEANUTS","PEANUTS - ACRES PLANTED","TOTAL","NOT SPECIFIED","900",""
"SURVEY","1994","YEAR","","COUNTY","FLORIDA","12","NORTHWEST","10","OKALOOSA","091","","","00000000","","PEANUTS","PEANUTS - PRODUCTION, MEASURED IN LB","TOTAL","NOT SPECIFIED","2,104,000",""
"SURVEY","1994","YEAR","","COUNTY","FLORIDA","12","NORTHWEST","10","OKALOOSA","091","","","00000000","","PEANUTS","PEANUTS - YIELD, MEASURED IN LB / ACRE","TOTAL","NOT SPECIFIED","2,630",""
"SURVEY","1994","YEAR","","COUNTY","FLORIDA","12","NORTHWEST","10","OTHER (COMBINED) COUNTIES","","","","00000000","","PEANUTS","PEANUTS - ACRES HARVESTED","TOTAL","NOT SPECIFIED","600",""
"SURVEY","1994","YEAR","","COUNTY","FLORIDA","12","NORTHWEST","10","OTHER (COMBINED) COUNTIES","","","","00000000","","PEANUTS","PEANUTS - ACRES PLANTED","TOTAL","NOT SPECIFIED","600",""
"SURVEY","1994","YEAR","","COUNTY","FLORIDA","12","NORTHWEST","10","OTHER (COMBINED) COUNTIES","","","","00000000","","PEANUTS","PEANUTS - PRODUCTION, MEASURED IN LB","TOTAL","NOT SPECIFIED","1,416,000",""
"SURVEY","1994","YEAR","","COUNTY","FLORIDA","12","NORTHWEST","10","OTHER (COMBINED) COUNTIES","","","","00000000","","PEANUTS","PEANUTS - YIELD, MEASURED IN LB / ACRE","TOTAL","NOT SPECIFIED","2,360",""
"SURVEY","1994","YEAR","","COUNTY","FLORIDA","12","NORTHWEST","10","SANTA ROSA","113","","","00000000","","PEANUTS","PEANUTS - ACRES HARVESTED","TOTAL","NOT SPECIFIED","12,500",""
"SURVEY","1994","YEAR","","COUNTY","FLORIDA","12","NORTHWEST","10","SANTA ROSA","113","","","00000000","","PEANUTS","PEANUTS - ACRES PLANTED","TOTAL","NOT SPECIFIED","13,700",""
"SURVEY","1994","YEAR","","COUNTY","FLORIDA","12","NORTHWEST","10","SANTA ROSA","113","","","00000000","","PEANUTS","PEANUTS - PRODUCTION, MEASURED IN LB","TOTAL","NOT SPECIFIED","39,695,000",""
"SURVEY","1994","YEAR","","COUNTY","FLORIDA","12","NORTHWEST","10","SANTA ROSA","113","","","00000000","","PEANUTS","PEANUTS - YIELD, MEASURED IN LB / ACRE","TOTAL","NOT SPECIFIED","3,175",""
"SURVEY","1994","YEAR","","COUNTY","FLORIDA","12","NORTHWEST","10","WALTON","131","","","00000000","","PEANUTS","PEANUTS - ACRES HARVESTED","TOTAL","NOT SPECIFIED","5,000",""
"SURVEY","1994","YEAR","","COUNTY","FLORIDA","12","NORTHWEST","10","WALTON","131","","","00000000","","PEANUTS","PEANUTS - ACRES PLANTED","TOTAL","NOT SPECIFIED","5,500",""
"SURVEY","1994","YEAR","","COUNTY","FLORIDA","12","NORTHWEST","10","WALTON","131","","","00000000","","PEANUTS","PEANUTS - PRODUCTION, MEASURED IN LB","TOTAL","NOT SPECIFIED","9,073,000",""
"SURVEY","1994","YEAR","","COUNTY","FLORIDA","12","NORTHWEST","10","WALTON","131","","","00000000","","PEANUTS","PEANUTS - YIELD, MEASURED IN LB / ACRE","TOTAL","NOT SPECIFIED","1,815",""
"SURVEY","1994","YEAR","","COUNTY","FLORIDA","12","NORTHWEST","10","WASHINGTON","133","","","00000000","","PEANUTS","PEANUTS - ACRES HARVESTED","TOTAL","NOT SPECIFIED","2,000",""
"SURVEY","1994","YEAR","","COUNTY","FLORIDA","12","NORTHWEST","10","WASHINGTON","133","","","00000000","","PEANUTS","PEANUTS - ACRES PLANTED","TOTAL","NOT SPECIFIED","2,200",""
"SURVEY","1994","YEAR","","COUNTY","FLORIDA","12","NORTHWEST","10","WASHINGTON","133","","","00000000","","PEANUTS","PEANUTS - PRODUCTION, MEASURED IN LB","TOTAL","NOT SPECIFIED","3,353,000",""
"SURVEY","1994","YEAR","","COUNTY","FLORIDA","12","NORTHWEST","10","WASHINGTON","133","","","00000000","","PEANUTS","PEANUTS - YIELD, MEASURED IN LB / ACRE","TOTAL","NOT SPECIFIED","1,675",""
"SURVEY","1993","YEAR","","COUNTY","FLORIDA","12","CENTRAL","50","ALACHUA","001","","","00000000","","PEANUTS","PEANUTS - ACRES HARVESTED","TOTAL","NOT SPECIFIED","1,700",""
"SURVEY","1993","YEAR","","COUNTY","FLORIDA","12","CENTRAL","50","ALACHUA","001","","","00000000","","PEANUTS","PEANUTS - PRODUCTION, MEASURED IN LB","TOTAL","NOT SPECIFIED","3,569,000",""
"SURVEY","1993","YEAR","","COUNTY","FLORIDA","12","CENTRAL","50","ALACHUA","001","","","00000000","","PEANUTS","PEANUTS - YIELD, MEASURED IN LB / ACRE","TOTAL","NOT SPECIFIED","2,100",""
"SURVEY","1993","YEAR","","COUNTY","FLORIDA","12","CENTRAL","50","GILCHRIST","041","","","00000000","","PEANUTS","PEANUTS - ACRES HARVESTED","TOTAL","NOT SPECIFIED","400",""
"SURVEY","1993","YEAR","","COUNTY","FLORIDA","12","CENTRAL","50","GILCHRIST","041","","","00000000","","PEANUTS","PEANUTS - PRODUCTION, MEASURED IN LB","TOTAL","NOT SPECIFIED","783,000",""
"SURVEY","1993","YEAR","","COUNTY","FLORIDA","12","CENTRAL","50","GILCHRIST","041","","","00000000","","PEANUTS","PEANUTS - YIELD, MEASURED IN LB / ACRE","TOTAL","NOT SPECIFIED","1,960",""
"SURVEY","1993","YEAR","","COUNTY","FLORIDA","12","CENTRAL","50","LEVY","075","","","00000000","","PEANUTS","PEANUTS - ACRES HARVESTED","TOTAL","NOT SPECIFIED","4,200",""
"SURVEY","1993","YEAR","","COUNTY","FLORIDA","12","CENTRAL","50","LEVY","075","","","00000000","","PEANUTS","PEANUTS - PRODUCTION, MEASURED IN LB","TOTAL","NOT SPECIFIED","10,347,000",""
"SURVEY","1993","YEAR","","COUNTY","FLORIDA","12","CENTRAL","50","LEVY","075","","","00000000","","PEANUTS","PEANUTS - YIELD, MEASURED IN LB / ACRE","TOTAL","NOT SPECIFIED","2,465",""
"SURVEY","1993","YEAR","","COUNTY","FLORIDA","12","CENTRAL","50","MARION","083","","","00000000","","PEANUTS","PEANUTS - ACRES HARVESTED","TOTAL","NOT SPECIFIED","2,300",""
"SURVEY","1993","YEAR","","COUNTY","FLORIDA","12","CENTRAL","50","MARION","083","","","00000000","","PEANUTS","PEANUTS - PRODUCTION, MEASURED IN LB","TOTAL","NOT SPECIFIED","3,635,000",""
"SURVEY","1993","YEAR","","COUNTY","FLORIDA","12","CENTRAL","50","MARION","083","","","00000000","","PEANUTS","PEANUTS - YIELD, MEASURED IN LB / ACRE","TOTAL","NOT SPECIFIED","1,580",""
"SURVEY","1993","YEAR","","COUNTY","FLORIDA","12","CENTRAL","50","OTHER (COMBINED) COUNTIES","","","","00000000","","PEANUTS","PEANUTS - ACRES HARVESTED","TOTAL","NOT SPECIFIED","100",""
"SURVEY","1993","YEAR","","COUNTY","FLORIDA","12","CENTRAL","50","OTHER (COMBINED) COUNTIES","","","","00000000","","PEANUTS","PEANUTS - PRODUCTION, MEASURED IN LB","TOTAL","NOT SPECIFIED","143,000",""
"SURVEY","1993","YEAR","","COUNTY","FLORIDA","12","CENTRAL","50","OTHER (COMBINED) COUNTIES","","","","00000000","","PEANUTS","PEANUTS - YIELD, MEASURED IN LB / ACRE","TOTAL","NOT SPECIFIED","1,430",""
"SURVEY","1993","YEAR","","COUNTY","FLORIDA","12","NORTHEAST","30","COLUMBIA","023","","","00000000","","PEANUTS","PEANUTS - ACRES HARVESTED","TOTAL","NOT SPECIFIED","1,200",""
"SURVEY","1993","YEAR","","COUNTY","FLORIDA","12","NORTHEAST","30","COLUMBIA","023","","","00000000","","PEANUTS","PEANUTS - PRODUCTION, MEASURED IN LB","TOTAL","NOT SPECIFIED","2,448,000",""
"SURVEY","1993","YEAR","","COUNTY","FLORIDA","12","NORTHEAST","30","COLUMBIA","023","","","00000000","","PEANUTS","PEANUTS - YIELD, MEASURED IN LB / ACRE","TOTAL","NOT SPECIFIED","2,040",""
"SURVEY","1993","YEAR","","COUNTY","FLORIDA","12","NORTHEAST","30","MADISON","079","","","00000000","","PEANUTS","PEANUTS - ACRES HARVESTED","TOTAL","NOT SPECIFIED","700",""
"SURVEY","1993","YEAR","","COUNTY","FLORIDA","12","NORTHEAST","30","MADISON","079","","","00000000","","PEANUTS","PEANUTS - PRODUCTION, MEASURED IN LB","TOTAL","NOT SPECIFIED","1,739,000",""
"SURVEY","1993","YEAR","","COUNTY","FLORIDA","12","NORTHEAST","30","MADISON","079","","","00000000","","PEANUTS","PEANUTS - YIELD, MEASURED IN LB / ACRE","TOTAL","NOT SPECIFIED","2,485",""
"SURVEY","1993","YEAR","","COUNTY","FLORIDA","12","NORTHEAST","30","OTHER (COMBINED) COUNTIES","","","","00000000","","PEANUTS","PEANUTS - ACRES HARVESTED","TOTAL","NOT SPECIFIED","300",""
"SURVEY","1993","YEAR","","COUNTY","FLORIDA","12","NORTHEAST","30","OTHER (COMBINED) COUNTIES","","","","00000000","","PEANUTS","PEANUTS - PRODUCTION, MEASURED IN LB","TOTAL","NOT SPECIFIED","674,000",""
"SURVEY","1993","YEAR","","COUNTY","FLORIDA","12","NORTHEAST","30","OTHER (COMBINED) COUNTIES","","","","00000000","","PEANUTS","PEANUTS - YIELD, MEASURED IN LB / ACRE","TOTAL","NOT SPECIFIED","2,245",""
"SURVEY","1993","YEAR","","COUNTY","FLORIDA","12","NORTHEAST","30","SUWANNEE","121","","","00000000","","PEANUTS","PEANUTS - ACRES HARVESTED","TOTAL","NOT SPECIFIED","4,200",""
"SURVEY","1993","YEAR","","COUNTY","FLORIDA","12","NORTHEAST","30","SUWANNEE","121","","","00000000","","PEANUTS","PEANUTS - PRODUCTION, MEASURED IN LB","TOTAL","NOT SPECIFIED","11,601,000",""
"SURVEY","1993","YEAR","","COUNTY","FLORIDA","12","NORTHEAST","30","SUWANNEE","121","","","00000000","","PEANUTS","PEANUTS - YIELD, MEASURED IN LB / ACRE","TOTAL","NOT SPECIFIED","2,760",""
"SURVEY","1993","YEAR","","COUNTY","FLORIDA","12","NORTHWEST","10","CALHOUN","013","","","00000000","","PEANUTS","PEANUTS - ACRES HARVESTED","TOTAL","NOT SPECIFIED","3,500",""
"SURVEY","1993","YEAR","","COUNTY","FLORIDA","12","NORTHWEST","10","CALHOUN","013","","","00000000","","PEANUTS","PEANUTS - PRODUCTION, MEASURED IN LB","TOTAL","NOT SPECIFIED","8,191,000",""
"SURVEY","1993","YEAR","","COUNTY","FLORIDA","12","NORTHWEST","10","CALHOUN","013","","","00000000","","PEANUTS","PEANUTS - YIELD, MEASURED IN LB / ACRE","TOTAL","NOT SPECIFIED","2,340",""
"SURVEY","1993","YEAR","","COUNTY","FLORIDA","12","NORTHWEST","10","GADSDEN","039","","","00000000","","PEANUTS","PEANUTS - ACRES HARVESTED","TOTAL","NOT SPECIFIED","800",""
"SURVEY","1993","YEAR","","COUNTY","FLORIDA","12","NORTHWEST","10","GADSDEN","039","","","00000000","","PEANUTS","PEANUTS - PRODUCTION, MEASURED IN LB","TOTAL","NOT SPECIFIED","1,730,000",""
"SURVEY","1993","YEAR","","COUNTY","FLORIDA","12","NORTHWEST","10","GADSDEN","039","","","00000000","","PEANUTS","PEANUTS - YIELD, MEASURED IN LB / ACRE","TOTAL","NOT SPECIFIED","2,165",""
"SURVEY","1993","YEAR","","COUNTY","FLORIDA","12","NORTHWEST","10","HOLMES","059","","","00000000","","PEANUTS","PEANUTS - ACRES HARVESTED","TOTAL","NOT SPECIFIED","6,000",""
"SURVEY","1993","YEAR","","COUNTY","FLORIDA","12","NORTHWEST","10","HOLMES","059","","","00000000","","PEANUTS","PEANUTS - PRODUCTION, MEASURED IN LB","TOTAL","NOT SPECIFIED","11,873,000",""
"SURVEY","1993","YEAR","","COUNTY","FLORIDA","12","NORTHWEST","10","HOLMES","059","","","00000000","","PEANUTS","PEANUTS - YIELD, MEASURED IN LB / ACRE","TOTAL","NOT SPECIFIED","1,980",""
"SURVEY","1993","YEAR","","COUNTY","FLORIDA","12","NORTHWEST","10","JACKSON","063","","","00000000","","PEANUTS","PEANUTS - ACRES HARVESTED","TOTAL","NOT SPECIFIED","37,100",""
"SURVEY","1993","YEAR","","COUNTY","FLORIDA","12","NORTHWEST","10","JACKSON","063","","","00000000","","PEANUTS","PEANUTS - PRODUCTION, MEASURED IN LB","TOTAL","NOT SPECIFIED","81,485,000",""
"SURVEY","1993","YEAR","","COUNTY","FLORIDA","12","NORTHWEST","10","JACKSON","063","","","00000000","","PEANUTS","PEANUTS - YIELD, MEASURED IN LB / ACRE","TOTAL","NOT SPECIFIED","2,195",""
"SURVEY","1993","YEAR","","COUNTY","FLORIDA","12","NORTHWEST","10","JEFFERSON","065","","","00000000","","PEANUTS","PEANUTS - ACRES HARVESTED","TOTAL","NOT SPECIFIED","1,000",""
"SURVEY","1993","YEAR","","COUNTY","FLORIDA","12","NORTHWEST","10","JEFFERSON","065","","","00000000","","PEANUTS","PEANUTS - PRODUCTION, MEASURED IN LB","TOTAL","NOT SPECIFIED","2,095,000",""
"SURVEY","1993","YEAR","","COUNTY","FLORIDA","12","NORTHWEST","10","JEFFERSON","065","","","00000000","","PEANUTS","PEANUTS - YIELD, MEASURED IN LB / ACRE","TOTAL","NOT SPECIFIED","2,095",""
"SURVEY","1993","YEAR","","COUNTY","FLORIDA","12","NORTHWEST","10","LEON","073","","","00000000","","PEANUTS","PEANUTS - ACRES HARVESTED","TOTAL","NOT SPECIFIED","600",""
"SURVEY","1993","YEAR","","COUNTY","FLORIDA","12","NORTHWEST","10","LEON","073","","","00000000","","PEANUTS","PEANUTS - PRODUCTION, MEASURED IN LB","TOTAL","NOT SPECIFIED","1,083,000",""
"SURVEY","1993","YEAR","","COUNTY","FLORIDA","12","NORTHWEST","10","LEON","073","","","00000000","","PEANUTS","PEANUTS - YIELD, MEASURED IN LB / ACRE","TOTAL","NOT SPECIFIED","1,805",""
"SURVEY","1993","YEAR","","COUNTY","FLORIDA","12","NORTHWEST","10","OKALOOSA","091","","","00000000","","PEANUTS","PEANUTS - ACRES HARVESTED","TOTAL","NOT SPECIFIED","1,100",""
"SURVEY","1993","YEAR","","COUNTY","FLORIDA","12","NORTHWEST","10","OKALOOSA","091","","","00000000","","PEANUTS","PEANUTS - PRODUCTION, MEASURED IN LB","TOTAL","NOT SPECIFIED","2,401,000",""
"SURVEY","1993","YEAR","","COUNTY","FLORIDA","12","NORTHWEST","10","OKALOOSA","091","","","00000000","","PEANUTS","PEANUTS - YIELD, MEASURED IN LB / ACRE","TOTAL","NOT SPECIFIED","2,185",""
"SURVEY","1993","YEAR","","COUNTY","FLORIDA","12","NORTHWEST","10","OTHER (COMBINED) COUNTIES","","","","00000000","","PEANUTS","PEANUTS - ACRES HARVESTED","TOTAL","NOT SPECIFIED","600",""
"SURVEY","1993","YEAR","","COUNTY","FLORIDA","12","NORTHWEST","10","OTHER (COMBINED) COUNTIES","","","","00000000","","PEANUTS","PEANUTS - PRODUCTION, MEASURED IN LB","TOTAL","NOT SPECIFIED","728,000",""
"SURVEY","1993","YEAR","","COUNTY","FLORIDA","12","NORTHWEST","10","OTHER (COMBINED) COUNTIES","","","","00000000","","PEANUTS","PEANUTS - YIELD, MEASURED IN LB / ACRE","TOTAL","NOT SPECIFIED","1,215",""
"SURVEY","1993","YEAR","","COUNTY","FLORIDA","12","NORTHWEST","10","SANTA ROSA","113","","","00000000","","PEANUTS","PEANUTS - ACRES HARVESTED","TOTAL","NOT SPECIFIED","11,600",""
"SURVEY","1993","YEAR","","COUNTY","FLORIDA","12","NORTHWEST","10","SANTA ROSA","113","","","00000000","","PEANUTS","PEANUTS - PRODUCTION, MEASURED IN LB","TOTAL","NOT SPECIFIED","34,028,000",""
"SURVEY","1993","YEAR","","COUNTY","FLORIDA","12","NORTHWEST","10","SANTA ROSA","113","","","00000000","","PEANUTS","PEANUTS - YIELD, MEASURED IN LB / ACRE","TOTAL","NOT SPECIFIED","2,935",""
"SURVEY","1993","YEAR","","COUNTY","FLORIDA","12","NORTHWEST","10","WALTON","131","","","00000000","","PEANUTS","PEANUTS - ACRES HARVESTED","TOTAL","NOT SPECIFIED","4,600",""
"SURVEY","1993","YEAR","","COUNTY","FLORIDA","12","NORTHWEST","10","WALTON","131","","","00000000","","PEANUTS","PEANUTS - PRODUCTION, MEASURED IN LB","TOTAL","NOT SPECIFIED","10,823,000",""
"SURVEY","1993","YEAR","","COUNTY","FLORIDA","12","NORTHWEST","10","WALTON","131","","","00000000","","PEANUTS","PEANUTS - YIELD, MEASURED IN LB / ACRE","TOTAL","NOT SPECIFIED","2,355",""
"SURVEY","1993","YEAR","","COUNTY","FLORIDA","12","NORTHWEST","10","WASHINGTON","133","","","00000000","","PEANUTS","PEANUTS - ACRES HARVESTED","TOTAL","NOT SPECIFIED","2,000",""
"SURVEY","1993","YEAR","","COUNTY","FLORIDA","12","NORTHWEST","10","WASHINGTON","133","","","00000000","","PEANUTS","PEANUTS - PRODUCTION, MEASURED IN LB","TOTAL","NOT SPECIFIED","5,504,000",""
"SURVEY","1993","YEAR","","COUNTY","FLORIDA","12","NORTHWEST","10","WASHINGTON","133","","","00000000","","PEANUTS","PEANUTS - YIELD, MEASURED IN LB / ACRE","TOTAL","NOT SPECIFIED","2,750",""
"SURVEY","1992","YEAR","","COUNTY","FLORIDA","12","CENTRAL","50","ALACHUA","001","","","00000000","","PEANUTS","PEANUTS - ACRES HARVESTED","TOTAL","NOT SPECIFIED","1,800",""
"SURVEY","1992","YEAR","","COUNTY","FLORIDA","12","CENTRAL","50","ALACHUA","001","","","00000000","","PEANUTS","PEANUTS - PRODUCTION, MEASURED IN LB","TOTAL","NOT SPECIFIED","4,919,000",""
"SURVEY","1992","YEAR","","COUNTY","FLORIDA","12","CENTRAL","50","ALACHUA","001","","","00000000","","PEANUTS","PEANUTS - YIELD, MEASURED IN LB / ACRE","TOTAL","NOT SPECIFIED","2,735",""
"SURVEY","1992","YEAR","","COUNTY","FLORIDA","12","CENTRAL","50","GILCHRIST","041","","","00000000","","PEANUTS","PEANUTS - ACRES HARVESTED","TOTAL","NOT SPECIFIED","400",""
"SURVEY","1992","YEAR","","COUNTY","FLORIDA","12","CENTRAL","50","GILCHRIST","041","","","00000000","","PEANUTS","PEANUTS - PRODUCTION, MEASURED IN LB","TOTAL","NOT SPECIFIED","805,000",""
"SURVEY","1992","YEAR","","COUNTY","FLORIDA","12","CENTRAL","50","GILCHRIST","041","","","00000000","","PEANUTS","PEANUTS - YIELD, MEASURED IN LB / ACRE","TOTAL","NOT SPECIFIED","2,015",""
"SURVEY","1992","YEAR","","COUNTY","FLORIDA","12","CENTRAL","50","LEVY","075","","","00000000","","PEANUTS","PEANUTS - ACRES HARVESTED","TOTAL","NOT SPECIFIED","4,000",""
"SURVEY","1992","YEAR","","COUNTY","FLORIDA","12","CENTRAL","50","LEVY","075","","","00000000","","PEANUTS","PEANUTS - PRODUCTION, MEASURED IN LB","TOTAL","NOT SPECIFIED","13,017,000",""
"SURVEY","1992","YEAR","","COUNTY","FLORIDA","12","CENTRAL","50","LEVY","075","","","00000000","","PEANUTS","PEANUTS - YIELD, MEASURED IN LB / ACRE","TOTAL","NOT SPECIFIED","3,255",""
"SURVEY","1992","YEAR","","COUNTY","FLORIDA","12","CENTRAL","50","MARION","083","","","00000000","","PEANUTS","PEANUTS - ACRES HARVESTED","TOTAL","NOT SPECIFIED","2,100",""
"SURVEY","1992","YEAR","","COUNTY","FLORIDA","12","CENTRAL","50","MARION","083","","","00000000","","PEANUTS","PEANUTS - PRODUCTION, MEASURED IN LB","TOTAL","NOT SPECIFIED","7,404,000",""
"SURVEY","1992","YEAR","","COUNTY","FLORIDA","12","CENTRAL","50","MARION","083","","","00000000","","PEANUTS","PEANUTS - YIELD, MEASURED IN LB / ACRE","TOTAL","NOT SPECIFIED","3,525",""
"SURVEY","1992","YEAR","","COUNTY","FLORIDA","12","CENTRAL","50","OTHER (COMBINED) COUNTIES","","","","00000000","","PEANUTS","PEANUTS - ACRES HARVESTED","TOTAL","NOT SPECIFIED","100",""
"SURVEY","1992","YEAR","","COUNTY","FLORIDA","12","CENTRAL","50","OTHER (COMBINED) COUNTIES","","","","00000000","","PEANUTS","PEANUTS - PRODUCTION, MEASURED IN LB","TOTAL","NOT SPECIFIED","308,000",""
"SURVEY","1992","YEAR","","COUNTY","FLORIDA","12","CENTRAL","50","OTHER (COMBINED) COUNTIES","","","","00000000","","PEANUTS","PEANUTS - YIELD, MEASURED IN LB / ACRE","TOTAL","NOT SPECIFIED","3,080",""
"SURVEY","1992","YEAR","","COUNTY","FLORIDA","12","NORTHEAST","30","COLUMBIA","023","","","00000000","","PEANUTS","PEANUTS - ACRES HARVESTED","TOTAL","NOT SPECIFIED","1,200",""
"SURVEY","1992","YEAR","","COUNTY","FLORIDA","12","NORTHEAST","30","COLUMBIA","023","","","00000000","","PEANUTS","PEANUTS - PRODUCTION, MEASURED IN LB","TOTAL","NOT SPECIFIED","2,664,000",""
"SURVEY","1992","YEAR","","COUNTY","FLORIDA","12","NORTHEAST","30","COLUMBIA","023","","","00000000","","PEANUTS","PEANUTS - YIELD, MEASURED IN LB / ACRE","TOTAL","NOT SPECIFIED","2,220",""
"SURVEY","1992","YEAR","","COUNTY","FLORIDA","12","NORTHEAST","30","MADISON","079","","","00000000","","PEANUTS","PEANUTS - ACRES HARVESTED","TOTAL","NOT SPECIFIED","500",""
"SURVEY","1992","YEAR","","COUNTY","FLORIDA","12","NORTHEAST","30","MADISON","079","","","00000000","","PEANUTS","PEANUTS - PRODUCTION, MEASURED IN LB","TOTAL","NOT SPECIFIED","1,379,000",""
"SURVEY","1992","YEAR","","COUNTY","FLORIDA","12","NORTHEAST","30","MADISON","079","","","00000000","","PEANUTS","PEANUTS - YIELD, MEASURED IN LB / ACRE","TOTAL","NOT SPECIFIED","2,760",""
"SURVEY","1992","YEAR","","COUNTY","FLORIDA","12","NORTHEAST","30","OTHER (COMBINED) COUNTIES","","","","00000000","","PEANUTS","PEANUTS - ACRES HARVESTED","TOTAL","NOT SPECIFIED","400",""
"SURVEY","1992","YEAR","","COUNTY","FLORIDA","12","NORTHEAST","30","OTHER (COMBINED) COUNTIES","","","","00000000","","PEANUTS","PEANUTS - PRODUCTION, MEASURED IN LB","TOTAL","NOT SPECIFIED","1,177,000",""
"SURVEY","1992","YEAR","","COUNTY","FLORIDA","12","NORTHEAST","30","OTHER (COMBINED) COUNTIES","","","","00000000","","PEANUTS","PEANUTS - YIELD, MEASURED IN LB / ACRE","TOTAL","NOT SPECIFIED","2,945",""
"SURVEY","1992","YEAR","","COUNTY","FLORIDA","12","NORTHEAST","30","SUWANNEE","121","","","00000000","","PEANUTS","PEANUTS - ACRES HARVESTED","TOTAL","NOT SPECIFIED","4,100",""
"SURVEY","1992","YEAR","","COUNTY","FLORIDA","12","NORTHEAST","30","SUWANNEE","121","","","00000000","","PEANUTS","PEANUTS - PRODUCTION, MEASURED IN LB","TOTAL","NOT SPECIFIED","11,690,000",""
"SURVEY","1992","YEAR","","COUNTY","FLORIDA","12","NORTHEAST","30","SUWANNEE","121","","","00000000","","PEANUTS","PEANUTS - YIELD, MEASURED IN LB / ACRE","TOTAL","NOT SPECIFIED","2,850",""
"SURVEY","1992","YEAR","","COUNTY","FLORIDA","12","NORTHWEST","10","CALHOUN","013","","","00000000","","PEANUTS","PEANUTS - ACRES HARVESTED","TOTAL","NOT SPECIFIED","3,700",""
"SURVEY","1992","YEAR","","COUNTY","FLORIDA","12","NORTHWEST","10","CALHOUN","013","","","00000000","","PEANUTS","PEANUTS - PRODUCTION, MEASURED IN LB","TOTAL","NOT SPECIFIED","9,135,000",""
"SURVEY","1992","YEAR","","COUNTY","FLORIDA","12","NORTHWEST","10","CALHOUN","013","","","00000000","","PEANUTS","PEANUTS - YIELD, MEASURED IN LB / ACRE","TOTAL","NOT SPECIFIED","2,470",""
"SURVEY","1992","YEAR","","COUNTY","FLORIDA","12","NORTHWEST","10","GADSDEN","039","","","00000000","","PEANUTS","PEANUTS - ACRES HARVESTED","TOTAL","NOT SPECIFIED","700",""
"SURVEY","1992","YEAR","","COUNTY","FLORIDA","12","NORTHWEST","10","GADSDEN","039","","","00000000","","PEANUTS","PEANUTS - PRODUCTION, MEASURED IN LB","TOTAL","NOT SPECIFIED","1,657,000",""
"SURVEY","1992","YEAR","","COUNTY","FLORIDA","12","NORTHWEST","10","GADSDEN","039","","","00000000","","PEANUTS","PEANUTS - YIELD, MEASURED IN LB / ACRE","TOTAL","NOT SPECIFIED","2,365",""
"SURVEY","1992","YEAR","","COUNTY","FLORIDA","12","NORTHWEST","10","HOLMES","059","","","00000000","","PEANUTS","PEANUTS - ACRES HARVESTED","TOTAL","NOT SPECIFIED","6,100",""
"SURVEY","1992","YEAR","","COUNTY","FLORIDA","12","NORTHWEST","10","HOLMES","059","","","00000000","","PEANUTS","PEANUTS - PRODUCTION, MEASURED IN LB","TOTAL","NOT SPECIFIED","12,036,000",""
"SURVEY","1992","YEAR","","COUNTY","FLORIDA","12","NORTHWEST","10","HOLMES","059","","","00000000","","PEANUTS","PEANUTS - YIELD, MEASURED IN LB / ACRE","TOTAL","NOT SPECIFIED","1,975",""
"SURVEY","1992","YEAR","","COUNTY","FLORIDA","12","NORTHWEST","10","JACKSON","063","","","00000000","","PEANUTS","PEANUTS - ACRES HARVESTED","TOTAL","NOT SPECIFIED","34,500",""
"SURVEY","1992","YEAR","","COUNTY","FLORIDA","12","NORTHWEST","10","JACKSON","063","","","00000000","","PEANUTS","PEANUTS - PRODUCTION, MEASURED IN LB","TOTAL","NOT SPECIFIED","88,025,000",""
"SURVEY","1992","YEAR","","COUNTY","FLORIDA","12","NORTHWEST","10","JACKSON","063","","","00000000","","PEANUTS","PEANUTS - YIELD, MEASURED IN LB / ACRE","TOTAL","NOT SPECIFIED","2,550",""
"SURVEY","1992","YEAR","","COUNTY","FLORIDA","12","NORTHWEST","10","JEFFERSON","065","","","00000000","","PEANUTS","PEANUTS - ACRES HARVESTED","TOTAL","NOT SPECIFIED","1,000",""
"SURVEY","1992","YEAR","","COUNTY","FLORIDA","12","NORTHWEST","10","JEFFERSON","065","","","00000000","","PEANUTS","PEANUTS - PRODUCTION, MEASURED IN LB","TOTAL","NOT SPECIFIED","2,726,000",""
"SURVEY","1992","YEAR","","COUNTY","FLORIDA","12","NORTHWEST","10","JEFFERSON","065","","","00000000","","PEANUTS","PEANUTS - YIELD, MEASURED IN LB / ACRE","TOTAL","NOT SPECIFIED","2,725",""
"SURVEY","1992","YEAR","","COUNTY","FLORIDA","12","NORTHWEST","10","LEON","073","","","00000000","","PEANUTS","PEANUTS - ACRES HARVESTED","TOTAL","NOT SPECIFIED","1,000",""
"SURVEY","1992","YEAR","","COUNTY","FLORIDA","12","NORTHWEST","10","LEON","073","","","00000000","","PEANUTS","PEANUTS - PRODUCTION, MEASURED IN LB","TOTAL","NOT SPECIFIED","1,953,000",""
"SURVEY","1992","YEAR","","COUNTY","FLORIDA","12","NORTHWEST","10","LEON","073","","","00000000","","PEANUTS","PEANUTS - YIELD, MEASURED IN LB / ACRE","TOTAL","NOT SPECIFIED","1,955",""
"SURVEY","1992","YEAR","","COUNTY","FLORIDA","12","NORTHWEST","10","OKALOOSA","091","","","00000000","","PEANUTS","PEANUTS - ACRES HARVESTED","TOTAL","NOT SPECIFIED","800",""
"SURVEY","1992","YEAR","","COUNTY","FLORIDA","12","NORTHWEST","10","OKALOOSA","091","","","00000000","","PEANUTS","PEANUTS - PRODUCTION, MEASURED IN LB","TOTAL","NOT SPECIFIED","2,090,000",""
"SURVEY","1992","YEAR","","COUNTY","FLORIDA","12","NORTHWEST","10","OKALOOSA","091","","","00000000","","PEANUTS","PEANUTS - YIELD, MEASURED IN LB / ACRE","TOTAL","NOT SPECIFIED","2,615",""
"SURVEY","1992","YEAR","","COUNTY","FLORIDA","12","NORTHWEST","10","OTHER (COMBINED) COUNTIES","","","","00000000","","PEANUTS","PEANUTS - ACRES HARVESTED","TOTAL","NOT SPECIFIED","800",""
"SURVEY","1992","YEAR","","COUNTY","FLORIDA","12","NORTHWEST","10","OTHER (COMBINED) COUNTIES","","","","00000000","","PEANUTS","PEANUTS - PRODUCTION, MEASURED IN LB","TOTAL","NOT SPECIFIED","1,577,000",""
"SURVEY","1992","YEAR","","COUNTY","FLORIDA","12","NORTHWEST","10","OTHER (COMBINED) COUNTIES","","","","00000000","","PEANUTS","PEANUTS - YIELD, MEASURED IN LB / ACRE","TOTAL","NOT SPECIFIED","1,970",""
"SURVEY","1992","YEAR","","COUNTY","FLORIDA","12","NORTHWEST","10","SANTA ROSA","113","","","00000000","","PEANUTS","PEANUTS - ACRES HARVESTED","TOTAL","NOT SPECIFIED","9,300",""
"SURVEY","1992","YEAR","","COUNTY","FLORIDA","12","NORTHWEST","10","SANTA ROSA","113","","","00000000","","PEANUTS","PEANUTS - PRODUCTION, MEASURED IN LB","TOTAL","NOT SPECIFIED","29,771,000",""
"SURVEY","1992","YEAR","","COUNTY","FLORIDA","12","NORTHWEST","10","SANTA ROSA","113","","","00000000","","PEANUTS","PEANUTS - YIELD, MEASURED IN LB / ACRE","TOTAL","NOT SPECIFIED","3,200",""
"SURVEY","1992","YEAR","","COUNTY","FLORIDA","12","NORTHWEST","10","WALTON","131","","","00000000","","PEANUTS","PEANUTS - ACRES HARVESTED","TOTAL","NOT SPECIFIED","2,800",""
"SURVEY","1992","YEAR","","COUNTY","FLORIDA","12","NORTHWEST","10","WALTON","131","","","00000000","","PEANUTS","PEANUTS - PRODUCTION, MEASURED IN LB","TOTAL","NOT SPECIFIED","5,655,000",""
"SURVEY","1992","YEAR","","COUNTY","FLORIDA","12","NORTHWEST","10","WALTON","131","","","00000000","","PEANUTS","PEANUTS - YIELD, MEASURED IN LB / ACRE","TOTAL","NOT SPECIFIED","2,020",""
"SURVEY","1992","YEAR","","COUNTY","FLORIDA","12","NORTHWEST","10","WASHINGTON","133","","","00000000","","PEANUTS","PEANUTS - ACRES HARVESTED","TOTAL","NOT SPECIFIED","1,700",""
"SURVEY","1992","YEAR","","COUNTY","FLORIDA","12","NORTHWEST","10","WASHINGTON","133","","","00000000","","PEANUTS","PEANUTS - PRODUCTION, MEASURED IN LB","TOTAL","NOT SPECIFIED","4,522,000",""
"SURVEY","1992","YEAR","","COUNTY","FLORIDA","12","NORTHWEST","10","WASHINGTON","133","","","00000000","","PEANUTS","PEANUTS - YIELD, MEASURED IN LB / ACRE","TOTAL","NOT SPECIFIED","2,660",""
"SURVEY","1991","YEAR","","COUNTY","FLORIDA","12","CENTRAL","50","ALACHUA","001","","","00000000","","PEANUTS","PEANUTS - ACRES HARVESTED","TOTAL","NOT SPECIFIED","2,300",""
"SURVEY","1991","YEAR","","COUNTY","FLORIDA","12","CENTRAL","50","ALACHUA","001","","","00000000","","PEANUTS","PEANUTS - PRODUCTION, MEASURED IN LB","TOTAL","NOT SPECIFIED","6,440,000",""
"SURVEY","1991","YEAR","","COUNTY","FLORIDA","12","CENTRAL","50","ALACHUA","001","","","00000000","","PEANUTS","PEANUTS - YIELD, MEASURED IN LB / ACRE","TOTAL","NOT SPECIFIED","2,800",""
"SURVEY","1991","YEAR","","COUNTY","FLORIDA","12","CENTRAL","50","GILCHRIST","041","","","00000000","","PEANUTS","PEANUTS - ACRES HARVESTED","TOTAL","NOT SPECIFIED","800",""
"SURVEY","1991","YEAR","","COUNTY","FLORIDA","12","CENTRAL","50","GILCHRIST","041","","","00000000","","PEANUTS","PEANUTS - PRODUCTION, MEASURED IN LB","TOTAL","NOT SPECIFIED","1,900,000",""
"SURVEY","1991","YEAR","","COUNTY","FLORIDA","12","CENTRAL","50","GILCHRIST","041","","","00000000","","PEANUTS","PEANUTS - YIELD, MEASURED IN LB / ACRE","TOTAL","NOT SPECIFIED","2,375",""
"SURVEY","1991","YEAR","","COUNTY","FLORIDA","12","CENTRAL","50","LEVY","075","","","00000000","","PEANUTS","PEANUTS - ACRES HARVESTED","TOTAL","NOT SPECIFIED","5,800",""
"SURVEY","1991","YEAR","","COUNTY","FLORIDA","12","CENTRAL","50","LEVY","075","","","00000000","","PEANUTS","PEANUTS - PRODUCTION, MEASURED IN LB","TOTAL","NOT SPECIFIED","16,501,000",""
"SURVEY","1991","YEAR","","COUNTY","FLORIDA","12","CENTRAL","50","LEVY","075","","","00000000","","PEANUTS","PEANUTS - YIELD, MEASURED IN LB / ACRE","TOTAL","NOT SPECIFIED","2,845",""
"SURVEY","1991","YEAR","","COUNTY","FLORIDA","12","CENTRAL","50","MARION","083","","","00000000","","PEANUTS","PEANUTS - ACRES HARVESTED","TOTAL","NOT SPECIFIED","3,150",""
"SURVEY","1991","YEAR","","COUNTY","FLORIDA","12","CENTRAL","50","MARION","083","","","00000000","","PEANUTS","PEANUTS - PRODUCTION, MEASURED IN LB","TOTAL","NOT SPECIFIED","8,899,000",""
"SURVEY","1991","YEAR","","COUNTY","FLORIDA","12","CENTRAL","50","MARION","083","","","00000000","","PEANUTS","PEANUTS - YIELD, MEASURED IN LB / ACRE","TOTAL","NOT SPECIFIED","2,825",""
"SURVEY","1991","YEAR","","COUNTY","FLORIDA","12","CENTRAL","50","OTHER (COMBINED) COUNTIES","","","","00000000","","PEANUTS","PEANUTS - ACRES HARVESTED","TOTAL","NOT SPECIFIED","150",""
"SURVEY","1991","YEAR","","COUNTY","FLORIDA","12","CENTRAL","50","OTHER (COMBINED) COUNTIES","","","","00000000","","PEANUTS","PEANUTS - PRODUCTION, MEASURED IN LB","TOTAL","NOT SPECIFIED","351,000",""
"SURVEY","1991","YEAR","","COUNTY","FLORIDA","12","CENTRAL","50","OTHER (COMBINED) COUNTIES","","","","00000000","","PEANUTS","PEANUTS - YIELD, MEASURED IN LB / ACRE","TOTAL","NOT SPECIFIED","2,340",""
"SURVEY","1991","YEAR","","COUNTY","FLORIDA","12","NORTHEAST","30","COLUMBIA","023","","","00000000","","PEANUTS","PEANUTS - ACRES HARVESTED","TOTAL","NOT SPECIFIED","2,050",""
"SURVEY","1991","YEAR","","COUNTY","FLORIDA","12","NORTHEAST","30","COLUMBIA","023","","","00000000","","PEANUTS","PEANUTS - PRODUCTION, MEASURED IN LB","TOTAL","NOT SPECIFIED","5,023,000",""
"SURVEY","1991","YEAR","","COUNTY","FLORIDA","12","NORTHEAST","30","COLUMBIA","023","","","00000000","","PEANUTS","PEANUTS - YIELD, MEASURED IN LB / ACRE","TOTAL","NOT SPECIFIED","2,450",""
"SURVEY","1991","YEAR","","COUNTY","FLORIDA","12","NORTHEAST","30","MADISON","079","","","00000000","","PEANUTS","PEANUTS - ACRES HARVESTED","TOTAL","NOT SPECIFIED","1,600",""
"SURVEY","1991","YEAR","","COUNTY","FLORIDA","12","NORTHEAST","30","MADISON","079","","","00000000","","PEANUTS","PEANUTS - PRODUCTION, MEASURED IN LB","TOTAL","NOT SPECIFIED","4,416,000",""
"SURVEY","1991","YEAR","","COUNTY","FLORIDA","12","NORTHEAST","30","MADISON","079","","","00000000","","PEANUTS","PEANUTS - YIELD, MEASURED IN LB / ACRE","TOTAL","NOT SPECIFIED","2,760",""
"SURVEY","1991","YEAR","","COUNTY","FLORIDA","12","NORTHEAST","30","OTHER (COMBINED) COUNTIES","","","","00000000","","PEANUTS","PEANUTS - ACRES HARVESTED","TOTAL","NOT SPECIFIED","700",""
"SURVEY","1991","YEAR","","COUNTY","FLORIDA","12","NORTHEAST","30","OTHER (COMBINED) COUNTIES","","","","00000000","","PEANUTS","PEANUTS - PRODUCTION, MEASURED IN LB","TOTAL","NOT SPECIFIED","1,901,000",""
"SURVEY","1991","YEAR","","COUNTY","FLORIDA","12","NORTHEAST","30","OTHER (COMBINED) COUNTIES","","","","00000000","","PEANUTS","PEANUTS - YIELD, MEASURED IN LB / ACRE","TOTAL","NOT SPECIFIED","2,715",""
"SURVEY","1991","YEAR","","COUNTY","FLORIDA","12","NORTHEAST","30","SUWANNEE","121","","","00000000","","PEANUTS","PEANUTS - ACRES HARVESTED","TOTAL","NOT SPECIFIED","6,050",""
"SURVEY","1991","YEAR","","COUNTY","FLORIDA","12","NORTHEAST","30","SUWANNEE","121","","","00000000","","PEANUTS","PEANUTS - PRODUCTION, MEASURED IN LB","TOTAL","NOT SPECIFIED","17,152,000",""
"SURVEY","1991","YEAR","","COUNTY","FLORIDA","12","NORTHEAST","30","SUWANNEE","121","","","00000000","","PEANUTS","PEANUTS - YIELD, MEASURED IN LB / ACRE","TOTAL","NOT SPECIFIED","2,835",""
"SURVEY","1991","YEAR","","COUNTY","FLORIDA","12","NORTHWEST","10","CALHOUN","013","","","00000000","","PEANUTS","PEANUTS - ACRES HARVESTED","TOTAL","NOT SPECIFIED","5,750",""
"SURVEY","1991","YEAR","","COUNTY","FLORIDA","12","NORTHWEST","10","CALHOUN","013","","","00000000","","PEANUTS","PEANUTS - PRODUCTION, MEASURED IN LB","TOTAL","NOT SPECIFIED","12,736,000",""
"SURVEY","1991","YEAR","","COUNTY","FLORIDA","12","NORTHWEST","10","CALHOUN","013","","","00000000","","PEANUTS","PEANUTS - YIELD, MEASURED IN LB / ACRE","TOTAL","NOT SPECIFIED","2,215",""
"SURVEY","1991","YEAR","","COUNTY","FLORIDA","12","NORTHWEST","10","GADSDEN","039","","","00000000","","PEANUTS","PEANUTS - ACRES HARVESTED","TOTAL","NOT SPECIFIED","2,300",""
"SURVEY","1991","YEAR","","COUNTY","FLORIDA","12","NORTHWEST","10","GADSDEN","039","","","00000000","","PEANUTS","PEANUTS - PRODUCTION, MEASURED IN LB","TOTAL","NOT SPECIFIED","5,003,000",""
"SURVEY","1991","YEAR","","COUNTY","FLORIDA","12","NORTHWEST","10","GADSDEN","039","","","00000000","","PEANUTS","PEANUTS - YIELD, MEASURED IN LB / ACRE","TOTAL","NOT SPECIFIED","2,175",""
"SURVEY","1991","YEAR","","COUNTY","FLORIDA","12","NORTHWEST","10","HOLMES","059","","","00000000","","PEANUTS","PEANUTS - ACRES HARVESTED","TOTAL","NOT SPECIFIED","7,400",""
"SURVEY","1991","YEAR","","COUNTY","FLORIDA","12","NORTHWEST","10","HOLMES","059","","","00000000","","PEANUTS","PEANUTS - PRODUCTION, MEASURED IN LB","TOTAL","NOT SPECIFIED","15,614,000",""
"SURVEY","1991","YEAR","","COUNTY","FLORIDA","12","NORTHWEST","10","HOLMES","059","","","00000000","","PEANUTS","PEANUTS - YIELD, MEASURED IN LB / ACRE","TOTAL","NOT SPECIFIED","2,110",""
"SURVEY","1991","YEAR","","COUNTY","FLORIDA","12","NORTHWEST","10","JACKSON","063","","","00000000","","PEANUTS","PEANUTS - ACRES HARVESTED","TOTAL","NOT SPECIFIED","49,850",""
"SURVEY","1991","YEAR","","COUNTY","FLORIDA","12","NORTHWEST","10","JACKSON","063","","","00000000","","PEANUTS","PEANUTS - PRODUCTION, MEASURED IN LB","TOTAL","NOT SPECIFIED","109,172,000",""
"SURVEY","1991","YEAR","","COUNTY","FLORIDA","12","NORTHWEST","10","JACKSON","063","","","00000000","","PEANUTS","PEANUTS - YIELD, MEASURED IN LB / ACRE","TOTAL","NOT SPECIFIED","2,190",""
"SURVEY","1991","YEAR","","COUNTY","FLORIDA","12","NORTHWEST","10","JEFFERSON","065","","","00000000","","PEANUTS","PEANUTS - ACRES HARVESTED","TOTAL","NOT SPECIFIED","1,150",""
"SURVEY","1991","YEAR","","COUNTY","FLORIDA","12","NORTHWEST","10","JEFFERSON","065","","","00000000","","PEANUTS","PEANUTS - PRODUCTION, MEASURED IN LB","TOTAL","NOT SPECIFIED","3,594,000",""
"SURVEY","1991","YEAR","","COUNTY","FLORIDA","12","NORTHWEST","10","JEFFERSON","065","","","00000000","","PEANUTS","PEANUTS - YIELD, MEASURED IN LB / ACRE","TOTAL","NOT SPECIFIED","3,125",""
"SURVEY","1991","YEAR","","COUNTY","FLORIDA","12","NORTHWEST","10","LEON","073","","","00000000","","PEANUTS","PEANUTS - ACRES HARVESTED","TOTAL","NOT SPECIFIED","950",""
"SURVEY","1991","YEAR","","COUNTY","FLORIDA","12","NORTHWEST","10","LEON","073","","","00000000","","PEANUTS","PEANUTS - PRODUCTION, MEASURED IN LB","TOTAL","NOT SPECIFIED","1,952,000",""
"SURVEY","1991","YEAR","","COUNTY","FLORIDA","12","NORTHWEST","10","LEON","073","","","00000000","","PEANUTS","PEANUTS - YIELD, MEASURED IN LB / ACRE","TOTAL","NOT SPECIFIED","2,055",""
"SURVEY","1991","YEAR","","COUNTY","FLORIDA","12","NORTHWEST","10","OKALOOSA","091","","","00000000","","PEANUTS","PEANUTS - ACRES HARVESTED","TOTAL","NOT SPECIFIED","2,050",""
"SURVEY","1991","YEAR","","COUNTY","FLORIDA","12","NORTHWEST","10","OKALOOSA","091","","","00000000","","PEANUTS","PEANUTS - PRODUCTION, MEASURED IN LB","TOTAL","NOT SPECIFIED","4,848,000",""
"SURVEY","1991","YEAR","","COUNTY","FLORIDA","12","NORTHWEST","10","OKALOOSA","091","","","00000000","","PEANUTS","PEANUTS - YIELD, MEASURED IN LB / ACRE","TOTAL","NOT SPECIFIED","2,365",""
"SURVEY","1991","YEAR","","COUNTY","FLORIDA","12","NORTHWEST","10","OTHER (COMBINED) COUNTIES","","","","00000000","","PEANUTS","PEANUTS - ACRES HARVESTED","TOTAL","NOT SPECIFIED","600",""
"SURVEY","1991","YEAR","","COUNTY","FLORIDA","12","NORTHWEST","10","OTHER (COMBINED) COUNTIES","","","","00000000","","PEANUTS","PEANUTS - PRODUCTION, MEASURED IN LB","TOTAL","NOT SPECIFIED","1,278,000",""
"SURVEY","1991","YEAR","","COUNTY","FLORIDA","12","NORTHWEST","10","OTHER (COMBINED) COUNTIES","","","","00000000","","PEANUTS","PEANUTS - YIELD, MEASURED IN LB / ACRE","TOTAL","NOT SPECIFIED","2,130",""
"SURVEY","1991","YEAR","","COUNTY","FLORIDA","12","NORTHWEST","10","SANTA ROSA","113","","","00000000","","PEANUTS","PEANUTS - ACRES HARVESTED","TOTAL","NOT SPECIFIED","15,550",""
"SURVEY","1991","YEAR","","COUNTY","FLORIDA","12","NORTHWEST","10","SANTA ROSA","113","","","00000000","","PEANUTS","PEANUTS - PRODUCTION, MEASURED IN LB","TOTAL","NOT SPECIFIED","41,208,000",""
"SURVEY","1991","YEAR","","COUNTY","FLORIDA","12","NORTHWEST","10","SANTA ROSA","113","","","00000000","","PEANUTS","PEANUTS - YIELD, MEASURED IN LB / ACRE","TOTAL","NOT SPECIFIED","2,650",""
"SURVEY","1991","YEAR","","COUNTY","FLORIDA","12","NORTHWEST","10","WAKULLA","129","","","00000000","","PEANUTS","PEANUTS - ACRES HARVESTED","TOTAL","NOT SPECIFIED","700",""
"SURVEY","1991","YEAR","","COUNTY","FLORIDA","12","NORTHWEST","10","WAKULLA","129","","","00000000","","PEANUTS","PEANUTS - PRODUCTION, MEASURED IN LB","TOTAL","NOT SPECIFIED","1,400,000",""
"SURVEY","1991","YEAR","","COUNTY","FLORIDA","12","NORTHWEST","10","WAKULLA","129","","","00000000","","PEANUTS","PEANUTS - YIELD, MEASURED IN LB / ACRE","TOTAL","NOT SPECIFIED","2,000",""
"SURVEY","1991","YEAR","","COUNTY","FLORIDA","12","NORTHWEST","10","WALTON","131","","","00000000","","PEANUTS","PEANUTS - ACRES HARVESTED","TOTAL","NOT SPECIFIED","6,850",""
"SURVEY","1991","YEAR","","COUNTY","FLORIDA","12","NORTHWEST","10","WALTON","131","","","00000000","","PEANUTS","PEANUTS - PRODUCTION, MEASURED IN LB","TOTAL","NOT SPECIFIED","13,871,000",""
"SURVEY","1991","YEAR","","COUNTY","FLORIDA","12","NORTHWEST","10","WALTON","131","","","00000000","","PEANUTS","PEANUTS - YIELD, MEASURED IN LB / ACRE","TOTAL","NOT SPECIFIED","2,025",""
"SURVEY","1991","YEAR","","COUNTY","FLORIDA","12","NORTHWEST","10","WASHINGTON","133","","","00000000","","PEANUTS","PEANUTS - ACRES HARVESTED","TOTAL","NOT SPECIFIED","2,250",""
"SURVEY","1991","YEAR","","COUNTY","FLORIDA","12","NORTHWEST","10","WASHINGTON","133","","","00000000","","PEANUTS","PEANUTS - PRODUCTION, MEASURED IN LB","TOTAL","NOT SPECIFIED","6,401,000",""
"SURVEY","1991","YEAR","","COUNTY","FLORIDA","12","NORTHWEST","10","WASHINGTON","133","","","00000000","","PEANUTS","PEANUTS - YIELD, MEASURED IN LB / ACRE","TOTAL","NOT SPECIFIED","2,845",""
"SURVEY","1990","YEAR","","COUNTY","FLORIDA","12","CENTRAL","50","ALACHUA","001","","","00000000","","PEANUTS","PEANUTS - ACRES HARVESTED","TOTAL","NOT SPECIFIED","1,800",""
"SURVEY","1990","YEAR","","COUNTY","FLORIDA","12","CENTRAL","50","ALACHUA","001","","","00000000","","PEANUTS","PEANUTS - PRODUCTION, MEASURED IN LB","TOTAL","NOT SPECIFIED","5,230,000",""
"SURVEY","1990","YEAR","","COUNTY","FLORIDA","12","CENTRAL","50","ALACHUA","001","","","00000000","","PEANUTS","PEANUTS - YIELD, MEASURED IN LB / ACRE","TOTAL","NOT SPECIFIED","2,905",""
"SURVEY","1990","YEAR","","COUNTY","FLORIDA","12","CENTRAL","50","GILCHRIST","041","","","00000000","","PEANUTS","PEANUTS - ACRES HARVESTED","TOTAL","NOT SPECIFIED","550",""
"SURVEY","1990","YEAR","","COUNTY","FLORIDA","12","CENTRAL","50","GILCHRIST","041","","","00000000","","PEANUTS","PEANUTS - PRODUCTION, MEASURED IN LB","TOTAL","NOT SPECIFIED","1,439,000",""
"SURVEY","1990","YEAR","","COUNTY","FLORIDA","12","CENTRAL","50","GILCHRIST","041","","","00000000","","PEANUTS","PEANUTS - YIELD, MEASURED IN LB / ACRE","TOTAL","NOT SPECIFIED","2,615",""
"SURVEY","1990","YEAR","","COUNTY","FLORIDA","12","CENTRAL","50","LEVY","075","","","00000000","","PEANUTS","PEANUTS - ACRES HARVESTED","TOTAL","NOT SPECIFIED","3,800",""
"SURVEY","1990","YEAR","","COUNTY","FLORIDA","12","CENTRAL","50","LEVY","075","","","00000000","","PEANUTS","PEANUTS - PRODUCTION, MEASURED IN LB","TOTAL","NOT SPECIFIED","13,237,000",""
"SURVEY","1990","YEAR","","COUNTY","FLORIDA","12","CENTRAL","50","LEVY","075","","","00000000","","PEANUTS","PEANUTS - YIELD, MEASURED IN LB / ACRE","TOTAL","NOT SPECIFIED","3,485",""
"SURVEY","1990","YEAR","","COUNTY","FLORIDA","12","CENTRAL","50","MARION","083","","","00000000","","PEANUTS","PEANUTS - ACRES HARVESTED","TOTAL","NOT SPECIFIED","2,850",""
"SURVEY","1990","YEAR","","COUNTY","FLORIDA","12","CENTRAL","50","MARION","083","","","00000000","","PEANUTS","PEANUTS - PRODUCTION, MEASURED IN LB","TOTAL","NOT SPECIFIED","8,137,000",""
"SURVEY","1990","YEAR","","COUNTY","FLORIDA","12","CENTRAL","50","MARION","083","","","00000000","","PEANUTS","PEANUTS - YIELD, MEASURED IN LB / ACRE","TOTAL","NOT SPECIFIED","2,855",""
"SURVEY","1990","YEAR","","COUNTY","FLORIDA","12","CENTRAL","50","OTHER (COMBINED) COUNTIES","","","","00000000","","PEANUTS","PEANUTS - ACRES HARVESTED","TOTAL","NOT SPECIFIED","100",""
"SURVEY","1990","YEAR","","COUNTY","FLORIDA","12","CENTRAL","50","OTHER (COMBINED) COUNTIES","","","","00000000","","PEANUTS","PEANUTS - PRODUCTION, MEASURED IN LB","TOTAL","NOT SPECIFIED","267,000",""
"SURVEY","1990","YEAR","","COUNTY","FLORIDA","12","CENTRAL","50","OTHER (COMBINED) COUNTIES","","","","00000000","","PEANUTS","PEANUTS - YIELD, MEASURED IN LB / ACRE","TOTAL","NOT SPECIFIED","2,670",""
"SURVEY","1990","YEAR","","COUNTY","FLORIDA","12","NORTHEAST","30","COLUMBIA","023","","","00000000","","PEANUTS","PEANUTS - ACRES HARVESTED","TOTAL","NOT SPECIFIED","1,850",""
"SURVEY","1990","YEAR","","COUNTY","FLORIDA","12","NORTHEAST","30","COLUMBIA","023","","","00000000","","PEANUTS","PEANUTS - PRODUCTION, MEASURED IN LB","TOTAL","NOT SPECIFIED","4,002,000",""
"SURVEY","1990","YEAR","","COUNTY","FLORIDA","12","NORTHEAST","30","COLUMBIA","023","","","00000000","","PEANUTS","PEANUTS - YIELD, MEASURED IN LB / ACRE","TOTAL","NOT SPECIFIED","2,165",""
"SURVEY","1990","YEAR","","COUNTY","FLORIDA","12","NORTHEAST","30","MADISON","079","","","00000000","","PEANUTS","PEANUTS - ACRES HARVESTED","TOTAL","NOT SPECIFIED","650",""
"SURVEY","1990","YEAR","","COUNTY","FLORIDA","12","NORTHEAST","30","MADISON","079","","","00000000","","PEANUTS","PEANUTS - PRODUCTION, MEASURED IN LB","TOTAL","NOT SPECIFIED","1,499,000",""
"SURVEY","1990","YEAR","","COUNTY","FLORIDA","12","NORTHEAST","30","MADISON","079","","","00000000","","PEANUTS","PEANUTS - YIELD, MEASURED IN LB / ACRE","TOTAL","NOT SPECIFIED","2,305",""
"SURVEY","1990","YEAR","","COUNTY","FLORIDA","12","NORTHEAST","30","OTHER (COMBINED) COUNTIES","","","","00000000","","PEANUTS","PEANUTS - ACRES HARVESTED","TOTAL","NOT SPECIFIED","400",""
"SURVEY","1990","YEAR","","COUNTY","FLORIDA","12","NORTHEAST","30","OTHER (COMBINED) COUNTIES","","","","00000000","","PEANUTS","PEANUTS - PRODUCTION, MEASURED IN LB","TOTAL","NOT SPECIFIED","1,013,000",""
"SURVEY","1990","YEAR","","COUNTY","FLORIDA","12","NORTHEAST","30","OTHER (COMBINED) COUNTIES","","","","00000000","","PEANUTS","PEANUTS - YIELD, MEASURED IN LB / ACRE","TOTAL","NOT SPECIFIED","2,535",""
"SURVEY","1990","YEAR","","COUNTY","FLORIDA","12","NORTHEAST","30","SUWANNEE","121","","","00000000","","PEANUTS","PEANUTS - ACRES HARVESTED","TOTAL","NOT SPECIFIED","4,650",""
"SURVEY","1990","YEAR","","COUNTY","FLORIDA","12","NORTHEAST","30","SUWANNEE","121","","","00000000","","PEANUTS","PEANUTS - PRODUCTION, MEASURED IN LB","TOTAL","NOT SPECIFIED","15,016,000",""
"SURVEY","1990","YEAR","","COUNTY","FLORIDA","12","NORTHEAST","30","SUWANNEE","121","","","00000000","","PEANUTS","PEANUTS - YIELD, MEASURED IN LB / ACRE","TOTAL","NOT SPECIFIED","3,230",""
"SURVEY","1990","YEAR","","COUNTY","FLORIDA","12","NORTHWEST","10","CALHOUN","013","","","00000000","","PEANUTS","PEANUTS - ACRES HARVESTED","TOTAL","NOT SPECIFIED","5,100",""
"SURVEY","1990","YEAR","","COUNTY","FLORIDA","12","NORTHWEST","10","CALHOUN","013","","","00000000","","PEANUTS","PEANUTS - PRODUCTION, MEASURED IN LB","TOTAL","NOT SPECIFIED","16,488,000",""
"SURVEY","1990","YEAR","","COUNTY","FLORIDA","12","NORTHWEST","10","CALHOUN","013","","","00000000","","PEANUTS","PEANUTS - YIELD, MEASURED IN LB / ACRE","TOTAL","NOT SPECIFIED","3,235",""
"SURVEY","1990","YEAR","","COUNTY","FLORIDA","12","NORTHWEST","10","GADSDEN","039","","","00000000","","PEANUTS","PEANUTS - ACRES HARVESTED","TOTAL","NOT SPECIFIED","1,150",""
"SURVEY","1990","YEAR","","COUNTY","FLORIDA","12","NORTHWEST","10","GADSDEN","039","","","00000000","","PEANUTS","PEANUTS - PRODUCTION, MEASURED IN LB","TOTAL","NOT SPECIFIED","2,463,000",""
"SURVEY","1990","YEAR","","COUNTY","FLORIDA","12","NORTHWEST","10","GADSDEN","039","","","00000000","","PEANUTS","PEANUTS - YIELD, MEASURED IN LB / ACRE","TOTAL","NOT SPECIFIED","2,140",""
"SURVEY","1990","YEAR","","COUNTY","FLORIDA","12","NORTHWEST","10","HOLMES","059","","","00000000","","PEANUTS","PEANUTS - ACRES HARVESTED","TOTAL","NOT SPECIFIED","6,850",""
"SURVEY","1990","YEAR","","COUNTY","FLORIDA","12","NORTHWEST","10","HOLMES","059","","","00000000","","PEANUTS","PEANUTS - PRODUCTION, MEASURED IN LB","TOTAL","NOT SPECIFIED","14,689,000",""
"SURVEY","1990","YEAR","","COUNTY","FLORIDA","12","NORTHWEST","10","HOLMES","059","","","00000000","","PEANUTS","PEANUTS - YIELD, MEASURED IN LB / ACRE","TOTAL","NOT SPECIFIED","2,145",""
"SURVEY","1990","YEAR","","COUNTY","FLORIDA","12","NORTHWEST","10","JACKSON","063","","","00000000","","PEANUTS","PEANUTS - ACRES HARVESTED","TOTAL","NOT SPECIFIED","46,800",""
"SURVEY","1990","YEAR","","COUNTY","FLORIDA","12","NORTHWEST","10","JACKSON","063","","","00000000","","PEANUTS","PEANUTS - PRODUCTION, MEASURED IN LB","TOTAL","NOT SPECIFIED","96,011,000",""
"SURVEY","1990","YEAR","","COUNTY","FLORIDA","12","NORTHWEST","10","JACKSON","063","","","00000000","","PEANUTS","PEANUTS - YIELD, MEASURED IN LB / ACRE","TOTAL","NOT SPECIFIED","2,050",""
"SURVEY","1990","YEAR","","COUNTY","FLORIDA","12","NORTHWEST","10","JEFFERSON","065","","","00000000","","PEANUTS","PEANUTS - ACRES HARVESTED","TOTAL","NOT SPECIFIED","1,000",""
"SURVEY","1990","YEAR","","COUNTY","FLORIDA","12","NORTHWEST","10","JEFFERSON","065","","","00000000","","PEANUTS","PEANUTS - PRODUCTION, MEASURED IN LB","TOTAL","NOT SPECIFIED","2,451,000",""
"SURVEY","1990","YEAR","","COUNTY","FLORIDA","12","NORTHWEST","10","JEFFERSON","065","","","00000000","","PEANUTS","PEANUTS - YIELD, MEASURED IN LB / ACRE","TOTAL","NOT SPECIFIED","2,450",""
"SURVEY","1990","YEAR","","COUNTY","FLORIDA","12","NORTHWEST","10","LEON","073","","","00000000","","PEANUTS","PEANUTS - ACRES HARVESTED","TOTAL","NOT SPECIFIED","600",""
"SURVEY","1990","YEAR","","COUNTY","FLORIDA","12","NORTHWEST","10","LEON","073","","","00000000","","PEANUTS","PEANUTS - PRODUCTION, MEASURED IN LB","TOTAL","NOT SPECIFIED","1,218,000",""
"SURVEY","1990","YEAR","","COUNTY","FLORIDA","12","NORTHWEST","10","LEON","073","","","00000000","","PEANUTS","PEANUTS - YIELD, MEASURED IN LB / ACRE","TOTAL","NOT SPECIFIED","2,030",""
"SURVEY","1990","YEAR","","COUNTY","FLORIDA","12","NORTHWEST","10","OKALOOSA","091","","","00000000","","PEANUTS","PEANUTS - ACRES HARVESTED","TOTAL","NOT SPECIFIED","1,350",""
"SURVEY","1990","YEAR","","COUNTY","FLORIDA","12","NORTHWEST","10","OKALOOSA","091","","","00000000","","PEANUTS","PEANUTS - PRODUCTION, MEASURED IN LB","TOTAL","NOT SPECIFIED","2,842,000",""
"SURVEY","1990","YEAR","","COUNTY","FLORIDA","12","NORTHWEST","10","OKALOOSA","091","","","00000000","","PEANUTS","PEANUTS - YIELD, MEASURED IN LB / ACRE","TOTAL","NOT SPECIFIED","2,105",""
"SURVEY","1990","YEAR","","COUNTY","FLORIDA","12","NORTHWEST","10","OTHER (COMBINED) COUNTIES","","","","00000000","","PEANUTS","PEANUTS - ACRES HARVESTED","TOTAL","NOT SPECIFIED","500",""
"SURVEY","1990","YEAR","","COUNTY","FLORIDA","12","NORTHWEST","10","OTHER (COMBINED) COUNTIES","","","","00000000","","PEANUTS","PEANUTS - PRODUCTION, MEASURED IN LB","TOTAL","NOT SPECIFIED","1,229,000",""
"SURVEY","1990","YEAR","","COUNTY","FLORIDA","12","NORTHWEST","10","OTHER (COMBINED) COUNTIES","","","","00000000","","PEANUTS","PEANUTS - YIELD, MEASURED IN LB / ACRE","TOTAL","NOT SPECIFIED","2,460",""
"SURVEY","1990","YEAR","","COUNTY","FLORIDA","12","NORTHWEST","10","SANTA ROSA","113","","","00000000","","PEANUTS","PEANUTS - ACRES HARVESTED","TOTAL","NOT SPECIFIED","12,400",""
"SURVEY","1990","YEAR","","COUNTY","FLORIDA","12","NORTHWEST","10","SANTA ROSA","113","","","00000000","","PEANUTS","PEANUTS - PRODUCTION, MEASURED IN LB","TOTAL","NOT SPECIFIED","29,293,000",""
"SURVEY","1990","YEAR","","COUNTY","FLORIDA","12","NORTHWEST","10","SANTA ROSA","113","","","00000000","","PEANUTS","PEANUTS - YIELD, MEASURED IN LB / ACRE","TOTAL","NOT SPECIFIED","2,360",""
"SURVEY","1990","YEAR","","COUNTY","FLORIDA","12","NORTHWEST","10","WAKULLA","129","","","00000000","","PEANUTS","PEANUTS - ACRES HARVESTED","TOTAL","NOT SPECIFIED","600",""
"SURVEY","1990","YEAR","","COUNTY","FLORIDA","12","NORTHWEST","10","WAKULLA","129","","","00000000","","PEANUTS","PEANUTS - PRODUCTION, MEASURED IN LB","TOTAL","NOT SPECIFIED","1,153,000",""
"SURVEY","1990","YEAR","","COUNTY","FLORIDA","12","NORTHWEST","10","WAKULLA","129","","","00000000","","PEANUTS","PEANUTS - YIELD, MEASURED IN LB / ACRE","TOTAL","NOT SPECIFIED","1,920",""
"SURVEY","1990","YEAR","","COUNTY","FLORIDA","12","NORTHWEST","10","WALTON","131","","","00000000","","PEANUTS","PEANUTS - ACRES HARVESTED","TOTAL","NOT SPECIFIED","5,200",""
"SURVEY","1990","YEAR","","COUNTY","FLORIDA","12","NORTHWEST","10","WALTON","131","","","00000000","","PEANUTS","PEANUTS - PRODUCTION, MEASURED IN LB","TOTAL","NOT SPECIFIED","10,862,000",""
"SURVEY","1990","YEAR","","COUNTY","FLORIDA","12","NORTHWEST","10","WALTON","131","","","00000000","","PEANUTS","PEANUTS - YIELD, MEASURED IN LB / ACRE","TOTAL","NOT SPECIFIED","2,090",""
"SURVEY","1990","YEAR","","COUNTY","FLORIDA","12","NORTHWEST","10","WASHINGTON","133","","","00000000","","PEANUTS","PEANUTS - ACRES HARVESTED","TOTAL","NOT SPECIFIED","1,800",""
"SURVEY","1990","YEAR","","COUNTY","FLORIDA","12","NORTHWEST","10","WASHINGTON","133","","","00000000","","PEANUTS","PEANUTS - PRODUCTION, MEASURED IN LB","TOTAL","NOT SPECIFIED","5,461,000",""
"SURVEY","1990","YEAR","","COUNTY","FLORIDA","12","NORTHWEST","10","WASHINGTON","133","","","00000000","","PEANUTS","PEANUTS - YIELD, MEASURED IN LB / ACRE","TOTAL","NOT SPECIFIED","3,035",""
"SURVEY","1989","YEAR","","COUNTY","FLORIDA","12","CENTRAL","50","ALACHUA","001","","","00000000","","PEANUTS","PEANUTS - ACRES HARVESTED","TOTAL","NOT SPECIFIED","1,900",""
"SURVEY","1989","YEAR","","COUNTY","FLORIDA","12","CENTRAL","50","ALACHUA","001","","","00000000","","PEANUTS","PEANUTS - PRODUCTION, MEASURED IN LB","TOTAL","NOT SPECIFIED","5,301,000",""
"SURVEY","1989","YEAR","","COUNTY","FLORIDA","12","CENTRAL","50","ALACHUA","001","","","00000000","","PEANUTS","PEANUTS - YIELD, MEASURED IN LB / ACRE","TOTAL","NOT SPECIFIED","2,790",""
"SURVEY","1989","YEAR","","COUNTY","FLORIDA","12","CENTRAL","50","GILCHRIST","041","","","00000000","","PEANUTS","PEANUTS - ACRES HARVESTED","TOTAL","NOT SPECIFIED","500",""
"SURVEY","1989","YEAR","","COUNTY","FLORIDA","12","CENTRAL","50","GILCHRIST","041","","","00000000","","PEANUTS","PEANUTS - PRODUCTION, MEASURED IN LB","TOTAL","NOT SPECIFIED","1,155,000",""
"SURVEY","1989","YEAR","","COUNTY","FLORIDA","12","CENTRAL","50","GILCHRIST","041","","","00000000","","PEANUTS","PEANUTS - YIELD, MEASURED IN LB / ACRE","TOTAL","NOT SPECIFIED","2,310",""
"SURVEY","1989","YEAR","","COUNTY","FLORIDA","12","CENTRAL","50","LEVY","075","","","00000000","","PEANUTS","PEANUTS - ACRES HARVESTED","TOTAL","NOT SPECIFIED","3,350",""
"SURVEY","1989","YEAR","","COUNTY","FLORIDA","12","CENTRAL","50","LEVY","075","","","00000000","","PEANUTS","PEANUTS - PRODUCTION, MEASURED IN LB","TOTAL","NOT SPECIFIED","9,749,000",""
"SURVEY","1989","YEAR","","COUNTY","FLORIDA","12","CENTRAL","50","LEVY","075","","","00000000","","PEANUTS","PEANUTS - YIELD, MEASURED IN LB / ACRE","TOTAL","NOT SPECIFIED","2,910",""
"SURVEY","1989","YEAR","","COUNTY","FLORIDA","12","CENTRAL","50","MARION","083","","","00000000","","PEANUTS","PEANUTS - ACRES HARVESTED","TOTAL","NOT SPECIFIED","2,450",""
"SURVEY","1989","YEAR","","COUNTY","FLORIDA","12","CENTRAL","50","MARION","083","","","00000000","","PEANUTS","PEANUTS - PRODUCTION, MEASURED IN LB","TOTAL","NOT SPECIFIED","6,884,000",""
"SURVEY","1989","YEAR","","COUNTY","FLORIDA","12","CENTRAL","50","MARION","083","","","00000000","","PEANUTS","PEANUTS - YIELD, MEASURED IN LB / ACRE","TOTAL","NOT SPECIFIED","2,810",""
"SURVEY","1989","YEAR","","COUNTY","FLORIDA","12","CENTRAL","50","OTHER (COMBINED) COUNTIES","","","","00000000","","PEANUTS","PEANUTS - ACRES HARVESTED","TOTAL","NOT SPECIFIED","500",""
"SURVEY","1989","YEAR","","COUNTY","FLORIDA","12","CENTRAL","50","OTHER (COMBINED) COUNTIES","","","","00000000","","PEANUTS","PEANUTS - PRODUCTION, MEASURED IN LB","TOTAL","NOT SPECIFIED","1,150,000",""
"SURVEY","1989","YEAR","","COUNTY","FLORIDA","12","CENTRAL","50","OTHER (COMBINED) COUNTIES","","","","00000000","","PEANUTS","PEANUTS - YIELD, MEASURED IN LB / ACRE","TOTAL","NOT SPECIFIED","2,300",""
"SURVEY","1989","YEAR","","COUNTY","FLORIDA","12","NORTHEAST","30","COLUMBIA","023","","","00000000","","PEANUTS","PEANUTS - ACRES HARVESTED","TOTAL","NOT SPECIFIED","1,900",""
"SURVEY","1989","YEAR","","COUNTY","FLORIDA","12","NORTHEAST","30","COLUMBIA","023","","","00000000","","PEANUTS","PEANUTS - PRODUCTION, MEASURED IN LB","TOTAL","NOT SPECIFIED","3,857,000",""
"SURVEY","1989","YEAR","","COUNTY","FLORIDA","12","NORTHEAST","30","COLUMBIA","023","","","00000000","","PEANUTS","PEANUTS - YIELD, MEASURED IN LB / ACRE","TOTAL","NOT SPECIFIED","2,030",""
"SURVEY","1989","YEAR","","COUNTY","FLORIDA","12","NORTHEAST","30","HAMILTON","047","","","00000000","","PEANUTS","PEANUTS - ACRES HARVESTED","TOTAL","NOT SPECIFIED","200",""
"SURVEY","1989","YEAR","","COUNTY","FLORIDA","12","NORTHEAST","30","HAMILTON","047","","","00000000","","PEANUTS","PEANUTS - PRODUCTION, MEASURED IN LB","TOTAL","NOT SPECIFIED","362,000",""
"SURVEY","1989","YEAR","","COUNTY","FLORIDA","12","NORTHEAST","30","HAMILTON","047","","","00000000","","PEANUTS","PEANUTS - YIELD, MEASURED IN LB / ACRE","TOTAL","NOT SPECIFIED","1,810",""
"SURVEY","1989","YEAR","","COUNTY","FLORIDA","12","NORTHEAST","30","LAFAYETTE","067","","","00000000","","PEANUTS","PEANUTS - ACRES HARVESTED","TOTAL","NOT SPECIFIED","200",""
"SURVEY","1989","YEAR","","COUNTY","FLORIDA","12","NORTHEAST","30","LAFAYETTE","067","","","00000000","","PEANUTS","PEANUTS - PRODUCTION, MEASURED IN LB","TOTAL","NOT SPECIFIED","664,000",""
"SURVEY","1989","YEAR","","COUNTY","FLORIDA","12","NORTHEAST","30","LAFAYETTE","067","","","00000000","","PEANUTS","PEANUTS - YIELD, MEASURED IN LB / ACRE","TOTAL","NOT SPECIFIED","3,320",""
"SURVEY","1989","YEAR","","COUNTY","FLORIDA","12","NORTHEAST","30","MADISON","079","","","00000000","","PEANUTS","PEANUTS - ACRES HARVESTED","TOTAL","NOT SPECIFIED","600",""
"SURVEY","1989","YEAR","","COUNTY","FLORIDA","12","NORTHEAST","30","MADISON","079","","","00000000","","PEANUTS","PEANUTS - PRODUCTION, MEASURED IN LB","TOTAL","NOT SPECIFIED","1,542,000",""
"SURVEY","1989","YEAR","","COUNTY","FLORIDA","12","NORTHEAST","30","MADISON","079","","","00000000","","PEANUTS","PEANUTS - YIELD, MEASURED IN LB / ACRE","TOTAL","NOT SPECIFIED","2,570",""
"SURVEY","1989","YEAR","","COUNTY","FLORIDA","12","NORTHEAST","30","OTHER (COMBINED) COUNTIES","","","","00000000","","PEANUTS","PEANUTS - ACRES HARVESTED","TOTAL","NOT SPECIFIED","100",""
"SURVEY","1989","YEAR","","COUNTY","FLORIDA","12","NORTHEAST","30","OTHER (COMBINED) COUNTIES","","","","00000000","","PEANUTS","PEANUTS - PRODUCTION, MEASURED IN LB","TOTAL","NOT SPECIFIED","241,000",""
"SURVEY","1989","YEAR","","COUNTY","FLORIDA","12","NORTHEAST","30","OTHER (COMBINED) COUNTIES","","","","00000000","","PEANUTS","PEANUTS - YIELD, MEASURED IN LB / ACRE","TOTAL","NOT SPECIFIED","2,410",""
"SURVEY","1989","YEAR","","COUNTY","FLORIDA","12","NORTHEAST","30","SUWANNEE","121","","","00000000","","PEANUTS","PEANUTS - ACRES HARVESTED","TOTAL","NOT SPECIFIED","4,100",""
"SURVEY","1989","YEAR","","COUNTY","FLORIDA","12","NORTHEAST","30","SUWANNEE","121","","","00000000","","PEANUTS","PEANUTS - PRODUCTION, MEASURED IN LB","TOTAL","NOT SPECIFIED","13,243,000",""
"SURVEY","1989","YEAR","","COUNTY","FLORIDA","12","NORTHEAST","30","SUWANNEE","121","","","00000000","","PEANUTS","PEANUTS - YIELD, MEASURED IN LB / ACRE","TOTAL","NOT SPECIFIED","3,230",""
"SURVEY","1989","YEAR","","COUNTY","FLORIDA","12","NORTHWEST","10","CALHOUN","013","","","00000000","","PEANUTS","PEANUTS - ACRES HARVESTED","TOTAL","NOT SPECIFIED","4,050",""
"SURVEY","1989","YEAR","","COUNTY","FLORIDA","12","NORTHWEST","10","CALHOUN","013","","","00000000","","PEANUTS","PEANUTS - PRODUCTION, MEASURED IN LB","TOTAL","NOT SPECIFIED","10,206,000",""
"SURVEY","1989","YEAR","","COUNTY","FLORIDA","12","NORTHWEST","10","CALHOUN","013","","","00000000","","PEANUTS","PEANUTS - YIELD, MEASURED IN LB / ACRE","TOTAL","NOT SPECIFIED","2,520",""
"SURVEY","1989","YEAR","","COUNTY","FLORIDA","12","NORTHWEST","10","GADSDEN","039","","","00000000","","PEANUTS","PEANUTS - ACRES HARVESTED","TOTAL","NOT SPECIFIED","1,450",""
"SURVEY","1989","YEAR","","COUNTY","FLORIDA","12","NORTHWEST","10","GADSDEN","039","","","00000000","","PEANUTS","PEANUTS - PRODUCTION, MEASURED IN LB","TOTAL","NOT SPECIFIED","3,364,000",""
"SURVEY","1989","YEAR","","COUNTY","FLORIDA","12","NORTHWEST","10","GADSDEN","039","","","00000000","","PEANUTS","PEANUTS - YIELD, MEASURED IN LB / ACRE","TOTAL","NOT SPECIFIED","2,320",""
"SURVEY","1989","YEAR","","COUNTY","FLORIDA","12","NORTHWEST","10","HOLMES","059","","","00000000","","PEANUTS","PEANUTS - ACRES HARVESTED","TOTAL","NOT SPECIFIED","6,100",""
"SURVEY","1989","YEAR","","COUNTY","FLORIDA","12","NORTHWEST","10","HOLMES","059","","","00000000","","PEANUTS","PEANUTS - PRODUCTION, MEASURED IN LB","TOTAL","NOT SPECIFIED","11,773,000",""
"SURVEY","1989","YEAR","","COUNTY","FLORIDA","12","NORTHWEST","10","HOLMES","059","","","00000000","","PEANUTS","PEANUTS - YIELD, MEASURED IN LB / ACRE","TOTAL","NOT SPECIFIED","1,930",""
"SURVEY","1989","YEAR","","COUNTY","FLORIDA","12","NORTHWEST","10","JACKSON","063","","","00000000","","PEANUTS","PEANUTS - ACRES HARVESTED","TOTAL","NOT SPECIFIED","39,950",""
"SURVEY","1989","YEAR","","COUNTY","FLORIDA","12","NORTHWEST","10","JACKSON","063","","","00000000","","PEANUTS","PEANUTS - PRODUCTION, MEASURED IN LB","TOTAL","NOT SPECIFIED","97,079,000",""
"SURVEY","1989","YEAR","","COUNTY","FLORIDA","12","NORTHWEST","10","JACKSON","063","","","00000000","","PEANUTS","PEANUTS - YIELD, MEASURED IN LB / ACRE","TOTAL","NOT SPECIFIED","2,430",""
"SURVEY","1989","YEAR","","COUNTY","FLORIDA","12","NORTHWEST","10","JEFFERSON","065","","","00000000","","PEANUTS","PEANUTS - ACRES HARVESTED","TOTAL","NOT SPECIFIED","1,000",""
"SURVEY","1989","YEAR","","COUNTY","FLORIDA","12","NORTHWEST","10","JEFFERSON","065","","","00000000","","PEANUTS","PEANUTS - PRODUCTION, MEASURED IN LB","TOTAL","NOT SPECIFIED","2,510,000",""
"SURVEY","1989","YEAR","","COUNTY","FLORIDA","12","NORTHWEST","10","JEFFERSON","065","","","00000000","","PEANUTS","PEANUTS - YIELD, MEASURED IN LB / ACRE","TOTAL","NOT SPECIFIED","2,510",""
"SURVEY","1989","YEAR","","COUNTY","FLORIDA","12","NORTHWEST","10","LEON","073","","","00000000","","PEANUTS","PEANUTS - ACRES HARVESTED","TOTAL","NOT SPECIFIED","450",""
"SURVEY","1989","YEAR","","COUNTY","FLORIDA","12","NORTHWEST","10","LEON","073","","","00000000","","PEANUTS","PEANUTS - PRODUCTION, MEASURED IN LB","TOTAL","NOT SPECIFIED","1,130,000",""
"SURVEY","1989","YEAR","","COUNTY","FLORIDA","12","NORTHWEST","10","LEON","073","","","00000000","","PEANUTS","PEANUTS - YIELD, MEASURED IN LB / ACRE","TOTAL","NOT SPECIFIED","2,510",""
"SURVEY","1989","YEAR","","COUNTY","FLORIDA","12","NORTHWEST","10","OKALOOSA","091","","","00000000","","PEANUTS","PEANUTS - ACRES HARVESTED","TOTAL","NOT SPECIFIED","950",""
"SURVEY","1989","YEAR","","COUNTY","FLORIDA","12","NORTHWEST","10","OKALOOSA","091","","","00000000","","PEANUTS","PEANUTS - PRODUCTION, MEASURED IN LB","TOTAL","NOT SPECIFIED","2,137,000",""
"SURVEY","1989","YEAR","","COUNTY","FLORIDA","12","NORTHWEST","10","OKALOOSA","091","","","00000000","","PEANUTS","PEANUTS - YIELD, MEASURED IN LB / ACRE","TOTAL","NOT SPECIFIED","2,250",""
"SURVEY","1989","YEAR","","COUNTY","FLORIDA","12","NORTHWEST","10","OTHER (COMBINED) COUNTIES","","","","00000000","","PEANUTS","PEANUTS - ACRES HARVESTED","TOTAL","NOT SPECIFIED","400",""
"SURVEY","1989","YEAR","","COUNTY","FLORIDA","12","NORTHWEST","10","OTHER (COMBINED) COUNTIES","","","","00000000","","PEANUTS","PEANUTS - PRODUCTION, MEASURED IN LB","TOTAL","NOT SPECIFIED","712,000",""
"SURVEY","1989","YEAR","","COUNTY","FLORIDA","12","NORTHWEST","10","OTHER (COMBINED) COUNTIES","","","","00000000","","PEANUTS","PEANUTS - YIELD, MEASURED IN LB / ACRE","TOTAL","NOT SPECIFIED","1,780",""
"SURVEY","1989","YEAR","","COUNTY","FLORIDA","12","NORTHWEST","10","SANTA ROSA","113","","","00000000","","PEANUTS","PEANUTS - ACRES HARVESTED","TOTAL","NOT SPECIFIED","10,250",""
"SURVEY","1989","YEAR","","COUNTY","FLORIDA","12","NORTHWEST","10","SANTA ROSA","113","","","00000000","","PEANUTS","PEANUTS - PRODUCTION, MEASURED IN LB","TOTAL","NOT SPECIFIED","29,110,000",""
"SURVEY","1989","YEAR","","COUNTY","FLORIDA","12","NORTHWEST","10","SANTA ROSA","113","","","00000000","","PEANUTS","PEANUTS - YIELD, MEASURED IN LB / ACRE","TOTAL","NOT SPECIFIED","2,840",""
"SURVEY","1989","YEAR","","COUNTY","FLORIDA","12","NORTHWEST","10","WAKULLA","129","","","00000000","","PEANUTS","PEANUTS - ACRES HARVESTED","TOTAL","NOT SPECIFIED","650",""
"SURVEY","1989","YEAR","","COUNTY","FLORIDA","12","NORTHWEST","10","WAKULLA","129","","","00000000","","PEANUTS","PEANUTS - PRODUCTION, MEASURED IN LB","TOTAL","NOT SPECIFIED","988,000",""
"SURVEY","1989","YEAR","","COUNTY","FLORIDA","12","NORTHWEST","10","WAKULLA","129","","","00000000","","PEANUTS","PEANUTS - YIELD, MEASURED IN LB / ACRE","TOTAL","NOT SPECIFIED","1,520",""
"SURVEY","1989","YEAR","","COUNTY","FLORIDA","12","NORTHWEST","10","WALTON","131","","","00000000","","PEANUTS","PEANUTS - ACRES HARVESTED","TOTAL","NOT SPECIFIED","4,300",""
"SURVEY","1989","YEAR","","COUNTY","FLORIDA","12","NORTHWEST","10","WALTON","131","","","00000000","","PEANUTS","PEANUTS - PRODUCTION, MEASURED IN LB","TOTAL","NOT SPECIFIED","7,740,000",""
"SURVEY","1989","YEAR","","COUNTY","FLORIDA","12","NORTHWEST","10","WALTON","131","","","00000000","","PEANUTS","PEANUTS - YIELD, MEASURED IN LB / ACRE","TOTAL","NOT SPECIFIED","1,800",""
"SURVEY","1989","YEAR","","COUNTY","FLORIDA","12","NORTHWEST","10","WASHINGTON","133","","","00000000","","PEANUTS","PEANUTS - ACRES HARVESTED","TOTAL","NOT SPECIFIED","1,650",""
"SURVEY","1989","YEAR","","COUNTY","FLORIDA","12","NORTHWEST","10","WASHINGTON","133","","","00000000","","PEANUTS","PEANUTS - PRODUCTION, MEASURED IN LB","TOTAL","NOT SPECIFIED","3,993,000",""
"SURVEY","1989","YEAR","","COUNTY","FLORIDA","12","NORTHWEST","10","WASHINGTON","133","","","00000000","","PEANUTS","PEANUTS - YIELD, MEASURED IN LB / ACRE","TOTAL","NOT SPECIFIED","2,420",""
"SURVEY","1988","YEAR","","COUNTY","FLORIDA","12","CENTRAL","50","ALACHUA","001","","","00000000","","PEANUTS","PEANUTS - ACRES HARVESTED","TOTAL","NOT SPECIFIED","1,700",""
"SURVEY","1988","YEAR","","COUNTY","FLORIDA","12","CENTRAL","50","ALACHUA","001","","","00000000","","PEANUTS","PEANUTS - PRODUCTION, MEASURED IN LB","TOTAL","NOT SPECIFIED","4,743,000",""
"SURVEY","1988","YEAR","","COUNTY","FLORIDA","12","CENTRAL","50","ALACHUA","001","","","00000000","","PEANUTS","PEANUTS - YIELD, MEASURED IN LB / ACRE","TOTAL","NOT SPECIFIED","2,790",""
"SURVEY","1988","YEAR","","COUNTY","FLORIDA","12","CENTRAL","50","GILCHRIST","041","","","00000000","","PEANUTS","PEANUTS - ACRES HARVESTED","TOTAL","NOT SPECIFIED","650",""
"SURVEY","1988","YEAR","","COUNTY","FLORIDA","12","CENTRAL","50","GILCHRIST","041","","","00000000","","PEANUTS","PEANUTS - PRODUCTION, MEASURED IN LB","TOTAL","NOT SPECIFIED","1,365,000",""
"SURVEY","1988","YEAR","","COUNTY","FLORIDA","12","CENTRAL","50","GILCHRIST","041","","","00000000","","PEANUTS","PEANUTS - YIELD, MEASURED IN LB / ACRE","TOTAL","NOT SPECIFIED","2,100",""
"SURVEY","1988","YEAR","","COUNTY","FLORIDA","12","CENTRAL","50","LEVY","075","","","00000000","","PEANUTS","PEANUTS - ACRES HARVESTED","TOTAL","NOT SPECIFIED","3,900",""
"SURVEY","1988","YEAR","","COUNTY","FLORIDA","12","CENTRAL","50","LEVY","075","","","00000000","","PEANUTS","PEANUTS - PRODUCTION, MEASURED IN LB","TOTAL","NOT SPECIFIED","13,338,000",""
"SURVEY","1988","YEAR","","COUNTY","FLORIDA","12","CENTRAL","50","LEVY","075","","","00000000","","PEANUTS","PEANUTS - YIELD, MEASURED IN LB / ACRE","TOTAL","NOT SPECIFIED","3,420",""
"SURVEY","1988","YEAR","","COUNTY","FLORIDA","12","CENTRAL","50","MARION","083","","","00000000","","PEANUTS","PEANUTS - ACRES HARVESTED","TOTAL","NOT SPECIFIED","2,900",""
"SURVEY","1988","YEAR","","COUNTY","FLORIDA","12","CENTRAL","50","MARION","083","","","00000000","","PEANUTS","PEANUTS - PRODUCTION, MEASURED IN LB","TOTAL","NOT SPECIFIED","8,410,000",""
"SURVEY","1988","YEAR","","COUNTY","FLORIDA","12","CENTRAL","50","MARION","083","","","00000000","","PEANUTS","PEANUTS - YIELD, MEASURED IN LB / ACRE","TOTAL","NOT SPECIFIED","2,900",""
"SURVEY","1988","YEAR","","COUNTY","FLORIDA","12","CENTRAL","50","OTHER (COMBINED) COUNTIES","","","","00000000","","PEANUTS","PEANUTS - ACRES HARVESTED","TOTAL","NOT SPECIFIED","500",""
"SURVEY","1988","YEAR","","COUNTY","FLORIDA","12","CENTRAL","50","OTHER (COMBINED) COUNTIES","","","","00000000","","PEANUTS","PEANUTS - PRODUCTION, MEASURED IN LB","TOTAL","NOT SPECIFIED","1,000,000",""
"SURVEY","1988","YEAR","","COUNTY","FLORIDA","12","CENTRAL","50","OTHER (COMBINED) COUNTIES","","","","00000000","","PEANUTS","PEANUTS - YIELD, MEASURED IN LB / ACRE","TOTAL","NOT SPECIFIED","2,000",""
"SURVEY","1988","YEAR","","COUNTY","FLORIDA","12","NORTHEAST","30","COLUMBIA","023","","","00000000","","PEANUTS","PEANUTS - ACRES HARVESTED","TOTAL","NOT SPECIFIED","2,250",""
"SURVEY","1988","YEAR","","COUNTY","FLORIDA","12","NORTHEAST","30","COLUMBIA","023","","","00000000","","PEANUTS","PEANUTS - PRODUCTION, MEASURED IN LB","TOTAL","NOT SPECIFIED","4,005,000",""
"SURVEY","1988","YEAR","","COUNTY","FLORIDA","12","NORTHEAST","30","COLUMBIA","023","","","00000000","","PEANUTS","PEANUTS - YIELD, MEASURED IN LB / ACRE","TOTAL","NOT SPECIFIED","1,780",""
"SURVEY","1988","YEAR","","COUNTY","FLORIDA","12","NORTHEAST","30","HAMILTON","047","","","00000000","","PEANUTS","PEANUTS - ACRES HARVESTED","TOTAL","NOT SPECIFIED","200",""
"SURVEY","1988","YEAR","","COUNTY","FLORIDA","12","NORTHEAST","30","HAMILTON","047","","","00000000","","PEANUTS","PEANUTS - PRODUCTION, MEASURED IN LB","TOTAL","NOT SPECIFIED","360,000",""
"SURVEY","1988","YEAR","","COUNTY","FLORIDA","12","NORTHEAST","30","HAMILTON","047","","","00000000","","PEANUTS","PEANUTS - YIELD, MEASURED IN LB / ACRE","TOTAL","NOT SPECIFIED","1,800",""
"SURVEY","1988","YEAR","","COUNTY","FLORIDA","12","NORTHEAST","30","LAFAYETTE","067","","","00000000","","PEANUTS","PEANUTS - ACRES HARVESTED","TOTAL","NOT SPECIFIED","200",""
"SURVEY","1988","YEAR","","COUNTY","FLORIDA","12","NORTHEAST","30","LAFAYETTE","067","","","00000000","","PEANUTS","PEANUTS - PRODUCTION, MEASURED IN LB","TOTAL","NOT SPECIFIED","576,000",""
"SURVEY","1988","YEAR","","COUNTY","FLORIDA","12","NORTHEAST","30","LAFAYETTE","067","","","00000000","","PEANUTS","PEANUTS - YIELD, MEASURED IN LB / ACRE","TOTAL","NOT SPECIFIED","2,880",""
"SURVEY","1988","YEAR","","COUNTY","FLORIDA","12","NORTHEAST","30","MADISON","079","","","00000000","","PEANUTS","PEANUTS - ACRES HARVESTED","TOTAL","NOT SPECIFIED","750",""
"SURVEY","1988","YEAR","","COUNTY","FLORIDA","12","NORTHEAST","30","MADISON","079","","","00000000","","PEANUTS","PEANUTS - PRODUCTION, MEASURED IN LB","TOTAL","NOT SPECIFIED","2,017,000",""
"SURVEY","1988","YEAR","","COUNTY","FLORIDA","12","NORTHEAST","30","MADISON","079","","","00000000","","PEANUTS","PEANUTS - YIELD, MEASURED IN LB / ACRE","TOTAL","NOT SPECIFIED","2,690",""
"SURVEY","1988","YEAR","","COUNTY","FLORIDA","12","NORTHEAST","30","OTHER (COMBINED) COUNTIES","","","","00000000","","PEANUTS","PEANUTS - ACRES HARVESTED","TOTAL","NOT SPECIFIED","100",""
"SURVEY","1988","YEAR","","COUNTY","FLORIDA","12","NORTHEAST","30","OTHER (COMBINED) COUNTIES","","","","00000000","","PEANUTS","PEANUTS - PRODUCTION, MEASURED IN LB","TOTAL","NOT SPECIFIED","254,000",""
"SURVEY","1988","YEAR","","COUNTY","FLORIDA","12","NORTHEAST","30","OTHER (COMBINED) COUNTIES","","","","00000000","","PEANUTS","PEANUTS - YIELD, MEASURED IN LB / ACRE","TOTAL","NOT SPECIFIED","2,540",""
"SURVEY","1988","YEAR","","COUNTY","FLORIDA","12","NORTHEAST","30","SUWANNEE","121","","","00000000","","PEANUTS","PEANUTS - ACRES HARVESTED","TOTAL","NOT SPECIFIED","4,100",""
"SURVEY","1988","YEAR","","COUNTY","FLORIDA","12","NORTHEAST","30","SUWANNEE","121","","","00000000","","PEANUTS","PEANUTS - PRODUCTION, MEASURED IN LB","TOTAL","NOT SPECIFIED","11,726,000",""
"SURVEY","1988","YEAR","","COUNTY","FLORIDA","12","NORTHEAST","30","SUWANNEE","121","","","00000000","","PEANUTS","PEANUTS - YIELD, MEASURED IN LB / ACRE","TOTAL","NOT SPECIFIED","2,860",""
"SURVEY","1988","YEAR","","COUNTY","FLORIDA","12","NORTHWEST","10","CALHOUN","013","","","00000000","","PEANUTS","PEANUTS - ACRES HARVESTED","TOTAL","NOT SPECIFIED","4,000",""
"SURVEY","1988","YEAR","","COUNTY","FLORIDA","12","NORTHWEST","10","CALHOUN","013","","","00000000","","PEANUTS","PEANUTS - PRODUCTION, MEASURED IN LB","TOTAL","NOT SPECIFIED","13,040,000",""
"SURVEY","1988","YEAR","","COUNTY","FLORIDA","12","NORTHWEST","10","CALHOUN","013","","","00000000","","PEANUTS","PEANUTS - YIELD, MEASURED IN LB / ACRE","TOTAL","NOT SPECIFIED","3,260",""
"SURVEY","1988","YEAR","","COUNTY","FLORIDA","12","NORTHWEST","10","GADSDEN","039","","","00000000","","PEANUTS","PEANUTS - ACRES HARVESTED","TOTAL","NOT SPECIFIED","800",""
"SURVEY","1988","YEAR","","COUNTY","FLORIDA","12","NORTHWEST","10","GADSDEN","039","","","00000000","","PEANUTS","PEANUTS - PRODUCTION, MEASURED IN LB","TOTAL","NOT SPECIFIED","1,872,000",""
"SURVEY","1988","YEAR","","COUNTY","FLORIDA","12","NORTHWEST","10","GADSDEN","039","","","00000000","","PEANUTS","PEANUTS - YIELD, MEASURED IN LB / ACRE","TOTAL","NOT SPECIFIED","2,340",""
"SURVEY","1988","YEAR","","COUNTY","FLORIDA","12","NORTHWEST","10","HOLMES","059","","","00000000","","PEANUTS","PEANUTS - ACRES HARVESTED","TOTAL","NOT SPECIFIED","6,600",""
"SURVEY","1988","YEAR","","COUNTY","FLORIDA","12","NORTHWEST","10","HOLMES","059","","","00000000","","PEANUTS","PEANUTS - PRODUCTION, MEASURED IN LB","TOTAL","NOT SPECIFIED","13,398,000",""
"SURVEY","1988","YEAR","","COUNTY","FLORIDA","12","NORTHWEST","10","HOLMES","059","","","00000000","","PEANUTS","PEANUTS - YIELD, MEASURED IN LB / ACRE","TOTAL","NOT SPECIFIED","2,030",""
"SURVEY","1988","YEAR","","COUNTY","FLORIDA","12","NORTHWEST","10","JACKSON","063","","","00000000","","PEANUTS","PEANUTS - ACRES HARVESTED","TOTAL","NOT SPECIFIED","40,400",""
"SURVEY","1988","YEAR","","COUNTY","FLORIDA","12","NORTHWEST","10","JACKSON","063","","","00000000","","PEANUTS","PEANUTS - PRODUCTION, MEASURED IN LB","TOTAL","NOT SPECIFIED","99,788,000",""
"SURVEY","1988","YEAR","","COUNTY","FLORIDA","12","NORTHWEST","10","JACKSON","063","","","00000000","","PEANUTS","PEANUTS - YIELD, MEASURED IN LB / ACRE","TOTAL","NOT SPECIFIED","2,470",""
"SURVEY","1988","YEAR","","COUNTY","FLORIDA","12","NORTHWEST","10","JEFFERSON","065","","","00000000","","PEANUTS","PEANUTS - ACRES HARVESTED","TOTAL","NOT SPECIFIED","1,250",""
"SURVEY","1988","YEAR","","COUNTY","FLORIDA","12","NORTHWEST","10","JEFFERSON","065","","","00000000","","PEANUTS","PEANUTS - PRODUCTION, MEASURED IN LB","TOTAL","NOT SPECIFIED","3,600,000",""
"SURVEY","1988","YEAR","","COUNTY","FLORIDA","12","NORTHWEST","10","JEFFERSON","065","","","00000000","","PEANUTS","PEANUTS - YIELD, MEASURED IN LB / ACRE","TOTAL","NOT SPECIFIED","2,880",""
"SURVEY","1988","YEAR","","COUNTY","FLORIDA","12","NORTHWEST","10","LEON","073","","","00000000","","PEANUTS","PEANUTS - ACRES HARVESTED","TOTAL","NOT SPECIFIED","600",""
"SURVEY","1988","YEAR","","COUNTY","FLORIDA","12","NORTHWEST","10","LEON","073","","","00000000","","PEANUTS","PEANUTS - PRODUCTION, MEASURED IN LB","TOTAL","NOT SPECIFIED","1,428,000",""
"SURVEY","1988","YEAR","","COUNTY","FLORIDA","12","NORTHWEST","10","LEON","073","","","00000000","","PEANUTS","PEANUTS - YIELD, MEASURED IN LB / ACRE","TOTAL","NOT SPECIFIED","2,380",""
"SURVEY","1988","YEAR","","COUNTY","FLORIDA","12","NORTHWEST","10","OKALOOSA","091","","","00000000","","PEANUTS","PEANUTS - ACRES HARVESTED","TOTAL","NOT SPECIFIED","1,000",""
"SURVEY","1988","YEAR","","COUNTY","FLORIDA","12","NORTHWEST","10","OKALOOSA","091","","","00000000","","PEANUTS","PEANUTS - PRODUCTION, MEASURED IN LB","TOTAL","NOT SPECIFIED","2,300,000",""
"SURVEY","1988","YEAR","","COUNTY","FLORIDA","12","NORTHWEST","10","OKALOOSA","091","","","00000000","","PEANUTS","PEANUTS - YIELD, MEASURED IN LB / ACRE","TOTAL","NOT SPECIFIED","2,300",""
"SURVEY","1988","YEAR","","COUNTY","FLORIDA","12","NORTHWEST","10","OTHER (COMBINED) COUNTIES","","","","00000000","","PEANUTS","PEANUTS - ACRES HARVESTED","TOTAL","NOT SPECIFIED","100",""
"SURVEY","1988","YEAR","","COUNTY","FLORIDA","12","NORTHWEST","10","OTHER (COMBINED) COUNTIES","","","","00000000","","PEANUTS","PEANUTS - PRODUCTION, MEASURED IN LB","TOTAL","NOT SPECIFIED","179,000",""
"SURVEY","1988","YEAR","","COUNTY","FLORIDA","12","NORTHWEST","10","OTHER (COMBINED) COUNTIES","","","","00000000","","PEANUTS","PEANUTS - YIELD, MEASURED IN LB / ACRE","TOTAL","NOT SPECIFIED","1,790",""
"SURVEY","1988","YEAR","","COUNTY","FLORIDA","12","NORTHWEST","10","SANTA ROSA","113","","","00000000","","PEANUTS","PEANUTS - ACRES HARVESTED","TOTAL","NOT SPECIFIED","11,150",""
"SURVEY","1988","YEAR","","COUNTY","FLORIDA","12","NORTHWEST","10","SANTA ROSA","113","","","00000000","","PEANUTS","PEANUTS - PRODUCTION, MEASURED IN LB","TOTAL","NOT SPECIFIED","29,101,000",""
"SURVEY","1988","YEAR","","COUNTY","FLORIDA","12","NORTHWEST","10","SANTA ROSA","113","","","00000000","","PEANUTS","PEANUTS - YIELD, MEASURED IN LB / ACRE","TOTAL","NOT SPECIFIED","2,610",""
"SURVEY","1988","YEAR","","COUNTY","FLORIDA","12","NORTHWEST","10","WAKULLA","129","","","00000000","","PEANUTS","PEANUTS - ACRES HARVESTED","TOTAL","NOT SPECIFIED","600",""
"SURVEY","1988","YEAR","","COUNTY","FLORIDA","12","NORTHWEST","10","WAKULLA","129","","","00000000","","PEANUTS","PEANUTS - PRODUCTION, MEASURED IN LB","TOTAL","NOT SPECIFIED","960,000",""
"SURVEY","1988","YEAR","","COUNTY","FLORIDA","12","NORTHWEST","10","WAKULLA","129","","","00000000","","PEANUTS","PEANUTS - YIELD, MEASURED IN LB / ACRE","TOTAL","NOT SPECIFIED","1,600",""
"SURVEY","1988","YEAR","","COUNTY","FLORIDA","12","NORTHWEST","10","WALTON","131","","","00000000","","PEANUTS","PEANUTS - ACRES HARVESTED","TOTAL","NOT SPECIFIED","4,550",""
"SURVEY","1988","YEAR","","COUNTY","FLORIDA","12","NORTHWEST","10","WALTON","131","","","00000000","","PEANUTS","PEANUTS - PRODUCTION, MEASURED IN LB","TOTAL","NOT SPECIFIED","10,601,000",""
"SURVEY","1988","YEAR","","COUNTY","FLORIDA","12","NORTHWEST","10","WALTON","131","","","00000000","","PEANUTS","PEANUTS - YIELD, MEASURED IN LB / ACRE","TOTAL","NOT SPECIFIED","2,330",""
"SURVEY","1988","YEAR","","COUNTY","FLORIDA","12","NORTHWEST","10","WASHINGTON","133","","","00000000","","PEANUTS","PEANUTS - ACRES HARVESTED","TOTAL","NOT SPECIFIED","1,700",""
"SURVEY","1988","YEAR","","COUNTY","FLORIDA","12","NORTHWEST","10","WASHINGTON","133","","","00000000","","PEANUTS","PEANUTS - PRODUCTION, MEASURED IN LB","TOTAL","NOT SPECIFIED","4,539,000",""
"SURVEY","1988","YEAR","","COUNTY","FLORIDA","12","NORTHWEST","10","WASHINGTON","133","","","00000000","","PEANUTS","PEANUTS - YIELD, MEASURED IN LB / ACRE","TOTAL","NOT SPECIFIED","2,670",""
"SURVEY","1987","YEAR","","COUNTY","FLORIDA","12","CENTRAL","50","ALACHUA","001","","","00000000","","PEANUTS","PEANUTS - ACRES HARVESTED","TOTAL","NOT SPECIFIED","1,600",""
"SURVEY","1987","YEAR","","COUNTY","FLORIDA","12","CENTRAL","50","ALACHUA","001","","","00000000","","PEANUTS","PEANUTS - PRODUCTION, MEASURED IN LB","TOTAL","NOT SPECIFIED","4,656,000",""
"SURVEY","1987","YEAR","","COUNTY","FLORIDA","12","CENTRAL","50","ALACHUA","001","","","00000000","","PEANUTS","PEANUTS - YIELD, MEASURED IN LB / ACRE","TOTAL","NOT SPECIFIED","2,910",""
"SURVEY","1987","YEAR","","COUNTY","FLORIDA","12","CENTRAL","50","GILCHRIST","041","","","00000000","","PEANUTS","PEANUTS - ACRES HARVESTED","TOTAL","NOT SPECIFIED","400",""
"SURVEY","1987","YEAR","","COUNTY","FLORIDA","12","CENTRAL","50","GILCHRIST","041","","","00000000","","PEANUTS","PEANUTS - PRODUCTION, MEASURED IN LB","TOTAL","NOT SPECIFIED","1,000,000",""
"SURVEY","1987","YEAR","","COUNTY","FLORIDA","12","CENTRAL","50","GILCHRIST","041","","","00000000","","PEANUTS","PEANUTS - YIELD, MEASURED IN LB / ACRE","TOTAL","NOT SPECIFIED","2,500",""
"SURVEY","1987","YEAR","","COUNTY","FLORIDA","12","CENTRAL","50","LEVY","075","","","00000000","","PEANUTS","PEANUTS - ACRES HARVESTED","TOTAL","NOT SPECIFIED","3,200",""
"SURVEY","1987","YEAR","","COUNTY","FLORIDA","12","CENTRAL","50","LEVY","075","","","00000000","","PEANUTS","PEANUTS - PRODUCTION, MEASURED IN LB","TOTAL","NOT SPECIFIED","10,880,000",""
"SURVEY","1987","YEAR","","COUNTY","FLORIDA","12","CENTRAL","50","LEVY","075","","","00000000","","PEANUTS","PEANUTS - YIELD, MEASURED IN LB / ACRE","TOTAL","NOT SPECIFIED","3,400",""
"SURVEY","1987","YEAR","","COUNTY","FLORIDA","12","CENTRAL","50","MARION","083","","","00000000","","PEANUTS","PEANUTS - ACRES HARVESTED","TOTAL","NOT SPECIFIED","2,700",""
"SURVEY","1987","YEAR","","COUNTY","FLORIDA","12","CENTRAL","50","MARION","083","","","00000000","","PEANUTS","PEANUTS - PRODUCTION, MEASURED IN LB","TOTAL","NOT SPECIFIED","6,291,000",""
"SURVEY","1987","YEAR","","COUNTY","FLORIDA","12","CENTRAL","50","MARION","083","","","00000000","","PEANUTS","PEANUTS - YIELD, MEASURED IN LB / ACRE","TOTAL","NOT SPECIFIED","2,330",""
"SURVEY","1987","YEAR","","COUNTY","FLORIDA","12","CENTRAL","50","OTHER (COMBINED) COUNTIES","","","","00000000","","PEANUTS","PEANUTS - ACRES HARVESTED","TOTAL","NOT SPECIFIED","500",""
"SURVEY","1987","YEAR","","COUNTY","FLORIDA","12","CENTRAL","50","OTHER (COMBINED) COUNTIES","","","","00000000","","PEANUTS","PEANUTS - PRODUCTION, MEASURED IN LB","TOTAL","NOT SPECIFIED","1,165,000",""
"SURVEY","1987","YEAR","","COUNTY","FLORIDA","12","CENTRAL","50","OTHER (COMBINED) COUNTIES","","","","00000000","","PEANUTS","PEANUTS - YIELD, MEASURED IN LB / ACRE","TOTAL","NOT SPECIFIED","2,330",""
"SURVEY","1987","YEAR","","COUNTY","FLORIDA","12","NORTHEAST","30","COLUMBIA","023","","","00000000","","PEANUTS","PEANUTS - ACRES HARVESTED","TOTAL","NOT SPECIFIED","1,900",""
"SURVEY","1987","YEAR","","COUNTY","FLORIDA","12","NORTHEAST","30","COLUMBIA","023","","","00000000","","PEANUTS","PEANUTS - PRODUCTION, MEASURED IN LB","TOTAL","NOT SPECIFIED","4,370,000",""
"SURVEY","1987","YEAR","","COUNTY","FLORIDA","12","NORTHEAST","30","COLUMBIA","023","","","00000000","","PEANUTS","PEANUTS - YIELD, MEASURED IN LB / ACRE","TOTAL","NOT SPECIFIED","2,300",""
"SURVEY","1987","YEAR","","COUNTY","FLORIDA","12","NORTHEAST","30","HAMILTON","047","","","00000000","","PEANUTS","PEANUTS - ACRES HARVESTED","TOTAL","NOT SPECIFIED","200",""
"SURVEY","1987","YEAR","","COUNTY","FLORIDA","12","NORTHEAST","30","HAMILTON","047","","","00000000","","PEANUTS","PEANUTS - PRODUCTION, MEASURED IN LB","TOTAL","NOT SPECIFIED","560,000",""
"SURVEY","1987","YEAR","","COUNTY","FLORIDA","12","NORTHEAST","30","HAMILTON","047","","","00000000","","PEANUTS","PEANUTS - YIELD, MEASURED IN LB / ACRE","TOTAL","NOT SPECIFIED","2,800",""
"SURVEY","1987","YEAR","","COUNTY","FLORIDA","12","NORTHEAST","30","LAFAYETTE","067","","","00000000","","PEANUTS","PEANUTS - ACRES HARVESTED","TOTAL","NOT SPECIFIED","150",""
"SURVEY","1987","YEAR","","COUNTY","FLORIDA","12","NORTHEAST","30","LAFAYETTE","067","","","00000000","","PEANUTS","PEANUTS - PRODUCTION, MEASURED IN LB","TOTAL","NOT SPECIFIED","449,000",""
"SURVEY","1987","YEAR","","COUNTY","FLORIDA","12","NORTHEAST","30","LAFAYETTE","067","","","00000000","","PEANUTS","PEANUTS - YIELD, MEASURED IN LB / ACRE","TOTAL","NOT SPECIFIED","2,990",""
"SURVEY","1987","YEAR","","COUNTY","FLORIDA","12","NORTHEAST","30","MADISON","079","","","00000000","","PEANUTS","PEANUTS - ACRES HARVESTED","TOTAL","NOT SPECIFIED","500",""
"SURVEY","1987","YEAR","","COUNTY","FLORIDA","12","NORTHEAST","30","MADISON","079","","","00000000","","PEANUTS","PEANUTS - PRODUCTION, MEASURED IN LB","TOTAL","NOT SPECIFIED","1,495,000",""
"SURVEY","1987","YEAR","","COUNTY","FLORIDA","12","NORTHEAST","30","MADISON","079","","","00000000","","PEANUTS","PEANUTS - YIELD, MEASURED IN LB / ACRE","TOTAL","NOT SPECIFIED","2,990",""
"SURVEY","1987","YEAR","","COUNTY","FLORIDA","12","NORTHEAST","30","OTHER (COMBINED) COUNTIES","","","","00000000","","PEANUTS","PEANUTS - ACRES HARVESTED","TOTAL","NOT SPECIFIED","50",""
"SURVEY","1987","YEAR","","COUNTY","FLORIDA","12","NORTHEAST","30","OTHER (COMBINED) COUNTIES","","","","00000000","","PEANUTS","PEANUTS - PRODUCTION, MEASURED IN LB","TOTAL","NOT SPECIFIED","80,000",""
"SURVEY","1987","YEAR","","COUNTY","FLORIDA","12","NORTHEAST","30","OTHER (COMBINED) COUNTIES","","","","00000000","","PEANUTS","PEANUTS - YIELD, MEASURED IN LB / ACRE","TOTAL","NOT SPECIFIED","1,600",""
"SURVEY","1987","YEAR","","COUNTY","FLORIDA","12","NORTHEAST","30","SUWANNEE","121","","","00000000","","PEANUTS","PEANUTS - ACRES HARVESTED","TOTAL","NOT SPECIFIED","3,600",""
"SURVEY","1987","YEAR","","COUNTY","FLORIDA","12","NORTHEAST","30","SUWANNEE","121","","","00000000","","PEANUTS","PEANUTS - PRODUCTION, MEASURED IN LB","TOTAL","NOT SPECIFIED","11,160,000",""
"SURVEY","1987","YEAR","","COUNTY","FLORIDA","12","NORTHEAST","30","SUWANNEE","121","","","00000000","","PEANUTS","PEANUTS - YIELD, MEASURED IN LB / ACRE","TOTAL","NOT SPECIFIED","3,100",""
"SURVEY","1987","YEAR","","COUNTY","FLORIDA","12","NORTHWEST","10","CALHOUN","013","","","00000000","","PEANUTS","PEANUTS - ACRES HARVESTED","TOTAL","NOT SPECIFIED","3,300",""
"SURVEY","1987","YEAR","","COUNTY","FLORIDA","12","NORTHWEST","10","CALHOUN","013","","","00000000","","PEANUTS","PEANUTS - PRODUCTION, MEASURED IN LB","TOTAL","NOT SPECIFIED","10,660,000",""
"SURVEY","1987","YEAR","","COUNTY","FLORIDA","12","NORTHWEST","10","CALHOUN","013","","","00000000","","PEANUTS","PEANUTS - YIELD, MEASURED IN LB / ACRE","TOTAL","NOT SPECIFIED","3,230",""
"SURVEY","1987","YEAR","","COUNTY","FLORIDA","12","NORTHWEST","10","GADSDEN","039","","","00000000","","PEANUTS","PEANUTS - ACRES HARVESTED","TOTAL","NOT SPECIFIED","600",""
"SURVEY","1987","YEAR","","COUNTY","FLORIDA","12","NORTHWEST","10","GADSDEN","039","","","00000000","","PEANUTS","PEANUTS - PRODUCTION, MEASURED IN LB","TOTAL","NOT SPECIFIED","1,710,000",""
"SURVEY","1987","YEAR","","COUNTY","FLORIDA","12","NORTHWEST","10","GADSDEN","039","","","00000000","","PEANUTS","PEANUTS - YIELD, MEASURED IN LB / ACRE","TOTAL","NOT SPECIFIED","2,850",""
"SURVEY","1987","YEAR","","COUNTY","FLORIDA","12","NORTHWEST","10","HOLMES","059","","","00000000","","PEANUTS","PEANUTS - ACRES HARVESTED","TOTAL","NOT SPECIFIED","6,200",""
"SURVEY","1987","YEAR","","COUNTY","FLORIDA","12","NORTHWEST","10","HOLMES","059","","","00000000","","PEANUTS","PEANUTS - PRODUCTION, MEASURED IN LB","TOTAL","NOT SPECIFIED","14,136,000",""
"SURVEY","1987","YEAR","","COUNTY","FLORIDA","12","NORTHWEST","10","HOLMES","059","","","00000000","","PEANUTS","PEANUTS - YIELD, MEASURED IN LB / ACRE","TOTAL","NOT SPECIFIED","2,280",""
"SURVEY","1987","YEAR","","COUNTY","FLORIDA","12","NORTHWEST","10","JACKSON","063","","","00000000","","PEANUTS","PEANUTS - ACRES HARVESTED","TOTAL","NOT SPECIFIED","37,300",""
"SURVEY","1987","YEAR","","COUNTY","FLORIDA","12","NORTHWEST","10","JACKSON","063","","","00000000","","PEANUTS","PEANUTS - PRODUCTION, MEASURED IN LB","TOTAL","NOT SPECIFIED","91,385,000",""
"SURVEY","1987","YEAR","","COUNTY","FLORIDA","12","NORTHWEST","10","JACKSON","063","","","00000000","","PEANUTS","PEANUTS - YIELD, MEASURED IN LB / ACRE","TOTAL","NOT SPECIFIED","2,450",""
"SURVEY","1987","YEAR","","COUNTY","FLORIDA","12","NORTHWEST","10","JEFFERSON","065","","","00000000","","PEANUTS","PEANUTS - ACRES HARVESTED","TOTAL","NOT SPECIFIED","1,300",""
"SURVEY","1987","YEAR","","COUNTY","FLORIDA","12","NORTHWEST","10","JEFFERSON","065","","","00000000","","PEANUTS","PEANUTS - PRODUCTION, MEASURED IN LB","TOTAL","NOT SPECIFIED","3,601,000",""
"SURVEY","1987","YEAR","","COUNTY","FLORIDA","12","NORTHWEST","10","JEFFERSON","065","","","00000000","","PEANUTS","PEANUTS - YIELD, MEASURED IN LB / ACRE","TOTAL","NOT SPECIFIED","2,770",""
"SURVEY","1987","YEAR","","COUNTY","FLORIDA","12","NORTHWEST","10","LEON","073","","","00000000","","PEANUTS","PEANUTS - ACRES HARVESTED","TOTAL","NOT SPECIFIED","400",""
"SURVEY","1987","YEAR","","COUNTY","FLORIDA","12","NORTHWEST","10","LEON","073","","","00000000","","PEANUTS","PEANUTS - PRODUCTION, MEASURED IN LB","TOTAL","NOT SPECIFIED","884,000",""
"SURVEY","1987","YEAR","","COUNTY","FLORIDA","12","NORTHWEST","10","LEON","073","","","00000000","","PEANUTS","PEANUTS - YIELD, MEASURED IN LB / ACRE","TOTAL","NOT SPECIFIED","2,210",""
"SURVEY","1987","YEAR","","COUNTY","FLORIDA","12","NORTHWEST","10","OKALOOSA","091","","","00000000","","PEANUTS","PEANUTS - ACRES HARVESTED","TOTAL","NOT SPECIFIED","1,100",""
"SURVEY","1987","YEAR","","COUNTY","FLORIDA","12","NORTHWEST","10","OKALOOSA","091","","","00000000","","PEANUTS","PEANUTS - PRODUCTION, MEASURED IN LB","TOTAL","NOT SPECIFIED","2,662,000",""
"SURVEY","1987","YEAR","","COUNTY","FLORIDA","12","NORTHWEST","10","OKALOOSA","091","","","00000000","","PEANUTS","PEANUTS - YIELD, MEASURED IN LB / ACRE","TOTAL","NOT SPECIFIED","2,420",""
"SURVEY","1987","YEAR","","COUNTY","FLORIDA","12","NORTHWEST","10","SANTA ROSA","113","","","00000000","","PEANUTS","PEANUTS - ACRES HARVESTED","TOTAL","NOT SPECIFIED","9,600",""
"SURVEY","1987","YEAR","","COUNTY","FLORIDA","12","NORTHWEST","10","SANTA ROSA","113","","","00000000","","PEANUTS","PEANUTS - PRODUCTION, MEASURED IN LB","TOTAL","NOT SPECIFIED","30,144,000",""
"SURVEY","1987","YEAR","","COUNTY","FLORIDA","12","NORTHWEST","10","SANTA ROSA","113","","","00000000","","PEANUTS","PEANUTS - YIELD, MEASURED IN LB / ACRE","TOTAL","NOT SPECIFIED","3,140",""
"SURVEY","1987","YEAR","","COUNTY","FLORIDA","12","NORTHWEST","10","WAKULLA","129","","","00000000","","PEANUTS","PEANUTS - ACRES HARVESTED","TOTAL","NOT SPECIFIED","600",""
"SURVEY","1987","YEAR","","COUNTY","FLORIDA","12","NORTHWEST","10","WAKULLA","129","","","00000000","","PEANUTS","PEANUTS - PRODUCTION, MEASURED IN LB","TOTAL","NOT SPECIFIED","858,000",""
"SURVEY","1987","YEAR","","COUNTY","FLORIDA","12","NORTHWEST","10","WAKULLA","129","","","00000000","","PEANUTS","PEANUTS - YIELD, MEASURED IN LB / ACRE","TOTAL","NOT SPECIFIED","1,430",""
"SURVEY","1987","YEAR","","COUNTY","FLORIDA","12","NORTHWEST","10","WALTON","131","","","00000000","","PEANUTS","PEANUTS - ACRES HARVESTED","TOTAL","NOT SPECIFIED","6,500",""
"SURVEY","1987","YEAR","","COUNTY","FLORIDA","12","NORTHWEST","10","WALTON","131","","","00000000","","PEANUTS","PEANUTS - PRODUCTION, MEASURED IN LB","TOTAL","NOT SPECIFIED","13,780,000",""
"SURVEY","1987","YEAR","","COUNTY","FLORIDA","12","NORTHWEST","10","WALTON","131","","","00000000","","PEANUTS","PEANUTS - YIELD, MEASURED IN LB / ACRE","TOTAL","NOT SPECIFIED","2,120",""
"SURVEY","1987","YEAR","","COUNTY","FLORIDA","12","NORTHWEST","10","WASHINGTON","133","","","00000000","","PEANUTS","PEANUTS - ACRES HARVESTED","TOTAL","NOT SPECIFIED","1,300",""
"SURVEY","1987","YEAR","","COUNTY","FLORIDA","12","NORTHWEST","10","WASHINGTON","133","","","00000000","","PEANUTS","PEANUTS - PRODUCTION, MEASURED IN LB","TOTAL","NOT SPECIFIED","3,874,000",""
"SURVEY","1987","YEAR","","COUNTY","FLORIDA","12","NORTHWEST","10","WASHINGTON","133","","","00000000","","PEANUTS","PEANUTS - YIELD, MEASURED IN LB / ACRE","TOTAL","NOT SPECIFIED","2,980",""
"SURVEY","1986","YEAR","","COUNTY","FLORIDA","12","CENTRAL","50","ALACHUA","001","","","00000000","","PEANUTS","PEANUTS - ACRES HARVESTED","TOTAL","NOT SPECIFIED","1,400",""
"SURVEY","1986","YEAR","","COUNTY","FLORIDA","12","CENTRAL","50","ALACHUA","001","","","00000000","","PEANUTS","PEANUTS - PRODUCTION, MEASURED IN LB","TOTAL","NOT SPECIFIED","4,137,000",""
"SURVEY","1986","YEAR","","COUNTY","FLORIDA","12","CENTRAL","50","ALACHUA","001","","","00000000","","PEANUTS","PEANUTS - YIELD, MEASURED IN LB / ACRE","TOTAL","NOT SPECIFIED","2,955",""
"SURVEY","1986","YEAR","","COUNTY","FLORIDA","12","CENTRAL","50","GILCHRIST","041","","","00000000","","PEANUTS","PEANUTS - ACRES HARVESTED","TOTAL","NOT SPECIFIED","400",""
"SURVEY","1986","YEAR","","COUNTY","FLORIDA","12","CENTRAL","50","GILCHRIST","041","","","00000000","","PEANUTS","PEANUTS - PRODUCTION, MEASURED IN LB","TOTAL","NOT SPECIFIED","928,000",""
"SURVEY","1986","YEAR","","COUNTY","FLORIDA","12","CENTRAL","50","GILCHRIST","041","","","00000000","","PEANUTS","PEANUTS - YIELD, MEASURED IN LB / ACRE","TOTAL","NOT SPECIFIED","2,320",""
"SURVEY","1986","YEAR","","COUNTY","FLORIDA","12","CENTRAL","50","LEVY","075","","","00000000","","PEANUTS","PEANUTS - ACRES HARVESTED","TOTAL","NOT SPECIFIED","3,400",""
"SURVEY","1986","YEAR","","COUNTY","FLORIDA","12","CENTRAL","50","LEVY","075","","","00000000","","PEANUTS","PEANUTS - PRODUCTION, MEASURED IN LB","TOTAL","NOT SPECIFIED","12,563,000",""
"SURVEY","1986","YEAR","","COUNTY","FLORIDA","12","CENTRAL","50","LEVY","075","","","00000000","","PEANUTS","PEANUTS - YIELD, MEASURED IN LB / ACRE","TOTAL","NOT SPECIFIED","3,695",""
"SURVEY","1986","YEAR","","COUNTY","FLORIDA","12","CENTRAL","50","MARION","083","","","00000000","","PEANUTS","PEANUTS - ACRES HARVESTED","TOTAL","NOT SPECIFIED","2,600",""
"SURVEY","1986","YEAR","","COUNTY","FLORIDA","12","CENTRAL","50","MARION","083","","","00000000","","PEANUTS","PEANUTS - PRODUCTION, MEASURED IN LB","TOTAL","NOT SPECIFIED","7,410,000",""
"SURVEY","1986","YEAR","","COUNTY","FLORIDA","12","CENTRAL","50","MARION","083","","","00000000","","PEANUTS","PEANUTS - YIELD, MEASURED IN LB / ACRE","TOTAL","NOT SPECIFIED","2,850",""
"SURVEY","1986","YEAR","","COUNTY","FLORIDA","12","NORTHEAST","30","COLUMBIA","023","","","00000000","","PEANUTS","PEANUTS - ACRES HARVESTED","TOTAL","NOT SPECIFIED","1,500",""
"SURVEY","1986","YEAR","","COUNTY","FLORIDA","12","NORTHEAST","30","COLUMBIA","023","","","00000000","","PEANUTS","PEANUTS - PRODUCTION, MEASURED IN LB","TOTAL","NOT SPECIFIED","3,435,000",""
"SURVEY","1986","YEAR","","COUNTY","FLORIDA","12","NORTHEAST","30","COLUMBIA","023","","","00000000","","PEANUTS","PEANUTS - YIELD, MEASURED IN LB / ACRE","TOTAL","NOT SPECIFIED","2,290",""
"SURVEY","1986","YEAR","","COUNTY","FLORIDA","12","NORTHEAST","30","DIXIE","029","","","00000000","","PEANUTS","PEANUTS - ACRES HARVESTED","TOTAL","NOT SPECIFIED","50",""
"SURVEY","1986","YEAR","","COUNTY","FLORIDA","12","NORTHEAST","30","DIXIE","029","","","00000000","","PEANUTS","PEANUTS - PRODUCTION, MEASURED IN LB","TOTAL","NOT SPECIFIED","80,000",""
"SURVEY","1986","YEAR","","COUNTY","FLORIDA","12","NORTHEAST","30","DIXIE","029","","","00000000","","PEANUTS","PEANUTS - YIELD, MEASURED IN LB / ACRE","TOTAL","NOT SPECIFIED","1,600",""
"SURVEY","1986","YEAR","","COUNTY","FLORIDA","12","NORTHEAST","30","HAMILTON","047","","","00000000","","PEANUTS","PEANUTS - ACRES HARVESTED","TOTAL","NOT SPECIFIED","400",""
"SURVEY","1986","YEAR","","COUNTY","FLORIDA","12","NORTHEAST","30","HAMILTON","047","","","00000000","","PEANUTS","PEANUTS - PRODUCTION, MEASURED IN LB","TOTAL","NOT SPECIFIED","1,154,000",""
"SURVEY","1986","YEAR","","COUNTY","FLORIDA","12","NORTHEAST","30","HAMILTON","047","","","00000000","","PEANUTS","PEANUTS - YIELD, MEASURED IN LB / ACRE","TOTAL","NOT SPECIFIED","2,885",""
"SURVEY","1986","YEAR","","COUNTY","FLORIDA","12","NORTHEAST","30","LAFAYETTE","067","","","00000000","","PEANUTS","PEANUTS - ACRES HARVESTED","TOTAL","NOT SPECIFIED","150",""
"SURVEY","1986","YEAR","","COUNTY","FLORIDA","12","NORTHEAST","30","LAFAYETTE","067","","","00000000","","PEANUTS","PEANUTS - PRODUCTION, MEASURED IN LB","TOTAL","NOT SPECIFIED","465,000",""
"SURVEY","1986","YEAR","","COUNTY","FLORIDA","12","NORTHEAST","30","LAFAYETTE","067","","","00000000","","PEANUTS","PEANUTS - YIELD, MEASURED IN LB / ACRE","TOTAL","NOT SPECIFIED","3,100",""
"SURVEY","1986","YEAR","","COUNTY","FLORIDA","12","NORTHEAST","30","MADISON","079","","","00000000","","PEANUTS","PEANUTS - ACRES HARVESTED","TOTAL","NOT SPECIFIED","800",""
"SURVEY","1986","YEAR","","COUNTY","FLORIDA","12","NORTHEAST","30","MADISON","079","","","00000000","","PEANUTS","PEANUTS - PRODUCTION, MEASURED IN LB","TOTAL","NOT SPECIFIED","2,460,000",""
"SURVEY","1986","YEAR","","COUNTY","FLORIDA","12","NORTHEAST","30","MADISON","079","","","00000000","","PEANUTS","PEANUTS - YIELD, MEASURED IN LB / ACRE","TOTAL","NOT SPECIFIED","3,075",""
"SURVEY","1986","YEAR","","COUNTY","FLORIDA","12","NORTHEAST","30","SUWANNEE","121","","","00000000","","PEANUTS","PEANUTS - ACRES HARVESTED","TOTAL","NOT SPECIFIED","4,100",""
"SURVEY","1986","YEAR","","COUNTY","FLORIDA","12","NORTHEAST","30","SUWANNEE","121","","","00000000","","PEANUTS","PEANUTS - PRODUCTION, MEASURED IN LB","TOTAL","NOT SPECIFIED","11,726,000",""
"SURVEY","1986","YEAR","","COUNTY","FLORIDA","12","NORTHEAST","30","SUWANNEE","121","","","00000000","","PEANUTS","PEANUTS - YIELD, MEASURED IN LB / ACRE","TOTAL","NOT SPECIFIED","2,860",""
"SURVEY","1986","YEAR","","COUNTY","FLORIDA","12","NORTHWEST","10","CALHOUN","013","","","00000000","","PEANUTS","PEANUTS - ACRES HARVESTED","TOTAL","NOT SPECIFIED","3,700",""
"SURVEY","1986","YEAR","","COUNTY","FLORIDA","12","NORTHWEST","10","CALHOUN","013","","","00000000","","PEANUTS","PEANUTS - PRODUCTION, MEASURED IN LB","TOTAL","NOT SPECIFIED","12,654,000",""
"SURVEY","1986","YEAR","","COUNTY","FLORIDA","12","NORTHWEST","10","CALHOUN","013","","","00000000","","PEANUTS","PEANUTS - YIELD, MEASURED IN LB / ACRE","TOTAL","NOT SPECIFIED","3,420",""
"SURVEY","1986","YEAR","","COUNTY","FLORIDA","12","NORTHWEST","10","GADSDEN","039","","","00000000","","PEANUTS","PEANUTS - ACRES HARVESTED","TOTAL","NOT SPECIFIED","600",""
"SURVEY","1986","YEAR","","COUNTY","FLORIDA","12","NORTHWEST","10","GADSDEN","039","","","00000000","","PEANUTS","PEANUTS - PRODUCTION, MEASURED IN LB","TOTAL","NOT SPECIFIED","1,758,000",""
"SURVEY","1986","YEAR","","COUNTY","FLORIDA","12","NORTHWEST","10","GADSDEN","039","","","00000000","","PEANUTS","PEANUTS - YIELD, MEASURED IN LB / ACRE","TOTAL","NOT SPECIFIED","2,930",""
"SURVEY","1986","YEAR","","COUNTY","FLORIDA","12","NORTHWEST","10","HOLMES","059","","","00000000","","PEANUTS","PEANUTS - ACRES HARVESTED","TOTAL","NOT SPECIFIED","6,300",""
"SURVEY","1986","YEAR","","COUNTY","FLORIDA","12","NORTHWEST","10","HOLMES","059","","","00000000","","PEANUTS","PEANUTS - PRODUCTION, MEASURED IN LB","TOTAL","NOT SPECIFIED","13,860,000",""
"SURVEY","1986","YEAR","","COUNTY","FLORIDA","12","NORTHWEST","10","HOLMES","059","","","00000000","","PEANUTS","PEANUTS - YIELD, MEASURED IN LB / ACRE","TOTAL","NOT SPECIFIED","2,200",""
"SURVEY","1986","YEAR","","COUNTY","FLORIDA","12","NORTHWEST","10","JACKSON","063","","","00000000","","PEANUTS","PEANUTS - ACRES HARVESTED","TOTAL","NOT SPECIFIED","42,000",""
"SURVEY","1986","YEAR","","COUNTY","FLORIDA","12","NORTHWEST","10","JACKSON","063","","","00000000","","PEANUTS","PEANUTS - PRODUCTION, MEASURED IN LB","TOTAL","NOT SPECIFIED","104,160,000",""
"SURVEY","1986","YEAR","","COUNTY","FLORIDA","12","NORTHWEST","10","JACKSON","063","","","00000000","","PEANUTS","PEANUTS - YIELD, MEASURED IN LB / ACRE","TOTAL","NOT SPECIFIED","2,480",""
"SURVEY","1986","YEAR","","COUNTY","FLORIDA","12","NORTHWEST","10","JEFFERSON","065","","","00000000","","PEANUTS","PEANUTS - ACRES HARVESTED","TOTAL","NOT SPECIFIED","900",""
"SURVEY","1986","YEAR","","COUNTY","FLORIDA","12","NORTHWEST","10","JEFFERSON","065","","","00000000","","PEANUTS","PEANUTS - PRODUCTION, MEASURED IN LB","TOTAL","NOT SPECIFIED","2,538,000",""
"SURVEY","1986","YEAR","","COUNTY","FLORIDA","12","NORTHWEST","10","JEFFERSON","065","","","00000000","","PEANUTS","PEANUTS - YIELD, MEASURED IN LB / ACRE","TOTAL","NOT SPECIFIED","2,820",""
"SURVEY","1986","YEAR","","COUNTY","FLORIDA","12","NORTHWEST","10","LEON","073","","","00000000","","PEANUTS","PEANUTS - ACRES HARVESTED","TOTAL","NOT SPECIFIED","500",""
"SURVEY","1986","YEAR","","COUNTY","FLORIDA","12","NORTHWEST","10","LEON","073","","","00000000","","PEANUTS","PEANUTS - PRODUCTION, MEASURED IN LB","TOTAL","NOT SPECIFIED","1,310,000",""
"SURVEY","1986","YEAR","","COUNTY","FLORIDA","12","NORTHWEST","10","LEON","073","","","00000000","","PEANUTS","PEANUTS - YIELD, MEASURED IN LB / ACRE","TOTAL","NOT SPECIFIED","2,620",""
"SURVEY","1986","YEAR","","COUNTY","FLORIDA","12","NORTHWEST","10","OKALOOSA","091","","","00000000","","PEANUTS","PEANUTS - ACRES HARVESTED","TOTAL","NOT SPECIFIED","900",""
"SURVEY","1986","YEAR","","COUNTY","FLORIDA","12","NORTHWEST","10","OKALOOSA","091","","","00000000","","PEANUTS","PEANUTS - PRODUCTION, MEASURED IN LB","TOTAL","NOT SPECIFIED","2,628,000",""
"SURVEY","1986","YEAR","","COUNTY","FLORIDA","12","NORTHWEST","10","OKALOOSA","091","","","00000000","","PEANUTS","PEANUTS - YIELD, MEASURED IN LB / ACRE","TOTAL","NOT SPECIFIED","2,920",""
"SURVEY","1986","YEAR","","COUNTY","FLORIDA","12","NORTHWEST","10","SANTA ROSA","113","","","00000000","","PEANUTS","PEANUTS - ACRES HARVESTED","TOTAL","NOT SPECIFIED","10,800",""
"SURVEY","1986","YEAR","","COUNTY","FLORIDA","12","NORTHWEST","10","SANTA ROSA","113","","","00000000","","PEANUTS","PEANUTS - PRODUCTION, MEASURED IN LB","TOTAL","NOT SPECIFIED","33,264,000",""
"SURVEY","1986","YEAR","","COUNTY","FLORIDA","12","NORTHWEST","10","SANTA ROSA","113","","","00000000","","PEANUTS","PEANUTS - YIELD, MEASURED IN LB / ACRE","TOTAL","NOT SPECIFIED","3,080",""
"SURVEY","1986","YEAR","","COUNTY","FLORIDA","12","NORTHWEST","10","WAKULLA","129","","","00000000","","PEANUTS","PEANUTS - ACRES HARVESTED","TOTAL","NOT SPECIFIED","700",""
"SURVEY","1986","YEAR","","COUNTY","FLORIDA","12","NORTHWEST","10","WAKULLA","129","","","00000000","","PEANUTS","PEANUTS - PRODUCTION, MEASURED IN LB","TOTAL","NOT SPECIFIED","1,148,000",""
"SURVEY","1986","YEAR","","COUNTY","FLORIDA","12","NORTHWEST","10","WAKULLA","129","","","00000000","","PEANUTS","PEANUTS - YIELD, MEASURED IN LB / ACRE","TOTAL","NOT SPECIFIED","1,640",""
"SURVEY","1986","YEAR","","COUNTY","FLORIDA","12","NORTHWEST","10","WALTON","131","","","00000000","","PEANUTS","PEANUTS - ACRES HARVESTED","TOTAL","NOT SPECIFIED","4,500",""
"SURVEY","1986","YEAR","","COUNTY","FLORIDA","12","NORTHWEST","10","WALTON","131","","","00000000","","PEANUTS","PEANUTS - PRODUCTION, MEASURED IN LB","TOTAL","NOT SPECIFIED","11,205,000",""
"SURVEY","1986","YEAR","","COUNTY","FLORIDA","12","NORTHWEST","10","WALTON","131","","","00000000","","PEANUTS","PEANUTS - YIELD, MEASURED IN LB / ACRE","TOTAL","NOT SPECIFIED","2,490",""
"SURVEY","1986","YEAR","","COUNTY","FLORIDA","12","NORTHWEST","10","WASHINGTON","133","","","00000000","","PEANUTS","PEANUTS - ACRES HARVESTED","TOTAL","NOT SPECIFIED","1,300",""
"SURVEY","1986","YEAR","","COUNTY","FLORIDA","12","NORTHWEST","10","WASHINGTON","133","","","00000000","","PEANUTS","PEANUTS - PRODUCTION, MEASURED IN LB","TOTAL","NOT SPECIFIED","4,277,000",""
"SURVEY","1986","YEAR","","COUNTY","FLORIDA","12","NORTHWEST","10","WASHINGTON","133","","","00000000","","PEANUTS","PEANUTS - YIELD, MEASURED IN LB / ACRE","TOTAL","NOT SPECIFIED","3,290",""
"SURVEY","1985","YEAR","","COUNTY","FLORIDA","12","CENTRAL","50","ALACHUA","001","","","00000000","","PEANUTS","PEANUTS - ACRES HARVESTED","TOTAL","NOT SPECIFIED","1,400",""
"SURVEY","1985","YEAR","","COUNTY","FLORIDA","12","CENTRAL","50","ALACHUA","001","","","00000000","","PEANUTS","PEANUTS - PRODUCTION, MEASURED IN LB","TOTAL","NOT SPECIFIED","4,081,000",""
"SURVEY","1985","YEAR","","COUNTY","FLORIDA","12","CENTRAL","50","ALACHUA","001","","","00000000","","PEANUTS","PEANUTS - YIELD, MEASURED IN LB / ACRE","TOTAL","NOT SPECIFIED","2,915",""
"SURVEY","1985","YEAR","","COUNTY","FLORIDA","12","CENTRAL","50","GILCHRIST","041","","","00000000","","PEANUTS","PEANUTS - ACRES HARVESTED","TOTAL","NOT SPECIFIED","400",""
"SURVEY","1985","YEAR","","COUNTY","FLORIDA","12","CENTRAL","50","GILCHRIST","041","","","00000000","","PEANUTS","PEANUTS - PRODUCTION, MEASURED IN LB","TOTAL","NOT SPECIFIED","748,000",""
"SURVEY","1985","YEAR","","COUNTY","FLORIDA","12","CENTRAL","50","GILCHRIST","041","","","00000000","","PEANUTS","PEANUTS - YIELD, MEASURED IN LB / ACRE","TOTAL","NOT SPECIFIED","1,870",""
"SURVEY","1985","YEAR","","COUNTY","FLORIDA","12","CENTRAL","50","LEVY","075","","","00000000","","PEANUTS","PEANUTS - ACRES HARVESTED","TOTAL","NOT SPECIFIED","3,300",""
"SURVEY","1985","YEAR","","COUNTY","FLORIDA","12","CENTRAL","50","LEVY","075","","","00000000","","PEANUTS","PEANUTS - PRODUCTION, MEASURED IN LB","TOTAL","NOT SPECIFIED","11,451,000",""
"SURVEY","1985","YEAR","","COUNTY","FLORIDA","12","CENTRAL","50","LEVY","075","","","00000000","","PEANUTS","PEANUTS - YIELD, MEASURED IN LB / ACRE","TOTAL","NOT SPECIFIED","3,470",""
"SURVEY","1985","YEAR","","COUNTY","FLORIDA","12","CENTRAL","50","MARION","083","","","00000000","","PEANUTS","PEANUTS - ACRES HARVESTED","TOTAL","NOT SPECIFIED","3,100",""
"SURVEY","1985","YEAR","","COUNTY","FLORIDA","12","CENTRAL","50","MARION","083","","","00000000","","PEANUTS","PEANUTS - PRODUCTION, MEASURED IN LB","TOTAL","NOT SPECIFIED","7,254,000",""
"SURVEY","1985","YEAR","","COUNTY","FLORIDA","12","CENTRAL","50","MARION","083","","","00000000","","PEANUTS","PEANUTS - YIELD, MEASURED IN LB / ACRE","TOTAL","NOT SPECIFIED","2,340",""
"SURVEY","1985","YEAR","","COUNTY","FLORIDA","12","NORTHEAST","30","COLUMBIA","023","","","00000000","","PEANUTS","PEANUTS - ACRES HARVESTED","TOTAL","NOT SPECIFIED","1,200",""
"SURVEY","1985","YEAR","","COUNTY","FLORIDA","12","NORTHEAST","30","COLUMBIA","023","","","00000000","","PEANUTS","PEANUTS - PRODUCTION, MEASURED IN LB","TOTAL","NOT SPECIFIED","3,036,000",""
"SURVEY","1985","YEAR","","COUNTY","FLORIDA","12","NORTHEAST","30","COLUMBIA","023","","","00000000","","PEANUTS","PEANUTS - YIELD, MEASURED IN LB / ACRE","TOTAL","NOT SPECIFIED","2,530",""
"SURVEY","1985","YEAR","","COUNTY","FLORIDA","12","NORTHEAST","30","DIXIE","029","","","00000000","","PEANUTS","PEANUTS - ACRES HARVESTED","TOTAL","NOT SPECIFIED","50",""
"SURVEY","1985","YEAR","","COUNTY","FLORIDA","12","NORTHEAST","30","DIXIE","029","","","00000000","","PEANUTS","PEANUTS - PRODUCTION, MEASURED IN LB","TOTAL","NOT SPECIFIED","98,000",""
"SURVEY","1985","YEAR","","COUNTY","FLORIDA","12","NORTHEAST","30","DIXIE","029","","","00000000","","PEANUTS","PEANUTS - YIELD, MEASURED IN LB / ACRE","TOTAL","NOT SPECIFIED","1,960",""
"SURVEY","1985","YEAR","","COUNTY","FLORIDA","12","NORTHEAST","30","HAMILTON","047","","","00000000","","PEANUTS","PEANUTS - ACRES HARVESTED","TOTAL","NOT SPECIFIED","100",""
"SURVEY","1985","YEAR","","COUNTY","FLORIDA","12","NORTHEAST","30","HAMILTON","047","","","00000000","","PEANUTS","PEANUTS - PRODUCTION, MEASURED IN LB","TOTAL","NOT SPECIFIED","344,000",""
"SURVEY","1985","YEAR","","COUNTY","FLORIDA","12","NORTHEAST","30","HAMILTON","047","","","00000000","","PEANUTS","PEANUTS - YIELD, MEASURED IN LB / ACRE","TOTAL","NOT SPECIFIED","3,440",""
"SURVEY","1985","YEAR","","COUNTY","FLORIDA","12","NORTHEAST","30","LAFAYETTE","067","","","00000000","","PEANUTS","PEANUTS - ACRES HARVESTED","TOTAL","NOT SPECIFIED","150",""
"SURVEY","1985","YEAR","","COUNTY","FLORIDA","12","NORTHEAST","30","LAFAYETTE","067","","","00000000","","PEANUTS","PEANUTS - PRODUCTION, MEASURED IN LB","TOTAL","NOT SPECIFIED","486,000",""
"SURVEY","1985","YEAR","","COUNTY","FLORIDA","12","NORTHEAST","30","LAFAYETTE","067","","","00000000","","PEANUTS","PEANUTS - YIELD, MEASURED IN LB / ACRE","TOTAL","NOT SPECIFIED","3,240",""
"SURVEY","1985","YEAR","","COUNTY","FLORIDA","12","NORTHEAST","30","MADISON","079","","","00000000","","PEANUTS","PEANUTS - ACRES HARVESTED","TOTAL","NOT SPECIFIED","400",""
"SURVEY","1985","YEAR","","COUNTY","FLORIDA","12","NORTHEAST","30","MADISON","079","","","00000000","","PEANUTS","PEANUTS - PRODUCTION, MEASURED IN LB","TOTAL","NOT SPECIFIED","1,400,000",""
"SURVEY","1985","YEAR","","COUNTY","FLORIDA","12","NORTHEAST","30","MADISON","079","","","00000000","","PEANUTS","PEANUTS - YIELD, MEASURED IN LB / ACRE","TOTAL","NOT SPECIFIED","3,500",""
"SURVEY","1985","YEAR","","COUNTY","FLORIDA","12","NORTHEAST","30","SUWANNEE","121","","","00000000","","PEANUTS","PEANUTS - ACRES HARVESTED","TOTAL","NOT SPECIFIED","4,100",""
"SURVEY","1985","YEAR","","COUNTY","FLORIDA","12","NORTHEAST","30","SUWANNEE","121","","","00000000","","PEANUTS","PEANUTS - PRODUCTION, MEASURED IN LB","TOTAL","NOT SPECIFIED","12,546,000",""
"SURVEY","1985","YEAR","","COUNTY","FLORIDA","12","NORTHEAST","30","SUWANNEE","121","","","00000000","","PEANUTS","PEANUTS - YIELD, MEASURED IN LB / ACRE","TOTAL","NOT SPECIFIED","3,060",""
"SURVEY","1985","YEAR","","COUNTY","FLORIDA","12","NORTHWEST","10","CALHOUN","013","","","00000000","","PEANUTS","PEANUTS - ACRES HARVESTED","TOTAL","NOT SPECIFIED","2,800",""
"SURVEY","1985","YEAR","","COUNTY","FLORIDA","12","NORTHWEST","10","CALHOUN","013","","","00000000","","PEANUTS","PEANUTS - PRODUCTION, MEASURED IN LB","TOTAL","NOT SPECIFIED","9,912,000",""
"SURVEY","1985","YEAR","","COUNTY","FLORIDA","12","NORTHWEST","10","CALHOUN","013","","","00000000","","PEANUTS","PEANUTS - YIELD, MEASURED IN LB / ACRE","TOTAL","NOT SPECIFIED","3,540",""
"SURVEY","1985","YEAR","","COUNTY","FLORIDA","12","NORTHWEST","10","GADSDEN","039","","","00000000","","PEANUTS","PEANUTS - ACRES HARVESTED","TOTAL","NOT SPECIFIED","600",""
"SURVEY","1985","YEAR","","COUNTY","FLORIDA","12","NORTHWEST","10","GADSDEN","039","","","00000000","","PEANUTS","PEANUTS - PRODUCTION, MEASURED IN LB","TOTAL","NOT SPECIFIED","1,512,000",""
"SURVEY","1985","YEAR","","COUNTY","FLORIDA","12","NORTHWEST","10","GADSDEN","039","","","00000000","","PEANUTS","PEANUTS - YIELD, MEASURED IN LB / ACRE","TOTAL","NOT SPECIFIED","2,520",""
"SURVEY","1985","YEAR","","COUNTY","FLORIDA","12","NORTHWEST","10","HOLMES","059","","","00000000","","PEANUTS","PEANUTS - ACRES HARVESTED","TOTAL","NOT SPECIFIED","5,300",""
"SURVEY","1985","YEAR","","COUNTY","FLORIDA","12","NORTHWEST","10","HOLMES","059","","","00000000","","PEANUTS","PEANUTS - PRODUCTION, MEASURED IN LB","TOTAL","NOT SPECIFIED","12,932,000",""
"SURVEY","1985","YEAR","","COUNTY","FLORIDA","12","NORTHWEST","10","HOLMES","059","","","00000000","","PEANUTS","PEANUTS - YIELD, MEASURED IN LB / ACRE","TOTAL","NOT SPECIFIED","2,440",""
"SURVEY","1985","YEAR","","COUNTY","FLORIDA","12","NORTHWEST","10","JACKSON","063","","","00000000","","PEANUTS","PEANUTS - ACRES HARVESTED","TOTAL","NOT SPECIFIED","32,400",""
"SURVEY","1985","YEAR","","COUNTY","FLORIDA","12","NORTHWEST","10","JACKSON","063","","","00000000","","PEANUTS","PEANUTS - PRODUCTION, MEASURED IN LB","TOTAL","NOT SPECIFIED","102,384,000",""
"SURVEY","1985","YEAR","","COUNTY","FLORIDA","12","NORTHWEST","10","JACKSON","063","","","00000000","","PEANUTS","PEANUTS - YIELD, MEASURED IN LB / ACRE","TOTAL","NOT SPECIFIED","3,160",""
"SURVEY","1985","YEAR","","COUNTY","FLORIDA","12","NORTHWEST","10","JEFFERSON","065","","","00000000","","PEANUTS","PEANUTS - ACRES HARVESTED","TOTAL","NOT SPECIFIED","1,200",""
"SURVEY","1985","YEAR","","COUNTY","FLORIDA","12","NORTHWEST","10","JEFFERSON","065","","","00000000","","PEANUTS","PEANUTS - PRODUCTION, MEASURED IN LB","TOTAL","NOT SPECIFIED","3,276,000",""
"SURVEY","1985","YEAR","","COUNTY","FLORIDA","12","NORTHWEST","10","JEFFERSON","065","","","00000000","","PEANUTS","PEANUTS - YIELD, MEASURED IN LB / ACRE","TOTAL","NOT SPECIFIED","2,730",""
"SURVEY","1985","YEAR","","COUNTY","FLORIDA","12","NORTHWEST","10","LEON","073","","","00000000","","PEANUTS","PEANUTS - ACRES HARVESTED","TOTAL","NOT SPECIFIED","400",""
"SURVEY","1985","YEAR","","COUNTY","FLORIDA","12","NORTHWEST","10","LEON","073","","","00000000","","PEANUTS","PEANUTS - PRODUCTION, MEASURED IN LB","TOTAL","NOT SPECIFIED","888,000",""
"SURVEY","1985","YEAR","","COUNTY","FLORIDA","12","NORTHWEST","10","LEON","073","","","00000000","","PEANUTS","PEANUTS - YIELD, MEASURED IN LB / ACRE","TOTAL","NOT SPECIFIED","2,220",""
"SURVEY","1985","YEAR","","COUNTY","FLORIDA","12","NORTHWEST","10","OKALOOSA","091","","","00000000","","PEANUTS","PEANUTS - ACRES HARVESTED","TOTAL","NOT SPECIFIED","800",""
"SURVEY","1985","YEAR","","COUNTY","FLORIDA","12","NORTHWEST","10","OKALOOSA","091","","","00000000","","PEANUTS","PEANUTS - PRODUCTION, MEASURED IN LB","TOTAL","NOT SPECIFIED","2,112,000",""
"SURVEY","1985","YEAR","","COUNTY","FLORIDA","12","NORTHWEST","10","OKALOOSA","091","","","00000000","","PEANUTS","PEANUTS - YIELD, MEASURED IN LB / ACRE","TOTAL","NOT SPECIFIED","2,640",""
"SURVEY","1985","YEAR","","COUNTY","FLORIDA","12","NORTHWEST","10","OTHER (COMBINED) COUNTIES","","","","00000000","","PEANUTS","PEANUTS - ACRES HARVESTED","TOTAL","NOT SPECIFIED","100",""
"SURVEY","1985","YEAR","","COUNTY","FLORIDA","12","NORTHWEST","10","OTHER (COMBINED) COUNTIES","","","","00000000","","PEANUTS","PEANUTS - PRODUCTION, MEASURED IN LB","TOTAL","NOT SPECIFIED","218,000",""
"SURVEY","1985","YEAR","","COUNTY","FLORIDA","12","NORTHWEST","10","OTHER (COMBINED) COUNTIES","","","","00000000","","PEANUTS","PEANUTS - YIELD, MEASURED IN LB / ACRE","TOTAL","NOT SPECIFIED","2,180",""
"SURVEY","1985","YEAR","","COUNTY","FLORIDA","12","NORTHWEST","10","SANTA ROSA","113","","","00000000","","PEANUTS","PEANUTS - ACRES HARVESTED","TOTAL","NOT SPECIFIED","8,300",""
"SURVEY","1985","YEAR","","COUNTY","FLORIDA","12","NORTHWEST","10","SANTA ROSA","113","","","00000000","","PEANUTS","PEANUTS - PRODUCTION, MEASURED IN LB","TOTAL","NOT SPECIFIED","27,307,000",""
"SURVEY","1985","YEAR","","COUNTY","FLORIDA","12","NORTHWEST","10","SANTA ROSA","113","","","00000000","","PEANUTS","PEANUTS - YIELD, MEASURED IN LB / ACRE","TOTAL","NOT SPECIFIED","3,290",""
"SURVEY","1985","YEAR","","COUNTY","FLORIDA","12","NORTHWEST","10","WAKULLA","129","","","00000000","","PEANUTS","PEANUTS - ACRES HARVESTED","TOTAL","NOT SPECIFIED","1,100",""
"SURVEY","1985","YEAR","","COUNTY","FLORIDA","12","NORTHWEST","10","WAKULLA","129","","","00000000","","PEANUTS","PEANUTS - PRODUCTION, MEASURED IN LB","TOTAL","NOT SPECIFIED","1,529,000",""
"SURVEY","1985","YEAR","","COUNTY","FLORIDA","12","NORTHWEST","10","WAKULLA","129","","","00000000","","PEANUTS","PEANUTS - YIELD, MEASURED IN LB / ACRE","TOTAL","NOT SPECIFIED","1,390",""
"SURVEY","1985","YEAR","","COUNTY","FLORIDA","12","NORTHWEST","10","WALTON","131","","","00000000","","PEANUTS","PEANUTS - ACRES HARVESTED","TOTAL","NOT SPECIFIED","3,900",""
"SURVEY","1985","YEAR","","COUNTY","FLORIDA","12","NORTHWEST","10","WALTON","131","","","00000000","","PEANUTS","PEANUTS - PRODUCTION, MEASURED IN LB","TOTAL","NOT SPECIFIED","9,165,000",""
"SURVEY","1985","YEAR","","COUNTY","FLORIDA","12","NORTHWEST","10","WALTON","131","","","00000000","","PEANUTS","PEANUTS - YIELD, MEASURED IN LB / ACRE","TOTAL","NOT SPECIFIED","2,350",""
"SURVEY","1985","YEAR","","COUNTY","FLORIDA","12","NORTHWEST","10","WASHINGTON","133","","","00000000","","PEANUTS","PEANUTS - ACRES HARVESTED","TOTAL","NOT SPECIFIED","900",""
"SURVEY","1985","YEAR","","COUNTY","FLORIDA","12","NORTHWEST","10","WASHINGTON","133","","","00000000","","PEANUTS","PEANUTS - PRODUCTION, MEASURED IN LB","TOTAL","NOT SPECIFIED","3,321,000",""
"SURVEY","1985","YEAR","","COUNTY","FLORIDA","12","NORTHWEST","10","WASHINGTON","133","","","00000000","","PEANUTS","PEANUTS - YIELD, MEASURED IN LB / ACRE","TOTAL","NOT SPECIFIED","3,690",""
"SURVEY","1984","YEAR","","COUNTY","FLORIDA","12","CENTRAL","50","ALACHUA","001","","","00000000","","PEANUTS","PEANUTS - ACRES HARVESTED","TOTAL","NOT SPECIFIED","1,800",""
"SURVEY","1984","YEAR","","COUNTY","FLORIDA","12","CENTRAL","50","ALACHUA","001","","","00000000","","PEANUTS","PEANUTS - PRODUCTION, MEASURED IN LB","TOTAL","NOT SPECIFIED","5,130,000",""
"SURVEY","1984","YEAR","","COUNTY","FLORIDA","12","CENTRAL","50","ALACHUA","001","","","00000000","","PEANUTS","PEANUTS - YIELD, MEASURED IN LB / ACRE","TOTAL","NOT SPECIFIED","2,850",""
"SURVEY","1984","YEAR","","COUNTY","FLORIDA","12","CENTRAL","50","GILCHRIST","041","","","00000000","","PEANUTS","PEANUTS - ACRES HARVESTED","TOTAL","NOT SPECIFIED","500",""
"SURVEY","1984","YEAR","","COUNTY","FLORIDA","12","CENTRAL","50","GILCHRIST","041","","","00000000","","PEANUTS","PEANUTS - PRODUCTION, MEASURED IN LB","TOTAL","NOT SPECIFIED","1,180,000",""
"SURVEY","1984","YEAR","","COUNTY","FLORIDA","12","CENTRAL","50","GILCHRIST","041","","","00000000","","PEANUTS","PEANUTS - YIELD, MEASURED IN LB / ACRE","TOTAL","NOT SPECIFIED","2,360",""
"SURVEY","1984","YEAR","","COUNTY","FLORIDA","12","CENTRAL","50","LEVY","075","","","00000000","","PEANUTS","PEANUTS - ACRES HARVESTED","TOTAL","NOT SPECIFIED","4,100",""
"SURVEY","1984","YEAR","","COUNTY","FLORIDA","12","CENTRAL","50","LEVY","075","","","00000000","","PEANUTS","PEANUTS - PRODUCTION, MEASURED IN LB","TOTAL","NOT SPECIFIED","13,202,000",""
"SURVEY","1984","YEAR","","COUNTY","FLORIDA","12","CENTRAL","50","LEVY","075","","","00000000","","PEANUTS","PEANUTS - YIELD, MEASURED IN LB / ACRE","TOTAL","NOT SPECIFIED","3,220",""
"SURVEY","1984","YEAR","","COUNTY","FLORIDA","12","CENTRAL","50","MARION","083","","","00000000","","PEANUTS","PEANUTS - ACRES HARVESTED","TOTAL","NOT SPECIFIED","3,500",""
"SURVEY","1984","YEAR","","COUNTY","FLORIDA","12","CENTRAL","50","MARION","083","","","00000000","","PEANUTS","PEANUTS - PRODUCTION, MEASURED IN LB","TOTAL","NOT SPECIFIED","10,885,000",""
"SURVEY","1984","YEAR","","COUNTY","FLORIDA","12","CENTRAL","50","MARION","083","","","00000000","","PEANUTS","PEANUTS - YIELD, MEASURED IN LB / ACRE","TOTAL","NOT SPECIFIED","3,110",""
"SURVEY","1984","YEAR","","COUNTY","FLORIDA","12","NORTHEAST","30","COLUMBIA","023","","","00000000","","PEANUTS","PEANUTS - ACRES HARVESTED","TOTAL","NOT SPECIFIED","1,100",""
"SURVEY","1984","YEAR","","COUNTY","FLORIDA","12","NORTHEAST","30","COLUMBIA","023","","","00000000","","PEANUTS","PEANUTS - PRODUCTION, MEASURED IN LB","TOTAL","NOT SPECIFIED","2,783,000",""
"SURVEY","1984","YEAR","","COUNTY","FLORIDA","12","NORTHEAST","30","COLUMBIA","023","","","00000000","","PEANUTS","PEANUTS - YIELD, MEASURED IN LB / ACRE","TOTAL","NOT SPECIFIED","2,530",""
"SURVEY","1984","YEAR","","COUNTY","FLORIDA","12","NORTHEAST","30","DIXIE","029","","","00000000","","PEANUTS","PEANUTS - ACRES HARVESTED","TOTAL","NOT SPECIFIED","50",""
"SURVEY","1984","YEAR","","COUNTY","FLORIDA","12","NORTHEAST","30","DIXIE","029","","","00000000","","PEANUTS","PEANUTS - PRODUCTION, MEASURED IN LB","TOTAL","NOT SPECIFIED","147,000",""
"SURVEY","1984","YEAR","","COUNTY","FLORIDA","12","NORTHEAST","30","DIXIE","029","","","00000000","","PEANUTS","PEANUTS - YIELD, MEASURED IN LB / ACRE","TOTAL","NOT SPECIFIED","2,940",""
"SURVEY","1984","YEAR","","COUNTY","FLORIDA","12","NORTHEAST","30","HAMILTON","047","","","00000000","","PEANUTS","PEANUTS - ACRES HARVESTED","TOTAL","NOT SPECIFIED","200",""
"SURVEY","1984","YEAR","","COUNTY","FLORIDA","12","NORTHEAST","30","HAMILTON","047","","","00000000","","PEANUTS","PEANUTS - PRODUCTION, MEASURED IN LB","TOTAL","NOT SPECIFIED","842,000",""
"SURVEY","1984","YEAR","","COUNTY","FLORIDA","12","NORTHEAST","30","HAMILTON","047","","","00000000","","PEANUTS","PEANUTS - YIELD, MEASURED IN LB / ACRE","TOTAL","NOT SPECIFIED","4,210",""
"SURVEY","1984","YEAR","","COUNTY","FLORIDA","12","NORTHEAST","30","LAFAYETTE","067","","","00000000","","PEANUTS","PEANUTS - ACRES HARVESTED","TOTAL","NOT SPECIFIED","250",""
"SURVEY","1984","YEAR","","COUNTY","FLORIDA","12","NORTHEAST","30","LAFAYETTE","067","","","00000000","","PEANUTS","PEANUTS - PRODUCTION, MEASURED IN LB","TOTAL","NOT SPECIFIED","810,000",""
"SURVEY","1984","YEAR","","COUNTY","FLORIDA","12","NORTHEAST","30","LAFAYETTE","067","","","00000000","","PEANUTS","PEANUTS - YIELD, MEASURED IN LB / ACRE","TOTAL","NOT SPECIFIED","3,240",""
"SURVEY","1984","YEAR","","COUNTY","FLORIDA","12","NORTHEAST","30","MADISON","079","","","00000000","","PEANUTS","PEANUTS - ACRES HARVESTED","TOTAL","NOT SPECIFIED","750",""
"SURVEY","1984","YEAR","","COUNTY","FLORIDA","12","NORTHEAST","30","MADISON","079","","","00000000","","PEANUTS","PEANUTS - PRODUCTION, MEASURED IN LB","TOTAL","NOT SPECIFIED","2,550,000",""
"SURVEY","1984","YEAR","","COUNTY","FLORIDA","12","NORTHEAST","30","MADISON","079","","","00000000","","PEANUTS","PEANUTS - YIELD, MEASURED IN LB / ACRE","TOTAL","NOT SPECIFIED","3,400",""
"SURVEY","1984","YEAR","","COUNTY","FLORIDA","12","NORTHEAST","30","SUWANNEE","121","","","00000000","","PEANUTS","PEANUTS - ACRES HARVESTED","TOTAL","NOT SPECIFIED","4,450",""
"SURVEY","1984","YEAR","","COUNTY","FLORIDA","12","NORTHEAST","30","SUWANNEE","121","","","00000000","","PEANUTS","PEANUTS - PRODUCTION, MEASURED IN LB","TOTAL","NOT SPECIFIED","15,308,000",""
"SURVEY","1984","YEAR","","COUNTY","FLORIDA","12","NORTHEAST","30","SUWANNEE","121","","","00000000","","PEANUTS","PEANUTS - YIELD, MEASURED IN LB / ACRE","TOTAL","NOT SPECIFIED","3,440",""
"SURVEY","1984","YEAR","","COUNTY","FLORIDA","12","NORTHWEST","10","CALHOUN","013","","","00000000","","PEANUTS","PEANUTS - ACRES HARVESTED","TOTAL","NOT SPECIFIED","3,200",""
"SURVEY","1984","YEAR","","COUNTY","FLORIDA","12","NORTHWEST","10","CALHOUN","013","","","00000000","","PEANUTS","PEANUTS - PRODUCTION, MEASURED IN LB","TOTAL","NOT SPECIFIED","12,160,000",""
"SURVEY","1984","YEAR","","COUNTY","FLORIDA","12","NORTHWEST","10","CALHOUN","013","","","00000000","","PEANUTS","PEANUTS - YIELD, MEASURED IN LB / ACRE","TOTAL","NOT SPECIFIED","3,800",""
"SURVEY","1984","YEAR","","COUNTY","FLORIDA","12","NORTHWEST","10","GADSDEN","039","","","00000000","","PEANUTS","PEANUTS - ACRES HARVESTED","TOTAL","NOT SPECIFIED","900",""
"SURVEY","1984","YEAR","","COUNTY","FLORIDA","12","NORTHWEST","10","GADSDEN","039","","","00000000","","PEANUTS","PEANUTS - PRODUCTION, MEASURED IN LB","TOTAL","NOT SPECIFIED","2,556,000",""
"SURVEY","1984","YEAR","","COUNTY","FLORIDA","12","NORTHWEST","10","GADSDEN","039","","","00000000","","PEANUTS","PEANUTS - YIELD, MEASURED IN LB / ACRE","TOTAL","NOT SPECIFIED","2,840",""
"SURVEY","1984","YEAR","","COUNTY","FLORIDA","12","NORTHWEST","10","HOLMES","059","","","00000000","","PEANUTS","PEANUTS - ACRES HARVESTED","TOTAL","NOT SPECIFIED","5,500",""
"SURVEY","1984","YEAR","","COUNTY","FLORIDA","12","NORTHWEST","10","HOLMES","059","","","00000000","","PEANUTS","PEANUTS - PRODUCTION, MEASURED IN LB","TOTAL","NOT SPECIFIED","15,950,000",""
"SURVEY","1984","YEAR","","COUNTY","FLORIDA","12","NORTHWEST","10","HOLMES","059","","","00000000","","PEANUTS","PEANUTS - YIELD, MEASURED IN LB / ACRE","TOTAL","NOT SPECIFIED","2,900",""
"SURVEY","1984","YEAR","","COUNTY","FLORIDA","12","NORTHWEST","10","JACKSON","063","","","00000000","","PEANUTS","PEANUTS - ACRES HARVESTED","TOTAL","NOT SPECIFIED","36,400",""
"SURVEY","1984","YEAR","","COUNTY","FLORIDA","12","NORTHWEST","10","JACKSON","063","","","00000000","","PEANUTS","PEANUTS - PRODUCTION, MEASURED IN LB","TOTAL","NOT SPECIFIED","114,660,000",""
"SURVEY","1984","YEAR","","COUNTY","FLORIDA","12","NORTHWEST","10","JACKSON","063","","","00000000","","PEANUTS","PEANUTS - YIELD, MEASURED IN LB / ACRE","TOTAL","NOT SPECIFIED","3,150",""
"SURVEY","1984","YEAR","","COUNTY","FLORIDA","12","NORTHWEST","10","JEFFERSON","065","","","00000000","","PEANUTS","PEANUTS - ACRES HARVESTED","TOTAL","NOT SPECIFIED","1,500",""
"SURVEY","1984","YEAR","","COUNTY","FLORIDA","12","NORTHWEST","10","JEFFERSON","065","","","00000000","","PEANUTS","PEANUTS - PRODUCTION, MEASURED IN LB","TOTAL","NOT SPECIFIED","4,620,000",""
"SURVEY","1984","YEAR","","COUNTY","FLORIDA","12","NORTHWEST","10","JEFFERSON","065","","","00000000","","PEANUTS","PEANUTS - YIELD, MEASURED IN LB / ACRE","TOTAL","NOT SPECIFIED","3,080",""
"SURVEY","1984","YEAR","","COUNTY","FLORIDA","12","NORTHWEST","10","LEON","073","","","00000000","","PEANUTS","PEANUTS - ACRES HARVESTED","TOTAL","NOT SPECIFIED","400",""
"SURVEY","1984","YEAR","","COUNTY","FLORIDA","12","NORTHWEST","10","LEON","073","","","00000000","","PEANUTS","PEANUTS - PRODUCTION, MEASURED IN LB","TOTAL","NOT SPECIFIED","948,000",""
"SURVEY","1984","YEAR","","COUNTY","FLORIDA","12","NORTHWEST","10","LEON","073","","","00000000","","PEANUTS","PEANUTS - YIELD, MEASURED IN LB / ACRE","TOTAL","NOT SPECIFIED","2,370",""
"SURVEY","1984","YEAR","","COUNTY","FLORIDA","12","NORTHWEST","10","OKALOOSA","091","","","00000000","","PEANUTS","PEANUTS - ACRES HARVESTED","TOTAL","NOT SPECIFIED","700",""
"SURVEY","1984","YEAR","","COUNTY","FLORIDA","12","NORTHWEST","10","OKALOOSA","091","","","00000000","","PEANUTS","PEANUTS - PRODUCTION, MEASURED IN LB","TOTAL","NOT SPECIFIED","2,345,000",""
"SURVEY","1984","YEAR","","COUNTY","FLORIDA","12","NORTHWEST","10","OKALOOSA","091","","","00000000","","PEANUTS","PEANUTS - YIELD, MEASURED IN LB / ACRE","TOTAL","NOT SPECIFIED","3,350",""
"SURVEY","1984","YEAR","","COUNTY","FLORIDA","12","NORTHWEST","10","OTHER (COMBINED) COUNTIES","","","","00000000","","PEANUTS","PEANUTS - ACRES HARVESTED","TOTAL","NOT SPECIFIED","100",""
"SURVEY","1984","YEAR","","COUNTY","FLORIDA","12","NORTHWEST","10","OTHER (COMBINED) COUNTIES","","","","00000000","","PEANUTS","PEANUTS - PRODUCTION, MEASURED IN LB","TOTAL","NOT SPECIFIED","229,000",""
"SURVEY","1984","YEAR","","COUNTY","FLORIDA","12","NORTHWEST","10","OTHER (COMBINED) COUNTIES","","","","00000000","","PEANUTS","PEANUTS - YIELD, MEASURED IN LB / ACRE","TOTAL","NOT SPECIFIED","2,290",""
"SURVEY","1984","YEAR","","COUNTY","FLORIDA","12","NORTHWEST","10","SANTA ROSA","113","","","00000000","","PEANUTS","PEANUTS - ACRES HARVESTED","TOTAL","NOT SPECIFIED","7,000",""
"SURVEY","1984","YEAR","","COUNTY","FLORIDA","12","NORTHWEST","10","SANTA ROSA","113","","","00000000","","PEANUTS","PEANUTS - PRODUCTION, MEASURED IN LB","TOTAL","NOT SPECIFIED","25,900,000",""
"SURVEY","1984","YEAR","","COUNTY","FLORIDA","12","NORTHWEST","10","SANTA ROSA","113","","","00000000","","PEANUTS","PEANUTS - YIELD, MEASURED IN LB / ACRE","TOTAL","NOT SPECIFIED","3,700",""
"SURVEY","1984","YEAR","","COUNTY","FLORIDA","12","NORTHWEST","10","WAKULLA","129","","","00000000","","PEANUTS","PEANUTS - ACRES HARVESTED","TOTAL","NOT SPECIFIED","1,000",""
"SURVEY","1984","YEAR","","COUNTY","FLORIDA","12","NORTHWEST","10","WAKULLA","129","","","00000000","","PEANUTS","PEANUTS - PRODUCTION, MEASURED IN LB","TOTAL","NOT SPECIFIED","2,620,000",""
"SURVEY","1984","YEAR","","COUNTY","FLORIDA","12","NORTHWEST","10","WAKULLA","129","","","00000000","","PEANUTS","PEANUTS - YIELD, MEASURED IN LB / ACRE","TOTAL","NOT SPECIFIED","2,620",""
"SURVEY","1984","YEAR","","COUNTY","FLORIDA","12","NORTHWEST","10","WALTON","131","","","00000000","","PEANUTS","PEANUTS - ACRES HARVESTED","TOTAL","NOT SPECIFIED","2,500",""
"SURVEY","1984","YEAR","","COUNTY","FLORIDA","12","NORTHWEST","10","WALTON","131","","","00000000","","PEANUTS","PEANUTS - PRODUCTION, MEASURED IN LB","TOTAL","NOT SPECIFIED","7,725,000",""
"SURVEY","1984","YEAR","","COUNTY","FLORIDA","12","NORTHWEST","10","WALTON","131","","","00000000","","PEANUTS","PEANUTS - YIELD, MEASURED IN LB / ACRE","TOTAL","NOT SPECIFIED","3,090",""
"SURVEY","1984","YEAR","","COUNTY","FLORIDA","12","NORTHWEST","10","WASHINGTON","133","","","00000000","","PEANUTS","PEANUTS - ACRES HARVESTED","TOTAL","NOT SPECIFIED","1,100",""
"SURVEY","1984","YEAR","","COUNTY","FLORIDA","12","NORTHWEST","10","WASHINGTON","133","","","00000000","","PEANUTS","PEANUTS - PRODUCTION, MEASURED IN LB","TOTAL","NOT SPECIFIED","3,850,000",""
"SURVEY","1984","YEAR","","COUNTY","FLORIDA","12","NORTHWEST","10","WASHINGTON","133","","","00000000","","PEANUTS","PEANUTS - YIELD, MEASURED IN LB / ACRE","TOTAL","NOT SPECIFIED","3,500",""
"SURVEY","1983","YEAR","","COUNTY","FLORIDA","12","CENTRAL","50","ALACHUA","001","","","00000000","","PEANUTS","PEANUTS - ACRES HARVESTED","TOTAL","NOT SPECIFIED","1,530",""
"SURVEY","1983","YEAR","","COUNTY","FLORIDA","12","CENTRAL","50","ALACHUA","001","","","00000000","","PEANUTS","PEANUTS - PRODUCTION, MEASURED IN LB","TOTAL","NOT SPECIFIED","4,368,000",""
"SURVEY","1983","YEAR","","COUNTY","FLORIDA","12","CENTRAL","50","ALACHUA","001","","","00000000","","PEANUTS","PEANUTS - YIELD, MEASURED IN LB / ACRE","TOTAL","NOT SPECIFIED","2,855",""
"SURVEY","1983","YEAR","","COUNTY","FLORIDA","12","CENTRAL","50","GILCHRIST","041","","","00000000","","PEANUTS","PEANUTS - ACRES HARVESTED","TOTAL","NOT SPECIFIED","310",""
"SURVEY","1983","YEAR","","COUNTY","FLORIDA","12","CENTRAL","50","GILCHRIST","041","","","00000000","","PEANUTS","PEANUTS - PRODUCTION, MEASURED IN LB","TOTAL","NOT SPECIFIED","750,000",""
"SURVEY","1983","YEAR","","COUNTY","FLORIDA","12","CENTRAL","50","GILCHRIST","041","","","00000000","","PEANUTS","PEANUTS - YIELD, MEASURED IN LB / ACRE","TOTAL","NOT SPECIFIED","2,420",""
"SURVEY","1983","YEAR","","COUNTY","FLORIDA","12","CENTRAL","50","LEVY","075","","","00000000","","PEANUTS","PEANUTS - ACRES HARVESTED","TOTAL","NOT SPECIFIED","2,895",""
"SURVEY","1983","YEAR","","COUNTY","FLORIDA","12","CENTRAL","50","LEVY","075","","","00000000","","PEANUTS","PEANUTS - PRODUCTION, MEASURED IN LB","TOTAL","NOT SPECIFIED","10,263,000",""
"SURVEY","1983","YEAR","","COUNTY","FLORIDA","12","CENTRAL","50","LEVY","075","","","00000000","","PEANUTS","PEANUTS - YIELD, MEASURED IN LB / ACRE","TOTAL","NOT SPECIFIED","3,545",""
"SURVEY","1983","YEAR","","COUNTY","FLORIDA","12","CENTRAL","50","MARION","083","","","00000000","","PEANUTS","PEANUTS - ACRES HARVESTED","TOTAL","NOT SPECIFIED","2,115",""
"SURVEY","1983","YEAR","","COUNTY","FLORIDA","12","CENTRAL","50","MARION","083","","","00000000","","PEANUTS","PEANUTS - PRODUCTION, MEASURED IN LB","TOTAL","NOT SPECIFIED","6,345,000",""
"SURVEY","1983","YEAR","","COUNTY","FLORIDA","12","CENTRAL","50","MARION","083","","","00000000","","PEANUTS","PEANUTS - YIELD, MEASURED IN LB / ACRE","TOTAL","NOT SPECIFIED","3,000",""
"SURVEY","1983","YEAR","","COUNTY","FLORIDA","12","NORTHEAST","30","COLUMBIA","023","","","00000000","","PEANUTS","PEANUTS - ACRES HARVESTED","TOTAL","NOT SPECIFIED","790",""
"SURVEY","1983","YEAR","","COUNTY","FLORIDA","12","NORTHEAST","30","COLUMBIA","023","","","00000000","","PEANUTS","PEANUTS - PRODUCTION, MEASURED IN LB","TOTAL","NOT SPECIFIED","2,212,000",""
"SURVEY","1983","YEAR","","COUNTY","FLORIDA","12","NORTHEAST","30","COLUMBIA","023","","","00000000","","PEANUTS","PEANUTS - YIELD, MEASURED IN LB / ACRE","TOTAL","NOT SPECIFIED","2,800",""
"SURVEY","1983","YEAR","","COUNTY","FLORIDA","12","NORTHEAST","30","DIXIE","029","","","00000000","","PEANUTS","PEANUTS - ACRES HARVESTED","TOTAL","NOT SPECIFIED","20",""
"SURVEY","1983","YEAR","","COUNTY","FLORIDA","12","NORTHEAST","30","DIXIE","029","","","00000000","","PEANUTS","PEANUTS - PRODUCTION, MEASURED IN LB","TOTAL","NOT SPECIFIED","60,000",""
"SURVEY","1983","YEAR","","COUNTY","FLORIDA","12","NORTHEAST","30","DIXIE","029","","","00000000","","PEANUTS","PEANUTS - YIELD, MEASURED IN LB / ACRE","TOTAL","NOT SPECIFIED","3,000",""
"SURVEY","1983","YEAR","","COUNTY","FLORIDA","12","NORTHEAST","30","HAMILTON","047","","","00000000","","PEANUTS","PEANUTS - ACRES HARVESTED","TOTAL","NOT SPECIFIED","175",""
"SURVEY","1983","YEAR","","COUNTY","FLORIDA","12","NORTHEAST","30","HAMILTON","047","","","00000000","","PEANUTS","PEANUTS - PRODUCTION, MEASURED IN LB","TOTAL","NOT SPECIFIED","606,000",""
"SURVEY","1983","YEAR","","COUNTY","FLORIDA","12","NORTHEAST","30","HAMILTON","047","","","00000000","","PEANUTS","PEANUTS - YIELD, MEASURED IN LB / ACRE","TOTAL","NOT SPECIFIED","3,465",""
"SURVEY","1983","YEAR","","COUNTY","FLORIDA","12","NORTHEAST","30","LAFAYETTE","067","","","00000000","","PEANUTS","PEANUTS - ACRES HARVESTED","TOTAL","NOT SPECIFIED","145",""
"SURVEY","1983","YEAR","","COUNTY","FLORIDA","12","NORTHEAST","30","LAFAYETTE","067","","","00000000","","PEANUTS","PEANUTS - PRODUCTION, MEASURED IN LB","TOTAL","NOT SPECIFIED","454,000",""
"SURVEY","1983","YEAR","","COUNTY","FLORIDA","12","NORTHEAST","30","LAFAYETTE","067","","","00000000","","PEANUTS","PEANUTS - YIELD, MEASURED IN LB / ACRE","TOTAL","NOT SPECIFIED","3,130",""
"SURVEY","1983","YEAR","","COUNTY","FLORIDA","12","NORTHEAST","30","MADISON","079","","","00000000","","PEANUTS","PEANUTS - ACRES HARVESTED","TOTAL","NOT SPECIFIED","780",""
"SURVEY","1983","YEAR","","COUNTY","FLORIDA","12","NORTHEAST","30","MADISON","079","","","00000000","","PEANUTS","PEANUTS - PRODUCTION, MEASURED IN LB","TOTAL","NOT SPECIFIED","1,681,000",""
"SURVEY","1983","YEAR","","COUNTY","FLORIDA","12","NORTHEAST","30","MADISON","079","","","00000000","","PEANUTS","PEANUTS - YIELD, MEASURED IN LB / ACRE","TOTAL","NOT SPECIFIED","2,155",""
"SURVEY","1983","YEAR","","COUNTY","FLORIDA","12","NORTHEAST","30","SUWANNEE","121","","","00000000","","PEANUTS","PEANUTS - ACRES HARVESTED","TOTAL","NOT SPECIFIED","3,490",""
"SURVEY","1983","YEAR","","COUNTY","FLORIDA","12","NORTHEAST","30","SUWANNEE","121","","","00000000","","PEANUTS","PEANUTS - PRODUCTION, MEASURED IN LB","TOTAL","NOT SPECIFIED","12,320,000",""
"SURVEY","1983","YEAR","","COUNTY","FLORIDA","12","NORTHEAST","30","SUWANNEE","121","","","00000000","","PEANUTS","PEANUTS - YIELD, MEASURED IN LB / ACRE","TOTAL","NOT SPECIFIED","3,530",""
"SURVEY","1983","YEAR","","COUNTY","FLORIDA","12","NORTHWEST","10","CALHOUN","013","","","00000000","","PEANUTS","PEANUTS - ACRES HARVESTED","TOTAL","NOT SPECIFIED","2,240",""
"SURVEY","1983","YEAR","","COUNTY","FLORIDA","12","NORTHWEST","10","CALHOUN","013","","","00000000","","PEANUTS","PEANUTS - PRODUCTION, MEASURED IN LB","TOTAL","NOT SPECIFIED","7,213,000",""
"SURVEY","1983","YEAR","","COUNTY","FLORIDA","12","NORTHWEST","10","CALHOUN","013","","","00000000","","PEANUTS","PEANUTS - YIELD, MEASURED IN LB / ACRE","TOTAL","NOT SPECIFIED","3,220",""
"SURVEY","1983","YEAR","","COUNTY","FLORIDA","12","NORTHWEST","10","ESCAMBIA","033","","","00000000","","PEANUTS","PEANUTS - ACRES HARVESTED","TOTAL","NOT SPECIFIED","35",""
"SURVEY","1983","YEAR","","COUNTY","FLORIDA","12","NORTHWEST","10","ESCAMBIA","033","","","00000000","","PEANUTS","PEANUTS - PRODUCTION, MEASURED IN LB","TOTAL","NOT SPECIFIED","72,000",""
"SURVEY","1983","YEAR","","COUNTY","FLORIDA","12","NORTHWEST","10","ESCAMBIA","033","","","00000000","","PEANUTS","PEANUTS - YIELD, MEASURED IN LB / ACRE","TOTAL","NOT SPECIFIED","2,060",""
"SURVEY","1983","YEAR","","COUNTY","FLORIDA","12","NORTHWEST","10","GADSDEN","039","","","00000000","","PEANUTS","PEANUTS - ACRES HARVESTED","TOTAL","NOT SPECIFIED","800",""
"SURVEY","1983","YEAR","","COUNTY","FLORIDA","12","NORTHWEST","10","GADSDEN","039","","","00000000","","PEANUTS","PEANUTS - PRODUCTION, MEASURED IN LB","TOTAL","NOT SPECIFIED","1,832,000",""
"SURVEY","1983","YEAR","","COUNTY","FLORIDA","12","NORTHWEST","10","GADSDEN","039","","","00000000","","PEANUTS","PEANUTS - YIELD, MEASURED IN LB / ACRE","TOTAL","NOT SPECIFIED","2,290",""
"SURVEY","1983","YEAR","","COUNTY","FLORIDA","12","NORTHWEST","10","HOLMES","059","","","00000000","","PEANUTS","PEANUTS - ACRES HARVESTED","TOTAL","NOT SPECIFIED","3,715",""
"SURVEY","1983","YEAR","","COUNTY","FLORIDA","12","NORTHWEST","10","HOLMES","059","","","00000000","","PEANUTS","PEANUTS - PRODUCTION, MEASURED IN LB","TOTAL","NOT SPECIFIED","10,086,000",""
"SURVEY","1983","YEAR","","COUNTY","FLORIDA","12","NORTHWEST","10","HOLMES","059","","","00000000","","PEANUTS","PEANUTS - YIELD, MEASURED IN LB / ACRE","TOTAL","NOT SPECIFIED","2,715",""
"SURVEY","1983","YEAR","","COUNTY","FLORIDA","12","NORTHWEST","10","JACKSON","063","","","00000000","","PEANUTS","PEANUTS - ACRES HARVESTED","TOTAL","NOT SPECIFIED","29,900",""
"SURVEY","1983","YEAR","","COUNTY","FLORIDA","12","NORTHWEST","10","JACKSON","063","","","00000000","","PEANUTS","PEANUTS - PRODUCTION, MEASURED IN LB","TOTAL","NOT SPECIFIED","75,797,000",""
"SURVEY","1983","YEAR","","COUNTY","FLORIDA","12","NORTHWEST","10","JACKSON","063","","","00000000","","PEANUTS","PEANUTS - YIELD, MEASURED IN LB / ACRE","TOTAL","NOT SPECIFIED","2,535",""
"SURVEY","1983","YEAR","","COUNTY","FLORIDA","12","NORTHWEST","10","JEFFERSON","065","","","00000000","","PEANUTS","PEANUTS - ACRES HARVESTED","TOTAL","NOT SPECIFIED","1,195",""
"SURVEY","1983","YEAR","","COUNTY","FLORIDA","12","NORTHWEST","10","JEFFERSON","065","","","00000000","","PEANUTS","PEANUTS - PRODUCTION, MEASURED IN LB","TOTAL","NOT SPECIFIED","2,898,000",""
"SURVEY","1983","YEAR","","COUNTY","FLORIDA","12","NORTHWEST","10","JEFFERSON","065","","","00000000","","PEANUTS","PEANUTS - YIELD, MEASURED IN LB / ACRE","TOTAL","NOT SPECIFIED","2,425",""
"SURVEY","1983","YEAR","","COUNTY","FLORIDA","12","NORTHWEST","10","LEON","073","","","00000000","","PEANUTS","PEANUTS - ACRES HARVESTED","TOTAL","NOT SPECIFIED","290",""
"SURVEY","1983","YEAR","","COUNTY","FLORIDA","12","NORTHWEST","10","LEON","073","","","00000000","","PEANUTS","PEANUTS - PRODUCTION, MEASURED IN LB","TOTAL","NOT SPECIFIED","696,000",""
"SURVEY","1983","YEAR","","COUNTY","FLORIDA","12","NORTHWEST","10","LEON","073","","","00000000","","PEANUTS","PEANUTS - YIELD, MEASURED IN LB / ACRE","TOTAL","NOT SPECIFIED","2,400",""
"SURVEY","1983","YEAR","","COUNTY","FLORIDA","12","NORTHWEST","10","OKALOOSA","091","","","00000000","","PEANUTS","PEANUTS - ACRES HARVESTED","TOTAL","NOT SPECIFIED","535",""
"SURVEY","1983","YEAR","","COUNTY","FLORIDA","12","NORTHWEST","10","OKALOOSA","091","","","00000000","","PEANUTS","PEANUTS - PRODUCTION, MEASURED IN LB","TOTAL","NOT SPECIFIED","1,798,000",""
"SURVEY","1983","YEAR","","COUNTY","FLORIDA","12","NORTHWEST","10","OKALOOSA","091","","","00000000","","PEANUTS","PEANUTS - YIELD, MEASURED IN LB / ACRE","TOTAL","NOT SPECIFIED","3,360",""
"SURVEY","1983","YEAR","","COUNTY","FLORIDA","12","NORTHWEST","10","SANTA ROSA","113","","","00000000","","PEANUTS","PEANUTS - ACRES HARVESTED","TOTAL","NOT SPECIFIED","5,550",""
"SURVEY","1983","YEAR","","COUNTY","FLORIDA","12","NORTHWEST","10","SANTA ROSA","113","","","00000000","","PEANUTS","PEANUTS - PRODUCTION, MEASURED IN LB","TOTAL","NOT SPECIFIED","18,676,000",""
"SURVEY","1983","YEAR","","COUNTY","FLORIDA","12","NORTHWEST","10","SANTA ROSA","113","","","00000000","","PEANUTS","PEANUTS - YIELD, MEASURED IN LB / ACRE","TOTAL","NOT SPECIFIED","3,365",""
"SURVEY","1983","YEAR","","COUNTY","FLORIDA","12","NORTHWEST","10","WAKULLA","129","","","00000000","","PEANUTS","PEANUTS - ACRES HARVESTED","TOTAL","NOT SPECIFIED","1,030",""
"SURVEY","1983","YEAR","","COUNTY","FLORIDA","12","NORTHWEST","10","WAKULLA","129","","","00000000","","PEANUTS","PEANUTS - PRODUCTION, MEASURED IN LB","TOTAL","NOT SPECIFIED","2,034,000",""
"SURVEY","1983","YEAR","","COUNTY","FLORIDA","12","NORTHWEST","10","WAKULLA","129","","","00000000","","PEANUTS","PEANUTS - YIELD, MEASURED IN LB / ACRE","TOTAL","NOT SPECIFIED","1,975",""
"SURVEY","1983","YEAR","","COUNTY","FLORIDA","12","NORTHWEST","10","WALTON","131","","","00000000","","PEANUTS","PEANUTS - ACRES HARVESTED","TOTAL","NOT SPECIFIED","1,585",""
"SURVEY","1983","YEAR","","COUNTY","FLORIDA","12","NORTHWEST","10","WALTON","131","","","00000000","","PEANUTS","PEANUTS - PRODUCTION, MEASURED IN LB","TOTAL","NOT SPECIFIED","3,970,000",""
"SURVEY","1983","YEAR","","COUNTY","FLORIDA","12","NORTHWEST","10","WALTON","131","","","00000000","","PEANUTS","PEANUTS - YIELD, MEASURED IN LB / ACRE","TOTAL","NOT SPECIFIED","2,505",""
"SURVEY","1983","YEAR","","COUNTY","FLORIDA","12","NORTHWEST","10","WASHINGTON","133","","","00000000","","PEANUTS","PEANUTS - ACRES HARVESTED","TOTAL","NOT SPECIFIED","875",""
"SURVEY","1983","YEAR","","COUNTY","FLORIDA","12","NORTHWEST","10","WASHINGTON","133","","","00000000","","PEANUTS","PEANUTS - PRODUCTION, MEASURED IN LB","TOTAL","NOT SPECIFIED","2,669,000",""
"SURVEY","1983","YEAR","","COUNTY","FLORIDA","12","NORTHWEST","10","WASHINGTON","133","","","00000000","","PEANUTS","PEANUTS - YIELD, MEASURED IN LB / ACRE","TOTAL","NOT SPECIFIED","3,050",""
"SURVEY","1982","YEAR","","COUNTY","FLORIDA","12","CENTRAL","50","ALACHUA","001","","","00000000","","PEANUTS","PEANUTS - ACRES HARVESTED","TOTAL","NOT SPECIFIED","1,520",""
"SURVEY","1982","YEAR","","COUNTY","FLORIDA","12","CENTRAL","50","ALACHUA","001","","","00000000","","PEANUTS","PEANUTS - PRODUCTION, MEASURED IN LB","TOTAL","NOT SPECIFIED","4,104,000",""
"SURVEY","1982","YEAR","","COUNTY","FLORIDA","12","CENTRAL","50","ALACHUA","001","","","00000000","","PEANUTS","PEANUTS - YIELD, MEASURED IN LB / ACRE","TOTAL","NOT SPECIFIED","2,700",""
"SURVEY","1982","YEAR","","COUNTY","FLORIDA","12","CENTRAL","50","GILCHRIST","041","","","00000000","","PEANUTS","PEANUTS - ACRES HARVESTED","TOTAL","NOT SPECIFIED","305",""
"SURVEY","1982","YEAR","","COUNTY","FLORIDA","12","CENTRAL","50","GILCHRIST","041","","","00000000","","PEANUTS","PEANUTS - PRODUCTION, MEASURED IN LB","TOTAL","NOT SPECIFIED","730,000",""
"SURVEY","1982","YEAR","","COUNTY","FLORIDA","12","CENTRAL","50","GILCHRIST","041","","","00000000","","PEANUTS","PEANUTS - YIELD, MEASURED IN LB / ACRE","TOTAL","NOT SPECIFIED","2,395",""
"SURVEY","1982","YEAR","","COUNTY","FLORIDA","12","CENTRAL","50","LEVY","075","","","00000000","","PEANUTS","PEANUTS - ACRES HARVESTED","TOTAL","NOT SPECIFIED","2,640",""
"SURVEY","1982","YEAR","","COUNTY","FLORIDA","12","CENTRAL","50","LEVY","075","","","00000000","","PEANUTS","PEANUTS - PRODUCTION, MEASURED IN LB","TOTAL","NOT SPECIFIED","9,794,000",""
"SURVEY","1982","YEAR","","COUNTY","FLORIDA","12","CENTRAL","50","LEVY","075","","","00000000","","PEANUTS","PEANUTS - YIELD, MEASURED IN LB / ACRE","TOTAL","NOT SPECIFIED","3,710",""
"SURVEY","1982","YEAR","","COUNTY","FLORIDA","12","CENTRAL","50","MARION","083","","","00000000","","PEANUTS","PEANUTS - ACRES HARVESTED","TOTAL","NOT SPECIFIED","1,905",""
"SURVEY","1982","YEAR","","COUNTY","FLORIDA","12","CENTRAL","50","MARION","083","","","00000000","","PEANUTS","PEANUTS - PRODUCTION, MEASURED IN LB","TOTAL","NOT SPECIFIED","5,934,000",""
"SURVEY","1982","YEAR","","COUNTY","FLORIDA","12","CENTRAL","50","MARION","083","","","00000000","","PEANUTS","PEANUTS - YIELD, MEASURED IN LB / ACRE","TOTAL","NOT SPECIFIED","3,115",""
"SURVEY","1982","YEAR","","COUNTY","FLORIDA","12","NORTHEAST","30","COLUMBIA","023","","","00000000","","PEANUTS","PEANUTS - ACRES HARVESTED","TOTAL","NOT SPECIFIED","830",""
"SURVEY","1982","YEAR","","COUNTY","FLORIDA","12","NORTHEAST","30","COLUMBIA","023","","","00000000","","PEANUTS","PEANUTS - PRODUCTION, MEASURED IN LB","TOTAL","NOT SPECIFIED","2,407,000",""
"SURVEY","1982","YEAR","","COUNTY","FLORIDA","12","NORTHEAST","30","COLUMBIA","023","","","00000000","","PEANUTS","PEANUTS - YIELD, MEASURED IN LB / ACRE","TOTAL","NOT SPECIFIED","2,900",""
"SURVEY","1982","YEAR","","COUNTY","FLORIDA","12","NORTHEAST","30","DIXIE","029","","","00000000","","PEANUTS","PEANUTS - ACRES HARVESTED","TOTAL","NOT SPECIFIED","30",""
"SURVEY","1982","YEAR","","COUNTY","FLORIDA","12","NORTHEAST","30","DIXIE","029","","","00000000","","PEANUTS","PEANUTS - PRODUCTION, MEASURED IN LB","TOTAL","NOT SPECIFIED","115,000",""
"SURVEY","1982","YEAR","","COUNTY","FLORIDA","12","NORTHEAST","30","DIXIE","029","","","00000000","","PEANUTS","PEANUTS - YIELD, MEASURED IN LB / ACRE","TOTAL","NOT SPECIFIED","3,835",""
"SURVEY","1982","YEAR","","COUNTY","FLORIDA","12","NORTHEAST","30","HAMILTON","047","","","00000000","","PEANUTS","PEANUTS - ACRES HARVESTED","TOTAL","NOT SPECIFIED","80",""
"SURVEY","1982","YEAR","","COUNTY","FLORIDA","12","NORTHEAST","30","HAMILTON","047","","","00000000","","PEANUTS","PEANUTS - PRODUCTION, MEASURED IN LB","TOTAL","NOT SPECIFIED","283,000",""
"SURVEY","1982","YEAR","","COUNTY","FLORIDA","12","NORTHEAST","30","HAMILTON","047","","","00000000","","PEANUTS","PEANUTS - YIELD, MEASURED IN LB / ACRE","TOTAL","NOT SPECIFIED","3,540",""
"SURVEY","1982","YEAR","","COUNTY","FLORIDA","12","NORTHEAST","30","LAFAYETTE","067","","","00000000","","PEANUTS","PEANUTS - ACRES HARVESTED","TOTAL","NOT SPECIFIED","195",""
"SURVEY","1982","YEAR","","COUNTY","FLORIDA","12","NORTHEAST","30","LAFAYETTE","067","","","00000000","","PEANUTS","PEANUTS - PRODUCTION, MEASURED IN LB","TOTAL","NOT SPECIFIED","603,000",""
"SURVEY","1982","YEAR","","COUNTY","FLORIDA","12","NORTHEAST","30","LAFAYETTE","067","","","00000000","","PEANUTS","PEANUTS - YIELD, MEASURED IN LB / ACRE","TOTAL","NOT SPECIFIED","3,090",""
"SURVEY","1982","YEAR","","COUNTY","FLORIDA","12","NORTHEAST","30","MADISON","079","","","00000000","","PEANUTS","PEANUTS - ACRES HARVESTED","TOTAL","NOT SPECIFIED","420",""
"SURVEY","1982","YEAR","","COUNTY","FLORIDA","12","NORTHEAST","30","MADISON","079","","","00000000","","PEANUTS","PEANUTS - PRODUCTION, MEASURED IN LB","TOTAL","NOT SPECIFIED","1,357,000",""
"SURVEY","1982","YEAR","","COUNTY","FLORIDA","12","NORTHEAST","30","MADISON","079","","","00000000","","PEANUTS","PEANUTS - YIELD, MEASURED IN LB / ACRE","TOTAL","NOT SPECIFIED","3,230",""
"SURVEY","1982","YEAR","","COUNTY","FLORIDA","12","NORTHEAST","30","SUWANNEE","121","","","00000000","","PEANUTS","PEANUTS - ACRES HARVESTED","TOTAL","NOT SPECIFIED","1,435",""
"SURVEY","1982","YEAR","","COUNTY","FLORIDA","12","NORTHEAST","30","SUWANNEE","121","","","00000000","","PEANUTS","PEANUTS - PRODUCTION, MEASURED IN LB","TOTAL","NOT SPECIFIED","4,004,000",""
"SURVEY","1982","YEAR","","COUNTY","FLORIDA","12","NORTHEAST","30","SUWANNEE","121","","","00000000","","PEANUTS","PEANUTS - YIELD, MEASURED IN LB / ACRE","TOTAL","NOT SPECIFIED","2,790",""
"SURVEY","1982","YEAR","","COUNTY","FLORIDA","12","NORTHWEST","10","CALHOUN","013","","","00000000","","PEANUTS","PEANUTS - ACRES HARVESTED","TOTAL","NOT SPECIFIED","1,845",""
"SURVEY","1982","YEAR","","COUNTY","FLORIDA","12","NORTHWEST","10","CALHOUN","013","","","00000000","","PEANUTS","PEANUTS - PRODUCTION, MEASURED IN LB","TOTAL","NOT SPECIFIED","6,753,000",""
"SURVEY","1982","YEAR","","COUNTY","FLORIDA","12","NORTHWEST","10","CALHOUN","013","","","00000000","","PEANUTS","PEANUTS - YIELD, MEASURED IN LB / ACRE","TOTAL","NOT SPECIFIED","3,660",""
"SURVEY","1982","YEAR","","COUNTY","FLORIDA","12","NORTHWEST","10","ESCAMBIA","033","","","00000000","","PEANUTS","PEANUTS - ACRES HARVESTED","TOTAL","NOT SPECIFIED","35",""
"SURVEY","1982","YEAR","","COUNTY","FLORIDA","12","NORTHWEST","10","ESCAMBIA","033","","","00000000","","PEANUTS","PEANUTS - PRODUCTION, MEASURED IN LB","TOTAL","NOT SPECIFIED","105,000",""
"SURVEY","1982","YEAR","","COUNTY","FLORIDA","12","NORTHWEST","10","ESCAMBIA","033","","","00000000","","PEANUTS","PEANUTS - YIELD, MEASURED IN LB / ACRE","TOTAL","NOT SPECIFIED","3,000",""
"SURVEY","1982","YEAR","","COUNTY","FLORIDA","12","NORTHWEST","10","GADSDEN","039","","","00000000","","PEANUTS","PEANUTS - ACRES HARVESTED","TOTAL","NOT SPECIFIED","750",""
"SURVEY","1982","YEAR","","COUNTY","FLORIDA","12","NORTHWEST","10","GADSDEN","039","","","00000000","","PEANUTS","PEANUTS - PRODUCTION, MEASURED IN LB","TOTAL","NOT SPECIFIED","1,894,000",""
"SURVEY","1982","YEAR","","COUNTY","FLORIDA","12","NORTHWEST","10","GADSDEN","039","","","00000000","","PEANUTS","PEANUTS - YIELD, MEASURED IN LB / ACRE","TOTAL","NOT SPECIFIED","2,525",""
"SURVEY","1982","YEAR","","COUNTY","FLORIDA","12","NORTHWEST","10","GULF","045","","","00000000","","PEANUTS","PEANUTS - ACRES HARVESTED","TOTAL","NOT SPECIFIED","225",""
"SURVEY","1982","YEAR","","COUNTY","FLORIDA","12","NORTHWEST","10","GULF","045","","","00000000","","PEANUTS","PEANUTS - PRODUCTION, MEASURED IN LB","TOTAL","NOT SPECIFIED","106,000",""
"SURVEY","1982","YEAR","","COUNTY","FLORIDA","12","NORTHWEST","10","GULF","045","","","00000000","","PEANUTS","PEANUTS - YIELD, MEASURED IN LB / ACRE","TOTAL","NOT SPECIFIED","470",""
"SURVEY","1982","YEAR","","COUNTY","FLORIDA","12","NORTHWEST","10","HOLMES","059","","","00000000","","PEANUTS","PEANUTS - ACRES HARVESTED","TOTAL","NOT SPECIFIED","3,585",""
"SURVEY","1982","YEAR","","COUNTY","FLORIDA","12","NORTHWEST","10","HOLMES","059","","","00000000","","PEANUTS","PEANUTS - PRODUCTION, MEASURED IN LB","TOTAL","NOT SPECIFIED","9,823,000",""
"SURVEY","1982","YEAR","","COUNTY","FLORIDA","12","NORTHWEST","10","HOLMES","059","","","00000000","","PEANUTS","PEANUTS - YIELD, MEASURED IN LB / ACRE","TOTAL","NOT SPECIFIED","2,740",""
"SURVEY","1982","YEAR","","COUNTY","FLORIDA","12","NORTHWEST","10","JACKSON","063","","","00000000","","PEANUTS","PEANUTS - ACRES HARVESTED","TOTAL","NOT SPECIFIED","24,920",""
"SURVEY","1982","YEAR","","COUNTY","FLORIDA","12","NORTHWEST","10","JACKSON","063","","","00000000","","PEANUTS","PEANUTS - PRODUCTION, MEASURED IN LB","TOTAL","NOT SPECIFIED","74,137,000",""
"SURVEY","1982","YEAR","","COUNTY","FLORIDA","12","NORTHWEST","10","JACKSON","063","","","00000000","","PEANUTS","PEANUTS - YIELD, MEASURED IN LB / ACRE","TOTAL","NOT SPECIFIED","2,975",""
"SURVEY","1982","YEAR","","COUNTY","FLORIDA","12","NORTHWEST","10","JEFFERSON","065","","","00000000","","PEANUTS","PEANUTS - ACRES HARVESTED","TOTAL","NOT SPECIFIED","1,125",""
"SURVEY","1982","YEAR","","COUNTY","FLORIDA","12","NORTHWEST","10","JEFFERSON","065","","","00000000","","PEANUTS","PEANUTS - PRODUCTION, MEASURED IN LB","TOTAL","NOT SPECIFIED","3,189,000",""
"SURVEY","1982","YEAR","","COUNTY","FLORIDA","12","NORTHWEST","10","JEFFERSON","065","","","00000000","","PEANUTS","PEANUTS - YIELD, MEASURED IN LB / ACRE","TOTAL","NOT SPECIFIED","2,835",""
"SURVEY","1982","YEAR","","COUNTY","FLORIDA","12","NORTHWEST","10","LEON","073","","","00000000","","PEANUTS","PEANUTS - ACRES HARVESTED","TOTAL","NOT SPECIFIED","280",""
"SURVEY","1982","YEAR","","COUNTY","FLORIDA","12","NORTHWEST","10","LEON","073","","","00000000","","PEANUTS","PEANUTS - PRODUCTION, MEASURED IN LB","TOTAL","NOT SPECIFIED","647,000",""
"SURVEY","1982","YEAR","","COUNTY","FLORIDA","12","NORTHWEST","10","LEON","073","","","00000000","","PEANUTS","PEANUTS - YIELD, MEASURED IN LB / ACRE","TOTAL","NOT SPECIFIED","2,310",""
"SURVEY","1982","YEAR","","COUNTY","FLORIDA","12","NORTHWEST","10","OKALOOSA","091","","","00000000","","PEANUTS","PEANUTS - ACRES HARVESTED","TOTAL","NOT SPECIFIED","515",""
"SURVEY","1982","YEAR","","COUNTY","FLORIDA","12","NORTHWEST","10","OKALOOSA","091","","","00000000","","PEANUTS","PEANUTS - PRODUCTION, MEASURED IN LB","TOTAL","NOT SPECIFIED","1,403,000",""
"SURVEY","1982","YEAR","","COUNTY","FLORIDA","12","NORTHWEST","10","OKALOOSA","091","","","00000000","","PEANUTS","PEANUTS - YIELD, MEASURED IN LB / ACRE","TOTAL","NOT SPECIFIED","2,725",""
"SURVEY","1982","YEAR","","COUNTY","FLORIDA","12","NORTHWEST","10","SANTA ROSA","113","","","00000000","","PEANUTS","PEANUTS - ACRES HARVESTED","TOTAL","NOT SPECIFIED","5,400",""
"SURVEY","1982","YEAR","","COUNTY","FLORIDA","12","NORTHWEST","10","SANTA ROSA","113","","","00000000","","PEANUTS","PEANUTS - PRODUCTION, MEASURED IN LB","TOTAL","NOT SPECIFIED","17,307,000",""
"SURVEY","1982","YEAR","","COUNTY","FLORIDA","12","NORTHWEST","10","SANTA ROSA","113","","","00000000","","PEANUTS","PEANUTS - YIELD, MEASURED IN LB / ACRE","TOTAL","NOT SPECIFIED","3,205",""
"SURVEY","1982","YEAR","","COUNTY","FLORIDA","12","NORTHWEST","10","WAKULLA","129","","","00000000","","PEANUTS","PEANUTS - ACRES HARVESTED","TOTAL","NOT SPECIFIED","805",""
"SURVEY","1982","YEAR","","COUNTY","FLORIDA","12","NORTHWEST","10","WAKULLA","129","","","00000000","","PEANUTS","PEANUTS - PRODUCTION, MEASURED IN LB","TOTAL","NOT SPECIFIED","1,984,000",""
"SURVEY","1982","YEAR","","COUNTY","FLORIDA","12","NORTHWEST","10","WAKULLA","129","","","00000000","","PEANUTS","PEANUTS - YIELD, MEASURED IN LB / ACRE","TOTAL","NOT SPECIFIED","2,465",""
"SURVEY","1982","YEAR","","COUNTY","FLORIDA","12","NORTHWEST","10","WALTON","131","","","00000000","","PEANUTS","PEANUTS - ACRES HARVESTED","TOTAL","NOT SPECIFIED","1,345",""
"SURVEY","1982","YEAR","","COUNTY","FLORIDA","12","NORTHWEST","10","WALTON","131","","","00000000","","PEANUTS","PEANUTS - PRODUCTION, MEASURED IN LB","TOTAL","NOT SPECIFIED","3,591,000",""
"SURVEY","1982","YEAR","","COUNTY","FLORIDA","12","NORTHWEST","10","WALTON","131","","","00000000","","PEANUTS","PEANUTS - YIELD, MEASURED IN LB / ACRE","TOTAL","NOT SPECIFIED","2,670",""
"SURVEY","1982","YEAR","","COUNTY","FLORIDA","12","NORTHWEST","10","WASHINGTON","133","","","00000000","","PEANUTS","PEANUTS - ACRES HARVESTED","TOTAL","NOT SPECIFIED","810",""
"SURVEY","1982","YEAR","","COUNTY","FLORIDA","12","NORTHWEST","10","WASHINGTON","133","","","00000000","","PEANUTS","PEANUTS - PRODUCTION, MEASURED IN LB","TOTAL","NOT SPECIFIED","2,730,000",""
"SURVEY","1982","YEAR","","COUNTY","FLORIDA","12","NORTHWEST","10","WASHINGTON","133","","","00000000","","PEANUTS","PEANUTS - YIELD, MEASURED IN LB / ACRE","TOTAL","NOT SPECIFIED","3,370",""
"SURVEY","1981","YEAR","","COUNTY","FLORIDA","12","CENTRAL","50","ALACHUA","001","","","00000000","","PEANUTS","PEANUTS - ACRES HARVESTED","TOTAL","NOT SPECIFIED","2,070",""
"SURVEY","1981","YEAR","","COUNTY","FLORIDA","12","CENTRAL","50","ALACHUA","001","","","00000000","","PEANUTS","PEANUTS - PRODUCTION, MEASURED IN LB","TOTAL","NOT SPECIFIED","6,158,000",""
"SURVEY","1981","YEAR","","COUNTY","FLORIDA","12","CENTRAL","50","ALACHUA","001","","","00000000","","PEANUTS","PEANUTS - YIELD, MEASURED IN LB / ACRE","TOTAL","NOT SPECIFIED","2,975",""
"SURVEY","1981","YEAR","","COUNTY","FLORIDA","12","CENTRAL","50","GILCHRIST","041","","","00000000","","PEANUTS","PEANUTS - ACRES HARVESTED","TOTAL","NOT SPECIFIED","410",""
"SURVEY","1981","YEAR","","COUNTY","FLORIDA","12","CENTRAL","50","GILCHRIST","041","","","00000000","","PEANUTS","PEANUTS - PRODUCTION, MEASURED IN LB","TOTAL","NOT SPECIFIED","1,033,000",""
"SURVEY","1981","YEAR","","COUNTY","FLORIDA","12","CENTRAL","50","GILCHRIST","041","","","00000000","","PEANUTS","PEANUTS - YIELD, MEASURED IN LB / ACRE","TOTAL","NOT SPECIFIED","2,520",""
"SURVEY","1981","YEAR","","COUNTY","FLORIDA","12","CENTRAL","50","LEVY","075","","","00000000","","PEANUTS","PEANUTS - ACRES HARVESTED","TOTAL","NOT SPECIFIED","3,275",""
"SURVEY","1981","YEAR","","COUNTY","FLORIDA","12","CENTRAL","50","LEVY","075","","","00000000","","PEANUTS","PEANUTS - PRODUCTION, MEASURED IN LB","TOTAL","NOT SPECIFIED","11,839,000",""
"SURVEY","1981","YEAR","","COUNTY","FLORIDA","12","CENTRAL","50","LEVY","075","","","00000000","","PEANUTS","PEANUTS - YIELD, MEASURED IN LB / ACRE","TOTAL","NOT SPECIFIED","3,615",""
"SURVEY","1981","YEAR","","COUNTY","FLORIDA","12","CENTRAL","50","MARION","083","","","00000000","","PEANUTS","PEANUTS - ACRES HARVESTED","TOTAL","NOT SPECIFIED","2,505",""
"SURVEY","1981","YEAR","","COUNTY","FLORIDA","12","CENTRAL","50","MARION","083","","","00000000","","PEANUTS","PEANUTS - PRODUCTION, MEASURED IN LB","TOTAL","NOT SPECIFIED","8,830,000",""
"SURVEY","1981","YEAR","","COUNTY","FLORIDA","12","CENTRAL","50","MARION","083","","","00000000","","PEANUTS","PEANUTS - YIELD, MEASURED IN LB / ACRE","TOTAL","NOT SPECIFIED","3,525",""
"SURVEY","1981","YEAR","","COUNTY","FLORIDA","12","NORTHEAST","30","COLUMBIA","023","","","00000000","","PEANUTS","PEANUTS - ACRES HARVESTED","TOTAL","NOT SPECIFIED","825",""
"SURVEY","1981","YEAR","","COUNTY","FLORIDA","12","NORTHEAST","30","COLUMBIA","023","","","00000000","","PEANUTS","PEANUTS - PRODUCTION, MEASURED IN LB","TOTAL","NOT SPECIFIED","2,714,000",""
"SURVEY","1981","YEAR","","COUNTY","FLORIDA","12","NORTHEAST","30","COLUMBIA","023","","","00000000","","PEANUTS","PEANUTS - YIELD, MEASURED IN LB / ACRE","TOTAL","NOT SPECIFIED","3,290",""
"SURVEY","1981","YEAR","","COUNTY","FLORIDA","12","NORTHEAST","30","DIXIE","029","","","00000000","","PEANUTS","PEANUTS - ACRES HARVESTED","TOTAL","NOT SPECIFIED","55",""
"SURVEY","1981","YEAR","","COUNTY","FLORIDA","12","NORTHEAST","30","DIXIE","029","","","00000000","","PEANUTS","PEANUTS - PRODUCTION, MEASURED IN LB","TOTAL","NOT SPECIFIED","190,000",""
"SURVEY","1981","YEAR","","COUNTY","FLORIDA","12","NORTHEAST","30","DIXIE","029","","","00000000","","PEANUTS","PEANUTS - YIELD, MEASURED IN LB / ACRE","TOTAL","NOT SPECIFIED","3,455",""
"SURVEY","1981","YEAR","","COUNTY","FLORIDA","12","NORTHEAST","30","HAMILTON","047","","","00000000","","PEANUTS","PEANUTS - ACRES HARVESTED","TOTAL","NOT SPECIFIED","120",""
"SURVEY","1981","YEAR","","COUNTY","FLORIDA","12","NORTHEAST","30","HAMILTON","047","","","00000000","","PEANUTS","PEANUTS - PRODUCTION, MEASURED IN LB","TOTAL","NOT SPECIFIED","387,000",""
"SURVEY","1981","YEAR","","COUNTY","FLORIDA","12","NORTHEAST","30","HAMILTON","047","","","00000000","","PEANUTS","PEANUTS - YIELD, MEASURED IN LB / ACRE","TOTAL","NOT SPECIFIED","3,225",""
"SURVEY","1981","YEAR","","COUNTY","FLORIDA","12","NORTHEAST","30","LAFAYETTE","067","","","00000000","","PEANUTS","PEANUTS - ACRES HARVESTED","TOTAL","NOT SPECIFIED","210",""
"SURVEY","1981","YEAR","","COUNTY","FLORIDA","12","NORTHEAST","30","LAFAYETTE","067","","","00000000","","PEANUTS","PEANUTS - PRODUCTION, MEASURED IN LB","TOTAL","NOT SPECIFIED","726,000",""
"SURVEY","1981","YEAR","","COUNTY","FLORIDA","12","NORTHEAST","30","LAFAYETTE","067","","","00000000","","PEANUTS","PEANUTS - YIELD, MEASURED IN LB / ACRE","TOTAL","NOT SPECIFIED","3,455",""
"SURVEY","1981","YEAR","","COUNTY","FLORIDA","12","NORTHEAST","30","MADISON","079","","","00000000","","PEANUTS","PEANUTS - ACRES HARVESTED","TOTAL","NOT SPECIFIED","270",""
"SURVEY","1981","YEAR","","COUNTY","FLORIDA","12","NORTHEAST","30","MADISON","079","","","00000000","","PEANUTS","PEANUTS - PRODUCTION, MEASURED IN LB","TOTAL","NOT SPECIFIED","801,000",""
"SURVEY","1981","YEAR","","COUNTY","FLORIDA","12","NORTHEAST","30","MADISON","079","","","00000000","","PEANUTS","PEANUTS - YIELD, MEASURED IN LB / ACRE","TOTAL","NOT SPECIFIED","2,965",""
"SURVEY","1981","YEAR","","COUNTY","FLORIDA","12","NORTHEAST","30","SUWANNEE","121","","","00000000","","PEANUTS","PEANUTS - ACRES HARVESTED","TOTAL","NOT SPECIFIED","1,570",""
"SURVEY","1981","YEAR","","COUNTY","FLORIDA","12","NORTHEAST","30","SUWANNEE","121","","","00000000","","PEANUTS","PEANUTS - PRODUCTION, MEASURED IN LB","TOTAL","NOT SPECIFIED","5,063,000",""
"SURVEY","1981","YEAR","","COUNTY","FLORIDA","12","NORTHEAST","30","SUWANNEE","121","","","00000000","","PEANUTS","PEANUTS - YIELD, MEASURED IN LB / ACRE","TOTAL","NOT SPECIFIED","3,225",""
"SURVEY","1981","YEAR","","COUNTY","FLORIDA","12","NORTHWEST","10","CALHOUN","013","","","00000000","","PEANUTS","PEANUTS - ACRES HARVESTED","TOTAL","NOT SPECIFIED","2,430",""
"SURVEY","1981","YEAR","","COUNTY","FLORIDA","12","NORTHWEST","10","CALHOUN","013","","","00000000","","PEANUTS","PEANUTS - PRODUCTION, MEASURED IN LB","TOTAL","NOT SPECIFIED","7,885,000",""
"SURVEY","1981","YEAR","","COUNTY","FLORIDA","12","NORTHWEST","10","CALHOUN","013","","","00000000","","PEANUTS","PEANUTS - YIELD, MEASURED IN LB / ACRE","TOTAL","NOT SPECIFIED","3,245",""
"SURVEY","1981","YEAR","","COUNTY","FLORIDA","12","NORTHWEST","10","ESCAMBIA","033","","","00000000","","PEANUTS","PEANUTS - ACRES HARVESTED","TOTAL","NOT SPECIFIED","50",""
"SURVEY","1981","YEAR","","COUNTY","FLORIDA","12","NORTHWEST","10","ESCAMBIA","033","","","00000000","","PEANUTS","PEANUTS - PRODUCTION, MEASURED IN LB","TOTAL","NOT SPECIFIED","148,000",""
"SURVEY","1981","YEAR","","COUNTY","FLORIDA","12","NORTHWEST","10","ESCAMBIA","033","","","00000000","","PEANUTS","PEANUTS - YIELD, MEASURED IN LB / ACRE","TOTAL","NOT SPECIFIED","2,960",""
"SURVEY","1981","YEAR","","COUNTY","FLORIDA","12","NORTHWEST","10","GADSDEN","039","","","00000000","","PEANUTS","PEANUTS - ACRES HARVESTED","TOTAL","NOT SPECIFIED","990",""
"SURVEY","1981","YEAR","","COUNTY","FLORIDA","12","NORTHWEST","10","GADSDEN","039","","","00000000","","PEANUTS","PEANUTS - PRODUCTION, MEASURED IN LB","TOTAL","NOT SPECIFIED","2,995,000",""
"SURVEY","1981","YEAR","","COUNTY","FLORIDA","12","NORTHWEST","10","GADSDEN","039","","","00000000","","PEANUTS","PEANUTS - YIELD, MEASURED IN LB / ACRE","TOTAL","NOT SPECIFIED","3,025",""
"SURVEY","1981","YEAR","","COUNTY","FLORIDA","12","NORTHWEST","10","HOLMES","059","","","00000000","","PEANUTS","PEANUTS - ACRES HARVESTED","TOTAL","NOT SPECIFIED","4,140",""
"SURVEY","1981","YEAR","","COUNTY","FLORIDA","12","NORTHWEST","10","HOLMES","059","","","00000000","","PEANUTS","PEANUTS - PRODUCTION, MEASURED IN LB","TOTAL","NOT SPECIFIED","10,619,000",""
"SURVEY","1981","YEAR","","COUNTY","FLORIDA","12","NORTHWEST","10","HOLMES","059","","","00000000","","PEANUTS","PEANUTS - YIELD, MEASURED IN LB / ACRE","TOTAL","NOT SPECIFIED","2,565",""
"SURVEY","1981","YEAR","","COUNTY","FLORIDA","12","NORTHWEST","10","JACKSON","063","","","00000000","","PEANUTS","PEANUTS - ACRES HARVESTED","TOTAL","NOT SPECIFIED","29,350",""
"SURVEY","1981","YEAR","","COUNTY","FLORIDA","12","NORTHWEST","10","JACKSON","063","","","00000000","","PEANUTS","PEANUTS - PRODUCTION, MEASURED IN LB","TOTAL","NOT SPECIFIED","83,794,000",""
"SURVEY","1981","YEAR","","COUNTY","FLORIDA","12","NORTHWEST","10","JACKSON","063","","","00000000","","PEANUTS","PEANUTS - YIELD, MEASURED IN LB / ACRE","TOTAL","NOT SPECIFIED","2,855",""
"SURVEY","1981","YEAR","","COUNTY","FLORIDA","12","NORTHWEST","10","JEFFERSON","065","","","00000000","","PEANUTS","PEANUTS - ACRES HARVESTED","TOTAL","NOT SPECIFIED","1,230",""
"SURVEY","1981","YEAR","","COUNTY","FLORIDA","12","NORTHWEST","10","JEFFERSON","065","","","00000000","","PEANUTS","PEANUTS - PRODUCTION, MEASURED IN LB","TOTAL","NOT SPECIFIED","3,339,000",""
"SURVEY","1981","YEAR","","COUNTY","FLORIDA","12","NORTHWEST","10","JEFFERSON","065","","","00000000","","PEANUTS","PEANUTS - YIELD, MEASURED IN LB / ACRE","TOTAL","NOT SPECIFIED","2,715",""
"SURVEY","1981","YEAR","","COUNTY","FLORIDA","12","NORTHWEST","10","LEON","073","","","00000000","","PEANUTS","PEANUTS - ACRES HARVESTED","TOTAL","NOT SPECIFIED","290",""
"SURVEY","1981","YEAR","","COUNTY","FLORIDA","12","NORTHWEST","10","LEON","073","","","00000000","","PEANUTS","PEANUTS - PRODUCTION, MEASURED IN LB","TOTAL","NOT SPECIFIED","644,000",""
"SURVEY","1981","YEAR","","COUNTY","FLORIDA","12","NORTHWEST","10","LEON","073","","","00000000","","PEANUTS","PEANUTS - YIELD, MEASURED IN LB / ACRE","TOTAL","NOT SPECIFIED","2,220",""
"SURVEY","1981","YEAR","","COUNTY","FLORIDA","12","NORTHWEST","10","OKALOOSA","091","","","00000000","","PEANUTS","PEANUTS - ACRES HARVESTED","TOTAL","NOT SPECIFIED","660",""
"SURVEY","1981","YEAR","","COUNTY","FLORIDA","12","NORTHWEST","10","OKALOOSA","091","","","00000000","","PEANUTS","PEANUTS - PRODUCTION, MEASURED IN LB","TOTAL","NOT SPECIFIED","1,779,000",""
"SURVEY","1981","YEAR","","COUNTY","FLORIDA","12","NORTHWEST","10","OKALOOSA","091","","","00000000","","PEANUTS","PEANUTS - YIELD, MEASURED IN LB / ACRE","TOTAL","NOT SPECIFIED","2,695",""
"SURVEY","1981","YEAR","","COUNTY","FLORIDA","12","NORTHWEST","10","SANTA ROSA","113","","","00000000","","PEANUTS","PEANUTS - ACRES HARVESTED","TOTAL","NOT SPECIFIED","6,270",""
"SURVEY","1981","YEAR","","COUNTY","FLORIDA","12","NORTHWEST","10","SANTA ROSA","113","","","00000000","","PEANUTS","PEANUTS - PRODUCTION, MEASURED IN LB","TOTAL","NOT SPECIFIED","20,252,000",""
"SURVEY","1981","YEAR","","COUNTY","FLORIDA","12","NORTHWEST","10","SANTA ROSA","113","","","00000000","","PEANUTS","PEANUTS - YIELD, MEASURED IN LB / ACRE","TOTAL","NOT SPECIFIED","3,230",""
"SURVEY","1981","YEAR","","COUNTY","FLORIDA","12","NORTHWEST","10","WAKULLA","129","","","00000000","","PEANUTS","PEANUTS - ACRES HARVESTED","TOTAL","NOT SPECIFIED","520",""
"SURVEY","1981","YEAR","","COUNTY","FLORIDA","12","NORTHWEST","10","WAKULLA","129","","","00000000","","PEANUTS","PEANUTS - PRODUCTION, MEASURED IN LB","TOTAL","NOT SPECIFIED","1,183,000",""
"SURVEY","1981","YEAR","","COUNTY","FLORIDA","12","NORTHWEST","10","WAKULLA","129","","","00000000","","PEANUTS","PEANUTS - YIELD, MEASURED IN LB / ACRE","TOTAL","NOT SPECIFIED","2,275",""
"SURVEY","1981","YEAR","","COUNTY","FLORIDA","12","NORTHWEST","10","WALTON","131","","","00000000","","PEANUTS","PEANUTS - ACRES HARVESTED","TOTAL","NOT SPECIFIED","1,720",""
"SURVEY","1981","YEAR","","COUNTY","FLORIDA","12","NORTHWEST","10","WALTON","131","","","00000000","","PEANUTS","PEANUTS - PRODUCTION, MEASURED IN LB","TOTAL","NOT SPECIFIED","4,592,000",""
"SURVEY","1981","YEAR","","COUNTY","FLORIDA","12","NORTHWEST","10","WALTON","131","","","00000000","","PEANUTS","PEANUTS - YIELD, MEASURED IN LB / ACRE","TOTAL","NOT SPECIFIED","2,670",""
"SURVEY","1981","YEAR","","COUNTY","FLORIDA","12","NORTHWEST","10","WASHINGTON","133","","","00000000","","PEANUTS","PEANUTS - ACRES HARVESTED","TOTAL","NOT SPECIFIED","1,040",""
"SURVEY","1981","YEAR","","COUNTY","FLORIDA","12","NORTHWEST","10","WASHINGTON","133","","","00000000","","PEANUTS","PEANUTS - PRODUCTION, MEASURED IN LB","TOTAL","NOT SPECIFIED","3,229,000",""
"SURVEY","1981","YEAR","","COUNTY","FLORIDA","12","NORTHWEST","10","WASHINGTON","133","","","00000000","","PEANUTS","PEANUTS - YIELD, MEASURED IN LB / ACRE","TOTAL","NOT SPECIFIED","3,105",""
"SURVEY","1980","YEAR","","COUNTY","FLORIDA","12","CENTRAL","50","ALACHUA","001","","","00000000","","PEANUTS","PEANUTS - ACRES HARVESTED","TOTAL","NOT SPECIFIED","2,060",""
"SURVEY","1980","YEAR","","COUNTY","FLORIDA","12","CENTRAL","50","ALACHUA","001","","","00000000","","PEANUTS","PEANUTS - PRODUCTION, MEASURED IN LB","TOTAL","NOT SPECIFIED","6,005,000",""
"SURVEY","1980","YEAR","","COUNTY","FLORIDA","12","CENTRAL","50","ALACHUA","001","","","00000000","","PEANUTS","PEANUTS - YIELD, MEASURED IN LB / ACRE","TOTAL","NOT SPECIFIED","2,915",""
"SURVEY","1980","YEAR","","COUNTY","FLORIDA","12","CENTRAL","50","GILCHRIST","041","","","00000000","","PEANUTS","PEANUTS - ACRES HARVESTED","TOTAL","NOT SPECIFIED","370",""
"SURVEY","1980","YEAR","","COUNTY","FLORIDA","12","CENTRAL","50","GILCHRIST","041","","","00000000","","PEANUTS","PEANUTS - PRODUCTION, MEASURED IN LB","TOTAL","NOT SPECIFIED","945,000",""
"SURVEY","1980","YEAR","","COUNTY","FLORIDA","12","CENTRAL","50","GILCHRIST","041","","","00000000","","PEANUTS","PEANUTS - YIELD, MEASURED IN LB / ACRE","TOTAL","NOT SPECIFIED","2,555",""
"SURVEY","1980","YEAR","","COUNTY","FLORIDA","12","CENTRAL","50","LEVY","075","","","00000000","","PEANUTS","PEANUTS - ACRES HARVESTED","TOTAL","NOT SPECIFIED","3,000",""
"SURVEY","1980","YEAR","","COUNTY","FLORIDA","12","CENTRAL","50","LEVY","075","","","00000000","","PEANUTS","PEANUTS - PRODUCTION, MEASURED IN LB","TOTAL","NOT SPECIFIED","11,760,000",""
"SURVEY","1980","YEAR","","COUNTY","FLORIDA","12","CENTRAL","50","LEVY","075","","","00000000","","PEANUTS","PEANUTS - YIELD, MEASURED IN LB / ACRE","TOTAL","NOT SPECIFIED","3,920",""
"SURVEY","1980","YEAR","","COUNTY","FLORIDA","12","CENTRAL","50","MARION","083","","","00000000","","PEANUTS","PEANUTS - ACRES HARVESTED","TOTAL","NOT SPECIFIED","2,350",""
"SURVEY","1980","YEAR","","COUNTY","FLORIDA","12","CENTRAL","50","MARION","083","","","00000000","","PEANUTS","PEANUTS - PRODUCTION, MEASURED IN LB","TOTAL","NOT SPECIFIED","8,824,000",""
"SURVEY","1980","YEAR","","COUNTY","FLORIDA","12","CENTRAL","50","MARION","083","","","00000000","","PEANUTS","PEANUTS - YIELD, MEASURED IN LB / ACRE","TOTAL","NOT SPECIFIED","3,755",""
"SURVEY","1980","YEAR","","COUNTY","FLORIDA","12","NORTHEAST","30","COLUMBIA","023","","","00000000","","PEANUTS","PEANUTS - ACRES HARVESTED","TOTAL","NOT SPECIFIED","775",""
"SURVEY","1980","YEAR","","COUNTY","FLORIDA","12","NORTHEAST","30","COLUMBIA","023","","","00000000","","PEANUTS","PEANUTS - PRODUCTION, MEASURED IN LB","TOTAL","NOT SPECIFIED","2,511,000",""
"SURVEY","1980","YEAR","","COUNTY","FLORIDA","12","NORTHEAST","30","COLUMBIA","023","","","00000000","","PEANUTS","PEANUTS - YIELD, MEASURED IN LB / ACRE","TOTAL","NOT SPECIFIED","3,240",""
"SURVEY","1980","YEAR","","COUNTY","FLORIDA","12","NORTHEAST","30","DIXIE","029","","","00000000","","PEANUTS","PEANUTS - ACRES HARVESTED","TOTAL","NOT SPECIFIED","40",""
"SURVEY","1980","YEAR","","COUNTY","FLORIDA","12","NORTHEAST","30","DIXIE","029","","","00000000","","PEANUTS","PEANUTS - PRODUCTION, MEASURED IN LB","TOTAL","NOT SPECIFIED","135,000",""
"SURVEY","1980","YEAR","","COUNTY","FLORIDA","12","NORTHEAST","30","DIXIE","029","","","00000000","","PEANUTS","PEANUTS - YIELD, MEASURED IN LB / ACRE","TOTAL","NOT SPECIFIED","3,375",""
"SURVEY","1980","YEAR","","COUNTY","FLORIDA","12","NORTHEAST","30","HAMILTON","047","","","00000000","","PEANUTS","PEANUTS - ACRES HARVESTED","TOTAL","NOT SPECIFIED","120",""
"SURVEY","1980","YEAR","","COUNTY","FLORIDA","12","NORTHEAST","30","HAMILTON","047","","","00000000","","PEANUTS","PEANUTS - PRODUCTION, MEASURED IN LB","TOTAL","NOT SPECIFIED","337,000",""
"SURVEY","1980","YEAR","","COUNTY","FLORIDA","12","NORTHEAST","30","HAMILTON","047","","","00000000","","PEANUTS","PEANUTS - YIELD, MEASURED IN LB / ACRE","TOTAL","NOT SPECIFIED","2,810",""
"SURVEY","1980","YEAR","","COUNTY","FLORIDA","12","NORTHEAST","30","LAFAYETTE","067","","","00000000","","PEANUTS","PEANUTS - ACRES HARVESTED","TOTAL","NOT SPECIFIED","210",""
"SURVEY","1980","YEAR","","COUNTY","FLORIDA","12","NORTHEAST","30","LAFAYETTE","067","","","00000000","","PEANUTS","PEANUTS - PRODUCTION, MEASURED IN LB","TOTAL","NOT SPECIFIED","738,000",""
"SURVEY","1980","YEAR","","COUNTY","FLORIDA","12","NORTHEAST","30","LAFAYETTE","067","","","00000000","","PEANUTS","PEANUTS - YIELD, MEASURED IN LB / ACRE","TOTAL","NOT SPECIFIED","3,515",""
"SURVEY","1980","YEAR","","COUNTY","FLORIDA","12","NORTHEAST","30","MADISON","079","","","00000000","","PEANUTS","PEANUTS - ACRES HARVESTED","TOTAL","NOT SPECIFIED","260",""
"SURVEY","1980","YEAR","","COUNTY","FLORIDA","12","NORTHEAST","30","MADISON","079","","","00000000","","PEANUTS","PEANUTS - PRODUCTION, MEASURED IN LB","TOTAL","NOT SPECIFIED","640,000",""
"SURVEY","1980","YEAR","","COUNTY","FLORIDA","12","NORTHEAST","30","MADISON","079","","","00000000","","PEANUTS","PEANUTS - YIELD, MEASURED IN LB / ACRE","TOTAL","NOT SPECIFIED","2,460",""
"SURVEY","1980","YEAR","","COUNTY","FLORIDA","12","NORTHEAST","30","SUWANNEE","121","","","00000000","","PEANUTS","PEANUTS - ACRES HARVESTED","TOTAL","NOT SPECIFIED","1,450",""
"SURVEY","1980","YEAR","","COUNTY","FLORIDA","12","NORTHEAST","30","SUWANNEE","121","","","00000000","","PEANUTS","PEANUTS - PRODUCTION, MEASURED IN LB","TOTAL","NOT SPECIFIED","5,010,000",""
"SURVEY","1980","YEAR","","COUNTY","FLORIDA","12","NORTHEAST","30","SUWANNEE","121","","","00000000","","PEANUTS","PEANUTS - YIELD, MEASURED IN LB / ACRE","TOTAL","NOT SPECIFIED","3,455",""
"SURVEY","1980","YEAR","","COUNTY","FLORIDA","12","NORTHWEST","10","CALHOUN","013","","","00000000","","PEANUTS","PEANUTS - ACRES HARVESTED","TOTAL","NOT SPECIFIED","2,240",""
"SURVEY","1980","YEAR","","COUNTY","FLORIDA","12","NORTHWEST","10","CALHOUN","013","","","00000000","","PEANUTS","PEANUTS - PRODUCTION, MEASURED IN LB","TOTAL","NOT SPECIFIED","7,302,000",""
"SURVEY","1980","YEAR","","COUNTY","FLORIDA","12","NORTHWEST","10","CALHOUN","013","","","00000000","","PEANUTS","PEANUTS - YIELD, MEASURED IN LB / ACRE","TOTAL","NOT SPECIFIED","3,260",""
"SURVEY","1980","YEAR","","COUNTY","FLORIDA","12","NORTHWEST","10","ESCAMBIA","033","","","00000000","","PEANUTS","PEANUTS - ACRES HARVESTED","TOTAL","NOT SPECIFIED","50",""
"SURVEY","1980","YEAR","","COUNTY","FLORIDA","12","NORTHWEST","10","ESCAMBIA","033","","","00000000","","PEANUTS","PEANUTS - PRODUCTION, MEASURED IN LB","TOTAL","NOT SPECIFIED","134,000",""
"SURVEY","1980","YEAR","","COUNTY","FLORIDA","12","NORTHWEST","10","ESCAMBIA","033","","","00000000","","PEANUTS","PEANUTS - YIELD, MEASURED IN LB / ACRE","TOTAL","NOT SPECIFIED","2,680",""
"SURVEY","1980","YEAR","","COUNTY","FLORIDA","12","NORTHWEST","10","GADSDEN","039","","","00000000","","PEANUTS","PEANUTS - ACRES HARVESTED","TOTAL","NOT SPECIFIED","925",""
"SURVEY","1980","YEAR","","COUNTY","FLORIDA","12","NORTHWEST","10","GADSDEN","039","","","00000000","","PEANUTS","PEANUTS - PRODUCTION, MEASURED IN LB","TOTAL","NOT SPECIFIED","2,789,000",""
"SURVEY","1980","YEAR","","COUNTY","FLORIDA","12","NORTHWEST","10","GADSDEN","039","","","00000000","","PEANUTS","PEANUTS - YIELD, MEASURED IN LB / ACRE","TOTAL","NOT SPECIFIED","3,015",""
"SURVEY","1980","YEAR","","COUNTY","FLORIDA","12","NORTHWEST","10","HOLMES","059","","","00000000","","PEANUTS","PEANUTS - ACRES HARVESTED","TOTAL","NOT SPECIFIED","3,800",""
"SURVEY","1980","YEAR","","COUNTY","FLORIDA","12","NORTHWEST","10","HOLMES","059","","","00000000","","PEANUTS","PEANUTS - PRODUCTION, MEASURED IN LB","TOTAL","NOT SPECIFIED","8,512,000",""
"SURVEY","1980","YEAR","","COUNTY","FLORIDA","12","NORTHWEST","10","HOLMES","059","","","00000000","","PEANUTS","PEANUTS - YIELD, MEASURED IN LB / ACRE","TOTAL","NOT SPECIFIED","2,240",""
"SURVEY","1980","YEAR","","COUNTY","FLORIDA","12","NORTHWEST","10","JACKSON","063","","","00000000","","PEANUTS","PEANUTS - ACRES HARVESTED","TOTAL","NOT SPECIFIED","27,450",""
"SURVEY","1980","YEAR","","COUNTY","FLORIDA","12","NORTHWEST","10","JACKSON","063","","","00000000","","PEANUTS","PEANUTS - PRODUCTION, MEASURED IN LB","TOTAL","NOT SPECIFIED","62,449,000",""
"SURVEY","1980","YEAR","","COUNTY","FLORIDA","12","NORTHWEST","10","JACKSON","063","","","00000000","","PEANUTS","PEANUTS - YIELD, MEASURED IN LB / ACRE","TOTAL","NOT SPECIFIED","2,275",""
"SURVEY","1980","YEAR","","COUNTY","FLORIDA","12","NORTHWEST","10","JEFFERSON","065","","","00000000","","PEANUTS","PEANUTS - ACRES HARVESTED","TOTAL","NOT SPECIFIED","1,125",""
"SURVEY","1980","YEAR","","COUNTY","FLORIDA","12","NORTHWEST","10","JEFFERSON","065","","","00000000","","PEANUTS","PEANUTS - PRODUCTION, MEASURED IN LB","TOTAL","NOT SPECIFIED","3,189,000",""
"SURVEY","1980","YEAR","","COUNTY","FLORIDA","12","NORTHWEST","10","JEFFERSON","065","","","00000000","","PEANUTS","PEANUTS - YIELD, MEASURED IN LB / ACRE","TOTAL","NOT SPECIFIED","2,835",""
"SURVEY","1980","YEAR","","COUNTY","FLORIDA","12","NORTHWEST","10","LEON","073","","","00000000","","PEANUTS","PEANUTS - ACRES HARVESTED","TOTAL","NOT SPECIFIED","275",""
"SURVEY","1980","YEAR","","COUNTY","FLORIDA","12","NORTHWEST","10","LEON","073","","","00000000","","PEANUTS","PEANUTS - PRODUCTION, MEASURED IN LB","TOTAL","NOT SPECIFIED","683,000",""
"SURVEY","1980","YEAR","","COUNTY","FLORIDA","12","NORTHWEST","10","LEON","073","","","00000000","","PEANUTS","PEANUTS - YIELD, MEASURED IN LB / ACRE","TOTAL","NOT SPECIFIED","2,485",""
"SURVEY","1980","YEAR","","COUNTY","FLORIDA","12","NORTHWEST","10","OKALOOSA","091","","","00000000","","PEANUTS","PEANUTS - ACRES HARVESTED","TOTAL","NOT SPECIFIED","625",""
"SURVEY","1980","YEAR","","COUNTY","FLORIDA","12","NORTHWEST","10","OKALOOSA","091","","","00000000","","PEANUTS","PEANUTS - PRODUCTION, MEASURED IN LB","TOTAL","NOT SPECIFIED","1,172,000",""
"SURVEY","1980","YEAR","","COUNTY","FLORIDA","12","NORTHWEST","10","OKALOOSA","091","","","00000000","","PEANUTS","PEANUTS - YIELD, MEASURED IN LB / ACRE","TOTAL","NOT SPECIFIED","1,875",""
"SURVEY","1980","YEAR","","COUNTY","FLORIDA","12","NORTHWEST","10","SANTA ROSA","113","","","00000000","","PEANUTS","PEANUTS - ACRES HARVESTED","TOTAL","NOT SPECIFIED","5,830",""
"SURVEY","1980","YEAR","","COUNTY","FLORIDA","12","NORTHWEST","10","SANTA ROSA","113","","","00000000","","PEANUTS","PEANUTS - PRODUCTION, MEASURED IN LB","TOTAL","NOT SPECIFIED","13,875,000",""
"SURVEY","1980","YEAR","","COUNTY","FLORIDA","12","NORTHWEST","10","SANTA ROSA","113","","","00000000","","PEANUTS","PEANUTS - YIELD, MEASURED IN LB / ACRE","TOTAL","NOT SPECIFIED","2,380",""
"SURVEY","1980","YEAR","","COUNTY","FLORIDA","12","NORTHWEST","10","WAKULLA","129","","","00000000","","PEANUTS","PEANUTS - ACRES HARVESTED","TOTAL","NOT SPECIFIED","500",""
"SURVEY","1980","YEAR","","COUNTY","FLORIDA","12","NORTHWEST","10","WAKULLA","129","","","00000000","","PEANUTS","PEANUTS - PRODUCTION, MEASURED IN LB","TOTAL","NOT SPECIFIED","915,000",""
"SURVEY","1980","YEAR","","COUNTY","FLORIDA","12","NORTHWEST","10","WAKULLA","129","","","00000000","","PEANUTS","PEANUTS - YIELD, MEASURED IN LB / ACRE","TOTAL","NOT SPECIFIED","1,830",""
"SURVEY","1980","YEAR","","COUNTY","FLORIDA","12","NORTHWEST","10","WALTON","131","","","00000000","","PEANUTS","PEANUTS - ACRES HARVESTED","TOTAL","NOT SPECIFIED","1,585",""
"SURVEY","1980","YEAR","","COUNTY","FLORIDA","12","NORTHWEST","10","WALTON","131","","","00000000","","PEANUTS","PEANUTS - PRODUCTION, MEASURED IN LB","TOTAL","NOT SPECIFIED","3,685,000",""
"SURVEY","1980","YEAR","","COUNTY","FLORIDA","12","NORTHWEST","10","WALTON","131","","","00000000","","PEANUTS","PEANUTS - YIELD, MEASURED IN LB / ACRE","TOTAL","NOT SPECIFIED","2,325",""
"SURVEY","1980","YEAR","","COUNTY","FLORIDA","12","NORTHWEST","10","WASHINGTON","133","","","00000000","","PEANUTS","PEANUTS - ACRES HARVESTED","TOTAL","NOT SPECIFIED","960",""
"SURVEY","1980","YEAR","","COUNTY","FLORIDA","12","NORTHWEST","10","WASHINGTON","133","","","00000000","","PEANUTS","PEANUTS - PRODUCTION, MEASURED IN LB","TOTAL","NOT SPECIFIED","2,870,000",""
"SURVEY","1980","YEAR","","COUNTY","FLORIDA","12","NORTHWEST","10","WASHINGTON","133","","","00000000","","PEANUTS","PEANUTS - YIELD, MEASURED IN LB / ACRE","TOTAL","NOT SPECIFIED","2,990",""
"SURVEY","1979","YEAR","","COUNTY","FLORIDA","12","CENTRAL","50","ALACHUA","001","","","00000000","","PEANUTS","PEANUTS - ACRES HARVESTED","TOTAL","NOT SPECIFIED","1,780",""
"SURVEY","1979","YEAR","","COUNTY","FLORIDA","12","CENTRAL","50","ALACHUA","001","","","00000000","","PEANUTS","PEANUTS - PRODUCTION, MEASURED IN LB","TOTAL","NOT SPECIFIED","6,426,000",""
"SURVEY","1979","YEAR","","COUNTY","FLORIDA","12","CENTRAL","50","ALACHUA","001","","","00000000","","PEANUTS","PEANUTS - YIELD, MEASURED IN LB / ACRE","TOTAL","NOT SPECIFIED","3,610",""
"SURVEY","1979","YEAR","","COUNTY","FLORIDA","12","CENTRAL","50","GILCHRIST","041","","","00000000","","PEANUTS","PEANUTS - ACRES HARVESTED","TOTAL","NOT SPECIFIED","355",""
"SURVEY","1979","YEAR","","COUNTY","FLORIDA","12","CENTRAL","50","GILCHRIST","041","","","00000000","","PEANUTS","PEANUTS - PRODUCTION, MEASURED IN LB","TOTAL","NOT SPECIFIED","1,035,000",""
"SURVEY","1979","YEAR","","COUNTY","FLORIDA","12","CENTRAL","50","GILCHRIST","041","","","00000000","","PEANUTS","PEANUTS - YIELD, MEASURED IN LB / ACRE","TOTAL","NOT SPECIFIED","2,915",""
"SURVEY","1979","YEAR","","COUNTY","FLORIDA","12","CENTRAL","50","LEVY","075","","","00000000","","PEANUTS","PEANUTS - ACRES HARVESTED","TOTAL","NOT SPECIFIED","3,000",""
"SURVEY","1979","YEAR","","COUNTY","FLORIDA","12","CENTRAL","50","LEVY","075","","","00000000","","PEANUTS","PEANUTS - PRODUCTION, MEASURED IN LB","TOTAL","NOT SPECIFIED","11,325,000",""
"SURVEY","1979","YEAR","","COUNTY","FLORIDA","12","CENTRAL","50","LEVY","075","","","00000000","","PEANUTS","PEANUTS - YIELD, MEASURED IN LB / ACRE","TOTAL","NOT SPECIFIED","3,775",""
"SURVEY","1979","YEAR","","COUNTY","FLORIDA","12","CENTRAL","50","MARION","083","","","00000000","","PEANUTS","PEANUTS - ACRES HARVESTED","TOTAL","NOT SPECIFIED","2,345",""
"SURVEY","1979","YEAR","","COUNTY","FLORIDA","12","CENTRAL","50","MARION","083","","","00000000","","PEANUTS","PEANUTS - PRODUCTION, MEASURED IN LB","TOTAL","NOT SPECIFIED","7,621,000",""
"SURVEY","1979","YEAR","","COUNTY","FLORIDA","12","CENTRAL","50","MARION","083","","","00000000","","PEANUTS","PEANUTS - YIELD, MEASURED IN LB / ACRE","TOTAL","NOT SPECIFIED","3,250",""
"SURVEY","1979","YEAR","","COUNTY","FLORIDA","12","NORTHEAST","30","COLUMBIA","023","","","00000000","","PEANUTS","PEANUTS - ACRES HARVESTED","TOTAL","NOT SPECIFIED","735",""
"SURVEY","1979","YEAR","","COUNTY","FLORIDA","12","NORTHEAST","30","COLUMBIA","023","","","00000000","","PEANUTS","PEANUTS - PRODUCTION, MEASURED IN LB","TOTAL","NOT SPECIFIED","2,242,000",""
"SURVEY","1979","YEAR","","COUNTY","FLORIDA","12","NORTHEAST","30","COLUMBIA","023","","","00000000","","PEANUTS","PEANUTS - YIELD, MEASURED IN LB / ACRE","TOTAL","NOT SPECIFIED","3,050",""
"SURVEY","1979","YEAR","","COUNTY","FLORIDA","12","NORTHEAST","30","DIXIE","029","","","00000000","","PEANUTS","PEANUTS - ACRES HARVESTED","TOTAL","NOT SPECIFIED","40",""
"SURVEY","1979","YEAR","","COUNTY","FLORIDA","12","NORTHEAST","30","DIXIE","029","","","00000000","","PEANUTS","PEANUTS - PRODUCTION, MEASURED IN LB","TOTAL","NOT SPECIFIED","136,000",""
"SURVEY","1979","YEAR","","COUNTY","FLORIDA","12","NORTHEAST","30","DIXIE","029","","","00000000","","PEANUTS","PEANUTS - YIELD, MEASURED IN LB / ACRE","TOTAL","NOT SPECIFIED","3,400",""
"SURVEY","1979","YEAR","","COUNTY","FLORIDA","12","NORTHEAST","30","HAMILTON","047","","","00000000","","PEANUTS","PEANUTS - ACRES HARVESTED","TOTAL","NOT SPECIFIED","110",""
"SURVEY","1979","YEAR","","COUNTY","FLORIDA","12","NORTHEAST","30","HAMILTON","047","","","00000000","","PEANUTS","PEANUTS - PRODUCTION, MEASURED IN LB","TOTAL","NOT SPECIFIED","325,000",""
"SURVEY","1979","YEAR","","COUNTY","FLORIDA","12","NORTHEAST","30","HAMILTON","047","","","00000000","","PEANUTS","PEANUTS - YIELD, MEASURED IN LB / ACRE","TOTAL","NOT SPECIFIED","2,955",""
"SURVEY","1979","YEAR","","COUNTY","FLORIDA","12","NORTHEAST","30","LAFAYETTE","067","","","00000000","","PEANUTS","PEANUTS - ACRES HARVESTED","TOTAL","NOT SPECIFIED","195",""
"SURVEY","1979","YEAR","","COUNTY","FLORIDA","12","NORTHEAST","30","LAFAYETTE","067","","","00000000","","PEANUTS","PEANUTS - PRODUCTION, MEASURED IN LB","TOTAL","NOT SPECIFIED","669,000",""
"SURVEY","1979","YEAR","","COUNTY","FLORIDA","12","NORTHEAST","30","LAFAYETTE","067","","","00000000","","PEANUTS","PEANUTS - YIELD, MEASURED IN LB / ACRE","TOTAL","NOT SPECIFIED","3,430",""
"SURVEY","1979","YEAR","","COUNTY","FLORIDA","12","NORTHEAST","30","MADISON","079","","","00000000","","PEANUTS","PEANUTS - ACRES HARVESTED","TOTAL","NOT SPECIFIED","240",""
"SURVEY","1979","YEAR","","COUNTY","FLORIDA","12","NORTHEAST","30","MADISON","079","","","00000000","","PEANUTS","PEANUTS - PRODUCTION, MEASURED IN LB","TOTAL","NOT SPECIFIED","778,000",""
"SURVEY","1979","YEAR","","COUNTY","FLORIDA","12","NORTHEAST","30","MADISON","079","","","00000000","","PEANUTS","PEANUTS - YIELD, MEASURED IN LB / ACRE","TOTAL","NOT SPECIFIED","3,240",""
"SURVEY","1979","YEAR","","COUNTY","FLORIDA","12","NORTHEAST","30","SUWANNEE","121","","","00000000","","PEANUTS","PEANUTS - ACRES HARVESTED","TOTAL","NOT SPECIFIED","1,430",""
"SURVEY","1979","YEAR","","COUNTY","FLORIDA","12","NORTHEAST","30","SUWANNEE","121","","","00000000","","PEANUTS","PEANUTS - PRODUCTION, MEASURED IN LB","TOTAL","NOT SPECIFIED","4,991,000",""
"SURVEY","1979","YEAR","","COUNTY","FLORIDA","12","NORTHEAST","30","SUWANNEE","121","","","00000000","","PEANUTS","PEANUTS - YIELD, MEASURED IN LB / ACRE","TOTAL","NOT SPECIFIED","3,490",""
"SURVEY","1979","YEAR","","COUNTY","FLORIDA","12","NORTHWEST","10","CALHOUN","013","","","00000000","","PEANUTS","PEANUTS - ACRES HARVESTED","TOTAL","NOT SPECIFIED","2,230",""
"SURVEY","1979","YEAR","","COUNTY","FLORIDA","12","NORTHWEST","10","CALHOUN","013","","","00000000","","PEANUTS","PEANUTS - PRODUCTION, MEASURED IN LB","TOTAL","NOT SPECIFIED","7,916,000",""
"SURVEY","1979","YEAR","","COUNTY","FLORIDA","12","NORTHWEST","10","CALHOUN","013","","","00000000","","PEANUTS","PEANUTS - YIELD, MEASURED IN LB / ACRE","TOTAL","NOT SPECIFIED","3,550",""
"SURVEY","1979","YEAR","","COUNTY","FLORIDA","12","NORTHWEST","10","ESCAMBIA","033","","","00000000","","PEANUTS","PEANUTS - ACRES HARVESTED","TOTAL","NOT SPECIFIED","45",""
"SURVEY","1979","YEAR","","COUNTY","FLORIDA","12","NORTHWEST","10","ESCAMBIA","033","","","00000000","","PEANUTS","PEANUTS - PRODUCTION, MEASURED IN LB","TOTAL","NOT SPECIFIED","143,000",""
"SURVEY","1979","YEAR","","COUNTY","FLORIDA","12","NORTHWEST","10","ESCAMBIA","033","","","00000000","","PEANUTS","PEANUTS - YIELD, MEASURED IN LB / ACRE","TOTAL","NOT SPECIFIED","3,180",""
"SURVEY","1979","YEAR","","COUNTY","FLORIDA","12","NORTHWEST","10","GADSDEN","039","","","00000000","","PEANUTS","PEANUTS - ACRES HARVESTED","TOTAL","NOT SPECIFIED","900",""
"SURVEY","1979","YEAR","","COUNTY","FLORIDA","12","NORTHWEST","10","GADSDEN","039","","","00000000","","PEANUTS","PEANUTS - PRODUCTION, MEASURED IN LB","TOTAL","NOT SPECIFIED","2,880,000",""
"SURVEY","1979","YEAR","","COUNTY","FLORIDA","12","NORTHWEST","10","GADSDEN","039","","","00000000","","PEANUTS","PEANUTS - YIELD, MEASURED IN LB / ACRE","TOTAL","NOT SPECIFIED","3,200",""
"SURVEY","1979","YEAR","","COUNTY","FLORIDA","12","NORTHWEST","10","HOLMES","059","","","00000000","","PEANUTS","PEANUTS - ACRES HARVESTED","TOTAL","NOT SPECIFIED","3,690",""
"SURVEY","1979","YEAR","","COUNTY","FLORIDA","12","NORTHWEST","10","HOLMES","059","","","00000000","","PEANUTS","PEANUTS - PRODUCTION, MEASURED IN LB","TOTAL","NOT SPECIFIED","10,812,000",""
"SURVEY","1979","YEAR","","COUNTY","FLORIDA","12","NORTHWEST","10","HOLMES","059","","","00000000","","PEANUTS","PEANUTS - YIELD, MEASURED IN LB / ACRE","TOTAL","NOT SPECIFIED","2,930",""
"SURVEY","1979","YEAR","","COUNTY","FLORIDA","12","NORTHWEST","10","JACKSON","063","","","00000000","","PEANUTS","PEANUTS - ACRES HARVESTED","TOTAL","NOT SPECIFIED","27,110",""
"SURVEY","1979","YEAR","","COUNTY","FLORIDA","12","NORTHWEST","10","JACKSON","063","","","00000000","","PEANUTS","PEANUTS - PRODUCTION, MEASURED IN LB","TOTAL","NOT SPECIFIED","86,210,000",""
"SURVEY","1979","YEAR","","COUNTY","FLORIDA","12","NORTHWEST","10","JACKSON","063","","","00000000","","PEANUTS","PEANUTS - YIELD, MEASURED IN LB / ACRE","TOTAL","NOT SPECIFIED","3,180",""
"SURVEY","1979","YEAR","","COUNTY","FLORIDA","12","NORTHWEST","10","JEFFERSON","065","","","00000000","","PEANUTS","PEANUTS - ACRES HARVESTED","TOTAL","NOT SPECIFIED","1,120",""
"SURVEY","1979","YEAR","","COUNTY","FLORIDA","12","NORTHWEST","10","JEFFERSON","065","","","00000000","","PEANUTS","PEANUTS - PRODUCTION, MEASURED IN LB","TOTAL","NOT SPECIFIED","3,606,000",""
"SURVEY","1979","YEAR","","COUNTY","FLORIDA","12","NORTHWEST","10","JEFFERSON","065","","","00000000","","PEANUTS","PEANUTS - YIELD, MEASURED IN LB / ACRE","TOTAL","NOT SPECIFIED","3,220",""
"SURVEY","1979","YEAR","","COUNTY","FLORIDA","12","NORTHWEST","10","LEON","073","","","00000000","","PEANUTS","PEANUTS - ACRES HARVESTED","TOTAL","NOT SPECIFIED","270",""
"SURVEY","1979","YEAR","","COUNTY","FLORIDA","12","NORTHWEST","10","LEON","073","","","00000000","","PEANUTS","PEANUTS - PRODUCTION, MEASURED IN LB","TOTAL","NOT SPECIFIED","570,000",""
"SURVEY","1979","YEAR","","COUNTY","FLORIDA","12","NORTHWEST","10","LEON","073","","","00000000","","PEANUTS","PEANUTS - YIELD, MEASURED IN LB / ACRE","TOTAL","NOT SPECIFIED","2,110",""
"SURVEY","1979","YEAR","","COUNTY","FLORIDA","12","NORTHWEST","10","OKALOOSA","091","","","00000000","","PEANUTS","PEANUTS - ACRES HARVESTED","TOTAL","NOT SPECIFIED","600",""
"SURVEY","1979","YEAR","","COUNTY","FLORIDA","12","NORTHWEST","10","OKALOOSA","091","","","00000000","","PEANUTS","PEANUTS - PRODUCTION, MEASURED IN LB","TOTAL","NOT SPECIFIED","1,650,000",""
"SURVEY","1979","YEAR","","COUNTY","FLORIDA","12","NORTHWEST","10","OKALOOSA","091","","","00000000","","PEANUTS","PEANUTS - YIELD, MEASURED IN LB / ACRE","TOTAL","NOT SPECIFIED","2,750",""
"SURVEY","1979","YEAR","","COUNTY","FLORIDA","12","NORTHWEST","10","SANTA ROSA","113","","","00000000","","PEANUTS","PEANUTS - ACRES HARVESTED","TOTAL","NOT SPECIFIED","5,810",""
"SURVEY","1979","YEAR","","COUNTY","FLORIDA","12","NORTHWEST","10","SANTA ROSA","113","","","00000000","","PEANUTS","PEANUTS - PRODUCTION, MEASURED IN LB","TOTAL","NOT SPECIFIED","21,497,000",""
"SURVEY","1979","YEAR","","COUNTY","FLORIDA","12","NORTHWEST","10","SANTA ROSA","113","","","00000000","","PEANUTS","PEANUTS - YIELD, MEASURED IN LB / ACRE","TOTAL","NOT SPECIFIED","3,700",""
"SURVEY","1979","YEAR","","COUNTY","FLORIDA","12","NORTHWEST","10","WAKULLA","129","","","00000000","","PEANUTS","PEANUTS - ACRES HARVESTED","TOTAL","NOT SPECIFIED","470",""
"SURVEY","1979","YEAR","","COUNTY","FLORIDA","12","NORTHWEST","10","WAKULLA","129","","","00000000","","PEANUTS","PEANUTS - PRODUCTION, MEASURED IN LB","TOTAL","NOT SPECIFIED","1,184,000",""
"SURVEY","1979","YEAR","","COUNTY","FLORIDA","12","NORTHWEST","10","WAKULLA","129","","","00000000","","PEANUTS","PEANUTS - YIELD, MEASURED IN LB / ACRE","TOTAL","NOT SPECIFIED","2,520",""
"SURVEY","1979","YEAR","","COUNTY","FLORIDA","12","NORTHWEST","10","WALTON","131","","","00000000","","PEANUTS","PEANUTS - ACRES HARVESTED","TOTAL","NOT SPECIFIED","1,560",""
"SURVEY","1979","YEAR","","COUNTY","FLORIDA","12","NORTHWEST","10","WALTON","131","","","00000000","","PEANUTS","PEANUTS - PRODUCTION, MEASURED IN LB","TOTAL","NOT SPECIFIED","4,649,000",""
"SURVEY","1979","YEAR","","COUNTY","FLORIDA","12","NORTHWEST","10","WALTON","131","","","00000000","","PEANUTS","PEANUTS - YIELD, MEASURED IN LB / ACRE","TOTAL","NOT SPECIFIED","2,980",""
"SURVEY","1979","YEAR","","COUNTY","FLORIDA","12","NORTHWEST","10","WASHINGTON","133","","","00000000","","PEANUTS","PEANUTS - ACRES HARVESTED","TOTAL","NOT SPECIFIED","965",""
"SURVEY","1979","YEAR","","COUNTY","FLORIDA","12","NORTHWEST","10","WASHINGTON","133","","","00000000","","PEANUTS","PEANUTS - PRODUCTION, MEASURED IN LB","TOTAL","NOT SPECIFIED","3,185,000",""
"SURVEY","1979","YEAR","","COUNTY","FLORIDA","12","NORTHWEST","10","WASHINGTON","133","","","00000000","","PEANUTS","PEANUTS - YIELD, MEASURED IN LB / ACRE","TOTAL","NOT SPECIFIED","3,300",""
"SURVEY","1978","YEAR","","COUNTY","FLORIDA","12","CENTRAL","50","ALACHUA","001","","","00000000","","PEANUTS","PEANUTS - ACRES HARVESTED","TOTAL","NOT SPECIFIED","1,710",""
"SURVEY","1978","YEAR","","COUNTY","FLORIDA","12","CENTRAL","50","ALACHUA","001","","","00000000","","PEANUTS","PEANUTS - PRODUCTION, MEASURED IN LB","TOTAL","NOT SPECIFIED","6,182,000",""
"SURVEY","1978","YEAR","","COUNTY","FLORIDA","12","CENTRAL","50","ALACHUA","001","","","00000000","","PEANUTS","PEANUTS - YIELD, MEASURED IN LB / ACRE","TOTAL","NOT SPECIFIED","3,615",""
"SURVEY","1978","YEAR","","COUNTY","FLORIDA","12","CENTRAL","50","GILCHRIST","041","","","00000000","","PEANUTS","PEANUTS - ACRES HARVESTED","TOTAL","NOT SPECIFIED","390",""
"SURVEY","1978","YEAR","","COUNTY","FLORIDA","12","CENTRAL","50","GILCHRIST","041","","","00000000","","PEANUTS","PEANUTS - PRODUCTION, MEASURED IN LB","TOTAL","NOT SPECIFIED","1,246,000",""
"SURVEY","1978","YEAR","","COUNTY","FLORIDA","12","CENTRAL","50","GILCHRIST","041","","","00000000","","PEANUTS","PEANUTS - YIELD, MEASURED IN LB / ACRE","TOTAL","NOT SPECIFIED","3,195",""
"SURVEY","1978","YEAR","","COUNTY","FLORIDA","12","CENTRAL","50","LEVY","075","","","00000000","","PEANUTS","PEANUTS - ACRES HARVESTED","TOTAL","NOT SPECIFIED","2,930",""
"SURVEY","1978","YEAR","","COUNTY","FLORIDA","12","CENTRAL","50","LEVY","075","","","00000000","","PEANUTS","PEANUTS - PRODUCTION, MEASURED IN LB","TOTAL","NOT SPECIFIED","11,281,000",""
"SURVEY","1978","YEAR","","COUNTY","FLORIDA","12","CENTRAL","50","LEVY","075","","","00000000","","PEANUTS","PEANUTS - YIELD, MEASURED IN LB / ACRE","TOTAL","NOT SPECIFIED","3,850",""
"SURVEY","1978","YEAR","","COUNTY","FLORIDA","12","CENTRAL","50","MARION","083","","","00000000","","PEANUTS","PEANUTS - ACRES HARVESTED","TOTAL","NOT SPECIFIED","2,290",""
"SURVEY","1978","YEAR","","COUNTY","FLORIDA","12","CENTRAL","50","MARION","083","","","00000000","","PEANUTS","PEANUTS - PRODUCTION, MEASURED IN LB","TOTAL","NOT SPECIFIED","8,851,000",""
"SURVEY","1978","YEAR","","COUNTY","FLORIDA","12","CENTRAL","50","MARION","083","","","00000000","","PEANUTS","PEANUTS - YIELD, MEASURED IN LB / ACRE","TOTAL","NOT SPECIFIED","3,865",""
"SURVEY","1978","YEAR","","COUNTY","FLORIDA","12","NORTHEAST","30","COLUMBIA","023","","","00000000","","PEANUTS","PEANUTS - ACRES HARVESTED","TOTAL","NOT SPECIFIED","735",""
"SURVEY","1978","YEAR","","COUNTY","FLORIDA","12","NORTHEAST","30","COLUMBIA","023","","","00000000","","PEANUTS","PEANUTS - PRODUCTION, MEASURED IN LB","TOTAL","NOT SPECIFIED","2,440,000",""
"SURVEY","1978","YEAR","","COUNTY","FLORIDA","12","NORTHEAST","30","COLUMBIA","023","","","00000000","","PEANUTS","PEANUTS - YIELD, MEASURED IN LB / ACRE","TOTAL","NOT SPECIFIED","3,320",""
"SURVEY","1978","YEAR","","COUNTY","FLORIDA","12","NORTHEAST","30","DIXIE","029","","","00000000","","PEANUTS","PEANUTS - ACRES HARVESTED","TOTAL","NOT SPECIFIED","45",""
"SURVEY","1978","YEAR","","COUNTY","FLORIDA","12","NORTHEAST","30","DIXIE","029","","","00000000","","PEANUTS","PEANUTS - PRODUCTION, MEASURED IN LB","TOTAL","NOT SPECIFIED","114,000",""
"SURVEY","1978","YEAR","","COUNTY","FLORIDA","12","NORTHEAST","30","DIXIE","029","","","00000000","","PEANUTS","PEANUTS - YIELD, MEASURED IN LB / ACRE","TOTAL","NOT SPECIFIED","2,535",""
"SURVEY","1978","YEAR","","COUNTY","FLORIDA","12","NORTHEAST","30","HAMILTON","047","","","00000000","","PEANUTS","PEANUTS - ACRES HARVESTED","TOTAL","NOT SPECIFIED","105",""
"SURVEY","1978","YEAR","","COUNTY","FLORIDA","12","NORTHEAST","30","HAMILTON","047","","","00000000","","PEANUTS","PEANUTS - PRODUCTION, MEASURED IN LB","TOTAL","NOT SPECIFIED","364,000",""
"SURVEY","1978","YEAR","","COUNTY","FLORIDA","12","NORTHEAST","30","HAMILTON","047","","","00000000","","PEANUTS","PEANUTS - YIELD, MEASURED IN LB / ACRE","TOTAL","NOT SPECIFIED","3,465",""
"SURVEY","1978","YEAR","","COUNTY","FLORIDA","12","NORTHEAST","30","LAFAYETTE","067","","","00000000","","PEANUTS","PEANUTS - ACRES HARVESTED","TOTAL","NOT SPECIFIED","185",""
"SURVEY","1978","YEAR","","COUNTY","FLORIDA","12","NORTHEAST","30","LAFAYETTE","067","","","00000000","","PEANUTS","PEANUTS - PRODUCTION, MEASURED IN LB","TOTAL","NOT SPECIFIED","641,000",""
"SURVEY","1978","YEAR","","COUNTY","FLORIDA","12","NORTHEAST","30","LAFAYETTE","067","","","00000000","","PEANUTS","PEANUTS - YIELD, MEASURED IN LB / ACRE","TOTAL","NOT SPECIFIED","3,465",""
"SURVEY","1978","YEAR","","COUNTY","FLORIDA","12","NORTHEAST","30","MADISON","079","","","00000000","","PEANUTS","PEANUTS - ACRES HARVESTED","TOTAL","NOT SPECIFIED","230",""
"SURVEY","1978","YEAR","","COUNTY","FLORIDA","12","NORTHEAST","30","MADISON","079","","","00000000","","PEANUTS","PEANUTS - PRODUCTION, MEASURED IN LB","TOTAL","NOT SPECIFIED","830,000",""
"SURVEY","1978","YEAR","","COUNTY","FLORIDA","12","NORTHEAST","30","MADISON","079","","","00000000","","PEANUTS","PEANUTS - YIELD, MEASURED IN LB / ACRE","TOTAL","NOT SPECIFIED","3,610",""
"SURVEY","1978","YEAR","","COUNTY","FLORIDA","12","NORTHEAST","30","SUWANNEE","121","","","00000000","","PEANUTS","PEANUTS - ACRES HARVESTED","TOTAL","NOT SPECIFIED","1,380",""
"SURVEY","1978","YEAR","","COUNTY","FLORIDA","12","NORTHEAST","30","SUWANNEE","121","","","00000000","","PEANUTS","PEANUTS - PRODUCTION, MEASURED IN LB","TOTAL","NOT SPECIFIED","4,526,000",""
"SURVEY","1978","YEAR","","COUNTY","FLORIDA","12","NORTHEAST","30","SUWANNEE","121","","","00000000","","PEANUTS","PEANUTS - YIELD, MEASURED IN LB / ACRE","TOTAL","NOT SPECIFIED","3,280",""
"SURVEY","1978","YEAR","","COUNTY","FLORIDA","12","NORTHWEST","10","CALHOUN","013","","","00000000","","PEANUTS","PEANUTS - ACRES HARVESTED","TOTAL","NOT SPECIFIED","2,230",""
"SURVEY","1978","YEAR","","COUNTY","FLORIDA","12","NORTHWEST","10","CALHOUN","013","","","00000000","","PEANUTS","PEANUTS - PRODUCTION, MEASURED IN LB","TOTAL","NOT SPECIFIED","8,675,000",""
"SURVEY","1978","YEAR","","COUNTY","FLORIDA","12","NORTHWEST","10","CALHOUN","013","","","00000000","","PEANUTS","PEANUTS - YIELD, MEASURED IN LB / ACRE","TOTAL","NOT SPECIFIED","3,890",""
"SURVEY","1978","YEAR","","COUNTY","FLORIDA","12","NORTHWEST","10","ESCAMBIA","033","","","00000000","","PEANUTS","PEANUTS - ACRES HARVESTED","TOTAL","NOT SPECIFIED","45",""
"SURVEY","1978","YEAR","","COUNTY","FLORIDA","12","NORTHWEST","10","ESCAMBIA","033","","","00000000","","PEANUTS","PEANUTS - PRODUCTION, MEASURED IN LB","TOTAL","NOT SPECIFIED","144,000",""
"SURVEY","1978","YEAR","","COUNTY","FLORIDA","12","NORTHWEST","10","ESCAMBIA","033","","","00000000","","PEANUTS","PEANUTS - YIELD, MEASURED IN LB / ACRE","TOTAL","NOT SPECIFIED","3,200",""
"SURVEY","1978","YEAR","","COUNTY","FLORIDA","12","NORTHWEST","10","GADSDEN","039","","","00000000","","PEANUTS","PEANUTS - ACRES HARVESTED","TOTAL","NOT SPECIFIED","890",""
"SURVEY","1978","YEAR","","COUNTY","FLORIDA","12","NORTHWEST","10","GADSDEN","039","","","00000000","","PEANUTS","PEANUTS - PRODUCTION, MEASURED IN LB","TOTAL","NOT SPECIFIED","2,982,000",""
"SURVEY","1978","YEAR","","COUNTY","FLORIDA","12","NORTHWEST","10","GADSDEN","039","","","00000000","","PEANUTS","PEANUTS - YIELD, MEASURED IN LB / ACRE","TOTAL","NOT SPECIFIED","3,350",""
"SURVEY","1978","YEAR","","COUNTY","FLORIDA","12","NORTHWEST","10","HOLMES","059","","","00000000","","PEANUTS","PEANUTS - ACRES HARVESTED","TOTAL","NOT SPECIFIED","3,590",""
"SURVEY","1978","YEAR","","COUNTY","FLORIDA","12","NORTHWEST","10","HOLMES","059","","","00000000","","PEANUTS","PEANUTS - PRODUCTION, MEASURED IN LB","TOTAL","NOT SPECIFIED","10,698,000",""
"SURVEY","1978","YEAR","","COUNTY","FLORIDA","12","NORTHWEST","10","HOLMES","059","","","00000000","","PEANUTS","PEANUTS - YIELD, MEASURED IN LB / ACRE","TOTAL","NOT SPECIFIED","2,980",""
"SURVEY","1978","YEAR","","COUNTY","FLORIDA","12","NORTHWEST","10","JACKSON","063","","","00000000","","PEANUTS","PEANUTS - ACRES HARVESTED","TOTAL","NOT SPECIFIED","27,600",""
"SURVEY","1978","YEAR","","COUNTY","FLORIDA","12","NORTHWEST","10","JACKSON","063","","","00000000","","PEANUTS","PEANUTS - PRODUCTION, MEASURED IN LB","TOTAL","NOT SPECIFIED","88,044,000",""
"SURVEY","1978","YEAR","","COUNTY","FLORIDA","12","NORTHWEST","10","JACKSON","063","","","00000000","","PEANUTS","PEANUTS - YIELD, MEASURED IN LB / ACRE","TOTAL","NOT SPECIFIED","3,190",""
"SURVEY","1978","YEAR","","COUNTY","FLORIDA","12","NORTHWEST","10","JEFFERSON","065","","","00000000","","PEANUTS","PEANUTS - ACRES HARVESTED","TOTAL","NOT SPECIFIED","1,110",""
"SURVEY","1978","YEAR","","COUNTY","FLORIDA","12","NORTHWEST","10","JEFFERSON","065","","","00000000","","PEANUTS","PEANUTS - PRODUCTION, MEASURED IN LB","TOTAL","NOT SPECIFIED","3,574,000",""
"SURVEY","1978","YEAR","","COUNTY","FLORIDA","12","NORTHWEST","10","JEFFERSON","065","","","00000000","","PEANUTS","PEANUTS - YIELD, MEASURED IN LB / ACRE","TOTAL","NOT SPECIFIED","3,220",""
"SURVEY","1978","YEAR","","COUNTY","FLORIDA","12","NORTHWEST","10","LEON","073","","","00000000","","PEANUTS","PEANUTS - ACRES HARVESTED","TOTAL","NOT SPECIFIED","265",""
"SURVEY","1978","YEAR","","COUNTY","FLORIDA","12","NORTHWEST","10","LEON","073","","","00000000","","PEANUTS","PEANUTS - PRODUCTION, MEASURED IN LB","TOTAL","NOT SPECIFIED","771,000",""
"SURVEY","1978","YEAR","","COUNTY","FLORIDA","12","NORTHWEST","10","LEON","073","","","00000000","","PEANUTS","PEANUTS - YIELD, MEASURED IN LB / ACRE","TOTAL","NOT SPECIFIED","2,910",""
"SURVEY","1978","YEAR","","COUNTY","FLORIDA","12","NORTHWEST","10","OKALOOSA","091","","","00000000","","PEANUTS","PEANUTS - ACRES HARVESTED","TOTAL","NOT SPECIFIED","615",""
"SURVEY","1978","YEAR","","COUNTY","FLORIDA","12","NORTHWEST","10","OKALOOSA","091","","","00000000","","PEANUTS","PEANUTS - PRODUCTION, MEASURED IN LB","TOTAL","NOT SPECIFIED","1,688,000",""
"SURVEY","1978","YEAR","","COUNTY","FLORIDA","12","NORTHWEST","10","OKALOOSA","091","","","00000000","","PEANUTS","PEANUTS - YIELD, MEASURED IN LB / ACRE","TOTAL","NOT SPECIFIED","2,745",""
"SURVEY","1978","YEAR","","COUNTY","FLORIDA","12","NORTHWEST","10","SANTA ROSA","113","","","00000000","","PEANUTS","PEANUTS - ACRES HARVESTED","TOTAL","NOT SPECIFIED","5,720",""
"SURVEY","1978","YEAR","","COUNTY","FLORIDA","12","NORTHWEST","10","SANTA ROSA","113","","","00000000","","PEANUTS","PEANUTS - PRODUCTION, MEASURED IN LB","TOTAL","NOT SPECIFIED","20,192,000",""
"SURVEY","1978","YEAR","","COUNTY","FLORIDA","12","NORTHWEST","10","SANTA ROSA","113","","","00000000","","PEANUTS","PEANUTS - YIELD, MEASURED IN LB / ACRE","TOTAL","NOT SPECIFIED","3,530",""
"SURVEY","1978","YEAR","","COUNTY","FLORIDA","12","NORTHWEST","10","WAKULLA","129","","","00000000","","PEANUTS","PEANUTS - ACRES HARVESTED","TOTAL","NOT SPECIFIED","460",""
"SURVEY","1978","YEAR","","COUNTY","FLORIDA","12","NORTHWEST","10","WAKULLA","129","","","00000000","","PEANUTS","PEANUTS - PRODUCTION, MEASURED IN LB","TOTAL","NOT SPECIFIED","1,251,000",""
"SURVEY","1978","YEAR","","COUNTY","FLORIDA","12","NORTHWEST","10","WAKULLA","129","","","00000000","","PEANUTS","PEANUTS - YIELD, MEASURED IN LB / ACRE","TOTAL","NOT SPECIFIED","2,720",""
"SURVEY","1978","YEAR","","COUNTY","FLORIDA","12","NORTHWEST","10","WALTON","131","","","00000000","","PEANUTS","PEANUTS - ACRES HARVESTED","TOTAL","NOT SPECIFIED","1,530",""
"SURVEY","1978","YEAR","","COUNTY","FLORIDA","12","NORTHWEST","10","WALTON","131","","","00000000","","PEANUTS","PEANUTS - PRODUCTION, MEASURED IN LB","TOTAL","NOT SPECIFIED","4,437,000",""
"SURVEY","1978","YEAR","","COUNTY","FLORIDA","12","NORTHWEST","10","WALTON","131","","","00000000","","PEANUTS","PEANUTS - YIELD, MEASURED IN LB / ACRE","TOTAL","NOT SPECIFIED","2,900",""
"SURVEY","1978","YEAR","","COUNTY","FLORIDA","12","NORTHWEST","10","WASHINGTON","133","","","00000000","","PEANUTS","PEANUTS - ACRES HARVESTED","TOTAL","NOT SPECIFIED","945",""
"SURVEY","1978","YEAR","","COUNTY","FLORIDA","12","NORTHWEST","10","WASHINGTON","133","","","00000000","","PEANUTS","PEANUTS - PRODUCTION, MEASURED IN LB","TOTAL","NOT SPECIFIED","3,119,000",""
"SURVEY","1978","YEAR","","COUNTY","FLORIDA","12","NORTHWEST","10","WASHINGTON","133","","","00000000","","PEANUTS","PEANUTS - YIELD, MEASURED IN LB / ACRE","TOTAL","NOT SPECIFIED","3,300",""
"SURVEY","1977","YEAR","","COUNTY","FLORIDA","12","CENTRAL","50","ALACHUA","001","","","00000000","","PEANUTS","PEANUTS - ACRES HARVESTED","TOTAL","NOT SPECIFIED","1,720",""
"SURVEY","1977","YEAR","","COUNTY","FLORIDA","12","CENTRAL","50","ALACHUA","001","","","00000000","","PEANUTS","PEANUTS - PRODUCTION, MEASURED IN LB","TOTAL","NOT SPECIFIED","5,659,000",""
"SURVEY","1977","YEAR","","COUNTY","FLORIDA","12","CENTRAL","50","ALACHUA","001","","","00000000","","PEANUTS","PEANUTS - YIELD, MEASURED IN LB / ACRE","TOTAL","NOT SPECIFIED","3,290",""
"SURVEY","1977","YEAR","","COUNTY","FLORIDA","12","CENTRAL","50","GILCHRIST","041","","","00000000","","PEANUTS","PEANUTS - ACRES HARVESTED","TOTAL","NOT SPECIFIED","420",""
"SURVEY","1977","YEAR","","COUNTY","FLORIDA","12","CENTRAL","50","GILCHRIST","041","","","00000000","","PEANUTS","PEANUTS - PRODUCTION, MEASURED IN LB","TOTAL","NOT SPECIFIED","1,197,000",""
"SURVEY","1977","YEAR","","COUNTY","FLORIDA","12","CENTRAL","50","GILCHRIST","041","","","00000000","","PEANUTS","PEANUTS - YIELD, MEASURED IN LB / ACRE","TOTAL","NOT SPECIFIED","2,850",""
"SURVEY","1977","YEAR","","COUNTY","FLORIDA","12","CENTRAL","50","LEVY","075","","","00000000","","PEANUTS","PEANUTS - ACRES HARVESTED","TOTAL","NOT SPECIFIED","2,950",""
"SURVEY","1977","YEAR","","COUNTY","FLORIDA","12","CENTRAL","50","LEVY","075","","","00000000","","PEANUTS","PEANUTS - PRODUCTION, MEASURED IN LB","TOTAL","NOT SPECIFIED","12,036,000",""
"SURVEY","1977","YEAR","","COUNTY","FLORIDA","12","CENTRAL","50","LEVY","075","","","00000000","","PEANUTS","PEANUTS - YIELD, MEASURED IN LB / ACRE","TOTAL","NOT SPECIFIED","4,080",""
"SURVEY","1977","YEAR","","COUNTY","FLORIDA","12","CENTRAL","50","MARION","083","","","00000000","","PEANUTS","PEANUTS - ACRES HARVESTED","TOTAL","NOT SPECIFIED","2,340",""
"SURVEY","1977","YEAR","","COUNTY","FLORIDA","12","CENTRAL","50","MARION","083","","","00000000","","PEANUTS","PEANUTS - PRODUCTION, MEASURED IN LB","TOTAL","NOT SPECIFIED","8,260,000",""
"SURVEY","1977","YEAR","","COUNTY","FLORIDA","12","CENTRAL","50","MARION","083","","","00000000","","PEANUTS","PEANUTS - YIELD, MEASURED IN LB / ACRE","TOTAL","NOT SPECIFIED","3,530",""
"SURVEY","1977","YEAR","","COUNTY","FLORIDA","12","NORTHEAST","30","COLUMBIA","023","","","00000000","","PEANUTS","PEANUTS - ACRES HARVESTED","TOTAL","NOT SPECIFIED","740",""
"SURVEY","1977","YEAR","","COUNTY","FLORIDA","12","NORTHEAST","30","COLUMBIA","023","","","00000000","","PEANUTS","PEANUTS - PRODUCTION, MEASURED IN LB","TOTAL","NOT SPECIFIED","2,198,000",""
"SURVEY","1977","YEAR","","COUNTY","FLORIDA","12","NORTHEAST","30","COLUMBIA","023","","","00000000","","PEANUTS","PEANUTS - YIELD, MEASURED IN LB / ACRE","TOTAL","NOT SPECIFIED","2,970",""
"SURVEY","1977","YEAR","","COUNTY","FLORIDA","12","NORTHEAST","30","DIXIE","029","","","00000000","","PEANUTS","PEANUTS - ACRES HARVESTED","TOTAL","NOT SPECIFIED","45",""
"SURVEY","1977","YEAR","","COUNTY","FLORIDA","12","NORTHEAST","30","DIXIE","029","","","00000000","","PEANUTS","PEANUTS - PRODUCTION, MEASURED IN LB","TOTAL","NOT SPECIFIED","163,000",""
"SURVEY","1977","YEAR","","COUNTY","FLORIDA","12","NORTHEAST","30","DIXIE","029","","","00000000","","PEANUTS","PEANUTS - YIELD, MEASURED IN LB / ACRE","TOTAL","NOT SPECIFIED","3,620",""
"SURVEY","1977","YEAR","","COUNTY","FLORIDA","12","NORTHEAST","30","HAMILTON","047","","","00000000","","PEANUTS","PEANUTS - ACRES HARVESTED","TOTAL","NOT SPECIFIED","130",""
"SURVEY","1977","YEAR","","COUNTY","FLORIDA","12","NORTHEAST","30","HAMILTON","047","","","00000000","","PEANUTS","PEANUTS - PRODUCTION, MEASURED IN LB","TOTAL","NOT SPECIFIED","348,000",""
"SURVEY","1977","YEAR","","COUNTY","FLORIDA","12","NORTHEAST","30","HAMILTON","047","","","00000000","","PEANUTS","PEANUTS - YIELD, MEASURED IN LB / ACRE","TOTAL","NOT SPECIFIED","2,680",""
"SURVEY","1977","YEAR","","COUNTY","FLORIDA","12","NORTHEAST","30","LAFAYETTE","067","","","00000000","","PEANUTS","PEANUTS - ACRES HARVESTED","TOTAL","NOT SPECIFIED","195",""
"SURVEY","1977","YEAR","","COUNTY","FLORIDA","12","NORTHEAST","30","LAFAYETTE","067","","","00000000","","PEANUTS","PEANUTS - PRODUCTION, MEASURED IN LB","TOTAL","NOT SPECIFIED","601,000",""
"SURVEY","1977","YEAR","","COUNTY","FLORIDA","12","NORTHEAST","30","LAFAYETTE","067","","","00000000","","PEANUTS","PEANUTS - YIELD, MEASURED IN LB / ACRE","TOTAL","NOT SPECIFIED","3,080",""
"SURVEY","1977","YEAR","","COUNTY","FLORIDA","12","NORTHEAST","30","MADISON","079","","","00000000","","PEANUTS","PEANUTS - ACRES HARVESTED","TOTAL","NOT SPECIFIED","250",""
"SURVEY","1977","YEAR","","COUNTY","FLORIDA","12","NORTHEAST","30","MADISON","079","","","00000000","","PEANUTS","PEANUTS - PRODUCTION, MEASURED IN LB","TOTAL","NOT SPECIFIED","735,000",""
"SURVEY","1977","YEAR","","COUNTY","FLORIDA","12","NORTHEAST","30","MADISON","079","","","00000000","","PEANUTS","PEANUTS - YIELD, MEASURED IN LB / ACRE","TOTAL","NOT SPECIFIED","2,940",""
"SURVEY","1977","YEAR","","COUNTY","FLORIDA","12","NORTHEAST","30","SUWANNEE","121","","","00000000","","PEANUTS","PEANUTS - ACRES HARVESTED","TOTAL","NOT SPECIFIED","1,420",""
"SURVEY","1977","YEAR","","COUNTY","FLORIDA","12","NORTHEAST","30","SUWANNEE","121","","","00000000","","PEANUTS","PEANUTS - PRODUCTION, MEASURED IN LB","TOTAL","NOT SPECIFIED","4,785,000",""
"SURVEY","1977","YEAR","","COUNTY","FLORIDA","12","NORTHEAST","30","SUWANNEE","121","","","00000000","","PEANUTS","PEANUTS - YIELD, MEASURED IN LB / ACRE","TOTAL","NOT SPECIFIED","3,370",""
"SURVEY","1977","YEAR","","COUNTY","FLORIDA","12","NORTHWEST","10","CALHOUN","013","","","00000000","","PEANUTS","PEANUTS - ACRES HARVESTED","TOTAL","NOT SPECIFIED","2,230",""
"SURVEY","1977","YEAR","","COUNTY","FLORIDA","12","NORTHWEST","10","CALHOUN","013","","","00000000","","PEANUTS","PEANUTS - PRODUCTION, MEASURED IN LB","TOTAL","NOT SPECIFIED","7,738,000",""
"SURVEY","1977","YEAR","","COUNTY","FLORIDA","12","NORTHWEST","10","CALHOUN","013","","","00000000","","PEANUTS","PEANUTS - YIELD, MEASURED IN LB / ACRE","TOTAL","NOT SPECIFIED","3,470",""
"SURVEY","1977","YEAR","","COUNTY","FLORIDA","12","NORTHWEST","10","ESCAMBIA","033","","","00000000","","PEANUTS","PEANUTS - ACRES HARVESTED","TOTAL","NOT SPECIFIED","45",""
"SURVEY","1977","YEAR","","COUNTY","FLORIDA","12","NORTHWEST","10","ESCAMBIA","033","","","00000000","","PEANUTS","PEANUTS - PRODUCTION, MEASURED IN LB","TOTAL","NOT SPECIFIED","136,000",""
"SURVEY","1977","YEAR","","COUNTY","FLORIDA","12","NORTHWEST","10","ESCAMBIA","033","","","00000000","","PEANUTS","PEANUTS - YIELD, MEASURED IN LB / ACRE","TOTAL","NOT SPECIFIED","3,020",""
"SURVEY","1977","YEAR","","COUNTY","FLORIDA","12","NORTHWEST","10","GADSDEN","039","","","00000000","","PEANUTS","PEANUTS - ACRES HARVESTED","TOTAL","NOT SPECIFIED","890",""
"SURVEY","1977","YEAR","","COUNTY","FLORIDA","12","NORTHWEST","10","GADSDEN","039","","","00000000","","PEANUTS","PEANUTS - PRODUCTION, MEASURED IN LB","TOTAL","NOT SPECIFIED","2,768,000",""
"SURVEY","1977","YEAR","","COUNTY","FLORIDA","12","NORTHWEST","10","GADSDEN","039","","","00000000","","PEANUTS","PEANUTS - YIELD, MEASURED IN LB / ACRE","TOTAL","NOT SPECIFIED","3,110",""
"SURVEY","1977","YEAR","","COUNTY","FLORIDA","12","NORTHWEST","10","HOLMES","059","","","00000000","","PEANUTS","PEANUTS - ACRES HARVESTED","TOTAL","NOT SPECIFIED","3,640",""
"SURVEY","1977","YEAR","","COUNTY","FLORIDA","12","NORTHWEST","10","HOLMES","059","","","00000000","","PEANUTS","PEANUTS - PRODUCTION, MEASURED IN LB","TOTAL","NOT SPECIFIED","10,629,000",""
"SURVEY","1977","YEAR","","COUNTY","FLORIDA","12","NORTHWEST","10","HOLMES","059","","","00000000","","PEANUTS","PEANUTS - YIELD, MEASURED IN LB / ACRE","TOTAL","NOT SPECIFIED","2,920",""
"SURVEY","1977","YEAR","","COUNTY","FLORIDA","12","NORTHWEST","10","JACKSON","063","","","00000000","","PEANUTS","PEANUTS - ACRES HARVESTED","TOTAL","NOT SPECIFIED","27,260",""
"SURVEY","1977","YEAR","","COUNTY","FLORIDA","12","NORTHWEST","10","JACKSON","063","","","00000000","","PEANUTS","PEANUTS - PRODUCTION, MEASURED IN LB","TOTAL","NOT SPECIFIED","80,417,000",""
"SURVEY","1977","YEAR","","COUNTY","FLORIDA","12","NORTHWEST","10","JACKSON","063","","","00000000","","PEANUTS","PEANUTS - YIELD, MEASURED IN LB / ACRE","TOTAL","NOT SPECIFIED","2,950",""
"SURVEY","1977","YEAR","","COUNTY","FLORIDA","12","NORTHWEST","10","JEFFERSON","065","","","00000000","","PEANUTS","PEANUTS - ACRES HARVESTED","TOTAL","NOT SPECIFIED","1,100",""
"SURVEY","1977","YEAR","","COUNTY","FLORIDA","12","NORTHWEST","10","JEFFERSON","065","","","00000000","","PEANUTS","PEANUTS - PRODUCTION, MEASURED IN LB","TOTAL","NOT SPECIFIED","2,783,000",""
"SURVEY","1977","YEAR","","COUNTY","FLORIDA","12","NORTHWEST","10","JEFFERSON","065","","","00000000","","PEANUTS","PEANUTS - YIELD, MEASURED IN LB / ACRE","TOTAL","NOT SPECIFIED","2,530",""
"SURVEY","1977","YEAR","","COUNTY","FLORIDA","12","NORTHWEST","10","LEON","073","","","00000000","","PEANUTS","PEANUTS - ACRES HARVESTED","TOTAL","NOT SPECIFIED","265",""
"SURVEY","1977","YEAR","","COUNTY","FLORIDA","12","NORTHWEST","10","LEON","073","","","00000000","","PEANUTS","PEANUTS - PRODUCTION, MEASURED IN LB","TOTAL","NOT SPECIFIED","607,000",""
"SURVEY","1977","YEAR","","COUNTY","FLORIDA","12","NORTHWEST","10","LEON","073","","","00000000","","PEANUTS","PEANUTS - YIELD, MEASURED IN LB / ACRE","TOTAL","NOT SPECIFIED","2,290",""
"SURVEY","1977","YEAR","","COUNTY","FLORIDA","12","NORTHWEST","10","OKALOOSA","091","","","00000000","","PEANUTS","PEANUTS - ACRES HARVESTED","TOTAL","NOT SPECIFIED","615",""
"SURVEY","1977","YEAR","","COUNTY","FLORIDA","12","NORTHWEST","10","OKALOOSA","091","","","00000000","","PEANUTS","PEANUTS - PRODUCTION, MEASURED IN LB","TOTAL","NOT SPECIFIED","1,636,000",""
"SURVEY","1977","YEAR","","COUNTY","FLORIDA","12","NORTHWEST","10","OKALOOSA","091","","","00000000","","PEANUTS","PEANUTS - YIELD, MEASURED IN LB / ACRE","TOTAL","NOT SPECIFIED","2,660",""
"SURVEY","1977","YEAR","","COUNTY","FLORIDA","12","NORTHWEST","10","SANTA ROSA","113","","","00000000","","PEANUTS","PEANUTS - ACRES HARVESTED","TOTAL","NOT SPECIFIED","5,800",""
"SURVEY","1977","YEAR","","COUNTY","FLORIDA","12","NORTHWEST","10","SANTA ROSA","113","","","00000000","","PEANUTS","PEANUTS - PRODUCTION, MEASURED IN LB","TOTAL","NOT SPECIFIED","18,850,000",""
"SURVEY","1977","YEAR","","COUNTY","FLORIDA","12","NORTHWEST","10","SANTA ROSA","113","","","00000000","","PEANUTS","PEANUTS - YIELD, MEASURED IN LB / ACRE","TOTAL","NOT SPECIFIED","3,250",""
"SURVEY","1977","YEAR","","COUNTY","FLORIDA","12","NORTHWEST","10","WAKULLA","129","","","00000000","","PEANUTS","PEANUTS - ACRES HARVESTED","TOTAL","NOT SPECIFIED","480",""
"SURVEY","1977","YEAR","","COUNTY","FLORIDA","12","NORTHWEST","10","WAKULLA","129","","","00000000","","PEANUTS","PEANUTS - PRODUCTION, MEASURED IN LB","TOTAL","NOT SPECIFIED","1,411,000",""
"SURVEY","1977","YEAR","","COUNTY","FLORIDA","12","NORTHWEST","10","WAKULLA","129","","","00000000","","PEANUTS","PEANUTS - YIELD, MEASURED IN LB / ACRE","TOTAL","NOT SPECIFIED","2,940",""
"SURVEY","1977","YEAR","","COUNTY","FLORIDA","12","NORTHWEST","10","WALTON","131","","","00000000","","PEANUTS","PEANUTS - ACRES HARVESTED","TOTAL","NOT SPECIFIED","1,530",""
"SURVEY","1977","YEAR","","COUNTY","FLORIDA","12","NORTHWEST","10","WALTON","131","","","00000000","","PEANUTS","PEANUTS - PRODUCTION, MEASURED IN LB","TOTAL","NOT SPECIFIED","4,345,000",""
"SURVEY","1977","YEAR","","COUNTY","FLORIDA","12","NORTHWEST","10","WALTON","131","","","00000000","","PEANUTS","PEANUTS - YIELD, MEASURED IN LB / ACRE","TOTAL","NOT SPECIFIED","2,840",""
"SURVEY","1977","YEAR","","COUNTY","FLORIDA","12","NORTHWEST","10","WASHINGTON","133","","","00000000","","PEANUTS","PEANUTS - ACRES HARVESTED","TOTAL","NOT SPECIFIED","935",""
"SURVEY","1977","YEAR","","COUNTY","FLORIDA","12","NORTHWEST","10","WASHINGTON","133","","","00000000","","PEANUTS","PEANUTS - PRODUCTION, MEASURED IN LB","TOTAL","NOT SPECIFIED","3,198,000",""
"SURVEY","1977","YEAR","","COUNTY","FLORIDA","12","NORTHWEST","10","WASHINGTON","133","","","00000000","","PEANUTS","PEANUTS - YIELD, MEASURED IN LB / ACRE","TOTAL","NOT SPECIFIED","3,420",""
"SURVEY","1976","YEAR","","COUNTY","FLORIDA","12","CENTRAL","50","ALACHUA","001","","","00000000","","PEANUTS","PEANUTS - ACRES HARVESTED","TOTAL","NOT SPECIFIED","1,710",""
"SURVEY","1976","YEAR","","COUNTY","FLORIDA","12","CENTRAL","50","ALACHUA","001","","","00000000","","PEANUTS","PEANUTS - PRODUCTION, MEASURED IN LB","TOTAL","NOT SPECIFIED","6,173,000",""
"SURVEY","1976","YEAR","","COUNTY","FLORIDA","12","CENTRAL","50","ALACHUA","001","","","00000000","","PEANUTS","PEANUTS - YIELD, MEASURED IN LB / ACRE","TOTAL","NOT SPECIFIED","3,610",""
"SURVEY","1976","YEAR","","COUNTY","FLORIDA","12","CENTRAL","50","GILCHRIST","041","","","00000000","","PEANUTS","PEANUTS - ACRES HARVESTED","TOTAL","NOT SPECIFIED","420",""
"SURVEY","1976","YEAR","","COUNTY","FLORIDA","12","CENTRAL","50","GILCHRIST","041","","","00000000","","PEANUTS","PEANUTS - PRODUCTION, MEASURED IN LB","TOTAL","NOT SPECIFIED","1,441,000",""
"SURVEY","1976","YEAR","","COUNTY","FLORIDA","12","CENTRAL","50","GILCHRIST","041","","","00000000","","PEANUTS","PEANUTS - YIELD, MEASURED IN LB / ACRE","TOTAL","NOT SPECIFIED","3,430",""
"SURVEY","1976","YEAR","","COUNTY","FLORIDA","12","CENTRAL","50","LEVY","075","","","00000000","","PEANUTS","PEANUTS - ACRES HARVESTED","TOTAL","NOT SPECIFIED","2,870",""
"SURVEY","1976","YEAR","","COUNTY","FLORIDA","12","CENTRAL","50","LEVY","075","","","00000000","","PEANUTS","PEANUTS - PRODUCTION, MEASURED IN LB","TOTAL","NOT SPECIFIED","12,886,000",""
"SURVEY","1976","YEAR","","COUNTY","FLORIDA","12","CENTRAL","50","LEVY","075","","","00000000","","PEANUTS","PEANUTS - YIELD, MEASURED IN LB / ACRE","TOTAL","NOT SPECIFIED","4,490",""
"SURVEY","1976","YEAR","","COUNTY","FLORIDA","12","CENTRAL","50","MARION","083","","","00000000","","PEANUTS","PEANUTS - ACRES HARVESTED","TOTAL","NOT SPECIFIED","2,310",""
"SURVEY","1976","YEAR","","COUNTY","FLORIDA","12","CENTRAL","50","MARION","083","","","00000000","","PEANUTS","PEANUTS - PRODUCTION, MEASURED IN LB","TOTAL","NOT SPECIFIED","8,316,000",""
"SURVEY","1976","YEAR","","COUNTY","FLORIDA","12","CENTRAL","50","MARION","083","","","00000000","","PEANUTS","PEANUTS - YIELD, MEASURED IN LB / ACRE","TOTAL","NOT SPECIFIED","3,600",""
"SURVEY","1976","YEAR","","COUNTY","FLORIDA","12","NORTHEAST","30","COLUMBIA","023","","","00000000","","PEANUTS","PEANUTS - ACRES HARVESTED","TOTAL","NOT SPECIFIED","725",""
"SURVEY","1976","YEAR","","COUNTY","FLORIDA","12","NORTHEAST","30","COLUMBIA","023","","","00000000","","PEANUTS","PEANUTS - PRODUCTION, MEASURED IN LB","TOTAL","NOT SPECIFIED","1,900,000",""
"SURVEY","1976","YEAR","","COUNTY","FLORIDA","12","NORTHEAST","30","COLUMBIA","023","","","00000000","","PEANUTS","PEANUTS - YIELD, MEASURED IN LB / ACRE","TOTAL","NOT SPECIFIED","2,620",""
"SURVEY","1976","YEAR","","COUNTY","FLORIDA","12","NORTHEAST","30","DIXIE","029","","","00000000","","PEANUTS","PEANUTS - ACRES HARVESTED","TOTAL","NOT SPECIFIED","45",""
"SURVEY","1976","YEAR","","COUNTY","FLORIDA","12","NORTHEAST","30","DIXIE","029","","","00000000","","PEANUTS","PEANUTS - PRODUCTION, MEASURED IN LB","TOTAL","NOT SPECIFIED","118,000",""
"SURVEY","1976","YEAR","","COUNTY","FLORIDA","12","NORTHEAST","30","DIXIE","029","","","00000000","","PEANUTS","PEANUTS - YIELD, MEASURED IN LB / ACRE","TOTAL","NOT SPECIFIED","2,620",""
"SURVEY","1976","YEAR","","COUNTY","FLORIDA","12","NORTHEAST","30","HAMILTON","047","","","00000000","","PEANUTS","PEANUTS - ACRES HARVESTED","TOTAL","NOT SPECIFIED","130",""
"SURVEY","1976","YEAR","","COUNTY","FLORIDA","12","NORTHEAST","30","HAMILTON","047","","","00000000","","PEANUTS","PEANUTS - PRODUCTION, MEASURED IN LB","TOTAL","NOT SPECIFIED","267,000",""
"SURVEY","1976","YEAR","","COUNTY","FLORIDA","12","NORTHEAST","30","HAMILTON","047","","","00000000","","PEANUTS","PEANUTS - YIELD, MEASURED IN LB / ACRE","TOTAL","NOT SPECIFIED","2,050",""
"SURVEY","1976","YEAR","","COUNTY","FLORIDA","12","NORTHEAST","30","LAFAYETTE","067","","","00000000","","PEANUTS","PEANUTS - ACRES HARVESTED","TOTAL","NOT SPECIFIED","180",""
"SURVEY","1976","YEAR","","COUNTY","FLORIDA","12","NORTHEAST","30","LAFAYETTE","067","","","00000000","","PEANUTS","PEANUTS - PRODUCTION, MEASURED IN LB","TOTAL","NOT SPECIFIED","630,000",""
"SURVEY","1976","YEAR","","COUNTY","FLORIDA","12","NORTHEAST","30","LAFAYETTE","067","","","00000000","","PEANUTS","PEANUTS - YIELD, MEASURED IN LB / ACRE","TOTAL","NOT SPECIFIED","3,500",""
"SURVEY","1976","YEAR","","COUNTY","FLORIDA","12","NORTHEAST","30","MADISON","079","","","00000000","","PEANUTS","PEANUTS - ACRES HARVESTED","TOTAL","NOT SPECIFIED","250",""
"SURVEY","1976","YEAR","","COUNTY","FLORIDA","12","NORTHEAST","30","MADISON","079","","","00000000","","PEANUTS","PEANUTS - PRODUCTION, MEASURED IN LB","TOTAL","NOT SPECIFIED","728,000",""
"SURVEY","1976","YEAR","","COUNTY","FLORIDA","12","NORTHEAST","30","MADISON","079","","","00000000","","PEANUTS","PEANUTS - YIELD, MEASURED IN LB / ACRE","TOTAL","NOT SPECIFIED","2,910",""
"SURVEY","1976","YEAR","","COUNTY","FLORIDA","12","NORTHEAST","30","SUWANNEE","121","","","00000000","","PEANUTS","PEANUTS - ACRES HARVESTED","TOTAL","NOT SPECIFIED","1,410",""
"SURVEY","1976","YEAR","","COUNTY","FLORIDA","12","NORTHEAST","30","SUWANNEE","121","","","00000000","","PEANUTS","PEANUTS - PRODUCTION, MEASURED IN LB","TOTAL","NOT SPECIFIED","3,934,000",""
"SURVEY","1976","YEAR","","COUNTY","FLORIDA","12","NORTHEAST","30","SUWANNEE","121","","","00000000","","PEANUTS","PEANUTS - YIELD, MEASURED IN LB / ACRE","TOTAL","NOT SPECIFIED","2,790",""
"SURVEY","1976","YEAR","","COUNTY","FLORIDA","12","NORTHWEST","10","CALHOUN","013","","","00000000","","PEANUTS","PEANUTS - ACRES HARVESTED","TOTAL","NOT SPECIFIED","2,210",""
"SURVEY","1976","YEAR","","COUNTY","FLORIDA","12","NORTHWEST","10","CALHOUN","013","","","00000000","","PEANUTS","PEANUTS - PRODUCTION, MEASURED IN LB","TOTAL","NOT SPECIFIED","8,199,000",""
"SURVEY","1976","YEAR","","COUNTY","FLORIDA","12","NORTHWEST","10","CALHOUN","013","","","00000000","","PEANUTS","PEANUTS - YIELD, MEASURED IN LB / ACRE","TOTAL","NOT SPECIFIED","3,710",""
"SURVEY","1976","YEAR","","COUNTY","FLORIDA","12","NORTHWEST","10","ESCAMBIA","033","","","00000000","","PEANUTS","PEANUTS - ACRES HARVESTED","TOTAL","NOT SPECIFIED","45",""
"SURVEY","1976","YEAR","","COUNTY","FLORIDA","12","NORTHWEST","10","ESCAMBIA","033","","","00000000","","PEANUTS","PEANUTS - PRODUCTION, MEASURED IN LB","TOTAL","NOT SPECIFIED","103,000",""
"SURVEY","1976","YEAR","","COUNTY","FLORIDA","12","NORTHWEST","10","ESCAMBIA","033","","","00000000","","PEANUTS","PEANUTS - YIELD, MEASURED IN LB / ACRE","TOTAL","NOT SPECIFIED","2,290",""
"SURVEY","1976","YEAR","","COUNTY","FLORIDA","12","NORTHWEST","10","GADSDEN","039","","","00000000","","PEANUTS","PEANUTS - ACRES HARVESTED","TOTAL","NOT SPECIFIED","900",""
"SURVEY","1976","YEAR","","COUNTY","FLORIDA","12","NORTHWEST","10","GADSDEN","039","","","00000000","","PEANUTS","PEANUTS - PRODUCTION, MEASURED IN LB","TOTAL","NOT SPECIFIED","2,736,000",""
"SURVEY","1976","YEAR","","COUNTY","FLORIDA","12","NORTHWEST","10","GADSDEN","039","","","00000000","","PEANUTS","PEANUTS - YIELD, MEASURED IN LB / ACRE","TOTAL","NOT SPECIFIED","3,040",""
"SURVEY","1976","YEAR","","COUNTY","FLORIDA","12","NORTHWEST","10","HOLMES","059","","","00000000","","PEANUTS","PEANUTS - ACRES HARVESTED","TOTAL","NOT SPECIFIED","3,650",""
"SURVEY","1976","YEAR","","COUNTY","FLORIDA","12","NORTHWEST","10","HOLMES","059","","","00000000","","PEANUTS","PEANUTS - PRODUCTION, MEASURED IN LB","TOTAL","NOT SPECIFIED","10,074,000",""
"SURVEY","1976","YEAR","","COUNTY","FLORIDA","12","NORTHWEST","10","HOLMES","059","","","00000000","","PEANUTS","PEANUTS - YIELD, MEASURED IN LB / ACRE","TOTAL","NOT SPECIFIED","2,760",""
"SURVEY","1976","YEAR","","COUNTY","FLORIDA","12","NORTHWEST","10","JACKSON","063","","","00000000","","PEANUTS","PEANUTS - ACRES HARVESTED","TOTAL","NOT SPECIFIED","27,470",""
"SURVEY","1976","YEAR","","COUNTY","FLORIDA","12","NORTHWEST","10","JACKSON","063","","","00000000","","PEANUTS","PEANUTS - PRODUCTION, MEASURED IN LB","TOTAL","NOT SPECIFIED","77,465,000",""
"SURVEY","1976","YEAR","","COUNTY","FLORIDA","12","NORTHWEST","10","JACKSON","063","","","00000000","","PEANUTS","PEANUTS - YIELD, MEASURED IN LB / ACRE","TOTAL","NOT SPECIFIED","2,820",""
"SURVEY","1976","YEAR","","COUNTY","FLORIDA","12","NORTHWEST","10","JEFFERSON","065","","","00000000","","PEANUTS","PEANUTS - ACRES HARVESTED","TOTAL","NOT SPECIFIED","1,100",""
"SURVEY","1976","YEAR","","COUNTY","FLORIDA","12","NORTHWEST","10","JEFFERSON","065","","","00000000","","PEANUTS","PEANUTS - PRODUCTION, MEASURED IN LB","TOTAL","NOT SPECIFIED","2,893,000",""
"SURVEY","1976","YEAR","","COUNTY","FLORIDA","12","NORTHWEST","10","JEFFERSON","065","","","00000000","","PEANUTS","PEANUTS - YIELD, MEASURED IN LB / ACRE","TOTAL","NOT SPECIFIED","2,630",""
"SURVEY","1976","YEAR","","COUNTY","FLORIDA","12","NORTHWEST","10","LEON","073","","","00000000","","PEANUTS","PEANUTS - ACRES HARVESTED","TOTAL","NOT SPECIFIED","270",""
"SURVEY","1976","YEAR","","COUNTY","FLORIDA","12","NORTHWEST","10","LEON","073","","","00000000","","PEANUTS","PEANUTS - PRODUCTION, MEASURED IN LB","TOTAL","NOT SPECIFIED","761,000",""
"SURVEY","1976","YEAR","","COUNTY","FLORIDA","12","NORTHWEST","10","LEON","073","","","00000000","","PEANUTS","PEANUTS - YIELD, MEASURED IN LB / ACRE","TOTAL","NOT SPECIFIED","2,820",""
"SURVEY","1976","YEAR","","COUNTY","FLORIDA","12","NORTHWEST","10","OKALOOSA","091","","","00000000","","PEANUTS","PEANUTS - ACRES HARVESTED","TOTAL","NOT SPECIFIED","615",""
"SURVEY","1976","YEAR","","COUNTY","FLORIDA","12","NORTHWEST","10","OKALOOSA","091","","","00000000","","PEANUTS","PEANUTS - PRODUCTION, MEASURED IN LB","TOTAL","NOT SPECIFIED","1,654,000",""
"SURVEY","1976","YEAR","","COUNTY","FLORIDA","12","NORTHWEST","10","OKALOOSA","091","","","00000000","","PEANUTS","PEANUTS - YIELD, MEASURED IN LB / ACRE","TOTAL","NOT SPECIFIED","2,690",""
"SURVEY","1976","YEAR","","COUNTY","FLORIDA","12","NORTHWEST","10","SANTA ROSA","113","","","00000000","","PEANUTS","PEANUTS - ACRES HARVESTED","TOTAL","NOT SPECIFIED","5,770",""
"SURVEY","1976","YEAR","","COUNTY","FLORIDA","12","NORTHWEST","10","SANTA ROSA","113","","","00000000","","PEANUTS","PEANUTS - PRODUCTION, MEASURED IN LB","TOTAL","NOT SPECIFIED","16,271,000",""
"SURVEY","1976","YEAR","","COUNTY","FLORIDA","12","NORTHWEST","10","SANTA ROSA","113","","","00000000","","PEANUTS","PEANUTS - YIELD, MEASURED IN LB / ACRE","TOTAL","NOT SPECIFIED","2,820",""
"SURVEY","1976","YEAR","","COUNTY","FLORIDA","12","NORTHWEST","10","WAKULLA","129","","","00000000","","PEANUTS","PEANUTS - ACRES HARVESTED","TOTAL","NOT SPECIFIED","485",""
"SURVEY","1976","YEAR","","COUNTY","FLORIDA","12","NORTHWEST","10","WAKULLA","129","","","00000000","","PEANUTS","PEANUTS - PRODUCTION, MEASURED IN LB","TOTAL","NOT SPECIFIED","1,280,000",""
"SURVEY","1976","YEAR","","COUNTY","FLORIDA","12","NORTHWEST","10","WAKULLA","129","","","00000000","","PEANUTS","PEANUTS - YIELD, MEASURED IN LB / ACRE","TOTAL","NOT SPECIFIED","2,640",""
"SURVEY","1976","YEAR","","COUNTY","FLORIDA","12","NORTHWEST","10","WALTON","131","","","00000000","","PEANUTS","PEANUTS - ACRES HARVESTED","TOTAL","NOT SPECIFIED","1,510",""
"SURVEY","1976","YEAR","","COUNTY","FLORIDA","12","NORTHWEST","10","WALTON","131","","","00000000","","PEANUTS","PEANUTS - PRODUCTION, MEASURED IN LB","TOTAL","NOT SPECIFIED","3,850,000",""
"SURVEY","1976","YEAR","","COUNTY","FLORIDA","12","NORTHWEST","10","WALTON","131","","","00000000","","PEANUTS","PEANUTS - YIELD, MEASURED IN LB / ACRE","TOTAL","NOT SPECIFIED","2,550",""
"SURVEY","1976","YEAR","","COUNTY","FLORIDA","12","NORTHWEST","10","WASHINGTON","133","","","00000000","","PEANUTS","PEANUTS - ACRES HARVESTED","TOTAL","NOT SPECIFIED","925",""
"SURVEY","1976","YEAR","","COUNTY","FLORIDA","12","NORTHWEST","10","WASHINGTON","133","","","00000000","","PEANUTS","PEANUTS - PRODUCTION, MEASURED IN LB","TOTAL","NOT SPECIFIED","3,321,000",""
"SURVEY","1976","YEAR","","COUNTY","FLORIDA","12","NORTHWEST","10","WASHINGTON","133","","","00000000","","PEANUTS","PEANUTS - YIELD, MEASURED IN LB / ACRE","TOTAL","NOT SPECIFIED","3,590",""
"SURVEY","1975","YEAR","","COUNTY","FLORIDA","12","CENTRAL","50","ALACHUA","001","","","00000000","","PEANUTS","PEANUTS - ACRES HARVESTED","TOTAL","NOT SPECIFIED","1,700",""
"SURVEY","1975","YEAR","","COUNTY","FLORIDA","12","CENTRAL","50","ALACHUA","001","","","00000000","","PEANUTS","PEANUTS - PRODUCTION, MEASURED IN LB","TOTAL","NOT SPECIFIED","5,627,000",""
"SURVEY","1975","YEAR","","COUNTY","FLORIDA","12","CENTRAL","50","ALACHUA","001","","","00000000","","PEANUTS","PEANUTS - YIELD, MEASURED IN LB / ACRE","TOTAL","NOT SPECIFIED","3,310",""
"SURVEY","1975","YEAR","","COUNTY","FLORIDA","12","CENTRAL","50","GILCHRIST","041","","","00000000","","PEANUTS","PEANUTS - ACRES HARVESTED","TOTAL","NOT SPECIFIED","410",""
"SURVEY","1975","YEAR","","COUNTY","FLORIDA","12","CENTRAL","50","GILCHRIST","041","","","00000000","","PEANUTS","PEANUTS - PRODUCTION, MEASURED IN LB","TOTAL","NOT SPECIFIED","1,099,000",""
"SURVEY","1975","YEAR","","COUNTY","FLORIDA","12","CENTRAL","50","GILCHRIST","041","","","00000000","","PEANUTS","PEANUTS - YIELD, MEASURED IN LB / ACRE","TOTAL","NOT SPECIFIED","2,680",""
"SURVEY","1975","YEAR","","COUNTY","FLORIDA","12","CENTRAL","50","LEVY","075","","","00000000","","PEANUTS","PEANUTS - ACRES HARVESTED","TOTAL","NOT SPECIFIED","2,840",""
"SURVEY","1975","YEAR","","COUNTY","FLORIDA","12","CENTRAL","50","LEVY","075","","","00000000","","PEANUTS","PEANUTS - PRODUCTION, MEASURED IN LB","TOTAL","NOT SPECIFIED","12,269,000",""
"SURVEY","1975","YEAR","","COUNTY","FLORIDA","12","CENTRAL","50","LEVY","075","","","00000000","","PEANUTS","PEANUTS - YIELD, MEASURED IN LB / ACRE","TOTAL","NOT SPECIFIED","4,320",""
"SURVEY","1975","YEAR","","COUNTY","FLORIDA","12","CENTRAL","50","MARION","083","","","00000000","","PEANUTS","PEANUTS - ACRES HARVESTED","TOTAL","NOT SPECIFIED","2,750",""
"SURVEY","1975","YEAR","","COUNTY","FLORIDA","12","CENTRAL","50","MARION","083","","","00000000","","PEANUTS","PEANUTS - PRODUCTION, MEASURED IN LB","TOTAL","NOT SPECIFIED","9,103,000",""
"SURVEY","1975","YEAR","","COUNTY","FLORIDA","12","CENTRAL","50","MARION","083","","","00000000","","PEANUTS","PEANUTS - YIELD, MEASURED IN LB / ACRE","TOTAL","NOT SPECIFIED","3,310",""
"SURVEY","1975","YEAR","","COUNTY","FLORIDA","12","NORTHEAST","30","COLUMBIA","023","","","00000000","","PEANUTS","PEANUTS - ACRES HARVESTED","TOTAL","NOT SPECIFIED","670",""
"SURVEY","1975","YEAR","","COUNTY","FLORIDA","12","NORTHEAST","30","COLUMBIA","023","","","00000000","","PEANUTS","PEANUTS - PRODUCTION, MEASURED IN LB","TOTAL","NOT SPECIFIED","2,245,000",""
"SURVEY","1975","YEAR","","COUNTY","FLORIDA","12","NORTHEAST","30","COLUMBIA","023","","","00000000","","PEANUTS","PEANUTS - YIELD, MEASURED IN LB / ACRE","TOTAL","NOT SPECIFIED","3,350",""
"SURVEY","1975","YEAR","","COUNTY","FLORIDA","12","NORTHEAST","30","DIXIE","029","","","00000000","","PEANUTS","PEANUTS - ACRES HARVESTED","TOTAL","NOT SPECIFIED","40",""
"SURVEY","1975","YEAR","","COUNTY","FLORIDA","12","NORTHEAST","30","DIXIE","029","","","00000000","","PEANUTS","PEANUTS - PRODUCTION, MEASURED IN LB","TOTAL","NOT SPECIFIED","114,000",""
"SURVEY","1975","YEAR","","COUNTY","FLORIDA","12","NORTHEAST","30","DIXIE","029","","","00000000","","PEANUTS","PEANUTS - YIELD, MEASURED IN LB / ACRE","TOTAL","NOT SPECIFIED","2,850",""
"SURVEY","1975","YEAR","","COUNTY","FLORIDA","12","NORTHEAST","30","HAMILTON","047","","","00000000","","PEANUTS","PEANUTS - ACRES HARVESTED","TOTAL","NOT SPECIFIED","125",""
"SURVEY","1975","YEAR","","COUNTY","FLORIDA","12","NORTHEAST","30","HAMILTON","047","","","00000000","","PEANUTS","PEANUTS - PRODUCTION, MEASURED IN LB","TOTAL","NOT SPECIFIED","321,000",""
"SURVEY","1975","YEAR","","COUNTY","FLORIDA","12","NORTHEAST","30","HAMILTON","047","","","00000000","","PEANUTS","PEANUTS - YIELD, MEASURED IN LB / ACRE","TOTAL","NOT SPECIFIED","2,570",""
"SURVEY","1975","YEAR","","COUNTY","FLORIDA","12","NORTHEAST","30","LAFAYETTE","067","","","00000000","","PEANUTS","PEANUTS - ACRES HARVESTED","TOTAL","NOT SPECIFIED","170",""
"SURVEY","1975","YEAR","","COUNTY","FLORIDA","12","NORTHEAST","30","LAFAYETTE","067","","","00000000","","PEANUTS","PEANUTS - PRODUCTION, MEASURED IN LB","TOTAL","NOT SPECIFIED","537,000",""
"SURVEY","1975","YEAR","","COUNTY","FLORIDA","12","NORTHEAST","30","LAFAYETTE","067","","","00000000","","PEANUTS","PEANUTS - YIELD, MEASURED IN LB / ACRE","TOTAL","NOT SPECIFIED","3,160",""
"SURVEY","1975","YEAR","","COUNTY","FLORIDA","12","NORTHEAST","30","MADISON","079","","","00000000","","PEANUTS","PEANUTS - ACRES HARVESTED","TOTAL","NOT SPECIFIED","255",""
"SURVEY","1975","YEAR","","COUNTY","FLORIDA","12","NORTHEAST","30","MADISON","079","","","00000000","","PEANUTS","PEANUTS - PRODUCTION, MEASURED IN LB","TOTAL","NOT SPECIFIED","923,000",""
"SURVEY","1975","YEAR","","COUNTY","FLORIDA","12","NORTHEAST","30","MADISON","079","","","00000000","","PEANUTS","PEANUTS - YIELD, MEASURED IN LB / ACRE","TOTAL","NOT SPECIFIED","3,620",""
"SURVEY","1975","YEAR","","COUNTY","FLORIDA","12","NORTHEAST","30","SUWANNEE","121","","","00000000","","PEANUTS","PEANUTS - ACRES HARVESTED","TOTAL","NOT SPECIFIED","1,380",""
"SURVEY","1975","YEAR","","COUNTY","FLORIDA","12","NORTHEAST","30","SUWANNEE","121","","","00000000","","PEANUTS","PEANUTS - PRODUCTION, MEASURED IN LB","TOTAL","NOT SPECIFIED","4,347,000",""
"SURVEY","1975","YEAR","","COUNTY","FLORIDA","12","NORTHEAST","30","SUWANNEE","121","","","00000000","","PEANUTS","PEANUTS - YIELD, MEASURED IN LB / ACRE","TOTAL","NOT SPECIFIED","3,150",""
"SURVEY","1975","YEAR","","COUNTY","FLORIDA","12","NORTHWEST","10","CALHOUN","013","","","00000000","","PEANUTS","PEANUTS - ACRES HARVESTED","TOTAL","NOT SPECIFIED","2,210",""
"SURVEY","1975","YEAR","","COUNTY","FLORIDA","12","NORTHWEST","10","CALHOUN","013","","","00000000","","PEANUTS","PEANUTS - PRODUCTION, MEASURED IN LB","TOTAL","NOT SPECIFIED","7,602,000",""
"SURVEY","1975","YEAR","","COUNTY","FLORIDA","12","NORTHWEST","10","CALHOUN","013","","","00000000","","PEANUTS","PEANUTS - YIELD, MEASURED IN LB / ACRE","TOTAL","NOT SPECIFIED","3,440",""
"SURVEY","1975","YEAR","","COUNTY","FLORIDA","12","NORTHWEST","10","ESCAMBIA","033","","","00000000","","PEANUTS","PEANUTS - ACRES HARVESTED","TOTAL","NOT SPECIFIED","45",""
"SURVEY","1975","YEAR","","COUNTY","FLORIDA","12","NORTHWEST","10","ESCAMBIA","033","","","00000000","","PEANUTS","PEANUTS - PRODUCTION, MEASURED IN LB","TOTAL","NOT SPECIFIED","123,000",""
"SURVEY","1975","YEAR","","COUNTY","FLORIDA","12","NORTHWEST","10","ESCAMBIA","033","","","00000000","","PEANUTS","PEANUTS - YIELD, MEASURED IN LB / ACRE","TOTAL","NOT SPECIFIED","2,740",""
"SURVEY","1975","YEAR","","COUNTY","FLORIDA","12","NORTHWEST","10","GADSDEN","039","","","00000000","","PEANUTS","PEANUTS - ACRES HARVESTED","TOTAL","NOT SPECIFIED","860",""
"SURVEY","1975","YEAR","","COUNTY","FLORIDA","12","NORTHWEST","10","GADSDEN","039","","","00000000","","PEANUTS","PEANUTS - PRODUCTION, MEASURED IN LB","TOTAL","NOT SPECIFIED","2,477,000",""
"SURVEY","1975","YEAR","","COUNTY","FLORIDA","12","NORTHWEST","10","GADSDEN","039","","","00000000","","PEANUTS","PEANUTS - YIELD, MEASURED IN LB / ACRE","TOTAL","NOT SPECIFIED","2,880",""
"SURVEY","1975","YEAR","","COUNTY","FLORIDA","12","NORTHWEST","10","HOLMES","059","","","00000000","","PEANUTS","PEANUTS - ACRES HARVESTED","TOTAL","NOT SPECIFIED","3,500",""
"SURVEY","1975","YEAR","","COUNTY","FLORIDA","12","NORTHWEST","10","HOLMES","059","","","00000000","","PEANUTS","PEANUTS - PRODUCTION, MEASURED IN LB","TOTAL","NOT SPECIFIED","9,835,000",""
"SURVEY","1975","YEAR","","COUNTY","FLORIDA","12","NORTHWEST","10","HOLMES","059","","","00000000","","PEANUTS","PEANUTS - YIELD, MEASURED IN LB / ACRE","TOTAL","NOT SPECIFIED","2,810",""
"SURVEY","1975","YEAR","","COUNTY","FLORIDA","12","NORTHWEST","10","JACKSON","063","","","00000000","","PEANUTS","PEANUTS - ACRES HARVESTED","TOTAL","NOT SPECIFIED","27,150",""
"SURVEY","1975","YEAR","","COUNTY","FLORIDA","12","NORTHWEST","10","JACKSON","063","","","00000000","","PEANUTS","PEANUTS - PRODUCTION, MEASURED IN LB","TOTAL","NOT SPECIFIED","86,337,000",""
"SURVEY","1975","YEAR","","COUNTY","FLORIDA","12","NORTHWEST","10","JACKSON","063","","","00000000","","PEANUTS","PEANUTS - YIELD, MEASURED IN LB / ACRE","TOTAL","NOT SPECIFIED","3,180",""
"SURVEY","1975","YEAR","","COUNTY","FLORIDA","12","NORTHWEST","10","JEFFERSON","065","","","00000000","","PEANUTS","PEANUTS - ACRES HARVESTED","TOTAL","NOT SPECIFIED","1,300",""
"SURVEY","1975","YEAR","","COUNTY","FLORIDA","12","NORTHWEST","10","JEFFERSON","065","","","00000000","","PEANUTS","PEANUTS - PRODUCTION, MEASURED IN LB","TOTAL","NOT SPECIFIED","4,368,000",""
"SURVEY","1975","YEAR","","COUNTY","FLORIDA","12","NORTHWEST","10","JEFFERSON","065","","","00000000","","PEANUTS","PEANUTS - YIELD, MEASURED IN LB / ACRE","TOTAL","NOT SPECIFIED","3,360",""
"SURVEY","1975","YEAR","","COUNTY","FLORIDA","12","NORTHWEST","10","LEON","073","","","00000000","","PEANUTS","PEANUTS - ACRES HARVESTED","TOTAL","NOT SPECIFIED","265",""
"SURVEY","1975","YEAR","","COUNTY","FLORIDA","12","NORTHWEST","10","LEON","073","","","00000000","","PEANUTS","PEANUTS - PRODUCTION, MEASURED IN LB","TOTAL","NOT SPECIFIED","771,000",""
"SURVEY","1975","YEAR","","COUNTY","FLORIDA","12","NORTHWEST","10","LEON","073","","","00000000","","PEANUTS","PEANUTS - YIELD, MEASURED IN LB / ACRE","TOTAL","NOT SPECIFIED","2,910",""
"SURVEY","1975","YEAR","","COUNTY","FLORIDA","12","NORTHWEST","10","OKALOOSA","091","","","00000000","","PEANUTS","PEANUTS - ACRES HARVESTED","TOTAL","NOT SPECIFIED","590",""
"SURVEY","1975","YEAR","","COUNTY","FLORIDA","12","NORTHWEST","10","OKALOOSA","091","","","00000000","","PEANUTS","PEANUTS - PRODUCTION, MEASURED IN LB","TOTAL","NOT SPECIFIED","1,516,000",""
"SURVEY","1975","YEAR","","COUNTY","FLORIDA","12","NORTHWEST","10","OKALOOSA","091","","","00000000","","PEANUTS","PEANUTS - YIELD, MEASURED IN LB / ACRE","TOTAL","NOT SPECIFIED","2,570",""
"SURVEY","1975","YEAR","","COUNTY","FLORIDA","12","NORTHWEST","10","SANTA ROSA","113","","","00000000","","PEANUTS","PEANUTS - ACRES HARVESTED","TOTAL","NOT SPECIFIED","5,800",""
"SURVEY","1975","YEAR","","COUNTY","FLORIDA","12","NORTHWEST","10","SANTA ROSA","113","","","00000000","","PEANUTS","PEANUTS - PRODUCTION, MEASURED IN LB","TOTAL","NOT SPECIFIED","20,010,000",""
"SURVEY","1975","YEAR","","COUNTY","FLORIDA","12","NORTHWEST","10","SANTA ROSA","113","","","00000000","","PEANUTS","PEANUTS - YIELD, MEASURED IN LB / ACRE","TOTAL","NOT SPECIFIED","3,450",""
"SURVEY","1975","YEAR","","COUNTY","FLORIDA","12","NORTHWEST","10","WAKULLA","129","","","00000000","","PEANUTS","PEANUTS - ACRES HARVESTED","TOTAL","NOT SPECIFIED","550",""
"SURVEY","1975","YEAR","","COUNTY","FLORIDA","12","NORTHWEST","10","WAKULLA","129","","","00000000","","PEANUTS","PEANUTS - PRODUCTION, MEASURED IN LB","TOTAL","NOT SPECIFIED","1,293,000",""
"SURVEY","1975","YEAR","","COUNTY","FLORIDA","12","NORTHWEST","10","WAKULLA","129","","","00000000","","PEANUTS","PEANUTS - YIELD, MEASURED IN LB / ACRE","TOTAL","NOT SPECIFIED","2,350",""
"SURVEY","1975","YEAR","","COUNTY","FLORIDA","12","NORTHWEST","10","WALTON","131","","","00000000","","PEANUTS","PEANUTS - ACRES HARVESTED","TOTAL","NOT SPECIFIED","1,470",""
"SURVEY","1975","YEAR","","COUNTY","FLORIDA","12","NORTHWEST","10","WALTON","131","","","00000000","","PEANUTS","PEANUTS - PRODUCTION, MEASURED IN LB","TOTAL","NOT SPECIFIED","3,807,000",""
"SURVEY","1975","YEAR","","COUNTY","FLORIDA","12","NORTHWEST","10","WALTON","131","","","00000000","","PEANUTS","PEANUTS - YIELD, MEASURED IN LB / ACRE","TOTAL","NOT SPECIFIED","2,590",""
"SURVEY","1975","YEAR","","COUNTY","FLORIDA","12","NORTHWEST","10","WASHINGTON","133","","","00000000","","PEANUTS","PEANUTS - ACRES HARVESTED","TOTAL","NOT SPECIFIED","920",""
"SURVEY","1975","YEAR","","COUNTY","FLORIDA","12","NORTHWEST","10","WASHINGTON","133","","","00000000","","PEANUTS","PEANUTS - PRODUCTION, MEASURED IN LB","TOTAL","NOT SPECIFIED","2,926,000",""
"SURVEY","1975","YEAR","","COUNTY","FLORIDA","12","NORTHWEST","10","WASHINGTON","133","","","00000000","","PEANUTS","PEANUTS - YIELD, MEASURED IN LB / ACRE","TOTAL","NOT SPECIFIED","3,180",""
"SURVEY","1974","YEAR","","COUNTY","FLORIDA","12","CENTRAL","50","ALACHUA","001","","","00000000","","PEANUTS","PEANUTS - ACRES HARVESTED","TOTAL","NOT SPECIFIED","1,640",""
"SURVEY","1974","YEAR","","COUNTY","FLORIDA","12","CENTRAL","50","ALACHUA","001","","","00000000","","PEANUTS","PEANUTS - PRODUCTION, MEASURED IN LB","TOTAL","NOT SPECIFIED","5,740,000",""
"SURVEY","1974","YEAR","","COUNTY","FLORIDA","12","CENTRAL","50","ALACHUA","001","","","00000000","","PEANUTS","PEANUTS - YIELD, MEASURED IN LB / ACRE","TOTAL","NOT SPECIFIED","3,500",""
"SURVEY","1974","YEAR","","COUNTY","FLORIDA","12","CENTRAL","50","GILCHRIST","041","","","00000000","","PEANUTS","PEANUTS - ACRES HARVESTED","TOTAL","NOT SPECIFIED","400",""
"SURVEY","1974","YEAR","","COUNTY","FLORIDA","12","CENTRAL","50","GILCHRIST","041","","","00000000","","PEANUTS","PEANUTS - PRODUCTION, MEASURED IN LB","TOTAL","NOT SPECIFIED","1,148,000",""
"SURVEY","1974","YEAR","","COUNTY","FLORIDA","12","CENTRAL","50","GILCHRIST","041","","","00000000","","PEANUTS","PEANUTS - YIELD, MEASURED IN LB / ACRE","TOTAL","NOT SPECIFIED","2,870",""
"SURVEY","1974","YEAR","","COUNTY","FLORIDA","12","CENTRAL","50","LEVY","075","","","00000000","","PEANUTS","PEANUTS - ACRES HARVESTED","TOTAL","NOT SPECIFIED","2,720",""
"SURVEY","1974","YEAR","","COUNTY","FLORIDA","12","CENTRAL","50","LEVY","075","","","00000000","","PEANUTS","PEANUTS - PRODUCTION, MEASURED IN LB","TOTAL","NOT SPECIFIED","12,186,000",""
"SURVEY","1974","YEAR","","COUNTY","FLORIDA","12","CENTRAL","50","LEVY","075","","","00000000","","PEANUTS","PEANUTS - YIELD, MEASURED IN LB / ACRE","TOTAL","NOT SPECIFIED","4,480",""
"SURVEY","1974","YEAR","","COUNTY","FLORIDA","12","CENTRAL","50","MARION","083","","","00000000","","PEANUTS","PEANUTS - ACRES HARVESTED","TOTAL","NOT SPECIFIED","2,820",""
"SURVEY","1974","YEAR","","COUNTY","FLORIDA","12","CENTRAL","50","MARION","083","","","00000000","","PEANUTS","PEANUTS - PRODUCTION, MEASURED IN LB","TOTAL","NOT SPECIFIED","9,730,000",""
"SURVEY","1974","YEAR","","COUNTY","FLORIDA","12","CENTRAL","50","MARION","083","","","00000000","","PEANUTS","PEANUTS - YIELD, MEASURED IN LB / ACRE","TOTAL","NOT SPECIFIED","3,450",""
"SURVEY","1974","YEAR","","COUNTY","FLORIDA","12","NORTHEAST","30","COLUMBIA","023","","","00000000","","PEANUTS","PEANUTS - ACRES HARVESTED","TOTAL","NOT SPECIFIED","675",""
"SURVEY","1974","YEAR","","COUNTY","FLORIDA","12","NORTHEAST","30","COLUMBIA","023","","","00000000","","PEANUTS","PEANUTS - PRODUCTION, MEASURED IN LB","TOTAL","NOT SPECIFIED","2,410,000",""
"SURVEY","1974","YEAR","","COUNTY","FLORIDA","12","NORTHEAST","30","COLUMBIA","023","","","00000000","","PEANUTS","PEANUTS - YIELD, MEASURED IN LB / ACRE","TOTAL","NOT SPECIFIED","3,570",""
"SURVEY","1974","YEAR","","COUNTY","FLORIDA","12","NORTHEAST","30","DIXIE","029","","","00000000","","PEANUTS","PEANUTS - ACRES HARVESTED","TOTAL","NOT SPECIFIED","30",""
"SURVEY","1974","YEAR","","COUNTY","FLORIDA","12","NORTHEAST","30","DIXIE","029","","","00000000","","PEANUTS","PEANUTS - PRODUCTION, MEASURED IN LB","TOTAL","NOT SPECIFIED","59,000",""
"SURVEY","1974","YEAR","","COUNTY","FLORIDA","12","NORTHEAST","30","DIXIE","029","","","00000000","","PEANUTS","PEANUTS - YIELD, MEASURED IN LB / ACRE","TOTAL","NOT SPECIFIED","1,960",""
"SURVEY","1974","YEAR","","COUNTY","FLORIDA","12","NORTHEAST","30","HAMILTON","047","","","00000000","","PEANUTS","PEANUTS - ACRES HARVESTED","TOTAL","NOT SPECIFIED","120",""
"SURVEY","1974","YEAR","","COUNTY","FLORIDA","12","NORTHEAST","30","HAMILTON","047","","","00000000","","PEANUTS","PEANUTS - PRODUCTION, MEASURED IN LB","TOTAL","NOT SPECIFIED","367,000",""
"SURVEY","1974","YEAR","","COUNTY","FLORIDA","12","NORTHEAST","30","HAMILTON","047","","","00000000","","PEANUTS","PEANUTS - YIELD, MEASURED IN LB / ACRE","TOTAL","NOT SPECIFIED","3,060",""
"SURVEY","1974","YEAR","","COUNTY","FLORIDA","12","NORTHEAST","30","LAFAYETTE","067","","","00000000","","PEANUTS","PEANUTS - ACRES HARVESTED","TOTAL","NOT SPECIFIED","170",""
"SURVEY","1974","YEAR","","COUNTY","FLORIDA","12","NORTHEAST","30","LAFAYETTE","067","","","00000000","","PEANUTS","PEANUTS - PRODUCTION, MEASURED IN LB","TOTAL","NOT SPECIFIED","425,000",""
"SURVEY","1974","YEAR","","COUNTY","FLORIDA","12","NORTHEAST","30","LAFAYETTE","067","","","00000000","","PEANUTS","PEANUTS - YIELD, MEASURED IN LB / ACRE","TOTAL","NOT SPECIFIED","2,500",""
"SURVEY","1974","YEAR","","COUNTY","FLORIDA","12","NORTHEAST","30","MADISON","079","","","00000000","","PEANUTS","PEANUTS - ACRES HARVESTED","TOTAL","NOT SPECIFIED","255",""
"SURVEY","1974","YEAR","","COUNTY","FLORIDA","12","NORTHEAST","30","MADISON","079","","","00000000","","PEANUTS","PEANUTS - PRODUCTION, MEASURED IN LB","TOTAL","NOT SPECIFIED","839,000",""
"SURVEY","1974","YEAR","","COUNTY","FLORIDA","12","NORTHEAST","30","MADISON","079","","","00000000","","PEANUTS","PEANUTS - YIELD, MEASURED IN LB / ACRE","TOTAL","NOT SPECIFIED","3,290",""
"SURVEY","1974","YEAR","","COUNTY","FLORIDA","12","NORTHEAST","30","SUWANNEE","121","","","00000000","","PEANUTS","PEANUTS - ACRES HARVESTED","TOTAL","NOT SPECIFIED","1,520",""
"SURVEY","1974","YEAR","","COUNTY","FLORIDA","12","NORTHEAST","30","SUWANNEE","121","","","00000000","","PEANUTS","PEANUTS - PRODUCTION, MEASURED IN LB","TOTAL","NOT SPECIFIED","4,986,000",""
"SURVEY","1974","YEAR","","COUNTY","FLORIDA","12","NORTHEAST","30","SUWANNEE","121","","","00000000","","PEANUTS","PEANUTS - YIELD, MEASURED IN LB / ACRE","TOTAL","NOT SPECIFIED","3,280",""
"SURVEY","1974","YEAR","","COUNTY","FLORIDA","12","NORTHWEST","10","CALHOUN","013","","","00000000","","PEANUTS","PEANUTS - ACRES HARVESTED","TOTAL","NOT SPECIFIED","2,210",""
"SURVEY","1974","YEAR","","COUNTY","FLORIDA","12","NORTHWEST","10","CALHOUN","013","","","00000000","","PEANUTS","PEANUTS - PRODUCTION, MEASURED IN LB","TOTAL","NOT SPECIFIED","7,647,000",""
"SURVEY","1974","YEAR","","COUNTY","FLORIDA","12","NORTHWEST","10","CALHOUN","013","","","00000000","","PEANUTS","PEANUTS - YIELD, MEASURED IN LB / ACRE","TOTAL","NOT SPECIFIED","3,460",""
"SURVEY","1974","YEAR","","COUNTY","FLORIDA","12","NORTHWEST","10","ESCAMBIA","033","","","00000000","","PEANUTS","PEANUTS - ACRES HARVESTED","TOTAL","NOT SPECIFIED","45",""
"SURVEY","1974","YEAR","","COUNTY","FLORIDA","12","NORTHWEST","10","ESCAMBIA","033","","","00000000","","PEANUTS","PEANUTS - PRODUCTION, MEASURED IN LB","TOTAL","NOT SPECIFIED","162,000",""
"SURVEY","1974","YEAR","","COUNTY","FLORIDA","12","NORTHWEST","10","ESCAMBIA","033","","","00000000","","PEANUTS","PEANUTS - YIELD, MEASURED IN LB / ACRE","TOTAL","NOT SPECIFIED","3,600",""
"SURVEY","1974","YEAR","","COUNTY","FLORIDA","12","NORTHWEST","10","GADSDEN","039","","","00000000","","PEANUTS","PEANUTS - ACRES HARVESTED","TOTAL","NOT SPECIFIED","840",""
"SURVEY","1974","YEAR","","COUNTY","FLORIDA","12","NORTHWEST","10","GADSDEN","039","","","00000000","","PEANUTS","PEANUTS - PRODUCTION, MEASURED IN LB","TOTAL","NOT SPECIFIED","2,612,000",""
"SURVEY","1974","YEAR","","COUNTY","FLORIDA","12","NORTHWEST","10","GADSDEN","039","","","00000000","","PEANUTS","PEANUTS - YIELD, MEASURED IN LB / ACRE","TOTAL","NOT SPECIFIED","3,110",""
"SURVEY","1974","YEAR","","COUNTY","FLORIDA","12","NORTHWEST","10","HOLMES","059","","","00000000","","PEANUTS","PEANUTS - ACRES HARVESTED","TOTAL","NOT SPECIFIED","3,500",""
"SURVEY","1974","YEAR","","COUNTY","FLORIDA","12","NORTHWEST","10","HOLMES","059","","","00000000","","PEANUTS","PEANUTS - PRODUCTION, MEASURED IN LB","TOTAL","NOT SPECIFIED","9,730,000",""
"SURVEY","1974","YEAR","","COUNTY","FLORIDA","12","NORTHWEST","10","HOLMES","059","","","00000000","","PEANUTS","PEANUTS - YIELD, MEASURED IN LB / ACRE","TOTAL","NOT SPECIFIED","2,780",""
"SURVEY","1974","YEAR","","COUNTY","FLORIDA","12","NORTHWEST","10","JACKSON","063","","","00000000","","PEANUTS","PEANUTS - ACRES HARVESTED","TOTAL","NOT SPECIFIED","27,100",""
"SURVEY","1974","YEAR","","COUNTY","FLORIDA","12","NORTHWEST","10","JACKSON","063","","","00000000","","PEANUTS","PEANUTS - PRODUCTION, MEASURED IN LB","TOTAL","NOT SPECIFIED","77,777,000",""
"SURVEY","1974","YEAR","","COUNTY","FLORIDA","12","NORTHWEST","10","JACKSON","063","","","00000000","","PEANUTS","PEANUTS - YIELD, MEASURED IN LB / ACRE","TOTAL","NOT SPECIFIED","2,870",""
"SURVEY","1974","YEAR","","COUNTY","FLORIDA","12","NORTHWEST","10","JEFFERSON","065","","","00000000","","PEANUTS","PEANUTS - ACRES HARVESTED","TOTAL","NOT SPECIFIED","1,330",""
"SURVEY","1974","YEAR","","COUNTY","FLORIDA","12","NORTHWEST","10","JEFFERSON","065","","","00000000","","PEANUTS","PEANUTS - PRODUCTION, MEASURED IN LB","TOTAL","NOT SPECIFIED","4,123,000",""
"SURVEY","1974","YEAR","","COUNTY","FLORIDA","12","NORTHWEST","10","JEFFERSON","065","","","00000000","","PEANUTS","PEANUTS - YIELD, MEASURED IN LB / ACRE","TOTAL","NOT SPECIFIED","3,100",""
"SURVEY","1974","YEAR","","COUNTY","FLORIDA","12","NORTHWEST","10","LEON","073","","","00000000","","PEANUTS","PEANUTS - ACRES HARVESTED","TOTAL","NOT SPECIFIED","265",""
"SURVEY","1974","YEAR","","COUNTY","FLORIDA","12","NORTHWEST","10","LEON","073","","","00000000","","PEANUTS","PEANUTS - PRODUCTION, MEASURED IN LB","TOTAL","NOT SPECIFIED","856,000",""
"SURVEY","1974","YEAR","","COUNTY","FLORIDA","12","NORTHWEST","10","LEON","073","","","00000000","","PEANUTS","PEANUTS - YIELD, MEASURED IN LB / ACRE","TOTAL","NOT SPECIFIED","3,230",""
"SURVEY","1974","YEAR","","COUNTY","FLORIDA","12","NORTHWEST","10","OKALOOSA","091","","","00000000","","PEANUTS","PEANUTS - ACRES HARVESTED","TOTAL","NOT SPECIFIED","585",""
"SURVEY","1974","YEAR","","COUNTY","FLORIDA","12","NORTHWEST","10","OKALOOSA","091","","","00000000","","PEANUTS","PEANUTS - PRODUCTION, MEASURED IN LB","TOTAL","NOT SPECIFIED","1,837,000",""
"SURVEY","1974","YEAR","","COUNTY","FLORIDA","12","NORTHWEST","10","OKALOOSA","091","","","00000000","","PEANUTS","PEANUTS - YIELD, MEASURED IN LB / ACRE","TOTAL","NOT SPECIFIED","3,140",""
"SURVEY","1974","YEAR","","COUNTY","FLORIDA","12","NORTHWEST","10","SANTA ROSA","113","","","00000000","","PEANUTS","PEANUTS - ACRES HARVESTED","TOTAL","NOT SPECIFIED","5,800",""
"SURVEY","1974","YEAR","","COUNTY","FLORIDA","12","NORTHWEST","10","SANTA ROSA","113","","","00000000","","PEANUTS","PEANUTS - PRODUCTION, MEASURED IN LB","TOTAL","NOT SPECIFIED","19,198,000",""
"SURVEY","1974","YEAR","","COUNTY","FLORIDA","12","NORTHWEST","10","SANTA ROSA","113","","","00000000","","PEANUTS","PEANUTS - YIELD, MEASURED IN LB / ACRE","TOTAL","NOT SPECIFIED","3,310",""
"SURVEY","1974","YEAR","","COUNTY","FLORIDA","12","NORTHWEST","10","WAKULLA","129","","","00000000","","PEANUTS","PEANUTS - ACRES HARVESTED","TOTAL","NOT SPECIFIED","545",""
"SURVEY","1974","YEAR","","COUNTY","FLORIDA","12","NORTHWEST","10","WAKULLA","129","","","00000000","","PEANUTS","PEANUTS - PRODUCTION, MEASURED IN LB","TOTAL","NOT SPECIFIED","1,313,000",""
"SURVEY","1974","YEAR","","COUNTY","FLORIDA","12","NORTHWEST","10","WAKULLA","129","","","00000000","","PEANUTS","PEANUTS - YIELD, MEASURED IN LB / ACRE","TOTAL","NOT SPECIFIED","2,410",""
"SURVEY","1974","YEAR","","COUNTY","FLORIDA","12","NORTHWEST","10","WALTON","131","","","00000000","","PEANUTS","PEANUTS - ACRES HARVESTED","TOTAL","NOT SPECIFIED","1,500",""
"SURVEY","1974","YEAR","","COUNTY","FLORIDA","12","NORTHWEST","10","WALTON","131","","","00000000","","PEANUTS","PEANUTS - PRODUCTION, MEASURED IN LB","TOTAL","NOT SPECIFIED","4,425,000",""
"SURVEY","1974","YEAR","","COUNTY","FLORIDA","12","NORTHWEST","10","WALTON","131","","","00000000","","PEANUTS","PEANUTS - YIELD, MEASURED IN LB / ACRE","TOTAL","NOT SPECIFIED","2,950",""
"SURVEY","1974","YEAR","","COUNTY","FLORIDA","12","NORTHWEST","10","WASHINGTON","133","","","00000000","","PEANUTS","PEANUTS - ACRES HARVESTED","TOTAL","NOT SPECIFIED","930",""
"SURVEY","1974","YEAR","","COUNTY","FLORIDA","12","NORTHWEST","10","WASHINGTON","133","","","00000000","","PEANUTS","PEANUTS - PRODUCTION, MEASURED IN LB","TOTAL","NOT SPECIFIED","2,930,000",""
"SURVEY","1974","YEAR","","COUNTY","FLORIDA","12","NORTHWEST","10","WASHINGTON","133","","","00000000","","PEANUTS","PEANUTS - YIELD, MEASURED IN LB / ACRE","TOTAL","NOT SPECIFIED","3,150",""
"SURVEY","1973","YEAR","","COUNTY","FLORIDA","12","CENTRAL","50","ALACHUA","001","","","00000000","","PEANUTS","PEANUTS - ACRES HARVESTED","TOTAL","NOT SPECIFIED","1,610",""
"SURVEY","1973","YEAR","","COUNTY","FLORIDA","12","CENTRAL","50","ALACHUA","001","","","00000000","","PEANUTS","PEANUTS - PRODUCTION, MEASURED IN LB","TOTAL","NOT SPECIFIED","5,184,000",""
"SURVEY","1973","YEAR","","COUNTY","FLORIDA","12","CENTRAL","50","ALACHUA","001","","","00000000","","PEANUTS","PEANUTS - YIELD, MEASURED IN LB / ACRE","TOTAL","NOT SPECIFIED","3,220",""
"SURVEY","1973","YEAR","","COUNTY","FLORIDA","12","CENTRAL","50","GILCHRIST","041","","","00000000","","PEANUTS","PEANUTS - ACRES HARVESTED","TOTAL","NOT SPECIFIED","410",""
"SURVEY","1973","YEAR","","COUNTY","FLORIDA","12","CENTRAL","50","GILCHRIST","041","","","00000000","","PEANUTS","PEANUTS - PRODUCTION, MEASURED IN LB","TOTAL","NOT SPECIFIED","1,099,000",""
"SURVEY","1973","YEAR","","COUNTY","FLORIDA","12","CENTRAL","50","GILCHRIST","041","","","00000000","","PEANUTS","PEANUTS - YIELD, MEASURED IN LB / ACRE","TOTAL","NOT SPECIFIED","2,680",""
"SURVEY","1973","YEAR","","COUNTY","FLORIDA","12","CENTRAL","50","LEVY","075","","","00000000","","PEANUTS","PEANUTS - ACRES HARVESTED","TOTAL","NOT SPECIFIED","2,630",""
"SURVEY","1973","YEAR","","COUNTY","FLORIDA","12","CENTRAL","50","LEVY","075","","","00000000","","PEANUTS","PEANUTS - PRODUCTION, MEASURED IN LB","TOTAL","NOT SPECIFIED","9,678,000",""
"SURVEY","1973","YEAR","","COUNTY","FLORIDA","12","CENTRAL","50","LEVY","075","","","00000000","","PEANUTS","PEANUTS - YIELD, MEASURED IN LB / ACRE","TOTAL","NOT SPECIFIED","3,680",""
"SURVEY","1973","YEAR","","COUNTY","FLORIDA","12","CENTRAL","50","MARION","083","","","00000000","","PEANUTS","PEANUTS - ACRES HARVESTED","TOTAL","NOT SPECIFIED","2,900",""
"SURVEY","1973","YEAR","","COUNTY","FLORIDA","12","CENTRAL","50","MARION","083","","","00000000","","PEANUTS","PEANUTS - PRODUCTION, MEASURED IN LB","TOTAL","NOT SPECIFIED","9,014,000",""
"SURVEY","1973","YEAR","","COUNTY","FLORIDA","12","CENTRAL","50","MARION","083","","","00000000","","PEANUTS","PEANUTS - YIELD, MEASURED IN LB / ACRE","TOTAL","NOT SPECIFIED","3,110",""
"SURVEY","1973","YEAR","","COUNTY","FLORIDA","12","NORTHEAST","30","COLUMBIA","023","","","00000000","","PEANUTS","PEANUTS - ACRES HARVESTED","TOTAL","NOT SPECIFIED","680",""
"SURVEY","1973","YEAR","","COUNTY","FLORIDA","12","NORTHEAST","30","COLUMBIA","023","","","00000000","","PEANUTS","PEANUTS - PRODUCTION, MEASURED IN LB","TOTAL","NOT SPECIFIED","1,945,000",""
"SURVEY","1973","YEAR","","COUNTY","FLORIDA","12","NORTHEAST","30","COLUMBIA","023","","","00000000","","PEANUTS","PEANUTS - YIELD, MEASURED IN LB / ACRE","TOTAL","NOT SPECIFIED","2,860",""
"SURVEY","1973","YEAR","","COUNTY","FLORIDA","12","NORTHEAST","30","DIXIE","029","","","00000000","","PEANUTS","PEANUTS - ACRES HARVESTED","TOTAL","NOT SPECIFIED","40",""
"SURVEY","1973","YEAR","","COUNTY","FLORIDA","12","NORTHEAST","30","DIXIE","029","","","00000000","","PEANUTS","PEANUTS - PRODUCTION, MEASURED IN LB","TOTAL","NOT SPECIFIED","69,000",""
"SURVEY","1973","YEAR","","COUNTY","FLORIDA","12","NORTHEAST","30","DIXIE","029","","","00000000","","PEANUTS","PEANUTS - YIELD, MEASURED IN LB / ACRE","TOTAL","NOT SPECIFIED","1,730",""
"SURVEY","1973","YEAR","","COUNTY","FLORIDA","12","NORTHEAST","30","HAMILTON","047","","","00000000","","PEANUTS","PEANUTS - ACRES HARVESTED","TOTAL","NOT SPECIFIED","120",""
"SURVEY","1973","YEAR","","COUNTY","FLORIDA","12","NORTHEAST","30","HAMILTON","047","","","00000000","","PEANUTS","PEANUTS - PRODUCTION, MEASURED IN LB","TOTAL","NOT SPECIFIED","226,000",""
"SURVEY","1973","YEAR","","COUNTY","FLORIDA","12","NORTHEAST","30","HAMILTON","047","","","00000000","","PEANUTS","PEANUTS - YIELD, MEASURED IN LB / ACRE","TOTAL","NOT SPECIFIED","1,880",""
"SURVEY","1973","YEAR","","COUNTY","FLORIDA","12","NORTHEAST","30","LAFAYETTE","067","","","00000000","","PEANUTS","PEANUTS - ACRES HARVESTED","TOTAL","NOT SPECIFIED","150",""
"SURVEY","1973","YEAR","","COUNTY","FLORIDA","12","NORTHEAST","30","LAFAYETTE","067","","","00000000","","PEANUTS","PEANUTS - PRODUCTION, MEASURED IN LB","TOTAL","NOT SPECIFIED","347,000",""
"SURVEY","1973","YEAR","","COUNTY","FLORIDA","12","NORTHEAST","30","LAFAYETTE","067","","","00000000","","PEANUTS","PEANUTS - YIELD, MEASURED IN LB / ACRE","TOTAL","NOT SPECIFIED","2,310",""
"SURVEY","1973","YEAR","","COUNTY","FLORIDA","12","NORTHEAST","30","MADISON","079","","","00000000","","PEANUTS","PEANUTS - ACRES HARVESTED","TOTAL","NOT SPECIFIED","250",""
"SURVEY","1973","YEAR","","COUNTY","FLORIDA","12","NORTHEAST","30","MADISON","079","","","00000000","","PEANUTS","PEANUTS - PRODUCTION, MEASURED IN LB","TOTAL","NOT SPECIFIED","635,000",""
"SURVEY","1973","YEAR","","COUNTY","FLORIDA","12","NORTHEAST","30","MADISON","079","","","00000000","","PEANUTS","PEANUTS - YIELD, MEASURED IN LB / ACRE","TOTAL","NOT SPECIFIED","2,540",""
"SURVEY","1973","YEAR","","COUNTY","FLORIDA","12","NORTHEAST","30","SUWANNEE","121","","","00000000","","PEANUTS","PEANUTS - ACRES HARVESTED","TOTAL","NOT SPECIFIED","1,560",""
"SURVEY","1973","YEAR","","COUNTY","FLORIDA","12","NORTHEAST","30","SUWANNEE","121","","","00000000","","PEANUTS","PEANUTS - PRODUCTION, MEASURED IN LB","TOTAL","NOT SPECIFIED","4,352,000",""
"SURVEY","1973","YEAR","","COUNTY","FLORIDA","12","NORTHEAST","30","SUWANNEE","121","","","00000000","","PEANUTS","PEANUTS - YIELD, MEASURED IN LB / ACRE","TOTAL","NOT SPECIFIED","2,790",""
"SURVEY","1973","YEAR","","COUNTY","FLORIDA","12","NORTHWEST","10","CALHOUN","013","","","00000000","","PEANUTS","PEANUTS - ACRES HARVESTED","TOTAL","NOT SPECIFIED","2,100",""
"SURVEY","1973","YEAR","","COUNTY","FLORIDA","12","NORTHWEST","10","CALHOUN","013","","","00000000","","PEANUTS","PEANUTS - PRODUCTION, MEASURED IN LB","TOTAL","NOT SPECIFIED","6,048,000",""
"SURVEY","1973","YEAR","","COUNTY","FLORIDA","12","NORTHWEST","10","CALHOUN","013","","","00000000","","PEANUTS","PEANUTS - YIELD, MEASURED IN LB / ACRE","TOTAL","NOT SPECIFIED","2,880",""
"SURVEY","1973","YEAR","","COUNTY","FLORIDA","12","NORTHWEST","10","ESCAMBIA","033","","","00000000","","PEANUTS","PEANUTS - ACRES HARVESTED","TOTAL","NOT SPECIFIED","40",""
"SURVEY","1973","YEAR","","COUNTY","FLORIDA","12","NORTHWEST","10","ESCAMBIA","033","","","00000000","","PEANUTS","PEANUTS - PRODUCTION, MEASURED IN LB","TOTAL","NOT SPECIFIED","128,000",""
"SURVEY","1973","YEAR","","COUNTY","FLORIDA","12","NORTHWEST","10","ESCAMBIA","033","","","00000000","","PEANUTS","PEANUTS - YIELD, MEASURED IN LB / ACRE","TOTAL","NOT SPECIFIED","3,200",""
"SURVEY","1973","YEAR","","COUNTY","FLORIDA","12","NORTHWEST","10","GADSDEN","039","","","00000000","","PEANUTS","PEANUTS - ACRES HARVESTED","TOTAL","NOT SPECIFIED","790",""
"SURVEY","1973","YEAR","","COUNTY","FLORIDA","12","NORTHWEST","10","GADSDEN","039","","","00000000","","PEANUTS","PEANUTS - PRODUCTION, MEASURED IN LB","TOTAL","NOT SPECIFIED","1,675,000",""
"SURVEY","1973","YEAR","","COUNTY","FLORIDA","12","NORTHWEST","10","GADSDEN","039","","","00000000","","PEANUTS","PEANUTS - YIELD, MEASURED IN LB / ACRE","TOTAL","NOT SPECIFIED","2,120",""
"SURVEY","1973","YEAR","","COUNTY","FLORIDA","12","NORTHWEST","10","HOLMES","059","","","00000000","","PEANUTS","PEANUTS - ACRES HARVESTED","TOTAL","NOT SPECIFIED","3,530",""
"SURVEY","1973","YEAR","","COUNTY","FLORIDA","12","NORTHWEST","10","HOLMES","059","","","00000000","","PEANUTS","PEANUTS - PRODUCTION, MEASURED IN LB","TOTAL","NOT SPECIFIED","8,507,000",""
"SURVEY","1973","YEAR","","COUNTY","FLORIDA","12","NORTHWEST","10","HOLMES","059","","","00000000","","PEANUTS","PEANUTS - YIELD, MEASURED IN LB / ACRE","TOTAL","NOT SPECIFIED","2,410",""
"SURVEY","1973","YEAR","","COUNTY","FLORIDA","12","NORTHWEST","10","JACKSON","063","","","00000000","","PEANUTS","PEANUTS - ACRES HARVESTED","TOTAL","NOT SPECIFIED","27,200",""
"SURVEY","1973","YEAR","","COUNTY","FLORIDA","12","NORTHWEST","10","JACKSON","063","","","00000000","","PEANUTS","PEANUTS - PRODUCTION, MEASURED IN LB","TOTAL","NOT SPECIFIED","71,264,000",""
"SURVEY","1973","YEAR","","COUNTY","FLORIDA","12","NORTHWEST","10","JACKSON","063","","","00000000","","PEANUTS","PEANUTS - YIELD, MEASURED IN LB / ACRE","TOTAL","NOT SPECIFIED","2,620",""
"SURVEY","1973","YEAR","","COUNTY","FLORIDA","12","NORTHWEST","10","JEFFERSON","065","","","00000000","","PEANUTS","PEANUTS - ACRES HARVESTED","TOTAL","NOT SPECIFIED","1,350",""
"SURVEY","1973","YEAR","","COUNTY","FLORIDA","12","NORTHWEST","10","JEFFERSON","065","","","00000000","","PEANUTS","PEANUTS - PRODUCTION, MEASURED IN LB","TOTAL","NOT SPECIFIED","3,267,000",""
"SURVEY","1973","YEAR","","COUNTY","FLORIDA","12","NORTHWEST","10","JEFFERSON","065","","","00000000","","PEANUTS","PEANUTS - YIELD, MEASURED IN LB / ACRE","TOTAL","NOT SPECIFIED","2,420",""
"SURVEY","1973","YEAR","","COUNTY","FLORIDA","12","NORTHWEST","10","LEON","073","","","00000000","","PEANUTS","PEANUTS - ACRES HARVESTED","TOTAL","NOT SPECIFIED","280",""
"SURVEY","1973","YEAR","","COUNTY","FLORIDA","12","NORTHWEST","10","LEON","073","","","00000000","","PEANUTS","PEANUTS - PRODUCTION, MEASURED IN LB","TOTAL","NOT SPECIFIED","647,000",""
"SURVEY","1973","YEAR","","COUNTY","FLORIDA","12","NORTHWEST","10","LEON","073","","","00000000","","PEANUTS","PEANUTS - YIELD, MEASURED IN LB / ACRE","TOTAL","NOT SPECIFIED","2,310",""
"SURVEY","1973","YEAR","","COUNTY","FLORIDA","12","NORTHWEST","10","OKALOOSA","091","","","00000000","","PEANUTS","PEANUTS - ACRES HARVESTED","TOTAL","NOT SPECIFIED","590",""
"SURVEY","1973","YEAR","","COUNTY","FLORIDA","12","NORTHWEST","10","OKALOOSA","091","","","00000000","","PEANUTS","PEANUTS - PRODUCTION, MEASURED IN LB","TOTAL","NOT SPECIFIED","1,392,000",""
"SURVEY","1973","YEAR","","COUNTY","FLORIDA","12","NORTHWEST","10","OKALOOSA","091","","","00000000","","PEANUTS","PEANUTS - YIELD, MEASURED IN LB / ACRE","TOTAL","NOT SPECIFIED","2,360",""
"SURVEY","1973","YEAR","","COUNTY","FLORIDA","12","NORTHWEST","10","SANTA ROSA","113","","","00000000","","PEANUTS","PEANUTS - ACRES HARVESTED","TOTAL","NOT SPECIFIED","5,800",""
"SURVEY","1973","YEAR","","COUNTY","FLORIDA","12","NORTHWEST","10","SANTA ROSA","113","","","00000000","","PEANUTS","PEANUTS - PRODUCTION, MEASURED IN LB","TOTAL","NOT SPECIFIED","17,516,000",""
"SURVEY","1973","YEAR","","COUNTY","FLORIDA","12","NORTHWEST","10","SANTA ROSA","113","","","00000000","","PEANUTS","PEANUTS - YIELD, MEASURED IN LB / ACRE","TOTAL","NOT SPECIFIED","3,020",""
"SURVEY","1973","YEAR","","COUNTY","FLORIDA","12","NORTHWEST","10","WAKULLA","129","","","00000000","","PEANUTS","PEANUTS - ACRES HARVESTED","TOTAL","NOT SPECIFIED","490",""
"SURVEY","1973","YEAR","","COUNTY","FLORIDA","12","NORTHWEST","10","WAKULLA","129","","","00000000","","PEANUTS","PEANUTS - PRODUCTION, MEASURED IN LB","TOTAL","NOT SPECIFIED","956,000",""
"SURVEY","1973","YEAR","","COUNTY","FLORIDA","12","NORTHWEST","10","WAKULLA","129","","","00000000","","PEANUTS","PEANUTS - YIELD, MEASURED IN LB / ACRE","TOTAL","NOT SPECIFIED","1,950",""
"SURVEY","1973","YEAR","","COUNTY","FLORIDA","12","NORTHWEST","10","WALTON","131","","","00000000","","PEANUTS","PEANUTS - ACRES HARVESTED","TOTAL","NOT SPECIFIED","1,550",""
"SURVEY","1973","YEAR","","COUNTY","FLORIDA","12","NORTHWEST","10","WALTON","131","","","00000000","","PEANUTS","PEANUTS - PRODUCTION, MEASURED IN LB","TOTAL","NOT SPECIFIED","3,937,000",""
"SURVEY","1973","YEAR","","COUNTY","FLORIDA","12","NORTHWEST","10","WALTON","131","","","00000000","","PEANUTS","PEANUTS - YIELD, MEASURED IN LB / ACRE","TOTAL","NOT SPECIFIED","2,540",""
"SURVEY","1973","YEAR","","COUNTY","FLORIDA","12","NORTHWEST","10","WASHINGTON","133","","","00000000","","PEANUTS","PEANUTS - ACRES HARVESTED","TOTAL","NOT SPECIFIED","930",""
"SURVEY","1973","YEAR","","COUNTY","FLORIDA","12","NORTHWEST","10","WASHINGTON","133","","","00000000","","PEANUTS","PEANUTS - PRODUCTION, MEASURED IN LB","TOTAL","NOT SPECIFIED","2,539,000",""
"SURVEY","1973","YEAR","","COUNTY","FLORIDA","12","NORTHWEST","10","WASHINGTON","133","","","00000000","","PEANUTS","PEANUTS - YIELD, MEASURED IN LB / ACRE","TOTAL","NOT SPECIFIED","2,730",""
"SURVEY","1972","YEAR","","COUNTY","FLORIDA","12","CENTRAL","50","ALACHUA","001","","","00000000","","PEANUTS","PEANUTS - ACRES HARVESTED","TOTAL","NOT SPECIFIED","1,600",""
"SURVEY","1972","YEAR","","COUNTY","FLORIDA","12","CENTRAL","50","ALACHUA","001","","","00000000","","PEANUTS","PEANUTS - PRODUCTION, MEASURED IN LB","TOTAL","NOT SPECIFIED","4,688,000",""
"SURVEY","1972","YEAR","","COUNTY","FLORIDA","12","CENTRAL","50","ALACHUA","001","","","00000000","","PEANUTS","PEANUTS - YIELD, MEASURED IN LB / ACRE","TOTAL","NOT SPECIFIED","2,930",""
"SURVEY","1972","YEAR","","COUNTY","FLORIDA","12","CENTRAL","50","GILCHRIST","041","","","00000000","","PEANUTS","PEANUTS - ACRES HARVESTED","TOTAL","NOT SPECIFIED","400",""
"SURVEY","1972","YEAR","","COUNTY","FLORIDA","12","CENTRAL","50","GILCHRIST","041","","","00000000","","PEANUTS","PEANUTS - PRODUCTION, MEASURED IN LB","TOTAL","NOT SPECIFIED","876,000",""
"SURVEY","1972","YEAR","","COUNTY","FLORIDA","12","CENTRAL","50","GILCHRIST","041","","","00000000","","PEANUTS","PEANUTS - YIELD, MEASURED IN LB / ACRE","TOTAL","NOT SPECIFIED","2,190",""
"SURVEY","1972","YEAR","","COUNTY","FLORIDA","12","CENTRAL","50","LEVY","075","","","00000000","","PEANUTS","PEANUTS - ACRES HARVESTED","TOTAL","NOT SPECIFIED","2,600",""
"SURVEY","1972","YEAR","","COUNTY","FLORIDA","12","CENTRAL","50","LEVY","075","","","00000000","","PEANUTS","PEANUTS - PRODUCTION, MEASURED IN LB","TOTAL","NOT SPECIFIED","9,074,000",""
"SURVEY","1972","YEAR","","COUNTY","FLORIDA","12","CENTRAL","50","LEVY","075","","","00000000","","PEANUTS","PEANUTS - YIELD, MEASURED IN LB / ACRE","TOTAL","NOT SPECIFIED","3,490",""
"SURVEY","1972","YEAR","","COUNTY","FLORIDA","12","CENTRAL","50","MARION","083","","","00000000","","PEANUTS","PEANUTS - ACRES HARVESTED","TOTAL","NOT SPECIFIED","2,700",""
"SURVEY","1972","YEAR","","COUNTY","FLORIDA","12","CENTRAL","50","MARION","083","","","00000000","","PEANUTS","PEANUTS - PRODUCTION, MEASURED IN LB","TOTAL","NOT SPECIFIED","8,640,000",""
"SURVEY","1972","YEAR","","COUNTY","FLORIDA","12","CENTRAL","50","MARION","083","","","00000000","","PEANUTS","PEANUTS - YIELD, MEASURED IN LB / ACRE","TOTAL","NOT SPECIFIED","3,200",""
"SURVEY","1972","YEAR","","COUNTY","FLORIDA","12","NORTHEAST","30","COLUMBIA","023","","","00000000","","PEANUTS","PEANUTS - ACRES HARVESTED","TOTAL","NOT SPECIFIED","660",""
"SURVEY","1972","YEAR","","COUNTY","FLORIDA","12","NORTHEAST","30","COLUMBIA","023","","","00000000","","PEANUTS","PEANUTS - PRODUCTION, MEASURED IN LB","TOTAL","NOT SPECIFIED","1,815,000",""
"SURVEY","1972","YEAR","","COUNTY","FLORIDA","12","NORTHEAST","30","COLUMBIA","023","","","00000000","","PEANUTS","PEANUTS - YIELD, MEASURED IN LB / ACRE","TOTAL","NOT SPECIFIED","2,750",""
"SURVEY","1972","YEAR","","COUNTY","FLORIDA","12","NORTHEAST","30","DIXIE","029","","","00000000","","PEANUTS","PEANUTS - ACRES HARVESTED","TOTAL","NOT SPECIFIED","40",""
"SURVEY","1972","YEAR","","COUNTY","FLORIDA","12","NORTHEAST","30","DIXIE","029","","","00000000","","PEANUTS","PEANUTS - PRODUCTION, MEASURED IN LB","TOTAL","NOT SPECIFIED","102,000",""
"SURVEY","1972","YEAR","","COUNTY","FLORIDA","12","NORTHEAST","30","DIXIE","029","","","00000000","","PEANUTS","PEANUTS - YIELD, MEASURED IN LB / ACRE","TOTAL","NOT SPECIFIED","2,550",""
"SURVEY","1972","YEAR","","COUNTY","FLORIDA","12","NORTHEAST","30","HAMILTON","047","","","00000000","","PEANUTS","PEANUTS - ACRES HARVESTED","TOTAL","NOT SPECIFIED","120",""
"SURVEY","1972","YEAR","","COUNTY","FLORIDA","12","NORTHEAST","30","HAMILTON","047","","","00000000","","PEANUTS","PEANUTS - PRODUCTION, MEASURED IN LB","TOTAL","NOT SPECIFIED","210,000",""
"SURVEY","1972","YEAR","","COUNTY","FLORIDA","12","NORTHEAST","30","HAMILTON","047","","","00000000","","PEANUTS","PEANUTS - YIELD, MEASURED IN LB / ACRE","TOTAL","NOT SPECIFIED","1,750",""
"SURVEY","1972","YEAR","","COUNTY","FLORIDA","12","NORTHEAST","30","LAFAYETTE","067","","","00000000","","PEANUTS","PEANUTS - ACRES HARVESTED","TOTAL","NOT SPECIFIED","170",""
"SURVEY","1972","YEAR","","COUNTY","FLORIDA","12","NORTHEAST","30","LAFAYETTE","067","","","00000000","","PEANUTS","PEANUTS - PRODUCTION, MEASURED IN LB","TOTAL","NOT SPECIFIED","306,000",""
"SURVEY","1972","YEAR","","COUNTY","FLORIDA","12","NORTHEAST","30","LAFAYETTE","067","","","00000000","","PEANUTS","PEANUTS - YIELD, MEASURED IN LB / ACRE","TOTAL","NOT SPECIFIED","1,800",""
"SURVEY","1972","YEAR","","COUNTY","FLORIDA","12","NORTHEAST","30","MADISON","079","","","00000000","","PEANUTS","PEANUTS - ACRES HARVESTED","TOTAL","NOT SPECIFIED","260",""
"SURVEY","1972","YEAR","","COUNTY","FLORIDA","12","NORTHEAST","30","MADISON","079","","","00000000","","PEANUTS","PEANUTS - PRODUCTION, MEASURED IN LB","TOTAL","NOT SPECIFIED","572,000",""
"SURVEY","1972","YEAR","","COUNTY","FLORIDA","12","NORTHEAST","30","MADISON","079","","","00000000","","PEANUTS","PEANUTS - YIELD, MEASURED IN LB / ACRE","TOTAL","NOT SPECIFIED","2,200",""
"SURVEY","1972","YEAR","","COUNTY","FLORIDA","12","NORTHEAST","30","SUWANNEE","121","","","00000000","","PEANUTS","PEANUTS - ACRES HARVESTED","TOTAL","NOT SPECIFIED","1,500",""
"SURVEY","1972","YEAR","","COUNTY","FLORIDA","12","NORTHEAST","30","SUWANNEE","121","","","00000000","","PEANUTS","PEANUTS - PRODUCTION, MEASURED IN LB","TOTAL","NOT SPECIFIED","3,630,000",""
"SURVEY","1972","YEAR","","COUNTY","FLORIDA","12","NORTHEAST","30","SUWANNEE","121","","","00000000","","PEANUTS","PEANUTS - YIELD, MEASURED IN LB / ACRE","TOTAL","NOT SPECIFIED","2,420",""
"SURVEY","1972","YEAR","","COUNTY","FLORIDA","12","NORTHWEST","10","CALHOUN","013","","","00000000","","PEANUTS","PEANUTS - ACRES HARVESTED","TOTAL","NOT SPECIFIED","2,100",""
"SURVEY","1972","YEAR","","COUNTY","FLORIDA","12","NORTHWEST","10","CALHOUN","013","","","00000000","","PEANUTS","PEANUTS - PRODUCTION, MEASURED IN LB","TOTAL","NOT SPECIFIED","6,090,000",""
"SURVEY","1972","YEAR","","COUNTY","FLORIDA","12","NORTHWEST","10","CALHOUN","013","","","00000000","","PEANUTS","PEANUTS - YIELD, MEASURED IN LB / ACRE","TOTAL","NOT SPECIFIED","2,900",""
"SURVEY","1972","YEAR","","COUNTY","FLORIDA","12","NORTHWEST","10","ESCAMBIA","033","","","00000000","","PEANUTS","PEANUTS - ACRES HARVESTED","TOTAL","NOT SPECIFIED","50",""
"SURVEY","1972","YEAR","","COUNTY","FLORIDA","12","NORTHWEST","10","ESCAMBIA","033","","","00000000","","PEANUTS","PEANUTS - PRODUCTION, MEASURED IN LB","TOTAL","NOT SPECIFIED","174,000",""
"SURVEY","1972","YEAR","","COUNTY","FLORIDA","12","NORTHWEST","10","ESCAMBIA","033","","","00000000","","PEANUTS","PEANUTS - YIELD, MEASURED IN LB / ACRE","TOTAL","NOT SPECIFIED","3,480",""
"SURVEY","1972","YEAR","","COUNTY","FLORIDA","12","NORTHWEST","10","GADSDEN","039","","","00000000","","PEANUTS","PEANUTS - ACRES HARVESTED","TOTAL","NOT SPECIFIED","850",""
"SURVEY","1972","YEAR","","COUNTY","FLORIDA","12","NORTHWEST","10","GADSDEN","039","","","00000000","","PEANUTS","PEANUTS - PRODUCTION, MEASURED IN LB","TOTAL","NOT SPECIFIED","1,921,000",""
"SURVEY","1972","YEAR","","COUNTY","FLORIDA","12","NORTHWEST","10","GADSDEN","039","","","00000000","","PEANUTS","PEANUTS - YIELD, MEASURED IN LB / ACRE","TOTAL","NOT SPECIFIED","2,260",""
"SURVEY","1972","YEAR","","COUNTY","FLORIDA","12","NORTHWEST","10","HOLMES","059","","","00000000","","PEANUTS","PEANUTS - ACRES HARVESTED","TOTAL","NOT SPECIFIED","3,550",""
"SURVEY","1972","YEAR","","COUNTY","FLORIDA","12","NORTHWEST","10","HOLMES","059","","","00000000","","PEANUTS","PEANUTS - PRODUCTION, MEASURED IN LB","TOTAL","NOT SPECIFIED","6,745,000",""
"SURVEY","1972","YEAR","","COUNTY","FLORIDA","12","NORTHWEST","10","HOLMES","059","","","00000000","","PEANUTS","PEANUTS - YIELD, MEASURED IN LB / ACRE","TOTAL","NOT SPECIFIED","1,900",""
"SURVEY","1972","YEAR","","COUNTY","FLORIDA","12","NORTHWEST","10","JACKSON","063","","","00000000","","PEANUTS","PEANUTS - ACRES HARVESTED","TOTAL","NOT SPECIFIED","26,700",""
"SURVEY","1972","YEAR","","COUNTY","FLORIDA","12","NORTHWEST","10","JACKSON","063","","","00000000","","PEANUTS","PEANUTS - PRODUCTION, MEASURED IN LB","TOTAL","NOT SPECIFIED","62,478,000",""
"SURVEY","1972","YEAR","","COUNTY","FLORIDA","12","NORTHWEST","10","JACKSON","063","","","00000000","","PEANUTS","PEANUTS - YIELD, MEASURED IN LB / ACRE","TOTAL","NOT SPECIFIED","2,340",""
"SURVEY","1972","YEAR","","COUNTY","FLORIDA","12","NORTHWEST","10","JEFFERSON","065","","","00000000","","PEANUTS","PEANUTS - ACRES HARVESTED","TOTAL","NOT SPECIFIED","1,150",""
"SURVEY","1972","YEAR","","COUNTY","FLORIDA","12","NORTHWEST","10","JEFFERSON","065","","","00000000","","PEANUTS","PEANUTS - PRODUCTION, MEASURED IN LB","TOTAL","NOT SPECIFIED","2,760,000",""
"SURVEY","1972","YEAR","","COUNTY","FLORIDA","12","NORTHWEST","10","JEFFERSON","065","","","00000000","","PEANUTS","PEANUTS - YIELD, MEASURED IN LB / ACRE","TOTAL","NOT SPECIFIED","2,400",""
"SURVEY","1972","YEAR","","COUNTY","FLORIDA","12","NORTHWEST","10","LEON","073","","","00000000","","PEANUTS","PEANUTS - ACRES HARVESTED","TOTAL","NOT SPECIFIED","300",""
"SURVEY","1972","YEAR","","COUNTY","FLORIDA","12","NORTHWEST","10","LEON","073","","","00000000","","PEANUTS","PEANUTS - PRODUCTION, MEASURED IN LB","TOTAL","NOT SPECIFIED","810,000",""
"SURVEY","1972","YEAR","","COUNTY","FLORIDA","12","NORTHWEST","10","LEON","073","","","00000000","","PEANUTS","PEANUTS - YIELD, MEASURED IN LB / ACRE","TOTAL","NOT SPECIFIED","2,700",""
"SURVEY","1972","YEAR","","COUNTY","FLORIDA","12","NORTHWEST","10","OKALOOSA","091","","","00000000","","PEANUTS","PEANUTS - ACRES HARVESTED","TOTAL","NOT SPECIFIED","600",""
"SURVEY","1972","YEAR","","COUNTY","FLORIDA","12","NORTHWEST","10","OKALOOSA","091","","","00000000","","PEANUTS","PEANUTS - PRODUCTION, MEASURED IN LB","TOTAL","NOT SPECIFIED","1,770,000",""
"SURVEY","1972","YEAR","","COUNTY","FLORIDA","12","NORTHWEST","10","OKALOOSA","091","","","00000000","","PEANUTS","PEANUTS - YIELD, MEASURED IN LB / ACRE","TOTAL","NOT SPECIFIED","2,950",""
"SURVEY","1972","YEAR","","COUNTY","FLORIDA","12","NORTHWEST","10","SANTA ROSA","113","","","00000000","","PEANUTS","PEANUTS - ACRES HARVESTED","TOTAL","NOT SPECIFIED","5,750",""
"SURVEY","1972","YEAR","","COUNTY","FLORIDA","12","NORTHWEST","10","SANTA ROSA","113","","","00000000","","PEANUTS","PEANUTS - PRODUCTION, MEASURED IN LB","TOTAL","NOT SPECIFIED","17,940,000",""
"SURVEY","1972","YEAR","","COUNTY","FLORIDA","12","NORTHWEST","10","SANTA ROSA","113","","","00000000","","PEANUTS","PEANUTS - YIELD, MEASURED IN LB / ACRE","TOTAL","NOT SPECIFIED","3,120",""
"SURVEY","1972","YEAR","","COUNTY","FLORIDA","12","NORTHWEST","10","WAKULLA","129","","","00000000","","PEANUTS","PEANUTS - ACRES HARVESTED","TOTAL","NOT SPECIFIED","500",""
"SURVEY","1972","YEAR","","COUNTY","FLORIDA","12","NORTHWEST","10","WAKULLA","129","","","00000000","","PEANUTS","PEANUTS - PRODUCTION, MEASURED IN LB","TOTAL","NOT SPECIFIED","1,065,000",""
"SURVEY","1972","YEAR","","COUNTY","FLORIDA","12","NORTHWEST","10","WAKULLA","129","","","00000000","","PEANUTS","PEANUTS - YIELD, MEASURED IN LB / ACRE","TOTAL","NOT SPECIFIED","2,130",""
"SURVEY","1972","YEAR","","COUNTY","FLORIDA","12","NORTHWEST","10","WALTON","131","","","00000000","","PEANUTS","PEANUTS - ACRES HARVESTED","TOTAL","NOT SPECIFIED","1,450",""
"SURVEY","1972","YEAR","","COUNTY","FLORIDA","12","NORTHWEST","10","WALTON","131","","","00000000","","PEANUTS","PEANUTS - PRODUCTION, MEASURED IN LB","TOTAL","NOT SPECIFIED","3,944,000",""
"SURVEY","1972","YEAR","","COUNTY","FLORIDA","12","NORTHWEST","10","WALTON","131","","","00000000","","PEANUTS","PEANUTS - YIELD, MEASURED IN LB / ACRE","TOTAL","NOT SPECIFIED","2,720",""
"SURVEY","1972","YEAR","","COUNTY","FLORIDA","12","NORTHWEST","10","WASHINGTON","133","","","00000000","","PEANUTS","PEANUTS - ACRES HARVESTED","TOTAL","NOT SPECIFIED","950",""
"SURVEY","1972","YEAR","","COUNTY","FLORIDA","12","NORTHWEST","10","WASHINGTON","133","","","00000000","","PEANUTS","PEANUTS - PRODUCTION, MEASURED IN LB","TOTAL","NOT SPECIFIED","2,090,000",""
"SURVEY","1972","YEAR","","COUNTY","FLORIDA","12","NORTHWEST","10","WASHINGTON","133","","","00000000","","PEANUTS","PEANUTS - YIELD, MEASURED IN LB / ACRE","TOTAL","NOT SPECIFIED","2,200",""
"SURVEY","1971","YEAR","","COUNTY","FLORIDA","12","CENTRAL","50","ALACHUA","001","","","00000000","","PEANUTS","PEANUTS - ACRES HARVESTED","TOTAL","NOT SPECIFIED","1,600",""
"SURVEY","1971","YEAR","","COUNTY","FLORIDA","12","CENTRAL","50","ALACHUA","001","","","00000000","","PEANUTS","PEANUTS - PRODUCTION, MEASURED IN LB","TOTAL","NOT SPECIFIED","4,320,000",""
"SURVEY","1971","YEAR","","COUNTY","FLORIDA","12","CENTRAL","50","ALACHUA","001","","","00000000","","PEANUTS","PEANUTS - YIELD, MEASURED IN LB / ACRE","TOTAL","NOT SPECIFIED","2,700",""
"SURVEY","1971","YEAR","","COUNTY","FLORIDA","12","CENTRAL","50","GILCHRIST","041","","","00000000","","PEANUTS","PEANUTS - ACRES HARVESTED","TOTAL","NOT SPECIFIED","350",""
"SURVEY","1971","YEAR","","COUNTY","FLORIDA","12","CENTRAL","50","GILCHRIST","041","","","00000000","","PEANUTS","PEANUTS - PRODUCTION, MEASURED IN LB","TOTAL","NOT SPECIFIED","665,000",""
"SURVEY","1971","YEAR","","COUNTY","FLORIDA","12","CENTRAL","50","GILCHRIST","041","","","00000000","","PEANUTS","PEANUTS - YIELD, MEASURED IN LB / ACRE","TOTAL","NOT SPECIFIED","1,900",""
"SURVEY","1971","YEAR","","COUNTY","FLORIDA","12","CENTRAL","50","LEVY","075","","","00000000","","PEANUTS","PEANUTS - ACRES HARVESTED","TOTAL","NOT SPECIFIED","2,550",""
"SURVEY","1971","YEAR","","COUNTY","FLORIDA","12","CENTRAL","50","LEVY","075","","","00000000","","PEANUTS","PEANUTS - PRODUCTION, MEASURED IN LB","TOTAL","NOT SPECIFIED","8,415,000",""
"SURVEY","1971","YEAR","","COUNTY","FLORIDA","12","CENTRAL","50","LEVY","075","","","00000000","","PEANUTS","PEANUTS - YIELD, MEASURED IN LB / ACRE","TOTAL","NOT SPECIFIED","3,300",""
"SURVEY","1971","YEAR","","COUNTY","FLORIDA","12","CENTRAL","50","MARION","083","","","00000000","","PEANUTS","PEANUTS - ACRES HARVESTED","TOTAL","NOT SPECIFIED","2,500",""
"SURVEY","1971","YEAR","","COUNTY","FLORIDA","12","CENTRAL","50","MARION","083","","","00000000","","PEANUTS","PEANUTS - PRODUCTION, MEASURED IN LB","TOTAL","NOT SPECIFIED","6,650,000",""
"SURVEY","1971","YEAR","","COUNTY","FLORIDA","12","CENTRAL","50","MARION","083","","","00000000","","PEANUTS","PEANUTS - YIELD, MEASURED IN LB / ACRE","TOTAL","NOT SPECIFIED","2,660",""
"SURVEY","1971","YEAR","","COUNTY","FLORIDA","12","NORTHEAST","30","COLUMBIA","023","","","00000000","","PEANUTS","PEANUTS - ACRES HARVESTED","TOTAL","NOT SPECIFIED","650",""
"SURVEY","1971","YEAR","","COUNTY","FLORIDA","12","NORTHEAST","30","COLUMBIA","023","","","00000000","","PEANUTS","PEANUTS - PRODUCTION, MEASURED IN LB","TOTAL","NOT SPECIFIED","1,586,000",""
"SURVEY","1971","YEAR","","COUNTY","FLORIDA","12","NORTHEAST","30","COLUMBIA","023","","","00000000","","PEANUTS","PEANUTS - YIELD, MEASURED IN LB / ACRE","TOTAL","NOT SPECIFIED","2,440",""
"SURVEY","1971","YEAR","","COUNTY","FLORIDA","12","NORTHEAST","30","DIXIE","029","","","00000000","","PEANUTS","PEANUTS - ACRES HARVESTED","TOTAL","NOT SPECIFIED","30",""
"SURVEY","1971","YEAR","","COUNTY","FLORIDA","12","NORTHEAST","30","DIXIE","029","","","00000000","","PEANUTS","PEANUTS - PRODUCTION, MEASURED IN LB","TOTAL","NOT SPECIFIED","36,000",""
"SURVEY","1971","YEAR","","COUNTY","FLORIDA","12","NORTHEAST","30","DIXIE","029","","","00000000","","PEANUTS","PEANUTS - YIELD, MEASURED IN LB / ACRE","TOTAL","NOT SPECIFIED","1,200",""
"SURVEY","1971","YEAR","","COUNTY","FLORIDA","12","NORTHEAST","30","HAMILTON","047","","","00000000","","PEANUTS","PEANUTS - ACRES HARVESTED","TOTAL","NOT SPECIFIED","120",""
"SURVEY","1971","YEAR","","COUNTY","FLORIDA","12","NORTHEAST","30","HAMILTON","047","","","00000000","","PEANUTS","PEANUTS - PRODUCTION, MEASURED IN LB","TOTAL","NOT SPECIFIED","210,000",""
"SURVEY","1971","YEAR","","COUNTY","FLORIDA","12","NORTHEAST","30","HAMILTON","047","","","00000000","","PEANUTS","PEANUTS - YIELD, MEASURED IN LB / ACRE","TOTAL","NOT SPECIFIED","1,750",""
"SURVEY","1971","YEAR","","COUNTY","FLORIDA","12","NORTHEAST","30","LAFAYETTE","067","","","00000000","","PEANUTS","PEANUTS - ACRES HARVESTED","TOTAL","NOT SPECIFIED","150",""
"SURVEY","1971","YEAR","","COUNTY","FLORIDA","12","NORTHEAST","30","LAFAYETTE","067","","","00000000","","PEANUTS","PEANUTS - PRODUCTION, MEASURED IN LB","TOTAL","NOT SPECIFIED","270,000",""
"SURVEY","1971","YEAR","","COUNTY","FLORIDA","12","NORTHEAST","30","LAFAYETTE","067","","","00000000","","PEANUTS","PEANUTS - YIELD, MEASURED IN LB / ACRE","TOTAL","NOT SPECIFIED","1,800",""
"SURVEY","1971","YEAR","","COUNTY","FLORIDA","12","NORTHEAST","30","MADISON","079","","","00000000","","PEANUTS","PEANUTS - ACRES HARVESTED","TOTAL","NOT SPECIFIED","250",""
"SURVEY","1971","YEAR","","COUNTY","FLORIDA","12","NORTHEAST","30","MADISON","079","","","00000000","","PEANUTS","PEANUTS - PRODUCTION, MEASURED IN LB","TOTAL","NOT SPECIFIED","850,000",""
"SURVEY","1971","YEAR","","COUNTY","FLORIDA","12","NORTHEAST","30","MADISON","079","","","00000000","","PEANUTS","PEANUTS - YIELD, MEASURED IN LB / ACRE","TOTAL","NOT SPECIFIED","3,400",""
"SURVEY","1971","YEAR","","COUNTY","FLORIDA","12","NORTHEAST","30","SUWANNEE","121","","","00000000","","PEANUTS","PEANUTS - ACRES HARVESTED","TOTAL","NOT SPECIFIED","1,600",""
"SURVEY","1971","YEAR","","COUNTY","FLORIDA","12","NORTHEAST","30","SUWANNEE","121","","","00000000","","PEANUTS","PEANUTS - PRODUCTION, MEASURED IN LB","TOTAL","NOT SPECIFIED","4,160,000",""
"SURVEY","1971","YEAR","","COUNTY","FLORIDA","12","NORTHEAST","30","SUWANNEE","121","","","00000000","","PEANUTS","PEANUTS - YIELD, MEASURED IN LB / ACRE","TOTAL","NOT SPECIFIED","2,600",""
"SURVEY","1971","YEAR","","COUNTY","FLORIDA","12","NORTHWEST","10","CALHOUN","013","","","00000000","","PEANUTS","PEANUTS - ACRES HARVESTED","TOTAL","NOT SPECIFIED","2,050",""
"SURVEY","1971","YEAR","","COUNTY","FLORIDA","12","NORTHWEST","10","CALHOUN","013","","","00000000","","PEANUTS","PEANUTS - PRODUCTION, MEASURED IN LB","TOTAL","NOT SPECIFIED","6,191,000",""
"SURVEY","1971","YEAR","","COUNTY","FLORIDA","12","NORTHWEST","10","CALHOUN","013","","","00000000","","PEANUTS","PEANUTS - YIELD, MEASURED IN LB / ACRE","TOTAL","NOT SPECIFIED","3,020",""
"SURVEY","1971","YEAR","","COUNTY","FLORIDA","12","NORTHWEST","10","ESCAMBIA","033","","","00000000","","PEANUTS","PEANUTS - ACRES HARVESTED","TOTAL","NOT SPECIFIED","50",""
"SURVEY","1971","YEAR","","COUNTY","FLORIDA","12","NORTHWEST","10","ESCAMBIA","033","","","00000000","","PEANUTS","PEANUTS - PRODUCTION, MEASURED IN LB","TOTAL","NOT SPECIFIED","142,000",""
"SURVEY","1971","YEAR","","COUNTY","FLORIDA","12","NORTHWEST","10","ESCAMBIA","033","","","00000000","","PEANUTS","PEANUTS - YIELD, MEASURED IN LB / ACRE","TOTAL","NOT SPECIFIED","2,840",""
"SURVEY","1971","YEAR","","COUNTY","FLORIDA","12","NORTHWEST","10","GADSDEN","039","","","00000000","","PEANUTS","PEANUTS - ACRES HARVESTED","TOTAL","NOT SPECIFIED","800",""
"SURVEY","1971","YEAR","","COUNTY","FLORIDA","12","NORTHWEST","10","GADSDEN","039","","","00000000","","PEANUTS","PEANUTS - PRODUCTION, MEASURED IN LB","TOTAL","NOT SPECIFIED","1,280,000",""
"SURVEY","1971","YEAR","","COUNTY","FLORIDA","12","NORTHWEST","10","GADSDEN","039","","","00000000","","PEANUTS","PEANUTS - YIELD, MEASURED IN LB / ACRE","TOTAL","NOT SPECIFIED","1,600",""
"SURVEY","1971","YEAR","","COUNTY","FLORIDA","12","NORTHWEST","10","HOLMES","059","","","00000000","","PEANUTS","PEANUTS - ACRES HARVESTED","TOTAL","NOT SPECIFIED","3,500",""
"SURVEY","1971","YEAR","","COUNTY","FLORIDA","12","NORTHWEST","10","HOLMES","059","","","00000000","","PEANUTS","PEANUTS - PRODUCTION, MEASURED IN LB","TOTAL","NOT SPECIFIED","8,330,000",""
"SURVEY","1971","YEAR","","COUNTY","FLORIDA","12","NORTHWEST","10","HOLMES","059","","","00000000","","PEANUTS","PEANUTS - YIELD, MEASURED IN LB / ACRE","TOTAL","NOT SPECIFIED","2,380",""
"SURVEY","1971","YEAR","","COUNTY","FLORIDA","12","NORTHWEST","10","JACKSON","063","","","00000000","","PEANUTS","PEANUTS - ACRES HARVESTED","TOTAL","NOT SPECIFIED","26,850",""
"SURVEY","1971","YEAR","","COUNTY","FLORIDA","12","NORTHWEST","10","JACKSON","063","","","00000000","","PEANUTS","PEANUTS - PRODUCTION, MEASURED IN LB","TOTAL","NOT SPECIFIED","66,588,000",""
"SURVEY","1971","YEAR","","COUNTY","FLORIDA","12","NORTHWEST","10","JACKSON","063","","","00000000","","PEANUTS","PEANUTS - YIELD, MEASURED IN LB / ACRE","TOTAL","NOT SPECIFIED","2,480",""
"SURVEY","1971","YEAR","","COUNTY","FLORIDA","12","NORTHWEST","10","JEFFERSON","065","","","00000000","","PEANUTS","PEANUTS - ACRES HARVESTED","TOTAL","NOT SPECIFIED","1,350",""
"SURVEY","1971","YEAR","","COUNTY","FLORIDA","12","NORTHWEST","10","JEFFERSON","065","","","00000000","","PEANUTS","PEANUTS - PRODUCTION, MEASURED IN LB","TOTAL","NOT SPECIFIED","3,510,000",""
"SURVEY","1971","YEAR","","COUNTY","FLORIDA","12","NORTHWEST","10","JEFFERSON","065","","","00000000","","PEANUTS","PEANUTS - YIELD, MEASURED IN LB / ACRE","TOTAL","NOT SPECIFIED","2,600",""
"SURVEY","1971","YEAR","","COUNTY","FLORIDA","12","NORTHWEST","10","LEON","073","","","00000000","","PEANUTS","PEANUTS - ACRES HARVESTED","TOTAL","NOT SPECIFIED","250",""
"SURVEY","1971","YEAR","","COUNTY","FLORIDA","12","NORTHWEST","10","LEON","073","","","00000000","","PEANUTS","PEANUTS - PRODUCTION, MEASURED IN LB","TOTAL","NOT SPECIFIED","625,000",""
"SURVEY","1971","YEAR","","COUNTY","FLORIDA","12","NORTHWEST","10","LEON","073","","","00000000","","PEANUTS","PEANUTS - YIELD, MEASURED IN LB / ACRE","TOTAL","NOT SPECIFIED","2,500",""
"SURVEY","1971","YEAR","","COUNTY","FLORIDA","12","NORTHWEST","10","OKALOOSA","091","","","00000000","","PEANUTS","PEANUTS - ACRES HARVESTED","TOTAL","NOT SPECIFIED","600",""
"SURVEY","1971","YEAR","","COUNTY","FLORIDA","12","NORTHWEST","10","OKALOOSA","091","","","00000000","","PEANUTS","PEANUTS - PRODUCTION, MEASURED IN LB","TOTAL","NOT SPECIFIED","1,530,000",""
"SURVEY","1971","YEAR","","COUNTY","FLORIDA","12","NORTHWEST","10","OKALOOSA","091","","","00000000","","PEANUTS","PEANUTS - YIELD, MEASURED IN LB / ACRE","TOTAL","NOT SPECIFIED","2,550",""
"SURVEY","1971","YEAR","","COUNTY","FLORIDA","12","NORTHWEST","10","SANTA ROSA","113","","","00000000","","PEANUTS","PEANUTS - ACRES HARVESTED","TOTAL","NOT SPECIFIED","5,850",""
"SURVEY","1971","YEAR","","COUNTY","FLORIDA","12","NORTHWEST","10","SANTA ROSA","113","","","00000000","","PEANUTS","PEANUTS - PRODUCTION, MEASURED IN LB","TOTAL","NOT SPECIFIED","18,135,000",""
"SURVEY","1971","YEAR","","COUNTY","FLORIDA","12","NORTHWEST","10","SANTA ROSA","113","","","00000000","","PEANUTS","PEANUTS - YIELD, MEASURED IN LB / ACRE","TOTAL","NOT SPECIFIED","3,100",""
"SURVEY","1971","YEAR","","COUNTY","FLORIDA","12","NORTHWEST","10","WAKULLA","129","","","00000000","","PEANUTS","PEANUTS - ACRES HARVESTED","TOTAL","NOT SPECIFIED","500",""
"SURVEY","1971","YEAR","","COUNTY","FLORIDA","12","NORTHWEST","10","WAKULLA","129","","","00000000","","PEANUTS","PEANUTS - PRODUCTION, MEASURED IN LB","TOTAL","NOT SPECIFIED","675,000",""
"SURVEY","1971","YEAR","","COUNTY","FLORIDA","12","NORTHWEST","10","WAKULLA","129","","","00000000","","PEANUTS","PEANUTS - YIELD, MEASURED IN LB / ACRE","TOTAL","NOT SPECIFIED","1,350",""
"SURVEY","1971","YEAR","","COUNTY","FLORIDA","12","NORTHWEST","10","WALTON","131","","","00000000","","PEANUTS","PEANUTS - ACRES HARVESTED","TOTAL","NOT SPECIFIED","1,450",""
"SURVEY","1971","YEAR","","COUNTY","FLORIDA","12","NORTHWEST","10","WALTON","131","","","00000000","","PEANUTS","PEANUTS - PRODUCTION, MEASURED IN LB","TOTAL","NOT SPECIFIED","3,393,000",""
"SURVEY","1971","YEAR","","COUNTY","FLORIDA","12","NORTHWEST","10","WALTON","131","","","00000000","","PEANUTS","PEANUTS - YIELD, MEASURED IN LB / ACRE","TOTAL","NOT SPECIFIED","2,340",""
"SURVEY","1971","YEAR","","COUNTY","FLORIDA","12","NORTHWEST","10","WASHINGTON","133","","","00000000","","PEANUTS","PEANUTS - ACRES HARVESTED","TOTAL","NOT SPECIFIED","950",""
"SURVEY","1971","YEAR","","COUNTY","FLORIDA","12","NORTHWEST","10","WASHINGTON","133","","","00000000","","PEANUTS","PEANUTS - PRODUCTION, MEASURED IN LB","TOTAL","NOT SPECIFIED","2,299,000",""
"SURVEY","1971","YEAR","","COUNTY","FLORIDA","12","NORTHWEST","10","WASHINGTON","133","","","00000000","","PEANUTS","PEANUTS - YIELD, MEASURED IN LB / ACRE","TOTAL","NOT SPECIFIED","2,420",""
"SURVEY","1970","YEAR","","COUNTY","FLORIDA","12","CENTRAL","50","ALACHUA","001","","","00000000","","PEANUTS","PEANUTS - ACRES HARVESTED","TOTAL","NOT SPECIFIED","1,550",""
"SURVEY","1970","YEAR","","COUNTY","FLORIDA","12","CENTRAL","50","ALACHUA","001","","","00000000","","PEANUTS","PEANUTS - PRODUCTION, MEASURED IN LB","TOTAL","NOT SPECIFIED","3,720,000",""
"SURVEY","1970","YEAR","","COUNTY","FLORIDA","12","CENTRAL","50","ALACHUA","001","","","00000000","","PEANUTS","PEANUTS - YIELD, MEASURED IN LB / ACRE","TOTAL","NOT SPECIFIED","2,400",""
"SURVEY","1970","YEAR","","COUNTY","FLORIDA","12","CENTRAL","50","GILCHRIST","041","","","00000000","","PEANUTS","PEANUTS - ACRES HARVESTED","TOTAL","NOT SPECIFIED","330",""
"SURVEY","1970","YEAR","","COUNTY","FLORIDA","12","CENTRAL","50","GILCHRIST","041","","","00000000","","PEANUTS","PEANUTS - PRODUCTION, MEASURED IN LB","TOTAL","NOT SPECIFIED","597,000",""
"SURVEY","1970","YEAR","","COUNTY","FLORIDA","12","CENTRAL","50","GILCHRIST","041","","","00000000","","PEANUTS","PEANUTS - YIELD, MEASURED IN LB / ACRE","TOTAL","NOT SPECIFIED","1,810",""
"SURVEY","1970","YEAR","","COUNTY","FLORIDA","12","CENTRAL","50","LEVY","075","","","00000000","","PEANUTS","PEANUTS - ACRES HARVESTED","TOTAL","NOT SPECIFIED","2,400",""
"SURVEY","1970","YEAR","","COUNTY","FLORIDA","12","CENTRAL","50","LEVY","075","","","00000000","","PEANUTS","PEANUTS - PRODUCTION, MEASURED IN LB","TOTAL","NOT SPECIFIED","6,576,000",""
"SURVEY","1970","YEAR","","COUNTY","FLORIDA","12","CENTRAL","50","LEVY","075","","","00000000","","PEANUTS","PEANUTS - YIELD, MEASURED IN LB / ACRE","TOTAL","NOT SPECIFIED","2,740",""
"SURVEY","1970","YEAR","","COUNTY","FLORIDA","12","CENTRAL","50","MARION","083","","","00000000","","PEANUTS","PEANUTS - ACRES HARVESTED","TOTAL","NOT SPECIFIED","3,200",""
"SURVEY","1970","YEAR","","COUNTY","FLORIDA","12","CENTRAL","50","MARION","083","","","00000000","","PEANUTS","PEANUTS - PRODUCTION, MEASURED IN LB","TOTAL","NOT SPECIFIED","7,552,000",""
"SURVEY","1970","YEAR","","COUNTY","FLORIDA","12","CENTRAL","50","MARION","083","","","00000000","","PEANUTS","PEANUTS - YIELD, MEASURED IN LB / ACRE","TOTAL","NOT SPECIFIED","2,360",""
"SURVEY","1970","YEAR","","COUNTY","FLORIDA","12","NORTHEAST","30","COLUMBIA","023","","","00000000","","PEANUTS","PEANUTS - ACRES HARVESTED","TOTAL","NOT SPECIFIED","660",""
"SURVEY","1970","YEAR","","COUNTY","FLORIDA","12","NORTHEAST","30","COLUMBIA","023","","","00000000","","PEANUTS","PEANUTS - PRODUCTION, MEASURED IN LB","TOTAL","NOT SPECIFIED","1,478,000",""
"SURVEY","1970","YEAR","","COUNTY","FLORIDA","12","NORTHEAST","30","COLUMBIA","023","","","00000000","","PEANUTS","PEANUTS - YIELD, MEASURED IN LB / ACRE","TOTAL","NOT SPECIFIED","2,240",""
"SURVEY","1970","YEAR","","COUNTY","FLORIDA","12","NORTHEAST","30","DIXIE","029","","","00000000","","PEANUTS","PEANUTS - ACRES HARVESTED","TOTAL","NOT SPECIFIED","20",""
"SURVEY","1970","YEAR","","COUNTY","FLORIDA","12","NORTHEAST","30","DIXIE","029","","","00000000","","PEANUTS","PEANUTS - PRODUCTION, MEASURED IN LB","TOTAL","NOT SPECIFIED","37,000",""
"SURVEY","1970","YEAR","","COUNTY","FLORIDA","12","NORTHEAST","30","DIXIE","029","","","00000000","","PEANUTS","PEANUTS - YIELD, MEASURED IN LB / ACRE","TOTAL","NOT SPECIFIED","1,850",""
"SURVEY","1970","YEAR","","COUNTY","FLORIDA","12","NORTHEAST","30","HAMILTON","047","","","00000000","","PEANUTS","PEANUTS - ACRES HARVESTED","TOTAL","NOT SPECIFIED","110",""
"SURVEY","1970","YEAR","","COUNTY","FLORIDA","12","NORTHEAST","30","HAMILTON","047","","","00000000","","PEANUTS","PEANUTS - PRODUCTION, MEASURED IN LB","TOTAL","NOT SPECIFIED","160,000",""
"SURVEY","1970","YEAR","","COUNTY","FLORIDA","12","NORTHEAST","30","HAMILTON","047","","","00000000","","PEANUTS","PEANUTS - YIELD, MEASURED IN LB / ACRE","TOTAL","NOT SPECIFIED","1,455",""
"SURVEY","1970","YEAR","","COUNTY","FLORIDA","12","NORTHEAST","30","LAFAYETTE","067","","","00000000","","PEANUTS","PEANUTS - ACRES HARVESTED","TOTAL","NOT SPECIFIED","130",""
"SURVEY","1970","YEAR","","COUNTY","FLORIDA","12","NORTHEAST","30","LAFAYETTE","067","","","00000000","","PEANUTS","PEANUTS - PRODUCTION, MEASURED IN LB","TOTAL","NOT SPECIFIED","177,000",""
"SURVEY","1970","YEAR","","COUNTY","FLORIDA","12","NORTHEAST","30","LAFAYETTE","067","","","00000000","","PEANUTS","PEANUTS - YIELD, MEASURED IN LB / ACRE","TOTAL","NOT SPECIFIED","1,360",""
"SURVEY","1970","YEAR","","COUNTY","FLORIDA","12","NORTHEAST","30","MADISON","079","","","00000000","","PEANUTS","PEANUTS - ACRES HARVESTED","TOTAL","NOT SPECIFIED","230",""
"SURVEY","1970","YEAR","","COUNTY","FLORIDA","12","NORTHEAST","30","MADISON","079","","","00000000","","PEANUTS","PEANUTS - PRODUCTION, MEASURED IN LB","TOTAL","NOT SPECIFIED","506,000",""
"SURVEY","1970","YEAR","","COUNTY","FLORIDA","12","NORTHEAST","30","MADISON","079","","","00000000","","PEANUTS","PEANUTS - YIELD, MEASURED IN LB / ACRE","TOTAL","NOT SPECIFIED","2,200",""
"SURVEY","1970","YEAR","","COUNTY","FLORIDA","12","NORTHEAST","30","SUWANNEE","121","","","00000000","","PEANUTS","PEANUTS - ACRES HARVESTED","TOTAL","NOT SPECIFIED","1,500",""
"SURVEY","1970","YEAR","","COUNTY","FLORIDA","12","NORTHEAST","30","SUWANNEE","121","","","00000000","","PEANUTS","PEANUTS - PRODUCTION, MEASURED IN LB","TOTAL","NOT SPECIFIED","2,985,000",""
"SURVEY","1970","YEAR","","COUNTY","FLORIDA","12","NORTHEAST","30","SUWANNEE","121","","","00000000","","PEANUTS","PEANUTS - YIELD, MEASURED IN LB / ACRE","TOTAL","NOT SPECIFIED","1,990",""
"SURVEY","1970","YEAR","","COUNTY","FLORIDA","12","NORTHWEST","10","CALHOUN","013","","","00000000","","PEANUTS","PEANUTS - ACRES HARVESTED","TOTAL","NOT SPECIFIED","2,000",""
"SURVEY","1970","YEAR","","COUNTY","FLORIDA","12","NORTHWEST","10","CALHOUN","013","","","00000000","","PEANUTS","PEANUTS - PRODUCTION, MEASURED IN LB","TOTAL","NOT SPECIFIED","4,800,000",""
"SURVEY","1970","YEAR","","COUNTY","FLORIDA","12","NORTHWEST","10","CALHOUN","013","","","00000000","","PEANUTS","PEANUTS - YIELD, MEASURED IN LB / ACRE","TOTAL","NOT SPECIFIED","2,400",""
"SURVEY","1970","YEAR","","COUNTY","FLORIDA","12","NORTHWEST","10","ESCAMBIA","033","","","00000000","","PEANUTS","PEANUTS - ACRES HARVESTED","TOTAL","NOT SPECIFIED","40",""
"SURVEY","1970","YEAR","","COUNTY","FLORIDA","12","NORTHWEST","10","ESCAMBIA","033","","","00000000","","PEANUTS","PEANUTS - PRODUCTION, MEASURED IN LB","TOTAL","NOT SPECIFIED","86,000",""
"SURVEY","1970","YEAR","","COUNTY","FLORIDA","12","NORTHWEST","10","ESCAMBIA","033","","","00000000","","PEANUTS","PEANUTS - YIELD, MEASURED IN LB / ACRE","TOTAL","NOT SPECIFIED","2,150",""
"SURVEY","1970","YEAR","","COUNTY","FLORIDA","12","NORTHWEST","10","GADSDEN","039","","","00000000","","PEANUTS","PEANUTS - ACRES HARVESTED","TOTAL","NOT SPECIFIED","700",""
"SURVEY","1970","YEAR","","COUNTY","FLORIDA","12","NORTHWEST","10","GADSDEN","039","","","00000000","","PEANUTS","PEANUTS - PRODUCTION, MEASURED IN LB","TOTAL","NOT SPECIFIED","896,000",""
"SURVEY","1970","YEAR","","COUNTY","FLORIDA","12","NORTHWEST","10","GADSDEN","039","","","00000000","","PEANUTS","PEANUTS - YIELD, MEASURED IN LB / ACRE","TOTAL","NOT SPECIFIED","1,280",""
"SURVEY","1970","YEAR","","COUNTY","FLORIDA","12","NORTHWEST","10","HOLMES","059","","","00000000","","PEANUTS","PEANUTS - ACRES HARVESTED","TOTAL","NOT SPECIFIED","3,400",""
"SURVEY","1970","YEAR","","COUNTY","FLORIDA","12","NORTHWEST","10","HOLMES","059","","","00000000","","PEANUTS","PEANUTS - PRODUCTION, MEASURED IN LB","TOTAL","NOT SPECIFIED","5,780,000",""
"SURVEY","1970","YEAR","","COUNTY","FLORIDA","12","NORTHWEST","10","HOLMES","059","","","00000000","","PEANUTS","PEANUTS - YIELD, MEASURED IN LB / ACRE","TOTAL","NOT SPECIFIED","1,700",""
"SURVEY","1970","YEAR","","COUNTY","FLORIDA","12","NORTHWEST","10","JACKSON","063","","","00000000","","PEANUTS","PEANUTS - ACRES HARVESTED","TOTAL","NOT SPECIFIED","26,100",""
"SURVEY","1970","YEAR","","COUNTY","FLORIDA","12","NORTHWEST","10","JACKSON","063","","","00000000","","PEANUTS","PEANUTS - PRODUCTION, MEASURED IN LB","TOTAL","NOT SPECIFIED","53,244,000",""
"SURVEY","1970","YEAR","","COUNTY","FLORIDA","12","NORTHWEST","10","JACKSON","063","","","00000000","","PEANUTS","PEANUTS - YIELD, MEASURED IN LB / ACRE","TOTAL","NOT SPECIFIED","2,040",""
"SURVEY","1970","YEAR","","COUNTY","FLORIDA","12","NORTHWEST","10","JEFFERSON","065","","","00000000","","PEANUTS","PEANUTS - ACRES HARVESTED","TOTAL","NOT SPECIFIED","1,300",""
"SURVEY","1970","YEAR","","COUNTY","FLORIDA","12","NORTHWEST","10","JEFFERSON","065","","","00000000","","PEANUTS","PEANUTS - PRODUCTION, MEASURED IN LB","TOTAL","NOT SPECIFIED","2,548,000",""
"SURVEY","1970","YEAR","","COUNTY","FLORIDA","12","NORTHWEST","10","JEFFERSON","065","","","00000000","","PEANUTS","PEANUTS - YIELD, MEASURED IN LB / ACRE","TOTAL","NOT SPECIFIED","1,960",""
"SURVEY","1970","YEAR","","COUNTY","FLORIDA","12","NORTHWEST","10","LEON","073","","","00000000","","PEANUTS","PEANUTS - ACRES HARVESTED","TOTAL","NOT SPECIFIED","280",""
"SURVEY","1970","YEAR","","COUNTY","FLORIDA","12","NORTHWEST","10","LEON","073","","","00000000","","PEANUTS","PEANUTS - PRODUCTION, MEASURED IN LB","TOTAL","NOT SPECIFIED","493,000",""
"SURVEY","1970","YEAR","","COUNTY","FLORIDA","12","NORTHWEST","10","LEON","073","","","00000000","","PEANUTS","PEANUTS - YIELD, MEASURED IN LB / ACRE","TOTAL","NOT SPECIFIED","1,760",""
"SURVEY","1970","YEAR","","COUNTY","FLORIDA","12","NORTHWEST","10","OKALOOSA","091","","","00000000","","PEANUTS","PEANUTS - ACRES HARVESTED","TOTAL","NOT SPECIFIED","560",""
"SURVEY","1970","YEAR","","COUNTY","FLORIDA","12","NORTHWEST","10","OKALOOSA","091","","","00000000","","PEANUTS","PEANUTS - PRODUCTION, MEASURED IN LB","TOTAL","NOT SPECIFIED","1,366,000",""
"SURVEY","1970","YEAR","","COUNTY","FLORIDA","12","NORTHWEST","10","OKALOOSA","091","","","00000000","","PEANUTS","PEANUTS - YIELD, MEASURED IN LB / ACRE","TOTAL","NOT SPECIFIED","2,440",""
"SURVEY","1970","YEAR","","COUNTY","FLORIDA","12","NORTHWEST","10","SANTA ROSA","113","","","00000000","","PEANUTS","PEANUTS - ACRES HARVESTED","TOTAL","NOT SPECIFIED","5,700",""
"SURVEY","1970","YEAR","","COUNTY","FLORIDA","12","NORTHWEST","10","SANTA ROSA","113","","","00000000","","PEANUTS","PEANUTS - PRODUCTION, MEASURED IN LB","TOTAL","NOT SPECIFIED","12,654,000",""
"SURVEY","1970","YEAR","","COUNTY","FLORIDA","12","NORTHWEST","10","SANTA ROSA","113","","","00000000","","PEANUTS","PEANUTS - YIELD, MEASURED IN LB / ACRE","TOTAL","NOT SPECIFIED","2,220",""
"SURVEY","1970","YEAR","","COUNTY","FLORIDA","12","NORTHWEST","10","WAKULLA","129","","","00000000","","PEANUTS","PEANUTS - ACRES HARVESTED","TOTAL","NOT SPECIFIED","530",""
"SURVEY","1970","YEAR","","COUNTY","FLORIDA","12","NORTHWEST","10","WAKULLA","129","","","00000000","","PEANUTS","PEANUTS - PRODUCTION, MEASURED IN LB","TOTAL","NOT SPECIFIED","519,000",""
"SURVEY","1970","YEAR","","COUNTY","FLORIDA","12","NORTHWEST","10","WAKULLA","129","","","00000000","","PEANUTS","PEANUTS - YIELD, MEASURED IN LB / ACRE","TOTAL","NOT SPECIFIED","980",""
"SURVEY","1970","YEAR","","COUNTY","FLORIDA","12","NORTHWEST","10","WALTON","131","","","00000000","","PEANUTS","PEANUTS - ACRES HARVESTED","TOTAL","NOT SPECIFIED","1,400",""
"SURVEY","1970","YEAR","","COUNTY","FLORIDA","12","NORTHWEST","10","WALTON","131","","","00000000","","PEANUTS","PEANUTS - PRODUCTION, MEASURED IN LB","TOTAL","NOT SPECIFIED","2,296,000",""
"SURVEY","1970","YEAR","","COUNTY","FLORIDA","12","NORTHWEST","10","WALTON","131","","","00000000","","PEANUTS","PEANUTS - YIELD, MEASURED IN LB / ACRE","TOTAL","NOT SPECIFIED","1,640",""
"SURVEY","1970","YEAR","","COUNTY","FLORIDA","12","NORTHWEST","10","WASHINGTON","133","","","00000000","","PEANUTS","PEANUTS - ACRES HARVESTED","TOTAL","NOT SPECIFIED","860",""
"SURVEY","1970","YEAR","","COUNTY","FLORIDA","12","NORTHWEST","10","WASHINGTON","133","","","00000000","","PEANUTS","PEANUTS - PRODUCTION, MEASURED IN LB","TOTAL","NOT SPECIFIED","1,505,000",""
"SURVEY","1970","YEAR","","COUNTY","FLORIDA","12","NORTHWEST","10","WASHINGTON","133","","","00000000","","PEANUTS","PEANUTS - YIELD, MEASURED IN LB / ACRE","TOTAL","NOT SPECIFIED","1,750",""
"SURVEY","1969","YEAR","","COUNTY","FLORIDA","12","CENTRAL","50","ALACHUA","001","","","00000000","","PEANUTS","PEANUTS - ACRES HARVESTED","TOTAL","NOT SPECIFIED","1,800",""
"SURVEY","1969","YEAR","","COUNTY","FLORIDA","12","CENTRAL","50","ALACHUA","001","","","00000000","","PEANUTS","PEANUTS - PRODUCTION, MEASURED IN LB","TOTAL","NOT SPECIFIED","3,150,000",""
"SURVEY","1969","YEAR","","COUNTY","FLORIDA","12","CENTRAL","50","ALACHUA","001","","","00000000","","PEANUTS","PEANUTS - YIELD, MEASURED IN LB / ACRE","TOTAL","NOT SPECIFIED","1,750",""
"SURVEY","1969","YEAR","","COUNTY","FLORIDA","12","CENTRAL","50","GILCHRIST","041","","","00000000","","PEANUTS","PEANUTS - ACRES HARVESTED","TOTAL","NOT SPECIFIED","300",""
"SURVEY","1969","YEAR","","COUNTY","FLORIDA","12","CENTRAL","50","GILCHRIST","041","","","00000000","","PEANUTS","PEANUTS - PRODUCTION, MEASURED IN LB","TOTAL","NOT SPECIFIED","417,000",""
"SURVEY","1969","YEAR","","COUNTY","FLORIDA","12","CENTRAL","50","GILCHRIST","041","","","00000000","","PEANUTS","PEANUTS - YIELD, MEASURED IN LB / ACRE","TOTAL","NOT SPECIFIED","1,390",""
"SURVEY","1969","YEAR","","COUNTY","FLORIDA","12","CENTRAL","50","LEVY","075","","","00000000","","PEANUTS","PEANUTS - ACRES HARVESTED","TOTAL","NOT SPECIFIED","2,300",""
"SURVEY","1969","YEAR","","COUNTY","FLORIDA","12","CENTRAL","50","LEVY","075","","","00000000","","PEANUTS","PEANUTS - PRODUCTION, MEASURED IN LB","TOTAL","NOT SPECIFIED","4,531,000",""
"SURVEY","1969","YEAR","","COUNTY","FLORIDA","12","CENTRAL","50","LEVY","075","","","00000000","","PEANUTS","PEANUTS - YIELD, MEASURED IN LB / ACRE","TOTAL","NOT SPECIFIED","1,970",""
"SURVEY","1969","YEAR","","COUNTY","FLORIDA","12","CENTRAL","50","MARION","083","","","00000000","","PEANUTS","PEANUTS - ACRES HARVESTED","TOTAL","NOT SPECIFIED","2,500",""
"SURVEY","1969","YEAR","","COUNTY","FLORIDA","12","CENTRAL","50","MARION","083","","","00000000","","PEANUTS","PEANUTS - PRODUCTION, MEASURED IN LB","TOTAL","NOT SPECIFIED","4,025,000",""
"SURVEY","1969","YEAR","","COUNTY","FLORIDA","12","CENTRAL","50","MARION","083","","","00000000","","PEANUTS","PEANUTS - YIELD, MEASURED IN LB / ACRE","TOTAL","NOT SPECIFIED","1,610",""
"SURVEY","1969","YEAR","","COUNTY","FLORIDA","12","NORTHEAST","30","COLUMBIA","023","","","00000000","","PEANUTS","PEANUTS - ACRES HARVESTED","TOTAL","NOT SPECIFIED","650",""
"SURVEY","1969","YEAR","","COUNTY","FLORIDA","12","NORTHEAST","30","COLUMBIA","023","","","00000000","","PEANUTS","PEANUTS - PRODUCTION, MEASURED IN LB","TOTAL","NOT SPECIFIED","1,020,000",""
"SURVEY","1969","YEAR","","COUNTY","FLORIDA","12","NORTHEAST","30","COLUMBIA","023","","","00000000","","PEANUTS","PEANUTS - YIELD, MEASURED IN LB / ACRE","TOTAL","NOT SPECIFIED","1,570",""
"SURVEY","1969","YEAR","","COUNTY","FLORIDA","12","NORTHEAST","30","DIXIE","029","","","00000000","","PEANUTS","PEANUTS - ACRES HARVESTED","TOTAL","NOT SPECIFIED","40",""
"SURVEY","1969","YEAR","","COUNTY","FLORIDA","12","NORTHEAST","30","DIXIE","029","","","00000000","","PEANUTS","PEANUTS - PRODUCTION, MEASURED IN LB","TOTAL","NOT SPECIFIED","58,000",""
"SURVEY","1969","YEAR","","COUNTY","FLORIDA","12","NORTHEAST","30","DIXIE","029","","","00000000","","PEANUTS","PEANUTS - YIELD, MEASURED IN LB / ACRE","TOTAL","NOT SPECIFIED","1,450",""
"SURVEY","1969","YEAR","","COUNTY","FLORIDA","12","NORTHEAST","30","HAMILTON","047","","","00000000","","PEANUTS","PEANUTS - ACRES HARVESTED","TOTAL","NOT SPECIFIED","100",""
"SURVEY","1969","YEAR","","COUNTY","FLORIDA","12","NORTHEAST","30","HAMILTON","047","","","00000000","","PEANUTS","PEANUTS - PRODUCTION, MEASURED IN LB","TOTAL","NOT SPECIFIED","136,000",""
"SURVEY","1969","YEAR","","COUNTY","FLORIDA","12","NORTHEAST","30","HAMILTON","047","","","00000000","","PEANUTS","PEANUTS - YIELD, MEASURED IN LB / ACRE","TOTAL","NOT SPECIFIED","1,360",""
"SURVEY","1969","YEAR","","COUNTY","FLORIDA","12","NORTHEAST","30","LAFAYETTE","067","","","00000000","","PEANUTS","PEANUTS - ACRES HARVESTED","TOTAL","NOT SPECIFIED","100",""
"SURVEY","1969","YEAR","","COUNTY","FLORIDA","12","NORTHEAST","30","LAFAYETTE","067","","","00000000","","PEANUTS","PEANUTS - PRODUCTION, MEASURED IN LB","TOTAL","NOT SPECIFIED","101,000",""
"SURVEY","1969","YEAR","","COUNTY","FLORIDA","12","NORTHEAST","30","LAFAYETTE","067","","","00000000","","PEANUTS","PEANUTS - YIELD, MEASURED IN LB / ACRE","TOTAL","NOT SPECIFIED","1,010",""
"SURVEY","1969","YEAR","","COUNTY","FLORIDA","12","NORTHEAST","30","MADISON","079","","","00000000","","PEANUTS","PEANUTS - ACRES HARVESTED","TOTAL","NOT SPECIFIED","190",""
"SURVEY","1969","YEAR","","COUNTY","FLORIDA","12","NORTHEAST","30","MADISON","079","","","00000000","","PEANUTS","PEANUTS - PRODUCTION, MEASURED IN LB","TOTAL","NOT SPECIFIED","260,000",""
"SURVEY","1969","YEAR","","COUNTY","FLORIDA","12","NORTHEAST","30","MADISON","079","","","00000000","","PEANUTS","PEANUTS - YIELD, MEASURED IN LB / ACRE","TOTAL","NOT SPECIFIED","1,370",""
"SURVEY","1969","YEAR","","COUNTY","FLORIDA","12","NORTHEAST","30","SUWANNEE","121","","","00000000","","PEANUTS","PEANUTS - ACRES HARVESTED","TOTAL","NOT SPECIFIED","1,500",""
"SURVEY","1969","YEAR","","COUNTY","FLORIDA","12","NORTHEAST","30","SUWANNEE","121","","","00000000","","PEANUTS","PEANUTS - PRODUCTION, MEASURED IN LB","TOTAL","NOT SPECIFIED","1,935,000",""
"SURVEY","1969","YEAR","","COUNTY","FLORIDA","12","NORTHEAST","30","SUWANNEE","121","","","00000000","","PEANUTS","PEANUTS - YIELD, MEASURED IN LB / ACRE","TOTAL","NOT SPECIFIED","1,290",""
"SURVEY","1969","YEAR","","COUNTY","FLORIDA","12","NORTHWEST","10","CALHOUN","013","","","00000000","","PEANUTS","PEANUTS - ACRES HARVESTED","TOTAL","NOT SPECIFIED","2,000",""
"SURVEY","1969","YEAR","","COUNTY","FLORIDA","12","NORTHWEST","10","CALHOUN","013","","","00000000","","PEANUTS","PEANUTS - PRODUCTION, MEASURED IN LB","TOTAL","NOT SPECIFIED","3,660,000",""
"SURVEY","1969","YEAR","","COUNTY","FLORIDA","12","NORTHWEST","10","CALHOUN","013","","","00000000","","PEANUTS","PEANUTS - YIELD, MEASURED IN LB / ACRE","TOTAL","NOT SPECIFIED","1,830",""
"SURVEY","1969","YEAR","","COUNTY","FLORIDA","12","NORTHWEST","10","ESCAMBIA","033","","","00000000","","PEANUTS","PEANUTS - ACRES HARVESTED","TOTAL","NOT SPECIFIED","50",""
"SURVEY","1969","YEAR","","COUNTY","FLORIDA","12","NORTHWEST","10","ESCAMBIA","033","","","00000000","","PEANUTS","PEANUTS - PRODUCTION, MEASURED IN LB","TOTAL","NOT SPECIFIED","73,000",""
"SURVEY","1969","YEAR","","COUNTY","FLORIDA","12","NORTHWEST","10","ESCAMBIA","033","","","00000000","","PEANUTS","PEANUTS - YIELD, MEASURED IN LB / ACRE","TOTAL","NOT SPECIFIED","1,460",""
"SURVEY","1969","YEAR","","COUNTY","FLORIDA","12","NORTHWEST","10","GADSDEN","039","","","00000000","","PEANUTS","PEANUTS - ACRES HARVESTED","TOTAL","NOT SPECIFIED","800",""
"SURVEY","1969","YEAR","","COUNTY","FLORIDA","12","NORTHWEST","10","GADSDEN","039","","","00000000","","PEANUTS","PEANUTS - PRODUCTION, MEASURED IN LB","TOTAL","NOT SPECIFIED","832,000",""
"SURVEY","1969","YEAR","","COUNTY","FLORIDA","12","NORTHWEST","10","GADSDEN","039","","","00000000","","PEANUTS","PEANUTS - YIELD, MEASURED IN LB / ACRE","TOTAL","NOT SPECIFIED","1,040",""
"SURVEY","1969","YEAR","","COUNTY","FLORIDA","12","NORTHWEST","10","HOLMES","059","","","00000000","","PEANUTS","PEANUTS - ACRES HARVESTED","TOTAL","NOT SPECIFIED","3,500",""
"SURVEY","1969","YEAR","","COUNTY","FLORIDA","12","NORTHWEST","10","HOLMES","059","","","00000000","","PEANUTS","PEANUTS - PRODUCTION, MEASURED IN LB","TOTAL","NOT SPECIFIED","5,495,000",""
"SURVEY","1969","YEAR","","COUNTY","FLORIDA","12","NORTHWEST","10","HOLMES","059","","","00000000","","PEANUTS","PEANUTS - YIELD, MEASURED IN LB / ACRE","TOTAL","NOT SPECIFIED","1,570",""
"SURVEY","1969","YEAR","","COUNTY","FLORIDA","12","NORTHWEST","10","JACKSON","063","","","00000000","","PEANUTS","PEANUTS - ACRES HARVESTED","TOTAL","NOT SPECIFIED","26,600",""
"SURVEY","1969","YEAR","","COUNTY","FLORIDA","12","NORTHWEST","10","JACKSON","063","","","00000000","","PEANUTS","PEANUTS - PRODUCTION, MEASURED IN LB","TOTAL","NOT SPECIFIED","40,964,000",""
"SURVEY","1969","YEAR","","COUNTY","FLORIDA","12","NORTHWEST","10","JACKSON","063","","","00000000","","PEANUTS","PEANUTS - YIELD, MEASURED IN LB / ACRE","TOTAL","NOT SPECIFIED","1,540",""
"SURVEY","1969","YEAR","","COUNTY","FLORIDA","12","NORTHWEST","10","JEFFERSON","065","","","00000000","","PEANUTS","PEANUTS - ACRES HARVESTED","TOTAL","NOT SPECIFIED","1,300",""
"SURVEY","1969","YEAR","","COUNTY","FLORIDA","12","NORTHWEST","10","JEFFERSON","065","","","00000000","","PEANUTS","PEANUTS - PRODUCTION, MEASURED IN LB","TOTAL","NOT SPECIFIED","2,158,000",""
"SURVEY","1969","YEAR","","COUNTY","FLORIDA","12","NORTHWEST","10","JEFFERSON","065","","","00000000","","PEANUTS","PEANUTS - YIELD, MEASURED IN LB / ACRE","TOTAL","NOT SPECIFIED","1,660",""
"SURVEY","1969","YEAR","","COUNTY","FLORIDA","12","NORTHWEST","10","LEON","073","","","00000000","","PEANUTS","PEANUTS - ACRES HARVESTED","TOTAL","NOT SPECIFIED","280",""
"SURVEY","1969","YEAR","","COUNTY","FLORIDA","12","NORTHWEST","10","LEON","073","","","00000000","","PEANUTS","PEANUTS - PRODUCTION, MEASURED IN LB","TOTAL","NOT SPECIFIED","448,000",""
"SURVEY","1969","YEAR","","COUNTY","FLORIDA","12","NORTHWEST","10","LEON","073","","","00000000","","PEANUTS","PEANUTS - YIELD, MEASURED IN LB / ACRE","TOTAL","NOT SPECIFIED","1,600",""
"SURVEY","1969","YEAR","","COUNTY","FLORIDA","12","NORTHWEST","10","OKALOOSA","091","","","00000000","","PEANUTS","PEANUTS - ACRES HARVESTED","TOTAL","NOT SPECIFIED","560",""
"SURVEY","1969","YEAR","","COUNTY","FLORIDA","12","NORTHWEST","10","OKALOOSA","091","","","00000000","","PEANUTS","PEANUTS - PRODUCTION, MEASURED IN LB","TOTAL","NOT SPECIFIED","885,000",""
"SURVEY","1969","YEAR","","COUNTY","FLORIDA","12","NORTHWEST","10","OKALOOSA","091","","","00000000","","PEANUTS","PEANUTS - YIELD, MEASURED IN LB / ACRE","TOTAL","NOT SPECIFIED","1,580",""
"SURVEY","1969","YEAR","","COUNTY","FLORIDA","12","NORTHWEST","10","SANTA ROSA","113","","","00000000","","PEANUTS","PEANUTS - ACRES HARVESTED","TOTAL","NOT SPECIFIED","5,800",""
"SURVEY","1969","YEAR","","COUNTY","FLORIDA","12","NORTHWEST","10","SANTA ROSA","113","","","00000000","","PEANUTS","PEANUTS - PRODUCTION, MEASURED IN LB","TOTAL","NOT SPECIFIED","10,846,000",""
"SURVEY","1969","YEAR","","COUNTY","FLORIDA","12","NORTHWEST","10","SANTA ROSA","113","","","00000000","","PEANUTS","PEANUTS - YIELD, MEASURED IN LB / ACRE","TOTAL","NOT SPECIFIED","1,870",""
"SURVEY","1969","YEAR","","COUNTY","FLORIDA","12","NORTHWEST","10","WAKULLA","129","","","00000000","","PEANUTS","PEANUTS - ACRES HARVESTED","TOTAL","NOT SPECIFIED","530",""
"SURVEY","1969","YEAR","","COUNTY","FLORIDA","12","NORTHWEST","10","WAKULLA","129","","","00000000","","PEANUTS","PEANUTS - PRODUCTION, MEASURED IN LB","TOTAL","NOT SPECIFIED","435,000",""
"SURVEY","1969","YEAR","","COUNTY","FLORIDA","12","NORTHWEST","10","WAKULLA","129","","","00000000","","PEANUTS","PEANUTS - YIELD, MEASURED IN LB / ACRE","TOTAL","NOT SPECIFIED","820",""
"SURVEY","1969","YEAR","","COUNTY","FLORIDA","12","NORTHWEST","10","WALTON","131","","","00000000","","PEANUTS","PEANUTS - ACRES HARVESTED","TOTAL","NOT SPECIFIED","1,200",""
"SURVEY","1969","YEAR","","COUNTY","FLORIDA","12","NORTHWEST","10","WALTON","131","","","00000000","","PEANUTS","PEANUTS - PRODUCTION, MEASURED IN LB","TOTAL","NOT SPECIFIED","2,196,000",""
"SURVEY","1969","YEAR","","COUNTY","FLORIDA","12","NORTHWEST","10","WALTON","131","","","00000000","","PEANUTS","PEANUTS - YIELD, MEASURED IN LB / ACRE","TOTAL","NOT SPECIFIED","1,830",""
"SURVEY","1969","YEAR","","COUNTY","FLORIDA","12","NORTHWEST","10","WASHINGTON","133","","","00000000","","PEANUTS","PEANUTS - ACRES HARVESTED","TOTAL","NOT SPECIFIED","900",""
"SURVEY","1969","YEAR","","COUNTY","FLORIDA","12","NORTHWEST","10","WASHINGTON","133","","","00000000","","PEANUTS","PEANUTS - PRODUCTION, MEASURED IN LB","TOTAL","NOT SPECIFIED","1,440,000",""
"SURVEY","1969","YEAR","","COUNTY","FLORIDA","12","NORTHWEST","10","WASHINGTON","133","","","00000000","","PEANUTS","PEANUTS - YIELD, MEASURED IN LB / ACRE","TOTAL","NOT SPECIFIED","1,600",""
"SURVEY","1968","YEAR","","COUNTY","FLORIDA","12","CENTRAL","50","ALACHUA","001","","","00000000","","PEANUTS","PEANUTS - ACRES HARVESTED","TOTAL","NOT SPECIFIED","1,800",""
"SURVEY","1968","YEAR","","COUNTY","FLORIDA","12","CENTRAL","50","ALACHUA","001","","","00000000","","PEANUTS","PEANUTS - PRODUCTION, MEASURED IN LB","TOTAL","NOT SPECIFIED","3,114,000",""
"SURVEY","1968","YEAR","","COUNTY","FLORIDA","12","CENTRAL","50","ALACHUA","001","","","00000000","","PEANUTS","PEANUTS - YIELD, MEASURED IN LB / ACRE","TOTAL","NOT SPECIFIED","1,730",""
"SURVEY","1968","YEAR","","COUNTY","FLORIDA","12","CENTRAL","50","GILCHRIST","041","","","00000000","","PEANUTS","PEANUTS - ACRES HARVESTED","TOTAL","NOT SPECIFIED","250",""
"SURVEY","1968","YEAR","","COUNTY","FLORIDA","12","CENTRAL","50","GILCHRIST","041","","","00000000","","PEANUTS","PEANUTS - PRODUCTION, MEASURED IN LB","TOTAL","NOT SPECIFIED","340,000",""
"SURVEY","1968","YEAR","","COUNTY","FLORIDA","12","CENTRAL","50","GILCHRIST","041","","","00000000","","PEANUTS","PEANUTS - YIELD, MEASURED IN LB / ACRE","TOTAL","NOT SPECIFIED","1,360",""
"SURVEY","1968","YEAR","","COUNTY","FLORIDA","12","CENTRAL","50","LEVY","075","","","00000000","","PEANUTS","PEANUTS - ACRES HARVESTED","TOTAL","NOT SPECIFIED","2,300",""
"SURVEY","1968","YEAR","","COUNTY","FLORIDA","12","CENTRAL","50","LEVY","075","","","00000000","","PEANUTS","PEANUTS - PRODUCTION, MEASURED IN LB","TOTAL","NOT SPECIFIED","4,669,000",""
"SURVEY","1968","YEAR","","COUNTY","FLORIDA","12","CENTRAL","50","LEVY","075","","","00000000","","PEANUTS","PEANUTS - YIELD, MEASURED IN LB / ACRE","TOTAL","NOT SPECIFIED","2,030",""
"SURVEY","1968","YEAR","","COUNTY","FLORIDA","12","CENTRAL","50","MARION","083","","","00000000","","PEANUTS","PEANUTS - ACRES HARVESTED","TOTAL","NOT SPECIFIED","2,400",""
"SURVEY","1968","YEAR","","COUNTY","FLORIDA","12","CENTRAL","50","MARION","083","","","00000000","","PEANUTS","PEANUTS - PRODUCTION, MEASURED IN LB","TOTAL","NOT SPECIFIED","3,960,000",""
"SURVEY","1968","YEAR","","COUNTY","FLORIDA","12","CENTRAL","50","MARION","083","","","00000000","","PEANUTS","PEANUTS - YIELD, MEASURED IN LB / ACRE","TOTAL","NOT SPECIFIED","1,650",""
"SURVEY","1968","YEAR","","COUNTY","FLORIDA","12","NORTHEAST","30","COLUMBIA","023","","","00000000","","PEANUTS","PEANUTS - ACRES HARVESTED","TOTAL","NOT SPECIFIED","650",""
"SURVEY","1968","YEAR","","COUNTY","FLORIDA","12","NORTHEAST","30","COLUMBIA","023","","","00000000","","PEANUTS","PEANUTS - PRODUCTION, MEASURED IN LB","TOTAL","NOT SPECIFIED","1,268,000",""
"SURVEY","1968","YEAR","","COUNTY","FLORIDA","12","NORTHEAST","30","COLUMBIA","023","","","00000000","","PEANUTS","PEANUTS - YIELD, MEASURED IN LB / ACRE","TOTAL","NOT SPECIFIED","1,950",""
"SURVEY","1968","YEAR","","COUNTY","FLORIDA","12","NORTHEAST","30","DIXIE","029","","","00000000","","PEANUTS","PEANUTS - ACRES HARVESTED","TOTAL","NOT SPECIFIED","30",""
"SURVEY","1968","YEAR","","COUNTY","FLORIDA","12","NORTHEAST","30","DIXIE","029","","","00000000","","PEANUTS","PEANUTS - PRODUCTION, MEASURED IN LB","TOTAL","NOT SPECIFIED","56,000",""
"SURVEY","1968","YEAR","","COUNTY","FLORIDA","12","NORTHEAST","30","DIXIE","029","","","00000000","","PEANUTS","PEANUTS - YIELD, MEASURED IN LB / ACRE","TOTAL","NOT SPECIFIED","1,865",""
"SURVEY","1968","YEAR","","COUNTY","FLORIDA","12","NORTHEAST","30","HAMILTON","047","","","00000000","","PEANUTS","PEANUTS - ACRES HARVESTED","TOTAL","NOT SPECIFIED","100",""
"SURVEY","1968","YEAR","","COUNTY","FLORIDA","12","NORTHEAST","30","HAMILTON","047","","","00000000","","PEANUTS","PEANUTS - PRODUCTION, MEASURED IN LB","TOTAL","NOT SPECIFIED","129,000",""
"SURVEY","1968","YEAR","","COUNTY","FLORIDA","12","NORTHEAST","30","HAMILTON","047","","","00000000","","PEANUTS","PEANUTS - YIELD, MEASURED IN LB / ACRE","TOTAL","NOT SPECIFIED","1,290",""
"SURVEY","1968","YEAR","","COUNTY","FLORIDA","12","NORTHEAST","30","LAFAYETTE","067","","","00000000","","PEANUTS","PEANUTS - ACRES HARVESTED","TOTAL","NOT SPECIFIED","70",""
"SURVEY","1968","YEAR","","COUNTY","FLORIDA","12","NORTHEAST","30","LAFAYETTE","067","","","00000000","","PEANUTS","PEANUTS - PRODUCTION, MEASURED IN LB","TOTAL","NOT SPECIFIED","158,000",""
"SURVEY","1968","YEAR","","COUNTY","FLORIDA","12","NORTHEAST","30","LAFAYETTE","067","","","00000000","","PEANUTS","PEANUTS - YIELD, MEASURED IN LB / ACRE","TOTAL","NOT SPECIFIED","2,255",""
"SURVEY","1968","YEAR","","COUNTY","FLORIDA","12","NORTHEAST","30","MADISON","079","","","00000000","","PEANUTS","PEANUTS - ACRES HARVESTED","TOTAL","NOT SPECIFIED","160",""
"SURVEY","1968","YEAR","","COUNTY","FLORIDA","12","NORTHEAST","30","MADISON","079","","","00000000","","PEANUTS","PEANUTS - PRODUCTION, MEASURED IN LB","TOTAL","NOT SPECIFIED","261,000",""
"SURVEY","1968","YEAR","","COUNTY","FLORIDA","12","NORTHEAST","30","MADISON","079","","","00000000","","PEANUTS","PEANUTS - YIELD, MEASURED IN LB / ACRE","TOTAL","NOT SPECIFIED","1,630",""
"SURVEY","1968","YEAR","","COUNTY","FLORIDA","12","NORTHEAST","30","SUWANNEE","121","","","00000000","","PEANUTS","PEANUTS - ACRES HARVESTED","TOTAL","NOT SPECIFIED","1,500",""
"SURVEY","1968","YEAR","","COUNTY","FLORIDA","12","NORTHEAST","30","SUWANNEE","121","","","00000000","","PEANUTS","PEANUTS - PRODUCTION, MEASURED IN LB","TOTAL","NOT SPECIFIED","2,715,000",""
"SURVEY","1968","YEAR","","COUNTY","FLORIDA","12","NORTHEAST","30","SUWANNEE","121","","","00000000","","PEANUTS","PEANUTS - YIELD, MEASURED IN LB / ACRE","TOTAL","NOT SPECIFIED","1,810",""
"SURVEY","1968","YEAR","","COUNTY","FLORIDA","12","NORTHWEST","10","CALHOUN","013","","","00000000","","PEANUTS","PEANUTS - ACRES HARVESTED","TOTAL","NOT SPECIFIED","1,900",""
"SURVEY","1968","YEAR","","COUNTY","FLORIDA","12","NORTHWEST","10","CALHOUN","013","","","00000000","","PEANUTS","PEANUTS - PRODUCTION, MEASURED IN LB","TOTAL","NOT SPECIFIED","4,142,000",""
"SURVEY","1968","YEAR","","COUNTY","FLORIDA","12","NORTHWEST","10","CALHOUN","013","","","00000000","","PEANUTS","PEANUTS - YIELD, MEASURED IN LB / ACRE","TOTAL","NOT SPECIFIED","2,180",""
"SURVEY","1968","YEAR","","COUNTY","FLORIDA","12","NORTHWEST","10","ESCAMBIA","033","","","00000000","","PEANUTS","PEANUTS - ACRES HARVESTED","TOTAL","NOT SPECIFIED","40",""
"SURVEY","1968","YEAR","","COUNTY","FLORIDA","12","NORTHWEST","10","ESCAMBIA","033","","","00000000","","PEANUTS","PEANUTS - PRODUCTION, MEASURED IN LB","TOTAL","NOT SPECIFIED","87,000",""
"SURVEY","1968","YEAR","","COUNTY","FLORIDA","12","NORTHWEST","10","ESCAMBIA","033","","","00000000","","PEANUTS","PEANUTS - YIELD, MEASURED IN LB / ACRE","TOTAL","NOT SPECIFIED","2,175",""
"SURVEY","1968","YEAR","","COUNTY","FLORIDA","12","NORTHWEST","10","GADSDEN","039","","","00000000","","PEANUTS","PEANUTS - ACRES HARVESTED","TOTAL","NOT SPECIFIED","800",""
"SURVEY","1968","YEAR","","COUNTY","FLORIDA","12","NORTHWEST","10","GADSDEN","039","","","00000000","","PEANUTS","PEANUTS - PRODUCTION, MEASURED IN LB","TOTAL","NOT SPECIFIED","1,184,000",""
"SURVEY","1968","YEAR","","COUNTY","FLORIDA","12","NORTHWEST","10","GADSDEN","039","","","00000000","","PEANUTS","PEANUTS - YIELD, MEASURED IN LB / ACRE","TOTAL","NOT SPECIFIED","1,480",""
"SURVEY","1968","YEAR","","COUNTY","FLORIDA","12","NORTHWEST","10","HOLMES","059","","","00000000","","PEANUTS","PEANUTS - ACRES HARVESTED","TOTAL","NOT SPECIFIED","3,300",""
"SURVEY","1968","YEAR","","COUNTY","FLORIDA","12","NORTHWEST","10","HOLMES","059","","","00000000","","PEANUTS","PEANUTS - PRODUCTION, MEASURED IN LB","TOTAL","NOT SPECIFIED","4,719,000",""
"SURVEY","1968","YEAR","","COUNTY","FLORIDA","12","NORTHWEST","10","HOLMES","059","","","00000000","","PEANUTS","PEANUTS - YIELD, MEASURED IN LB / ACRE","TOTAL","NOT SPECIFIED","1,430",""
"SURVEY","1968","YEAR","","COUNTY","FLORIDA","12","NORTHWEST","10","JACKSON","063","","","00000000","","PEANUTS","PEANUTS - ACRES HARVESTED","TOTAL","NOT SPECIFIED","25,600",""
"SURVEY","1968","YEAR","","COUNTY","FLORIDA","12","NORTHWEST","10","JACKSON","063","","","00000000","","PEANUTS","PEANUTS - PRODUCTION, MEASURED IN LB","TOTAL","NOT SPECIFIED","37,888,000",""
"SURVEY","1968","YEAR","","COUNTY","FLORIDA","12","NORTHWEST","10","JACKSON","063","","","00000000","","PEANUTS","PEANUTS - YIELD, MEASURED IN LB / ACRE","TOTAL","NOT SPECIFIED","1,480",""
"SURVEY","1968","YEAR","","COUNTY","FLORIDA","12","NORTHWEST","10","JEFFERSON","065","","","00000000","","PEANUTS","PEANUTS - ACRES HARVESTED","TOTAL","NOT SPECIFIED","1,200",""
"SURVEY","1968","YEAR","","COUNTY","FLORIDA","12","NORTHWEST","10","JEFFERSON","065","","","00000000","","PEANUTS","PEANUTS - PRODUCTION, MEASURED IN LB","TOTAL","NOT SPECIFIED","1,824,000",""
"SURVEY","1968","YEAR","","COUNTY","FLORIDA","12","NORTHWEST","10","JEFFERSON","065","","","00000000","","PEANUTS","PEANUTS - YIELD, MEASURED IN LB / ACRE","TOTAL","NOT SPECIFIED","1,520",""
"SURVEY","1968","YEAR","","COUNTY","FLORIDA","12","NORTHWEST","10","LEON","073","","","00000000","","PEANUTS","PEANUTS - ACRES HARVESTED","TOTAL","NOT SPECIFIED","270",""
"SURVEY","1968","YEAR","","COUNTY","FLORIDA","12","NORTHWEST","10","LEON","073","","","00000000","","PEANUTS","PEANUTS - PRODUCTION, MEASURED IN LB","TOTAL","NOT SPECIFIED","559,000",""
"SURVEY","1968","YEAR","","COUNTY","FLORIDA","12","NORTHWEST","10","LEON","073","","","00000000","","PEANUTS","PEANUTS - YIELD, MEASURED IN LB / ACRE","TOTAL","NOT SPECIFIED","2,070",""
"SURVEY","1968","YEAR","","COUNTY","FLORIDA","12","NORTHWEST","10","OKALOOSA","091","","","00000000","","PEANUTS","PEANUTS - ACRES HARVESTED","TOTAL","NOT SPECIFIED","550",""
"SURVEY","1968","YEAR","","COUNTY","FLORIDA","12","NORTHWEST","10","OKALOOSA","091","","","00000000","","PEANUTS","PEANUTS - PRODUCTION, MEASURED IN LB","TOTAL","NOT SPECIFIED","1,270,000",""
"SURVEY","1968","YEAR","","COUNTY","FLORIDA","12","NORTHWEST","10","OKALOOSA","091","","","00000000","","PEANUTS","PEANUTS - YIELD, MEASURED IN LB / ACRE","TOTAL","NOT SPECIFIED","2,310",""
"SURVEY","1968","YEAR","","COUNTY","FLORIDA","12","NORTHWEST","10","SANTA ROSA","113","","","00000000","","PEANUTS","PEANUTS - ACRES HARVESTED","TOTAL","NOT SPECIFIED","5,600",""
"SURVEY","1968","YEAR","","COUNTY","FLORIDA","12","NORTHWEST","10","SANTA ROSA","113","","","00000000","","PEANUTS","PEANUTS - PRODUCTION, MEASURED IN LB","TOTAL","NOT SPECIFIED","12,824,000",""
"SURVEY","1968","YEAR","","COUNTY","FLORIDA","12","NORTHWEST","10","SANTA ROSA","113","","","00000000","","PEANUTS","PEANUTS - YIELD, MEASURED IN LB / ACRE","TOTAL","NOT SPECIFIED","2,290",""
"SURVEY","1968","YEAR","","COUNTY","FLORIDA","12","NORTHWEST","10","WAKULLA","129","","","00000000","","PEANUTS","PEANUTS - ACRES HARVESTED","TOTAL","NOT SPECIFIED","480",""
"SURVEY","1968","YEAR","","COUNTY","FLORIDA","12","NORTHWEST","10","WAKULLA","129","","","00000000","","PEANUTS","PEANUTS - PRODUCTION, MEASURED IN LB","TOTAL","NOT SPECIFIED","662,000",""
"SURVEY","1968","YEAR","","COUNTY","FLORIDA","12","NORTHWEST","10","WAKULLA","129","","","00000000","","PEANUTS","PEANUTS - YIELD, MEASURED IN LB / ACRE","TOTAL","NOT SPECIFIED","1,380",""
"SURVEY","1968","YEAR","","COUNTY","FLORIDA","12","NORTHWEST","10","WALTON","131","","","00000000","","PEANUTS","PEANUTS - ACRES HARVESTED","TOTAL","NOT SPECIFIED","1,100",""
"SURVEY","1968","YEAR","","COUNTY","FLORIDA","12","NORTHWEST","10","WALTON","131","","","00000000","","PEANUTS","PEANUTS - PRODUCTION, MEASURED IN LB","TOTAL","NOT SPECIFIED","2,024,000",""
"SURVEY","1968","YEAR","","COUNTY","FLORIDA","12","NORTHWEST","10","WALTON","131","","","00000000","","PEANUTS","PEANUTS - YIELD, MEASURED IN LB / ACRE","TOTAL","NOT SPECIFIED","1,840",""
"SURVEY","1968","YEAR","","COUNTY","FLORIDA","12","NORTHWEST","10","WASHINGTON","133","","","00000000","","PEANUTS","PEANUTS - ACRES HARVESTED","TOTAL","NOT SPECIFIED","900",""
"SURVEY","1968","YEAR","","COUNTY","FLORIDA","12","NORTHWEST","10","WASHINGTON","133","","","00000000","","PEANUTS","PEANUTS - PRODUCTION, MEASURED IN LB","TOTAL","NOT SPECIFIED","1,827,000",""
"SURVEY","1968","YEAR","","COUNTY","FLORIDA","12","NORTHWEST","10","WASHINGTON","133","","","00000000","","PEANUTS","PEANUTS - YIELD, MEASURED IN LB / ACRE","TOTAL","NOT SPECIFIED","2,030",""
"SURVEY","1967","YEAR","","COUNTY","FLORIDA","12","CENTRAL","50","ALACHUA","001","","","00000000","","PEANUTS","PEANUTS - ACRES HARVESTED","TOTAL","NOT SPECIFIED","1,700",""
"SURVEY","1967","YEAR","","COUNTY","FLORIDA","12","CENTRAL","50","ALACHUA","001","","","00000000","","PEANUTS","PEANUTS - PRODUCTION, MEASURED IN LB","TOTAL","NOT SPECIFIED","3,281,000",""
"SURVEY","1967","YEAR","","COUNTY","FLORIDA","12","CENTRAL","50","ALACHUA","001","","","00000000","","PEANUTS","PEANUTS - YIELD, MEASURED IN LB / ACRE","TOTAL","NOT SPECIFIED","1,930",""
"SURVEY","1967","YEAR","","COUNTY","FLORIDA","12","CENTRAL","50","GILCHRIST","041","","","00000000","","PEANUTS","PEANUTS - ACRES HARVESTED","TOTAL","NOT SPECIFIED","260",""
"SURVEY","1967","YEAR","","COUNTY","FLORIDA","12","CENTRAL","50","GILCHRIST","041","","","00000000","","PEANUTS","PEANUTS - PRODUCTION, MEASURED IN LB","TOTAL","NOT SPECIFIED","319,000",""
"SURVEY","1967","YEAR","","COUNTY","FLORIDA","12","CENTRAL","50","GILCHRIST","041","","","00000000","","PEANUTS","PEANUTS - YIELD, MEASURED IN LB / ACRE","TOTAL","NOT SPECIFIED","1,225",""
"SURVEY","1967","YEAR","","COUNTY","FLORIDA","12","CENTRAL","50","LEVY","075","","","00000000","","PEANUTS","PEANUTS - ACRES HARVESTED","TOTAL","NOT SPECIFIED","2,000",""
"SURVEY","1967","YEAR","","COUNTY","FLORIDA","12","CENTRAL","50","LEVY","075","","","00000000","","PEANUTS","PEANUTS - PRODUCTION, MEASURED IN LB","TOTAL","NOT SPECIFIED","3,680,000",""
"SURVEY","1967","YEAR","","COUNTY","FLORIDA","12","CENTRAL","50","LEVY","075","","","00000000","","PEANUTS","PEANUTS - YIELD, MEASURED IN LB / ACRE","TOTAL","NOT SPECIFIED","1,840",""
"SURVEY","1967","YEAR","","COUNTY","FLORIDA","12","CENTRAL","50","MARION","083","","","00000000","","PEANUTS","PEANUTS - ACRES HARVESTED","TOTAL","NOT SPECIFIED","2,000",""
"SURVEY","1967","YEAR","","COUNTY","FLORIDA","12","CENTRAL","50","MARION","083","","","00000000","","PEANUTS","PEANUTS - PRODUCTION, MEASURED IN LB","TOTAL","NOT SPECIFIED","3,660,000",""
"SURVEY","1967","YEAR","","COUNTY","FLORIDA","12","CENTRAL","50","MARION","083","","","00000000","","PEANUTS","PEANUTS - YIELD, MEASURED IN LB / ACRE","TOTAL","NOT SPECIFIED","1,830",""
"SURVEY","1967","YEAR","","COUNTY","FLORIDA","12","NORTHEAST","30","COLUMBIA","023","","","00000000","","PEANUTS","PEANUTS - ACRES HARVESTED","TOTAL","NOT SPECIFIED","600",""
"SURVEY","1967","YEAR","","COUNTY","FLORIDA","12","NORTHEAST","30","COLUMBIA","023","","","00000000","","PEANUTS","PEANUTS - PRODUCTION, MEASURED IN LB","TOTAL","NOT SPECIFIED","1,002,000",""
"SURVEY","1967","YEAR","","COUNTY","FLORIDA","12","NORTHEAST","30","COLUMBIA","023","","","00000000","","PEANUTS","PEANUTS - YIELD, MEASURED IN LB / ACRE","TOTAL","NOT SPECIFIED","1,670",""
"SURVEY","1967","YEAR","","COUNTY","FLORIDA","12","NORTHEAST","30","DIXIE","029","","","00000000","","PEANUTS","PEANUTS - ACRES HARVESTED","TOTAL","NOT SPECIFIED","30",""
"SURVEY","1967","YEAR","","COUNTY","FLORIDA","12","NORTHEAST","30","DIXIE","029","","","00000000","","PEANUTS","PEANUTS - PRODUCTION, MEASURED IN LB","TOTAL","NOT SPECIFIED","36,000",""
"SURVEY","1967","YEAR","","COUNTY","FLORIDA","12","NORTHEAST","30","DIXIE","029","","","00000000","","PEANUTS","PEANUTS - YIELD, MEASURED IN LB / ACRE","TOTAL","NOT SPECIFIED","1,200",""
"SURVEY","1967","YEAR","","COUNTY","FLORIDA","12","NORTHEAST","30","HAMILTON","047","","","00000000","","PEANUTS","PEANUTS - ACRES HARVESTED","TOTAL","NOT SPECIFIED","90",""
"SURVEY","1967","YEAR","","COUNTY","FLORIDA","12","NORTHEAST","30","HAMILTON","047","","","00000000","","PEANUTS","PEANUTS - PRODUCTION, MEASURED IN LB","TOTAL","NOT SPECIFIED","108,000",""
"SURVEY","1967","YEAR","","COUNTY","FLORIDA","12","NORTHEAST","30","HAMILTON","047","","","00000000","","PEANUTS","PEANUTS - YIELD, MEASURED IN LB / ACRE","TOTAL","NOT SPECIFIED","1,200",""
"SURVEY","1967","YEAR","","COUNTY","FLORIDA","12","NORTHEAST","30","LAFAYETTE","067","","","00000000","","PEANUTS","PEANUTS - ACRES HARVESTED","TOTAL","NOT SPECIFIED","100",""
"SURVEY","1967","YEAR","","COUNTY","FLORIDA","12","NORTHEAST","30","LAFAYETTE","067","","","00000000","","PEANUTS","PEANUTS - PRODUCTION, MEASURED IN LB","TOTAL","NOT SPECIFIED","100,000",""
"SURVEY","1967","YEAR","","COUNTY","FLORIDA","12","NORTHEAST","30","LAFAYETTE","067","","","00000000","","PEANUTS","PEANUTS - YIELD, MEASURED IN LB / ACRE","TOTAL","NOT SPECIFIED","1,000",""
"SURVEY","1967","YEAR","","COUNTY","FLORIDA","12","NORTHEAST","30","MADISON","079","","","00000000","","PEANUTS","PEANUTS - ACRES HARVESTED","TOTAL","NOT SPECIFIED","150",""
"SURVEY","1967","YEAR","","COUNTY","FLORIDA","12","NORTHEAST","30","MADISON","079","","","00000000","","PEANUTS","PEANUTS - PRODUCTION, MEASURED IN LB","TOTAL","NOT SPECIFIED","109,500",""
"SURVEY","1967","YEAR","","COUNTY","FLORIDA","12","NORTHEAST","30","MADISON","079","","","00000000","","PEANUTS","PEANUTS - YIELD, MEASURED IN LB / ACRE","TOTAL","NOT SPECIFIED","730",""
"SURVEY","1967","YEAR","","COUNTY","FLORIDA","12","NORTHEAST","30","SUWANNEE","121","","","00000000","","PEANUTS","PEANUTS - ACRES HARVESTED","TOTAL","NOT SPECIFIED","1,400",""
"SURVEY","1967","YEAR","","COUNTY","FLORIDA","12","NORTHEAST","30","SUWANNEE","121","","","00000000","","PEANUTS","PEANUTS - PRODUCTION, MEASURED IN LB","TOTAL","NOT SPECIFIED","2,324,000",""
"SURVEY","1967","YEAR","","COUNTY","FLORIDA","12","NORTHEAST","30","SUWANNEE","121","","","00000000","","PEANUTS","PEANUTS - YIELD, MEASURED IN LB / ACRE","TOTAL","NOT SPECIFIED","1,660",""
"SURVEY","1967","YEAR","","COUNTY","FLORIDA","12","NORTHWEST","10","CALHOUN","013","","","00000000","","PEANUTS","PEANUTS - ACRES HARVESTED","TOTAL","NOT SPECIFIED","1,900",""
"SURVEY","1967","YEAR","","COUNTY","FLORIDA","12","NORTHWEST","10","CALHOUN","013","","","00000000","","PEANUTS","PEANUTS - PRODUCTION, MEASURED IN LB","TOTAL","NOT SPECIFIED","3,724,000",""
"SURVEY","1967","YEAR","","COUNTY","FLORIDA","12","NORTHWEST","10","CALHOUN","013","","","00000000","","PEANUTS","PEANUTS - YIELD, MEASURED IN LB / ACRE","TOTAL","NOT SPECIFIED","1,960",""
"SURVEY","1967","YEAR","","COUNTY","FLORIDA","12","NORTHWEST","10","ESCAMBIA","033","","","00000000","","PEANUTS","PEANUTS - ACRES HARVESTED","TOTAL","NOT SPECIFIED","20",""
"SURVEY","1967","YEAR","","COUNTY","FLORIDA","12","NORTHWEST","10","ESCAMBIA","033","","","00000000","","PEANUTS","PEANUTS - PRODUCTION, MEASURED IN LB","TOTAL","NOT SPECIFIED","42,000",""
"SURVEY","1967","YEAR","","COUNTY","FLORIDA","12","NORTHWEST","10","ESCAMBIA","033","","","00000000","","PEANUTS","PEANUTS - YIELD, MEASURED IN LB / ACRE","TOTAL","NOT SPECIFIED","2,100",""
"SURVEY","1967","YEAR","","COUNTY","FLORIDA","12","NORTHWEST","10","GADSDEN","039","","","00000000","","PEANUTS","PEANUTS - ACRES HARVESTED","TOTAL","NOT SPECIFIED","800",""
"SURVEY","1967","YEAR","","COUNTY","FLORIDA","12","NORTHWEST","10","GADSDEN","039","","","00000000","","PEANUTS","PEANUTS - PRODUCTION, MEASURED IN LB","TOTAL","NOT SPECIFIED","872,000",""
"SURVEY","1967","YEAR","","COUNTY","FLORIDA","12","NORTHWEST","10","GADSDEN","039","","","00000000","","PEANUTS","PEANUTS - YIELD, MEASURED IN LB / ACRE","TOTAL","NOT SPECIFIED","1,090",""
"SURVEY","1967","YEAR","","COUNTY","FLORIDA","12","NORTHWEST","10","HOLMES","059","","","00000000","","PEANUTS","PEANUTS - ACRES HARVESTED","TOTAL","NOT SPECIFIED","3,000",""
"SURVEY","1967","YEAR","","COUNTY","FLORIDA","12","NORTHWEST","10","HOLMES","059","","","00000000","","PEANUTS","PEANUTS - PRODUCTION, MEASURED IN LB","TOTAL","NOT SPECIFIED","4,200,000",""
"SURVEY","1967","YEAR","","COUNTY","FLORIDA","12","NORTHWEST","10","HOLMES","059","","","00000000","","PEANUTS","PEANUTS - YIELD, MEASURED IN LB / ACRE","TOTAL","NOT SPECIFIED","1,400",""
"SURVEY","1967","YEAR","","COUNTY","FLORIDA","12","NORTHWEST","10","JACKSON","063","","","00000000","","PEANUTS","PEANUTS - ACRES HARVESTED","TOTAL","NOT SPECIFIED","25,200",""
"SURVEY","1967","YEAR","","COUNTY","FLORIDA","12","NORTHWEST","10","JACKSON","063","","","00000000","","PEANUTS","PEANUTS - PRODUCTION, MEASURED IN LB","TOTAL","NOT SPECIFIED","37,548,000",""
"SURVEY","1967","YEAR","","COUNTY","FLORIDA","12","NORTHWEST","10","JACKSON","063","","","00000000","","PEANUTS","PEANUTS - YIELD, MEASURED IN LB / ACRE","TOTAL","NOT SPECIFIED","1,490",""
"SURVEY","1967","YEAR","","COUNTY","FLORIDA","12","NORTHWEST","10","JEFFERSON","065","","","00000000","","PEANUTS","PEANUTS - ACRES HARVESTED","TOTAL","NOT SPECIFIED","1,100",""
"SURVEY","1967","YEAR","","COUNTY","FLORIDA","12","NORTHWEST","10","JEFFERSON","065","","","00000000","","PEANUTS","PEANUTS - PRODUCTION, MEASURED IN LB","TOTAL","NOT SPECIFIED","1,881,000",""
"SURVEY","1967","YEAR","","COUNTY","FLORIDA","12","NORTHWEST","10","JEFFERSON","065","","","00000000","","PEANUTS","PEANUTS - YIELD, MEASURED IN LB / ACRE","TOTAL","NOT SPECIFIED","1,710",""
"SURVEY","1967","YEAR","","COUNTY","FLORIDA","12","NORTHWEST","10","LEON","073","","","00000000","","PEANUTS","PEANUTS - ACRES HARVESTED","TOTAL","NOT SPECIFIED","250",""
"SURVEY","1967","YEAR","","COUNTY","FLORIDA","12","NORTHWEST","10","LEON","073","","","00000000","","PEANUTS","PEANUTS - PRODUCTION, MEASURED IN LB","TOTAL","NOT SPECIFIED","437,500",""
"SURVEY","1967","YEAR","","COUNTY","FLORIDA","12","NORTHWEST","10","LEON","073","","","00000000","","PEANUTS","PEANUTS - YIELD, MEASURED IN LB / ACRE","TOTAL","NOT SPECIFIED","1,750",""
"SURVEY","1967","YEAR","","COUNTY","FLORIDA","12","NORTHWEST","10","OKALOOSA","091","","","00000000","","PEANUTS","PEANUTS - ACRES HARVESTED","TOTAL","NOT SPECIFIED","550",""
"SURVEY","1967","YEAR","","COUNTY","FLORIDA","12","NORTHWEST","10","OKALOOSA","091","","","00000000","","PEANUTS","PEANUTS - PRODUCTION, MEASURED IN LB","TOTAL","NOT SPECIFIED","913,000",""
"SURVEY","1967","YEAR","","COUNTY","FLORIDA","12","NORTHWEST","10","OKALOOSA","091","","","00000000","","PEANUTS","PEANUTS - YIELD, MEASURED IN LB / ACRE","TOTAL","NOT SPECIFIED","1,660",""
"SURVEY","1967","YEAR","","COUNTY","FLORIDA","12","NORTHWEST","10","SANTA ROSA","113","","","00000000","","PEANUTS","PEANUTS - ACRES HARVESTED","TOTAL","NOT SPECIFIED","5,500",""
"SURVEY","1967","YEAR","","COUNTY","FLORIDA","12","NORTHWEST","10","SANTA ROSA","113","","","00000000","","PEANUTS","PEANUTS - PRODUCTION, MEASURED IN LB","TOTAL","NOT SPECIFIED","11,550,000",""
"SURVEY","1967","YEAR","","COUNTY","FLORIDA","12","NORTHWEST","10","SANTA ROSA","113","","","00000000","","PEANUTS","PEANUTS - YIELD, MEASURED IN LB / ACRE","TOTAL","NOT SPECIFIED","2,100",""
"SURVEY","1967","YEAR","","COUNTY","FLORIDA","12","NORTHWEST","10","WAKULLA","129","","","00000000","","PEANUTS","PEANUTS - ACRES HARVESTED","TOTAL","NOT SPECIFIED","450",""
"SURVEY","1967","YEAR","","COUNTY","FLORIDA","12","NORTHWEST","10","WAKULLA","129","","","00000000","","PEANUTS","PEANUTS - PRODUCTION, MEASURED IN LB","TOTAL","NOT SPECIFIED","495,000",""
"SURVEY","1967","YEAR","","COUNTY","FLORIDA","12","NORTHWEST","10","WAKULLA","129","","","00000000","","PEANUTS","PEANUTS - YIELD, MEASURED IN LB / ACRE","TOTAL","NOT SPECIFIED","1,100",""
"SURVEY","1967","YEAR","","COUNTY","FLORIDA","12","NORTHWEST","10","WALTON","131","","","00000000","","PEANUTS","PEANUTS - ACRES HARVESTED","TOTAL","NOT SPECIFIED","1,100",""
"SURVEY","1967","YEAR","","COUNTY","FLORIDA","12","NORTHWEST","10","WALTON","131","","","00000000","","PEANUTS","PEANUTS - PRODUCTION, MEASURED IN LB","TOTAL","NOT SPECIFIED","1,320,000",""
"SURVEY","1967","YEAR","","COUNTY","FLORIDA","12","NORTHWEST","10","WALTON","131","","","00000000","","PEANUTS","PEANUTS - YIELD, MEASURED IN LB / ACRE","TOTAL","NOT SPECIFIED","1,200",""
"SURVEY","1967","YEAR","","COUNTY","FLORIDA","12","NORTHWEST","10","WASHINGTON","133","","","00000000","","PEANUTS","PEANUTS - ACRES HARVESTED","TOTAL","NOT SPECIFIED","800",""
"SURVEY","1967","YEAR","","COUNTY","FLORIDA","12","NORTHWEST","10","WASHINGTON","133","","","00000000","","PEANUTS","PEANUTS - PRODUCTION, MEASURED IN LB","TOTAL","NOT SPECIFIED","1,288,000",""
"SURVEY","1967","YEAR","","COUNTY","FLORIDA","12","NORTHWEST","10","WASHINGTON","133","","","00000000","","PEANUTS","PEANUTS - YIELD, MEASURED IN LB / ACRE","TOTAL","NOT SPECIFIED","1,610",""
"SURVEY","1966","YEAR","","COUNTY","FLORIDA","12","CENTRAL","50","ALACHUA","001","","","00000000","","PEANUTS","PEANUTS - ACRES HARVESTED","TOTAL","NOT SPECIFIED","2,000",""
"SURVEY","1966","YEAR","","COUNTY","FLORIDA","12","CENTRAL","50","ALACHUA","001","","","00000000","","PEANUTS","PEANUTS - PRODUCTION, MEASURED IN LB","TOTAL","NOT SPECIFIED","3,000,000",""
"SURVEY","1966","YEAR","","COUNTY","FLORIDA","12","CENTRAL","50","ALACHUA","001","","","00000000","","PEANUTS","PEANUTS - YIELD, MEASURED IN LB / ACRE","TOTAL","NOT SPECIFIED","1,500",""
"SURVEY","1966","YEAR","","COUNTY","FLORIDA","12","CENTRAL","50","GILCHRIST","041","","","00000000","","PEANUTS","PEANUTS - ACRES HARVESTED","TOTAL","NOT SPECIFIED","200",""
"SURVEY","1966","YEAR","","COUNTY","FLORIDA","12","CENTRAL","50","GILCHRIST","041","","","00000000","","PEANUTS","PEANUTS - PRODUCTION, MEASURED IN LB","TOTAL","NOT SPECIFIED","254,000",""
"SURVEY","1966","YEAR","","COUNTY","FLORIDA","12","CENTRAL","50","GILCHRIST","041","","","00000000","","PEANUTS","PEANUTS - YIELD, MEASURED IN LB / ACRE","TOTAL","NOT SPECIFIED","1,270",""
"SURVEY","1966","YEAR","","COUNTY","FLORIDA","12","CENTRAL","50","LEVY","075","","","00000000","","PEANUTS","PEANUTS - ACRES HARVESTED","TOTAL","NOT SPECIFIED","2,100",""
"SURVEY","1966","YEAR","","COUNTY","FLORIDA","12","CENTRAL","50","LEVY","075","","","00000000","","PEANUTS","PEANUTS - PRODUCTION, MEASURED IN LB","TOTAL","NOT SPECIFIED","3,192,000",""
"SURVEY","1966","YEAR","","COUNTY","FLORIDA","12","CENTRAL","50","LEVY","075","","","00000000","","PEANUTS","PEANUTS - YIELD, MEASURED IN LB / ACRE","TOTAL","NOT SPECIFIED","1,520",""
"SURVEY","1966","YEAR","","COUNTY","FLORIDA","12","CENTRAL","50","MARION","083","","","00000000","","PEANUTS","PEANUTS - ACRES HARVESTED","TOTAL","NOT SPECIFIED","2,400",""
"SURVEY","1966","YEAR","","COUNTY","FLORIDA","12","CENTRAL","50","MARION","083","","","00000000","","PEANUTS","PEANUTS - PRODUCTION, MEASURED IN LB","TOTAL","NOT SPECIFIED","4,008,000",""
"SURVEY","1966","YEAR","","COUNTY","FLORIDA","12","CENTRAL","50","MARION","083","","","00000000","","PEANUTS","PEANUTS - YIELD, MEASURED IN LB / ACRE","TOTAL","NOT SPECIFIED","1,670",""
"SURVEY","1966","YEAR","","COUNTY","FLORIDA","12","NORTHEAST","30","COLUMBIA","023","","","00000000","","PEANUTS","PEANUTS - ACRES HARVESTED","TOTAL","NOT SPECIFIED","600",""
"SURVEY","1966","YEAR","","COUNTY","FLORIDA","12","NORTHEAST","30","COLUMBIA","023","","","00000000","","PEANUTS","PEANUTS - PRODUCTION, MEASURED IN LB","TOTAL","NOT SPECIFIED","930,000",""
"SURVEY","1966","YEAR","","COUNTY","FLORIDA","12","NORTHEAST","30","COLUMBIA","023","","","00000000","","PEANUTS","PEANUTS - YIELD, MEASURED IN LB / ACRE","TOTAL","NOT SPECIFIED","1,550",""
"SURVEY","1966","YEAR","","COUNTY","FLORIDA","12","NORTHEAST","30","MADISON","079","","","00000000","","PEANUTS","PEANUTS - ACRES HARVESTED","TOTAL","NOT SPECIFIED","150",""
"SURVEY","1966","YEAR","","COUNTY","FLORIDA","12","NORTHEAST","30","MADISON","079","","","00000000","","PEANUTS","PEANUTS - PRODUCTION, MEASURED IN LB","TOTAL","NOT SPECIFIED","144,000",""
"SURVEY","1966","YEAR","","COUNTY","FLORIDA","12","NORTHEAST","30","MADISON","079","","","00000000","","PEANUTS","PEANUTS - YIELD, MEASURED IN LB / ACRE","TOTAL","NOT SPECIFIED","960",""
"SURVEY","1966","YEAR","","COUNTY","FLORIDA","12","NORTHEAST","30","SUWANNEE","121","","","00000000","","PEANUTS","PEANUTS - ACRES HARVESTED","TOTAL","NOT SPECIFIED","1,300",""
"SURVEY","1966","YEAR","","COUNTY","FLORIDA","12","NORTHEAST","30","SUWANNEE","121","","","00000000","","PEANUTS","PEANUTS - PRODUCTION, MEASURED IN LB","TOTAL","NOT SPECIFIED","1,989,000",""
"SURVEY","1966","YEAR","","COUNTY","FLORIDA","12","NORTHEAST","30","SUWANNEE","121","","","00000000","","PEANUTS","PEANUTS - YIELD, MEASURED IN LB / ACRE","TOTAL","NOT SPECIFIED","1,530",""
"SURVEY","1966","YEAR","","COUNTY","FLORIDA","12","NORTHWEST","10","CALHOUN","013","","","00000000","","PEANUTS","PEANUTS - ACRES HARVESTED","TOTAL","NOT SPECIFIED","1,800",""
"SURVEY","1966","YEAR","","COUNTY","FLORIDA","12","NORTHWEST","10","CALHOUN","013","","","00000000","","PEANUTS","PEANUTS - PRODUCTION, MEASURED IN LB","TOTAL","NOT SPECIFIED","3,420,000",""
"SURVEY","1966","YEAR","","COUNTY","FLORIDA","12","NORTHWEST","10","CALHOUN","013","","","00000000","","PEANUTS","PEANUTS - YIELD, MEASURED IN LB / ACRE","TOTAL","NOT SPECIFIED","1,900",""
"SURVEY","1966","YEAR","","COUNTY","FLORIDA","12","NORTHWEST","10","GADSDEN","039","","","00000000","","PEANUTS","PEANUTS - ACRES HARVESTED","TOTAL","NOT SPECIFIED","750",""
"SURVEY","1966","YEAR","","COUNTY","FLORIDA","12","NORTHWEST","10","GADSDEN","039","","","00000000","","PEANUTS","PEANUTS - PRODUCTION, MEASURED IN LB","TOTAL","NOT SPECIFIED","825,000",""
"SURVEY","1966","YEAR","","COUNTY","FLORIDA","12","NORTHWEST","10","GADSDEN","039","","","00000000","","PEANUTS","PEANUTS - YIELD, MEASURED IN LB / ACRE","TOTAL","NOT SPECIFIED","1,100",""
"SURVEY","1966","YEAR","","COUNTY","FLORIDA","12","NORTHWEST","10","HOLMES","059","","","00000000","","PEANUTS","PEANUTS - ACRES HARVESTED","TOTAL","NOT SPECIFIED","3,000",""
"SURVEY","1966","YEAR","","COUNTY","FLORIDA","12","NORTHWEST","10","HOLMES","059","","","00000000","","PEANUTS","PEANUTS - PRODUCTION, MEASURED IN LB","TOTAL","NOT SPECIFIED","4,440,000",""
"SURVEY","1966","YEAR","","COUNTY","FLORIDA","12","NORTHWEST","10","HOLMES","059","","","00000000","","PEANUTS","PEANUTS - YIELD, MEASURED IN LB / ACRE","TOTAL","NOT SPECIFIED","1,480",""
"SURVEY","1966","YEAR","","COUNTY","FLORIDA","12","NORTHWEST","10","JACKSON","063","","","00000000","","PEANUTS","PEANUTS - ACRES HARVESTED","TOTAL","NOT SPECIFIED","24,800",""
"SURVEY","1966","YEAR","","COUNTY","FLORIDA","12","NORTHWEST","10","JACKSON","063","","","00000000","","PEANUTS","PEANUTS - PRODUCTION, MEASURED IN LB","TOTAL","NOT SPECIFIED","34,472,000",""
"SURVEY","1966","YEAR","","COUNTY","FLORIDA","12","NORTHWEST","10","JACKSON","063","","","00000000","","PEANUTS","PEANUTS - YIELD, MEASURED IN LB / ACRE","TOTAL","NOT SPECIFIED","1,390",""
"SURVEY","1966","YEAR","","COUNTY","FLORIDA","12","NORTHWEST","10","JEFFERSON","065","","","00000000","","PEANUTS","PEANUTS - ACRES HARVESTED","TOTAL","NOT SPECIFIED","1,000",""
"SURVEY","1966","YEAR","","COUNTY","FLORIDA","12","NORTHWEST","10","JEFFERSON","065","","","00000000","","PEANUTS","PEANUTS - PRODUCTION, MEASURED IN LB","TOTAL","NOT SPECIFIED","1,400,000",""
"SURVEY","1966","YEAR","","COUNTY","FLORIDA","12","NORTHWEST","10","JEFFERSON","065","","","00000000","","PEANUTS","PEANUTS - YIELD, MEASURED IN LB / ACRE","TOTAL","NOT SPECIFIED","1,400",""
"SURVEY","1966","YEAR","","COUNTY","FLORIDA","12","NORTHWEST","10","LEON","073","","","00000000","","PEANUTS","PEANUTS - ACRES HARVESTED","TOTAL","NOT SPECIFIED","250",""
"SURVEY","1966","YEAR","","COUNTY","FLORIDA","12","NORTHWEST","10","LEON","073","","","00000000","","PEANUTS","PEANUTS - PRODUCTION, MEASURED IN LB","TOTAL","NOT SPECIFIED","492,500",""
"SURVEY","1966","YEAR","","COUNTY","FLORIDA","12","NORTHWEST","10","LEON","073","","","00000000","","PEANUTS","PEANUTS - YIELD, MEASURED IN LB / ACRE","TOTAL","NOT SPECIFIED","1,970",""
"SURVEY","1966","YEAR","","COUNTY","FLORIDA","12","NORTHWEST","10","OKALOOSA","091","","","00000000","","PEANUTS","PEANUTS - ACRES HARVESTED","TOTAL","NOT SPECIFIED","450",""
"SURVEY","1966","YEAR","","COUNTY","FLORIDA","12","NORTHWEST","10","OKALOOSA","091","","","00000000","","PEANUTS","PEANUTS - PRODUCTION, MEASURED IN LB","TOTAL","NOT SPECIFIED","661,500",""
"SURVEY","1966","YEAR","","COUNTY","FLORIDA","12","NORTHWEST","10","OKALOOSA","091","","","00000000","","PEANUTS","PEANUTS - YIELD, MEASURED IN LB / ACRE","TOTAL","NOT SPECIFIED","1,470",""
"SURVEY","1966","YEAR","","COUNTY","FLORIDA","12","NORTHWEST","10","SANTA ROSA","113","","","00000000","","PEANUTS","PEANUTS - ACRES HARVESTED","TOTAL","NOT SPECIFIED","5,500",""
"SURVEY","1966","YEAR","","COUNTY","FLORIDA","12","NORTHWEST","10","SANTA ROSA","113","","","00000000","","PEANUTS","PEANUTS - PRODUCTION, MEASURED IN LB","TOTAL","NOT SPECIFIED","9,460,000",""
"SURVEY","1966","YEAR","","COUNTY","FLORIDA","12","NORTHWEST","10","SANTA ROSA","113","","","00000000","","PEANUTS","PEANUTS - YIELD, MEASURED IN LB / ACRE","TOTAL","NOT SPECIFIED","1,720",""
"SURVEY","1966","YEAR","","COUNTY","FLORIDA","12","NORTHWEST","10","WAKULLA","129","","","00000000","","PEANUTS","PEANUTS - ACRES HARVESTED","TOTAL","NOT SPECIFIED","500",""
"SURVEY","1966","YEAR","","COUNTY","FLORIDA","12","NORTHWEST","10","WAKULLA","129","","","00000000","","PEANUTS","PEANUTS - PRODUCTION, MEASURED IN LB","TOTAL","NOT SPECIFIED","385,000",""
"SURVEY","1966","YEAR","","COUNTY","FLORIDA","12","NORTHWEST","10","WAKULLA","129","","","00000000","","PEANUTS","PEANUTS - YIELD, MEASURED IN LB / ACRE","TOTAL","NOT SPECIFIED","770",""
"SURVEY","1966","YEAR","","COUNTY","FLORIDA","12","NORTHWEST","10","WALTON","131","","","00000000","","PEANUTS","PEANUTS - ACRES HARVESTED","TOTAL","NOT SPECIFIED","1,100",""
"SURVEY","1966","YEAR","","COUNTY","FLORIDA","12","NORTHWEST","10","WALTON","131","","","00000000","","PEANUTS","PEANUTS - PRODUCTION, MEASURED IN LB","TOTAL","NOT SPECIFIED","1,573,000",""
"SURVEY","1966","YEAR","","COUNTY","FLORIDA","12","NORTHWEST","10","WALTON","131","","","00000000","","PEANUTS","PEANUTS - YIELD, MEASURED IN LB / ACRE","TOTAL","NOT SPECIFIED","1,430",""
"SURVEY","1966","YEAR","","COUNTY","FLORIDA","12","NORTHWEST","10","WASHINGTON","133","","","00000000","","PEANUTS","PEANUTS - ACRES HARVESTED","TOTAL","NOT SPECIFIED","800",""
"SURVEY","1966","YEAR","","COUNTY","FLORIDA","12","NORTHWEST","10","WASHINGTON","133","","","00000000","","PEANUTS","PEANUTS - PRODUCTION, MEASURED IN LB","TOTAL","NOT SPECIFIED","1,304,000",""
"SURVEY","1966","YEAR","","COUNTY","FLORIDA","12","NORTHWEST","10","WASHINGTON","133","","","00000000","","PEANUTS","PEANUTS - YIELD, MEASURED IN LB / ACRE","TOTAL","NOT SPECIFIED","1,630",""
"SURVEY","1965","YEAR","","COUNTY","FLORIDA","12","CENTRAL","50","ALACHUA","001","","","00000000","","PEANUTS","PEANUTS - ACRES HARVESTED","TOTAL","NOT SPECIFIED","1,800",""
"SURVEY","1965","YEAR","","COUNTY","FLORIDA","12","CENTRAL","50","ALACHUA","001","","","00000000","","PEANUTS","PEANUTS - PRODUCTION, MEASURED IN LB","TOTAL","NOT SPECIFIED","3,348,000",""
"SURVEY","1965","YEAR","","COUNTY","FLORIDA","12","CENTRAL","50","ALACHUA","001","","","00000000","","PEANUTS","PEANUTS - YIELD, MEASURED IN LB / ACRE","TOTAL","NOT SPECIFIED","1,860",""
"SURVEY","1965","YEAR","","COUNTY","FLORIDA","12","CENTRAL","50","GILCHRIST","041","","","00000000","","PEANUTS","PEANUTS - ACRES HARVESTED","TOTAL","NOT SPECIFIED","170",""
"SURVEY","1965","YEAR","","COUNTY","FLORIDA","12","CENTRAL","50","GILCHRIST","041","","","00000000","","PEANUTS","PEANUTS - PRODUCTION, MEASURED IN LB","TOTAL","NOT SPECIFIED","266,900",""
"SURVEY","1965","YEAR","","COUNTY","FLORIDA","12","CENTRAL","50","GILCHRIST","041","","","00000000","","PEANUTS","PEANUTS - YIELD, MEASURED IN LB / ACRE","TOTAL","NOT SPECIFIED","1,570",""
"SURVEY","1965","YEAR","","COUNTY","FLORIDA","12","CENTRAL","50","LEVY","075","","","00000000","","PEANUTS","PEANUTS - ACRES HARVESTED","TOTAL","NOT SPECIFIED","2,600",""
"SURVEY","1965","YEAR","","COUNTY","FLORIDA","12","CENTRAL","50","LEVY","075","","","00000000","","PEANUTS","PEANUTS - PRODUCTION, MEASURED IN LB","TOTAL","NOT SPECIFIED","4,108,000",""
"SURVEY","1965","YEAR","","COUNTY","FLORIDA","12","CENTRAL","50","LEVY","075","","","00000000","","PEANUTS","PEANUTS - YIELD, MEASURED IN LB / ACRE","TOTAL","NOT SPECIFIED","1,580",""
"SURVEY","1965","YEAR","","COUNTY","FLORIDA","12","CENTRAL","50","MARION","083","","","00000000","","PEANUTS","PEANUTS - ACRES HARVESTED","TOTAL","NOT SPECIFIED","2,600",""
"SURVEY","1965","YEAR","","COUNTY","FLORIDA","12","CENTRAL","50","MARION","083","","","00000000","","PEANUTS","PEANUTS - PRODUCTION, MEASURED IN LB","TOTAL","NOT SPECIFIED","3,770,000",""
"SURVEY","1965","YEAR","","COUNTY","FLORIDA","12","CENTRAL","50","MARION","083","","","00000000","","PEANUTS","PEANUTS - YIELD, MEASURED IN LB / ACRE","TOTAL","NOT SPECIFIED","1,450",""
"SURVEY","1965","YEAR","","COUNTY","FLORIDA","12","NORTHEAST","30","COLUMBIA","023","","","00000000","","PEANUTS","PEANUTS - ACRES HARVESTED","TOTAL","NOT SPECIFIED","600",""
"SURVEY","1965","YEAR","","COUNTY","FLORIDA","12","NORTHEAST","30","COLUMBIA","023","","","00000000","","PEANUTS","PEANUTS - PRODUCTION, MEASURED IN LB","TOTAL","NOT SPECIFIED","1,002,000",""
"SURVEY","1965","YEAR","","COUNTY","FLORIDA","12","NORTHEAST","30","COLUMBIA","023","","","00000000","","PEANUTS","PEANUTS - YIELD, MEASURED IN LB / ACRE","TOTAL","NOT SPECIFIED","1,670",""
"SURVEY","1965","YEAR","","COUNTY","FLORIDA","12","NORTHEAST","30","MADISON","079","","","00000000","","PEANUTS","PEANUTS - ACRES HARVESTED","TOTAL","NOT SPECIFIED","180",""
"SURVEY","1965","YEAR","","COUNTY","FLORIDA","12","NORTHEAST","30","MADISON","079","","","00000000","","PEANUTS","PEANUTS - PRODUCTION, MEASURED IN LB","TOTAL","NOT SPECIFIED","118,800",""
"SURVEY","1965","YEAR","","COUNTY","FLORIDA","12","NORTHEAST","30","MADISON","079","","","00000000","","PEANUTS","PEANUTS - YIELD, MEASURED IN LB / ACRE","TOTAL","NOT SPECIFIED","660",""
"SURVEY","1965","YEAR","","COUNTY","FLORIDA","12","NORTHEAST","30","SUWANNEE","121","","","00000000","","PEANUTS","PEANUTS - ACRES HARVESTED","TOTAL","NOT SPECIFIED","1,400",""
"SURVEY","1965","YEAR","","COUNTY","FLORIDA","12","NORTHEAST","30","SUWANNEE","121","","","00000000","","PEANUTS","PEANUTS - PRODUCTION, MEASURED IN LB","TOTAL","NOT SPECIFIED","2,296,000",""
"SURVEY","1965","YEAR","","COUNTY","FLORIDA","12","NORTHEAST","30","SUWANNEE","121","","","00000000","","PEANUTS","PEANUTS - YIELD, MEASURED IN LB / ACRE","TOTAL","NOT SPECIFIED","1,640",""
"SURVEY","1965","YEAR","","COUNTY","FLORIDA","12","NORTHWEST","10","CALHOUN","013","","","00000000","","PEANUTS","PEANUTS - ACRES HARVESTED","TOTAL","NOT SPECIFIED","1,900",""
"SURVEY","1965","YEAR","","COUNTY","FLORIDA","12","NORTHWEST","10","CALHOUN","013","","","00000000","","PEANUTS","PEANUTS - PRODUCTION, MEASURED IN LB","TOTAL","NOT SPECIFIED","3,534,000",""
"SURVEY","1965","YEAR","","COUNTY","FLORIDA","12","NORTHWEST","10","CALHOUN","013","","","00000000","","PEANUTS","PEANUTS - YIELD, MEASURED IN LB / ACRE","TOTAL","NOT SPECIFIED","1,860",""
"SURVEY","1965","YEAR","","COUNTY","FLORIDA","12","NORTHWEST","10","GADSDEN","039","","","00000000","","PEANUTS","PEANUTS - ACRES HARVESTED","TOTAL","NOT SPECIFIED","800",""
"SURVEY","1965","YEAR","","COUNTY","FLORIDA","12","NORTHWEST","10","GADSDEN","039","","","00000000","","PEANUTS","PEANUTS - PRODUCTION, MEASURED IN LB","TOTAL","NOT SPECIFIED","952,000",""
"SURVEY","1965","YEAR","","COUNTY","FLORIDA","12","NORTHWEST","10","GADSDEN","039","","","00000000","","PEANUTS","PEANUTS - YIELD, MEASURED IN LB / ACRE","TOTAL","NOT SPECIFIED","1,190",""
"SURVEY","1965","YEAR","","COUNTY","FLORIDA","12","NORTHWEST","10","HOLMES","059","","","00000000","","PEANUTS","PEANUTS - ACRES HARVESTED","TOTAL","NOT SPECIFIED","3,100",""
"SURVEY","1965","YEAR","","COUNTY","FLORIDA","12","NORTHWEST","10","HOLMES","059","","","00000000","","PEANUTS","PEANUTS - PRODUCTION, MEASURED IN LB","TOTAL","NOT SPECIFIED","4,278,000",""
"SURVEY","1965","YEAR","","COUNTY","FLORIDA","12","NORTHWEST","10","HOLMES","059","","","00000000","","PEANUTS","PEANUTS - YIELD, MEASURED IN LB / ACRE","TOTAL","NOT SPECIFIED","1,380",""
"SURVEY","1965","YEAR","","COUNTY","FLORIDA","12","NORTHWEST","10","JACKSON","063","","","00000000","","PEANUTS","PEANUTS - ACRES HARVESTED","TOTAL","NOT SPECIFIED","24,900",""
"SURVEY","1965","YEAR","","COUNTY","FLORIDA","12","NORTHWEST","10","JACKSON","063","","","00000000","","PEANUTS","PEANUTS - PRODUCTION, MEASURED IN LB","TOTAL","NOT SPECIFIED","42,330,000",""
"SURVEY","1965","YEAR","","COUNTY","FLORIDA","12","NORTHWEST","10","JACKSON","063","","","00000000","","PEANUTS","PEANUTS - YIELD, MEASURED IN LB / ACRE","TOTAL","NOT SPECIFIED","1,700",""
"SURVEY","1965","YEAR","","COUNTY","FLORIDA","12","NORTHWEST","10","JEFFERSON","065","","","00000000","","PEANUTS","PEANUTS - ACRES HARVESTED","TOTAL","NOT SPECIFIED","1,000",""
"SURVEY","1965","YEAR","","COUNTY","FLORIDA","12","NORTHWEST","10","JEFFERSON","065","","","00000000","","PEANUTS","PEANUTS - PRODUCTION, MEASURED IN LB","TOTAL","NOT SPECIFIED","1,240,000",""
"SURVEY","1965","YEAR","","COUNTY","FLORIDA","12","NORTHWEST","10","JEFFERSON","065","","","00000000","","PEANUTS","PEANUTS - YIELD, MEASURED IN LB / ACRE","TOTAL","NOT SPECIFIED","1,240",""
"SURVEY","1965","YEAR","","COUNTY","FLORIDA","12","NORTHWEST","10","LEON","073","","","00000000","","PEANUTS","PEANUTS - ACRES HARVESTED","TOTAL","NOT SPECIFIED","220",""
"SURVEY","1965","YEAR","","COUNTY","FLORIDA","12","NORTHWEST","10","LEON","073","","","00000000","","PEANUTS","PEANUTS - PRODUCTION, MEASURED IN LB","TOTAL","NOT SPECIFIED","477,400",""
"SURVEY","1965","YEAR","","COUNTY","FLORIDA","12","NORTHWEST","10","LEON","073","","","00000000","","PEANUTS","PEANUTS - YIELD, MEASURED IN LB / ACRE","TOTAL","NOT SPECIFIED","2,170",""
"SURVEY","1965","YEAR","","COUNTY","FLORIDA","12","NORTHWEST","10","OKALOOSA","091","","","00000000","","PEANUTS","PEANUTS - ACRES HARVESTED","TOTAL","NOT SPECIFIED","600",""
"SURVEY","1965","YEAR","","COUNTY","FLORIDA","12","NORTHWEST","10","OKALOOSA","091","","","00000000","","PEANUTS","PEANUTS - PRODUCTION, MEASURED IN LB","TOTAL","NOT SPECIFIED","1,038,000",""
"SURVEY","1965","YEAR","","COUNTY","FLORIDA","12","NORTHWEST","10","OKALOOSA","091","","","00000000","","PEANUTS","PEANUTS - YIELD, MEASURED IN LB / ACRE","TOTAL","NOT SPECIFIED","1,730",""
"SURVEY","1965","YEAR","","COUNTY","FLORIDA","12","NORTHWEST","10","SANTA ROSA","113","","","00000000","","PEANUTS","PEANUTS - ACRES HARVESTED","TOTAL","NOT SPECIFIED","5,500",""
"SURVEY","1965","YEAR","","COUNTY","FLORIDA","12","NORTHWEST","10","SANTA ROSA","113","","","00000000","","PEANUTS","PEANUTS - PRODUCTION, MEASURED IN LB","TOTAL","NOT SPECIFIED","10,670,000",""
"SURVEY","1965","YEAR","","COUNTY","FLORIDA","12","NORTHWEST","10","SANTA ROSA","113","","","00000000","","PEANUTS","PEANUTS - YIELD, MEASURED IN LB / ACRE","TOTAL","NOT SPECIFIED","1,940",""
"SURVEY","1965","YEAR","","COUNTY","FLORIDA","12","NORTHWEST","10","WAKULLA","129","","","00000000","","PEANUTS","PEANUTS - ACRES HARVESTED","TOTAL","NOT SPECIFIED","500",""
"SURVEY","1965","YEAR","","COUNTY","FLORIDA","12","NORTHWEST","10","WAKULLA","129","","","00000000","","PEANUTS","PEANUTS - PRODUCTION, MEASURED IN LB","TOTAL","NOT SPECIFIED","590,000",""
"SURVEY","1965","YEAR","","COUNTY","FLORIDA","12","NORTHWEST","10","WAKULLA","129","","","00000000","","PEANUTS","PEANUTS - YIELD, MEASURED IN LB / ACRE","TOTAL","NOT SPECIFIED","1,180",""
"SURVEY","1965","YEAR","","COUNTY","FLORIDA","12","NORTHWEST","10","WALTON","131","","","00000000","","PEANUTS","PEANUTS - ACRES HARVESTED","TOTAL","NOT SPECIFIED","1,100",""
"SURVEY","1965","YEAR","","COUNTY","FLORIDA","12","NORTHWEST","10","WALTON","131","","","00000000","","PEANUTS","PEANUTS - PRODUCTION, MEASURED IN LB","TOTAL","NOT SPECIFIED","1,419,000",""
"SURVEY","1965","YEAR","","COUNTY","FLORIDA","12","NORTHWEST","10","WALTON","131","","","00000000","","PEANUTS","PEANUTS - YIELD, MEASURED IN LB / ACRE","TOTAL","NOT SPECIFIED","1,290",""
"SURVEY","1965","YEAR","","COUNTY","FLORIDA","12","NORTHWEST","10","WASHINGTON","133","","","00000000","","PEANUTS","PEANUTS - ACRES HARVESTED","TOTAL","NOT SPECIFIED","800",""
"SURVEY","1965","YEAR","","COUNTY","FLORIDA","12","NORTHWEST","10","WASHINGTON","133","","","00000000","","PEANUTS","PEANUTS - PRODUCTION, MEASURED IN LB","TOTAL","NOT SPECIFIED","1,200,000",""
"SURVEY","1965","YEAR","","COUNTY","FLORIDA","12","NORTHWEST","10","WASHINGTON","133","","","00000000","","PEANUTS","PEANUTS - YIELD, MEASURED IN LB / ACRE","TOTAL","NOT SPECIFIED","1,500",""
"SURVEY","1964","YEAR","","COUNTY","FLORIDA","12","CENTRAL","50","ALACHUA","001","","","00000000","","PEANUTS","PEANUTS - ACRES HARVESTED","TOTAL","NOT SPECIFIED","1,900",""
"SURVEY","1964","YEAR","","COUNTY","FLORIDA","12","CENTRAL","50","ALACHUA","001","","","00000000","","PEANUTS","PEANUTS - PRODUCTION, MEASURED IN LB","TOTAL","NOT SPECIFIED","3,610,000",""
"SURVEY","1964","YEAR","","COUNTY","FLORIDA","12","CENTRAL","50","ALACHUA","001","","","00000000","","PEANUTS","PEANUTS - YIELD, MEASURED IN LB / ACRE","TOTAL","NOT SPECIFIED","1,900",""
"SURVEY","1964","YEAR","","COUNTY","FLORIDA","12","CENTRAL","50","GILCHRIST","041","","","00000000","","PEANUTS","PEANUTS - ACRES HARVESTED","TOTAL","NOT SPECIFIED","320",""
"SURVEY","1964","YEAR","","COUNTY","FLORIDA","12","CENTRAL","50","GILCHRIST","041","","","00000000","","PEANUTS","PEANUTS - PRODUCTION, MEASURED IN LB","TOTAL","NOT SPECIFIED","352,000",""
"SURVEY","1964","YEAR","","COUNTY","FLORIDA","12","CENTRAL","50","GILCHRIST","041","","","00000000","","PEANUTS","PEANUTS - YIELD, MEASURED IN LB / ACRE","TOTAL","NOT SPECIFIED","1,100",""
"SURVEY","1964","YEAR","","COUNTY","FLORIDA","12","CENTRAL","50","LEVY","075","","","00000000","","PEANUTS","PEANUTS - ACRES HARVESTED","TOTAL","NOT SPECIFIED","2,500",""
"SURVEY","1964","YEAR","","COUNTY","FLORIDA","12","CENTRAL","50","LEVY","075","","","00000000","","PEANUTS","PEANUTS - PRODUCTION, MEASURED IN LB","TOTAL","NOT SPECIFIED","3,750,000",""
"SURVEY","1964","YEAR","","COUNTY","FLORIDA","12","CENTRAL","50","LEVY","075","","","00000000","","PEANUTS","PEANUTS - YIELD, MEASURED IN LB / ACRE","TOTAL","NOT SPECIFIED","1,500",""
"SURVEY","1964","YEAR","","COUNTY","FLORIDA","12","CENTRAL","50","MARION","083","","","00000000","","PEANUTS","PEANUTS - ACRES HARVESTED","TOTAL","NOT SPECIFIED","2,700",""
"SURVEY","1964","YEAR","","COUNTY","FLORIDA","12","CENTRAL","50","MARION","083","","","00000000","","PEANUTS","PEANUTS - PRODUCTION, MEASURED IN LB","TOTAL","NOT SPECIFIED","3,699,000",""
"SURVEY","1964","YEAR","","COUNTY","FLORIDA","12","CENTRAL","50","MARION","083","","","00000000","","PEANUTS","PEANUTS - YIELD, MEASURED IN LB / ACRE","TOTAL","NOT SPECIFIED","1,370",""
"SURVEY","1964","YEAR","","COUNTY","FLORIDA","12","NORTHEAST","30","COLUMBIA","023","","","00000000","","PEANUTS","PEANUTS - ACRES HARVESTED","TOTAL","NOT SPECIFIED","700",""
"SURVEY","1964","YEAR","","COUNTY","FLORIDA","12","NORTHEAST","30","COLUMBIA","023","","","00000000","","PEANUTS","PEANUTS - PRODUCTION, MEASURED IN LB","TOTAL","NOT SPECIFIED","1,071,000",""
"SURVEY","1964","YEAR","","COUNTY","FLORIDA","12","NORTHEAST","30","COLUMBIA","023","","","00000000","","PEANUTS","PEANUTS - YIELD, MEASURED IN LB / ACRE","TOTAL","NOT SPECIFIED","1,530",""
"SURVEY","1964","YEAR","","COUNTY","FLORIDA","12","NORTHEAST","30","MADISON","079","","","00000000","","PEANUTS","PEANUTS - ACRES HARVESTED","TOTAL","NOT SPECIFIED","150",""
"SURVEY","1964","YEAR","","COUNTY","FLORIDA","12","NORTHEAST","30","MADISON","079","","","00000000","","PEANUTS","PEANUTS - PRODUCTION, MEASURED IN LB","TOTAL","NOT SPECIFIED","138,000",""
"SURVEY","1964","YEAR","","COUNTY","FLORIDA","12","NORTHEAST","30","MADISON","079","","","00000000","","PEANUTS","PEANUTS - YIELD, MEASURED IN LB / ACRE","TOTAL","NOT SPECIFIED","920",""
"SURVEY","1964","YEAR","","COUNTY","FLORIDA","12","NORTHEAST","30","SUWANNEE","121","","","00000000","","PEANUTS","PEANUTS - ACRES HARVESTED","TOTAL","NOT SPECIFIED","1,400",""
"SURVEY","1964","YEAR","","COUNTY","FLORIDA","12","NORTHEAST","30","SUWANNEE","121","","","00000000","","PEANUTS","PEANUTS - PRODUCTION, MEASURED IN LB","TOTAL","NOT SPECIFIED","2,282,000",""
"SURVEY","1964","YEAR","","COUNTY","FLORIDA","12","NORTHEAST","30","SUWANNEE","121","","","00000000","","PEANUTS","PEANUTS - YIELD, MEASURED IN LB / ACRE","TOTAL","NOT SPECIFIED","1,630",""
"SURVEY","1964","YEAR","","COUNTY","FLORIDA","12","NORTHWEST","10","CALHOUN","013","","","00000000","","PEANUTS","PEANUTS - ACRES HARVESTED","TOTAL","NOT SPECIFIED","1,800",""
"SURVEY","1964","YEAR","","COUNTY","FLORIDA","12","NORTHWEST","10","CALHOUN","013","","","00000000","","PEANUTS","PEANUTS - PRODUCTION, MEASURED IN LB","TOTAL","NOT SPECIFIED","3,060,000",""
"SURVEY","1964","YEAR","","COUNTY","FLORIDA","12","NORTHWEST","10","CALHOUN","013","","","00000000","","PEANUTS","PEANUTS - YIELD, MEASURED IN LB / ACRE","TOTAL","NOT SPECIFIED","1,700",""
"SURVEY","1964","YEAR","","COUNTY","FLORIDA","12","NORTHWEST","10","GADSDEN","039","","","00000000","","PEANUTS","PEANUTS - ACRES HARVESTED","TOTAL","NOT SPECIFIED","900",""
"SURVEY","1964","YEAR","","COUNTY","FLORIDA","12","NORTHWEST","10","GADSDEN","039","","","00000000","","PEANUTS","PEANUTS - PRODUCTION, MEASURED IN LB","TOTAL","NOT SPECIFIED","1,134,000",""
"SURVEY","1964","YEAR","","COUNTY","FLORIDA","12","NORTHWEST","10","GADSDEN","039","","","00000000","","PEANUTS","PEANUTS - YIELD, MEASURED IN LB / ACRE","TOTAL","NOT SPECIFIED","1,260",""
"SURVEY","1964","YEAR","","COUNTY","FLORIDA","12","NORTHWEST","10","HOLMES","059","","","00000000","","PEANUTS","PEANUTS - ACRES HARVESTED","TOTAL","NOT SPECIFIED","3,100",""
"SURVEY","1964","YEAR","","COUNTY","FLORIDA","12","NORTHWEST","10","HOLMES","059","","","00000000","","PEANUTS","PEANUTS - PRODUCTION, MEASURED IN LB","TOTAL","NOT SPECIFIED","3,627,000",""
"SURVEY","1964","YEAR","","COUNTY","FLORIDA","12","NORTHWEST","10","HOLMES","059","","","00000000","","PEANUTS","PEANUTS - YIELD, MEASURED IN LB / ACRE","TOTAL","NOT SPECIFIED","1,170",""
"SURVEY","1964","YEAR","","COUNTY","FLORIDA","12","NORTHWEST","10","JACKSON","063","","","00000000","","PEANUTS","PEANUTS - ACRES HARVESTED","TOTAL","NOT SPECIFIED","24,700",""
"SURVEY","1964","YEAR","","COUNTY","FLORIDA","12","NORTHWEST","10","JACKSON","063","","","00000000","","PEANUTS","PEANUTS - PRODUCTION, MEASURED IN LB","TOTAL","NOT SPECIFIED","36,309,000",""
"SURVEY","1964","YEAR","","COUNTY","FLORIDA","12","NORTHWEST","10","JACKSON","063","","","00000000","","PEANUTS","PEANUTS - YIELD, MEASURED IN LB / ACRE","TOTAL","NOT SPECIFIED","1,470",""
"SURVEY","1964","YEAR","","COUNTY","FLORIDA","12","NORTHWEST","10","JEFFERSON","065","","","00000000","","PEANUTS","PEANUTS - ACRES HARVESTED","TOTAL","NOT SPECIFIED","1,100",""
"SURVEY","1964","YEAR","","COUNTY","FLORIDA","12","NORTHWEST","10","JEFFERSON","065","","","00000000","","PEANUTS","PEANUTS - PRODUCTION, MEASURED IN LB","TOTAL","NOT SPECIFIED","1,155,000",""
"SURVEY","1964","YEAR","","COUNTY","FLORIDA","12","NORTHWEST","10","JEFFERSON","065","","","00000000","","PEANUTS","PEANUTS - YIELD, MEASURED IN LB / ACRE","TOTAL","NOT SPECIFIED","1,050",""
"SURVEY","1964","YEAR","","COUNTY","FLORIDA","12","NORTHWEST","10","LEON","073","","","00000000","","PEANUTS","PEANUTS - ACRES HARVESTED","TOTAL","NOT SPECIFIED","220",""
"SURVEY","1964","YEAR","","COUNTY","FLORIDA","12","NORTHWEST","10","LEON","073","","","00000000","","PEANUTS","PEANUTS - PRODUCTION, MEASURED IN LB","TOTAL","NOT SPECIFIED","380,600",""
"SURVEY","1964","YEAR","","COUNTY","FLORIDA","12","NORTHWEST","10","LEON","073","","","00000000","","PEANUTS","PEANUTS - YIELD, MEASURED IN LB / ACRE","TOTAL","NOT SPECIFIED","1,730",""
"SURVEY","1964","YEAR","","COUNTY","FLORIDA","12","NORTHWEST","10","OKALOOSA","091","","","00000000","","PEANUTS","PEANUTS - ACRES HARVESTED","TOTAL","NOT SPECIFIED","550",""
"SURVEY","1964","YEAR","","COUNTY","FLORIDA","12","NORTHWEST","10","OKALOOSA","091","","","00000000","","PEANUTS","PEANUTS - PRODUCTION, MEASURED IN LB","TOTAL","NOT SPECIFIED","880,000",""
"SURVEY","1964","YEAR","","COUNTY","FLORIDA","12","NORTHWEST","10","OKALOOSA","091","","","00000000","","PEANUTS","PEANUTS - YIELD, MEASURED IN LB / ACRE","TOTAL","NOT SPECIFIED","1,600",""
"SURVEY","1964","YEAR","","COUNTY","FLORIDA","12","NORTHWEST","10","SANTA ROSA","113","","","00000000","","PEANUTS","PEANUTS - ACRES HARVESTED","TOTAL","NOT SPECIFIED","5,400",""
"SURVEY","1964","YEAR","","COUNTY","FLORIDA","12","NORTHWEST","10","SANTA ROSA","113","","","00000000","","PEANUTS","PEANUTS - PRODUCTION, MEASURED IN LB","TOTAL","NOT SPECIFIED","10,368,000",""
"SURVEY","1964","YEAR","","COUNTY","FLORIDA","12","NORTHWEST","10","SANTA ROSA","113","","","00000000","","PEANUTS","PEANUTS - YIELD, MEASURED IN LB / ACRE","TOTAL","NOT SPECIFIED","1,920",""
"SURVEY","1964","YEAR","","COUNTY","FLORIDA","12","NORTHWEST","10","WAKULLA","129","","","00000000","","PEANUTS","PEANUTS - ACRES HARVESTED","TOTAL","NOT SPECIFIED","430",""
"SURVEY","1964","YEAR","","COUNTY","FLORIDA","12","NORTHWEST","10","WAKULLA","129","","","00000000","","PEANUTS","PEANUTS - PRODUCTION, MEASURED IN LB","TOTAL","NOT SPECIFIED","507,400",""
"SURVEY","1964","YEAR","","COUNTY","FLORIDA","12","NORTHWEST","10","WAKULLA","129","","","00000000","","PEANUTS","PEANUTS - YIELD, MEASURED IN LB / ACRE","TOTAL","NOT SPECIFIED","1,180",""
"SURVEY","1964","YEAR","","COUNTY","FLORIDA","12","NORTHWEST","10","WALTON","131","","","00000000","","PEANUTS","PEANUTS - ACRES HARVESTED","TOTAL","NOT SPECIFIED","1,100",""
"SURVEY","1964","YEAR","","COUNTY","FLORIDA","12","NORTHWEST","10","WALTON","131","","","00000000","","PEANUTS","PEANUTS - PRODUCTION, MEASURED IN LB","TOTAL","NOT SPECIFIED","1,309,000",""
"SURVEY","1964","YEAR","","COUNTY","FLORIDA","12","NORTHWEST","10","WALTON","131","","","00000000","","PEANUTS","PEANUTS - YIELD, MEASURED IN LB / ACRE","TOTAL","NOT SPECIFIED","1,190",""
"SURVEY","1964","YEAR","","COUNTY","FLORIDA","12","NORTHWEST","10","WASHINGTON","133","","","00000000","","PEANUTS","PEANUTS - ACRES HARVESTED","TOTAL","NOT SPECIFIED","800",""
"SURVEY","1964","YEAR","","COUNTY","FLORIDA","12","NORTHWEST","10","WASHINGTON","133","","","00000000","","PEANUTS","PEANUTS - PRODUCTION, MEASURED IN LB","TOTAL","NOT SPECIFIED","1,056,000",""
"SURVEY","1964","YEAR","","COUNTY","FLORIDA","12","NORTHWEST","10","WASHINGTON","133","","","00000000","","PEANUTS","PEANUTS - YIELD, MEASURED IN LB / ACRE","TOTAL","NOT SPECIFIED","1,320",""
"SURVEY","1963","YEAR","","COUNTY","FLORIDA","12","CENTRAL","50","ALACHUA","001","","","00000000","","PEANUTS","PEANUTS - ACRES HARVESTED","TOTAL","NOT SPECIFIED","2,000",""
"SURVEY","1963","YEAR","","COUNTY","FLORIDA","12","CENTRAL","50","ALACHUA","001","","","00000000","","PEANUTS","PEANUTS - PRODUCTION, MEASURED IN LB","TOTAL","NOT SPECIFIED","3,180,000",""
"SURVEY","1963","YEAR","","COUNTY","FLORIDA","12","CENTRAL","50","ALACHUA","001","","","00000000","","PEANUTS","PEANUTS - YIELD, MEASURED IN LB / ACRE","TOTAL","NOT SPECIFIED","1,590",""
"SURVEY","1963","YEAR","","COUNTY","FLORIDA","12","CENTRAL","50","GILCHRIST","041","","","00000000","","PEANUTS","PEANUTS - ACRES HARVESTED","TOTAL","NOT SPECIFIED","250",""
"SURVEY","1963","YEAR","","COUNTY","FLORIDA","12","CENTRAL","50","GILCHRIST","041","","","00000000","","PEANUTS","PEANUTS - PRODUCTION, MEASURED IN LB","TOTAL","NOT SPECIFIED","252,500",""
"SURVEY","1963","YEAR","","COUNTY","FLORIDA","12","CENTRAL","50","GILCHRIST","041","","","00000000","","PEANUTS","PEANUTS - YIELD, MEASURED IN LB / ACRE","TOTAL","NOT SPECIFIED","1,010",""
"SURVEY","1963","YEAR","","COUNTY","FLORIDA","12","CENTRAL","50","LEVY","075","","","00000000","","PEANUTS","PEANUTS - ACRES HARVESTED","TOTAL","NOT SPECIFIED","2,600",""
"SURVEY","1963","YEAR","","COUNTY","FLORIDA","12","CENTRAL","50","LEVY","075","","","00000000","","PEANUTS","PEANUTS - PRODUCTION, MEASURED IN LB","TOTAL","NOT SPECIFIED","4,082,000",""
"SURVEY","1963","YEAR","","COUNTY","FLORIDA","12","CENTRAL","50","LEVY","075","","","00000000","","PEANUTS","PEANUTS - YIELD, MEASURED IN LB / ACRE","TOTAL","NOT SPECIFIED","1,570",""
"SURVEY","1963","YEAR","","COUNTY","FLORIDA","12","CENTRAL","50","MARION","083","","","00000000","","PEANUTS","PEANUTS - ACRES HARVESTED","TOTAL","NOT SPECIFIED","2,700",""
"SURVEY","1963","YEAR","","COUNTY","FLORIDA","12","CENTRAL","50","MARION","083","","","00000000","","PEANUTS","PEANUTS - PRODUCTION, MEASURED IN LB","TOTAL","NOT SPECIFIED","3,564,000",""
"SURVEY","1963","YEAR","","COUNTY","FLORIDA","12","CENTRAL","50","MARION","083","","","00000000","","PEANUTS","PEANUTS - YIELD, MEASURED IN LB / ACRE","TOTAL","NOT SPECIFIED","1,320",""
"SURVEY","1963","YEAR","","COUNTY","FLORIDA","12","NORTHEAST","30","COLUMBIA","023","","","00000000","","PEANUTS","PEANUTS - ACRES HARVESTED","TOTAL","NOT SPECIFIED","650",""
"SURVEY","1963","YEAR","","COUNTY","FLORIDA","12","NORTHEAST","30","COLUMBIA","023","","","00000000","","PEANUTS","PEANUTS - PRODUCTION, MEASURED IN LB","TOTAL","NOT SPECIFIED","858,000",""
"SURVEY","1963","YEAR","","COUNTY","FLORIDA","12","NORTHEAST","30","COLUMBIA","023","","","00000000","","PEANUTS","PEANUTS - YIELD, MEASURED IN LB / ACRE","TOTAL","NOT SPECIFIED","1,320",""
"SURVEY","1963","YEAR","","COUNTY","FLORIDA","12","NORTHEAST","30","MADISON","079","","","00000000","","PEANUTS","PEANUTS - ACRES HARVESTED","TOTAL","NOT SPECIFIED","170",""
"SURVEY","1963","YEAR","","COUNTY","FLORIDA","12","NORTHEAST","30","MADISON","079","","","00000000","","PEANUTS","PEANUTS - PRODUCTION, MEASURED IN LB","TOTAL","NOT SPECIFIED","149,600",""
"SURVEY","1963","YEAR","","COUNTY","FLORIDA","12","NORTHEAST","30","MADISON","079","","","00000000","","PEANUTS","PEANUTS - YIELD, MEASURED IN LB / ACRE","TOTAL","NOT SPECIFIED","880",""
"SURVEY","1963","YEAR","","COUNTY","FLORIDA","12","NORTHEAST","30","SUWANNEE","121","","","00000000","","PEANUTS","PEANUTS - ACRES HARVESTED","TOTAL","NOT SPECIFIED","1,200",""
"SURVEY","1963","YEAR","","COUNTY","FLORIDA","12","NORTHEAST","30","SUWANNEE","121","","","00000000","","PEANUTS","PEANUTS - PRODUCTION, MEASURED IN LB","TOTAL","NOT SPECIFIED","2,172,000",""
"SURVEY","1963","YEAR","","COUNTY","FLORIDA","12","NORTHEAST","30","SUWANNEE","121","","","00000000","","PEANUTS","PEANUTS - YIELD, MEASURED IN LB / ACRE","TOTAL","NOT SPECIFIED","1,810",""
"SURVEY","1963","YEAR","","COUNTY","FLORIDA","12","NORTHWEST","10","CALHOUN","013","","","00000000","","PEANUTS","PEANUTS - ACRES HARVESTED","TOTAL","NOT SPECIFIED","1,800",""
"SURVEY","1963","YEAR","","COUNTY","FLORIDA","12","NORTHWEST","10","CALHOUN","013","","","00000000","","PEANUTS","PEANUTS - PRODUCTION, MEASURED IN LB","TOTAL","NOT SPECIFIED","2,682,000",""
"SURVEY","1963","YEAR","","COUNTY","FLORIDA","12","NORTHWEST","10","CALHOUN","013","","","00000000","","PEANUTS","PEANUTS - YIELD, MEASURED IN LB / ACRE","TOTAL","NOT SPECIFIED","1,490",""
"SURVEY","1963","YEAR","","COUNTY","FLORIDA","12","NORTHWEST","10","GADSDEN","039","","","00000000","","PEANUTS","PEANUTS - ACRES HARVESTED","TOTAL","NOT SPECIFIED","750",""
"SURVEY","1963","YEAR","","COUNTY","FLORIDA","12","NORTHWEST","10","GADSDEN","039","","","00000000","","PEANUTS","PEANUTS - PRODUCTION, MEASURED IN LB","TOTAL","NOT SPECIFIED","877,500",""
"SURVEY","1963","YEAR","","COUNTY","FLORIDA","12","NORTHWEST","10","GADSDEN","039","","","00000000","","PEANUTS","PEANUTS - YIELD, MEASURED IN LB / ACRE","TOTAL","NOT SPECIFIED","1,170",""
"SURVEY","1963","YEAR","","COUNTY","FLORIDA","12","NORTHWEST","10","HOLMES","059","","","00000000","","PEANUTS","PEANUTS - ACRES HARVESTED","TOTAL","NOT SPECIFIED","3,000",""
"SURVEY","1963","YEAR","","COUNTY","FLORIDA","12","NORTHWEST","10","HOLMES","059","","","00000000","","PEANUTS","PEANUTS - PRODUCTION, MEASURED IN LB","TOTAL","NOT SPECIFIED","3,630,000",""
"SURVEY","1963","YEAR","","COUNTY","FLORIDA","12","NORTHWEST","10","HOLMES","059","","","00000000","","PEANUTS","PEANUTS - YIELD, MEASURED IN LB / ACRE","TOTAL","NOT SPECIFIED","1,210",""
"SURVEY","1963","YEAR","","COUNTY","FLORIDA","12","NORTHWEST","10","JACKSON","063","","","00000000","","PEANUTS","PEANUTS - ACRES HARVESTED","TOTAL","NOT SPECIFIED","24,100",""
"SURVEY","1963","YEAR","","COUNTY","FLORIDA","12","NORTHWEST","10","JACKSON","063","","","00000000","","PEANUTS","PEANUTS - PRODUCTION, MEASURED IN LB","TOTAL","NOT SPECIFIED","31,330,000",""
"SURVEY","1963","YEAR","","COUNTY","FLORIDA","12","NORTHWEST","10","JACKSON","063","","","00000000","","PEANUTS","PEANUTS - YIELD, MEASURED IN LB / ACRE","TOTAL","NOT SPECIFIED","1,300",""
"SURVEY","1963","YEAR","","COUNTY","FLORIDA","12","NORTHWEST","10","JEFFERSON","065","","","00000000","","PEANUTS","PEANUTS - ACRES HARVESTED","TOTAL","NOT SPECIFIED","1,100",""
"SURVEY","1963","YEAR","","COUNTY","FLORIDA","12","NORTHWEST","10","JEFFERSON","065","","","00000000","","PEANUTS","PEANUTS - PRODUCTION, MEASURED IN LB","TOTAL","NOT SPECIFIED","1,364,000",""
"SURVEY","1963","YEAR","","COUNTY","FLORIDA","12","NORTHWEST","10","JEFFERSON","065","","","00000000","","PEANUTS","PEANUTS - YIELD, MEASURED IN LB / ACRE","TOTAL","NOT SPECIFIED","1,240",""
"SURVEY","1963","YEAR","","COUNTY","FLORIDA","12","NORTHWEST","10","LEON","073","","","00000000","","PEANUTS","PEANUTS - ACRES HARVESTED","TOTAL","NOT SPECIFIED","240",""
"SURVEY","1963","YEAR","","COUNTY","FLORIDA","12","NORTHWEST","10","LEON","073","","","00000000","","PEANUTS","PEANUTS - PRODUCTION, MEASURED IN LB","TOTAL","NOT SPECIFIED","391,200",""
"SURVEY","1963","YEAR","","COUNTY","FLORIDA","12","NORTHWEST","10","LEON","073","","","00000000","","PEANUTS","PEANUTS - YIELD, MEASURED IN LB / ACRE","TOTAL","NOT SPECIFIED","1,630",""
"SURVEY","1963","YEAR","","COUNTY","FLORIDA","12","NORTHWEST","10","OKALOOSA","091","","","00000000","","PEANUTS","PEANUTS - ACRES HARVESTED","TOTAL","NOT SPECIFIED","550",""
"SURVEY","1963","YEAR","","COUNTY","FLORIDA","12","NORTHWEST","10","OKALOOSA","091","","","00000000","","PEANUTS","PEANUTS - PRODUCTION, MEASURED IN LB","TOTAL","NOT SPECIFIED","731,500",""
"SURVEY","1963","YEAR","","COUNTY","FLORIDA","12","NORTHWEST","10","OKALOOSA","091","","","00000000","","PEANUTS","PEANUTS - YIELD, MEASURED IN LB / ACRE","TOTAL","NOT SPECIFIED","1,330",""
"SURVEY","1963","YEAR","","COUNTY","FLORIDA","12","NORTHWEST","10","SANTA ROSA","113","","","00000000","","PEANUTS","PEANUTS - ACRES HARVESTED","TOTAL","NOT SPECIFIED","5,300",""
"SURVEY","1963","YEAR","","COUNTY","FLORIDA","12","NORTHWEST","10","SANTA ROSA","113","","","00000000","","PEANUTS","PEANUTS - PRODUCTION, MEASURED IN LB","TOTAL","NOT SPECIFIED","9,169,000",""
"SURVEY","1963","YEAR","","COUNTY","FLORIDA","12","NORTHWEST","10","SANTA ROSA","113","","","00000000","","PEANUTS","PEANUTS - YIELD, MEASURED IN LB / ACRE","TOTAL","NOT SPECIFIED","1,730",""
"SURVEY","1963","YEAR","","COUNTY","FLORIDA","12","NORTHWEST","10","WAKULLA","129","","","00000000","","PEANUTS","PEANUTS - ACRES HARVESTED","TOTAL","NOT SPECIFIED","450",""
"SURVEY","1963","YEAR","","COUNTY","FLORIDA","12","NORTHWEST","10","WAKULLA","129","","","00000000","","PEANUTS","PEANUTS - PRODUCTION, MEASURED IN LB","TOTAL","NOT SPECIFIED","562,500",""
"SURVEY","1963","YEAR","","COUNTY","FLORIDA","12","NORTHWEST","10","WAKULLA","129","","","00000000","","PEANUTS","PEANUTS - YIELD, MEASURED IN LB / ACRE","TOTAL","NOT SPECIFIED","1,250",""
"SURVEY","1963","YEAR","","COUNTY","FLORIDA","12","NORTHWEST","10","WALTON","131","","","00000000","","PEANUTS","PEANUTS - ACRES HARVESTED","TOTAL","NOT SPECIFIED","1,100",""
"SURVEY","1963","YEAR","","COUNTY","FLORIDA","12","NORTHWEST","10","WALTON","131","","","00000000","","PEANUTS","PEANUTS - PRODUCTION, MEASURED IN LB","TOTAL","NOT SPECIFIED","1,320,000",""
"SURVEY","1963","YEAR","","COUNTY","FLORIDA","12","NORTHWEST","10","WALTON","131","","","00000000","","PEANUTS","PEANUTS - YIELD, MEASURED IN LB / ACRE","TOTAL","NOT SPECIFIED","1,200",""
"SURVEY","1963","YEAR","","COUNTY","FLORIDA","12","NORTHWEST","10","WASHINGTON","133","","","00000000","","PEANUTS","PEANUTS - ACRES HARVESTED","TOTAL","NOT SPECIFIED","750",""
"SURVEY","1963","YEAR","","COUNTY","FLORIDA","12","NORTHWEST","10","WASHINGTON","133","","","00000000","","PEANUTS","PEANUTS - PRODUCTION, MEASURED IN LB","TOTAL","NOT SPECIFIED","982,500",""
"SURVEY","1963","YEAR","","COUNTY","FLORIDA","12","NORTHWEST","10","WASHINGTON","133","","","00000000","","PEANUTS","PEANUTS - YIELD, MEASURED IN LB / ACRE","TOTAL","NOT SPECIFIED","1,310",""
"SURVEY","1962","YEAR","","COUNTY","FLORIDA","12","CENTRAL","50","ALACHUA","001","","","00000000","","PEANUTS","PEANUTS - ACRES HARVESTED","TOTAL","NOT SPECIFIED","1,800",""
"SURVEY","1962","YEAR","","COUNTY","FLORIDA","12","CENTRAL","50","ALACHUA","001","","","00000000","","PEANUTS","PEANUTS - PRODUCTION, MEASURED IN LB","TOTAL","NOT SPECIFIED","2,484,000",""
"SURVEY","1962","YEAR","","COUNTY","FLORIDA","12","CENTRAL","50","ALACHUA","001","","","00000000","","PEANUTS","PEANUTS - YIELD, MEASURED IN LB / ACRE","TOTAL","NOT SPECIFIED","1,380",""
"SURVEY","1962","YEAR","","COUNTY","FLORIDA","12","CENTRAL","50","GILCHRIST","041","","","00000000","","PEANUTS","PEANUTS - ACRES HARVESTED","TOTAL","NOT SPECIFIED","250",""
"SURVEY","1962","YEAR","","COUNTY","FLORIDA","12","CENTRAL","50","GILCHRIST","041","","","00000000","","PEANUTS","PEANUTS - PRODUCTION, MEASURED IN LB","TOTAL","NOT SPECIFIED","190,000",""
"SURVEY","1962","YEAR","","COUNTY","FLORIDA","12","CENTRAL","50","GILCHRIST","041","","","00000000","","PEANUTS","PEANUTS - YIELD, MEASURED IN LB / ACRE","TOTAL","NOT SPECIFIED","760",""
"SURVEY","1962","YEAR","","COUNTY","FLORIDA","12","CENTRAL","50","LEVY","075","","","00000000","","PEANUTS","PEANUTS - ACRES HARVESTED","TOTAL","NOT SPECIFIED","2,550",""
"SURVEY","1962","YEAR","","COUNTY","FLORIDA","12","CENTRAL","50","LEVY","075","","","00000000","","PEANUTS","PEANUTS - PRODUCTION, MEASURED IN LB","TOTAL","NOT SPECIFIED","2,881,500",""
"SURVEY","1962","YEAR","","COUNTY","FLORIDA","12","CENTRAL","50","LEVY","075","","","00000000","","PEANUTS","PEANUTS - YIELD, MEASURED IN LB / ACRE","TOTAL","NOT SPECIFIED","1,130",""
"SURVEY","1962","YEAR","","COUNTY","FLORIDA","12","CENTRAL","50","MARION","083","","","00000000","","PEANUTS","PEANUTS - ACRES HARVESTED","TOTAL","NOT SPECIFIED","2,200",""
"SURVEY","1962","YEAR","","COUNTY","FLORIDA","12","CENTRAL","50","MARION","083","","","00000000","","PEANUTS","PEANUTS - PRODUCTION, MEASURED IN LB","TOTAL","NOT SPECIFIED","2,552,000",""
"SURVEY","1962","YEAR","","COUNTY","FLORIDA","12","CENTRAL","50","MARION","083","","","00000000","","PEANUTS","PEANUTS - YIELD, MEASURED IN LB / ACRE","TOTAL","NOT SPECIFIED","1,160",""
"SURVEY","1962","YEAR","","COUNTY","FLORIDA","12","NORTHEAST","30","COLUMBIA","023","","","00000000","","PEANUTS","PEANUTS - ACRES HARVESTED","TOTAL","NOT SPECIFIED","560",""
"SURVEY","1962","YEAR","","COUNTY","FLORIDA","12","NORTHEAST","30","COLUMBIA","023","","","00000000","","PEANUTS","PEANUTS - PRODUCTION, MEASURED IN LB","TOTAL","NOT SPECIFIED","644,000",""
"SURVEY","1962","YEAR","","COUNTY","FLORIDA","12","NORTHEAST","30","COLUMBIA","023","","","00000000","","PEANUTS","PEANUTS - YIELD, MEASURED IN LB / ACRE","TOTAL","NOT SPECIFIED","1,150",""
"SURVEY","1962","YEAR","","COUNTY","FLORIDA","12","NORTHEAST","30","DIXIE","029","","","00000000","","PEANUTS","PEANUTS - ACRES HARVESTED","TOTAL","NOT SPECIFIED","10",""
"SURVEY","1962","YEAR","","COUNTY","FLORIDA","12","NORTHEAST","30","DIXIE","029","","","00000000","","PEANUTS","PEANUTS - PRODUCTION, MEASURED IN LB","TOTAL","NOT SPECIFIED","10,000",""
"SURVEY","1962","YEAR","","COUNTY","FLORIDA","12","NORTHEAST","30","DIXIE","029","","","00000000","","PEANUTS","PEANUTS - YIELD, MEASURED IN LB / ACRE","TOTAL","NOT SPECIFIED","1,000",""
"SURVEY","1962","YEAR","","COUNTY","FLORIDA","12","NORTHEAST","30","HAMILTON","047","","","00000000","","PEANUTS","PEANUTS - ACRES HARVESTED","TOTAL","NOT SPECIFIED","60",""
"SURVEY","1962","YEAR","","COUNTY","FLORIDA","12","NORTHEAST","30","HAMILTON","047","","","00000000","","PEANUTS","PEANUTS - PRODUCTION, MEASURED IN LB","TOTAL","NOT SPECIFIED","51,000",""
"SURVEY","1962","YEAR","","COUNTY","FLORIDA","12","NORTHEAST","30","HAMILTON","047","","","00000000","","PEANUTS","PEANUTS - YIELD, MEASURED IN LB / ACRE","TOTAL","NOT SPECIFIED","850",""
"SURVEY","1962","YEAR","","COUNTY","FLORIDA","12","NORTHEAST","30","LAFAYETTE","067","","","00000000","","PEANUTS","PEANUTS - ACRES HARVESTED","TOTAL","NOT SPECIFIED","60",""
"SURVEY","1962","YEAR","","COUNTY","FLORIDA","12","NORTHEAST","30","LAFAYETTE","067","","","00000000","","PEANUTS","PEANUTS - PRODUCTION, MEASURED IN LB","TOTAL","NOT SPECIFIED","77,400",""
"SURVEY","1962","YEAR","","COUNTY","FLORIDA","12","NORTHEAST","30","LAFAYETTE","067","","","00000000","","PEANUTS","PEANUTS - YIELD, MEASURED IN LB / ACRE","TOTAL","NOT SPECIFIED","1,290",""
"SURVEY","1962","YEAR","","COUNTY","FLORIDA","12","NORTHEAST","30","MADISON","079","","","00000000","","PEANUTS","PEANUTS - ACRES HARVESTED","TOTAL","NOT SPECIFIED","160",""
"SURVEY","1962","YEAR","","COUNTY","FLORIDA","12","NORTHEAST","30","MADISON","079","","","00000000","","PEANUTS","PEANUTS - PRODUCTION, MEASURED IN LB","TOTAL","NOT SPECIFIED","121,600",""
"SURVEY","1962","YEAR","","COUNTY","FLORIDA","12","NORTHEAST","30","MADISON","079","","","00000000","","PEANUTS","PEANUTS - YIELD, MEASURED IN LB / ACRE","TOTAL","NOT SPECIFIED","760",""
"SURVEY","1962","YEAR","","COUNTY","FLORIDA","12","NORTHEAST","30","SUWANNEE","121","","","00000000","","PEANUTS","PEANUTS - ACRES HARVESTED","TOTAL","NOT SPECIFIED","1,250",""
"SURVEY","1962","YEAR","","COUNTY","FLORIDA","12","NORTHEAST","30","SUWANNEE","121","","","00000000","","PEANUTS","PEANUTS - PRODUCTION, MEASURED IN LB","TOTAL","NOT SPECIFIED","1,725,000",""
"SURVEY","1962","YEAR","","COUNTY","FLORIDA","12","NORTHEAST","30","SUWANNEE","121","","","00000000","","PEANUTS","PEANUTS - YIELD, MEASURED IN LB / ACRE","TOTAL","NOT SPECIFIED","1,380",""
"SURVEY","1962","YEAR","","COUNTY","FLORIDA","12","NORTHWEST","10","CALHOUN","013","","","00000000","","PEANUTS","PEANUTS - ACRES HARVESTED","TOTAL","NOT SPECIFIED","1,800",""
"SURVEY","1962","YEAR","","COUNTY","FLORIDA","12","NORTHWEST","10","CALHOUN","013","","","00000000","","PEANUTS","PEANUTS - PRODUCTION, MEASURED IN LB","TOTAL","NOT SPECIFIED","3,096,000",""
"SURVEY","1962","YEAR","","COUNTY","FLORIDA","12","NORTHWEST","10","CALHOUN","013","","","00000000","","PEANUTS","PEANUTS - YIELD, MEASURED IN LB / ACRE","TOTAL","NOT SPECIFIED","1,720",""
"SURVEY","1962","YEAR","","COUNTY","FLORIDA","12","NORTHWEST","10","ESCAMBIA","033","","","00000000","","PEANUTS","PEANUTS - ACRES HARVESTED","TOTAL","NOT SPECIFIED","20",""
"SURVEY","1962","YEAR","","COUNTY","FLORIDA","12","NORTHWEST","10","ESCAMBIA","033","","","00000000","","PEANUTS","PEANUTS - PRODUCTION, MEASURED IN LB","TOTAL","NOT SPECIFIED","18,200",""
"SURVEY","1962","YEAR","","COUNTY","FLORIDA","12","NORTHWEST","10","ESCAMBIA","033","","","00000000","","PEANUTS","PEANUTS - YIELD, MEASURED IN LB / ACRE","TOTAL","NOT SPECIFIED","910",""
"SURVEY","1962","YEAR","","COUNTY","FLORIDA","12","NORTHWEST","10","GADSDEN","039","","","00000000","","PEANUTS","PEANUTS - ACRES HARVESTED","TOTAL","NOT SPECIFIED","830",""
"SURVEY","1962","YEAR","","COUNTY","FLORIDA","12","NORTHWEST","10","GADSDEN","039","","","00000000","","PEANUTS","PEANUTS - PRODUCTION, MEASURED IN LB","TOTAL","NOT SPECIFIED","1,112,200",""
"SURVEY","1962","YEAR","","COUNTY","FLORIDA","12","NORTHWEST","10","GADSDEN","039","","","00000000","","PEANUTS","PEANUTS - YIELD, MEASURED IN LB / ACRE","TOTAL","NOT SPECIFIED","1,340",""
"SURVEY","1962","YEAR","","COUNTY","FLORIDA","12","NORTHWEST","10","HOLMES","059","","","00000000","","PEANUTS","PEANUTS - ACRES HARVESTED","TOTAL","NOT SPECIFIED","3,050",""
"SURVEY","1962","YEAR","","COUNTY","FLORIDA","12","NORTHWEST","10","HOLMES","059","","","00000000","","PEANUTS","PEANUTS - PRODUCTION, MEASURED IN LB","TOTAL","NOT SPECIFIED","3,111,000",""
"SURVEY","1962","YEAR","","COUNTY","FLORIDA","12","NORTHWEST","10","HOLMES","059","","","00000000","","PEANUTS","PEANUTS - YIELD, MEASURED IN LB / ACRE","TOTAL","NOT SPECIFIED","1,020",""
"SURVEY","1962","YEAR","","COUNTY","FLORIDA","12","NORTHWEST","10","JACKSON","063","","","00000000","","PEANUTS","PEANUTS - ACRES HARVESTED","TOTAL","NOT SPECIFIED","24,300",""
"SURVEY","1962","YEAR","","COUNTY","FLORIDA","12","NORTHWEST","10","JACKSON","063","","","00000000","","PEANUTS","PEANUTS - PRODUCTION, MEASURED IN LB","TOTAL","NOT SPECIFIED","31,833,000",""
"SURVEY","1962","YEAR","","COUNTY","FLORIDA","12","NORTHWEST","10","JACKSON","063","","","00000000","","PEANUTS","PEANUTS - YIELD, MEASURED IN LB / ACRE","TOTAL","NOT SPECIFIED","1,310",""
"SURVEY","1962","YEAR","","COUNTY","FLORIDA","12","NORTHWEST","10","JEFFERSON","065","","","00000000","","PEANUTS","PEANUTS - ACRES HARVESTED","TOTAL","NOT SPECIFIED","850",""
"SURVEY","1962","YEAR","","COUNTY","FLORIDA","12","NORTHWEST","10","JEFFERSON","065","","","00000000","","PEANUTS","PEANUTS - PRODUCTION, MEASURED IN LB","TOTAL","NOT SPECIFIED","960,500",""
"SURVEY","1962","YEAR","","COUNTY","FLORIDA","12","NORTHWEST","10","JEFFERSON","065","","","00000000","","PEANUTS","PEANUTS - YIELD, MEASURED IN LB / ACRE","TOTAL","NOT SPECIFIED","1,130",""
"SURVEY","1962","YEAR","","COUNTY","FLORIDA","12","NORTHWEST","10","LEON","073","","","00000000","","PEANUTS","PEANUTS - ACRES HARVESTED","TOTAL","NOT SPECIFIED","200",""
"SURVEY","1962","YEAR","","COUNTY","FLORIDA","12","NORTHWEST","10","LEON","073","","","00000000","","PEANUTS","PEANUTS - PRODUCTION, MEASURED IN LB","TOTAL","NOT SPECIFIED","398,000",""
"SURVEY","1962","YEAR","","COUNTY","FLORIDA","12","NORTHWEST","10","LEON","073","","","00000000","","PEANUTS","PEANUTS - YIELD, MEASURED IN LB / ACRE","TOTAL","NOT SPECIFIED","1,990",""
"SURVEY","1962","YEAR","","COUNTY","FLORIDA","12","NORTHWEST","10","OKALOOSA","091","","","00000000","","PEANUTS","PEANUTS - ACRES HARVESTED","TOTAL","NOT SPECIFIED","590",""
"SURVEY","1962","YEAR","","COUNTY","FLORIDA","12","NORTHWEST","10","OKALOOSA","091","","","00000000","","PEANUTS","PEANUTS - PRODUCTION, MEASURED IN LB","TOTAL","NOT SPECIFIED","867,300",""
"SURVEY","1962","YEAR","","COUNTY","FLORIDA","12","NORTHWEST","10","OKALOOSA","091","","","00000000","","PEANUTS","PEANUTS - YIELD, MEASURED IN LB / ACRE","TOTAL","NOT SPECIFIED","1,470",""
"SURVEY","1962","YEAR","","COUNTY","FLORIDA","12","NORTHWEST","10","SANTA ROSA","113","","","00000000","","PEANUTS","PEANUTS - ACRES HARVESTED","TOTAL","NOT SPECIFIED","5,200",""
"SURVEY","1962","YEAR","","COUNTY","FLORIDA","12","NORTHWEST","10","SANTA ROSA","113","","","00000000","","PEANUTS","PEANUTS - PRODUCTION, MEASURED IN LB","TOTAL","NOT SPECIFIED","8,476,000",""
"SURVEY","1962","YEAR","","COUNTY","FLORIDA","12","NORTHWEST","10","SANTA ROSA","113","","","00000000","","PEANUTS","PEANUTS - YIELD, MEASURED IN LB / ACRE","TOTAL","NOT SPECIFIED","1,630",""
"SURVEY","1962","YEAR","","COUNTY","FLORIDA","12","NORTHWEST","10","WAKULLA","129","","","00000000","","PEANUTS","PEANUTS - ACRES HARVESTED","TOTAL","NOT SPECIFIED","410",""
"SURVEY","1962","YEAR","","COUNTY","FLORIDA","12","NORTHWEST","10","WAKULLA","129","","","00000000","","PEANUTS","PEANUTS - PRODUCTION, MEASURED IN LB","TOTAL","NOT SPECIFIED","360,800",""
"SURVEY","1962","YEAR","","COUNTY","FLORIDA","12","NORTHWEST","10","WAKULLA","129","","","00000000","","PEANUTS","PEANUTS - YIELD, MEASURED IN LB / ACRE","TOTAL","NOT SPECIFIED","880",""
"SURVEY","1962","YEAR","","COUNTY","FLORIDA","12","NORTHWEST","10","WALTON","131","","","00000000","","PEANUTS","PEANUTS - ACRES HARVESTED","TOTAL","NOT SPECIFIED","1,050",""
"SURVEY","1962","YEAR","","COUNTY","FLORIDA","12","NORTHWEST","10","WALTON","131","","","00000000","","PEANUTS","PEANUTS - PRODUCTION, MEASURED IN LB","TOTAL","NOT SPECIFIED","1,270,500",""
"SURVEY","1962","YEAR","","COUNTY","FLORIDA","12","NORTHWEST","10","WALTON","131","","","00000000","","PEANUTS","PEANUTS - YIELD, MEASURED IN LB / ACRE","TOTAL","NOT SPECIFIED","1,210",""
"SURVEY","1962","YEAR","","COUNTY","FLORIDA","12","NORTHWEST","10","WASHINGTON","133","","","00000000","","PEANUTS","PEANUTS - ACRES HARVESTED","TOTAL","NOT SPECIFIED","800",""
"SURVEY","1962","YEAR","","COUNTY","FLORIDA","12","NORTHWEST","10","WASHINGTON","133","","","00000000","","PEANUTS","PEANUTS - PRODUCTION, MEASURED IN LB","TOTAL","NOT SPECIFIED","1,120,000",""
"SURVEY","1962","YEAR","","COUNTY","FLORIDA","12","NORTHWEST","10","WASHINGTON","133","","","00000000","","PEANUTS","PEANUTS - YIELD, MEASURED IN LB / ACRE","TOTAL","NOT SPECIFIED","1,400",""
"SURVEY","1961","YEAR","","COUNTY","FLORIDA","12","CENTRAL","50","ALACHUA","001","","","00000000","","PEANUTS","PEANUTS - ACRES HARVESTED","TOTAL","NOT SPECIFIED","1,700",""
"SURVEY","1961","YEAR","","COUNTY","FLORIDA","12","CENTRAL","50","ALACHUA","001","","","00000000","","PEANUTS","PEANUTS - PRODUCTION, MEASURED IN LB","TOTAL","NOT SPECIFIED","2,635,000",""
"SURVEY","1961","YEAR","","COUNTY","FLORIDA","12","CENTRAL","50","ALACHUA","001","","","00000000","","PEANUTS","PEANUTS - YIELD, MEASURED IN LB / ACRE","TOTAL","NOT SPECIFIED","1,550",""
"SURVEY","1961","YEAR","","COUNTY","FLORIDA","12","CENTRAL","50","GILCHRIST","041","","","00000000","","PEANUTS","PEANUTS - ACRES HARVESTED","TOTAL","NOT SPECIFIED","200",""
"SURVEY","1961","YEAR","","COUNTY","FLORIDA","12","CENTRAL","50","GILCHRIST","041","","","00000000","","PEANUTS","PEANUTS - PRODUCTION, MEASURED IN LB","TOTAL","NOT SPECIFIED","210,000",""
"SURVEY","1961","YEAR","","COUNTY","FLORIDA","12","CENTRAL","50","GILCHRIST","041","","","00000000","","PEANUTS","PEANUTS - YIELD, MEASURED IN LB / ACRE","TOTAL","NOT SPECIFIED","1,050",""
"SURVEY","1961","YEAR","","COUNTY","FLORIDA","12","CENTRAL","50","LEVY","075","","","00000000","","PEANUTS","PEANUTS - ACRES HARVESTED","TOTAL","NOT SPECIFIED","2,500",""
"SURVEY","1961","YEAR","","COUNTY","FLORIDA","12","CENTRAL","50","LEVY","075","","","00000000","","PEANUTS","PEANUTS - PRODUCTION, MEASURED IN LB","TOTAL","NOT SPECIFIED","3,025,000",""
"SURVEY","1961","YEAR","","COUNTY","FLORIDA","12","CENTRAL","50","LEVY","075","","","00000000","","PEANUTS","PEANUTS - YIELD, MEASURED IN LB / ACRE","TOTAL","NOT SPECIFIED","1,210",""
"SURVEY","1961","YEAR","","COUNTY","FLORIDA","12","CENTRAL","50","MARION","083","","","00000000","","PEANUTS","PEANUTS - ACRES HARVESTED","TOTAL","NOT SPECIFIED","2,200",""
"SURVEY","1961","YEAR","","COUNTY","FLORIDA","12","CENTRAL","50","MARION","083","","","00000000","","PEANUTS","PEANUTS - PRODUCTION, MEASURED IN LB","TOTAL","NOT SPECIFIED","2,750,000",""
"SURVEY","1961","YEAR","","COUNTY","FLORIDA","12","CENTRAL","50","MARION","083","","","00000000","","PEANUTS","PEANUTS - YIELD, MEASURED IN LB / ACRE","TOTAL","NOT SPECIFIED","1,250",""
"SURVEY","1961","YEAR","","COUNTY","FLORIDA","12","NORTHEAST","30","COLUMBIA","023","","","00000000","","PEANUTS","PEANUTS - ACRES HARVESTED","TOTAL","NOT SPECIFIED","550",""
"SURVEY","1961","YEAR","","COUNTY","FLORIDA","12","NORTHEAST","30","COLUMBIA","023","","","00000000","","PEANUTS","PEANUTS - PRODUCTION, MEASURED IN LB","TOTAL","NOT SPECIFIED","764,000",""
"SURVEY","1961","YEAR","","COUNTY","FLORIDA","12","NORTHEAST","30","COLUMBIA","023","","","00000000","","PEANUTS","PEANUTS - YIELD, MEASURED IN LB / ACRE","TOTAL","NOT SPECIFIED","1,390",""
"SURVEY","1961","YEAR","","COUNTY","FLORIDA","12","NORTHEAST","30","DIXIE","029","","","00000000","","PEANUTS","PEANUTS - ACRES HARVESTED","TOTAL","NOT SPECIFIED","30",""
"SURVEY","1961","YEAR","","COUNTY","FLORIDA","12","NORTHEAST","30","DIXIE","029","","","00000000","","PEANUTS","PEANUTS - PRODUCTION, MEASURED IN LB","TOTAL","NOT SPECIFIED","40,000",""
"SURVEY","1961","YEAR","","COUNTY","FLORIDA","12","NORTHEAST","30","DIXIE","029","","","00000000","","PEANUTS","PEANUTS - YIELD, MEASURED IN LB / ACRE","TOTAL","NOT SPECIFIED","1,335",""
"SURVEY","1961","YEAR","","COUNTY","FLORIDA","12","NORTHEAST","30","HAMILTON","047","","","00000000","","PEANUTS","PEANUTS - ACRES HARVESTED","TOTAL","NOT SPECIFIED","100",""
"SURVEY","1961","YEAR","","COUNTY","FLORIDA","12","NORTHEAST","30","HAMILTON","047","","","00000000","","PEANUTS","PEANUTS - PRODUCTION, MEASURED IN LB","TOTAL","NOT SPECIFIED","94,000",""
"SURVEY","1961","YEAR","","COUNTY","FLORIDA","12","NORTHEAST","30","HAMILTON","047","","","00000000","","PEANUTS","PEANUTS - YIELD, MEASURED IN LB / ACRE","TOTAL","NOT SPECIFIED","940",""
"SURVEY","1961","YEAR","","COUNTY","FLORIDA","12","NORTHEAST","30","LAFAYETTE","067","","","00000000","","PEANUTS","PEANUTS - ACRES HARVESTED","TOTAL","NOT SPECIFIED","80",""
"SURVEY","1961","YEAR","","COUNTY","FLORIDA","12","NORTHEAST","30","LAFAYETTE","067","","","00000000","","PEANUTS","PEANUTS - PRODUCTION, MEASURED IN LB","TOTAL","NOT SPECIFIED","90,000",""
"SURVEY","1961","YEAR","","COUNTY","FLORIDA","12","NORTHEAST","30","LAFAYETTE","067","","","00000000","","PEANUTS","PEANUTS - YIELD, MEASURED IN LB / ACRE","TOTAL","NOT SPECIFIED","1,125",""
"SURVEY","1961","YEAR","","COUNTY","FLORIDA","12","NORTHEAST","30","MADISON","079","","","00000000","","PEANUTS","PEANUTS - ACRES HARVESTED","TOTAL","NOT SPECIFIED","190",""
"SURVEY","1961","YEAR","","COUNTY","FLORIDA","12","NORTHEAST","30","MADISON","079","","","00000000","","PEANUTS","PEANUTS - PRODUCTION, MEASURED IN LB","TOTAL","NOT SPECIFIED","108,000",""
"SURVEY","1961","YEAR","","COUNTY","FLORIDA","12","NORTHEAST","30","MADISON","079","","","00000000","","PEANUTS","PEANUTS - YIELD, MEASURED IN LB / ACRE","TOTAL","NOT SPECIFIED","570",""
"SURVEY","1961","YEAR","","COUNTY","FLORIDA","12","NORTHEAST","30","SUWANNEE","121","","","00000000","","PEANUTS","PEANUTS - ACRES HARVESTED","TOTAL","NOT SPECIFIED","1,250",""
"SURVEY","1961","YEAR","","COUNTY","FLORIDA","12","NORTHEAST","30","SUWANNEE","121","","","00000000","","PEANUTS","PEANUTS - PRODUCTION, MEASURED IN LB","TOTAL","NOT SPECIFIED","2,025,000",""
"SURVEY","1961","YEAR","","COUNTY","FLORIDA","12","NORTHEAST","30","SUWANNEE","121","","","00000000","","PEANUTS","PEANUTS - YIELD, MEASURED IN LB / ACRE","TOTAL","NOT SPECIFIED","1,620",""
"SURVEY","1961","YEAR","","COUNTY","FLORIDA","12","NORTHWEST","10","CALHOUN","013","","","00000000","","PEANUTS","PEANUTS - ACRES HARVESTED","TOTAL","NOT SPECIFIED","1,700",""
"SURVEY","1961","YEAR","","COUNTY","FLORIDA","12","NORTHWEST","10","CALHOUN","013","","","00000000","","PEANUTS","PEANUTS - PRODUCTION, MEASURED IN LB","TOTAL","NOT SPECIFIED","2,397,000",""
"SURVEY","1961","YEAR","","COUNTY","FLORIDA","12","NORTHWEST","10","CALHOUN","013","","","00000000","","PEANUTS","PEANUTS - YIELD, MEASURED IN LB / ACRE","TOTAL","NOT SPECIFIED","1,410",""
"SURVEY","1961","YEAR","","COUNTY","FLORIDA","12","NORTHWEST","10","ESCAMBIA","033","","","00000000","","PEANUTS","PEANUTS - ACRES HARVESTED","TOTAL","NOT SPECIFIED","70",""
"SURVEY","1961","YEAR","","COUNTY","FLORIDA","12","NORTHWEST","10","ESCAMBIA","033","","","00000000","","PEANUTS","PEANUTS - PRODUCTION, MEASURED IN LB","TOTAL","NOT SPECIFIED","57,000",""
"SURVEY","1961","YEAR","","COUNTY","FLORIDA","12","NORTHWEST","10","ESCAMBIA","033","","","00000000","","PEANUTS","PEANUTS - YIELD, MEASURED IN LB / ACRE","TOTAL","NOT SPECIFIED","815",""
"SURVEY","1961","YEAR","","COUNTY","FLORIDA","12","NORTHWEST","10","GADSDEN","039","","","00000000","","PEANUTS","PEANUTS - ACRES HARVESTED","TOTAL","NOT SPECIFIED","850",""
"SURVEY","1961","YEAR","","COUNTY","FLORIDA","12","NORTHWEST","10","GADSDEN","039","","","00000000","","PEANUTS","PEANUTS - PRODUCTION, MEASURED IN LB","TOTAL","NOT SPECIFIED","858,000",""
"SURVEY","1961","YEAR","","COUNTY","FLORIDA","12","NORTHWEST","10","GADSDEN","039","","","00000000","","PEANUTS","PEANUTS - YIELD, MEASURED IN LB / ACRE","TOTAL","NOT SPECIFIED","1,010",""
"SURVEY","1961","YEAR","","COUNTY","FLORIDA","12","NORTHWEST","10","HOLMES","059","","","00000000","","PEANUTS","PEANUTS - ACRES HARVESTED","TOTAL","NOT SPECIFIED","3,100",""
"SURVEY","1961","YEAR","","COUNTY","FLORIDA","12","NORTHWEST","10","HOLMES","059","","","00000000","","PEANUTS","PEANUTS - PRODUCTION, MEASURED IN LB","TOTAL","NOT SPECIFIED","3,813,000",""
"SURVEY","1961","YEAR","","COUNTY","FLORIDA","12","NORTHWEST","10","HOLMES","059","","","00000000","","PEANUTS","PEANUTS - YIELD, MEASURED IN LB / ACRE","TOTAL","NOT SPECIFIED","1,230",""
"SURVEY","1961","YEAR","","COUNTY","FLORIDA","12","NORTHWEST","10","JACKSON","063","","","00000000","","PEANUTS","PEANUTS - ACRES HARVESTED","TOTAL","NOT SPECIFIED","23,400",""
"SURVEY","1961","YEAR","","COUNTY","FLORIDA","12","NORTHWEST","10","JACKSON","063","","","00000000","","PEANUTS","PEANUTS - PRODUCTION, MEASURED IN LB","TOTAL","NOT SPECIFIED","27,846,000",""
"SURVEY","1961","YEAR","","COUNTY","FLORIDA","12","NORTHWEST","10","JACKSON","063","","","00000000","","PEANUTS","PEANUTS - YIELD, MEASURED IN LB / ACRE","TOTAL","NOT SPECIFIED","1,190",""
"SURVEY","1961","YEAR","","COUNTY","FLORIDA","12","NORTHWEST","10","JEFFERSON","065","","","00000000","","PEANUTS","PEANUTS - ACRES HARVESTED","TOTAL","NOT SPECIFIED","850",""
"SURVEY","1961","YEAR","","COUNTY","FLORIDA","12","NORTHWEST","10","JEFFERSON","065","","","00000000","","PEANUTS","PEANUTS - PRODUCTION, MEASURED IN LB","TOTAL","NOT SPECIFIED","756,000",""
"SURVEY","1961","YEAR","","COUNTY","FLORIDA","12","NORTHWEST","10","JEFFERSON","065","","","00000000","","PEANUTS","PEANUTS - YIELD, MEASURED IN LB / ACRE","TOTAL","NOT SPECIFIED","890",""
"SURVEY","1961","YEAR","","COUNTY","FLORIDA","12","NORTHWEST","10","LEON","073","","","00000000","","PEANUTS","PEANUTS - ACRES HARVESTED","TOTAL","NOT SPECIFIED","180",""
"SURVEY","1961","YEAR","","COUNTY","FLORIDA","12","NORTHWEST","10","LEON","073","","","00000000","","PEANUTS","PEANUTS - PRODUCTION, MEASURED IN LB","TOTAL","NOT SPECIFIED","178,000",""
"SURVEY","1961","YEAR","","COUNTY","FLORIDA","12","NORTHWEST","10","LEON","073","","","00000000","","PEANUTS","PEANUTS - YIELD, MEASURED IN LB / ACRE","TOTAL","NOT SPECIFIED","990",""
"SURVEY","1961","YEAR","","COUNTY","FLORIDA","12","NORTHWEST","10","OKALOOSA","091","","","00000000","","PEANUTS","PEANUTS - ACRES HARVESTED","TOTAL","NOT SPECIFIED","550",""
"SURVEY","1961","YEAR","","COUNTY","FLORIDA","12","NORTHWEST","10","OKALOOSA","091","","","00000000","","PEANUTS","PEANUTS - PRODUCTION, MEASURED IN LB","TOTAL","NOT SPECIFIED","649,000",""
"SURVEY","1961","YEAR","","COUNTY","FLORIDA","12","NORTHWEST","10","OKALOOSA","091","","","00000000","","PEANUTS","PEANUTS - YIELD, MEASURED IN LB / ACRE","TOTAL","NOT SPECIFIED","1,180",""
"SURVEY","1961","YEAR","","COUNTY","FLORIDA","12","NORTHWEST","10","SANTA ROSA","113","","","00000000","","PEANUTS","PEANUTS - ACRES HARVESTED","TOTAL","NOT SPECIFIED","5,200",""
"SURVEY","1961","YEAR","","COUNTY","FLORIDA","12","NORTHWEST","10","SANTA ROSA","113","","","00000000","","PEANUTS","PEANUTS - PRODUCTION, MEASURED IN LB","TOTAL","NOT SPECIFIED","6,968,000",""
"SURVEY","1961","YEAR","","COUNTY","FLORIDA","12","NORTHWEST","10","SANTA ROSA","113","","","00000000","","PEANUTS","PEANUTS - YIELD, MEASURED IN LB / ACRE","TOTAL","NOT SPECIFIED","1,340",""
"SURVEY","1961","YEAR","","COUNTY","FLORIDA","12","NORTHWEST","10","WAKULLA","129","","","00000000","","PEANUTS","PEANUTS - ACRES HARVESTED","TOTAL","NOT SPECIFIED","400",""
"SURVEY","1961","YEAR","","COUNTY","FLORIDA","12","NORTHWEST","10","WAKULLA","129","","","00000000","","PEANUTS","PEANUTS - PRODUCTION, MEASURED IN LB","TOTAL","NOT SPECIFIED","276,000",""
"SURVEY","1961","YEAR","","COUNTY","FLORIDA","12","NORTHWEST","10","WAKULLA","129","","","00000000","","PEANUTS","PEANUTS - YIELD, MEASURED IN LB / ACRE","TOTAL","NOT SPECIFIED","690",""
"SURVEY","1961","YEAR","","COUNTY","FLORIDA","12","NORTHWEST","10","WALTON","131","","","00000000","","PEANUTS","PEANUTS - ACRES HARVESTED","TOTAL","NOT SPECIFIED","1,100",""
"SURVEY","1961","YEAR","","COUNTY","FLORIDA","12","NORTHWEST","10","WALTON","131","","","00000000","","PEANUTS","PEANUTS - PRODUCTION, MEASURED IN LB","TOTAL","NOT SPECIFIED","1,287,000",""
"SURVEY","1961","YEAR","","COUNTY","FLORIDA","12","NORTHWEST","10","WALTON","131","","","00000000","","PEANUTS","PEANUTS - YIELD, MEASURED IN LB / ACRE","TOTAL","NOT SPECIFIED","1,170",""
"SURVEY","1961","YEAR","","COUNTY","FLORIDA","12","NORTHWEST","10","WASHINGTON","133","","","00000000","","PEANUTS","PEANUTS - ACRES HARVESTED","TOTAL","NOT SPECIFIED","800",""
"SURVEY","1961","YEAR","","COUNTY","FLORIDA","12","NORTHWEST","10","WASHINGTON","133","","","00000000","","PEANUTS","PEANUTS - PRODUCTION, MEASURED IN LB","TOTAL","NOT SPECIFIED","984,000",""
"SURVEY","1961","YEAR","","COUNTY","FLORIDA","12","NORTHWEST","10","WASHINGTON","133","","","00000000","","PEANUTS","PEANUTS - YIELD, MEASURED IN LB / ACRE","TOTAL","NOT SPECIFIED","1,230",""
"SURVEY","1960","YEAR","","COUNTY","FLORIDA","12","CENTRAL","50","ALACHUA","001","","","00000000","","PEANUTS","PEANUTS - ACRES HARVESTED","TOTAL","NOT SPECIFIED","1,700",""
"SURVEY","1960","YEAR","","COUNTY","FLORIDA","12","CENTRAL","50","ALACHUA","001","","","00000000","","PEANUTS","PEANUTS - PRODUCTION, MEASURED IN LB","TOTAL","NOT SPECIFIED","2,420,500",""
"SURVEY","1960","YEAR","","COUNTY","FLORIDA","12","CENTRAL","50","ALACHUA","001","","","00000000","","PEANUTS","PEANUTS - YIELD, MEASURED IN LB / ACRE","TOTAL","NOT SPECIFIED","1,425",""
"SURVEY","1960","YEAR","","COUNTY","FLORIDA","12","CENTRAL","50","GILCHRIST","041","","","00000000","","PEANUTS","PEANUTS - ACRES HARVESTED","TOTAL","NOT SPECIFIED","210",""
"SURVEY","1960","YEAR","","COUNTY","FLORIDA","12","CENTRAL","50","GILCHRIST","041","","","00000000","","PEANUTS","PEANUTS - PRODUCTION, MEASURED IN LB","TOTAL","NOT SPECIFIED","180,200",""
"SURVEY","1960","YEAR","","COUNTY","FLORIDA","12","CENTRAL","50","GILCHRIST","041","","","00000000","","PEANUTS","PEANUTS - YIELD, MEASURED IN LB / ACRE","TOTAL","NOT SPECIFIED","860",""
"SURVEY","1960","YEAR","","COUNTY","FLORIDA","12","CENTRAL","50","LEVY","075","","","00000000","","PEANUTS","PEANUTS - ACRES HARVESTED","TOTAL","NOT SPECIFIED","2,400",""
"SURVEY","1960","YEAR","","COUNTY","FLORIDA","12","CENTRAL","50","LEVY","075","","","00000000","","PEANUTS","PEANUTS - PRODUCTION, MEASURED IN LB","TOTAL","NOT SPECIFIED","2,527,700",""
"SURVEY","1960","YEAR","","COUNTY","FLORIDA","12","CENTRAL","50","LEVY","075","","","00000000","","PEANUTS","PEANUTS - YIELD, MEASURED IN LB / ACRE","TOTAL","NOT SPECIFIED","1,055",""
"SURVEY","1960","YEAR","","COUNTY","FLORIDA","12","CENTRAL","50","MARION","083","","","00000000","","PEANUTS","PEANUTS - ACRES HARVESTED","TOTAL","NOT SPECIFIED","2,500",""
"SURVEY","1960","YEAR","","COUNTY","FLORIDA","12","CENTRAL","50","MARION","083","","","00000000","","PEANUTS","PEANUTS - PRODUCTION, MEASURED IN LB","TOTAL","NOT SPECIFIED","2,559,900",""
"SURVEY","1960","YEAR","","COUNTY","FLORIDA","12","CENTRAL","50","MARION","083","","","00000000","","PEANUTS","PEANUTS - YIELD, MEASURED IN LB / ACRE","TOTAL","NOT SPECIFIED","1,025",""
"SURVEY","1960","YEAR","","COUNTY","FLORIDA","12","NORTHEAST","30","COLUMBIA","023","","","00000000","","PEANUTS","PEANUTS - ACRES HARVESTED","TOTAL","NOT SPECIFIED","500",""
"SURVEY","1960","YEAR","","COUNTY","FLORIDA","12","NORTHEAST","30","COLUMBIA","023","","","00000000","","PEANUTS","PEANUTS - PRODUCTION, MEASURED IN LB","TOTAL","NOT SPECIFIED","443,700",""
"SURVEY","1960","YEAR","","COUNTY","FLORIDA","12","NORTHEAST","30","COLUMBIA","023","","","00000000","","PEANUTS","PEANUTS - YIELD, MEASURED IN LB / ACRE","TOTAL","NOT SPECIFIED","885",""
"SURVEY","1960","YEAR","","COUNTY","FLORIDA","12","NORTHEAST","30","DIXIE","029","","","00000000","","PEANUTS","PEANUTS - ACRES HARVESTED","TOTAL","NOT SPECIFIED","20",""
"SURVEY","1960","YEAR","","COUNTY","FLORIDA","12","NORTHEAST","30","DIXIE","029","","","00000000","","PEANUTS","PEANUTS - PRODUCTION, MEASURED IN LB","TOTAL","NOT SPECIFIED","25,400",""
"SURVEY","1960","YEAR","","COUNTY","FLORIDA","12","NORTHEAST","30","DIXIE","029","","","00000000","","PEANUTS","PEANUTS - YIELD, MEASURED IN LB / ACRE","TOTAL","NOT SPECIFIED","1,270",""
"SURVEY","1960","YEAR","","COUNTY","FLORIDA","12","NORTHEAST","30","HAMILTON","047","","","00000000","","PEANUTS","PEANUTS - ACRES HARVESTED","TOTAL","NOT SPECIFIED","120",""
"SURVEY","1960","YEAR","","COUNTY","FLORIDA","12","NORTHEAST","30","HAMILTON","047","","","00000000","","PEANUTS","PEANUTS - PRODUCTION, MEASURED IN LB","TOTAL","NOT SPECIFIED","105,300",""
"SURVEY","1960","YEAR","","COUNTY","FLORIDA","12","NORTHEAST","30","HAMILTON","047","","","00000000","","PEANUTS","PEANUTS - YIELD, MEASURED IN LB / ACRE","TOTAL","NOT SPECIFIED","880",""
"SURVEY","1960","YEAR","","COUNTY","FLORIDA","12","NORTHEAST","30","LAFAYETTE","067","","","00000000","","PEANUTS","PEANUTS - ACRES HARVESTED","TOTAL","NOT SPECIFIED","70",""
"SURVEY","1960","YEAR","","COUNTY","FLORIDA","12","NORTHEAST","30","LAFAYETTE","067","","","00000000","","PEANUTS","PEANUTS - PRODUCTION, MEASURED IN LB","TOTAL","NOT SPECIFIED","63,600",""
"SURVEY","1960","YEAR","","COUNTY","FLORIDA","12","NORTHEAST","30","LAFAYETTE","067","","","00000000","","PEANUTS","PEANUTS - YIELD, MEASURED IN LB / ACRE","TOTAL","NOT SPECIFIED","910",""
"SURVEY","1960","YEAR","","COUNTY","FLORIDA","12","NORTHEAST","30","MADISON","079","","","00000000","","PEANUTS","PEANUTS - ACRES HARVESTED","TOTAL","NOT SPECIFIED","200",""
"SURVEY","1960","YEAR","","COUNTY","FLORIDA","12","NORTHEAST","30","MADISON","079","","","00000000","","PEANUTS","PEANUTS - PRODUCTION, MEASURED IN LB","TOTAL","NOT SPECIFIED","126,800",""
"SURVEY","1960","YEAR","","COUNTY","FLORIDA","12","NORTHEAST","30","MADISON","079","","","00000000","","PEANUTS","PEANUTS - YIELD, MEASURED IN LB / ACRE","TOTAL","NOT SPECIFIED","635",""
"SURVEY","1960","YEAR","","COUNTY","FLORIDA","12","NORTHEAST","30","SUWANNEE","121","","","00000000","","PEANUTS","PEANUTS - ACRES HARVESTED","TOTAL","NOT SPECIFIED","1,300",""
"SURVEY","1960","YEAR","","COUNTY","FLORIDA","12","NORTHEAST","30","SUWANNEE","121","","","00000000","","PEANUTS","PEANUTS - PRODUCTION, MEASURED IN LB","TOTAL","NOT SPECIFIED","1,686,100",""
"SURVEY","1960","YEAR","","COUNTY","FLORIDA","12","NORTHEAST","30","SUWANNEE","121","","","00000000","","PEANUTS","PEANUTS - YIELD, MEASURED IN LB / ACRE","TOTAL","NOT SPECIFIED","1,295",""
"SURVEY","1960","YEAR","","COUNTY","FLORIDA","12","NORTHWEST","10","CALHOUN","013","","","00000000","","PEANUTS","PEANUTS - ACRES HARVESTED","TOTAL","NOT SPECIFIED","1,700",""
"SURVEY","1960","YEAR","","COUNTY","FLORIDA","12","NORTHWEST","10","CALHOUN","013","","","00000000","","PEANUTS","PEANUTS - PRODUCTION, MEASURED IN LB","TOTAL","NOT SPECIFIED","2,420,500",""
"SURVEY","1960","YEAR","","COUNTY","FLORIDA","12","NORTHWEST","10","CALHOUN","013","","","00000000","","PEANUTS","PEANUTS - YIELD, MEASURED IN LB / ACRE","TOTAL","NOT SPECIFIED","1,425",""
"SURVEY","1960","YEAR","","COUNTY","FLORIDA","12","NORTHWEST","10","ESCAMBIA","033","","","00000000","","PEANUTS","PEANUTS - ACRES HARVESTED","TOTAL","NOT SPECIFIED","80",""
"SURVEY","1960","YEAR","","COUNTY","FLORIDA","12","NORTHWEST","10","ESCAMBIA","033","","","00000000","","PEANUTS","PEANUTS - PRODUCTION, MEASURED IN LB","TOTAL","NOT SPECIFIED","70,200",""
"SURVEY","1960","YEAR","","COUNTY","FLORIDA","12","NORTHWEST","10","ESCAMBIA","033","","","00000000","","PEANUTS","PEANUTS - YIELD, MEASURED IN LB / ACRE","TOTAL","NOT SPECIFIED","880",""
"SURVEY","1960","YEAR","","COUNTY","FLORIDA","12","NORTHWEST","10","GADSDEN","039","","","00000000","","PEANUTS","PEANUTS - ACRES HARVESTED","TOTAL","NOT SPECIFIED","900",""
"SURVEY","1960","YEAR","","COUNTY","FLORIDA","12","NORTHWEST","10","GADSDEN","039","","","00000000","","PEANUTS","PEANUTS - PRODUCTION, MEASURED IN LB","TOTAL","NOT SPECIFIED","781,100",""
"SURVEY","1960","YEAR","","COUNTY","FLORIDA","12","NORTHWEST","10","GADSDEN","039","","","00000000","","PEANUTS","PEANUTS - YIELD, MEASURED IN LB / ACRE","TOTAL","NOT SPECIFIED","870",""
"SURVEY","1960","YEAR","","COUNTY","FLORIDA","12","NORTHWEST","10","HOLMES","059","","","00000000","","PEANUTS","PEANUTS - ACRES HARVESTED","TOTAL","NOT SPECIFIED","3,000",""
"SURVEY","1960","YEAR","","COUNTY","FLORIDA","12","NORTHWEST","10","HOLMES","059","","","00000000","","PEANUTS","PEANUTS - PRODUCTION, MEASURED IN LB","TOTAL","NOT SPECIFIED","3,598,500",""
"SURVEY","1960","YEAR","","COUNTY","FLORIDA","12","NORTHWEST","10","HOLMES","059","","","00000000","","PEANUTS","PEANUTS - YIELD, MEASURED IN LB / ACRE","TOTAL","NOT SPECIFIED","1,200",""
"SURVEY","1960","YEAR","","COUNTY","FLORIDA","12","NORTHWEST","10","JACKSON","063","","","00000000","","PEANUTS","PEANUTS - ACRES HARVESTED","TOTAL","NOT SPECIFIED","23,100",""
"SURVEY","1960","YEAR","","COUNTY","FLORIDA","12","NORTHWEST","10","JACKSON","063","","","00000000","","PEANUTS","PEANUTS - PRODUCTION, MEASURED IN LB","TOTAL","NOT SPECIFIED","27,491,100",""
"SURVEY","1960","YEAR","","COUNTY","FLORIDA","12","NORTHWEST","10","JACKSON","063","","","00000000","","PEANUTS","PEANUTS - YIELD, MEASURED IN LB / ACRE","TOTAL","NOT SPECIFIED","1,190",""
"SURVEY","1960","YEAR","","COUNTY","FLORIDA","12","NORTHWEST","10","JEFFERSON","065","","","00000000","","PEANUTS","PEANUTS - ACRES HARVESTED","TOTAL","NOT SPECIFIED","800",""
"SURVEY","1960","YEAR","","COUNTY","FLORIDA","12","NORTHWEST","10","JEFFERSON","065","","","00000000","","PEANUTS","PEANUTS - PRODUCTION, MEASURED IN LB","TOTAL","NOT SPECIFIED","546,100",""
"SURVEY","1960","YEAR","","COUNTY","FLORIDA","12","NORTHWEST","10","JEFFERSON","065","","","00000000","","PEANUTS","PEANUTS - YIELD, MEASURED IN LB / ACRE","TOTAL","NOT SPECIFIED","685",""
"SURVEY","1960","YEAR","","COUNTY","FLORIDA","12","NORTHWEST","10","LEON","073","","","00000000","","PEANUTS","PEANUTS - ACRES HARVESTED","TOTAL","NOT SPECIFIED","160",""
"SURVEY","1960","YEAR","","COUNTY","FLORIDA","12","NORTHWEST","10","LEON","073","","","00000000","","PEANUTS","PEANUTS - PRODUCTION, MEASURED IN LB","TOTAL","NOT SPECIFIED","78,000",""
"SURVEY","1960","YEAR","","COUNTY","FLORIDA","12","NORTHWEST","10","LEON","073","","","00000000","","PEANUTS","PEANUTS - YIELD, MEASURED IN LB / ACRE","TOTAL","NOT SPECIFIED","490",""
"SURVEY","1960","YEAR","","COUNTY","FLORIDA","12","NORTHWEST","10","OKALOOSA","091","","","00000000","","PEANUTS","PEANUTS - ACRES HARVESTED","TOTAL","NOT SPECIFIED","640",""
"SURVEY","1960","YEAR","","COUNTY","FLORIDA","12","NORTHWEST","10","OKALOOSA","091","","","00000000","","PEANUTS","PEANUTS - PRODUCTION, MEASURED IN LB","TOTAL","NOT SPECIFIED","717,800",""
"SURVEY","1960","YEAR","","COUNTY","FLORIDA","12","NORTHWEST","10","OKALOOSA","091","","","00000000","","PEANUTS","PEANUTS - YIELD, MEASURED IN LB / ACRE","TOTAL","NOT SPECIFIED","1,120",""
"SURVEY","1960","YEAR","","COUNTY","FLORIDA","12","NORTHWEST","10","SANTA ROSA","113","","","00000000","","PEANUTS","PEANUTS - ACRES HARVESTED","TOTAL","NOT SPECIFIED","5,300",""
"SURVEY","1960","YEAR","","COUNTY","FLORIDA","12","NORTHWEST","10","SANTA ROSA","113","","","00000000","","PEANUTS","PEANUTS - PRODUCTION, MEASURED IN LB","TOTAL","NOT SPECIFIED","7,029,300",""
"SURVEY","1960","YEAR","","COUNTY","FLORIDA","12","NORTHWEST","10","SANTA ROSA","113","","","00000000","","PEANUTS","PEANUTS - YIELD, MEASURED IN LB / ACRE","TOTAL","NOT SPECIFIED","1,325",""
"SURVEY","1960","YEAR","","COUNTY","FLORIDA","12","NORTHWEST","10","WAKULLA","129","","","00000000","","PEANUTS","PEANUTS - ACRES HARVESTED","TOTAL","NOT SPECIFIED","400",""
"SURVEY","1960","YEAR","","COUNTY","FLORIDA","12","NORTHWEST","10","WAKULLA","129","","","00000000","","PEANUTS","PEANUTS - PRODUCTION, MEASURED IN LB","TOTAL","NOT SPECIFIED","327,700",""
"SURVEY","1960","YEAR","","COUNTY","FLORIDA","12","NORTHWEST","10","WAKULLA","129","","","00000000","","PEANUTS","PEANUTS - YIELD, MEASURED IN LB / ACRE","TOTAL","NOT SPECIFIED","820",""
"SURVEY","1960","YEAR","","COUNTY","FLORIDA","12","NORTHWEST","10","WALTON","131","","","00000000","","PEANUTS","PEANUTS - ACRES HARVESTED","TOTAL","NOT SPECIFIED","1,100",""
"SURVEY","1960","YEAR","","COUNTY","FLORIDA","12","NORTHWEST","10","WALTON","131","","","00000000","","PEANUTS","PEANUTS - PRODUCTION, MEASURED IN LB","TOTAL","NOT SPECIFIED","1,308,700",""
"SURVEY","1960","YEAR","","COUNTY","FLORIDA","12","NORTHWEST","10","WALTON","131","","","00000000","","PEANUTS","PEANUTS - YIELD, MEASURED IN LB / ACRE","TOTAL","NOT SPECIFIED","1,190",""
"SURVEY","1960","YEAR","","COUNTY","FLORIDA","12","NORTHWEST","10","WASHINGTON","133","","","00000000","","PEANUTS","PEANUTS - ACRES HARVESTED","TOTAL","NOT SPECIFIED","800",""
"SURVEY","1960","YEAR","","COUNTY","FLORIDA","12","NORTHWEST","10","WASHINGTON","133","","","00000000","","PEANUTS","PEANUTS - PRODUCTION, MEASURED IN LB","TOTAL","NOT SPECIFIED","951,800",""
"SURVEY","1960","YEAR","","COUNTY","FLORIDA","12","NORTHWEST","10","WASHINGTON","133","","","00000000","","PEANUTS","PEANUTS - YIELD, MEASURED IN LB / ACRE","TOTAL","NOT SPECIFIED","1,190",""
